date,trail_rel_on_cash_etf_63
2011-12-01,
2011-12-02,
2011-12-05,
2011-12-06,
2011-12-07,
2011-12-08,
2011-12-09,
2011-12-12,
2011-12-13,
2011-12-14,
2011-12-15,
2011-12-16,
2011-12-19,
2011-12-20,
2011-12-21,
2011-12-22,
2011-12-23,
2011-12-26,
2011-12-27,
2011-12-28,
2011-12-29,
2011-12-30,
2012-01-02,
2012-01-03,
2012-01-04,
2012-01-05,
2012-01-06,
2012-01-09,
2012-01-10,
2012-01-11,
2012-01-12,
2012-01-13,
2012-01-16,
2012-01-17,
2012-01-18,
2012-01-30,
2012-01-31,
2012-02-01,
2012-02-02,
2012-02-03,
2012-02-04,
2012-02-06,
2012-02-07,
2012-02-08,
2012-02-09,
2012-02-10,
2012-02-13,
2012-02-14,
2012-02-15,
2012-02-16,
2012-02-17,
2012-02-20,
2012-02-21,
2012-02-22,
2012-02-23,
2012-02-24,
2012-02-29,
2012-03-01,
2012-03-02,
2012-03-03,
2012-03-05,
2012-03-06,
2012-03-07,0.010959427215150046
2012-03-08,0.011712713516781412
2012-03-09,0.013842803482718262
2012-03-12,0.012786535438270834
2012-03-13,0.017359886191336285
2012-03-14,0.017915077662401743
2012-03-15,0.01825074406501459
2012-03-16,0.01938042665944996
2012-03-19,0.01741169047656767
2012-03-20,0.017120487878454466
2012-03-21,0.017007274225170264
2012-03-22,0.021983829450751825
2012-03-23,0.021030426532912972
2012-03-26,0.021569225647723327
2012-03-27,0.02257188780239299
2012-03-28,0.016409951709866026
2012-03-29,0.014886347447777126
2012-03-30,0.013048877124517588
2012-04-02,0.012687060814874635
2012-04-03,0.011835110234486251
2012-04-05,0.011090401651840599
2012-04-06,0.01123478557164644
2012-04-09,0.009032848525796859
2012-04-10,0.011089868309898943
2012-04-11,0.009824492728592609
2012-04-12,0.009129457496636273
2012-04-13,0.010253399151353369
2012-04-16,0.010282167989729547
2012-04-17,0.008516447163222004
2012-04-18,0.006344498102213592
2012-04-19,0.006606903926497529
2012-04-20,0.004544292626682904
2012-04-23,0.0041473155151643465
2012-04-24,0.006485113037643563
2012-04-25,0.005722754910722872
2012-04-26,0.005337387730326141
2012-04-27,0.001380466475620336
2012-04-30,0.0006917266991695082
2012-05-02,0.0017159545068762098
2012-05-03,-0.00019744237721438731
2012-05-04,-0.0004345444489084661
2012-05-07,-0.003630949245409962
2012-05-08,-0.0025004781248760886
2012-05-09,-0.003273215865454989
2012-05-10,-0.0061704695042350275
2012-05-11,-0.006866255605887811
2012-05-14,-0.005679720326622962
2012-05-15,-0.0063018873851757974
2012-05-16,-0.007310398939833782
2012-05-17,-0.008623794051854204
2012-05-18,-0.008746332773743785
2012-05-21,-0.009546880089599643
2012-05-22,-0.008733347866149105
2012-05-23,-0.009630535162408497
2012-05-24,-0.010659517878002922
2012-05-25,-0.010624470146564355
2012-05-28,-0.010272506534667974
2012-05-29,-0.01141585020014031
2012-05-30,-0.012083764602059337
2012-05-31,-0.011290449849105582
2012-06-01,-0.012337639480964916
2012-06-04,-0.01272951581999352
2012-06-05,-0.011374823291011879
2012-06-06,-0.010492658240903953
2012-06-07,-0.01109946944096631
2012-06-08,-0.012581523375691543
2012-06-11,-0.009937655278701565
2012-06-12,-0.01222554797984241
2012-06-13,-0.01404168756977112
2012-06-14,-0.013363171353027944
2012-06-15,-0.01203491901615799
2012-06-18,-0.010743471369763401
2012-06-19,-0.010107172040404306
2012-06-20,-0.009484930326004096
2012-06-21,-0.011653123390848561
2012-06-22,-0.011968513365345542
2012-06-25,-0.010214854831561803
2012-06-26,-0.012173030080813642
2012-06-27,-0.012117323077169425
2012-06-28,-0.010215613259263269
2012-06-29,-0.009926852982495344
2012-07-02,-0.008980710209768704
2012-07-03,-0.007194428923735014
2012-07-04,-0.005482947099250472
2012-07-05,-0.005845732725770342
2012-07-06,-0.004556999259383264
2012-07-09,-0.0046136989880047495
2012-07-10,-0.005743957580025729
2012-07-11,-0.005698066069836937
2012-07-12,-0.008233625080373516
2012-07-13,-0.008035054842997583
2012-07-16,-0.00578784675167449
2012-07-17,-0.005633404330439752
2012-07-18,-0.006513326470711366
2012-07-19,-0.003563650395456713
2012-07-20,-0.003492712129927159
2012-07-23,-0.004728269286161441
2012-07-24,-0.005468999672234902
2012-07-25,-0.004994802193902514
2012-07-26,-0.00470359186507396
2012-07-27,-0.0032498350463723686
2012-07-30,-0.0047925020036813665
2012-07-31,-0.0034527028509441986
2012-08-01,-0.0034847758213896276
2012-08-03,-0.002153098167105706
2012-08-06,-0.0014127700527150982
2012-08-07,-0.0008360378387295787
2012-08-08,-0.0006672881137620362
2012-08-09,0.001392070394263468
2012-08-10,0.0012612099204353721
2012-08-13,0.0015237639285178724
2012-08-14,0.003368881962040179
2012-08-15,0.0021801080507189044
2012-08-16,0.0041064821665673405
2012-08-17,0.0033416883152196436
2012-08-20,0.002445336475068346
2012-08-21,0.004639085613147088
2012-08-22,0.004746961417160138
2012-08-23,0.005265265311594225
2012-08-24,0.004273956050053404
2012-08-27,0.0024740728071389537
2012-08-28,0.002479953065405888
2012-08-29,0.0026668126026167123
2012-08-30,0.004020114955881026
2012-08-31,0.006032762708822208
2012-09-03,0.005801015556741037
2012-09-04,0.005270973313091906
2012-09-05,0.004220729904888593
2012-09-06,0.004841492914235924
2012-09-07,0.004704682389507038
2012-09-10,0.0056833164389680085
2012-09-11,0.005497891009844155
2012-09-12,0.006393333604738461
2012-09-13,0.005779525054381507
2012-09-14,0.0065683334582741885
2012-09-17,0.007031874744141167
2012-09-18,0.006148645841320744
2012-09-19,0.006895585707711773
2012-09-20,0.0068332942941514985
2012-09-21,0.007636469942075916
2012-09-24,0.007980647126497535
2012-09-25,0.007054616648402852
2012-09-26,0.006204699321049752
2012-09-27,0.005794340350959207
2012-09-28,0.0054235354817474615
2012-10-01,0.004447992548115903
2012-10-02,0.004693415806601522
2012-10-03,0.004335529411662465
2012-10-04,0.0047715842898861174
2012-10-05,0.004923455613134022
2012-10-08,0.004702531855115148
2012-10-09,0.004052330616372261
2012-10-11,0.0033325055025317982
2012-10-12,0.0032881582871952747
2012-10-15,0.0034355321855191203
2012-10-16,0.003391138663910592
2012-10-17,0.004005300964727714
2012-10-18,0.00318764540421321
2012-10-19,0.002661723255220526
2012-10-22,0.003193178741872896
2012-10-23,0.003347048421535038
2012-10-24,0.0008413294586649883
2012-10-25,-1.9855853968998325e-05
2012-10-26,-0.0020929312620916124
2012-10-29,-0.0023356094129879227
2012-10-30,-0.0026147885379143765
2012-10-31,-0.002805339039388955
2012-11-01,-0.002543019574491679
2012-11-02,-0.002741582571027803
2012-11-05,-0.0031358338559285457
2012-11-06,-0.0026257190223573762
2012-11-07,-0.0034354360141084133
2012-11-08,-0.004050431170133299
2012-11-09,-0.0037214035076048235
2012-11-12,-0.004381615394267509
2012-11-13,-0.005551877058963807
2012-11-14,-0.005575775348252282
2012-11-15,-0.005507862119565007
2012-11-16,-0.005415371365711338
2012-11-19,-0.005667016417318031
2012-11-20,-0.005437554416021734
2012-11-21,-0.005998944626014587
2012-11-22,-0.005359085283644978
2012-11-23,-0.0030109030778738342
2012-11-26,-0.001297223412269735
2012-11-27,-0.0012415584511367773
2012-11-28,-0.0009652431992023448
2012-11-29,6.487907864885854e-05
2012-11-30,0.0005795228018043442
2012-12-03,0.0005847109776603587
2012-12-04,0.00137416881871848
2012-12-05,0.0023920983768256025
2012-12-06,0.0009544288171761861
2012-12-07,0.001181248277450867
2012-12-10,0.0007485831114198069
2012-12-11,-0.0003499965152335258
2012-12-12,0.0006449240658181346
2012-12-13,0.00040481166553127027
2012-12-14,-0.0009446438738036885
2012-12-17,-0.0024244905456648085
2012-12-18,-0.002695181645571144
2012-12-19,-0.001576842806597612
2012-12-20,-0.003569598922414485
2012-12-21,-0.004291659737945706
2012-12-22,-0.0035404208347850495
2012-12-24,-0.003423102587143643
2012-12-25,-0.0015206599092853926
2012-12-26,-0.0018640954257500082
2012-12-27,-0.0017074900257021206
2012-12-28,-0.0013026285344042324
2013-01-02,0.0006587323358372887
2013-01-03,0.0016730234322310052
2013-01-04,0.0007226458749093125
2013-01-07,0.0009554628521685391
2013-01-08,0.0005651127309084489
2013-01-09,0.0028179057843685435
2013-01-10,0.004031637088929899
2013-01-11,0.003760814588428255
2013-01-14,0.003516447221241441
2013-01-15,0.0024295730499139133
2013-01-16,0.0013176461286489149
2013-01-17,0.0009012284146329234
2013-01-18,0.003050873489887741
2013-01-21,0.002926358260821685
2013-01-22,0.006121486107672328
2013-01-23,0.0067674174601808565
2013-01-24,0.006936713762790366
2013-01-25,0.006292725798205283
2013-01-28,0.006215547670681135
2013-01-29,0.008174149105363992
2013-01-30,0.008500036788204613
2013-01-31,0.007953011995106923
2013-02-01,0.00878953430521659
2013-02-04,0.00908893230661197
2013-02-05,0.008173677390997565
2013-02-06,0.00983442858349595
2013-02-18,0.009724294737180382
2013-02-19,0.010185696793738175
2013-02-20,0.012733215460487236
2013-02-21,0.011592327767948914
2013-02-22,0.01136577140539111
2013-02-23,0.012202402152069292
2013-02-25,0.011419883724331045
2013-02-26,0.009793009977720347
2013-02-27,0.01067450219087669
2013-03-01,0.010777057818246442
2013-03-04,0.006680427329007348
2013-03-05,0.006976651145539527
2013-03-06,0.007265715705634646
2013-03-07,0.00706393411685692
2013-03-08,0.00673428523094644
2013-03-11,0.005929953204989919
2013-03-12,0.00521205256262002
2013-03-13,0.005580310524142855
2013-03-14,0.004703971746126296
2013-03-15,0.004111150074221544
2013-03-18,0.001654687791228094
2013-03-19,0.0023990609450955827
2013-03-20,0.0016633121240176526
2013-03-21,0.0006627470590378241
2013-03-22,-0.001191245458858203
2013-03-25,0.0010225965074898062
2013-03-26,0.002757261144602574
2013-03-27,0.003001033715835823
2013-03-28,0.0022565901403084634
2013-03-29,0.005239902768643176
2013-04-01,0.005630304124664613
2013-04-02,0.0048805696358008984
2013-04-03,0.0058847823908939455
2013-04-08,0.0007784317280843851
2013-04-09,0.0006550981127054991
2013-04-10,0.0010299999342056878
2013-04-11,0.0015222996381313906
2013-04-12,2.8465798673926347e-05
2013-04-15,-0.002186136383894482
2013-04-16,-0.0010844057954410404
2013-04-17,-0.0007182024663633591
2013-04-18,2.180420087181503e-05
2013-04-19,0.0035028882479909472
2013-04-22,0.002388982290580807
2013-04-23,0.0017850279393193326
2013-04-24,0.0027575555407098533
2013-04-25,0.004233382123507449
2013-04-26,0.005464993514694035
2013-04-29,0.006348474108477452
2013-04-30,0.006154360308638093
2013-05-02,0.006637745329732122
2013-05-03,0.006500997436081019
2013-05-06,0.007220741834437218
2013-05-07,0.008445357613153315
2013-05-08,0.010723748201969313
2013-05-09,0.01091008083958154
2013-05-10,0.008327578720369636
2013-05-13,0.007730018397153982
2013-05-14,0.008080612350963858
2013-05-15,0.0077028007796454785
2013-05-16,0.008463710323044795
2013-05-17,0.008262679845138322
2013-05-20,0.007050428753250054
2013-05-21,0.006563705098453714
2013-05-22,0.0063268622389388305
2013-05-23,0.0023487140719296576
2013-05-24,0.00295325666765469
2013-05-27,0.004617943316080999
2013-05-28,0.003422182500941283
2013-05-29,0.004839253457278132
2013-05-30,0.004654563710339422
2013-05-31,0.004410400313505774
2013-06-03,0.003332901487289142
2013-06-04,0.0046747659428102535
2013-06-05,0.0035699320531694134
2013-06-06,0.0013000600139339452
2013-06-07,0.0017809393003231986
2013-06-10,0.001889297618830521
2013-06-11,0.0012926721012996546
2013-06-13,-0.0010826749918619151
2013-06-14,-0.0018098997835861135
2013-06-17,-0.0008357271075200394
2013-06-18,0.0007352719494199179
2013-06-19,0.0021956048391081843
2013-06-20,-0.0005988264013869216
2013-06-21,-0.0013452600649531607
2013-06-24,-0.0019675832450848575
2013-06-25,-0.0024116434404568947
2013-06-26,-0.001965960591654817
2013-06-27,-0.000651928106664367
2013-06-28,0.0004796126768714819
2013-07-01,0.001835115586266634
2013-07-02,0.0002882498659542853
2013-07-03,-0.000743126412850531
2013-07-04,-0.00017972936413767138
2013-07-05,0.0016304255390170795
2013-07-08,0.002396771047145593
2013-07-09,0.004059968737294301
2013-07-10,0.0041038956681244505
2013-07-11,0.005467375544464108
2013-07-12,0.00575417933767572
2013-07-15,0.007157258093507624
2013-07-16,0.006907038354057234
2013-07-17,0.007347381240039695
2013-07-18,0.006711547787750746
2013-07-19,0.00033747082265960714
2013-07-22,0.000847305486859558
2013-07-23,0.0033199852581193767
2013-07-24,0.001937011901118494
2013-07-25,0.0018869706230164433
2013-07-26,0.0012138186565532952
2013-07-29,0.0005682102373140706
2013-07-30,-5.205648905626054e-06
2013-07-31,-0.0010295592155254172
2013-08-01,-0.0020338589901656564
2013-08-02,-0.0019477727363726271
2013-08-05,-0.002129611580580871
2013-08-06,-0.005410866968511783
2013-08-07,-0.007763208953695864
2013-08-08,-0.007469692696756788
2013-08-09,-0.0072235207549948294
2013-08-12,-0.0072735783395881295
2013-08-13,-0.006308696676890222
2013-08-14,-0.008319657963962324
2013-08-15,-0.008419705016721912
2013-08-16,-0.007701856052421662
2013-08-19,-0.007994893304281107
2013-08-20,-0.008631165578728754
2013-08-22,-0.0064562885789263245
2013-08-23,-0.005035281830492035
2013-08-26,-0.005828545629576604
2013-08-27,-0.006116087408421719
2013-08-28,-0.007052143111967307
2013-08-29,-0.004299262180827165
2013-08-30,-0.003775996132202671
2013-09-02,-0.002437187159195919
2013-09-03,-0.0016201471398702735
2013-09-04,-0.0017853109997657522
2013-09-05,0.00045097844098458673
2013-09-06,0.0002562471663350257
2013-09-09,-0.0004896796787484286
2013-09-10,0.00011160310190831591
2013-09-11,0.003577162474668478
2013-09-12,0.004148034044315796
2013-09-13,0.002554530369009707
2013-09-14,0.0019461715079652985
2013-09-16,0.003339886757391412
2013-09-17,0.005816565619119373
2013-09-18,0.0071063713046548415
2013-09-23,0.008348341098536672
2013-09-24,0.009263942684318368
2013-09-25,0.007350368057389986
2013-09-26,0.0049986270687547045
2013-09-27,0.0037744964555991166
2013-09-30,0.0023160538355265752
2013-10-01,0.0025121804553475003
2013-10-02,0.004167860870214186
2013-10-03,0.006222864234087466
2013-10-04,0.0038526280674524285
2013-10-07,0.004886693443130226
2013-10-08,0.004433517104490675
2013-10-09,0.003862133767733934
2013-10-11,0.0015914120792504863
2013-10-14,0.0004786154023434115
2013-10-15,0.0011192533270920641
2013-10-16,0.000660187222512277
2013-10-17,0.0010238127869188973
2013-10-18,0.002698480880059938
2013-10-21,0.004996291163324584
2013-10-22,0.004605677698105319
2013-10-23,0.0023100673275167536
2013-10-24,0.0004891890183124565
2013-10-25,-0.0005413036733882628
2013-10-28,0.00040086936858425685
2013-10-29,0.0016334949694150214
2013-10-30,0.0010454146471144236
2013-10-31,0.001715052804958592
2013-11-01,0.0019283307682609735
2013-11-04,0.0007837712060241173
2013-11-05,-0.0005344494613690515
2013-11-06,0.0010018060935404582
2013-11-07,0.002278384468154393
2013-11-08,0.0022944259584396125
2013-11-11,0.0021079221602912602
2013-11-12,0.002191785538816219
2013-11-13,-0.0003230708380389908
2013-11-14,0.00025933215849613584
2013-11-15,0.0015259015582345873
2013-11-18,0.0016048526606902054
2013-11-19,0.0025672777050825472
2013-11-20,0.0026626063861089474
2013-11-21,0.0014445289636681562
2013-11-22,0.0004636699833203096
2013-11-25,0.001533954523255888
2013-11-26,0.0031522666967239007
2013-11-27,0.0034920513165827465
2013-11-28,0.0030082338467531727
2013-11-29,0.0028565312526062994
2013-12-02,0.0019129982393306917
2013-12-03,0.0014231233735784896
2013-12-04,0.0014953643130600593
2013-12-05,0.0002604929792483027
2013-12-06,0.00018974034254421463
2013-12-09,0.0007995930354984034
2013-12-10,0.0008330380573830173
2013-12-11,0.0006806508013384613
2013-12-12,-0.00023606052908897357
2013-12-13,0.0004035906358161799
2013-12-16,-0.00043869540773496023
2013-12-17,-0.001020930980742628
2013-12-18,-0.0013147639459730285
2013-12-19,-0.00033230838784111585
2013-12-20,-0.0008774298579549911
2013-12-23,-0.00022347192372408948
2013-12-24,0.0001459827727487046
2013-12-25,0.0012611390515165084
2013-12-26,0.0009797246492809473
2013-12-27,0.0022836193542413136
2013-12-30,0.0032059727551229105
2013-12-31,0.002646400782713772
2014-01-02,0.00012600796016822642
2014-01-03,-0.0009739192387874412
2014-01-06,-0.0002424368609356908
2014-01-07,-0.0010754884386902806
2014-01-08,-0.0006140545732176175
2014-01-09,-0.0015380834770411232
2014-01-10,-0.0007125709013492147
2014-01-13,-0.0009845656622462927
2014-01-14,-0.0007114784677957582
2014-01-15,-0.000150957552881698
2014-01-16,-0.0007909940687360304
2014-01-17,-0.0005170651293895787
2014-01-20,-0.0002427789676049126
2014-01-21,-0.00015336500508763957
2014-01-22,0.002136519028749748
2014-01-23,0.002702792624414508
2014-01-24,0.002225321901480021
2014-01-27,-0.00016639941696367864
2014-02-05,-0.0037966560106635116
2014-02-06,-0.0034135234491590276
2014-02-07,-0.001712776877115046
2014-02-10,-0.0012476401689796262
2014-02-11,0.00044455924912692826
2014-02-12,0.0015755415796490833
2014-02-13,0.001579241317241795
2014-02-14,0.002988968465529845
2014-02-17,0.0032750254693692305
2014-02-18,0.0032641408846034274
2014-02-19,0.004695182972551548
2014-02-20,0.0034785178576588792
2014-02-21,0.004023957298465272
2014-02-24,0.002893679703870381
2014-02-25,0.0026912471084148213
2014-02-26,0.0038175135946807762
2014-02-27,0.005544437397697237
2014-03-03,0.004799470033657442
2014-03-04,0.002880148572855538
2014-03-05,0.0031380429894475323
2014-03-06,0.004137299455611539
2014-03-07,0.003931231372666753
2014-03-10,0.0029212072864094026
2014-03-11,0.0036550683926325953
2014-03-12,0.002563439547812963
2014-03-13,0.004395209777996325
2014-03-14,0.003969272580803545
2014-03-17,0.003692840857396864
2014-03-18,0.003389232703485579
2014-03-19,0.0028373708248301075
2014-03-20,0.0013823222121673074
2014-03-21,0.002218843477527471
2014-03-24,0.002588295688721827
2014-03-25,0.004351033133070012
2014-03-26,0.0047846612703306285
2014-03-27,0.0053424395213992875
2014-03-28,0.004860761197894726
2014-03-31,0.005032730221065715
2014-04-01,0.0051789500357515015
2014-04-02,0.005628176986841063
2014-04-03,0.005268652999073015
2014-04-07,0.0050018763179216705
2014-04-08,0.004698020037317216
2014-04-09,0.004128592069975029
2014-04-10,0.004665188968160258
2014-04-11,0.00485264034835162
2014-04-14,0.005966822569556761
2014-04-15,0.006777356922686671
2014-04-16,0.0066893140614437555
2014-04-17,0.006237868886820537
2014-04-18,0.007411682856670643
2014-04-21,0.007411682856670643
2014-04-22,0.007105722807709819
2014-04-23,0.007117361549428682
2014-04-24,0.006171919897558524
2014-04-25,0.0040593795338506105
2014-04-28,0.004851425622918784
2014-04-29,0.004751729369435339
2014-04-30,0.004594978934064914
2014-05-02,0.004940945408245178
2014-05-05,0.0050408489199242675
2014-05-06,0.0053809816775391515
2014-05-07,0.00705262097254366
2014-05-08,0.011235420023680425
2014-05-09,0.010145182948448676
2014-05-12,0.008456641419709034
2014-05-13,0.00898751033356336
2014-05-14,0.008934705405323689
2014-05-15,0.00770792292991317
2014-05-16,0.008164986673833512
2014-05-19,0.007129507451903047
2014-05-20,0.007566315766291283
2014-05-21,0.006671235057516605
2014-05-22,0.008156908571511839
2014-05-23,0.009260746679013639
2014-05-26,0.008745848509471589
2014-05-27,0.0093899784449181
2014-05-28,0.00995194182993294
2014-05-29,0.008976115042843447
2014-05-30,0.008649146736387312
2014-06-03,0.009385128992079888
2014-06-04,0.010281567726068096
2014-06-05,0.009155566590161422
2014-06-06,0.007835072856948976
2014-06-09,0.007803441326406344
2014-06-10,0.0091194397254635
2014-06-11,0.008485345689277866
2014-06-12,0.009235869255987754
2014-06-13,0.00723590413430431
2014-06-16,0.008407100257729625
2014-06-17,0.009352198556814321
2014-06-18,0.008962962498183945
2014-06-19,0.009991957025450323
2014-06-20,0.011031471979760156
2014-06-23,0.010947699730244096
2014-06-24,0.010837246423176836
2014-06-25,0.009662572700709986
2014-06-26,0.009828071706209078
2014-06-27,0.009646603590888423
2014-06-30,0.010459965964181087
2014-07-01,0.011084144162771863
2014-07-02,0.011078181981135563
2014-07-03,0.011690017252654105
2014-07-04,0.0119579065721243
2014-07-07,0.012066096497448834
2014-07-08,0.011768729393566737
2014-07-09,0.011571922193344042
2014-07-10,0.012015762303665212
2014-07-11,0.0120250437728471
2014-07-14,0.012838737826954499
2014-07-15,0.012700245718141552
2014-07-16,0.011843140939163796
2014-07-17,0.010758327841094883
2014-07-18,0.010049384692699769
2014-07-21,0.010049384692699769
2014-07-22,0.010660378687351368
2014-07-24,0.011313844420990482
2014-07-25,0.009948202253795835
2014-07-28,0.011553554460298645
2014-07-29,0.01049070109252246
2014-07-30,0.010956602633149857
2014-07-31,0.009816107973560716
2014-08-01,0.00847228005158787
2014-08-04,0.009220614968555458
2014-08-05,0.006407948203361977
2014-08-06,0.007416136967673674
2014-08-07,0.006624516676961789
2014-08-08,0.007323544631270818
2014-08-11,0.008427613615308159
2014-08-12,0.007978908123032329
2014-08-13,0.008426179543670946
2014-08-14,0.009081151040462388
2014-08-15,0.008905836093938687
2014-08-18,0.008583162533645449
2014-08-19,0.00952033973918452
2014-08-20,0.010443833118105051
2014-08-21,0.008795580305689128
2014-08-22,0.009977657369994291
2014-08-25,0.00930225877716489
2014-08-26,0.009137510944592019
2014-08-27,0.009133887452946998
2014-08-28,0.00980054718140794
2014-08-29,0.010079038683418818
2014-09-01,0.010932820093718746
2014-09-02,0.008872484088014616
2014-09-03,0.009659781548104979
2014-09-04,0.009012514489547404
2014-09-05,0.00858677592194519
2014-09-09,0.008300567354756913
2014-09-10,0.007447353862820933
2014-09-11,0.007306421316132322
2014-09-12,0.006532424768471168
2014-09-15,0.006447856847613514
2014-09-16,0.004811879476048798
2014-09-17,0.005362633402115781
2014-09-18,0.004849406846788634
2014-09-19,0.005419977740491209
2014-09-22,0.003837314347946227
2014-09-23,0.0034295722313427393
2014-09-24,0.0032758144659246775
2014-09-25,0.001142104097904656
2014-09-26,0.000571999895679502
2014-09-29,-0.000739766194606151
2014-09-30,-0.0018780873551510265
2014-10-01,-0.00243469244719794
2014-10-02,-0.0033909146939281347
2014-10-03,-0.00143175399910079
2014-10-06,-0.0013537938370397043
2014-10-07,-0.002475558126363864
2014-10-08,-0.0031192325613691885
2014-10-09,-0.0036323421263358842
2014-10-13,-0.004921002157475535
2014-10-14,-0.005255782367451956
2014-10-15,-0.0058793962066171195
2014-10-16,-0.0050029896404817755
2014-10-17,-0.004017039028966377
2014-10-20,-0.003349824296358149
2014-10-21,-0.003506962509077184
2014-10-22,-0.003930848368775769
2014-10-23,-0.004530869175028431
2014-10-24,-0.004398602537353239
2014-10-27,-0.004054427163190625
2014-10-28,-0.0033871586982814296
2014-10-29,-0.0036793726949000175
2014-10-30,-0.0020474192733180682
2014-10-31,-0.0009830239126505508
2014-11-03,-0.0013932863668813507
2014-11-04,0.0008093428664907127
2014-11-05,-8.295565937793175e-06
2014-11-06,-0.00021562712498576385
2014-11-07,-0.00016348656628108692
2014-11-10,-8.089529733474326e-05
2014-11-11,-0.00029785097294869926
2014-11-12,-0.001997539935493664
2014-11-13,-0.0021108405200859852
2014-11-14,-0.0020767133433022317
2014-11-17,-0.002154214835949723
2014-11-18,-0.0036459858217623015
2014-11-19,-0.0035410299347800886
2014-11-20,-0.0028416555183738194
2014-11-21,-0.004133127343222516
2014-11-24,-0.003839278668240711
2014-11-25,-0.0037078005358965843
2014-11-26,-0.0047197059453504085
2014-11-27,-0.004178124036960972
2014-11-28,-0.003946953472715851
2014-12-01,-0.005614859799403566
2014-12-02,-0.004941781013390801
2014-12-03,-0.004723175274056075
2014-12-04,-0.004053350180836088
2014-12-05,-0.004336508068314127
2014-12-08,-0.005291495984098564
2014-12-09,-0.0045376291616589836
2014-12-10,-0.004987801969744343
2014-12-11,-0.004012426601153516
2014-12-12,-0.003972146317271922
2014-12-15,-0.003264913357765955
2014-12-16,-0.004504128041352319
2014-12-17,-0.005554490453603635
2014-12-18,-0.0056664824238341965
2014-12-19,-0.0027784697193271686
2014-12-22,-0.0018690637264710617
2014-12-23,-0.0016336271495652676
2014-12-24,-0.00025139873468437313
2014-12-25,0.00031823631287792215
2014-12-26,0.000769448795164425
2014-12-27,0.0010572902960171674
2014-12-29,0.0012862681779356566
2014-12-30,0.0009635764322952246
2014-12-31,-0.001000283828386641
2015-01-05,-0.0011973504445534344
2015-01-06,-0.001516399238820851
2015-01-07,-0.0009551197409388689
2015-01-08,0.00015744481825633283
2015-01-09,0.0012138984029934608
2015-01-12,0.0005574272271020123
2015-01-13,0.0009776018107363145
2015-01-14,0.0007107373583222418
2015-01-15,0.0012396855238401931
2015-01-16,0.00029471321725028227
2015-01-19,0.001142228271727839
2015-01-20,0.0011524312216701982
2015-01-21,0.0018174350396692233
2015-01-22,0.003236465895711284
2015-01-23,0.004292465621958275
2015-01-26,0.003699831938827787
2015-01-27,0.003824419756273489
2015-01-28,0.003929294301554705
2015-01-29,0.00278657897922954
2015-01-30,0.002316139067686504
2015-02-02,0.0024478686543445583
2015-02-03,0.0031754968871895426
2015-02-04,0.004352050031790574
2015-02-05,0.003916103431205518
2015-02-06,0.002810721597286011
2015-02-09,0.0026246555696744158
2015-02-10,0.0029500942291952994
2015-02-11,0.0034732707380006446
2015-02-12,0.0034389537617699572
2015-02-13,0.004416367570356456
2015-02-24,0.005573058747519167
2015-02-25,0.005764426108252711
2015-02-26,0.004483524385943933
2015-03-02,0.003993713440675412
2015-03-03,0.003705931749914572
2015-03-04,0.0037261521455287136
2015-03-05,0.0033551877234310546
2015-03-06,0.002802908660017533
2015-03-09,0.0017629335805256655
2015-03-10,0.002285476754948899
2015-03-11,0.0033773131942307997
2015-03-12,0.003275406105299098
2015-03-13,0.002691348568262794
2015-03-16,0.0021551217012735
2015-03-17,0.003103668428338157
2015-03-18,0.004402012486965079
2015-03-19,0.0063646191429715905
2015-03-20,0.006257981871992335
2015-03-23,0.006512265774355066
2015-03-24,0.006307143820770978
2015-03-25,0.006386868013382955
2015-03-26,0.005950133581058805
2015-03-27,0.004850650753842563
2015-03-30,0.003678852006523438
2015-03-31,0.003382414509487584
2015-04-01,0.002947624051692707
2015-04-02,0.00381445930818932
2015-04-07,0.0039638189876032804
2015-04-08,0.002944667797485787
2015-04-09,0.0029711088672853894
2015-04-10,0.0032373910841514207
2015-04-13,0.003858816576210283
2015-04-14,0.00333865412137376
2015-04-15,0.002348034503601003
2015-04-16,0.005144212444120612
2015-04-17,0.004099708470311384
2015-04-20,0.0025562427324444153
2015-04-21,0.002874065725884544
2015-04-22,0.004292600688630649
2015-04-23,0.006866701226267293
2015-04-24,0.008208241942243101
2015-04-27,0.008817265476874253
2015-04-28,0.008879134264676063
2015-04-29,0.007035190597421128
2015-04-30,0.0059861288926853756
2015-05-04,0.005667326298470524
2015-05-05,0.004713450261977124
2015-05-06,0.003694685693529959
2015-05-07,0.002457326610225695
2015-05-08,0.002062827491494032
2015-05-11,0.002577272087398827
2015-05-12,0.0032371847666796696
2015-05-13,0.0041386712794309185
2015-05-14,0.0025205118864677447
2015-05-15,0.0017232816126341883
2015-05-18,0.0011269012244508499
2015-05-19,0.0030573767925148507
2015-05-20,0.0027787418469222853
2015-05-21,0.002148686480653421
2015-05-22,0.0032847169842672155
2015-05-25,0.002311563123880413
2015-05-26,0.0027513773894270836
2015-05-27,0.0023928589202722467
2015-05-28,0.0018831126316706792
2015-05-29,0.0006113500623708787
2015-06-01,0.0004687965860491999
2015-06-02,0.0007636799199860072
2015-06-03,0.00024993660710654285
2015-06-04,-0.0018201692328336367
2015-06-05,-0.0016769064442201374
2015-06-08,-0.0011464061200757208
2015-06-09,-0.0007284959352928835
2015-06-10,-0.000163885534255775
2015-06-11,-8.793676400610936e-05
2015-06-12,-0.0010418902045445885
2015-06-15,-0.0009141363628186817
2015-06-16,-0.0006036112619134977
2015-06-17,-0.0006376337947525526
2015-06-18,-0.001870276292722384
2015-06-22,-0.0019025419858152044
2015-06-23,-0.0015331508512254968
2015-06-24,-0.0017144606243173002
2015-06-25,-0.00045991771743316003
2015-06-26,-9.324793322327268e-05
2015-06-29,-0.0006591457520411115
2015-06-30,0.0009862829870225008
2015-07-01,0.0016380753460379968
2015-07-02,0.0013172650198428441
2015-07-03,0.0019174608639756497
2015-07-06,-0.0002494208824019463
2015-07-07,-0.000146442681872639
2015-07-08,-0.0005716006625294038
2015-07-09,-0.000979702686964846
2015-07-13,-0.0013145658244456166
2015-07-14,-0.0016110307905035817
2015-07-15,-0.0010214433104956727
2015-07-16,0.00041143216743332544
2015-07-17,-0.0012160218264741438
2015-07-20,-0.0004906611795425477
2015-07-21,-2.8294901408763808e-05
2015-07-22,-0.000433407621206752
2015-07-23,-0.0017949250547571382
2015-07-24,-0.0047232331322336115
2015-07-27,-0.006192848780578776
2015-07-28,-0.006950417801854789
2015-07-29,-0.006960727566779934
2015-07-30,-0.005280733899987377
2015-07-31,-0.004950438823408115
2015-08-03,-0.005609280732155561
2015-08-04,-0.005009530431853514
2015-08-05,-0.004954627197665905
2015-08-06,-0.003986901649071357
2015-08-07,-0.004172797306780946
2015-08-10,-0.004740404712897594
2015-08-11,-0.004522459366219394
2015-08-12,-0.005520588906530165
2015-08-13,-0.0040335554437019245
2015-08-14,-0.003982772389915435
2015-08-17,-0.004504884152463863
2015-08-18,-0.006176908423008224
2015-08-19,-0.005826359243289965
2015-08-20,-0.004960889145683764
2015-08-21,-0.006402773115341637
2015-08-24,-0.00734056845446071
2015-08-25,-0.006717304961582107
2015-08-26,-0.006792106735595547
2015-08-27,-0.007377821716537163
2015-08-28,-0.006134655163804717
2015-08-31,-0.0050690920414847625
2015-09-01,-0.005138709531542492
2015-09-02,-0.004342197748513841
2015-09-03,-0.0023314068718716043
2015-09-04,-0.002420979931596016
2015-09-07,-0.0031385844745034325
2015-09-08,-0.0024411049817559334
2015-09-09,-0.0017053378168109716
2015-09-10,-0.0021981125931408883
2015-09-11,-0.0021226129348615686
2015-09-14,-0.0018959943048749107
2015-09-15,-0.001580812769953686
2015-09-16,-0.001630434417982271
2015-09-17,-0.0010955861226062452
2015-09-18,-0.0022269484745688004
2015-09-21,-0.0029785455291791623
2015-09-22,-0.0029547677502309304
2015-09-23,-0.004397754973132862
2015-09-24,-0.004534902664353037
2015-09-25,-0.0026246952990670726
2015-09-30,-0.0032399040147348805
2015-10-01,-0.0034933828738954713
2015-10-02,-0.003683112242789611
2015-10-05,-0.0036117592340053073
2015-10-06,-0.0024915554456622297
2015-10-07,-0.002294948354485384
2015-10-08,-0.001049708428036179
2015-10-12,-0.0003949673317831317
2015-10-13,-0.0009972352103604762
2015-10-14,-0.0011127340410848764
2015-10-15,-0.0007442189256685071
2015-10-16,-0.0010261430458578008
2015-10-19,-0.0008867249119461817
2015-10-20,-0.000648049499850053
2015-10-21,-0.001166367696361813
2015-10-22,-0.0007615520367615278
2015-10-23,-0.00026367264309396616
2015-10-26,-0.0006873702109901895
2015-10-27,-0.00038550344982541654
2015-10-28,-0.0006219405020823235
2015-10-29,-0.0006115126210054024
2015-10-30,-0.001208856925249707
2015-11-02,-0.0009890935906120026
2015-11-03,-6.736089287930995e-05
2015-11-04,0.0004945754055809854
2015-11-05,0.00022496505769838344
2015-11-06,-0.0001140149149042504
2015-11-09,-0.0002127555324116364
2015-11-10,-0.0005116496183342497
2015-11-11,-0.000871541810279044
2015-11-12,-0.00040497988689892607
2015-11-13,-0.0007588234067039018
2015-11-16,-0.0008828091161277108
2015-11-17,-0.0001356736451726367
2015-11-18,-0.0004592450656396433
2015-11-19,0.0003560388638427484
2015-11-20,0.00043574826246267737
2015-11-23,0.0012214840944377596
2015-11-24,0.0018531268993209227
2015-11-25,0.0007853410856922098
2015-11-26,0.0010567109796455632
2015-11-27,0.0007289268521154157
2015-11-30,-0.00030989085344812137
2015-12-01,8.3492667796759e-05
2015-12-02,0.0002517918025301441
2015-12-03,0.00016116216570915802
2015-12-04,-0.00017321016822840243
2015-12-07,0.0005095479375657338
2015-12-08,6.612950669671364e-05
2015-12-09,-0.0003822674669759784
2015-12-10,-0.0015582017450357115
2015-12-11,-0.0016394348380613486
2015-12-14,-0.0018854197506172872
2015-12-15,-0.0019179049985841297
2015-12-16,-0.0012690881878339188
2015-12-17,-0.0012103550073255872
2015-12-18,-0.001780256380659268
2015-12-21,-0.0017733473152139005
2015-12-22,-0.0011696403644528086
2015-12-23,-0.0012552254438153829
2015-12-24,-0.0005492350913086609
2015-12-25,-0.00021424428675393184
2015-12-28,-0.00038667617133345894
2015-12-29,-0.0006668270451509656
2015-12-30,-0.0013607307511905365
2015-12-31,-0.0011262254770267053
2016-01-04,-0.001793553795768402
2016-01-05,-0.0022842678941102108
2016-01-06,-0.0030380046171153475
2016-01-07,-0.0035349942345098994
2016-01-08,-0.0038777189716278086
2016-01-11,-0.0042342811144029345
2016-01-12,-0.004145733863957181
2016-01-13,-0.004238911493022923
2016-01-14,-0.004361797327089477
2016-01-15,-0.004453246539378008
2016-01-18,-0.004241155332747639
2016-01-19,-0.0039569224549740305
2016-01-20,-0.004666206954468044
2016-01-21,-0.004903490552344079
2016-01-22,-0.0038833585510145555
2016-01-25,-0.003188201396300628
2016-01-26,-0.0032649046541521035
2016-01-27,-0.002920345196109316
2016-01-28,-0.0027149851005495123
2016-01-29,-0.0020038738886436988
2016-01-30,-0.0021989464367733625
2016-02-01,-0.0027843726785329406
2016-02-02,-0.0028166030384212185
2016-02-03,-0.0024207363049481272
2016-02-15,-0.0021836463509233967
2016-02-16,-0.0011898364369306732
2016-02-17,-0.0009802996089127275
2016-02-18,-0.0005507912484234647
2016-02-19,-0.0002603283621917722
2016-02-22,-6.454468937360704e-05
2016-02-23,-0.0006319474105798155
2016-02-24,-0.00044481140797637917
2016-02-25,-0.00048677959385461637
2016-02-26,-0.0004126788339537514
2016-03-01,-0.0002623593093440317
2016-03-02,0.0002953572029907001
2016-03-03,0.0007819868964103612
2016-03-04,0.0005278870135163162
2016-03-07,0.0009370064365348134
2016-03-08,0.0012400024475659223
2016-03-09,0.0007105806347970342
2016-03-10,0.0009481451439120076
2016-03-11,0.0012770506998323967
2016-03-14,0.0021559681905225303
2016-03-15,0.0006063179654170495
2016-03-16,0.0017842859566541917
2016-03-17,0.003192788708254328
2016-03-18,0.003984511766776716
2016-03-21,0.004163036371125176
2016-03-22,0.004046330237324828
2016-03-23,0.003934382980674496
2016-03-24,0.003475627200618085
2016-03-25,0.0026057687453294237
2016-03-28,0.00284136083425984
2016-03-29,0.0021106230750502996
2016-03-30,0.003868475071488029
2016-03-31,0.0037326095174887077
2016-04-01,0.0022925089120676523
2016-04-06,-0.0005133200114659113
2016-04-07,-0.0008838136991968465
2016-04-08,0.00040682261034851304
2016-04-11,0.0010717304498843688
2016-04-12,0.0008838086914570224
2016-04-13,0.003421441425579738
2016-04-14,0.0040234002883952295
2016-04-15,0.004331571831993244
2016-04-18,0.0042090502206854645
2016-04-19,0.0037202663859442282
2016-04-20,0.002532304329224787
2016-04-21,0.003091335046096845
2016-04-22,0.0031844853768811486
2016-04-25,0.003511096153572361
2016-04-26,0.003950857215726334
2016-04-27,0.003561769821070602
2016-04-28,0.002166039350386343
2016-04-29,0.0020783444958655363
2016-05-03,0.001485693443768047
2016-05-04,0.0005783664726077618
2016-05-05,0.00012215965373822205
2016-05-06,0.000119399394331479
2016-05-09,-1.3048041950765164e-05
2016-05-10,4.985572423756517e-06
2016-05-11,-0.000842937111432902
2016-05-12,-0.0011534049483601302
2016-05-13,-0.0015342700099913768
2016-05-16,-0.0011664945854258566
2016-05-17,-0.0006985519845006247
2016-05-18,-0.0007825227756838538
2016-05-19,-0.0015967071744848202
2016-05-20,-0.0012410226054978123
2016-05-23,-0.0006358665042871995
2016-05-24,-0.000952047412349821
2016-05-25,-0.0005827939767842037
2016-05-26,-0.0005289299403739964
2016-05-27,-2.0485271307753642e-05
2016-05-30,-0.00013516578339076643
2016-05-31,-0.00020928711570936188
2016-06-01,3.413806417421374e-05
2016-06-02,-0.00020993687311602368
2016-06-03,-0.0005503551324277399
2016-06-04,-0.0006136561646514917
2016-06-06,-0.0005168752407556813
2016-06-07,0.0003675774218614175
2016-06-08,0.0006385933229310852
2016-06-13,-0.0009747855041788081
2016-06-14,-0.0009633068794798544
2016-06-15,-0.001429010585648431
2016-06-16,-0.0011164808121750945
2016-06-17,-0.001125672178087711
2016-06-20,-0.001726473035497992
2016-06-21,-0.002175057056771973
2016-06-22,-0.0018131355385672715
2016-06-23,-0.001613202361333232
2016-06-24,-0.003149464264940625
2016-06-27,-0.0025135318745241942
2016-06-28,-0.0017553114572554812
2016-06-29,-0.0011655964654180217
2016-06-30,0.0003300474645689305
2016-07-01,-0.0007403486944007968
2016-07-04,-0.0006080159472432808
2016-07-05,0.00049211295276415
2016-07-06,0.0019750026497817744
2016-07-07,0.0031854995882149265
2016-07-11,0.0033408701679339087
2016-07-12,0.0034540747188793303
2016-07-13,0.0035883467343724293
2016-07-14,0.0016936339565714823
2016-07-15,0.0020797640268138285
2016-07-18,0.0026686374834619703
2016-07-19,0.0034743388651399367
2016-07-20,0.0038536222954545342
2016-07-21,0.00591539224380913
2016-07-22,0.005036165686998157
2016-07-25,0.004085999206395979
2016-07-26,0.004677585830954959
2016-07-27,0.004744427739372503
2016-07-28,0.0038255404013571156
2016-07-29,0.004293926030240532
2016-08-01,0.006381663215334297
2016-08-02,0.007031613627274267
2016-08-03,0.006602087501910006
2016-08-04,0.006780193323396487
2016-08-05,0.008268381451463273
2016-08-08,0.009029621696737437
2016-08-09,0.009440392290833153
2016-08-10,0.009863830622563432
2016-08-11,0.008807685501718813
2016-08-12,0.009613676358981483
2016-08-15,0.009596147801375797
2016-08-16,0.008658662552881684
2016-08-17,0.008885982942881615
2016-08-18,0.008810805059302582
2016-08-19,0.007423739082771435
2016-08-22,0.005483054151063235
2016-08-23,0.00702296817930611
2016-08-24,0.006337116018814068
2016-08-25,0.0076163168398309805
2016-08-26,0.007547004706604085
2016-08-29,0.007175120933759888
2016-08-30,0.007091173162172597
2016-08-31,0.0055408065180327665
2016-09-01,0.004948630804960825
2016-09-02,0.004972025629360528
2016-09-05,0.006826021590095567
2016-09-06,0.007648263259610363
2016-09-07,0.00848021329902792
2016-09-08,0.007733896746601095
2016-09-09,0.007195580533753028
2016-09-10,0.005134366496381754
2016-09-12,0.00410724585586884
2016-09-13,0.004979058757049598
2016-09-14,0.0036104878242819824
2016-09-19,0.0075380113808726865
2016-09-20,0.007130554599770765
2016-09-21,0.007518392417017831
2016-09-22,0.00791023393095581
2016-09-23,0.010375989236084498
2016-09-26,0.0082559221468734
2016-09-29,0.009503195094393952
2016-09-30,0.007263362572516962
2016-10-03,0.007369090634948678
2016-10-04,0.007100660593883366
2016-10-05,0.006643847363224747
2016-10-06,0.007160808616694665
2016-10-07,0.008212312552606254
2016-10-11,0.007114868012893191
2016-10-12,0.0071974242317148045
2016-10-13,0.005744319633329713
2016-10-14,0.005288774571541429
2016-10-17,0.005242762682878235
2016-10-18,0.005328503264102323
2016-10-19,0.0053903330920875734
2016-10-20,0.005763734071007722
2016-10-21,0.0057395254576901485
2016-10-24,0.005504749312549337
2016-10-25,0.006981316060967896
2016-10-26,0.006849481618220086
2016-10-27,0.0055245625214546765
2016-10-28,0.0050172476220756955
2016-10-31,0.006112891989922039
2016-11-01,0.006964349017667371
2016-11-02,0.0043045478094803045
2016-11-03,0.003405570911112436
2016-11-04,0.004006922962027382
2016-11-07,0.005402049090329617
2016-11-08,0.00478071752513225
2016-11-09,0.00021452292686187756
2016-11-10,0.002966430315589292
2016-11-11,-0.0005371157348826262
2016-11-14,0.0006219631275688876
2016-11-15,-0.00012869589916450543
2016-11-16,-0.00021112243048901615
2016-11-17,0.0007869209920050754
2016-11-18,0.0009527724875963633
2016-11-21,0.0013691927647408945
2016-11-22,0.004119100812949862
2016-11-23,0.005541884141885169
2016-11-24,0.003693512017146289
2016-11-25,0.003949286738785425
2016-11-28,0.0032521540295733825
2016-11-29,0.0029215690639610966
2016-11-30,0.0030868429820083906
2016-12-01,0.0036605958425034116
2016-12-02,0.0033626457441818794
2016-12-05,0.0037892314578720173
2016-12-06,0.0051029946761593685
2016-12-07,0.0031548735259282856
2016-12-08,0.0037021718994672556
2016-12-09,0.0024518975613564255
2016-12-12,0.0023790932921386315
2016-12-13,0.004505673830282268
2016-12-14,0.0064162141435593735
2016-12-15,0.007187530818685799
2016-12-16,0.006059741859877165
2016-12-19,0.006011032487010137
2016-12-20,0.0014908485827343956
2016-12-21,0.001574080230745826
2016-12-22,-0.00047017873931127016
2016-12-23,-0.00112787934620999
2016-12-26,-0.0015310368735123705
2016-12-27,-0.00015190721466761076
2016-12-28,-0.0002290758501448888
2016-12-29,0.0007442830321341491
2016-12-30,0.0008227578629861536
2017-01-03,0.0004949860524265379
2017-01-04,0.0008209492089812685
2017-01-05,0.0015510733894143248
2017-01-06,0.0018746316629374932
2017-01-09,0.0018791281719007617
2017-01-10,0.0004902820490423733
2017-01-11,0.001380438327790584
2017-01-12,0.0030001526403073352
2017-01-13,0.00211952629026526
2017-01-16,0.00033497560235291
2017-01-17,0.00017239116793521934
2017-01-18,-0.0005538502717528764
2017-01-19,-0.0007970632360218641
2017-01-20,-0.0006334696087891324
2017-01-23,-0.0007864769565799228
2017-01-24,0.0007324794856842327
2017-02-02,0.0007351018480151524
2017-02-03,0.0006549517740423605
2017-02-06,0.0012965410588208922
2017-02-07,0.0013763529146401353
2017-02-08,0.0002712234370182525
2017-02-09,0.0015747416271652995
2017-02-10,0.0032033269296853966
2017-02-13,0.0017970560170994972
2017-02-14,0.001629385400614297
2017-02-15,0.006565691520242305
2017-02-16,0.002505227213009544
2017-02-17,0.005525923491143343
2017-02-18,0.005682219265619214
2017-02-20,0.005378061943061498
2017-02-21,0.005450999019853611
2017-02-22,0.005195771468521896
2017-02-23,0.004541302105550262
2017-02-24,0.004454927264962556
2017-03-01,0.0015961103635939076
2017-03-02,0.0013466395389641456
2017-03-03,0.0012727397122364952
2017-03-06,0.001435713836012729
2017-03-07,0.0012664755917633525
2017-03-08,0.0020750888787042314
2017-03-09,0.000708543011054683
2017-03-10,0.00013879189393855453
2017-03-13,0.002250224867490366
2017-03-14,0.0032219032474163365
2017-03-15,0.0015008284490820173
2017-03-16,0.0030258910821505825
2017-03-17,0.0018808989819011108
2017-03-20,0.0014008329579265847
2017-03-21,0.0033835856808060484
2017-03-22,0.0021279234762473904
2017-03-23,0.0021238708804776577
2017-03-24,0.002126562692758103
2017-03-27,0.003171052019015724
2017-03-28,0.003979684676324658
2017-03-29,0.0037480774055139382
2017-03-30,0.0036713582929732065
2017-03-31,0.004827013110981035
2017-04-05,0.006754612530018633
2017-04-06,0.005944647872021228
2017-04-07,0.005553914840056972
2017-04-10,0.004303414934538487
2017-04-11,0.004402585923611354
2017-04-12,0.0037358787897785123
2017-04-13,0.004126564815023035
2017-04-14,0.0028683978512805443
2017-04-17,0.0018896115173337939
2017-04-18,0.0016476142112045594
2017-04-19,0.0010158860114460886
2017-04-20,0.0010965630416383731
2017-04-21,0.001939599220114072
2017-04-24,0.0009079170299570145
2017-04-25,0.0026213604122809282
2017-04-26,0.003826324172831443
2017-04-27,0.0032792109553432575
2017-04-28,0.003581317246556268
2017-05-02,0.004672865461724959
2017-05-03,0.004756249990701752
2017-05-04,0.0038978540965647524
2017-05-05,0.002431783161686086
2017-05-08,0.0037139109838754177
2017-05-09,0.004084636423765299
2017-05-10,0.0037883881370236946
2017-05-11,0.0039965955290169825
2017-05-12,0.006251428665879498
2017-05-15,0.006073085128836954
2017-05-16,0.004769419494425534
2017-05-17,0.004297723162708964
2017-05-18,0.003435060208834959
2017-05-19,0.0022579650579937676
2017-05-22,0.0032027593925909787
2017-05-23,0.0037089206350568076
2017-05-24,0.0034117395562833597
2017-05-25,0.005115854785394606
2017-05-26,0.004799554756183605
2017-05-31,0.004039492727212749
2017-06-01,0.004967260200414799
2017-06-02,0.005340686400208443
2017-06-03,0.0069280334067475585
2017-06-05,0.007506156908371189
2017-06-06,0.008161623863267145
2017-06-07,0.00807998968004742
2017-06-08,0.008039543156588209
2017-06-09,0.007017592778584334
2017-06-12,0.007038947880121334
2017-06-13,0.007271635499665718
2017-06-14,0.005852359893824335
2017-06-15,0.0051186435316709555
2017-06-16,0.006570279659950047
2017-06-19,0.0063122374380507615
2017-06-20,0.00732782608037819
2017-06-21,0.007554054018361773
2017-06-22,0.00633758027465334
2017-06-23,0.00736393515285964
2017-06-26,0.009612298272601265
2017-06-27,0.009627327793055113
2017-06-28,0.00862874360982166
2017-06-29,0.008694285884511524
2017-06-30,0.008729032606928165
2017-07-03,0.008960847544652565
2017-07-04,0.008626463103947133
2017-07-05,0.00820322846883374
2017-07-06,0.008091730387629273
2017-07-07,0.007913331630305121
2017-07-10,0.008338022800155914
2017-07-11,0.010557934144928286
2017-07-12,0.010318466176565542
2017-07-13,0.010692584665736738
2017-07-14,0.011829021379892812
2017-07-17,0.011962763138762593
2017-07-18,0.012247712993828553
2017-07-19,0.01363915778700569
2017-07-20,0.013568233724439122
2017-07-21,0.011935487912895306
2017-07-24,0.012039891081029045
2017-07-25,0.011411467366270708
2017-07-26,0.010747451078712
2017-07-27,0.012017214572706299
2017-07-28,0.010687824612371133
2017-07-31,0.00884894597049954
2017-08-01,0.009083467790020183
2017-08-02,0.009965739529527397
2017-08-03,0.01012541867363467
2017-08-04,0.009691561664866094
2017-08-07,0.0102507412735532
2017-08-08,0.009830929421555262
2017-08-09,0.008484039558199798
2017-08-10,0.007933428995625474
2017-08-11,0.00720188014840666
2017-08-14,0.00648456683316608
2017-08-15,0.007508617606846413
2017-08-16,0.007540959181162419
2017-08-17,0.008534846066443893
2017-08-18,0.007587421276146641
2017-08-21,0.0070957932198899235
2017-08-22,0.008304035803172705
2017-08-23,0.007092196293154598
2017-08-24,0.008308527490123093
2017-08-25,0.009203577425911373
2017-08-28,0.008381540564832406
2017-08-29,0.007573217205279068
2017-08-30,0.007837787011786227
2017-08-31,0.007286709265432291
2017-09-01,0.007431713620398097
2017-09-04,0.007221008778818602
2017-09-05,0.006913223737787991
2017-09-06,0.006793792126693778
2017-09-07,0.007570787054882181
2017-09-08,0.00805753851316646
2017-09-11,0.008450250645166277
2017-09-12,0.00879842743303899
2017-09-13,0.006811241259939704
2017-09-14,0.005608899982323021
2017-09-15,0.004277232890967388
2017-09-18,0.00525988549306242
2017-09-19,0.004407984583603248
2017-09-20,0.0037082189483226696
2017-09-21,0.0019414720322674115
2017-09-22,0.0005414006504772022
2017-09-25,0.0006873863961604609
2017-09-26,-0.000386142233201491
2017-09-27,0.0005490612960166713
2017-09-28,4.662753801413835e-05
2017-09-29,0.0010545233626357861
2017-09-30,0.0007587950045569567
2017-10-02,0.001689156266362143
2017-10-03,0.002338413159912936
2017-10-05,0.002256257111342153
2017-10-06,0.000880626976731764
2017-10-11,0.0027147489269700393
2017-10-12,0.002902770727115237
2017-10-13,0.002907802646022149
2017-10-16,0.0033169434894328867
2017-10-17,0.0027597594423377702
2017-10-18,0.0027502406961480365
2017-10-19,0.003231955100562133
2017-10-20,0.003526165118302613
2017-10-23,0.0031746656804035097
2017-10-24,0.0028257469224281595
2017-10-25,0.0031794229787023773
2017-10-26,0.001842129663159646
2017-10-27,0.0031698194282576814
2017-10-30,0.005127627634556644
2017-10-31,0.004826688682814375
2017-11-01,0.0036961852478498798
2017-11-02,0.0037090957133936943
2017-11-03,0.003360219877398918
2017-11-06,0.0027203620130076666
2017-11-07,0.0034057991781834556
2017-11-08,0.00398050440851166
2017-11-09,0.004006164453300096
2017-11-10,0.00471139899087342
2017-11-13,0.005083397552360919
2017-11-14,0.004084952148917596
2017-11-15,0.0033396615310421307
2017-11-16,0.0028265259472115022
2017-11-17,0.004579648517492651
2017-11-20,0.0042404592297368435
2017-11-21,0.004131118314950316
2017-11-22,0.004821667282461337
2017-11-23,0.003753175479658197
2017-11-24,0.003473982773934612
2017-11-27,0.002320527234461805
2017-11-28,0.0019135221705752303
2017-11-29,0.0014889040844222904
2017-11-30,-0.00036671471950951384
2017-12-01,-6.725345531623284e-05
2017-12-04,0.0004572164609007364
2017-12-05,-0.0003632891229797934
2017-12-06,-0.0013525043535141683
2017-12-07,-0.0008089144455813525
2017-12-08,-0.0014411748597805904
2017-12-11,-0.000588578091455344
2017-12-12,-0.001593893919079995
2017-12-13,-0.0007726876416153107
2017-12-14,-3.993549059255384e-05
2017-12-15,-0.0007300406029000934
2017-12-18,-0.0017454050608846942
2017-12-19,-0.0016164038243260557
2017-12-20,-0.0005795251867499056
2017-12-21,-0.0013360526699766606
2017-12-22,0.0005251323928135572
2017-12-25,0.0016087108144994405
2017-12-26,0.0016856538762825793
2017-12-27,0.001377881174885799
2017-12-28,0.002668753293150739
2017-12-29,0.0027872459316949675
2018-01-02,0.00247284642141013
2018-01-03,0.0028341223231452763
2018-01-04,0.0029907692038228023
2018-01-05,0.0027530510334651524
2018-01-08,0.0027623270677539207
2018-01-09,0.0009797697030463277
2018-01-10,-0.0005427358254727073
2018-01-11,-0.0006992490265895365
2018-01-12,-0.0005904897597067957
2018-01-15,0.00025080168151720263
2018-01-16,0.00019783891086276142
2018-01-17,-5.932431966041774e-05
2018-01-18,0.0015907112374918334
2018-01-19,0.002515581676564972
2018-01-22,0.003451781051754516
2018-01-23,0.003867212282008161
2018-01-24,0.0029193513353450856
2018-01-25,0.0031000283449077438
2018-01-26,0.002255454091692731
2018-01-29,-2.382642902895587e-05
2018-01-30,-0.000902673199312577
2018-01-31,-0.00039228913506162306
2018-02-01,0.0003592137145339007
2018-02-02,-0.00020217871401660172
2018-02-05,-0.002143419572472442
2018-02-06,-0.004833026091292673
2018-02-07,-0.003248192814099168
2018-02-08,-0.003494600870239193
2018-02-09,-0.0041177870661947705
2018-02-12,-0.003603668121282377
2018-02-21,-0.0015875591147994847
2018-02-22,-0.002234507023231721
2018-02-23,-0.0028051206453465795
2018-02-26,-0.002142425757287367
2018-02-27,-0.003195270488204947
2018-03-01,-0.004013293872502316
2018-03-02,-0.004356736311124313
2018-03-05,-0.004474273722546285
2018-03-06,-0.0024673381751357157
2018-03-07,-0.00187268785126459
2018-03-08,-0.00157357713967062
2018-03-09,1.1022847210775458e-06
2018-03-12,0.000887687284205955
2018-03-13,0.0013338389091396394
2018-03-14,0.001272752836370755
2018-03-15,0.002696587138218215
2018-03-16,0.0022391045464034394
2018-03-19,0.0021812212044735532
2018-03-20,0.0014786159953856792
2018-03-21,0.002123517986029921
2018-03-22,0.001722346807900218
2018-03-23,-0.0007654978175594148
2018-03-26,4.261440883060132e-05
2018-03-27,0.001350267785272509
2018-03-28,0.000439918932823855
2018-03-29,-5.451684800995817e-06
2018-03-30,0.0009334428697719897
2018-03-31,0.0007288176460191613
2018-04-02,-0.0002496977962213158
2018-04-03,-0.00028088325794932
2018-04-09,0.0002821176633352043
2018-04-10,-0.00022221958494387633
2018-04-11,-0.00028911064035300513
2018-04-12,-0.001173293980079228
2018-04-13,-0.001959861877172534
2018-04-16,-0.0023501748778340346
2018-04-17,-0.003666386873506943
2018-04-18,-0.003790509375478546
2018-04-19,-0.0025996859774272156
2018-04-20,-0.004410974625651193
2018-04-23,-0.005005931281395583
2018-04-24,-0.00609183319601317
2018-04-25,-0.006825871298402197
2018-04-26,-0.007352794043736577
2018-04-27,-0.00740215335950202
2018-04-30,-0.008018447316513461
2018-05-02,-0.009270987225064814
2018-05-03,-0.01063743815221289
2018-05-04,-0.010704512675405377
2018-05-07,-0.009257547503098663
2018-05-08,-0.00916444038720711
2018-05-09,-0.008909801985269207
2018-05-10,-0.006854405760857319
2018-05-11,-0.005058923726221943
2018-05-14,-0.00442380365801411
2018-05-15,-0.00572470749985939
2018-05-16,-0.0052884189154822955
2018-05-17,-0.004414888875703801
2018-05-18,-0.001456495849128851
2018-05-21,-0.0013856851543112229
2018-05-22,-0.0015894996790433923
2018-05-23,-0.0009513074278628895
2018-05-24,-0.0010961487907628882
2018-05-25,-0.0016998416055233423
2018-05-28,-0.0011818365148640643
2018-05-29,-0.001932451611536194
2018-05-30,-0.003303880429795596
2018-05-31,-0.00298952630934365
2018-06-01,-0.002217503308964361
2018-06-04,-0.000910720373503559
2018-06-05,-0.0008061804486238512
2018-06-06,-0.0008087165528995335
2018-06-07,-0.0005271730164990187
2018-06-08,-0.0016888416513690585
2018-06-11,-0.0016785959322174811
2018-06-12,-0.003052761589393116
2018-06-13,-0.0034053383042970406
2018-06-14,-0.0036750023124733325
2018-06-15,-0.0034539442201984897
2018-06-19,-0.004156057803104742
2018-06-20,-0.0033513479335651364
2018-06-21,-0.003499177168150755
2018-06-22,-0.003639196471178587
2018-06-25,-0.0034999210803051827
2018-06-26,-0.0019454550640223395
2018-06-27,-0.0022034629792218284
2018-06-28,-0.003777048927679068
2018-06-29,-0.0017846294782734645
2018-07-02,-0.0018568304001147118
2018-07-03,-0.0026929089816977517
2018-07-04,-0.0026927053452195874
2018-07-05,-0.0021795758317997888
2018-07-06,-0.001202949680438244
2018-07-09,-0.0014240443330908923
2018-07-10,-0.0016847836091020076
2018-07-11,-0.002440321896658389
2018-07-12,-0.0015903786456630746
2018-07-13,-0.0010200327615294898
2018-07-16,-0.0011358183221948112
2018-07-17,-0.0005290288599319886
2018-07-18,-0.00014319924887639738
2018-07-19,-0.0010786789742164306
2018-07-20,0.002823920218761477
2018-07-23,0.003665456971456698
2018-07-24,0.004214145348405819
2018-07-25,0.004447318239059667
2018-07-26,0.004925388580034191
2018-07-27,0.00567428450861353
2018-07-30,0.004939521234415566
2018-07-31,0.005350553127818772
2018-08-01,0.006664698920798737
2018-08-02,0.004820207528333715
2018-08-03,0.005292779928320049
2018-08-06,0.005129835201584947
2018-08-07,0.004580046768442039
2018-08-08,0.005230915853714599
2018-08-09,0.004435946881728071
2018-08-10,0.003151813596228127
2018-08-13,0.0017341246491495124
2018-08-14,0.0023895064789222933
2018-08-15,0.0018649130654944369
2018-08-16,0.0021338662010935154
2018-08-17,0.0010350209758136998
2018-08-20,0.0016510956555770475
2018-08-21,0.00271855923205303
2018-08-22,0.0026751538657922925
2018-08-23,0.0029155608693224064
2018-08-24,0.002399686191077628
2018-08-27,0.0033720161880672786
2018-08-28,0.005203110515757584
2018-08-29,0.005809764748018345
2018-08-30,0.00564616016825217
2018-08-31,0.003935168383295161
2018-09-03,0.0034517965878407306
2018-09-04,0.003422811451161224
2018-09-05,0.0033014204809327934
2018-09-06,0.0034642591151412177
2018-09-07,0.0032690651660784993
2018-09-10,0.0029597921317763127
2018-09-11,0.0022440263189540247
2018-09-12,0.0031709498492148622
2018-09-13,0.0024759003168793817
2018-09-14,0.005221584597943191
2018-09-17,0.003903933550083788
2018-09-18,0.0037175872046924458
2018-09-19,0.004459347806545564
2018-09-20,0.0044494493823665476
2018-09-21,0.005539608915789119
2018-09-25,0.005932356407793389
2018-09-26,0.0058972244129470615
2018-09-27,0.005684916223249588
2018-09-28,0.005485319163878413
2018-10-01,0.0058903733058784016
2018-10-02,0.004472354712691143
2018-10-03,0.00467610478735422
2018-10-04,0.0035154924987464125
2018-10-05,0.0017870652804382985
2018-10-08,0.0013425358822711565
2018-10-09,0.0018856569136613869
2018-10-11,-0.0019955143704381804
2018-10-12,-0.0008967867666188649
2018-10-15,-0.0010646806072015906
2018-10-16,-0.0005503582115395606
2018-10-17,-0.0011123223335182451
2018-10-18,-0.0015757386750493943
2018-10-19,-0.003148297093028341
2018-10-22,-0.0030883413298818147
2018-10-23,-0.0039392709915851655
2018-10-24,-0.004164163720202865
2018-10-25,-0.005138455036460695
2018-10-26,-0.006018303208880711
2018-10-29,-0.005712140194058941
2018-10-30,-0.005639992383191185
2018-10-31,-0.0057829240655103455
2018-11-01,-0.003934358845862736
2018-11-02,-0.004693318509687578
2018-11-05,-0.005012234312591489
2018-11-06,-0.004860251238359429
2018-11-07,-0.005499197880760552
2018-11-08,-0.005342318722035929
2018-11-09,-0.005170785628494636
2018-11-12,-0.0030022956078601753
2018-11-13,-0.004052062174876739
2018-11-14,-0.00299107199586489
2018-11-15,-0.0029638579194966467
2018-11-16,-0.003009458431927267
2018-11-19,-0.0034668136542853945
2018-11-20,-0.004450080770727605
2018-11-21,-0.004571417709394226
2018-11-22,-0.005199872015551075
2018-11-23,-0.005064224971565193
2018-11-26,-0.005453817563987068
2018-11-27,-0.006118305721444144
2018-11-28,-0.0067031916738997804
2018-11-29,-0.006984101406558841
2018-11-30,-0.006423958923487584
2018-12-03,-0.005134708966798771
2018-12-04,-0.005944486719713771
2018-12-05,-0.0065030983039914515
2018-12-06,-0.006496433844404225
2018-12-07,-0.0062567486883536244
2018-12-10,-0.006191216230199763
2018-12-11,-0.005666109228290912
2018-12-12,-0.005159829859908334
2018-12-13,-0.004597793714200244
2018-12-14,-0.006556735181668813
2018-12-17,-0.005781051307461325
2018-12-18,-0.005625411787610053
2018-12-19,-0.006059934992290336
2018-12-20,-0.0061503362494024555
2018-12-21,-0.007049587136100079
2018-12-22,-0.007424769847387325
2018-12-24,-0.007281440932542663
2018-12-25,-0.008074571368620066
2018-12-26,-0.007704472792591005
2018-12-27,-0.0075946710549898554
2018-12-28,-0.006146376168674965
2019-01-02,-0.006570672844748293
2019-01-03,-0.005773776971481119
2019-01-04,-0.00509524023327817
2019-01-07,-0.004082639883078629
2019-01-08,-0.004389035593516334
2019-01-09,-0.0004557422057631336
2019-01-10,-0.002198127497752835
2019-01-11,-0.0014234392346578382
2019-01-14,-0.0016667739276993174
2019-01-15,-0.0014905057311930233
2019-01-16,-0.0013731549886462717
2019-01-17,-0.0014656129900635642
2019-01-18,-0.0012587826560373282
2019-01-21,-0.00038939298796307297
2019-01-22,-0.0011044492553246713
2019-01-23,-0.0005599362484923371
2019-01-24,-0.0003931062146006997
2019-01-25,-0.00016821314658866084
2019-01-28,-0.00018580526711889378
2019-01-29,-0.0010018611129517677
2019-01-30,-0.0013579632311381082
2019-02-11,-0.0011501864844619804
2019-02-12,-0.0008278848977173732
2019-02-13,-0.0007945981986389905
2019-02-14,-0.0010263227585938267
2019-02-15,-0.001256840606137053
2019-02-18,-0.0006716704196192964
2019-02-19,-0.000796721499044417
2019-02-20,-0.00017049996927694417
2019-02-21,1.0308628824153032e-05
2019-02-22,-0.0001591731382309959
2019-02-25,0.000367430310172474
2019-02-26,0.0005638111118993032
2019-02-27,0.0007881343323265444
2019-03-04,0.0004140535969077711
2019-03-05,0.0004509538703805375
2019-03-06,0.0006499928774363992
2019-03-07,0.0001963891914140021
2019-03-08,-0.00011920893264283723
2019-03-11,-0.00034445013738571614
2019-03-12,0.0002006733014617798
2019-03-13,0.00022717670332031442
2019-03-14,-0.0005334001336136683
2019-03-15,0.0001528867808415003
2019-03-18,0.0012951296878467972
2019-03-19,0.002254850884552186
2019-03-20,0.002260330558691916
2019-03-21,0.003494793778737238
2019-03-22,0.003538018049371299
2019-03-25,0.0015272213031600733
2019-03-26,0.002161991287943807
2019-03-27,0.0023048447084597686
2019-03-28,0.0020855458078398847
2019-03-29,0.0031902872598199425
2019-04-01,0.0038993992221209926
2019-04-02,0.0046035082263558074
2019-04-03,0.004548329069391378
2019-04-08,0.005661185992869309
2019-04-09,0.006367396670986089
2019-04-10,0.0068487542293746324
2019-04-11,0.006471037621612628
2019-04-12,0.005842337221739993
2019-04-15,0.006650397265050474
2019-04-16,0.007504108309767682
2019-04-17,0.00860132250716286
2019-04-18,0.00897226405718782
2019-04-19,0.008428254273036381
2019-04-22,0.008413165061859563
2019-04-23,0.00835204945258129
2019-04-24,0.008616658656105418
2019-04-25,0.00861111162474384
2019-04-26,0.007591557095401559
2019-04-29,0.007799356391373329
2019-04-30,0.007835970172835547
2019-05-02,0.008090860373205404
2019-05-03,0.008897833068786082
2019-05-06,0.006868528221283194
2019-05-07,0.008845305649510096
2019-05-08,0.008214057411370235
2019-05-09,0.006803863067373457
2019-05-10,0.006384395321377214
2019-05-13,0.004583742436263562
2019-05-14,0.004166273305794466
2019-05-15,0.004353851965371776
2019-05-16,0.0031341765528155457
2019-05-17,0.0021537199469215435
2019-05-20,0.0021580454630912263
2019-05-21,0.002450544139454145
2019-05-22,0.0025237729254179494
2019-05-23,0.0012117639192058295
2019-05-24,0.001496231575258528
2019-05-27,0.0010721046361050835
2019-05-28,0.000773267577612595
2019-05-29,0.0006533120690896736
2019-05-30,0.0007310744783907284
2019-05-31,0.0012236119338790408
2019-06-03,0.0013067034980530474
2019-06-04,0.001399473879578489
2019-06-05,0.0016491034917456144
2019-06-06,0.0012018840316925124
2019-06-10,0.0021322702434688427
2019-06-11,0.0026808203305456074
2019-06-12,0.0027661022660177884
2019-06-13,0.0018048276808598556
2019-06-14,0.0018015153147008666
2019-06-17,0.001716279546951278
2019-06-18,0.0013333681118095644
2019-06-19,0.002141661360185403
2019-06-20,0.0018121607706450282
2019-06-21,0.0016783854917112452
2019-06-24,0.001067019649055133
2019-06-25,0.00047411339852740077
2019-06-26,0.0017671442984960879
2019-06-27,0.001944173622678801
2019-06-28,0.0017078206861689549
2019-07-01,0.002989744285845865
2019-07-02,0.0019774663504073357
2019-07-03,0.0003681232329788042
2019-07-04,0.0003376937142991146
2019-07-05,0.00026552244679908425
2019-07-08,-0.000930092547112903
2019-07-09,-0.001648579276423572
2019-07-10,-0.001269756071911409
2019-07-11,-0.00022145822809461284
2019-07-12,-0.00024844988568149774
2019-07-15,-0.0008037746545634956
2019-07-16,-0.000986688311872895
2019-07-17,-0.002313515357225192
2019-07-18,-0.002341750203123328
2019-07-19,-0.0021936999532502764
2019-07-22,-0.0017028897962858087
2019-07-23,-0.0019636439569548285
2019-07-24,-0.002197593472004837
2019-07-25,-0.002222370416036446
2019-07-26,-0.0015280061070669269
2019-07-29,-0.0017898196248051041
2019-07-30,-0.00201653970247577
2019-07-31,-0.0026325418144689983
2019-08-01,-0.004031462766383605
2019-08-02,-0.0034635623010611395
2019-08-05,-0.005285893229203905
2019-08-06,-0.004580868246051036
2019-08-07,-0.003694048671872627
2019-08-08,-0.0027296756684251407
2019-08-12,-0.0010439982873773962
2019-08-13,-0.001237314710676042
2019-08-14,-0.0007986194048147523
2019-08-15,-0.0007293089819810828
2019-08-16,0.0009726250430173552
2019-08-19,0.0014478892893381146
2019-08-20,0.0014346943576618368
2019-08-21,0.0015284272317265726
2019-08-22,0.002433101826013624
2019-08-23,0.002296902505078925
2019-08-26,0.0011447633914166313
2019-08-27,0.0013640177517139451
2019-08-28,0.002087876555507568
2019-08-29,0.001854828205003361
2019-08-30,0.002479957933780708
2019-09-02,0.002469941034060791
2019-09-03,0.0021021128174988743
2019-09-04,0.002849084414042979
2019-09-05,0.004205410720113987
2019-09-06,0.004027423349801038
2019-09-09,0.0041843810498770105
2019-09-10,0.0035473705007125467
2019-09-11,0.003967982969297771
2019-09-12,0.004582497901379611
2019-09-16,0.005281493874277157
2019-09-17,0.0049936691669116165
2019-09-18,0.004418313985186318
2019-09-19,0.0037656825542660135
2019-09-20,0.004056753515578024
2019-09-23,0.0035674971710327507
2019-09-24,0.004071196427854776
2019-09-25,0.0037263057483440656
2019-09-26,0.0031107612625718368
2019-09-27,0.0038976743382153835
2019-10-01,0.0041817873684283245
2019-10-02,0.003982184771236097
2019-10-03,0.0036903687709877613
2019-10-04,0.0037318536896240916
2019-10-07,0.0041507021338340905
2019-10-08,0.005577270623041115
2019-10-09,0.004853003296580091
2019-10-14,0.006349260995195521
2019-10-15,0.005915097997908616
2019-10-16,0.006456612766009029
2019-10-17,0.006097764475085653
2019-10-18,0.005736693757366507
2019-10-21,0.006128022871690766
2019-10-22,0.007173822370443483
2019-10-23,0.00661891291777341
2019-10-24,0.006641290395780599
2019-10-25,0.0064583060015598204
2019-10-28,0.006948052823440406
2019-10-29,0.006996055772386115
2019-10-30,0.007938694027694683
2019-10-31,0.008029808609100766
2019-11-01,0.00825881099801217
2019-11-04,0.010929222316235285
2019-11-05,0.012144421755248864
2019-11-06,0.013885559617852884
2019-11-07,0.014113435351086643
2019-11-08,0.01384042469609535
2019-11-11,0.012721574193067076
2019-11-12,0.01273145694193982
2019-11-13,0.012185976594777485
2019-11-14,0.012989331651830882
2019-11-15,0.013388012473111511
2019-11-18,0.014895685330148931
2019-11-19,0.01472430708471857
2019-11-20,0.013922117154640406
2019-11-21,0.012933220099298407
2019-11-22,0.012892048225507489
2019-11-25,0.01313507263514269
2019-11-26,0.01330804194246834
2019-11-27,0.014964688927746283
2019-11-28,0.014504871014077917
2019-11-29,0.012425935877723676
2019-12-02,0.012878784959439756
2019-12-03,0.011640962003179234
2019-12-04,0.011217341394532359
2019-12-05,0.013170097307295792
2019-12-06,0.012432318260426962
2019-12-09,0.012046057149966146
2019-12-10,0.010761548022443775
2019-12-11,0.011204131205653757
2019-12-12,0.01389696794931967
2019-12-13,0.014925336154088868
2019-12-16,0.014338246755763341
2019-12-17,0.015079367463256155
2019-12-18,0.015306775778469046
2019-12-19,0.013924549413400295
2019-12-20,0.013797085197227506
2019-12-23,0.013707992228734195
2019-12-24,0.013993632744890686
2019-12-25,0.01397059935254302
2019-12-26,0.014616348385756817
2019-12-27,0.015043493948250716
2019-12-30,0.01448693464614883
2019-12-31,0.0120413228692941
2020-01-02,0.013103476821221217
2020-01-03,0.014089288447246674
2020-01-06,0.012408407168998744
2020-01-07,0.011750616223368017
2020-01-08,0.010070759958580113
2020-01-09,0.01221787761305398
2020-01-10,0.010556819678498653
2020-01-13,0.011099281180532548
2020-01-14,0.011253861016697606
2020-01-15,0.010193063659389759
2020-01-16,0.010113397342703856
2020-01-17,0.010225911932672688
2020-01-20,0.009675780874805685
2020-01-30,0.004334741589399173
2020-01-31,0.0015977868786936017
2020-02-03,0.0006161273651056588
2020-02-04,0.0018801083037570812
2020-02-05,0.0018758591962974916
2020-02-06,0.0030028414999861254
2020-02-07,0.0015589666802715491
2020-02-10,0.001343818408143575
2020-02-11,-0.00013055566201193653
2020-02-12,8.642782868941023e-05
2020-02-13,-0.00022934656402041429
2020-02-14,0.0004538522452313332
2020-02-17,8.506298682826875e-05
2020-02-18,0.000240483032272403
2020-02-19,0.00045650821494119456
2020-02-20,0.0006168467330757078
2020-02-21,0.0001894221695515175
2020-02-24,-0.0020079201017630353
2020-02-25,-0.0023719204772981377
2020-02-26,-0.004080437394439719
2020-02-27,-0.004588322918244631
2020-03-02,-0.005234465824261385
2020-03-03,-0.0038927869800461532
2020-03-04,-0.0032847639355411563
2020-03-05,-0.002454030049766652
2020-03-06,-0.004825613891514819
2020-03-09,-0.006633409816764304
2020-03-10,-0.004825808646394635
2020-03-11,-0.006046433561018843
2020-03-12,-0.0075632659408361
2020-03-13,-0.007624243897225605
2020-03-16,-0.00994706614231302
2020-03-17,-0.010832934358600776
2020-03-18,-0.012086671858583135
2020-03-19,-0.01275609513736755
2020-03-20,-0.011712292837068173
2020-03-23,-0.014867283898725063
2020-03-24,-0.014808583181511783
2020-03-25,-0.01395682620819115
2020-03-26,-0.015147352435625013
2020-03-27,-0.015374411155770104
2020-03-30,-0.01505814223741347
2020-03-31,-0.014275426313849733
2020-04-01,-0.01454978353469068
2020-04-06,-0.014252404332309152
2020-04-07,-0.013970242768887461
2020-04-08,-0.013649064946789177
2020-04-09,-0.014394502843168467
2020-04-10,-0.014182975557291807
2020-04-13,-0.013487597828050113
2020-04-14,-0.013559590531250349
2020-04-15,-0.013488775327481502
2020-04-16,-0.01236333832965658
2020-04-17,-0.01136584366646784
2020-04-20,-0.010981206659793035
2020-04-21,-0.013111564236228775
2020-04-22,-0.01346043206414691
2020-04-23,-0.014050405682007482
2020-04-24,-0.014641348815150822
2020-04-27,-0.013087118314821122
2020-04-28,-0.012789878338308004
2020-04-29,-0.01239723169397255
2020-04-30,-0.012188641306714761
2020-05-04,-0.007490472277277815
2020-05-05,-0.0050270801372199626
2020-05-06,-0.0040168625566986615
2020-05-07,-0.005593133152811568
2020-05-08,-0.00569259506579009
2020-05-11,-0.007009449780259546
2020-05-12,-0.006182610180766331
2020-05-13,-0.005884665182716863
2020-05-14,-0.00702299864753904
2020-05-15,-0.007789195954498225
2020-05-18,-0.008182975578729665
2020-05-19,-0.008084615333083878
2020-05-20,-0.007438465268680372
2020-05-21,-0.005882972839331826
2020-05-22,-0.00752472472580342
2020-05-25,-0.006914359137700506
2020-05-26,-0.006114024931263801
2020-05-27,-0.004919198235149378
2020-05-28,-0.005357941860526914
2020-05-29,-0.004183067748651339
2020-06-01,-0.0030894714651963323
2020-06-02,-0.0014195705670364451
2020-06-03,-0.0017694771964576461
2020-06-04,-0.001754618018426163
2020-06-05,-0.0020758156500132008
2020-06-08,0.0011128409392944898
2020-06-09,0.0032999274245583336
2020-06-10,0.0038727036059439794
2020-06-11,0.003104766815180337
2020-06-12,0.0038198369107502964
2020-06-15,0.0029662286583198774
2020-06-16,0.006019818201111004
2020-06-17,0.00686419543389342
2020-06-18,0.007403006835078792
2020-06-19,0.008720516297574303
2020-06-22,0.007065186096302639
2020-06-23,0.00848893702164109
2020-06-24,0.008024474497321719
2020-06-29,0.006104446771869524
2020-06-30,0.006984588536237263
2020-07-01,0.007900794196038695
2020-07-02,0.009347039201266215
2020-07-03,0.010519333705841048
2020-07-06,0.012504867016673981
2020-07-07,0.01255938961950855
2020-07-08,0.012877075789277348
2020-07-09,0.012895981650492749
2020-07-10,0.012072104467223687
2020-07-13,0.013692432523667487
2020-07-14,0.014532815853511653
2020-07-15,0.01434813189065697
2020-07-16,0.01319080613675272
2020-07-17,0.014573792018385752
2020-07-20,0.013688284586912465
2020-07-21,0.01564171821166107
2020-07-22,0.01676211361852922
2020-07-23,0.016649871947499846
2020-07-24,0.01614868918955195
2020-07-27,0.02155763754940649
2020-07-28,0.0212870085811287
2020-07-29,0.020156359281273132
2020-07-30,0.021380066922958182
2020-07-31,0.02048544061548042
2020-08-03,0.019403441434984646
2020-08-04,0.020682191366818252
2020-08-05,0.021726511096722603
2020-08-06,0.022781159137037422
2020-08-07,0.02181222321745338
2020-08-10,0.022583165436505955
2020-08-11,0.02208006215826395
2020-08-12,0.02034219028910598
2020-08-13,0.02176769760929632
2020-08-14,0.021842721984702253
2020-08-17,0.023261538873660906
2020-08-18,0.022363185847048675
2020-08-19,0.02160027169338985
2020-08-20,0.017450577899890924
2020-08-21,0.0204154349421272
2020-08-24,0.020547520863125595
2020-08-25,0.02108084691463803
2020-08-26,0.02154477587404352
2020-08-27,0.021985197008912806
2020-08-28,0.02065553972331886
2020-08-31,0.01859905148152557
2020-09-01,0.020052190846104424
2020-09-02,0.018604438590071454
2020-09-03,0.018237892906140432
2020-09-04,0.016641411110342518
2020-09-07,0.015281132272228964
2020-09-08,0.015828067411227643
2020-09-09,0.014201878055233683
2020-09-10,0.01660275765645737
2020-09-11,0.017485087441799264
2020-09-14,0.02019424495170572
2020-09-15,0.018604260621750985
2020-09-16,0.020196507940698428
2020-09-17,0.01909753693892671
2020-09-18,0.019043871786803238
2020-09-21,0.01793764811819995
2020-09-22,0.01608681978433022
2020-09-23,0.015243469148474858
2020-09-24,0.01365772142005398
2020-09-25,0.01288478031857069
2020-09-28,0.013959343111208984
2020-09-29,0.013007325249521995
2020-09-30,0.012224075389920737
2020-10-05,0.010369766042827513
2020-10-06,0.011244313134015402
2020-10-07,0.011067430183566606
2020-10-08,0.012194188680035172
2020-10-12,0.014007455704459586
2020-10-13,0.012423427374762944
2020-10-14,0.0113203257221428
2020-10-15,0.009828488723658503
2020-10-16,0.010439291133842196
2020-10-19,0.010591436262712355
2020-10-20,0.010140386774893375
2020-10-21,0.008215965943806282
2020-10-22,0.00809296691824942
2020-10-23,0.008204263877293057
2020-10-26,0.00859434817425778
2020-10-27,0.0026343152798998376
2020-10-28,0.0017974653133938717
2020-10-29,0.0017079362031631226
2020-10-30,-0.0007841305788096704
2020-11-02,-9.783512185518469e-05
2020-11-03,0.003069739832682624
2020-11-04,0.0032965856463881746
2020-11-05,0.002133659991743556
2020-11-06,0.0016506738483405613
2020-11-09,0.003866538112798331
2020-11-10,0.0018587182135873606
2020-11-11,0.004375832257415901
2020-11-12,0.0060516025401906
2020-11-13,0.0054424275910917265
2020-11-16,0.00874692683885918
2020-11-17,0.008368964232505197
2020-11-18,0.009722834415913586
2020-11-19,0.010318208414187279
2020-11-20,0.014051363962871433
2020-11-23,0.013040317377774995
2020-11-24,0.012190496104083426
2020-11-25,0.010419934273795655
2020-11-26,0.01086656379957011
2020-11-27,0.010409732113412293
2020-11-30,0.010218370848393242
2020-12-01,0.013009812366040421
2020-12-02,0.01239094700006053
2020-12-03,0.01276558952127393
2020-12-04,0.014264307584986136
2020-12-07,0.01610910736233198
2020-12-08,0.017818489098355372
2020-12-09,0.017167469110011106
2020-12-10,0.01658014329295242
2020-12-11,0.015744468787468466
2020-12-14,0.015223574347198952
2020-12-15,0.01270541772163933
2020-12-16,0.014360648480667374
2020-12-17,0.012071317346451811
2020-12-18,0.012892613464103404
2020-12-21,0.014074159059485513
2020-12-22,0.013715049451911418
2020-12-23,0.015289202555412534
2020-12-24,0.016060803258228715
2020-12-25,0.018903634617664606
2020-12-28,0.01966431789670171
2020-12-29,0.01774902674399972
2020-12-30,0.019053234992721352
2020-12-31,0.019159743296166896
2021-01-04,0.021017935321615253
2021-01-05,0.01994479734704402
2021-01-06,0.020563761120865415
2021-01-07,0.02168395749861881
2021-01-08,0.022781096509379203
2021-01-11,0.0236655517413713
2021-01-12,0.023914235319147353
2021-01-13,0.027675625699557543
2021-01-14,0.02711617765490005
2021-01-15,0.02605522532523447
2021-01-18,0.026603066972876586
2021-01-19,0.029618098236458147
2021-01-20,0.029662683398793372
2021-01-21,0.033569101600813195
2021-01-22,0.02918735730094755
2021-01-25,0.028309441761329452
2021-01-26,0.02656291425593977
2021-01-27,0.027961530942494327
2021-01-28,0.0266007226842947
2021-01-29,0.02431659750083674
2021-02-01,0.025242461071887677
2021-02-02,0.02674963086383597
2021-02-03,0.026771872434114916
2021-02-04,0.025417504399858702
2021-02-05,0.02499683079654157
2021-02-17,0.030814295196470033
2021-02-18,0.028922549395828043
2021-02-19,0.027669747018137465
2021-02-22,0.02716526364491797
2021-02-23,0.023290668484758983
2021-02-24,0.020845373317981856
2021-02-25,0.02100799789241209
2021-02-26,0.017837592923617123
2021-03-02,0.018025389815115023
2021-03-03,0.01823559216315878
2021-03-04,0.016587764848172336
2021-03-05,0.01683691671623914
2021-03-08,0.0158763051757098
2021-03-09,0.015648693563073236
2021-03-10,0.017421850711699185
2021-03-11,0.018798830547615053
2021-03-12,0.018182883520863218
2021-03-15,0.017895072692450834
2021-03-16,0.016437957588177017
2021-03-17,0.014455461607992175
2021-03-18,0.013490688329355197
2021-03-19,0.011767321716673535
2021-03-22,0.013603935174232062
2021-03-23,0.013629894430842279
2021-03-24,0.012355126882345675
2021-03-25,0.013857391405174271
2021-03-26,0.013790341912206435
2021-03-29,0.01530152721922577
2021-03-30,0.016044293788617277
2021-03-31,0.014027472211051375
2021-04-01,0.016104924664905793
2021-04-06,0.0175171079356284
2021-04-07,0.017027054605587413
2021-04-08,0.01724953868447038
2021-04-09,0.01602874453635881
2021-04-12,0.015477567165504405
2021-04-13,0.01390728192920349
2021-04-14,0.013920904186606091
2021-04-15,0.012943844877215128
2021-04-16,0.012880555641717835
2021-04-19,0.011881633166542374
2021-04-20,0.009101829101325728
2021-04-21,0.006151313723749992
2021-04-22,0.005151137059802773
2021-04-23,0.0063125471154188
2021-04-26,0.005271949114941187
2021-04-27,0.006326383757560797
2021-04-28,0.005296269208690843
2021-04-29,0.005534357674251665
2021-05-03,0.0008109733801514854
2021-05-04,-0.00033581248831326336
2021-05-05,-0.005145954403147289
2021-05-06,5.4325718490608174e-05
2021-05-07,0.003483892977694866
2021-05-10,0.00496313973900277
2021-05-11,0.0017061808289015074
2021-05-12,0.0015552128804100945
2021-05-13,0.0021560034088862223
2021-05-14,0.0009149954731452848
2021-05-17,-0.003722531247245643
2021-05-18,0.00010094317936297112
2021-05-19,0.00019413967420692121
2021-05-20,-0.0013880645098109847
2021-05-21,-0.004865016227081272
2021-05-24,-0.004833529134680469
2021-05-25,-0.002280658595812624
2021-05-26,-0.0021805933389516187
2021-05-27,-0.002522480757483965
2021-05-28,0.0004718211583904816
2021-05-31,0.00037553028437612644
2021-06-01,0.0040431468582713065
2021-06-02,0.004002041414834533
2021-06-03,0.0023424459355746645
2021-06-04,0.0041011635446520115
2021-06-07,0.004972940368902378
2021-06-08,0.004576384622236887
2021-06-09,0.004389508417675955
2021-06-10,0.005204987479633245
2021-06-11,0.0031780543598005696
2021-06-15,0.0031769577050100406
2021-06-16,0.0033717978588138466
2021-06-17,0.0027693521850111046
2021-06-18,0.0035225097600521038
2021-06-21,0.0009862263782449223
2021-06-22,0.002782704364044947
2021-06-23,0.003627659331198195
2021-06-24,0.00325338232617516
2021-06-25,0.005129474353277918
2021-06-28,0.0049041611654743415
2021-06-29,0.003151125675430904
2021-06-30,0.003060336838649984
2021-07-01,0.0023121910408074268
2021-07-02,0.0032395194870025144
2021-07-05,0.003198867668869145
2021-07-06,0.0017556444305320165
2021-07-07,0.0011960332791000467
2021-07-08,0.0007505436498243144
2021-07-09,0.00033814769580320603
2021-07-12,0.001716358961495394
2021-07-13,0.002395311844516365
2021-07-14,0.0020018649156805764
2021-07-15,0.001848786910785324
2021-07-16,0.0005918384163097368
2021-07-19,-0.0005416629083868898
2021-07-20,-0.0009973505083610296
2021-07-21,-0.0003153791654481753
2021-07-22,0.00033295511968983564
2021-07-23,-0.0006565341548220799
2021-07-26,-0.0029747147940270098
2021-07-27,-0.0030432075644349446
2021-07-28,-0.0036756936535284543
2021-07-29,-0.0024629285525745405
2021-07-30,-0.0009082856568047418
2021-08-02,0.0011539234697133577
2021-08-03,0.002519788828229225
2021-08-04,0.002026815176154744
2021-08-05,-7.455349463917031e-05
2021-08-06,0.0005523986885666511
2021-08-09,0.003403611040691715
2021-08-10,0.005337820426905321
2021-08-11,0.0062790252588932945
2021-08-12,0.0051922855259413266
2021-08-13,0.005976410719686871
2021-08-16,0.0020303152567047963
2021-08-17,0.0019822218961702467
2021-08-18,0.0028810072239351934
2021-08-19,-0.00016821304047018892
2021-08-20,-0.0006970484172304982
2021-08-23,0.00016195920218231035
2021-08-24,0.00034493478008243433
2021-08-25,0.0017152088143491133
2021-08-26,0.0009067654825860636
2021-08-27,0.0008101863529707123
2021-08-30,0.0012524173414423278
2021-08-31,0.0017522218002005722
2021-09-01,0.002191925163081131
2021-09-02,0.0019391465322614095
2021-09-03,0.0029026195179559966
2021-09-06,0.0037581155758369413
2021-09-07,0.003985722671592665
2021-09-08,0.001988976776092525
2021-09-09,0.001486575526400967
2021-09-10,0.0020056678094548383
2021-09-13,0.0018051847943762933
2021-09-14,0.002128983493242222
2021-09-15,0.0018141923202055633
2021-09-16,0.003400888494411935
2021-09-17,0.0035440329722304874
2021-09-22,0.00027610299525624907
2021-09-23,0.0009633470111675839
2021-09-24,0.0017937248478713532
2021-09-27,0.0018495889985748126
2021-09-28,0.001024243831111819
2021-09-29,-0.0015482308692763664
2021-09-30,-0.0005336758922308781
2021-10-01,-0.002385768293913234
2021-10-04,-0.0035192190898856806
2021-10-05,-0.003675897932572806
2021-10-06,-0.0032203824541556575
2021-10-07,-0.002320565907104478
2021-10-08,-0.002063513774161837
2021-10-12,-0.0032671118278695716
2021-10-13,-0.004097707699145482
2021-10-14,-0.004180123949629679
2021-10-15,-0.003725419136448915
2021-10-18,-0.0027655244468313975
2021-10-19,-0.001457841066547034
2021-10-20,-0.0009244413948689627
2021-10-21,-0.0007946415330520757
2021-10-22,-0.0012279471276753205
2021-10-25,-0.0012616656153387538
2021-10-26,-0.00015955068354416737
2021-10-27,-0.0001295347375782132
2021-10-28,0.0009804513924321983
2021-10-29,-0.0010099709095734983
2021-11-01,-0.00041661030462639343
2021-11-02,-0.0016437523681697168
2021-11-03,-0.0018088468158135413
2021-11-04,-0.0024875611637019198
2021-11-05,-0.0014434552845422484
2021-11-08,-0.0008261668588455228
2021-11-09,0.0002850875481385421
2021-11-10,0.000613749296080771
2021-11-11,0.0001580756360568869
2021-11-12,0.0005701320048756332
2021-11-15,0.002077064152265132
2021-11-16,0.0024031376019253126
2021-11-17,0.003270039329019692
2021-11-18,0.0033940461940535163
2021-11-19,0.005487364955617223
2021-11-22,0.005943603381000447
2021-11-23,0.002906561676967923
2021-11-24,0.002315469958949569
2021-11-25,0.0014949349813887173
2021-11-26,-0.00040984320783408253
2021-11-29,-0.0010967732649348905
2021-11-30,-0.001983897230592616
2021-12-01,-0.0011306008865754607
2021-12-02,-0.0006418019383021606
2021-12-03,-3.133781195802709e-05
2021-12-06,-0.00143018690157746
2021-12-07,-0.0015464967531806108
2021-12-08,-0.0008585019462351382
2021-12-09,-0.00033673749306921326
2021-12-10,-0.0001615152534810793
2021-12-13,-0.0013812678752232919
2021-12-14,-0.0018962808508272478
2021-12-15,-0.0018671891391656868
2021-12-16,-0.0003637081223228501
2021-12-17,-7.119323558583019e-05
2021-12-20,-0.0010207665937750842
2021-12-21,0.0015992306468075904
2021-12-22,0.0011210034410254327
2021-12-23,0.0005997788555301938
2021-12-24,0.0006223671596781649
2021-12-27,0.0018339825146900322
2021-12-28,0.00425925240935322
2021-12-29,0.003989363348466328
2021-12-30,0.005601230735176491
2022-01-03,0.006476122190904258
2022-01-04,0.008773220954648
2022-01-05,0.008550935322640814
2022-01-06,0.006773709140847922
2022-01-07,0.006271785162906758
2022-01-10,0.0073989708997401855
2022-01-11,0.008074748392862811
2022-01-12,0.008812102042498805
2022-01-13,0.008099492647879172
2022-01-14,0.008235894413624024
2022-01-17,0.009013945813879374
2022-01-18,0.007990139069367802
2022-01-19,0.006937817620113492
2022-01-20,0.0072133008877658935
2022-01-21,0.002835877170202436
2022-01-24,0.0034068735730312587
2022-01-25,0.0017490302509629045
2022-01-26,0.001860401285476981
2022-02-07,0.0030178668958247942
2022-02-08,0.003121305768023876
2022-02-09,0.0035920872030824123
2022-02-10,0.004599123344842987
2022-02-11,0.00473687155672425
2022-02-14,0.0022563835111587176
2022-02-15,0.0012933058581012084
2022-02-16,0.0020927163992310724
2022-02-17,0.0022787694337269007
2022-02-18,0.002722940217147661
2022-02-21,0.0022483500566449236
2022-02-22,0.0001450283958729144
2022-02-23,0.00021498899046245323
2022-02-24,-0.0018855161441336877
2022-02-25,-0.0025071969264009205
2022-03-01,-0.0016401724332175982
2022-03-02,-0.001873134928136067
2022-03-03,-0.0009407941992788873
2022-03-04,-0.0014087486163413927
2022-03-07,-0.00320775842381052
2022-03-08,-0.002785999663071394
2022-03-09,-0.0024571783671437776
2022-03-10,-0.001440556769973714
2022-03-11,-0.003248222068607935
2022-03-14,-0.0041135989200775614
2022-03-15,-0.004737829725865716
2022-03-16,-0.004376289162407259
2022-03-17,-0.0036208452672982427
2022-03-18,-0.004005027881081465
2022-03-21,-0.003594927780923819
2022-03-22,-0.003613009200330489
2022-03-23,-0.0030528272628418777
2022-03-24,-0.002273637384848373
2022-03-25,-0.002343071118034968
2022-03-28,-0.003699969803146277
2022-03-29,-0.0035794321543223557
2022-03-30,-0.0023850713555666507
2022-03-31,-0.003201960550546562
2022-04-01,-0.0035239211650224655
2022-04-06,-0.004177940641366055
2022-04-07,-0.005099230279341658
2022-04-08,-0.005504461075725881
2022-04-11,-0.006750533333254009
2022-04-12,-0.007082459383065956
2022-04-13,-0.006107014316914667
2022-04-14,-0.006749086038115928
2022-04-15,-0.009599343546214997
2022-04-18,-0.009601598874182236
2022-04-19,-0.008528931133737712
2022-04-20,-0.007456306771301772
2022-04-21,-0.008085306167351893
2022-04-22,-0.008845341378507059
2022-04-25,-0.010204868388331335
2022-04-26,-0.010707165582053367
2022-04-27,-0.0113083542003241
2022-04-28,-0.012314371553442659
2022-04-29,-0.010821311134684358
2022-05-03,-0.00983307989416496
2022-05-04,-0.010237950862651835
2022-05-05,-0.005555918099888814
2022-05-06,-0.006943844535116348
2022-05-09,-0.0056602362158608786
2022-05-10,-0.005684969620268906
2022-05-11,-0.006183091869930612
2022-05-12,-0.007121949219488637
2022-05-13,-0.007277086022670076
2022-05-16,-0.008317249231605553
2022-05-17,-0.008010536688618128
2022-05-18,-0.006213794131485943
2022-05-19,-0.00616946385430475
2022-05-20,-0.007594230739500816
2022-05-23,-0.007620382586913936
2022-05-24,-0.00758494649048587
2022-05-25,-0.007209133974016354
2022-05-26,-0.006114414396865112
2022-05-27,-0.005868530254284806
2022-05-30,-0.003506288236682179
2022-05-31,-0.003131274493466137
2022-06-01,-0.004304660685027745
2022-06-02,-0.004101010433389763
2022-06-06,-0.004110440797093673
2022-06-07,-0.003518939064066508
2022-06-08,-0.0014522638771117065
2022-06-09,-0.0006120628414533108
2022-06-10,-0.0011621826164124399
2022-06-13,-0.0026991424168948657
2022-06-14,-0.002277282125001109
2022-06-15,-0.0023831674795439296
2022-06-16,-0.0017732096453496487
2022-06-17,-0.0022000968225055753
2022-06-20,-0.0034124879062673525
2022-06-21,-0.0028973803533878318
2022-06-22,-0.0035891207993628293
2022-06-23,-0.003833610370323685
2022-06-24,-0.004090691899810813
2022-06-27,-0.0035526366764694396
2022-06-28,-0.0038055949636047336
2022-06-29,-0.003640599774354488
2022-06-30,-0.004224554072888538
2022-07-01,-0.005501097690272249
2022-07-04,-0.005589787425149337
2022-07-05,-0.0051604213966666155
2022-07-06,-0.0053836513841659045
2022-07-07,-0.004041082608654437
2022-07-08,-0.004034704663425528
2022-07-11,-0.003623395354833911
2022-07-12,-0.004175453151437394
2022-07-13,-0.0041305145201506795
2022-07-14,-0.003882132465265169
2022-07-15,-0.002935081101144137
2022-07-18,-0.0029752388751400675
2022-07-19,-0.003088463222564958
2022-07-20,-0.003086181902517712
2022-07-21,-0.0027762305996155714
2022-07-22,-0.00241121630420185
2022-07-25,-0.0019178968729000746
2022-07-26,-0.002182426258042806
2022-07-27,-0.0013086658837065713
2022-07-28,-0.0013845044295038747
2022-07-29,-0.0014847953221278794
2022-08-01,-0.0013576805292703248
2022-08-02,-0.0018827618158223367
2022-08-03,-0.0020340338036532162
2022-08-04,-0.0015199462725084812
2022-08-05,-0.00041387494230726255
2022-08-08,-0.000379165765956873
2022-08-09,-0.00043903311811537433
2022-08-10,-0.00022982954818784966
2022-08-11,0.00010926194490639793
2022-08-12,0.00017738071376432234
2022-08-15,0.00020614832746084337
2022-08-16,1.7618415033600142e-05
2022-08-17,0.0004464391076483239
2022-08-18,1.4543079013516497e-05
2022-08-19,1.933341952033518e-05
2022-08-22,-0.00016026121994487872
2022-08-23,-0.0007213238170845518
2022-08-24,-0.0005244382519087787
2022-08-25,-0.0007109894053601018
2022-08-26,-0.0010922299617152644
2022-08-29,-0.0020543319179016847
2022-08-30,-0.0018948366053058562
2022-08-31,-0.0014530497271869277
2022-09-01,-0.0022191530576696123
2022-09-02,-0.0023183392425796217
2022-09-05,-0.0024929936081436186
2022-09-06,-0.0022323280523187648
2022-09-07,-0.00270268375735264
2022-09-08,-0.0018849756873175075
2022-09-12,-0.0012252434555651095
2022-09-13,-0.0009662503939456899
2022-09-14,-0.0015180646353213018
2022-09-15,-0.0011727753697498148
2022-09-16,-0.0013104062198975466
2022-09-19,-0.0018866343966367292
2022-09-20,-0.0011427232646773469
2022-09-21,-0.0010981762350786447
2022-09-22,-0.0014987268869145782
2022-09-23,-0.002293456012855812
2022-09-26,-0.0026357674407590545
2022-09-27,-0.002495039452882817
2022-09-28,-0.0025604964028103695
2022-09-29,-0.001858945919179743
2022-09-30,-0.00205065790939095
2022-10-03,-0.002514233531571986
2022-10-04,-0.0013446895220333094
2022-10-05,-0.0013075526137451454
2022-10-06,-0.0013253557261349049
2022-10-07,-0.001623315587584902
2022-10-11,-0.0026229719451035536
2022-10-12,-0.0035428209162625887
2022-10-13,-0.003999699378224761
2022-10-14,-0.0034411756410485514
2022-10-17,-0.0037441519257033003
2022-10-18,-0.0034255349981108696
2022-10-19,-0.004010043566873741
2022-10-20,-0.004503161188991246
2022-10-21,-0.004705237054165229
2022-10-24,-0.004769070859996256
2022-10-25,-0.005070300637317079
2022-10-26,-0.0050636197593096725
2022-10-27,-0.004693466156619374
2022-10-28,-0.005339356444523539
2022-10-31,-0.004862744315976044
2022-11-01,-0.004176372819298632
2022-11-02,-0.004236259841434878
2022-11-03,-0.004693240630185878
2022-11-04,-0.005390252346556399
2022-11-07,-0.004825059097265493
2022-11-08,-0.004494345255875612
2022-11-09,-0.0033493243880865346
2022-11-10,-0.004165201066503774
2022-11-11,-0.0027898871724617185
2022-11-14,-0.0027878798900218367
2022-11-15,-0.0015810229235984912
2022-11-16,-0.0016443481936608494
2022-11-17,-0.0014388598321472092
2022-11-18,-0.0015643681326590693
2022-11-21,-0.0012437622450806737
2022-11-22,-0.00060509087605617
2022-11-23,-0.00032519972987240527
2022-11-24,-0.0003197348893084005
2022-11-25,-0.00046818827988412106
2022-11-28,-0.0003101191735030465
2022-11-29,-9.0262362909533e-05
2022-11-30,-6.223599048032893e-05
2022-12-01,0.0010584228599380128
2022-12-02,0.0011169289899993688
2022-12-05,0.0010899139497053283
2022-12-06,0.00035648478676933556
2022-12-07,0.0008703884393710041
2022-12-08,0.00031298114879572443
2022-12-09,0.00014258416651186958
2022-12-12,-0.00029233052160125653
2022-12-13,0.00017526000834529182
2022-12-14,0.0004871275601982134
2022-12-15,0.0008494414940702174
2022-12-16,0.0004928490511358256
2022-12-19,6.041447875953106e-05
2022-12-20,-0.00022962613605173192
2022-12-21,0.0002453575362769978
2022-12-22,0.0010170980927907765
2022-12-23,0.0010706004406289956
2022-12-26,0.0012182491770280045
2022-12-27,0.001968737310026843
2022-12-28,0.0016437005470739355
2022-12-29,0.0019175411508533325
2022-12-30,0.0024630221943130596
2023-01-03,0.001859612141607084
2023-01-04,0.0011035912413448206
2023-01-05,0.0011108681189376257
2023-01-06,0.0017351495310654688
2023-01-09,0.004323045970328068
2023-01-10,0.004584943228535029
2023-01-11,0.004964929335435468
2023-01-12,0.003986326416345681
2023-01-13,0.00488315893414539
2023-01-16,0.004769927372062437
2023-01-17,0.005165302470291128
2023-01-30,0.005980547361968422
2023-01-31,0.005480892261310559
2023-02-01,0.005746017112721797
2023-02-02,0.0068154376341669504
2023-02-03,0.006539484035213869
2023-02-06,0.005685724277086791
2023-02-07,0.005997781524243698
2023-02-08,0.006611804157173359
2023-02-09,0.0064849727743219775
2023-02-10,0.006444511618662587
2023-02-13,0.006633657247487196
2023-02-14,0.00743855787274439
2023-02-15,0.004437037985199311
2023-02-16,0.005387745864788159
2023-02-17,0.0032123509825514505
2023-02-20,0.003712437537565335
2023-02-21,0.002100438026320457
2023-02-22,0.0009853822749109154
2023-02-23,0.0011359456721813683
2023-02-24,0.0007360733885332549
2023-03-01,0.001147071066814186
2023-03-02,0.001147561270533844
2023-03-03,0.0013276391547891594
2023-03-06,0.0019640805102126694
2023-03-07,0.0023669133544806636
2023-03-08,0.0013302104238524922
2023-03-09,0.0012540578682176558
2023-03-10,0.00039948227808602827
2023-03-13,0.0005156984351530612
2023-03-14,-0.0007282898741685186
2023-03-15,-0.0011562497696027763
2023-03-16,-0.0013226441455448682
2023-03-17,0.00012281563709057167
2023-03-20,8.197077938371683e-06
2023-03-21,0.0006132220102145412
2023-03-22,0.002697181372518268
2023-03-23,0.0029614888618972168
2023-03-24,0.003507812468694258
2023-03-27,0.003074034364136152
2023-03-28,0.0019162604356084655
2023-03-29,0.002042816247061552
2023-03-30,0.002987479771501897
2023-03-31,0.0034603579700084796
2023-04-06,0.0035467616699644726
2023-04-07,0.003426171575106045
2023-04-10,0.0029326695001828424
2023-04-11,0.003317623760975759
2023-04-12,0.0029829977509507437
2023-04-13,0.002050895217912232
2023-04-14,0.0033568878724225576
2023-04-17,0.0032629644630697047
2023-04-18,0.0027690617493210234
2023-04-19,0.0019333990220992
2023-04-20,0.0018845210509102095
2023-04-21,0.0014396747080693505
2023-04-24,0.0009595794447262765
2023-04-25,-0.0012943748914842218
2023-04-26,-0.0018004547992542168
2023-04-27,-0.0019044066620928775
2023-04-28,-0.000675819422901387
2023-05-02,-0.0007851808485402858
2023-05-03,-0.001399421974348787
2023-05-04,-0.0011655607349926227
2023-05-05,-0.0015797215081795823
2023-05-08,-0.0004126687820015764
2023-05-09,-0.00031691792494184154
2023-05-10,-0.0016573211306496083
2023-05-11,-0.0018511628023250397
2023-05-12,-0.0016977571172998424
2023-05-15,-0.0016361033385399655
2023-05-16,-0.0015458171483410008
2023-05-17,-8.142880974818644e-05
2023-05-18,0.0011066261607880377
2023-05-19,0.0015756987223735593
2023-05-22,0.000574795365345953
2023-05-23,0.002978377493781474
2023-05-24,0.0012525387928956281
2023-05-26,0.006380232926537842
2023-05-29,0.006839478869592573
2023-05-30,0.006882977093021594
2023-05-31,0.0072269031970098275
2023-06-01,0.004964831955471203
2023-06-02,0.006779761327620699
2023-06-05,0.006017059462101369
2023-06-06,0.006389430157695807
2023-06-07,0.007490204859274587
2023-06-08,0.005562258014974562
2023-06-09,0.005749167981047942
2023-06-12,0.007651720073746146
2023-06-13,0.010138397830900023
2023-06-14,0.011554836298696377
2023-06-15,0.011535956161774956
2023-06-16,0.012224606981389228
2023-06-19,0.011866540931996423
2023-06-20,0.011646502353039103
2023-06-21,0.010146336530920895
2023-06-26,0.010057779226787498
2023-06-27,0.008827394729648264
2023-06-28,0.007269206182195106
2023-06-29,0.00649843423211433
2023-06-30,0.0062811693632398805
2023-07-03,0.008356218259994287
2023-07-04,0.009434679606926203
2023-07-05,0.009094868981860033
2023-07-06,0.005930220545946098
2023-07-07,0.005436324316690621
2023-07-10,0.005652165166408683
2023-07-11,0.0073227789183197885
2023-07-12,0.007558596510187501
2023-07-13,0.009038458922044653
2023-07-14,0.010526983450678698
2023-07-17,0.01110160181729101
2023-07-18,0.00822145833886131
2023-07-19,0.007417313550748281
2023-07-20,0.008291907769295236
2023-07-21,0.006955513783675687
2023-07-24,0.007119496972320114
2023-07-25,0.008884439540235963
2023-07-26,0.008903112276935535
2023-07-27,0.011066538942821575
2023-07-28,0.011463359716711644
2023-07-31,0.010881552367458852
2023-08-01,0.010383102644216368
2023-08-02,0.008636399335621903
2023-08-04,0.008455658335606249
2023-08-07,0.00941776670255408
2023-08-08,0.0077567918468673105
2023-08-09,0.007362017941476359
2023-08-10,0.006323689529855172
2023-08-11,0.00707977655778639
2023-08-14,0.0055385622203447974
2023-08-15,0.0060080349989420235
2023-08-16,0.005373612753378953
2023-08-17,0.004814760284889211
2023-08-18,0.002574883484290726
2023-08-21,0.0004754683985774845
2023-08-22,0.0011858428804579167
2023-08-23,0.002172267380270361
2023-08-24,0.004338580447387116
2023-08-25,0.002464119845128134
2023-08-28,-0.0005445428419396353
2023-08-29,-0.000541816522019049
2023-08-30,-1.420470011834599e-05
2023-08-31,-0.0003729755901188784
2023-09-01,0.0006597859175063607
2023-09-04,0.00012258562846460588
2023-09-05,0.00017057612784535263
2023-09-06,-0.0005533434682169657
2023-09-07,-0.0028242418106268013
2023-09-08,-0.0023243632442385472
2023-09-11,-0.0036004294801771134
2023-09-12,-0.00351526684545623
2023-09-13,-0.005748461581116714
2023-09-14,-0.004021304830071093
2023-09-15,-0.0040081727587814205
2023-09-18,-0.004966112945861832
2023-09-19,-0.005217131509697678
2023-09-20,-0.0052468272887348415
2023-09-21,-0.006693919106544947
2023-09-22,-0.006030432567933742
2023-09-25,-0.004579665850220002
2023-09-26,-0.005826332666083843
2023-09-27,-0.005742803891003727
2023-09-28,-0.005420135718858059
2023-10-02,-0.005733670357588624
2023-10-03,-0.006554126693076002
2023-10-04,-0.007538663849219153
2023-10-05,-0.003573044555048263
2023-10-06,-0.0030553914645289186
2023-10-11,-0.001251618173366235
2023-10-12,-0.0021555497600611755
2023-10-13,-0.0026379749993975404
2023-10-16,-0.004486082748649664
2023-10-17,-0.005512296222326464
2023-10-18,-0.006532948213796938
2023-10-19,-0.0045351868204653745
2023-10-20,-0.0031155656677477944
2023-10-23,-0.0047947473409039685
2023-10-24,-0.0027163425518836187
2023-10-25,-0.0025812595581301526
2023-10-26,-0.005486380193164729
2023-10-27,-0.004841430614589451
2023-10-30,-0.005950078100940796
2023-10-31,-0.00631763322520011
2023-11-01,-0.005471359787717762
2023-11-02,-0.005184629709689922
2023-11-03,-0.003392191185197886
2023-11-06,-0.0024458288505498126
2023-11-07,-0.003647085685514684
2023-11-08,-0.0019979048249655048
2023-11-09,-0.0021709605134238876
2023-11-10,-0.0015817340752337517
2023-11-13,-0.0005056321033355672
2023-11-14,0.0013696863068043223
2023-11-15,0.00220844918379118
2023-11-16,0.002881393248484718
2023-11-17,0.002667595514029692
2023-11-20,0.003357905786551249
2023-11-21,0.005486113552137139
2023-11-22,0.003538705713427714
2023-11-23,0.002666863791575091
2023-11-24,0.0005018218489571564
2023-11-27,0.002156996813190221
2023-11-28,0.002108224974244031
2023-11-29,0.001351142980363672
2023-11-30,0.000983821172311963
2023-12-01,0.0022075798501507552
2023-12-04,0.0016136768145263724
2023-12-05,3.230695710313855e-05
2023-12-06,0.0006830654945299297
2023-12-07,0.0004681424137425036
2023-12-08,0.0024275274397860844
2023-12-11,0.0030831861596870083
2023-12-12,0.0038136746201609287
2023-12-13,0.002629155367635621
2023-12-14,0.0039549586612140555
2023-12-15,0.002759624315120833
2023-12-18,0.0025584484028036217
2023-12-19,0.0033935812203786326
2023-12-20,0.004241597358048984
2023-12-21,0.003877380951920346
2023-12-22,0.005660078749465771
2023-12-25,0.006236475956380865
2023-12-26,0.00624861710451343
2023-12-27,0.008679446036621043
2023-12-28,0.008641967494555994
2023-12-29,0.007998600963720487
2024-01-02,0.006313526897893904
2024-01-03,0.00474850440463767
2024-01-04,0.00588524766559517
2024-01-05,0.004256438556707559
2024-01-08,0.004474934913359876
2024-01-09,0.0031262636777500065
2024-01-10,0.0017332207518676978
2024-01-11,0.0024858295852538135
2024-01-12,0.00280545172169612
2024-01-15,0.0029084861384040986
2024-01-16,0.002938567463585861
2024-01-17,-0.0009586976465821681
2024-01-18,-0.0005542095639083147
2024-01-19,0.0048968078636556535
2024-01-22,0.005644293753301319
2024-01-23,0.00568697414080905
2024-01-24,0.007047395738498189
2024-01-25,0.00822141297282136
2024-01-26,0.008396446011287948
2024-01-29,0.009532193484179672
2024-01-30,0.009020935403218276
2024-01-31,0.0065063394113719485
2024-02-01,0.006200738010965922
2024-02-02,0.006494794429560609
2024-02-05,0.00727622698371643
2024-02-15,0.012754450942224204
2024-02-16,0.01183573729143031
2024-02-19,0.011835791757655575
2024-02-20,0.011318612098341752
2024-02-21,0.0107805406630907
2024-02-22,0.011119013205238018
2024-02-23,0.011889815639253263
2024-02-26,0.011732795186301673
2024-02-27,0.011264656536517325
2024-02-29,0.009920316871696925
2024-03-01,0.010460171537815586
2024-03-04,0.014044374772713636
2024-03-05,0.015125153732270188
2024-03-06,0.016398604045547223
2024-03-07,0.01849939765921164
2024-03-08,0.020316371893381105
2024-03-11,0.01891687401057003
2024-03-12,0.01983487701571034
2024-03-13,0.02084081339721706
2024-03-14,0.02150150614585982
2024-03-15,0.019461293577037683
2024-03-18,0.02124587318024464
2024-03-19,0.02009732169350717
2024-03-20,0.01929505346197556
2024-03-21,0.022420372604434205
2024-03-22,0.022222604944484158
2024-03-25,0.020959601027323124
2024-03-26,0.02052914910843581
2024-03-27,0.020384033345947683
2024-03-28,0.02025798719119684
2024-03-29,0.020719486903917162
2024-04-01,0.021389176577769765
2024-04-02,0.022825216173020135
2024-04-03,0.02146492549876973
2024-04-08,0.021472126914080434
2024-04-09,0.023030325490519976
2024-04-10,0.022841279991385948
2024-04-11,0.02273541083976947
2024-04-12,0.022932842023556686
2024-04-15,0.02348518274237003
2024-04-16,0.020173919135106085
2024-04-17,0.021883696877344497
2024-04-18,0.02253776395399131
2024-04-19,0.016057937854872615
2024-04-22,0.016337784626643256
2024-04-23,0.017009575708773348
2024-04-24,0.020790173106202698
2024-04-25,0.018220687017418972
2024-04-26,0.021472890464572493
2024-04-29,0.027641270305834
2024-04-30,0.026385787225345986
2024-05-02,0.020327957445162477
2024-05-03,0.020125130507873398
2024-05-06,0.02165946306365062
2024-05-07,0.022402421805360916
2024-05-08,0.021347221900378428
2024-05-09,0.021193838434660398
2024-05-10,0.021304532009725877
2024-05-13,0.022878939507794713
2024-05-14,0.02534610983758064
2024-05-15,0.027039442200167157
2024-05-16,0.026942599512550448
2024-05-17,0.026015644395102833
2024-05-20,0.020183410424522204
2024-05-21,0.0209448674526457
2024-05-22,0.023332734028161887
2024-05-23,0.023795468991687684
2024-05-24,0.023683060498665594
2024-05-27,0.023984478818290494
2024-05-28,0.023341589023299084
2024-05-29,0.02149464434536088
2024-05-30,0.019879293109566244
2024-05-31,0.018529509195727326
2024-06-03,0.021587990445123387
2024-06-04,0.01606180931312553
2024-06-05,0.016236155733786957
2024-06-06,0.01984053465127913
2024-06-07,0.016045166763563434
2024-06-11,0.014635972836951418
2024-06-12,0.01805891797304753
2024-06-13,0.018548633670708213
2024-06-14,0.018673088040210863
2024-06-17,0.018791866074807918
2024-06-18,0.022511364780880942
2024-06-19,0.024717362770306082
2024-06-20,0.02618225942185825
2024-06-21,0.026114986822307534
2024-06-24,0.019721649120229202
2024-06-25,0.019811139234971988
2024-06-26,0.020546405822137598
2024-06-27,0.02043500567769266
2024-06-28,0.02116009819614698
2024-07-01,0.021845832355668525
2024-07-02,0.020235206130805285
2024-07-03,0.02212020944693476
2024-07-04,0.023576109078214443
2024-07-05,0.02397831736187968
2024-07-08,0.02717226385298037
2024-07-09,0.024101916404635236
2024-07-10,0.024728934337877574
2024-07-11,0.02785235647925165
2024-07-12,0.02424150306000755
2024-07-15,0.026065804341512854
2024-07-16,0.029537778126114318
2024-07-17,0.026409736679532652
2024-07-18,0.022960837881514616
2024-07-19,0.026416279528173034
2024-07-22,0.023093712402182963
2024-07-23,0.025726751302378264
2024-07-26,0.017280733062543067
2024-07-29,0.020622898429604637
2024-07-30,0.018621031140512286
2024-07-31,0.0165894184915781
2024-08-01,0.019151978995822588
2024-08-02,0.014560800090469618
2024-08-05,0.005556176531810256
2024-08-06,0.007575167731300598
2024-08-07,0.009094065511620762
2024-08-08,0.007725825057024705
2024-08-09,0.009247329188447027
2024-08-12,0.008927360723162444
2024-08-13,0.0077976214181733235
2024-08-14,0.007534386178577066
2024-08-15,0.005532391059668656
2024-08-16,0.005942993845473749
2024-08-19,0.006147989556003073
2024-08-20,0.006208254096850567
2024-08-21,0.005886322006152006
2024-08-22,0.003481153669050863
2024-08-23,0.002580292824633305
2024-08-26,0.0031476548468789365
2024-08-27,0.001289632591112667
2024-08-28,0.0017338854772610344
2024-08-29,0.0027770133879446526
2024-08-30,0.005077690922767997
2024-09-02,0.006275412081377519
2024-09-03,0.0033768026892878255
2024-09-04,0.0018938766710364574
2024-09-05,0.0011623123346251774
2024-09-06,-0.0019592325123608733
2024-09-09,-0.0020977178631234545
2024-09-10,-0.0022902206847011898
2024-09-11,-0.00463986892572889
2024-09-12,-0.003781323692709981
2024-09-13,-0.004447369910695751
2024-09-16,-0.004311632027184467
2024-09-18,-0.006657774964927362
2024-09-19,-0.00899959915625455
2024-09-20,-0.009265240434692503
2024-09-23,-0.008238042890122461
2024-09-24,-0.004650404013242753
2024-09-25,-0.003556803338761094
2024-09-26,-0.003932792851972402
2024-09-27,-0.004046645428639778
2024-09-30,-0.0066043252513976495
2024-10-01,-0.006832097085349972
2024-10-04,-0.0060286389349723975
2024-10-07,-0.005556077209386163
2024-10-08,-0.009051870990457709
2024-10-09,-0.007891206361783339
2024-10-11,-0.010362986169962531
2024-10-14,-0.010181743130573686
2024-10-15,-0.008952431549444324
2024-10-16,-0.012938275931267921
2024-10-17,-0.009043564634575894
2024-10-18,-0.006941519056972411
2024-10-21,-0.007060775756394232
2024-10-22,-0.005803192767226354
2024-10-23,-0.004365664301126914
2024-10-24,-0.0022962515216367473
2024-10-25,0.002219221087046915
2024-10-28,-0.0017126550974912594
2024-10-29,0.0004398953336903307
2024-10-30,-0.0004638209052935584
2024-11-01,-0.00121759290453819
2024-11-04,4.4548317892021e-05
2024-11-05,-0.0016500799256723832
2024-11-06,0.0053707268386064535
2024-11-07,0.015047083627902075
2024-11-08,0.012147024564618783
2024-11-11,0.009991053766485283
2024-11-12,0.008024131949441042
2024-11-13,0.0059339834746233965
2024-11-14,0.004368151683071586
2024-11-15,0.0050468736701506835
2024-11-18,0.002924189681194731
2024-11-19,0.004794448306032796
2024-11-20,0.003338099266391671
2024-11-21,0.0020538477319532998
2024-11-22,0.004208510881192417
2024-11-25,0.004269597786770119
2024-11-26,0.0030466261719344205
2024-11-27,0.0014058502891963337
2024-11-28,0.0011545894708623512
2024-11-29,0.001616324383757884
2024-12-02,0.0036443044106689295
2024-12-03,0.005759893714863837
2024-12-04,0.006214926513063335
2024-12-05,0.006993055862083883
2024-12-06,0.00687495781303825
2024-12-09,0.010450196394127028
2024-12-10,0.009217124842988884
2024-12-11,0.007240841659328322
2024-12-12,0.009632116579896778
2024-12-13,0.009596118009196098
2024-12-16,0.01025993303940178
2024-12-17,0.008203332472665619
2024-12-18,0.008164036909889967
2024-12-19,0.006490228110052148
2024-12-20,0.005805282832388444
2024-12-23,0.007601529248000158
2024-12-24,0.007020621550547309
2024-12-25,0.007053613775907328
2024-12-26,0.006301040678184244
2024-12-27,0.0056292594411496925
2024-12-30,0.00443418607216476
2024-12-31,0.003423305853281158
2025-01-02,0.004282650509761268
2025-01-03,0.0055384683935349385
2025-01-06,0.00904893193401895
2025-01-07,0.008341399255486426
2025-01-08,0.007044606259158202
2025-01-09,0.005029076901690492
2025-01-10,0.0036908394830872534
2025-01-13,0.0010482587026979459
2025-01-14,6.582497543059014e-05
2025-01-15,0.0005691471806393599
2025-01-16,0.0027125832036245753
2025-01-17,-0.0006085684690137096
2025-01-20,0.0005524305528301272
2025-01-21,0.0011988316987246006
2025-01-22,0.00339203208091703
2025-02-03,-0.0006967380751033709
2025-02-04,-0.0009461999853728443
2025-02-05,0.0009438417787114464
2025-02-07,0.004528048476299074
2025-02-10,0.003086662398231679
2025-02-11,0.004526451740283756
2025-02-12,0.002921572484208575
2025-02-13,0.002156322788749682
2025-02-14,0.0002646553818115909
2025-02-17,0.00025109520125208965
2025-02-18,-0.00032537684519205924
2025-02-19,-0.0005289773263446296
2025-02-20,0.00200971677708358
2025-02-21,0.0033245671394622005
2025-02-24,0.0035981915557735697
2025-02-25,0.001721979405834966
2025-02-26,0.0037428380092414375
2025-02-27,0.0012691329924611938
2025-03-03,-0.00019944126476312504
2025-03-04,0.0004669802782744239
2025-03-05,-0.0006108455281988262
2025-03-06,-0.0007144601011500868
2025-03-07,0.0001499981540447913
2025-03-10,0.0014869231566026965
2025-03-11,0.0010469776124554997
2025-03-12,0.0009336028051200135
2025-03-13,-0.0020328598686776803
2025-03-14,-0.0036527747898921622
2025-03-17,-0.004007458625876111
2025-03-18,-0.004458067168635721
2025-03-19,-0.004466677690535631
2025-03-20,-0.003851194658600418
2025-03-21,-0.0033443104070738842
2025-03-24,-0.002413042013245897
2025-03-25,-0.003341350960015753
2025-03-26,-0.003455078141404566
2025-03-27,-0.004574270383269049
2025-03-28,-0.005487024226588812
2025-03-31,-0.006432140438277248
2025-04-01,-0.004375583384333478
2025-04-02,-0.003393608014125507
2025-04-07,-0.00868784023658517
2025-04-08,-0.009845994326604447
2025-04-09,-0.011382315530742738
2025-04-10,-0.008692252162511259
2025-04-11,-0.008443576230492118
2025-04-14,-0.007968390027971431
2025-04-15,-0.00655882764953383
2025-04-16,-0.006074333521913243
2025-04-17,-0.007474998533552925
2025-04-18,-0.010871045935002316
2025-04-21,-0.012467308097243428
2025-04-22,-0.011261443957412394
2025-04-23,-0.008846710517622088
2025-04-24,-0.008971674582276953
2025-04-25,-0.005792454509214779
2025-04-28,-0.0062532421684671135
2025-04-29,-0.005302498662231738
2025-04-30,-0.007424694923503202
2025-05-02,-0.005685507538110868
2025-05-05,-0.007045647500594914
2025-05-06,-0.0074132604163004625
2025-05-07,-0.008955709011167805
2025-05-08,-0.0038751511952607324
2025-05-09,-0.004208733108829592
2025-05-12,-0.005599046594183057
2025-05-13,-0.006262762551477281
2025-05-14,-0.004413346264285706
2025-05-15,-0.005147487997099044
2025-05-16,-0.004907347251708663
2025-05-19,-0.004915537204852387
2025-05-20,-0.0038697198276027704
2025-05-21,-0.004725312957897985
2025-05-22,-0.005306579857813351
2025-05-23,-0.005268055228825407
2025-05-26,-0.004981473762454349
2025-05-27,-0.005805085543070944
2025-05-28,-0.005027094203480748
2025-05-29,-0.0038881722076703723
2025-06-02,-0.004901731112921547
2025-06-03,-0.0037756850608684053
2025-06-04,-0.0012328473204140664
2025-06-05,-0.000627604501083563
2025-06-06,-0.001676644829251515
2025-06-09,-0.0009165183409850485
2025-06-10,0.001341216185014526
2025-06-18,-0.062247687370530394
2025-06-19,-0.062434170844031835
2025-06-20,-0.06269434311182262
2025-06-23,-0.06302980961703288
2025-06-24,-0.061509439289250005
2025-06-25,-0.06033745709990485
2025-06-26,-0.0603278200147601
2025-06-27,-0.059798972767291195
2025-06-30,-0.06034356658038842
2025-07-01,-0.05939586504327773
2025-07-02,-0.05933554974829069
2025-07-03,-0.058064893962711604
2025-07-04,-0.05913348545354048
2025-07-07,-0.059201547058637186
2025-07-08,-0.059403631464195104
2025-07-09,-0.057294828078542095
2025-07-10,-0.05645919163699427
2025-07-11,-0.055916716579049626
2025-07-14,-0.054107307594604866
2025-07-15,-0.05169125422129869
2025-07-16,-0.04959085500436498
2025-07-17,-0.05138661588126024
2025-07-18,-0.05022159300558069
2025-07-21,-0.05135827395991687
2025-07-22,-0.05242385718520615
2025-07-23,-0.05161892365461411
2025-07-24,-0.05064124915775129
2025-07-25,-0.050927998392013174
2025-07-28,-0.05022077123131451
2025-07-29,-0.051194180037637954
2025-07-30,-0.051012948652203065
2025-07-31,-0.04959039195377252
2025-08-01,-0.0512206461227954
2025-08-04,-0.052126611739666075
2025-08-05,-0.05071171627771164
2025-08-06,-0.05186640151861763
2025-08-07,-0.04923454401177929
2025-08-08,-0.04901022756612373
2025-08-11,-0.04796698148747255
2025-08-12,-0.04775909870690657
2025-08-13,-0.047081324232371165
2025-08-14,-0.04783993880301075
2025-08-15,-0.048120386902891485
2025-08-18,-0.048091210460606694
2025-08-19,-0.048882573208377814
2025-08-20,-0.052171869309103606
2025-08-21,-0.051554647304109386
2025-08-22,-0.05177438265318081
2025-08-25,-0.04965244557941583
2025-08-26,-0.04992849179742892
2025-08-27,-0.04909352338532969
2025-08-28,-0.05010857789029609
2025-08-29,-0.05008084142086642
2025-09-01,-0.05098703071896453
2025-09-02,-0.05102901173201244
2025-09-03,-0.051198665316030664
2025-09-04,-0.04986424667774712
2025-09-05,-0.04879676313536783
2025-09-08,-0.048263281089549796
2025-09-09,-0.047088360227233304
2025-09-10,-0.04481523453897913
2025-09-11,-0.04397422089448303
2025-09-12,-0.04439357430945662
2025-09-15,0.020688820170527807
2025-09-16,0.02322873633371601
2025-09-17,0.022454953807777515
2025-09-18,0.024514482951013106
2025-09-19,0.023086060374007792
2025-09-22,0.0223951052156284
2025-09-23,0.02456812773699591
2025-09-24,0.0243264467038434
2025-09-25,0.02370397139765432
2025-09-26,0.020883230154341584
2025-09-30,0.02208000699446546
2025-10-01,0.020988163722840635
2025-10-02,0.02459021502747046
2025-10-03,0.027184891624898188
2025-10-07,0.03128683939176578
2025-10-08,0.028813820447198168
2025-10-09,0.028287978849886666
2025-10-13,0.026495016825846544
2025-10-14,0.02661368133044478
2025-10-15,0.02719387841543861
2025-10-16,0.02865486236067789
2025-10-17,0.02595911785392811
2025-10-20,0.026230979916571154
2025-10-21,0.027803854023275166
2025-10-22,0.02767106930156485
2025-10-23,0.026575878125103237
2025-10-27,0.028793778646197202
2025-10-28,0.028140313945936614
2025-10-29,0.029886816134787525
2025-10-30,0.03139841972688554
2025-10-31,0.030696238084093837
2025-11-03,0.028122685518802797
2025-11-04,0.02884291024956804
2025-11-05,0.02799055374940328
2025-11-06,0.02665697236274603
2025-11-07,0.02625941939500195
2025-11-10,0.024264812028913618
2025-11-11,0.023357547154121947
2025-11-12,0.02299333388915878
2025-11-13,0.022267208233865174
2025-11-14,0.01875463537783797
2025-11-17,0.019643070347400003
2025-11-18,0.01666468096555225
2025-11-19,0.01546844208644099
2025-11-20,0.019608028746013917
2025-11-21,0.018979971033582285
2025-11-24,0.017606740043953826
2025-11-25,0.019922873655425107
2025-11-26,0.019696058867136233
2025-11-27,0.02071522090313109
2025-11-28,0.021037107072251073
2025-12-01,0.020501890763187286
2025-12-02,0.020915723309515594
2025-12-03,0.02336904163550784
2025-12-04,0.023164208516627365
2025-12-05,0.024415204393772868
2025-12-08,0.02548761231115837
2025-12-09,0.023944122334159375
2025-12-10,0.023639923866481394
2025-12-11,0.020932453268236687
2025-12-12,0.018658924172418868
2025-12-15,0.016204630133163877
2025-12-16,0.013840872532025573
2025-12-17,0.013130061051075588
2025-12-18,0.011440905286328348
2025-12-19,0.01355426296626809
2025-12-22,0.014027871954606828
2025-12-23,0.014515129443478604
2025-12-24,0.013925774029530892
2025-12-26,0.012704841682301779
2025-12-29,0.014479811520534278
2025-12-30,0.014719268093535517
2025-12-31,0.017664632011688528
2026-01-02,0.01905534532065307
2026-01-05,0.023233069570045107
2026-01-06,0.022471442441708327
2026-01-07,0.019649761720506906
2026-01-08,0.016621571708650296
2026-01-09,0.0173002605904648
2026-01-12,0.017274817022103466
2026-01-13,0.01914374967859328
2026-01-14,0.019859068021045017
2026-01-15,0.017380294970709736
2026-01-16,0.017341163865681523
2026-01-19,0.020316879541652955
2026-01-20,0.0181684402114804
2026-01-21,0.016655934234062617
2026-01-22,0.017571574590556395
2026-01-23,0.01907618844954832
2026-01-26,0.016129484214982132
2026-01-27,0.018428214736808207
2026-01-28,0.01832278003153339
2026-01-29,0.017552674900038645
2026-01-30,0.014886327967889867
2026-02-02,0.014140687024557596
2026-02-03,0.01710068131400686
2026-02-04,0.01860270225875601
2026-02-05,0.01673344635740274
2026-02-06,0.018061495449703036
2026-02-09,0.0200542194831491
2026-02-10,0.023626996631551545
2026-02-11,0.02589094436123087
2026-02-23,0.026830154854268165
2026-02-24,0.03259524923454835
2026-02-25,0.03493378328932702
2026-02-26,0.038045490549940754
2026-03-02,0.037625593207639724
2026-03-03,0.031088038941922556
2026-03-04,0.03019951758571145
2026-03-05,0.03390439443104777
2026-03-06,0.0312607044038747
2026-03-09,0.023707180503715893
2026-03-10,0.02533602393814079
2026-03-11,0.029144825147417314
2026-03-12,0.02862264148225891
2026-03-13,0.027325934819814275
2026-03-16,0.025604916544464645
2026-03-17,0.027246816450693698
2026-03-18,0.02766769828891371
2026-03-19,0.02333839714835721
2026-03-20,0.023416546944738104
2026-03-23,0.020497213863470965
2026-03-24,0.02207719462469649
2026-03-25,0.024119573809202634
2026-03-26,0.024941013461180175
2026-03-27,0.025078852784374522
2026-03-30,0.024432753776671617
2026-03-31,0.022482893333155233
2026-04-01,0.02521940177455309
2026-04-02,0.02153547900672435
2026-04-07,0.022624398237661054
2026-04-08,0.02712918262122334
2026-04-09,0.02596831294577772
2026-04-10,0.026222568661660374
2026-04-13,0.026231133508026378
2026-04-14,0.028610141140916787
2026-04-15,0.027307001828948324
2026-04-16,0.023510232874754858
2026-04-17,0.02081201633285198
2026-04-20,0.022305653288538275
2026-04-21,0.023647093564044354
2026-04-22,0.024530026366594883
2026-04-23,0.023616340822390815
2026-04-24,0.027356258934008684
2026-04-27,0.030838458420377676
2026-04-28,0.029883045072909443
2026-04-29,0.0260030625701038
2026-04-30,0.024648394495918487
2026-05-04,0.02940981297986008
2026-05-05,0.030737600894932323
2026-05-06,0.03211239392365449
2026-05-07,0.03380320619534326
2026-05-08,0.032922679289173744
2026-05-11,0.031358945373120596
2026-05-12,0.029268609180038936
2026-05-13,0.028163861376037276
2026-05-14,0.03094532660404366
2026-05-15,0.031979768300453515
2026-05-18,0.028668843337100184
2026-05-19,0.0261967455152592
2026-05-20,0.02690996653080911
2026-05-21,0.03196802473315942
2026-05-22,0.030352946239784313
2026-05-25,0.032516868399747295
2026-05-26,0.028687855331519133
2026-05-27,0.0316578218783692
2026-05-29,0.03209384175218547
2026-06-01,0.02947378745151609
2026-06-02,0.029650675242547598
2026-06-03,0.033349220052115644
2026-06-04,0.03402683461981163
2026-06-05,0.0367044836387017
2026-06-08,0.029469032474683805
2026-06-09,0.033796778411293985
2026-06-10,0.03499582972082839
2026-06-11,0.0316574085878409
2026-06-12,0.029741924470978297
2026-06-15,0.03640174169477449
2026-06-16,0.038129721826449144
2026-06-17,0.038740994609070656
2026-06-18,0.038957363342596446
2026-06-22,0.042271460779571106
2026-06-23,0.043413822263597336
2026-06-24,0.03987009825792024
2026-06-25,0.04198935885497521
2026-06-26,0.036570825528629995
2026-06-29,0.036076857945628475
2026-06-30,0.04093238530356127
2026-07-01,0.04363656569523796
2026-07-02,0.04442881076619725
2026-07-03,0.04592759136924535
2026-07-06,0.04176698098210393
2026-07-07,0.04139884275682381
2026-07-08,0.039509224186653064
2026-07-09,0.03436854481084357
2026-07-13,0.03465051728912805
2026-07-14,0.030919177322503343
2026-07-15,0.033244862438677664
2026-07-16,0.03007837834067526
2026-07-17,0.0233560540628506
2026-07-20,0.0214320795163655
2026-07-21,0.024827826030331623
2026-07-22,0.0252592931482652
2026-07-23,0.02349296808118552
2026-07-24,0.02157117196072084
2026-07-27,0.02139789593940303
2026-07-28,0.014817859371530913
2026-07-29,0.009442068103057692
2026-07-30,0.010445003879477792
2026-07-31,0.017091529387795585
2026-08-03,0.0169438854921547
2026-08-04,0.011546813985357953
2026-08-05,0.013185119175693505
2026-08-06,0.011671097540326943
2026-08-07,0.009000227349571873
2026-08-10,0.010571733848396598
2026-08-11,0.010884039344068282
2026-08-12,0.01125257554127098
2026-08-13,0.013852865122887742
2026-08-14,0.012939983752887648
2026-08-17,0.01386477959842651
2026-08-18,0.01379791092692532
2026-08-19,0.01542451267002564
2026-08-20,0.016640886753045463
2026-08-21,0.01226198010874151
2026-08-24,0.009832253461385438
2026-08-25,0.005389566542839591
2026-08-26,0.007142352842620085
2026-08-27,0.004000862264920574
2026-08-28,0.001011062783212748
2026-08-31,0.0002815245242219581
2026-09-01,0.001944973541263063
2026-09-02,-0.0018167893388765872
2026-09-03,-0.0005066137449159287
2026-09-04,0.003390307553669858
2026-09-07,0.009175824371492836
2026-09-08,0.00563111880091063
2026-09-09,0.00979117747166336
2026-09-10,0.009894619224974772
2026-09-11,0.00588020309074179
2026-09-14,0.0009395282613768009
2026-09-15,-0.0004323999065403503
2026-09-16,8.40836803018315e-06
2026-09-17,-0.000606196883269415
2026-09-18,-0.0037584970521904646
2026-09-21,-0.001264436964139676
2026-09-22,0.0026743834518744088
2026-09-23,0.0031096718487215926
2026-09-24,0.008127070117425111
2026-09-29,0.0054886440273570845
