date,nav,cash,receivables,gross_equity,equity_weight,regime,e45_equity_scale,dividend_credit,stock_shares_added,cil_cash_credit,pre_financial,pre_fin_pub,pre_fin_priv,pre_telecom,pre_0050,pre_def,tgt_financial,tgt_fin_pub,tgt_fin_priv,tgt_telecom,tgt_0050,tgt_def
2012-12-04,500000000.0,500000000.0,0.0,0.0,0.0,Bull,1.0,0.0,0.0,0.0,0.0,0.0,0.0,0.0,0.0,0.0,0.7553646941256098,0.0,0.0,0.09454459206270818,0.15009071381168204,0.0
2012-12-05,500961893.99068767,400076293.99068767,0.0,100885600.0,0.2013837803038076,Bull,1.0,0.0,0.0,0.0,0.15241798012169638,0.0,0.0,0.018923595015345063,0.030042205166766162,0.0,0.7665235205942074,0.0,0.0,0.07873235583858453,0.15474412356720815,0.0
2012-12-06,500776313.3717638,299949713.3717638,0.0,200826600.0,0.4010305492442718,Bull,1.0,0.0,0.0,0.0,0.3063783088440519,0.0,0.0,0.03353593121632443,0.06111630918389538,0.0,0.7665235205942074,0.0,0.0,0.07873235583858453,0.15474412356720815,0.0
2012-12-07,500870906.4728211,199840656.47282115,0.0,301030250.0,0.6010136466497578,Bull,1.0,0.0,0.0,0.0,0.45983016187125586,0.0,0.0,0.04831384631703123,0.0928696384614707,0.0,0.7665235205942074,0.0,0.0,0.07873235583858453,0.15474412356720815,0.0
2012-12-10,497861245.9056219,99544195.90562192,0.0,398317050.0,0.8000563475782323,Bull,0.9999999999999999,0.0,0.0,0.0,0.6112071435616111,0.0,0.0,0.06470075802225894,0.12414844599436224,0.0,0.7670128064304345,0.0,0.0,0.0929051972489882,0.14008199632057722,0.0
2012-12-11,498790552.7315114,24933002.731511407,0.0,473857550.0,0.950013081452783,Bull,0.9999999999999999,0.0,0.0,0.0,0.728520013079717,0.0,0.0,0.08585968552426121,0.13563338284880472,0.0,0.7670128064304345,0.0,0.0,0.0929051972489882,0.14008199632057722,0.0
2012-12-12,503671144.32477415,6235794.324774155,0.0,497435350.0,0.9876193139213209,Bull,0.9999999999999999,0.0,0.0,0.0,0.7590078453124444,0.0,0.0,0.08983599817031326,0.13877547043856323,0.0,0.7670128064304345,0.0,0.0,0.0929051972489882,0.14008199632057722,0.0
2012-12-13,505471294.32477415,6235794.324774155,0.0,499235500.0,0.9876634056280008,Bull,1.0,0.0,0.0,0.0,0.7588242978513305,0.0,0.0,0.08902424431462813,0.1398148634620421,0.0,0.775259604822826,0.0,0.0,0.07826869287294759,0.14647170230422651,0.0
2012-12-14,504715784.1045434,1435684.1045434056,0.0,503280100.0,0.9971554602614805,Bull,1.0,0.0,0.0,0.0,0.772746389717058,0.0,0.0,0.08072503631382515,0.14368403423059736,0.0,0.775259604822826,0.0,0.0,0.07826869287294759,0.14647170230422651,0.0
2012-12-17,501817684.1045434,1435684.1045434056,0.0,500382000.0,0.9971390324613505,Bull,1.0,0.0,0.0,0.0,0.773195150928893,0.0,0.0,0.08129645744309998,0.14264742408935743,0.0,0.775259604822826,0.0,0.0,0.07826869287294759,0.14647170230422651,0.0
2012-12-18,502755884.1045434,1435684.1045434056,0.0,501320200.0,0.9971443713541006,Bull,1.0,0.0,0.0,0.0,0.7730660391817136,0.0,0.0,0.08156403792873962,0.14251429424364742,0.0,0.775259604822826,0.0,0.0,0.07826869287294759,0.14647170230422651,0.0
2012-12-19,504483284.1045434,1435684.1045434056,0.0,503047600.0,0.9971541493052803,Bull,1.0,0.0,0.0,0.0,0.7736244436577262,0.0,0.0,0.08110556145111232,0.14242414419644178,0.0,0.775259604822826,0.0,0.0,0.07826869287294759,0.14647170230422651,0.0
2012-12-20,498450084.1045434,1435684.1045434056,0.0,497014400.0,0.9971197033558084,Bull,1.0,0.0,0.0,0.0,0.7736243052155303,0.0,0.0,0.08109217209304824,0.1424032260472298,0.0,0.775259604822826,0.0,0.0,0.07826869287294759,0.14647170230422651,0.0
2012-12-21,492791384.1045434,1435684.1045434056,0.0,491355700.0,0.997086629046585,Bull,1.0000000000000002,0.0,0.0,0.0,0.772753161445724,0.0,0.0,0.08097381830753503,0.1433596492933259,0.0,0.7805248416691991,0.0,0.0,0.0662015196547107,0.1532736386760903,0.0
2012-12-22,493593284.1045434,1435684.1045434056,0.0,492157600.0,0.9970913621583244,Bull,1.0000000000000002,0.0,0.0,0.0,0.7725820271072239,0.0,0.0,0.080975980198982,0.14353335485211857,0.0,0.7805248416691991,0.0,0.0,0.0662015196547107,0.1532736386760903,0.0
2012-12-24,493800684.1045434,1435684.1045434056,0.0,492365000.0,0.9970925838080867,Bull,1.0000000000000002,0.0,0.0,0.0,0.7733144410127125,0.0,0.0,0.08098247184998597,0.14279567094538828,0.0,0.7805248416691991,0.0,0.0,0.0662015196547107,0.1532736386760903,0.0
2012-12-25,499695684.1045434,1435684.1045434056,0.0,498260000.0,0.9971268831206415,Bull,1.0000000000000002,0.0,0.0,0.0,0.772687081922486,0.0,0.0,0.08091884978446295,0.14352095141369248,0.0,0.7805248416691991,0.0,0.0,0.0662015196547107,0.1532736386760903,0.0
2012-12-26,497689984.1045434,1435684.1045434056,0.0,496254300.0,0.9971153044055598,Bull,1.0000000000000002,0.0,0.0,0.0,0.7720470820632138,0.0,0.0,0.08123772085296202,0.14383050148938395,0.0,0.7805248416691991,0.0,0.0,0.0662015196547107,0.1532736386760903,0.0
2012-12-27,498856472.16965413,286222.1696541569,0.0,498570250.0,0.9994262434475205,Bull,1.0000000000000002,0.0,0.0,0.0,0.778860096392341,0.0,0.0,0.07024164655537077,0.15032450049980875,0.0,0.7805248416691991,0.0,0.0,0.0662015196547107,0.1532736386760903,0.0
2012-12-28,502429422.16965413,286222.1696541569,0.0,502143200.0,0.9994303236294998,Bull,1.0000000000000002,0.0,0.0,0.0,0.7781958674147388,0.0,0.0,0.07100161420872021,0.15023284200604076,0.0,0.7805248416691991,0.0,0.0,0.0662015196547107,0.1532736386760903,0.0
2013-01-02,506866922.16965413,286222.1696541569,0.0,506580700.0,0.9994353110113618,Bull,1.0000000000000002,0.0,0.0,0.0,0.7790693823729686,0.0,0.0,0.06978754866974779,0.1505783799686454,0.0,0.7805248416691991,0.0,0.0,0.0662015196547107,0.1532736386760903,0.0
2013-01-03,508575372.16965413,286222.1696541569,0.0,508289150.0,0.9994372079630339,Bull,1.0000000000000002,0.0,0.0,0.0,0.779590050356861,0.0,0.0,0.0685332045303465,0.1513139530758264,0.0,0.7805248416691991,0.0,0.0,0.0662015196547107,0.1532736386760903,0.0
2013-01-04,504341322.16965413,286222.1696541569,0.0,504055100.0,0.9994324832071605,Bull,1.0000000000000002,0.0,0.0,0.0,0.778136517372229,0.0,0.0,0.06968534691705787,0.1516106189178737,0.0,0.7805248416691991,0.0,0.0,0.0662015196547107,0.1532736386760903,0.0
2013-01-07,502106272.16965413,286222.1696541569,0.0,501820050.0,0.9994299569921377,Bull,1.0000000000000002,0.0,0.0,0.0,0.7774053455124137,0.0,0.0,0.07043767815760317,0.1515869333221208,0.0,0.7805248416691991,0.0,0.0,0.0662015196547107,0.1532736386760903,0.0
2013-01-08,502073822.16965413,286222.1696541569,0.0,501787600.0,0.999429920149158,Bull,1.0000000000000002,0.0,0.0,0.0,0.7779764304620788,0.0,0.0,0.07083480243266414,0.15061868725441518,0.0,0.7805248416691991,0.0,0.0,0.0662015196547107,0.1532736386760903,0.0
2013-01-09,501442622.16965413,286222.1696541569,0.0,501156400.0,0.9994292025508009,Bull,1.0000000000000002,0.0,0.0,0.0,0.7778903961379408,0.0,0.0,0.07017093969346548,0.1513678667193947,0.0,0.7805248416691991,0.0,0.0,0.0662015196547107,0.1532736386760903,0.0
2013-01-10,508357722.16965413,286222.1696541569,0.0,508071500.0,0.9994369670073417,Bull,1.0000000000000002,0.0,0.0,0.0,0.7794086382891025,0.0,0.0,0.06961554522858106,0.1504127834896582,0.0,0.7805248416691991,0.0,0.0,0.0662015196547107,0.1532736386760903,0.0
2013-01-11,508435572.16965413,286222.1696541569,0.0,508149350.0,0.9994370532171211,Bull,1.0000000000000002,0.0,0.0,0.0,0.7799169092513533,0.0,0.0,0.06926836344221866,0.15025178052354915,0.0,0.7805248416691991,0.0,0.0,0.0662015196547107,0.1532736386760903,0.0
2013-01-14,508394322.16965413,286222.1696541569,0.0,508108100.0,0.9994370075408541,Bull,1.0000000000000002,0.0,0.0,0.0,0.7796993056655751,0.0,0.0,0.0693357468068593,0.1504019550684197,0.0,0.7805248416691991,0.0,0.0,0.0662015196547107,0.1532736386760903,0.0
2013-01-15,506344922.16965413,286222.1696541569,0.0,506058700.0,0.9994347288634244,Bull,1.0000000000000002,0.0,0.0,0.0,0.7804223617109725,0.0,0.0,0.06938708864592542,0.14962527850652654,0.0,0.7805248416691991,0.0,0.0,0.0662015196547107,0.1532736386760903,0.0
2013-01-16,502867022.16965413,286222.1696541569,0.0,502580800.0,0.9994308193676745,Bull,1.0000000000000002,0.0,0.0,0.0,0.7798654171195434,0.0,0.0,0.06974229459049301,0.14982310765763815,0.0,0.7805248416691991,0.0,0.0,0.0662015196547107,0.1532736386760903,0.0
2013-01-17,499923122.16965413,286222.1696541569,0.0,499636900.0,0.999427467630599,Bull,1.0000000000000002,0.0,0.0,0.0,0.7797320882223872,0.0,0.0,0.07011258020609239,0.14958279920211945,0.0,0.7805248416691991,0.0,0.0,0.0662015196547107,0.1532736386760903,0.0
2013-01-18,504200172.16965413,286222.1696541569,0.0,503913950.0,0.9994323243317779,Bull,1.0000000000000002,0.0,0.0,0.0,0.7790062790138008,0.0,0.0,0.0703034270049252,0.15012261831305182,0.0,0.7805248416691991,0.0,0.0,0.0662015196547107,0.1532736386760903,0.0
2013-01-21,503841022.16965413,286222.1696541569,0.0,503554800.0,0.9994319196789067,Bull,1.0000000000000002,0.0,0.0,0.0,0.7788893375733471,0.0,0.0,0.07045218320481951,0.15009039890074005,0.0,0.7805248416691991,0.0,0.0,0.0662015196547107,0.1532736386760903,0.0
2013-01-22,505912772.16965413,286222.1696541569,0.0,505626550.0,0.9994342460095905,Bull,1.0000000000000002,0.0,0.0,0.0,0.7790022740675917,0.0,0.0,0.07054022345977176,0.14989174848222697,0.0,0.7805248416691991,0.0,0.0,0.0662015196547107,0.1532736386760903,0.0
2013-01-23,505533922.16965413,286222.1696541569,0.0,505247700.0,0.9994338220303284,Bull,1.0000000000000002,0.0,0.0,0.0,0.7786607045291354,0.0,0.0,0.07090780346876545,0.14986531403242753,0.0,0.7805248416691991,0.0,0.0,0.0662015196547107,0.1532736386760903,0.0
2013-01-24,502480822.16965413,286222.1696541569,0.0,502194600.0,0.9994303819030979,Bull,0.9999999999999999,0.0,0.0,0.0,0.7783093060374683,0.0,0.0,0.07118281618302945,0.1499382596826001,0.0,0.7853936312518992,0.0,0.0,0.07276534340894801,0.1418410253391527,0.0
2013-01-25,500660322.16965413,286222.1696541569,0.0,500374100.0,0.9994283106589837,Bull,1.0,0.0,0.0,0.0,0.7783101291337332,0.0,0.0,0.07119517649317823,0.14992300503207232,0.0,0.7890452234389245,0.0,0.0,0.07976826469801139,0.13118651186306413,0.0
2013-01-28,505401170.4658993,144520.46589928283,0.0,505256650.0,0.9997140480189904,Bull,1.0,0.0,0.0,0.0,0.7884887754269418,0.0,0.0,0.07594659894557927,0.1352786736464693,0.0,0.7890452234389245,0.0,0.0,0.07976826469801139,0.13118651186306413,0.0
2013-01-29,508805320.4658993,144520.46589928283,0.0,508660800.0,0.9997159611739772,Bull,1.0,0.0,0.0,0.0,0.7872952264595027,0.0,0.0,0.07617215945091031,0.13624857526356424,0.0,0.7890452234389245,0.0,0.0,0.07976826469801139,0.13118651186306413,0.0
2013-01-30,509422570.4658993,144520.46589928283,0.0,509278050.0,0.9997163053341608,Bull,1.0,0.0,0.0,0.0,0.7875525609968161,0.0,0.0,0.0758305623652886,0.13633318197205607,0.0,0.7890452234389245,0.0,0.0,0.07976826469801139,0.13118651186306413,0.0
2013-01-31,512666470.4658993,144520.46589928283,0.0,512521950.0,0.9997181004137682,Bull,1.0,0.0,0.0,0.0,0.7887838844473409,0.0,0.0,0.07546368297665638,0.13547053298977085,0.0,0.7890452234389245,0.0,0.0,0.07976826469801139,0.13118651186306413,0.0
2013-02-01,514181320.4658993,144520.46589928283,0.0,514036800.0,0.9997189309293298,Bull,1.0,0.0,0.0,0.0,0.7889639001907387,0.0,0.0,0.07518884576547738,0.1355661849731138,0.0,0.7890452234389245,0.0,0.0,0.07976826469801139,0.13118651186306413,0.0
2013-02-04,527856570.4658993,144520.46589928283,0.0,527712050.0,0.9997262126229257,Bull,1.0,0.0,0.0,0.0,0.7931314554453317,0.0,0.0,0.07357680508877747,0.13301795208881653,0.0,0.7890452234389245,0.0,0.0,0.07976826469801139,0.13118651186306413,0.0
2013-02-05,525659470.4658993,144520.46589928283,0.0,525514950.0,0.9997250682732469,Bull,1.0,0.0,0.0,0.0,0.7934664425056863,0.0,0.0,0.0731686617686366,0.13308996399892403,0.0,0.7890452234389245,0.0,0.0,0.07976826469801139,0.13118651186306413,0.0
2013-02-06,528205720.4658993,144520.46589928283,0.0,528061200.0,0.9997263935995017,Bull,1.0,0.0,0.0,0.0,0.7937948866403255,0.0,0.0,0.0725198507244735,0.13341165623470266,0.0,0.7890452234389245,0.0,0.0,0.07976826469801139,0.13118651186306413,0.0
2013-02-18,528558920.4658993,144520.46589928283,0.0,528414400.0,0.9997265764320619,Bull,1.0,0.0,0.0,0.0,0.7949670012751378,0.0,0.0,0.07095576017701444,0.1338038149799097,0.0,0.7890452234389245,0.0,0.0,0.07976826469801139,0.13118651186306413,0.0
2013-02-19,526806020.4658993,144520.46589928283,0.0,526661500.0,0.9997256666395508,Bull,1.0,0.0,0.0,0.0,0.7947333244782099,0.0,0.0,0.07062257938338858,0.13436976277795235,0.0,0.7890452234389245,0.0,0.0,0.07976826469801139,0.13118651186306413,0.0
2013-02-20,534101070.4658993,144520.46589928283,0.0,533956550.0,0.9997294136374353,Bull,1.0,0.0,0.0,0.0,0.7963152922142569,0.0,0.0,0.06980794846090933,0.13360617296226907,0.0,0.7890452234389245,0.0,0.0,0.07976826469801139,0.13118651186306413,0.0
2013-02-21,527606770.4658993,144520.46589928283,0.0,527462250.0,0.9997260829959183,Bull,1.0,0.0,0.0,0.0,0.7953215794207118,0.0,0.0,0.07011812977178442,0.13428637380342195,0.0,0.7890452234389245,0.0,0.0,0.07976826469801139,0.13118651186306413,0.0
2013-02-22,527177820.4658993,144520.46589928283,0.0,527033300.0,0.9997258601172341,Bull,1.0,0.0,0.0,0.0,0.7954105497636809,0.0,0.0,0.07040224106393483,0.13391306928961844,0.0,0.7890452234389245,0.0,0.0,0.07976826469801139,0.13118651186306413,0.0
2013-02-23,530869070.4658993,144520.46589928283,0.0,530724550.0,0.9997277662724399,Bull,1.0,0.0,0.0,0.0,0.7955195988897376,0.0,0.0,0.07050740395772286,0.13370076342497955,0.0,0.7890452234389245,0.0,0.0,0.07976826469801139,0.13118651186306413,0.0
2013-02-25,526587520.4658993,144520.46589928283,0.0,526443000.0,0.9997255528088257,Bull,1.0,0.0,0.0,0.0,0.794468314839398,0.0,0.0,0.07071094272620783,0.13454629524321993,0.0,0.7917839175791934,0.0,0.0,0.06940798469805952,0.1388080977227471,0.0
2013-02-26,524643870.4658993,144520.46589928283,0.0,524499350.0,0.9997245360633472,Bull,1.0,0.0,0.0,0.0,0.7950817182512244,0.0,0.0,0.07105276950419065,0.13359004830793217,0.0,0.7917839175791934,0.0,0.0,0.06940798469805952,0.1388080977227471,0.0
2013-02-27,523524520.4658993,144520.46589928283,0.0,523380000.0,0.9997239470927347,Bull,1.0,0.0,0.0,0.0,0.7946814021810449,0.0,0.0,0.07092389859209766,0.13411864631959208,0.0,0.7917839175791934,0.0,0.0,0.06940798469805952,0.1388080977227471,0.0
2013-03-01,526816220.4658993,144520.46589928283,0.0,526671700.0,0.999725671951081,Bull,1.0,0.0,0.0,0.0,0.7953293458380166,0.0,0.0,0.07063279100839423,0.1337635351046702,0.0,0.7917839175791934,0.0,0.0,0.06940798469805952,0.1388080977227471,0.0
2013-03-04,519171370.4658993,144520.46589928283,0.0,519026850.0,0.9997216324433114,Bull,1.0,0.0,0.0,0.0,0.7940758552037271,0.0,0.0,0.07150509853169643,0.13414067870788782,0.0,0.7917839175791934,0.0,0.0,0.06940798469805952,0.1388080977227471,0.0
2013-03-05,523515370.4658993,144520.46589928283,0.0,523370850.0,0.9997239422678829,Bull,1.0,0.0,0.0,0.0,0.7947249946639354,0.0,0.0,0.07087795715907635,0.13412099044487102,0.0,0.7917839175791934,0.0,0.0,0.06940798469805952,0.1388080977227471,0.0
2013-03-06,523325920.4658993,144520.46589928283,0.0,523181400.0,0.9997238423318099,Bull,1.0,0.0,0.0,0.0,0.7938481236131907,0.0,0.0,0.07109852301387107,0.1347771957047482,0.0,0.7917839175791934,0.0,0.0,0.06940798469805952,0.1388080977227471,0.0
2013-03-07,524300220.4658993,144520.46589928283,0.0,524155700.0,0.9997243555118652,Bull,1.0,0.0,0.0,0.0,0.7940027178132305,0.0,0.0,0.0713162011772069,0.13440543652142775,0.0,0.7917839175791934,0.0,0.0,0.06940798469805952,0.1388080977227471,0.0
2013-03-08,531713970.4658993,144520.46589928283,0.0,531569450.0,0.9997281988551614,Bull,1.0,0.0,0.0,0.0,0.7955894964154043,0.0,0.0,0.07065039116253431,0.13348831127722277,0.0,0.7917839175791934,0.0,0.0,0.06940798469805952,0.1388080977227471,0.0
2013-03-11,531035520.4658993,144520.46589928283,0.0,530891000.0,0.9997278516025209,Bull,1.0,0.0,0.0,0.0,0.7951984071225925,0.0,0.0,0.07063105678334482,0.13389838769658352,0.0,0.7917839175791934,0.0,0.0,0.06940798469805952,0.1388080977227471,0.0
2013-03-12,526810470.4658993,144520.46589928283,0.0,526665950.0,0.9997256689568613,Bull,1.0,0.0,0.0,0.0,0.79459724790549,0.0,0.0,0.0710012463627015,0.1341271746886698,0.0,0.7917839175791934,0.0,0.0,0.06940798469805952,0.1388080977227471,0.0
2013-03-13,526610420.4658993,144520.46589928283,0.0,526465900.0,0.9997255647433421,Bull,1.0,0.0,0.0,0.0,0.7939214336664903,0.0,0.0,0.07138445905939733,0.13441967201745453,0.0,0.7917839175791934,0.0,0.0,0.06940798469805952,0.1388080977227471,0.0
2013-03-14,525907570.4658993,144520.46589928283,0.0,525763050.0,0.9997251979739116,Bull,1.0,0.0,0.0,0.0,0.7941554247450813,0.0,0.0,0.07109138962741794,0.13447838360141234,0.0,0.7917839175791934,0.0,0.0,0.06940798469805952,0.1388080977227471,0.0
2013-03-15,524409420.4658993,144520.46589928283,0.0,524264900.0,0.9997244129104872,Bull,1.0,0.0,0.0,0.0,0.7942874093107292,0.0,0.0,0.07154467203634021,0.13389233156341787,0.0,0.7917839175791934,0.0,0.0,0.06940798469805952,0.1388080977227471,0.0
2013-03-18,517072220.4658993,144520.46589928283,0.0,516927700.0,0.9997205023588985,Bull,1.0,0.0,0.0,0.0,0.7937268407693673,0.0,0.0,0.07192341519815343,0.1340702463913779,0.0,0.7917839175791934,0.0,0.0,0.06940798469805952,0.1388080977227471,0.0
2013-03-19,516521670.4658993,144520.46589928283,0.0,516377150.0,0.9997202044480168,Bull,1.0,0.0,0.0,0.0,0.7938719195075313,0.0,0.0,0.07138887312654274,0.13445941181394278,0.0,0.7917839175791934,0.0,0.0,0.06940798469805952,0.1388080977227471,0.0
2013-03-20,514001620.4658993,144520.46589928283,0.0,513857100.0,0.9997188326648303,Bull,1.0,0.0,0.0,0.0,0.7943515812847286,0.0,0.0,0.07111475634428484,0.13425249503581693,0.0,0.7917839175791934,0.0,0.0,0.06940798469805952,0.1388080977227471,0.0
2013-03-21,513561120.4658993,144520.46589928283,0.0,513416600.0,0.9997185914974089,Bull,1.0,0.0,0.0,0.0,0.7939278963137038,0.0,0.0,0.07129920576304871,0.1344914894206565,0.0,0.7917839175791934,0.0,0.0,0.06940798469805952,0.1388080977227471,0.0
2013-03-22,511218420.4658993,144520.46589928283,0.0,511073900.0,0.9997173019200529,Bull,1.0,0.0,0.0,0.0,0.7933567801222335,0.0,0.0,0.07162594017373146,0.1347345816240879,0.0,0.7917839175791934,0.0,0.0,0.06940798469805952,0.1388080977227471,0.0
2013-03-25,518376970.4658993,144520.46589928283,0.0,518232450.0,0.9997212058518545,Bull,1.0,0.0,0.0,0.0,0.7950178605149101,0.0,0.0,0.07084786186969694,0.13385548346724743,0.0,0.7917839175791934,0.0,0.0,0.06940798469805952,0.1388080977227471,0.0
2013-03-26,517115770.4658993,144520.46589928283,0.0,516971250.0,0.9997205258973845,Bull,1.0,0.0,0.0,0.0,0.7943947438112205,0.0,0.0,0.07114383683726012,0.13418194524890378,0.0,0.7917839175791934,0.0,0.0,0.06940798469805952,0.1388080977227471,0.0
2013-03-27,520787020.4658993,144520.46589928283,0.0,520642500.0,0.9997224960296246,Bull,1.0,0.0,0.0,0.0,0.7957020503876671,0.0,0.0,0.07041803762158336,0.13360240802037412,0.0,0.7917839175791934,0.0,0.0,0.06940798469805952,0.1388080977227471,0.0
2013-03-28,519567720.4658993,144520.46589928283,0.0,519423200.0,0.9997218447948042,Bull,1.0,0.0,0.0,0.0,0.7956319912047569,0.0,0.0,0.07054114133020992,0.13354871225983736,0.0,0.7917839175791934,0.0,0.0,0.06940798469805952,0.1388080977227471,0.0
2013-03-29,522017570.4658993,144520.46589928283,0.0,521873050.0,0.9997231501886606,Bull,1.0,0.0,0.0,0.0,0.7946068743046201,0.0,0.0,0.07085412846734088,0.1342621474166997,0.0,0.7917839175791934,0.0,0.0,0.06940798469805952,0.1388080977227471,0.0
2013-04-01,520042970.4658993,144520.46589928283,0.0,519898450.0,0.9997220989916087,Bull,1.0,0.0,0.0,0.0,0.7939089141616863,0.0,0.0,0.07128584002738847,0.13452734480253392,0.0,0.7917839175791934,0.0,0.0,0.06940798469805952,0.1388080977227471,0.0
2013-04-02,518745770.4658993,144520.46589928283,0.0,518601250.0,0.9997214040593151,Bull,1.0,0.0,0.0,0.0,0.793331480332625,0.0,0.0,0.07189398376492717,0.13449593996176284,0.0,0.7917839175791934,0.0,0.0,0.06940798469805952,0.1388080977227471,0.0
2013-04-03,520516570.4658993,144520.46589928283,0.0,520372050.0,0.9997223518441114,Bull,1.0,0.0,0.0,0.0,0.7943369595898148,0.0,0.0,0.07098044922360543,0.13440494303069128,0.0,0.7917839175791934,0.0,0.0,0.06940798469805952,0.1388080977227471,0.0
2013-04-08,508013870.4658993,144520.46589928283,0.0,507869350.0,0.9997155186613965,Bull,1.0,0.0,0.0,0.0,0.7920335907974169,0.0,0.0,0.07284860148810482,0.13483332637587483,0.0,0.7917839175791934,0.0,0.0,0.06940798469805952,0.1388080977227471,0.0
2013-04-09,508337020.4658993,144520.46589928283,0.0,508192500.0,0.9997156995062708,Bull,1.0,0.0,0.0,0.0,0.7927791677077636,0.0,0.0,0.07256426054941338,0.13437227124909387,0.0,0.7917839175791934,0.0,0.0,0.06940798469805952,0.1388080977227471,0.0
2013-04-10,508264670.4658993,144520.46589928283,0.0,508120150.0,0.9997156590369211,Bull,1.0,0.0,0.0,0.0,0.793171694641813,0.0,0.0,0.07190230233098982,0.13464166206411818,0.0,0.7917839175791934,0.0,0.0,0.06940798469805952,0.1388080977227471,0.0
2013-04-11,510613470.4658993,144520.46589928283,0.0,510468950.0,0.9997169669931202,Bull,1.0,0.0,0.0,0.0,0.7924030081517826,0.0,0.0,0.07192152601554325,0.13539243282579436,0.0,0.7917839175791934,0.0,0.0,0.06940798469805952,0.1388080977227471,0.0
2013-04-12,509717920.4658993,144520.46589928283,0.0,509573400.0,0.9997164697176681,Bull,1.0,0.0,0.0,0.0,0.7917231939405558,0.0,0.0,0.0723629649243765,0.13563031085273583,0.0,0.7917839175791934,0.0,0.0,0.06940798469805952,0.1388080977227471,0.0
2013-04-15,507621570.4658993,144520.46589928283,0.0,507477050.0,0.9997152988085856,Bull,1.0,0.0,0.0,0.0,0.7916065300991664,0.0,0.0,0.07304595028530396,0.1350628184241153,0.0,0.7917839175791934,0.0,0.0,0.06940798469805952,0.1388080977227471,0.0
2013-04-16,506850020.4658993,144520.46589928283,0.0,506705500.0,0.9997148654235696,Bull,1.0,0.0,0.0,0.0,0.7905450997746545,0.0,0.0,0.07365038668773523,0.1355193789611799,0.0,0.7917839175791934,0.0,0.0,0.06940798469805952,0.1388080977227471,0.0
2013-04-17,502139970.4658993,144520.46589928283,0.0,501995450.0,0.9997121908742592,Bull,1.0,0.0,0.0,0.0,0.7885869942450466,0.0,0.0,0.07458796790315163,0.136537228726061,0.0,0.7917839175791934,0.0,0.0,0.06940798469805952,0.1388080977227471,0.0
2013-04-18,502021320.4658993,144520.46589928283,0.0,501876800.0,0.9997121228521427,Bull,1.0,0.0,0.0,0.0,0.7888007617535014,0.0,0.0,0.07446855039006144,0.13644281070857986,0.0,0.7917839175791934,0.0,0.0,0.06940798469805952,0.1388080977227471,0.0
2013-04-19,509349720.4658993,144520.46589928283,0.0,509205200.0,0.9997162647585884,Bull,1.0,0.0,0.0,0.0,0.7870193776357199,0.0,0.0,0.0742214994550704,0.1384753876677981,0.0,0.7917839175791934,0.0,0.0,0.06940798469805952,0.1388080977227471,0.0
2013-04-22,510384120.4658993,144520.46589928283,0.0,510239600.0,0.9997168398073056,Bull,1.0,0.0,0.0,0.0,0.7872799797007924,0.0,0.0,0.07436673375604357,0.13807012635046959,0.0,0.7917839175791934,0.0,0.0,0.06940798469805952,0.1388080977227471,0.0
2013-04-23,510969520.4658993,144520.46589928283,0.0,510825000.0,0.9997171642140856,Bull,1.0,0.0,0.0,0.0,0.7883681586970194,0.0,0.0,0.07418387688846448,0.1371651286286017,0.0,0.7917839175791934,0.0,0.0,0.06940798469805952,0.1388080977227471,0.0
2013-04-24,513016370.4658993,144520.46589928283,0.0,512871850.0,0.9997182926818339,Bull,1.0,0.0,0.0,0.0,0.7882755274120063,0.0,0.0,0.07370914882435226,0.13773361644547524,0.0,0.7917839175791934,0.0,0.0,0.06940798469805952,0.1388080977227471,0.0
2013-04-25,512353620.4658993,144520.46589928283,0.0,512209100.0,0.9997179282820957,Bull,1.0,0.0,0.0,0.0,0.7874770156461762,0.0,0.0,0.07408086619059269,0.13816004644532684,0.0,0.7917839175791934,0.0,0.0,0.06940798469805952,0.1388080977227471,0.0
2013-04-26,511702070.4658993,144520.46589928283,0.0,511557550.0,0.9997175691203131,Bull,1.0,0.0,0.0,0.0,0.786249603472753,0.0,0.0,0.07463483578486928,0.1388331298626909,0.0,0.7917839175791934,0.0,0.0,0.06940798469805952,0.1388080977227471,0.0
2013-04-29,511710620.4658993,144520.46589928283,0.0,511566100.0,0.9997175738393553,Bull,1.0,0.0,0.0,0.0,0.7858537304421614,0.0,0.0,0.07515732224784441,0.13870652114934948,0.0,0.7917839175791934,0.0,0.0,0.06940798469805952,0.1388080977227471,0.0
2013-04-30,514917820.4658993,144520.46589928283,0.0,514773300.0,0.9997193329495403,Bull,1.0,0.0,0.0,0.0,0.7858257840714938,0.0,0.0,0.07456879228856063,0.13932475658948587,0.0,0.7917839175791934,0.0,0.0,0.06940798469805952,0.1388080977227471,0.0
2013-05-02,517110920.4658993,144520.46589928283,0.0,516966400.0,0.9997205232761879,Bull,1.0,0.0,0.0,0.0,0.7852702078581963,0.0,0.0,0.07534747083835644,0.13910284457963504,0.0,0.7917839175791934,0.0,0.0,0.06940798469805952,0.1388080977227471,0.0
2013-05-03,518892720.4658993,144520.46589928283,0.0,518748200.0,0.9997214829574608,Bull,1.0,0.0,0.0,0.0,0.7854288255076488,0.0,0.0,0.07542233385903119,0.1388703235907808,0.0,0.7917839175791934,0.0,0.0,0.06940798469805952,0.1388080977227471,0.0
2013-05-06,519112520.4658993,144520.46589928283,0.0,518968000.0,0.9997216008857394,Bull,1.0,0.0,0.0,0.0,0.7850837418335239,0.0,0.0,0.0752137512787362,0.13942410777347927,0.0,0.7917839175791934,0.0,0.0,0.06940798469805952,0.1388080977227471,0.0
2013-05-07,519302070.4658993,144520.46589928283,0.0,519157550.0,0.9997217025039595,Bull,1.0,0.0,0.0,0.0,0.7850218075084101,0.0,0.0,0.07483679001151217,0.13986310498403728,0.0,0.7917839175791934,0.0,0.0,0.06940798469805952,0.1388080977227471,0.0
2013-05-08,522205470.4658993,144520.46589928283,0.0,522060950.0,0.9997232498047744,Bull,1.0,0.0,0.0,0.0,0.7838197283433644,0.0,0.0,0.07499117151159229,0.14091234994981772,0.0,0.7917839175791934,0.0,0.0,0.06940798469805952,0.1388080977227471,0.0
2013-05-09,523800720.4658993,144520.46589928283,0.0,523656200.0,0.9997240926553695,Bull,1.0,0.0,0.0,0.0,0.7830974337628926,0.0,0.0,0.07529351995720969,0.1413331389352672,0.0,0.7917839175791934,0.0,0.0,0.06940798469805952,0.1388080977227471,0.0
2013-05-10,522777270.4658993,144520.46589928283,0.0,522632750.0,0.9997235525068439,Bull,1.0,0.0,0.0,0.0,0.783639750892197,0.0,0.0,0.07520391995038833,0.1408798816642586,0.0,0.7917839175791934,0.0,0.0,0.06940798469805952,0.1388080977227471,0.0
2013-05-13,520116670.4658993,144520.46589928283,0.0,519972150.0,0.9997221383698972,Bull,1.0,0.0,0.0,0.0,0.7828917493362619,0.0,0.0,0.07559669249743438,0.14123369653620085,0.0,0.7917839175791934,0.0,0.0,0.06940798469805952,0.1388080977227471,0.0
2013-05-14,520523870.4658993,144520.46589928283,0.0,520379350.0,0.9997223557379415,Bull,1.0,0.0,0.0,0.0,0.7829411351207165,0.0,0.0,0.07529145582684184,0.14148976479038322,0.0,0.7917839175791934,0.0,0.0,0.06940798469805952,0.1388080977227471,0.0
2013-05-15,525473870.4658993,144520.46589928283,0.0,525329350.0,0.9997249711659856,Bull,1.0,0.0,0.0,0.0,0.7821895114129623,0.0,0.0,0.07725750466717933,0.14027795508584395,0.0,0.7917839175791934,0.0,0.0,0.06940798469805952,0.1388080977227471,0.0
2013-05-16,533348170.4658993,144520.46589928283,0.0,533203650.0,0.999729031664676,Bull,1.0,0.0,0.0,0.0,0.7830234978310507,0.0,0.0,0.07670992845866688,0.13999560537495825,0.0,0.7917839175791934,0.0,0.0,0.06940798469805952,0.1388080977227471,0.0
2013-05-17,532143770.4658993,144520.46589928283,0.0,531999250.0,0.9997284183825496,Bull,1.0,0.0,0.0,0.0,0.7840895133183524,0.0,0.0,0.07604354733791464,0.13959535772628254,0.0,0.7917839175791934,0.0,0.0,0.06940798469805952,0.1388080977227471,0.0
2013-05-20,531775270.4658993,144520.46589928283,0.0,531630750.0,0.9997282301868369,Bull,1.0,0.0,0.0,0.0,0.7846063425146725,0.0,0.0,0.07566899446968617,0.13945289320247817,0.0,0.7917839175791934,0.0,0.0,0.06940798469805952,0.1388080977227471,0.0
2013-05-21,531594520.4658993,144520.46589928283,0.0,531450000.0,0.9997281377810805,Bull,1.0,0.0,0.0,0.0,0.7845611343669862,0.0,0.0,0.07566669416522002,0.13950030924887433,0.0,0.7917839175791934,0.0,0.0,0.06940798469805952,0.1388080977227471,0.0
2013-05-22,532437220.4658993,144520.46589928283,0.0,532292700.0,0.9997285680633431,Bull,1.0,0.0,0.0,0.0,0.7851763248898845,0.0,0.0,0.07539217480865601,0.13916006836480257,0.0,0.7917839175791934,0.0,0.0,0.06940798469805952,0.1388080977227471,0.0
2013-05-23,523170270.4658993,144520.46589928283,0.0,523025750.0,0.9997237601712907,Bull,1.0,0.0,0.0,0.0,0.7848357851724747,0.0,0.0,0.07630211855205553,0.13858585644676052,0.0,0.7917723453599349,0.0,0.0,0.07986923999980577,0.12835841464025932,0.0
2013-05-24,519966120.4658993,144520.46589928283,0.0,519821600.0,0.9997220579183701,Bull,1.0,0.0,0.0,0.0,0.7843468717434385,0.0,0.0,0.07630227901089175,0.1390729071640399,0.0,0.7917723453599349,0.0,0.0,0.07986923999980577,0.12835841464025932,0.0
2013-05-27,524849070.4658993,144520.46589928283,0.0,524704550.0,0.999724643761356,Bull,1.0,0.0,0.0,0.0,0.7848497276261518,0.0,0.0,0.07588410124199259,0.13899081489321163,0.0,0.7917723453599349,0.0,0.0,0.07986923999980577,0.12835841464025932,0.0
2013-05-28,525173720.4658993,144520.46589928283,0.0,525029200.0,0.9997248139800844,Bull,1.0,0.0,0.0,0.0,0.7849334114325067,0.0,0.0,0.07637091963478074,0.13842048291279693,0.0,0.7938292590199513,0.0,0.0,0.08900183266744895,0.11716890831259989,0.0
2013-05-29,528373047.9815163,104247.98151628359,0.0,528268800.0,0.9998027000394616,Bull,1.0,0.0,0.0,0.0,0.7917076800151882,0.0,0.0,0.08523882921745003,0.12285619080682336,0.0,0.7938292590199513,0.0,0.0,0.08900183266744895,0.11716890831259989,0.0
2013-05-30,521094597.9815163,104247.98151628359,0.0,520990350.0,0.9997999442290899,Bull,1.0,0.0,0.0,0.0,0.7929902777742044,0.0,0.0,0.08375005261817742,0.123059613836708,0.0,0.7953719442649634,0.0,0.0,0.07701263330543728,0.12761542242959933,0.0
2013-05-31,526422947.9815163,104247.98151628359,0.0,526318700.0,0.9998019691544299,Bull,1.0,0.0,0.0,0.0,0.7953034752859979,0.0,0.0,0.08268446534653788,0.1218140285218941,0.0,0.7953719442649634,0.0,0.0,0.07701263330543728,0.12761542242959933,0.0
2013-06-03,518980697.9815163,104247.98151628359,0.0,518876450.0,0.9997991293666185,Bull,1.0,0.0,0.0,0.0,0.7932486730261058,0.0,0.0,0.08353200835523941,0.12301844798527331,0.0,0.7953719442649634,0.0,0.0,0.07701263330543728,0.12761542242959933,0.0
2013-06-04,517417947.9815163,104247.98151628359,0.0,517313700.0,0.9997985226799283,Bull,1.0,0.0,0.0,0.0,0.7932392016959219,0.0,0.0,0.08338694119196131,0.12317237979204518,0.0,0.7953719442649634,0.0,0.0,0.07701263330543728,0.12761542242959933,0.0
2013-06-05,516996497.9815163,104247.98151628359,0.0,516892250.0,0.999798358437778,Bull,1.0,0.0,0.0,0.0,0.7930576930419723,0.0,0.0,0.08346787680086529,0.12327278859494042,0.0,0.7953719442649634,0.0,0.0,0.07701263330543728,0.12761542242959933,0.0
2013-06-06,512043897.9815163,104247.98151628359,0.0,511939650.0,0.9997964081167118,Bull,1.0,0.0,0.0,0.0,0.7922540461846179,0.0,0.0,0.08461657324849915,0.1229257886835947,0.0,0.7953719442649634,0.0,0.0,0.07701263330543728,0.12761542242959933,0.0
2013-06-07,513620497.9815163,104247.98151628359,0.0,513516250.0,0.9997970330585987,Bull,1.0,0.0,0.0,0.0,0.7916955253889292,0.0,0.0,0.08522420770203618,0.12287729996763336,0.0,0.7953719442649634,0.0,0.0,0.07701263330543728,0.12761542242959933,0.0
2013-06-10,516466247.9815163,104247.98151628359,0.0,516362000.0,0.9997981514146883,Bull,1.0,0.0,0.0,0.0,0.7915336221828584,0.0,0.0,0.08508319792772334,0.12318133130410654,0.0,0.7953719442649634,0.0,0.0,0.07701263330543728,0.12761542242959933,0.0
2013-06-11,514556997.9815163,104247.98151628359,0.0,514452750.0,0.9997974024609028,Bull,1.0,0.0,0.0,0.0,0.7915289299294116,0.0,0.0,0.0849583237065806,0.1233101488249106,0.0,0.7953719442649634,0.0,0.0,0.07701263330543728,0.12761542242959933,0.0
2013-06-13,505498897.9815163,104247.98151628359,0.0,505394650.0,0.9997937720894495,Bull,1.0,0.0,0.0,0.0,0.7927707688388538,0.0,0.0,0.08451037217011315,0.12251263108048256,0.0,0.7953719442649634,0.0,0.0,0.07701263330543728,0.12761542242959933,0.0
2013-06-14,505316097.9815163,104247.98151628359,0.0,505211850.0,0.9997936974857268,Bull,1.0,0.0,0.0,0.0,0.7912875754348636,0.0,0.0,0.08639483320319016,0.12211128884767307,0.0,0.7965289581987226,0.0,0.0,0.08748730910638376,0.11598373269489372,0.0
2013-06-17,506722947.9815163,104247.98151628359,0.0,506618700.0,0.9997942702576792,Bull,1.0,0.0,0.0,0.0,0.7904465380845755,0.0,0.0,0.08679772679567758,0.12255000537742604,0.0,0.7965289581987226,0.0,0.0,0.08748730910638376,0.11598373269489372,0.0
2013-06-18,509152847.9815163,104247.98151628359,0.0,509048600.0,0.9997952520899577,Bull,1.0,0.0,0.0,0.0,0.7901943426124285,0.0,0.0,0.0870828871443524,0.12251802233317682,0.0,0.7965289581987226,0.0,0.0,0.08748730910638376,0.11598373269489372,0.0
2013-06-19,507251097.9815163,104247.98151628359,0.0,507146850.0,0.9997944844635505,Bull,1.0,0.0,0.0,0.0,0.7898373243434539,0.0,0.0,0.0872017826595455,0.12275537746055105,0.0,0.7965289581987226,0.0,0.0,0.08748730910638376,0.11598373269489372,0.0
2013-06-20,503072447.9815163,104247.98151628359,0.0,502968200.0,0.9997927773982961,Bull,0.9999999999999999,0.0,0.0,0.0,0.7905076129603733,0.0,0.0,0.08786030755082017,0.12142485688710263,0.0,0.7973967186490418,0.0,0.0,0.09818577629280431,0.10441750505815373,0.0
2013-06-21,498538217.47205806,228467.4720580352,0.0,498309750.0,0.9995417252598676,Bull,0.49999999999999994,0.0,0.0,0.0,0.7956989777262831,0.0,0.0,0.09546830780865374,0.1083744397249308,0.0,0.3986983593245209,0.0,0.0,0.049092888146402155,0.05220875252907686,0.0
2013-06-24,496922840.71637756,99399090.71637757,0.0,397523750.0,0.7999707749937977,Bull,0.49999999999999994,0.0,0.0,0.0,0.6364133907471182,0.0,0.0,0.0776957644859723,0.08586161976070704,0.0,0.3986983593245209,0.0,0.0,0.049092888146402155,0.05220875252907686,0.0
2013-06-25,494427347.2634562,198219247.2634562,0.0,296208100.0,0.5990932775855643,Bear,0.5,0.0,0.0,0.0,0.4759279625255312,0.0,0.0,0.05981323679541906,0.06335207826461407,0.0,0.38184622670357277,0.0,0.0,0.07483937052193301,0.04331440277449425,0.0
2013-06-26,497411089.9109942,235431489.91099414,0.0,261979600.0,0.5266862868837086,Bull,0.5,0.0,0.0,0.0,0.40745995437348675,0.0,0.0,0.07053682700616544,0.04868950550405631,0.0,0.38184622670357277,0.0,0.0,0.07483937052193301,0.04331440277449425,0.0
2013-06-27,498055298.8974371,245479848.89743704,0.0,252575450.00000003,0.5071233065065975,Bull,0.5,0.0,0.0,0.0,0.3883314773041466,0.0,0.0,0.0736143156817414,0.04517751352070955,0.0,0.38184622670357277,0.0,0.0,0.07483937052193301,0.04331440277449425,0.0
2013-06-28,504123748.89743704,245479848.89743704,0.0,258643900.0,0.5130563687302512,Bull,0.5,0.0,0.0,0.0,0.39067292590508085,0.0,0.0,0.0771338388343039,0.0452496039908664,0.0,0.38184622670357277,0.0,0.0,0.07483937052193301,0.04331440277449425,0.0
2013-07-01,502687698.89743704,245479848.89743704,0.0,257207850.0,0.5116652954988619,Bull,1.0,0.0,0.0,0.0,0.3912211307962099,0.0,0.0,0.07465350769933339,0.045790657003318525,0.0,0.7636924534071455,0.0,0.0,0.14967874104386603,0.0866288055489885,0.0
2013-07-02,502658718.1257657,144983768.12576568,0.0,357674950.0,0.7115661921345795,Bull,1.0,0.0,0.0,0.0,0.5436801156438387,0.0,0.0,0.10550279560998556,0.06238328088075521,0.0,0.7636924534071455,0.0,0.0,0.14967874104386603,0.0866288055489885,0.0
2013-07-03,500751083.1742162,44373783.17421621,0.0,456377300.0,0.9113855473003977,Bull,1.0,0.0,0.0,0.0,0.6964337406708513,0.0,0.0,0.13641488215460199,0.07853692447494436,0.0,0.7636924534071455,0.0,0.0,0.14967874104386603,0.0866288055489885,0.0
2013-07-04,500394167.7040373,11376067.704037333,0.0,489018100.0,0.9772657867771837,Bull,1.0,0.0,0.0,0.0,0.746185355663144,0.0,0.0,0.14630446301144873,0.08477596810259093,0.0,0.7636924534071455,0.0,0.0,0.14967874104386603,0.0866288055489885,0.0
2013-07-05,503541576.57105935,2997526.571059333,0.0,500544050.0,0.9940471120746941,Bull,1.0,0.0,0.0,0.0,0.7572110581144694,0.0,0.0,0.1495677884492857,0.08726826551093894,0.0,0.7636924534071455,0.0,0.0,0.14967874104386603,0.0866288055489885,0.0
2013-07-08,500677226.57105935,2997526.571059333,1188000.0,496491700.0,0.9916402697208252,Bull,1.0,0.0,0.0,0.0,0.7579296198448963,0.0,0.0,0.1475872999178894,0.08612334995803955,0.0,0.7636924534071455,0.0,0.0,0.14967874104386603,0.0866288055489885,0.0
2013-07-09,506321176.57105935,2997526.571059333,1188000.0,502135650.0,0.9917334554335554,Bull,1.0,0.0,0.0,0.0,0.7586545216247548,0.0,0.0,0.14690912298739442,0.08616981082140622,0.0,0.7636924534071455,0.0,0.0,0.14967874104386603,0.0866288055489885,0.0
2013-07-10,509884526.57105935,2997526.571059333,1188000.0,505699000.0,0.9917912265367087,Bull,1.0,0.0,0.0,0.0,0.761051924069165,0.0,0.0,0.14494105262812007,0.08579824983942366,0.0,0.7636924534071455,0.0,0.0,0.14967874104386603,0.0866288055489885,0.0
2013-07-11,517171776.57105935,2997526.571059333,1188000.0,512986250.0,0.991906892911268,Bull,1.0,0.0,0.0,0.0,0.762591981749048,0.0,0.0,0.14260329612141295,0.0867116150408071,0.0,0.7636924534071455,0.0,0.0,0.14967874104386603,0.0866288055489885,0.0
2013-07-12,519827326.57105935,2997526.571059333,1188000.0,515641800.0,0.9919482367372482,Bull,1.0,0.0,0.0,0.0,0.7631368720393193,0.0,0.0,0.14231648899259453,0.0864948757053343,0.0,0.7636924534071455,0.0,0.0,0.14967874104386603,0.0866288055489885,0.0
2013-07-15,521673126.57105935,2997526.571059333,1188000.0,517487600.0,0.9919767257351924,Bull,1.0,0.0,0.0,0.0,0.7630379632863434,0.0,0.0,0.14252449707100698,0.08641426537784185,0.0,0.7636924534071455,0.0,0.0,0.14967874104386603,0.0866288055489885,0.0
2013-07-16,522002926.57105935,2997526.571059333,1188000.0,517817400.0,0.9919817948176013,Bull,1.0,0.0,0.0,0.0,0.7636029985853707,0.0,0.0,0.1420191271473805,0.08635966908485011,0.0,0.7636924534071455,0.0,0.0,0.14967874104386603,0.0866288055489885,0.0
2013-07-17,526134826.57105935,2997526.571059333,2514800.0,520622500.0,0.9895229772053212,Bull,1.0,0.0,0.0,0.0,0.764155649266262,0.0,0.0,0.13953685688982728,0.08583047104923199,0.0,0.7636924534071455,0.0,0.0,0.14967874104386603,0.0866288055489885,0.0
2013-07-18,526192126.57105935,2997526.571059333,2514800.0,520679800.0,0.9895241181068586,Bull,1.0,0.0,0.0,0.0,0.7638225273705673,0.0,0.0,0.14047644627768455,0.08522514445860671,0.0,0.7636924534071455,0.0,0.0,0.14967874104386603,0.0866288055489885,0.0
2013-07-19,522507576.57105935,2997526.571059333,2514800.0,516995250.0,0.9894502456648882,Bull,1.0,0.0,0.0,0.0,0.7658041106808381,0.0,0.0,0.13969558198372523,0.08395055300032482,0.0,0.7636924534071455,0.0,0.0,0.14967874104386603,0.0866288055489885,0.0
2013-07-22,524012626.57105935,2997526.571059333,2514800.0,518500300.0,0.9894805462854399,Bull,1.0,0.0,0.0,0.0,0.764475281104084,0.0,0.0,0.14099660247400714,0.0840086627073487,0.0,0.7636924534071455,0.0,0.0,0.14967874104386603,0.0866288055489885,0.0
2013-07-23,529213176.57105935,2997526.571059333,2514800.0,523700850.0,0.9895839204027846,Bull,1.0,0.0,0.0,0.0,0.762218455355934,0.0,0.0,0.1428490509057634,0.08451641414108728,0.0,0.7636924534071455,0.0,0.0,0.14967874104386603,0.0866288055489885,0.0
2013-07-24,527159626.57105935,2997526.571059333,3634800.0,520527300.0,0.9874187509119398,Bull,1.0000000000000002,0.0,0.0,0.0,0.7651559028214551,0.0,0.0,0.13764028264448164,0.08462256544600305,0.0,0.7727693400553592,0.0,0.0,0.1368287667185309,0.09040189322611,0.0
2013-07-25,524632426.57105935,2997526.571059333,3634800.0,518000100.0,0.9873581459415166,Bull,1.0,0.0,0.0,0.0,0.7657538490819649,0.0,0.0,0.13642465919956961,0.0851796376599821,0.0,0.7795770050415194,0.0,0.0,0.1239262270457255,0.09649676791275516,0.0
2013-07-26,526367626.57105935,4185526.571059333,2446800.0,519735300.0,0.9873998205127762,Bull,1.0,1188000.0,0.0,0.0,0.7657174941126221,0.0,0.0,0.13693243345821474,0.08474989294193937,0.0,0.7846827537811396,0.0,0.0,0.11360437325345323,0.10171287296540724,0.0
2013-07-29,524623308.46695983,6583208.466959832,2446800.0,515593300.0,0.9827876338675323,Bull,1.0,0.0,0.0,0.0,0.7658060431474374,0.0,0.0,0.11994720589880745,0.09703438482128751,0.0,0.7846827537811396,0.0,0.0,0.11360437325345323,0.10171287296540724,0.0
2013-07-30,527448378.3539273,7067678.353927333,2446800.0,517933900.0,0.9819613089272919,Bull,1.0,0.0,0.0,0.0,0.7660107919203571,0.0,0.0,0.11521203305174126,0.10073848395519362,0.0,0.7846827537811396,0.0,0.0,0.11360437325345323,0.10171287296540724,0.0
2013-07-31,524921987.1682066,7177937.168206584,2446800.0,515297250.0,0.9816644427105653,Bull,1.0,0.0,0.0,0.0,0.7660449739765735,0.0,0.0,0.11437128081427078,0.10124818791972108,0.0,0.7846827537811396,0.0,0.0,0.11360437325345323,0.10171287296540724,0.0
2013-08-01,525310411.1033047,7178711.103304708,2446800.0,515684900.0,0.981676527059328,Bull,1.0,0.0,0.0,0.0,0.7671882975887677,0.0,0.0,0.11370895900301,0.10077927046755034,0.0,0.7846827537811396,0.0,0.0,0.11360437325345323,0.10171287296540724,0.0
2013-08-02,529038606.8001257,6838650.800125709,4483500.0,517716456.0,0.9785986303181021,Bull,1.0,0.0,294190.0,0.0,0.7644705902395476,0.0,0.0,0.11279441468540065,0.10133362539315394,0.0,0.7846827537811396,0.0,0.0,0.11360437325345323,0.10171287296540724,0.0
2013-08-05,529309940.45208746,6553965.452087458,4483500.0,518272475.0,0.9791474434758201,Bull,1.0,0.0,0.0,0.0,0.764537077566241,0.0,0.0,0.11284579305082355,0.10176457285875552,0.0,0.7846827537811396,0.0,0.0,0.11360437325345323,0.10171287296540724,0.0
2013-08-06,524304020.2673567,6382433.267356709,4483500.0,513438087.0,0.9792755103006537,Bull,1.0,0.0,0.0,0.0,0.765536351972523,0.0,0.0,0.11245250412143525,0.10128665420669546,0.0,0.7846827537811396,0.0,0.0,0.11360437325345323,0.10171287296540724,0.0
2013-08-07,520449399.8128777,5922210.312877709,4483500.0,510043689.5,0.9800062977945234,Bull,1.0,0.0,0.0,0.0,0.766458544564412,0.0,0.0,0.11275947291148729,0.10078828031862412,0.0,0.7846827537811396,0.0,0.0,0.11360437325345323,0.10171287296540724,0.0
2013-08-08,518253073.2611807,5318593.261180709,4483500.0,508450980.0,0.9810862804932354,Bull,1.0,0.0,0.0,0.0,0.7658823468278139,0.0,0.0,0.11372030971111763,0.10148362395430395,0.0,0.7846827537811396,0.0,0.0,0.11360437325345323,0.10171287296540724,0.0
2013-08-09,515389379.84821093,5263618.848210959,4483500.0,505642261.0,0.9810878546797344,Bull,1.0,0.0,0.0,0.0,0.7651232765334384,0.0,0.0,0.11390358881141346,0.10206098933488257,0.0,0.7846827537811396,0.0,0.0,0.11360437325345323,0.10171287296540724,0.0
2013-08-12,519001358.90023595,5373359.900235958,4483500.0,509144499.0,0.9810080267976126,Bull,1.0,0.0,0.0,0.0,0.7645752601512497,0.0,0.0,0.11501684721306202,0.10141591943330087,0.0,0.7846827537811396,0.0,0.0,0.11360437325345323,0.10171287296540724,0.0
2013-08-13,518942993.47311497,5611284.973114958,8419300.0,504912408.5,0.9729631478802462,Bull,1.0,0.0,0.0,0.0,0.7552518550774209,0.0,0.0,0.11505560485632277,0.10265568794650255,0.0,0.7846827537811396,0.0,0.0,0.11360437325345323,0.10171287296540724,0.0
2013-08-14,519311063.7785722,6388456.278572207,11765700.0,501156907.5,0.965041845736002,Bull,1.0,0.0,501960.0,0.0,0.7498451981104653,0.0,0.0,0.11353079899938137,0.1016658486261553,0.0,0.7846827537811396,0.0,0.0,0.11360437325345323,0.10171287296540724,0.0
2013-08-15,517364651.7785722,7508456.278572207,13076200.0,496779995.5,0.9602124802925611,Bull,1.0,1120000.0,243050.0,0.0,0.7457830645630137,0.0,0.0,0.11311789431073742,0.10131152141881002,0.0,0.7846827537811396,0.0,0.0,0.11360437325345323,0.10171287296540724,0.0
2013-08-16,518477559.5792565,673905.0792564582,13076200.0,504727454.5,0.9734798453178675,Bull,1.0,0.0,0.0,0.0,0.7577458218612521,0.0,0.0,0.11396732396277867,0.10176669949383668,0.0,0.7846827537811396,0.0,0.0,0.11360437325345323,0.10171287296540724,0.0
2013-08-19,517613912.0792565,673905.0792564582,13076200.0,503863807.0,0.9734355959946628,Bull,1.0,0.0,0.0,0.0,0.7583816776159087,0.0,0.0,0.11339417011460229,0.10165974826415176,0.0,0.7846827537811396,0.0,0.0,0.11360437325345323,0.10171287296540724,0.0
2013-08-20,516478719.0792565,2710605.079256458,11039500.0,502728614.0,0.9733772088349173,Bear,1.0000000000000002,2036700.0,0.0,0.0,0.7596464278323791,0.0,0.0,0.11277211983454846,0.10095866116798971,0.0,0.7836710530580951,0.0,0.0,0.13829083273060858,0.07803811421129642,0.0
2013-08-22,514895148.29427797,241275.79427795764,11039500.0,503614372.5,0.9780911204317065,Bear,0.9999999999999998,0.0,0.0,0.0,0.7750908584438785,0.0,0.0,0.11960279719863184,0.0833974647891962,0.0,0.7791415011900967,0.0,0.0,0.1623299131514308,0.0585285856584723,0.0
2013-08-23,515712487.9143921,1552469.414392085,9712700.0,504447318.5,0.978156105042269,Bull,1.0,1326800.0000000002,0.0,0.0,0.7834941522049652,0.0,0.0,0.12914560256112292,0.06551635027618086,0.0,0.7843561258925728,0.0,0.0,0.1488699061801592,0.06677396792726814,0.0
2013-08-26,517345150.6028451,808662.6028450852,9712700.0,506823788.0,0.979662779112581,Bull,0.9999999999999999,0.0,0.0,0.0,0.784331480689767,0.0,0.0,0.12887199178790051,0.06645930663491353,0.0,0.7882670944194294,0.0,0.0,0.135780974451054,0.07595193112951645,0.0
2013-08-27,515836792.6028451,808662.6028450852,9712700.0,505315430.0,0.9796033110593844,Bear,1.0,0.0,0.0,0.0,0.7838846235834978,0.0,0.0,0.1296698896999754,0.06604879777591127,0.0,0.7808048870597918,0.0,0.0,0.16223116459307088,0.05696394834713735,0.0
2013-08-28,515482361.94506824,110035.9450682113,9712700.0,505659626.0,0.9809445741111216,Bear,1.0,0.0,0.0,0.0,0.7865600376123192,0.0,0.0,0.13490626476063722,0.05947827173816521,0.0,0.7743738013413933,0.0,0.0,0.18290323739825365,0.04272296126035301,0.0
2013-08-29,516769563.87462586,949939.8746258384,9712700.0,506106924.0,0.9793667417355626,Bull,1.0,0.0,0.0,0.0,0.7763706534724185,0.0,0.0,0.1555261873346298,0.04746990092851424,0.0,0.780780351006045,0.0,0.0,0.16117429302273417,0.05804535597122084,0.0
2013-08-30,522877501.87462586,949939.8746258384,9712700.0,512214862.0,0.9796077669503889,Bull,1.0,0.0,0.0,0.0,0.7770035248091745,0.0,0.0,0.15539299302168533,0.04721124911952909,0.0,0.7855852632545338,0.0,0.0,0.142342175731687,0.07207256101377929,0.0
2013-09-02,521765121.43592834,191595.9359283382,9712700.0,511860825.5,0.9810177117460992,Bull,1.0,0.0,0.0,0.0,0.7879392634919247,0.0,0.0,0.1453853408047611,0.04769310744941348,0.0,0.7891889474409004,0.0,0.0,0.12553945704806996,0.08527159551102974,0.0
2013-09-03,526229788.7118106,117616.71181058894,9712700.0,516399472.0,0.9813193458016225,Bull,1.0,0.0,0.0,0.0,0.8049756609882559,0.0,0.0,0.1287612397729685,0.04758244504039804,0.0,0.7918917105806753,0.0,0.0,0.11232892214454657,0.09577936727477819,0.0
2013-09-04,529315921.89624196,857923.3962419637,9712700.0,518745298.5,0.9800296515578573,Bull,1.0,0.0,0.0,0.0,0.7977967052024137,0.0,0.0,0.11642196550452476,0.06581098085091878,0.0,0.7918917105806753,0.0,0.0,0.11232892214454657,0.09577936727477819,0.0
2013-09-05,530703426.9901576,1285374.9901575895,9712700.0,519705352.0,0.979276419878175,Bull,1.0,0.0,0.0,0.0,0.7997318849193549,0.0,0.0,0.11349936129415103,0.06604517366466911,0.0,0.7939187829355066,0.0,0.0,0.10123648180248465,0.10484473526200888,0.0
2013-09-06,529648575.92561185,6592728.925611839,3346400.0,519709447.0,0.9812344838117572,Bull,1.0,6366300.0,0.0,0.0,0.8105903924120025,0.0,0.0,0.10435107826620964,0.06629301313354502,0.0,0.7939187829355066,0.0,0.0,0.10123648180248465,0.10484473526200888,0.0
2013-09-09,529414902.95224345,2190496.452243468,3346400.0,523878006.5,0.9895414798084312,Bull,1.0,0.0,0.0,0.0,0.7978468383578964,0.0,0.0,0.1024504593609687,0.08924418208956614,0.0,0.7954390872016299,0.0,0.0,0.09066961044615231,0.1138913023522178,0.0
2013-09-10,533096050.2233481,249016.72334809322,3346400.0,529500633.5,0.9932555930177278,Bull,1.0,0.0,0.0,0.0,0.8109938787182274,0.0,0.0,0.09340136731296168,0.08886034698653875,0.0,0.7954390872016299,0.0,0.0,0.09066961044615231,0.1138913023522178,0.0
2013-09-11,533932234.1211572,196878.62115721684,3346400.0,530388955.5,0.9933638046277737,Bull,1.0,0.0,0.0,0.0,0.8131407466241908,0.0,0.0,0.09126982205937018,0.08895323594421287,0.0,0.7954390872016299,0.0,0.0,0.09066961044615231,0.1138913023522178,0.0
2013-09-12,535498408.1654332,1981099.6654332178,3346400.0,530170908.5,0.9900513249260913,Bull,1.0,0.0,0.0,0.0,0.8104233399811135,0.0,0.0,0.09085778642495815,0.08877019852001962,0.0,0.7954390872016299,0.0,0.0,0.09066961044615231,0.1138913023522178,0.0
2013-09-13,534027123.3852755,128331.88527546916,3346400.0,530552391.5,0.9934933419425428,Bull,1.0,0.0,0.0,0.0,0.8140490856423539,0.0,0.0,0.09112552128722415,0.08831873501296479,0.0,0.7954390872016299,0.0,0.0,0.09066961044615231,0.1138913023522178,0.0
2013-09-14,532096724.05673045,1730354.5567304697,3346400.0,527019969.5,0.9904589629531544,Bull,1.0,0.0,0.0,0.0,0.7993937009366929,0.0,0.0,0.10242611453136727,0.0886391474850942,0.0,0.7954390872016299,0.0,0.0,0.09066961044615231,0.1138913023522178,0.0
2013-09-16,538078832.161242,175968.66124197003,3346400.0,534556463.5,0.9934538055565314,Bull,1.0,0.0,0.0,0.0,0.8114100340025393,0.0,0.0,0.09331550880439322,0.08872826274959889,0.0,0.7954390872016299,0.0,0.0,0.09066961044615231,0.1138913023522178,0.0
2013-09-17,539152761.1790835,2031461.1790834703,3346400.0,533774900.0,0.9900253479787018,Bull,1.0,0.0,0.0,0.0,0.7998940765078493,0.0,0.0,0.10165634667276614,0.08847492479808632,0.0,0.7954390872016299,0.0,0.0,0.09066961044615231,0.1138913023522178,0.0
2013-09-18,537085174.8275046,468646.82750472147,3346400.0,533270128.0,0.9928967564060395,Bull,1.0,0.0,0.0,0.0,0.7967896863610926,0.0,0.0,0.10759913456661759,0.08850793547832932,0.0,0.7954390872016299,0.0,0.0,0.09066961044615231,0.1138913023522178,0.0
2013-09-23,544429572.3654547,1408953.8654547222,3346400.0,539674218.5,0.9912654379798044,Bull,1.0,0.0,0.0,0.0,0.7977994593733062,0.0,0.0,0.10546928916906034,0.08799668943743783,0.0,0.7954390872016299,0.0,0.0,0.09066961044615231,0.1138913023522178,0.0
2013-09-24,543994468.8524019,147686.85240184795,3346400.0,540500382.0,0.9935769809208301,Bull,1.0,0.0,0.0,0.0,0.811062625196859,0.0,0.0,0.09437136393739518,0.08814299178657595,0.0,0.7954390872016299,0.0,0.0,0.09066961044615231,0.1138913023522178,0.0
2013-09-25,544432239.4960686,2264649.9960685987,3346400.0,538821189.5,0.9896937587655311,Bull,1.0,0.0,0.0,0.0,0.8005069462884868,0.0,0.0,0.10149398950206551,0.0876928229749788,0.0,0.7954390872016299,0.0,0.0,0.09066961044615231,0.1138913023522178,0.0
2013-09-26,536243236.6371753,319690.1371753495,3346400.0,532577146.5,0.9931633820499711,Bull,1.0,0.0,0.0,0.0,0.8110005251110532,0.0,0.0,0.09397806173935497,0.08818479519956281,0.0,0.7965793154012225,0.0,0.0,0.08029820561135466,0.12312247898742294,0.0
2013-09-27,540215808.0022993,1515784.5022993516,3346400.0,535353623.5,0.9909995516046087,Bull,1.0,0.0,0.0,0.0,0.8009458758714413,0.0,0.0,0.08411860468882575,0.10593507104434163,0.0,0.7965793154012225,0.0,0.0,0.08029820561135466,0.12312247898742294,0.0
2013-09-30,534646355.29371923,2030597.2937192265,3346400.0,529269358.0,0.989942889836469,Bull,1.0,0.0,0.0,0.0,0.7958935916924577,0.0,0.0,0.08747688923139924,0.10657240891261222,0.0,0.7965793154012225,0.0,0.0,0.08029820561135466,0.12312247898742294,0.0
2013-10-01,535252408.00315,463586.00314997765,3346400.0,531442422.0,0.9928818890934769,Bull,1.0,0.0,0.0,0.0,0.7968434436216305,0.0,0.0,0.08958670579155582,0.10645173968029058,0.0,0.7965793154012225,0.0,0.0,0.08029820561135466,0.12312247898742294,0.0
2013-10-02,533125370.1566622,1376957.6566622276,3346400.0,528402012.5,0.9911402497028527,Bull,1.0,0.0,0.0,0.0,0.8010762316085269,0.0,0.0,0.08281354156345297,0.10725047653087284,0.0,0.7965793154012225,0.0,0.0,0.08029820561135466,0.12312247898742294,0.0
2013-10-03,543677868.8774432,1085911.377443228,3346400.0,539245557.5,0.9918475412902225,Bull,1.0,0.0,0.0,0.0,0.8048058097406838,0.0,0.0,0.07967236203569726,0.10736936951384138,0.0,0.7965793154012225,0.0,0.0,0.08029820561135466,0.12312247898742294,0.0
2013-10-04,544259130.7739351,1612020.7739351043,3346400.0,539300710.0,0.9908895956106712,Bull,1.0,0.0,0.0,0.0,0.8042155569858596,0.0,0.0,0.07960252304521344,0.10707151557959826,0.0,0.7965793154012225,0.0,0.0,0.08029820561135466,0.12312247898742294,0.0
2013-10-07,543559577.9758766,4493070.475876605,3346400.0,535720107.5,0.9855775322641367,Bull,1.0,0.0,0.0,0.0,0.7995419915483261,0.0,0.0,0.07983503880401845,0.10620050191179213,0.0,0.7965793154012225,0.0,0.0,0.08029820561135466,0.12312247898742294,0.0
2013-10-08,546333511.9076611,428645.40766110644,3346400.0,542558466.5,0.9930902181078375,Bull,1.0,0.0,0.0,0.0,0.8092284417191733,0.0,0.0,0.07737929136432897,0.10648248502433524,0.0,0.7965793154012225,0.0,0.0,0.08029820561135466,0.12312247898742294,0.0
2013-10-09,543933973.4577994,7872126.957799481,0.0,536061846.5,0.9855274218160043,Bull,1.0,3346400.0,0.0,0.0,0.7999721799575353,0.0,0.0,0.0788779559534696,0.10667728590499935,0.0,0.7965793154012225,0.0,0.0,0.08029820561135466,0.12312247898742294,0.0
2013-10-11,544595089.7633486,1650226.2633486078,0.0,542944863.5,0.996969810609079,Bull,1.0,0.0,0.0,0.0,0.7983277331584561,0.0,0.0,0.0786499930041834,0.11999208444643945,0.0,0.7965793154012225,0.0,0.0,0.08029820561135466,0.12312247898742294,0.0
2013-10-14,542424831.2633486,1650226.2633486078,0.0,540774605.0,0.9969576867277534,Bull,1.0,0.0,0.0,0.0,0.7977343219929358,0.0,0.0,0.07967869003957292,0.1195446746952447,0.0,0.7965793154012225,0.0,0.0,0.08029820561135466,0.12312247898742294,0.0
2013-10-15,546119496.7633486,1650226.2633486078,0.0,544469270.5,0.9969782689079425,Bull,1.0,0.0,0.0,0.0,0.7977445835243406,0.0,0.0,0.07947418148817287,0.11975950389542905,0.0,0.7974344865509169,0.0,0.0,0.07012207428294681,0.13244343916613638,0.0
2013-10-16,543986781.7633486,1650226.2633486078,0.0,542336555.5,0.9969664221288626,Bull,1.0,0.0,0.0,0.0,0.7970080708479661,0.0,0.0,0.08024312623645632,0.1197152250444401,0.0,0.7974344865509169,0.0,0.0,0.07012207428294681,0.13244343916613638,0.0
2013-10-17,543872239.2633486,1650226.2633486078,0.0,542222013.0,0.9969657832405939,Bull,1.0,0.0,0.0,0.0,0.7972992215733085,0.0,0.0,0.07930943498499465,0.12035712668229077,0.0,0.7974344865509169,0.0,0.0,0.07012207428294681,0.13244343916613638,0.0
2013-10-18,544121539.2633486,1650226.2633486078,0.0,542471313.0,0.9969671734267629,Bull,1.0,0.0,0.0,0.0,0.7979202837435715,0.0,0.0,0.07771756298648047,0.12132932669671086,0.0,0.7974344865509169,0.0,0.0,0.07012207428294681,0.13244343916613638,0.0
2013-10-21,540658941.2633486,1650226.2633486078,0.0,539008715.0,0.9969477499817306,Bull,1.0,0.0,0.0,0.0,0.7992708194009376,0.0,0.0,0.0756739542758646,0.12200297630492841,0.0,0.7974344865509169,0.0,0.0,0.07012207428294681,0.13244343916613638,0.0
2013-10-22,539434581.7633486,1650226.2633486078,0.0,537784355.5,0.9969408222625361,Bull,1.0,0.0,0.0,0.0,0.8004174557896994,0.0,0.0,0.07424347892024806,0.12227988755258874,0.0,0.7974344865509169,0.0,0.0,0.07012207428294681,0.13244343916613638,0.0
2013-10-23,540754779.2633486,1650226.2633486078,0.0,539104553.0,0.9969482909321733,Bull,1.0,0.0,0.0,0.0,0.7990613667596793,0.0,0.0,0.07652581463334054,0.12136110953915347,0.0,0.7974344865509169,0.0,0.0,0.07012207428294681,0.13244343916613638,0.0
2013-10-24,542233077.7633486,1650226.2633486078,1509300.0,539073551.5,0.9941731214990032,Bull,1.0,0.0,0.0,0.0,0.7994948469174755,0.0,0.0,0.0760191542906758,0.11865912029085184,0.0,0.7974344865509169,0.0,0.0,0.07012207428294681,0.13244343916613638,0.0
2013-10-25,538793354.7633486,1650226.2633486078,1509300.0,535633828.5,0.9941359219904701,Bull,1.0,0.0,0.0,0.0,0.7989937602127313,0.0,0.0,0.07665926024299524,0.11848290153474358,0.0,0.7974344865509169,0.0,0.0,0.07012207428294681,0.13244343916613638,0.0
2013-10-28,542870579.2633486,1650226.2633486078,1509300.0,539711053.0,0.9941799640945068,Bull,1.0,0.0,0.0,0.0,0.7989129814117397,0.0,0.0,0.07685017680754001,0.11841680587522703,0.0,0.7974344865509169,0.0,0.0,0.07012207428294681,0.13244343916613638,0.0
2013-10-29,541457833.7633486,1650226.2633486078,1509300.0,538298307.5,0.9941647787392998,Bull,1.0,0.0,0.0,0.0,0.7979009270162751,0.0,0.0,0.07702187945114732,0.11924197227187737,0.0,0.7974344865509169,0.0,0.0,0.07012207428294681,0.13244343916613638,0.0
2013-10-30,545197498.7633486,1650226.2633486078,1509300.0,542037972.5,0.9942048041846941,Bull,1.0,0.0,0.0,0.0,0.7966778524942114,0.0,0.0,0.07879529913002595,0.11873165256045684,0.0,0.7974344865509169,0.0,0.0,0.07012207428294681,0.13244343916613638,0.0
2013-10-31,547236094.2633486,1650226.2633486078,1509300.0,544076568.0,0.9942263927828048,Bull,1.0,0.0,0.0,0.0,0.7960539748139499,0.0,0.0,0.07988307141700143,0.11828934655185348,0.0,0.7974344865509169,0.0,0.0,0.07012207428294681,0.13244343916613638,0.0
2013-11-01,542677636.2633486,1650226.2633486078,1509300.0,539518110.0,0.9941778948454486,Bull,1.0,0.0,0.0,0.0,0.7971598258198153,0.0,0.0,0.07835314588008158,0.11866492314555185,0.0,0.7974344865509169,0.0,0.0,0.07012207428294681,0.13244343916613638,0.0
2013-11-04,538112754.2633486,1650226.2633486078,1509300.0,534953228.0,0.9941285051537687,Bull,1.0,0.0,0.0,0.0,0.7964953898681317,0.0,0.0,0.07848094969949765,0.11915216558613931,0.0,0.7974344865509169,0.0,0.0,0.07012207428294681,0.13244343916613638,0.0
2013-11-05,535847666.2633486,1650226.2633486078,1509300.0,532688140.0,0.9941036856885446,Bull,1.0,0.0,0.0,0.0,0.7971070266639605,0.0,0.0,0.07848835153707696,0.1185083074875071,0.0,0.7974344865509169,0.0,0.0,0.07012207428294681,0.13244343916613638,0.0
2013-11-06,536006232.7633486,1650226.2633486078,1509300.0,532846706.5,0.994105429992745,Bull,1.0,0.0,0.0,0.0,0.7962153803693277,0.0,0.0,0.07941680039902464,0.11847324922439262,0.0,0.7975881787705457,0.0,0.0,0.06009155571221011,0.1423202655172443,0.0
2013-11-07,533546306.9396881,2117197.939688109,1509300.0,529919809.0,0.9932030305663834,Bull,1.0,0.0,0.0,0.0,0.7967419199999317,0.0,0.0,0.0654394933408222,0.1310216172256294,0.0,0.7975881787705457,0.0,0.0,0.06009155571221011,0.1423202655172443,0.0
2013-11-08,534712430.9396881,2117197.939688109,1509300.0,531085933.0,0.9932178536913477,Bull,1.0,0.0,0.0,0.0,0.7974864774522101,0.0,0.0,0.06545705312758633,0.13027432311155132,0.0,0.7975881787705457,0.0,0.0,0.06009155571221011,0.1423202655172443,0.0
2013-11-11,531427401.9396881,2117197.939688109,1509300.0,527800904.0,0.9931759297197481,Bull,1.0,0.0,0.0,0.0,0.797091197130392,0.0,0.0,0.06535342338997716,0.13073130919937895,0.0,0.7975881787705457,0.0,0.0,0.06009155571221011,0.1423202655172443,0.0
2013-11-12,533388227.4396881,2117197.939688109,1509300.0,529761729.5,0.9932010161583513,Bull,1.0,0.0,0.0,0.0,0.7973500494029739,0.0,0.0,0.06513754562370533,0.130713421131672,0.0,0.7975881787705457,0.0,0.0,0.06009155571221011,0.1423202655172443,0.0
2013-11-13,527778244.9396881,2117197.939688109,1509300.0,524151747.0,0.9931287468279362,Bull,1.0,0.0,0.0,0.0,0.7973762674664456,0.0,0.0,0.06540322631893361,0.13034925304255693,0.0,0.7975881787705457,0.0,0.0,0.06009155571221011,0.1423202655172443,0.0
2013-11-14,527969444.9396881,2117197.939688109,1509300.0,524342947.0,0.9931312351984642,Bull,1.0,0.0,0.0,0.0,0.7970875038953701,0.0,0.0,0.06539109475159847,0.13065263655149573,0.0,0.7975881787705457,0.0,0.0,0.06009155571221011,0.1423202655172443,0.0
2013-11-15,530011674.4396881,2117197.939688109,1509300.0,526385176.5,0.9931577017741696,Bull,1.0,0.0,0.0,0.0,0.7974440882775222,0.0,0.0,0.06498234220295314,0.13073127129369422,0.0,0.7975881787705457,0.0,0.0,0.06009155571221011,0.1423202655172443,0.0
2013-11-18,529962885.9396881,2117197.939688109,1509300.0,526336388.0,0.9931570718706879,Bull,1.0,0.0,0.0,0.0,0.7967925664289934,0.0,0.0,0.06492265951603941,0.13144184592565508,0.0,0.7975881787705457,0.0,0.0,0.06009155571221011,0.1423202655172443,0.0
2013-11-19,531680388.9396881,2117197.939688109,1509300.0,528053891.0,0.9931791767852858,Bull,1.0,0.0,0.0,0.0,0.7964228130446124,0.0,0.0,0.06492678819476988,0.13182957554590358,0.0,0.7975881787705457,0.0,0.0,0.06009155571221011,0.1423202655172443,0.0
2013-11-20,529771518.4396881,2117197.939688109,1509300.0,526145020.5,0.9931546000238574,Bull,1.0,0.0,0.0,0.0,0.7963559870914989,0.0,0.0,0.06530928673157602,0.1314893262007825,0.0,0.7975881787705457,0.0,0.0,0.06009155571221011,0.1423202655172443,0.0
2013-11-21,524013017.9396881,2117197.939688109,1509300.0,520386520.0,0.9930793743370218,Bull,1.0,0.0,0.0,0.0,0.7973105737767899,0.0,0.0,0.06518941100797557,0.13057938955225631,0.0,0.7975881787705457,0.0,0.0,0.06009155571221011,0.1423202655172443,0.0
2013-11-22,527675988.4396881,2117197.939688109,1509300.0,524049490.5,0.9931274152716112,Bull,1.0,0.0,0.0,0.0,0.798799262680828,0.0,0.0,0.06453827869011028,0.12978987390067281,0.0,0.7975881787705457,0.0,0.0,0.06009155571221011,0.1423202655172443,0.0
2013-11-25,533637751.9396881,2117197.939688109,1509300.0,530011254.0,0.9932041953056988,Bull,1.0,0.0,0.0,0.0,0.7993835751864353,0.0,0.0,0.06374642700287192,0.13007419311639148,0.0,0.7975881787705457,0.0,0.0,0.06009155571221011,0.1423202655172443,0.0
2013-11-26,533984881.9396881,2117197.939688109,1509300.0,530358384.0,0.9932086130856085,Bull,1.0,0.0,0.0,0.0,0.797745026886573,0.0,0.0,0.0644340339281106,0.13102955227092486,0.0,0.7975881787705457,0.0,0.0,0.06009155571221011,0.1423202655172443,0.0
2013-11-27,535503187.4396881,3626497.939688109,0.0,531876689.5,0.9932278686201162,Bull,1.0,1509300.0,0.0,0.0,0.7977360350410855,0.0,0.0,0.06414247534963283,0.1313493582293979,0.0,0.7975881787705457,0.0,0.0,0.06009155571221011,0.1423202655172443,0.0
2013-11-28,538444264.4396881,3626497.939688109,0.0,534817766.5,0.9932648591893501,Bull,1.0,0.0,0.0,0.0,0.7977558586253901,0.0,0.0,0.06407496983165374,0.13143403073230625,0.0,0.7975881787705457,0.0,0.0,0.06009155571221011,0.1423202655172443,0.0
2013-11-29,539524964.4396881,3626497.939688109,0.0,535898466.5,0.9932783500695759,Bull,1.0,0.0,0.0,0.0,0.7974864832192542,0.0,0.0,0.0641636667099393,0.13162820014038248,0.0,0.7975881787705457,0.0,0.0,0.06009155571221011,0.1423202655172443,0.0
2013-12-02,538698418.9396881,3626497.939688109,0.0,535071921.0,0.9932680367861,Bull,1.0,0.0,0.0,0.0,0.7973235225850702,0.0,0.0,0.06434342255584136,0.13160109164518843,0.0,0.7975881787705457,0.0,0.0,0.06009155571221011,0.1423202655172443,0.0
2013-12-03,536585556.4396881,3626497.939688109,0.0,532959058.5,0.9932415289674393,Bull,1.0,0.0,0.0,0.0,0.7972047576872877,0.0,0.0,0.06380250006570583,0.13223427121444575,0.0,0.7975881787705457,0.0,0.0,0.06009155571221011,0.1423202655172443,0.0
2013-12-04,538309378.9396881,3626497.939688109,0.0,534682881.0,0.9932631715486153,Bull,1.0,0.0,0.0,0.0,0.7980874898487217,0.0,0.0,0.06347948101388842,0.13169620068600524,0.0,0.7975881787705457,0.0,0.0,0.06009155571221011,0.1423202655172443,0.0
2013-12-05,536220058.9396881,3626497.939688109,0.0,532593561.0,0.9932369222687062,Bull,1.0,0.0,0.0,0.0,0.7981466822525894,0.0,0.0,0.06368635307587597,0.13140388694024074,0.0,0.7975881787705457,0.0,0.0,0.06009155571221011,0.1423202655172443,0.0
2013-12-06,534032232.4396881,3626497.939688109,0.0,530405734.5,0.9932092152506962,Bull,1.0,0.0,0.0,0.0,0.7971888373761784,0.0,0.0,0.06396261859317211,0.13205775928134572,0.0,0.7975881787705457,0.0,0.0,0.06009155571221011,0.1423202655172443,0.0
2013-12-09,539865981.4396881,3626497.939688109,0.0,536239483.5,0.9932825959323884,Bull,1.0,0.0,0.0,0.0,0.7975099345060314,0.0,0.0,0.06399903158902763,0.1317736298373294,0.0,0.7975881787705457,0.0,0.0,0.06009155571221011,0.1423202655172443,0.0
2013-12-10,542017841.4396881,3626497.939688109,0.0,538391343.5,0.9933092646359103,Bull,1.0,0.0,0.0,0.0,0.7981669798006805,0.0,0.0,0.0635503065886307,0.13159197824659905,0.0,0.7975881787705457,0.0,0.0,0.06009155571221011,0.1423202655172443,0.0
2013-12-11,543534543.9396881,3626497.939688109,0.0,539908046.0,0.9933279347557153,Bull,1.0,0.0,0.0,0.0,0.7983110748672998,0.0,0.0,0.06367856539370306,0.1313382944947125,0.0,0.7975881787705457,0.0,0.0,0.06009155571221011,0.1423202655172443,0.0
2013-12-12,538277756.4396881,3626497.939688109,0.0,534651258.5,0.9932627757764417,Bull,1.0,0.0,0.0,0.0,0.7976947837117444,0.0,0.0,0.06397867938624113,0.1315893126784562,0.0,0.7975881787705457,0.0,0.0,0.06009155571221011,0.1423202655172443,0.0
2013-12-13,541323278.9396881,3626497.939688109,0.0,537696781.0,0.9933006798695385,Bull,1.0,0.0,0.0,0.0,0.7989406660048434,0.0,0.0,0.06362501178124531,0.1307350020834498,0.0,0.7975881787705457,0.0,0.0,0.06009155571221011,0.1423202655172443,0.0
2013-12-16,537891853.9396881,3626497.939688109,0.0,534265356.0,0.9932579422552573,Bull,1.0,0.0,0.0,0.0,0.7992023914312735,0.0,0.0,0.06351890207995406,0.1305366487440297,0.0,0.7975881787705457,0.0,0.0,0.06009155571221011,0.1423202655172443,0.0
2013-12-17,537097741.9396881,3626497.939688109,0.0,533471244.0,0.9932479739598397,Bull,1.0,0.0,0.0,0.0,0.7979807221906506,0.0,0.0,0.06384834141390007,0.13141891035528896,0.0,0.7975881787705457,0.0,0.0,0.06009155571221011,0.1423202655172443,0.0
2013-12-18,537104499.9396881,3626497.939688109,0.0,533478002.0,0.9932480589157319,Bull,1.0,0.0,0.0,0.0,0.7983479975463804,0.0,0.0,0.06394230546170528,0.1309577559076461,0.0,0.7975881787705457,0.0,0.0,0.06009155571221011,0.1423202655172443,0.0
2013-12-19,538886781.4396881,3626497.939688109,0.0,535260283.5,0.9932703898767018,Bull,1.0,0.0,0.0,0.0,0.7979614611276684,0.0,0.0,0.0639828275391812,0.13132610120985225,0.0,0.7975881787705457,0.0,0.0,0.06009155571221011,0.1423202655172443,0.0
2013-12-20,538119768.9396881,3626497.939688109,0.0,534493271.0,0.9932607977833007,Bull,1.0,0.0,0.0,0.0,0.7971131999948424,0.0,0.0,0.06440499308971566,0.13174260469874255,0.0,0.7934845750415155,0.0,0.0,0.05256866678415758,0.15394675817432696,0.0
2013-12-23,538307091.4257685,2942532.9257684853,0.0,535364558.5,0.9945337281030892,Bull,1.0,0.0,0.0,0.0,0.793676537621678,0.0,0.0,0.05566989637945808,0.14518729410195308,0.0,0.7934845750415155,0.0,0.0,0.05256866678415758,0.15394675817432696,0.0
2013-12-24,538077141.4257685,2942532.9257684853,0.0,535134608.5,0.9945313920640235,Bull,1.0,0.0,0.0,0.0,0.7936839825018219,0.0,0.0,0.05572360855276445,0.14512380100943714,0.0,0.7934845750415155,0.0,0.0,0.05256866678415758,0.15394675817432696,0.0
2013-12-25,539633653.9257685,2942532.9257684853,0.0,536691121.0,0.9945471656477279,Bull,1.0,0.0,0.0,0.0,0.7939613622743716,0.0,0.0,0.05575541810840954,0.14483038526494676,0.0,0.7934845750415155,0.0,0.0,0.05256866678415758,0.15394675817432696,0.0
2013-12-26,540932629.9257685,2942532.9257684853,0.0,537990097.0,0.9945602598863886,Bull,1.0,0.0,0.0,0.0,0.7943143438379067,0.0,0.0,0.055763321218280724,0.14448259483020123,0.0,0.7934845750415155,0.0,0.0,0.05256866678415758,0.15394675817432696,0.0
2013-12-27,543009599.4257685,2942532.9257684853,0.0,540067066.5,0.9945810664693954,Bull,1.0,0.0,0.0,0.0,0.7937682261157201,0.0,0.0,0.05576328674856031,0.14504955360511496,0.0,0.7934845750415155,0.0,0.0,0.05256866678415758,0.15394675817432696,0.0
2013-12-30,548948410.4257685,2942532.9257684853,0.0,546005877.5,0.9946396913263922,Bull,1.0,0.0,0.0,0.0,0.7945893807428805,0.0,0.0,0.05533944433218817,0.14471086625132346,0.0,0.7934845750415155,0.0,0.0,0.05256866678415758,0.15394675817432696,0.0
2013-12-31,546849675.4257685,2942532.9257684853,0.0,543907142.5,0.9946191191875948,Bull,1.0,0.0,0.0,0.0,0.7944942861339899,0.0,0.0,0.05510563753473522,0.14501919551886977,0.0,0.7934845750415155,0.0,0.0,0.05256866678415758,0.15394675817432696,0.0
2014-01-02,547228463.9257685,2942532.9257684853,0.0,544285931.0,0.9946228438033742,Bull,1.0,0.0,0.0,0.0,0.7950373741140352,0.0,0.0,0.05503697630042409,0.1445484933889149,0.0,0.7934845750415155,0.0,0.0,0.05256866678415758,0.15394675817432696,0.0
2014-01-03,542038262.9257685,2942532.9257684853,0.0,539095730.0,0.9945713557011907,Bull,1.0,0.0,0.0,0.0,0.7949552817067653,0.0,0.0,0.05542819032337302,0.14418788367105237,0.0,0.7934845750415155,0.0,0.0,0.05256866678415758,0.15394675817432696,0.0
2014-01-06,540664507.9257685,2942532.9257684853,0.0,537721975.0,0.994557562254165,Bull,1.0,0.0,0.0,0.0,0.795198073292114,0.0,0.0,0.05518006002364797,0.14417942893840308,0.0,0.7934845750415155,0.0,0.0,0.05256866678415758,0.15394675817432696,0.0
2014-01-07,539534698.4257685,2942532.9257684853,0.0,536592165.5,0.9945461655490294,Bull,1.0,0.0,0.0,0.0,0.7952047695020106,0.0,0.0,0.05486004901327462,0.14448134703374424,0.0,0.7934845750415155,0.0,0.0,0.05256866678415758,0.15394675817432696,0.0
2014-01-08,540182298.4257685,2942532.9257684853,0.0,537239765.5,0.9945527039032123,Bull,1.0,0.0,0.0,0.0,0.795242766658397,0.0,0.0,0.054751701575915857,0.14455823566889942,0.0,0.7934845750415155,0.0,0.0,0.05256866678415758,0.15394675817432696,0.0
2014-01-09,540639111.4257685,2942532.9257684853,0.0,537696578.5,0.994557306595876,Bull,1.0,0.0,0.0,0.0,0.7963255328764953,0.0,0.0,0.05442040610493218,0.14381136761444854,0.0,0.7934845750415155,0.0,0.0,0.05256866678415758,0.15394675817432696,0.0
2014-01-10,540982459.4257685,2942532.9257684853,0.0,538039926.5,0.9945607609368853,Bull,1.0,0.0,0.0,0.0,0.7966000911701145,0.0,0.0,0.05424057562078195,0.14372009414598877,0.0,0.7934845750415155,0.0,0.0,0.05256866678415758,0.15394675817432696,0.0
2014-01-13,542510085.4257685,2942532.9257684853,0.0,539567552.5,0.994576077007934,Bull,1.0,0.0,0.0,0.0,0.7960168190441679,0.0,0.0,0.05437226107391166,0.14418699688985454,0.0,0.7934845750415155,0.0,0.0,0.05256866678415758,0.15394675817432696,0.0
2014-01-14,542731828.9257685,2942532.9257684853,0.0,539789296.0,0.9945782930557202,Bull,1.0,0.0,0.0,0.0,0.79659064193033,0.0,0.0,0.05410849048253729,0.1438791606428529,0.0,0.7934845750415155,0.0,0.0,0.05256866678415758,0.15394675817432696,0.0
2014-01-15,543791137.9257685,2942532.9257684853,0.0,540848605.0,0.9945888545793657,Bull,1.0,0.0,0.0,0.0,0.7955173867858296,0.0,0.0,0.05398193893333944,0.14508952886019671,0.0,0.7934845750415155,0.0,0.0,0.05256866678415758,0.15394675817432696,0.0
2014-01-16,544303387.9257685,2942532.9257684853,0.0,541360855.0,0.9945939470687811,Bull,1.0,0.0,0.0,0.0,0.7950966585918462,0.0,0.0,0.05417199424821745,0.14532529422871737,0.0,0.7934845750415155,0.0,0.0,0.05256866678415758,0.15394675817432696,0.0
2014-01-17,543352782.9257685,2942532.9257684853,0.0,540410250.0,0.9945844890865858,Bull,1.0,0.0,0.0,0.0,0.7944556714619305,0.0,0.0,0.05430063289844384,0.14582818472621137,0.0,0.7934845750415155,0.0,0.0,0.05256866678415758,0.15394675817432696,0.0
2014-01-20,544864885.9257685,2942532.9257684853,0.0,541922353.0,0.9945995181525252,Bull,1.0,0.0,0.0,0.0,0.7950516984847834,0.0,0.0,0.053752408636569986,0.14579541103117188,0.0,0.7934845750415155,0.0,0.0,0.05256866678415758,0.15394675817432696,0.0
2014-01-21,542486277.9257685,2942532.9257684853,0.0,539543745.0,0.9945758389741775,Bull,1.0,0.0,0.0,0.0,0.7949406511237316,0.0,0.0,0.05382311256174367,0.14581207528870224,0.0,0.7934845750415155,0.0,0.0,0.05256866678415758,0.15394675817432696,0.0
2014-01-22,544642788.4257685,2942532.9257684853,0.0,541700255.5,0.9945973159136586,Bull,1.0,0.0,0.0,0.0,0.7957663531224208,0.0,0.0,0.05334817722269376,0.14548278556854408,0.0,0.7934845750415155,0.0,0.0,0.05256866678415758,0.15394675817432696,0.0
2014-01-23,542024356.9257685,2942532.9257684853,0.0,539081824.0,0.9945712164256643,Bull,1.0,0.0,0.0,0.0,0.7954000931715394,0.0,0.0,0.05335941020075035,0.1458117130533745,0.0,0.7934845750415155,0.0,0.0,0.05256866678415758,0.15394675817432696,0.0
2014-01-24,544550045.9257685,2942532.9257684853,0.0,541607513.0,0.9945963957807293,Bull,1.0,0.0,0.0,0.0,0.7963531841463006,0.0,0.0,0.05273564884413699,0.14550756279029173,0.0,0.7934845750415155,0.0,0.0,0.05256866678415758,0.15394675817432696,0.0
2014-01-27,537391222.9257685,2942532.9257684853,0.0,534448690.0,0.9945244120107727,Bull,1.0,0.0,0.0,0.0,0.7965531846044485,0.0,0.0,0.05316499187398622,0.144806235532338,0.0,0.7934845750415155,0.0,0.0,0.05256866678415758,0.15394675817432696,0.0
2014-02-05,526044339.4257685,2942532.9257684853,0.0,523101806.5,0.9944063024630574,Bull,1.0,0.0,0.0,0.0,0.798376439063013,0.0,0.0,0.05272293212065578,0.14330693127938865,0.0,0.7934845750415155,0.0,0.0,0.05256866678415758,0.15394675817432696,0.0
2014-02-06,526861010.4257685,2942532.9257684853,0.0,523918477.5,0.9944149730810588,Bull,1.0,0.0,0.0,0.0,0.7980407909862591,0.0,0.0,0.052776537739107725,0.14359764435569192,0.0,0.7934845750415155,0.0,0.0,0.05256866678415758,0.15394675817432696,0.0
2014-02-07,529819524.9257685,2942532.9257684853,0.0,526876992.0,0.9944461598953327,Bull,1.0,0.0,0.0,0.0,0.7970868798373728,0.0,0.0,0.053033530623350957,0.14432574943460894,0.0,0.7934845750415155,0.0,0.0,0.05256866678415758,0.15394675817432696,0.0
2014-02-10,529850672.9257685,2942532.9257684853,0.0,526908140.0,0.9944464863854561,Bull,1.0,0.0,0.0,0.0,0.7968257125515618,0.0,0.0,0.05330350878681775,0.14431726504707656,0.0,0.7934845750415155,0.0,0.0,0.05256866678415758,0.15394675817432696,0.0
2014-02-11,530181922.9257685,2942532.9257684853,0.0,527239390.0,0.994449956140469,Bull,1.0,0.0,0.0,0.0,0.7966645442551945,0.0,0.0,0.05266645050044362,0.1451189613848309,0.0,0.7934845750415155,0.0,0.0,0.05256866678415758,0.15394675817432696,0.0
2014-02-12,534544605.4257685,2942532.9257684853,0.0,531602072.5,0.9944952527891947,Bull,1.0,0.0,0.0,0.0,0.796138466613145,0.0,0.0,0.05290578131917426,0.1454510048568754,0.0,0.7934845750415155,0.0,0.0,0.05256866678415758,0.15394675817432696,0.0
2014-02-13,532230678.9257685,2942532.9257684853,0.0,529288146.0,0.9944713203460808,Bull,1.0,0.0,0.0,0.0,0.7957755213488391,0.0,0.0,0.05299318719643699,0.14570261180080474,0.0,0.7934845750415155,0.0,0.0,0.05256866678415758,0.15394675817432696,0.0
2014-02-14,535221562.9257685,2942532.9257684853,0.0,532279030.0,0.9945022152887801,Bull,1.0,0.0,0.0,0.0,0.7949894202207494,0.0,0.0,0.05323608384580685,0.14627671122222394,0.0,0.7934845750415155,0.0,0.0,0.05256866678415758,0.15394675817432696,0.0
2014-02-17,535168672.4257685,2942532.9257684853,0.0,532226139.5,0.9945016719449761,Bull,1.0,0.0,0.0,0.0,0.7950723041603662,0.0,0.0,0.053138200095119596,0.1462911676894903,0.0,0.7934845750415155,0.0,0.0,0.05256866678415758,0.15394675817432696,0.0
2014-02-18,538814054.4257685,2942532.9257684853,0.0,535871521.5,0.994538871245843,Bull,1.0,0.0,0.0,0.0,0.7957690932114896,0.0,0.0,0.05296688118207171,0.14580289685228165,0.0,0.7934845750415155,0.0,0.0,0.05256866678415758,0.15394675817432696,0.0
2014-02-19,538846406.9257685,2942532.9257684853,0.0,535903874.0,0.9945391991336524,Bull,1.0,0.0,0.0,0.0,0.7951221693105269,0.0,0.0,0.05362288702053182,0.14579414280259367,0.0,0.7934845750415155,0.0,0.0,0.05256866678415758,0.15394675817432696,0.0
2014-02-20,534639772.4257685,2942532.9257684853,0.0,531697239.5,0.9944962326457352,Bull,1.0,0.0,0.0,0.0,0.7948572317616035,0.0,0.0,0.053961193102231506,0.14567780778190026,0.0,0.7934845750415155,0.0,0.0,0.05256866678415758,0.15394675817432696,0.0
2014-02-21,540384066.4257685,2942532.9257684853,0.0,537441533.5,0.9945547378085532,Bull,1.0,0.0,0.0,0.0,0.7951761722771431,0.0,0.0,0.053874275369662786,0.1455042901617474,0.0,0.7934845750415155,0.0,0.0,0.05256866678415758,0.15394675817432696,0.0
2014-02-24,538174108.9257685,2942532.9257684853,0.0,535231576.0,0.9945323773905772,Bull,1.0,0.0,0.0,0.0,0.7953314158021649,0.0,0.0,0.05385227479235263,0.1453486867960596,0.0,0.7934845750415155,0.0,0.0,0.05256866678415758,0.15394675817432696,0.0
2014-02-25,536263338.9257685,2942532.9257684853,0.0,533320806.0,0.99451289560151,Bull,1.0,0.0,0.0,0.0,0.7944584779064561,0.0,0.0,0.053558015092983434,0.14649640260207056,0.0,0.7934845750415155,0.0,0.0,0.05256866678415758,0.15394675817432696,0.0
2014-02-26,535776469.4257685,2942532.9257684853,0.0,532833936.5,0.9945079093732462,Bull,1.0,0.0,0.0,0.0,0.7936541837228149,0.0,0.0,0.05359380569806519,0.14725991995236612,0.0,0.7934845750415155,0.0,0.0,0.05256866678415758,0.15394675817432696,0.0
2014-02-27,539217876.4257685,2942532.9257684853,0.0,536275343.5,0.9945429611027119,Bull,1.0,0.0,0.0,0.0,0.794682005612235,0.0,0.0,0.05379142878619496,0.14606952670428197,0.0,0.7934845750415155,0.0,0.0,0.05256866678415758,0.15394675817432696,0.0
2014-03-03,534513514.9257685,2942532.9257684853,0.0,531570982.0,0.9944949326002035,Bull,1.0,0.0,0.0,0.0,0.7942512586589293,0.0,0.0,0.05377319599485088,0.14647047794642334,0.0,0.7934845750415155,0.0,0.0,0.05256866678415758,0.15394675817432696,0.0
2014-03-04,531610435.9257685,2942532.9257684853,0.0,528667903.0,0.9944648698992444,Bull,1.0,0.0,0.0,0.0,0.7940241095247077,0.0,0.0,0.05380575336183596,0.14663500701270082,0.0,0.7934845750415155,0.0,0.0,0.05256866678415758,0.15394675817432696,0.0
2014-03-05,533111497.9257685,2942532.9257684853,0.0,530168965.0,0.9944804549569513,Bull,1.0,0.0,0.0,0.0,0.7928612806975236,0.0,0.0,0.05387653448059628,0.14774263977883134,0.0,0.7934845750415155,0.0,0.0,0.05256866678415758,0.15394675817432696,0.0
2014-03-06,537804939.4257685,2942532.9257684853,0.0,534862406.5,0.9945286242091597,Bull,1.0,0.0,0.0,0.0,0.792365456804843,0.0,0.0,0.05357462880642978,0.14858853859788684,0.0,0.7934845750415155,0.0,0.0,0.05256866678415758,0.15394675817432696,0.0
2014-03-07,540420260.9257685,2942532.9257684853,0.0,537477728.0,0.9945551025035075,Bull,1.0,0.0,0.0,0.0,0.792566191478956,0.0,0.0,0.0534944784462309,0.14849443257832068,0.0,0.7934845750415155,0.0,0.0,0.05256866678415758,0.15394675817432696,0.0
2014-03-10,537049586.4257685,2942532.9257684853,0.0,534107053.5,0.9945209287929035,Bull,1.0,0.0,0.0,0.0,0.7922346730245714,0.0,0.0,0.05374028903379339,0.14854596673453874,0.0,0.7934845750415155,0.0,0.0,0.05256866678415758,0.15394675817432696,0.0
2014-03-11,535167366.4257685,2942532.9257684853,0.0,532224833.5,0.9945016585270868,Bull,1.0,0.0,0.0,0.0,0.7903060052497906,0.0,0.0,0.05436990710836992,0.14982574616892638,0.0,0.7934845750415155,0.0,0.0,0.05256866678415758,0.15394675817432696,0.0
2014-03-12,535644340.9257685,2942532.9257684853,0.0,532701808.0,0.9945065546278659,Bull,1.0,0.0,0.0,0.0,0.7919228779060052,0.0,0.0,0.05427855347029453,0.1483051232515661,0.0,0.7934845750415155,0.0,0.0,0.05256866678415758,0.15394675817432696,0.0
2014-03-13,534520418.9257685,2942532.9257684853,0.0,531577886.0,0.9944950037050369,Bull,1.0,0.0,0.0,0.0,0.7889888226301189,0.0,0.0,0.05448809618635866,0.15101808488855933,0.0,0.7934845750415155,0.0,0.0,0.05256866678415758,0.15394675817432696,0.0
2014-03-14,532196456.9257685,2942532.9257684853,0.0,529253924.0,0.9944709648336142,Bull,1.0,0.0,0.0,0.0,0.790017799871682,0.0,0.0,0.054298745555216424,0.15015441940671578,0.0,0.7934845750415155,0.0,0.0,0.05256866678415758,0.15394675817432696,0.0
2014-03-17,532948852.9257685,2942532.9257684853,0.0,530006320.0,0.9944787705056224,Bull,1.0,0.0,0.0,0.0,0.7902170493247295,0.0,0.0,0.05457277905812665,0.1496889421227662,0.0,0.7934845750415155,0.0,0.0,0.05256866678415758,0.15394675817432696,0.0
2014-03-18,535207916.9257685,2942532.9257684853,0.0,532265384.0,0.9945020751137793,Bull,1.0,0.0,0.0,0.0,0.7894307439002264,0.0,0.0,0.05513072409220814,0.1499406071213448,0.0,0.7934845750415155,0.0,0.0,0.05256866678415758,0.15394675817432696,0.0
2014-03-19,532890351.9257685,2942532.9257684853,0.0,529947819.0,0.9944781643819696,Bull,1.0,0.0,0.0,0.0,0.7885920011149655,0.0,0.0,0.055673742061167486,0.15021242120583653,0.0,0.7934845750415155,0.0,0.0,0.05256866678415758,0.15394675817432696,0.0
2014-03-20,528334329.4257685,2942532.9257684853,0.0,525391796.5,0.9944305475493772,Bull,1.0,0.0,0.0,0.0,0.7888624177667759,0.0,0.0,0.055978190991572405,0.1495899387910289,0.0,0.7934845750415155,0.0,0.0,0.05256866678415758,0.15394675817432696,0.0
2014-03-21,528647520.9257685,2942532.9257684853,0.0,525704988.0,0.99443384711118,Bull,1.0,0.0,0.0,0.0,0.7893743401448703,0.0,0.0,0.055558191114877406,0.14950131585143234,0.0,0.7934845750415155,0.0,0.0,0.05256866678415758,0.15394675817432696,0.0
2014-03-24,530057399.4257685,2942532.9257684853,0.0,527114866.5,0.9944486522988712,Bull,1.0,0.0,0.0,0.0,0.7893747298939395,0.0,0.0,0.05558794204537159,0.14948598035956023,0.0,0.7934845750415155,0.0,0.0,0.05256866678415758,0.15394675817432696,0.0
2014-03-25,531613042.4257685,2942532.9257684853,0.0,528670509.5,0.9944648970380003,Bull,1.0,0.0,0.0,0.0,0.7884015741741781,0.0,0.0,0.055744117685257825,0.15031920517856448,0.0,0.7934845750415155,0.0,0.0,0.05256866678415758,0.15394675817432696,0.0
2014-03-26,533262549.9257685,2942532.9257684853,0.0,530320017.0,0.9944820184237987,Bull,1.0,0.0,0.0,0.0,0.788097377283482,0.0,0.0,0.05513700522208601,0.1512476359182308,0.0,0.7934845750415155,0.0,0.0,0.05256866678415758,0.15394675817432696,0.0
2014-03-27,531511172.9257685,2942532.9257684853,0.0,528568640.0,0.9944638361794523,Bull,1.0,0.0,0.0,0.0,0.7863425291689425,0.0,0.0,0.05612111564052851,0.15200019136998125,0.0,0.7934845750415155,0.0,0.0,0.05256866678415758,0.15394675817432696,0.0
2014-03-28,535964216.9257685,2942532.9257684853,0.0,533021684.0,0.9945098332447518,Bull,1.0,0.0,0.0,0.0,0.7876506876175812,0.0,0.0,0.05586977461248555,0.15098937101468504,0.0,0.7934845750415155,0.0,0.0,0.05256866678415758,0.15394675817432696,0.0
2014-03-31,539402832.4257685,2942532.9257684853,0.0,536460299.5,0.9945448322684263,Bull,1.0,0.0,0.0,0.0,0.7883573721473199,0.0,0.0,0.05565970031151385,0.1505277598095926,0.0,0.7934845750415155,0.0,0.0,0.05256866678415758,0.15394675817432696,0.0
2014-04-01,540248385.4257685,2942532.9257684853,0.0,537305852.5,0.9945533702549625,Bull,1.0,0.0,0.0,0.0,0.7873701504258316,0.0,0.0,0.055640703074586594,0.15154251675454425,0.0,0.7934845750415155,0.0,0.0,0.05256866678415758,0.15394675817432696,0.0
2014-04-02,539238584.4257685,2942532.9257684853,0.0,536296051.5,0.9945431706655377,Bull,1.0,0.0,0.0,0.0,0.7867566671843048,0.0,0.0,0.055459124891529,0.15232737858970383,0.0,0.7934845750415155,0.0,0.0,0.05256866678415758,0.15394675817432696,0.0
2014-04-03,540385549.4257685,2942532.9257684853,0.0,537443016.5,0.9945547527521872,Bull,1.0,0.0,0.0,0.0,0.787713081803038,0.0,0.0,0.05521261631016008,0.1516290546389891,0.0,0.7934845750415155,0.0,0.0,0.05256866678415758,0.15394675817432696,0.0
2014-04-07,539389641.9257685,2942532.9257684853,0.0,536447109.0,0.9945446988650675,Bull,1.0,0.0,0.0,0.0,0.7876538145655914,0.0,0.0,0.05535757025921769,0.15153331404025838,0.0,0.7934845750415155,0.0,0.0,0.05256866678415758,0.15394675817432696,0.0
2014-04-08,541092190.4257685,2942532.9257684853,0.0,538149657.5,0.9945618639894745,Bull,1.0,0.0,0.0,0.0,0.7875230229523319,0.0,0.0,0.05523328654306285,0.1518055544940798,0.0,0.7934845750415155,0.0,0.0,0.05256866678415758,0.15394675817432696,0.0
2014-04-09,542377190.4257685,2942532.9257684853,0.0,539434657.5,0.9945747480209141,Bull,1.0,0.0,0.0,0.0,0.7873027572652738,0.0,0.0,0.05532791667813891,0.1519440740775013,0.0,0.7934845750415155,0.0,0.0,0.05256866678415758,0.15394675817432696,0.0
2014-04-10,544150343.4257685,2942532.9257684853,0.0,541207810.5,0.9945924265943794,Bull,1.0,0.0,0.0,0.0,0.7872783977364903,0.0,0.0,0.05536852151984369,0.15194550733804535,0.0,0.7934845750415155,0.0,0.0,0.05256866678415758,0.15394675817432696,0.0
2014-04-11,543572392.9257685,2942532.9257684853,0.0,540629860.0,0.9945866770202763,Bull,1.0,0.0,0.0,0.0,0.7869480046578016,0.0,0.0,0.05565588023549868,0.15198279212697602,0.0,0.7934845750415155,0.0,0.0,0.05256866678415758,0.15394675817432696,0.0
2014-04-14,542921054.4257685,2942532.9257684853,0.0,539978521.5,0.9945801826954737,Bull,1.0,0.0,0.0,0.0,0.787119173250683,0.0,0.0,0.05554472377553221,0.15191628566925833,0.0,0.7934845750415155,0.0,0.0,0.05256866678415758,0.15394675817432696,0.0
2014-04-15,541818415.9257685,2942532.9257684853,0.0,538875883.0,0.9945691529869084,Bull,1.0,0.0,0.0,0.0,0.7854910805732158,0.0,0.0,0.056104589852414184,0.15297348256127835,0.0,0.7934845750415155,0.0,0.0,0.05256866678415758,0.15394675817432696,0.0
2014-04-16,540241798.9257685,2942532.9257684853,0.0,537299266.0,0.9945533038509432,Bull,1.0,0.0,0.0,0.0,0.7850113909054871,0.0,0.0,0.05624703616125657,0.15329487678419956,0.0,0.7934845750415155,0.0,0.0,0.05256866678415758,0.15394675817432696,0.0
2014-04-17,542606421.4257685,2942532.9257684853,0.0,539663888.5,0.9945770399877749,Bull,1.0,0.0,0.0,0.0,0.7863037031130464,0.0,0.0,0.05601997838530639,0.15225335848942215,0.0,0.7934845750415155,0.0,0.0,0.05256866678415758,0.15394675817432696,0.0
2014-04-18,543631616.9257685,2942532.9257684853,0.0,540689084.0,0.9945872667553656,Bull,1.0,0.0,0.0,0.0,0.7855342123309789,0.0,0.0,0.05609276401626922,0.15296029040811743,0.0,0.7934845750415155,0.0,0.0,0.05256866678415758,0.15394675817432696,0.0
2014-04-21,541572497.4257685,2942532.9257684853,0.0,538629964.5,0.9945666869352577,Bull,1.0,0.0,0.0,0.0,0.7850334286191744,0.0,0.0,0.055991395693346345,0.1535418626227371,0.0,0.7934845750415155,0.0,0.0,0.05256866678415758,0.15394675817432696,0.0
2014-04-22,541073140.4257685,2942532.9257684853,0.0,538130607.5,0.9945616725246184,Bull,1.0,0.0,0.0,0.0,0.7844971886166551,0.0,0.0,0.055881539372306305,0.15418294453565698,0.0,0.7889211379279717,0.0,0.0,0.04692650008811818,0.1641523619839101,0.0
2014-04-23,539410234.9257685,2942532.9257684853,0.0,536467702.0,0.9945449071314462,Bull,1.0,0.0,0.0,0.0,0.784023225028719,0.0,0.0,0.0561138777875904,0.15440780431513673,0.0,0.7889211379279717,0.0,0.0,0.04692650008811818,0.1641523619839101,0.0
2014-04-24,540458544.4257685,2942532.9257684853,0.0,537516011.5,0.9945554881940207,Bull,1.0,0.0,0.0,0.0,0.7841581299270387,0.0,0.0,0.05603908072575558,0.15435827754122639,0.0,0.7889211379279717,0.0,0.0,0.04692650008811818,0.1641523619839101,0.0
2014-04-25,534417612.4257685,2942532.9257684853,0.0,531475079.5,0.9944939447028849,Bull,1.0,0.0,0.0,0.0,0.7848921325703196,0.0,0.0,0.056153089460853664,0.15344872267171158,0.0,0.7889211379279717,0.0,0.0,0.04692650008811818,0.1641523619839101,0.0
2014-04-28,535637680.9257685,2942532.9257684853,0.0,532695148.0,0.9945064863235858,Bull,1.0,0.0,0.0,0.0,0.7835944201583671,0.0,0.0,0.056425641952154895,0.15448642421306383,0.0,0.7889211379279717,0.0,0.0,0.04692650008811818,0.1641523619839101,0.0
2014-04-29,538053953.4257685,2942532.9257684853,0.0,535111420.5,0.9945311563886233,Bull,1.0,0.0,0.0,0.0,0.7841651711945088,0.0,0.0,0.05632223275575445,0.15404375243836008,0.0,0.7889211379279717,0.0,0.0,0.04692650008811818,0.1641523619839101,0.0
2014-04-30,533159853.9257685,2942532.9257684853,0.0,530217321.0,0.9944809555631355,Bull,1.0,0.0,0.0,0.0,0.7828978831142746,0.0,0.0,0.0570121695701269,0.15457090287873407,0.0,0.784188860262621,0.0,0.0,0.06621817271755821,0.1495929670198208,0.0
2014-05-02,537888098.4257685,2942532.9257684853,0.0,534945565.5,0.9945294700991147,Bull,1.0,0.0,0.0,0.0,0.7840135647808881,0.0,0.0,0.05655023803096437,0.15396566728726216,0.0,0.7769035985361246,0.0,0.0,0.08401242322127317,0.13908397824260227,0.0
2014-05-05,536407992.418539,995827.4185389876,0.0,535412165.0,0.998143526135677,Bull,1.0,0.0,0.0,0.0,0.7787293830515325,0.0,0.0,0.056490396169109586,0.1629237469150349,0.0,0.7709718754434034,0.0,0.0,0.09588352285417473,0.13314460170242193,0.0
2014-05-06,539429826.8963685,1700603.8963684859,0.0,537729223.0,0.9968474047752365,Bull,1.0,0.0,0.0,0.0,0.7735225272965139,0.0,0.0,0.06289752310362727,0.16042735437509525,0.0,0.7709718754434034,0.0,0.0,0.09588352285417473,0.13314460170242193,0.0
2014-05-07,539734206.958562,2895176.9585619885,0.0,536839030.0,0.9946359209380548,Bull,1.0,0.0,0.0,0.0,0.7724873180624816,0.0,0.0,0.06265750727671852,0.15949109559885463,0.0,0.7709718754434034,0.0,0.0,0.09588352285417473,0.13314460170242193,0.0
2014-05-08,542085467.7358229,3052515.7358228657,0.0,539032952.0,0.9943689401072259,Bull,1.0,0.0,0.0,0.0,0.7709248391134895,0.0,0.0,0.06279637073132048,0.16064773026241583,0.0,0.7709718754434034,0.0,0.0,0.09588352285417473,0.13314460170242193,0.0
2014-05-09,540794245.0483298,3258452.5483298674,0.0,537535792.5,0.993974690784591,Bull,1.0,0.0,0.0,0.0,0.7714654812251472,0.0,0.0,0.06297385800944773,0.15953535154999604,0.0,0.7709718754434034,0.0,0.0,0.09588352285417473,0.13314460170242193,0.0
2014-05-12,537455077.8493891,3322650.3493891153,0.0,534132427.5,0.9938178082479292,Bull,1.0,0.0,0.0,0.0,0.771136406708472,0.0,0.0,0.06282478553391228,0.15985661600554485,0.0,0.7709718754434034,0.0,0.0,0.09588352285417473,0.13314460170242193,0.0
2014-05-13,538466257.2641551,3236873.264155118,0.0,535229384.0,0.9939887166178228,Bull,1.0,0.0,0.0,0.0,0.7707169732576412,0.0,0.0,0.06281842091993184,0.16045332244024982,0.0,0.7709718754434034,0.0,0.0,0.09588352285417473,0.13314460170242193,0.0
2014-05-14,541200134.3267055,3261548.8267054926,0.0,537938585.5,0.9939734885122247,Bull,1.0,0.0,0.0,0.0,0.7710291609944439,0.0,0.0,0.06262064225494351,0.1603236852628373,0.0,0.7782289065825525,0.0,0.0,0.08406439239558819,0.13770670102185928,0.0
2014-05-15,541212429.7687109,245260.7687108682,0.0,540967169.0,0.9995468308648867,Bull,1.0,0.0,0.0,0.0,0.7726819378089911,0.0,0.0,0.06279530574440774,0.16406958731148788,0.0,0.7782289065825525,0.0,0.0,0.08406439239558819,0.13770670102185928,0.0
2014-05-16,542248225.7523928,45730.75239274395,0.0,542202495.0,0.9999156645421396,Bull,1.0,0.0,0.0,0.0,0.7750045551866808,0.0,0.0,0.06807564920803637,0.15683546014742258,0.0,0.7782289065825525,0.0,0.0,0.08406439239558819,0.13770670102185928,0.0
2014-05-19,543043130.1750448,111980.17504474462,0.0,542931150.0,0.9997937913789487,Bull,1.0,0.0,0.0,0.0,0.7768898574667715,0.0,0.0,0.06812037192713567,0.1547835619850415,0.0,0.7782289065825525,0.0,0.0,0.08406439239558819,0.13770670102185928,0.0
2014-05-20,541266793.9034433,34142.40344337039,0.0,541232651.5,0.9999369213041925,Bull,1.0,0.0,0.0,0.0,0.775363196536432,0.0,0.0,0.06865449796395426,0.15591922680380618,0.0,0.7782289065825525,0.0,0.0,0.08406439239558819,0.13770670102185928,0.0
2014-05-21,540236856.2124434,6773.712443370372,0.0,540230082.5,0.999987461587699,Bull,1.0,0.0,0.0,0.0,0.7751388630458913,0.0,0.0,0.06938678760795106,0.15546181093385672,0.0,0.7780255043138012,0.0,0.0,0.0981875058261588,0.12378698986004003,0.0
2014-05-22,545843946.6072161,11336.607216120581,0.0,545832610.0,0.9999792310471032,Bull,1.0,0.0,0.0,0.0,0.7775401974099481,0.0,0.0,0.06955687653218735,0.15288215710496766,0.0,0.7780255043138012,0.0,0.0,0.0981875058261588,0.12378698986004003,0.0
2014-05-23,548120952.4059078,30870.905907745167,0.0,548090081.5,0.9999436786611199,Bull,1.0,0.0,0.0,0.0,0.7787562756475268,0.0,0.0,0.06926974754995842,0.1519176554636347,0.0,0.7780255043138012,0.0,0.0,0.0981875058261588,0.12378698986004003,0.0
2014-05-26,548882418.3354638,789.3354637473822,0.0,548881629.0,0.9999985619224858,Bull,1.0,0.0,0.0,0.0,0.7780983043602906,0.0,0.0,0.07727921059784361,0.14462104696435163,0.0,0.7780255043138012,0.0,0.0,0.0981875058261588,0.12378698986004003,0.0
2014-05-27,550832739.1783615,11138.178361497878,0.0,550821601.0,0.9999797793820713,Bull,1.0,0.0,0.0,0.0,0.7814688023847036,0.0,0.0,0.07669333537257461,0.1418176416247931,0.0,0.7780255043138012,0.0,0.0,0.0981875058261588,0.12378698986004003,0.0
2014-05-28,556364067.9055037,269881.9055037483,0.0,556094186.0,0.9995149185199544,Bull,1.0,0.0,0.0,0.0,0.7800127848545897,0.0,0.0,0.09126955339003781,0.12823258027532702,0.0,0.7835191282353509,0.0,0.0,0.08278565626642098,0.13369521549822813,0.0
2014-05-29,555550434.4055037,269881.9055037483,0.0,555280552.5,0.9995142080920294,Bull,1.0,0.0,0.0,0.0,0.7804971891777974,0.0,0.0,0.09120144070127299,0.12781557821295897,0.0,0.7835191282353509,0.0,0.0,0.08278565626642098,0.13369521549822813,0.0
2014-05-30,558427775.4055037,269881.9055037483,0.0,558157893.5,0.999516711171274,Bull,1.0,0.0,0.0,0.0,0.7825814057738448,0.0,0.0,0.0903799958076057,0.12655530958982358,0.0,0.7835191282353509,0.0,0.0,0.08278565626642098,0.13369521549822813,0.0
2014-06-03,558988930.9055037,269881.9055037483,0.0,558719049.0,0.9995171963332681,Bull,1.0,0.0,0.0,0.0,0.7823112852907734,0.0,0.0,0.0906774663997214,0.12652844464277319,0.0,0.7835191282353509,0.0,0.0,0.08278565626642098,0.13369521549822813,0.0
2014-06-04,556793758.4055037,269881.9055037483,0.0,556523876.5,0.9995152928684463,Bull,1.0,0.0,0.0,0.0,0.7817585415226476,0.0,0.0,0.0902265861310406,0.1275301652147581,0.0,0.7835191282353509,0.0,0.0,0.08278565626642098,0.13369521549822813,0.0
2014-06-05,556095505.9055037,269881.9055037483,0.0,555825624.0,0.999514684253626,Bull,1.0,0.0,0.0,0.0,0.7820980737684748,0.0,0.0,0.08972631404160061,0.12769029644355057,0.0,0.7876393461765132,0.0,0.0,0.07215366886714587,0.14020698495634099,0.0
2014-06-06,556967018.981822,65194.48182199919,0.0,556901824.5,0.9998829473207567,Bull,1.0,0.0,0.0,0.0,0.7819975144959439,0.0,0.0,0.08073709657387747,0.1371483362509353,0.0,0.7876393461765132,0.0,0.0,0.07215366886714587,0.14020698495634099,0.0
2014-06-09,557986114.481822,65194.48182199919,0.0,557920920.0,0.999883161103601,Bull,1.0000000000000002,0.0,0.0,0.0,0.7812667890577084,0.0,0.0,0.08117997710761257,0.13743639493828,0.0,0.790729509632385,0.0,0.0,0.061674189257321176,0.14759630111029398,0.0
2014-06-10,561968929.4540077,312663.4540077492,0.0,561656266.0,0.9994436285751394,Bull,1.0000000000000002,0.0,0.0,0.0,0.7841196245993942,0.0,0.0,0.07046617334960846,0.14485783062613666,0.0,0.790729509632385,0.0,0.0,0.061674189257321176,0.14759630111029398,0.0
2014-06-11,560932667.4540077,312663.4540077492,0.0,560620004.0,0.9994426007395382,Bull,1.0000000000000002,0.0,0.0,0.0,0.7839074625405975,0.0,0.0,0.0705227245536444,0.1450124136452963,0.0,0.790729509632385,0.0,0.0,0.061674189257321176,0.14759630111029398,0.0
2014-06-12,560855812.9540077,312663.4540077492,0.0,560543149.5,0.9994425243586922,Bull,1.0000000000000002,0.0,0.0,0.0,0.7844544700048938,0.0,0.0,0.07029489414105979,0.14469316021273862,0.0,0.790729509632385,0.0,0.0,0.061674189257321176,0.14759630111029398,0.0
2014-06-13,561311972.9540077,312663.4540077492,0.0,560999309.5,0.9994429774010302,Bull,1.0000000000000002,0.0,0.0,0.0,0.7849234128773882,0.0,0.0,0.07028284073896365,0.14423672378467825,0.0,0.790729509632385,0.0,0.0,0.061674189257321176,0.14759630111029398,0.0
2014-06-16,561632165.9540077,312663.4540077492,0.0,561319502.5,0.9994432949660627,Bull,1.0000000000000002,0.0,0.0,0.0,0.7847917715882646,0.0,0.0,0.07038414534689796,0.1442673780309,0.0,0.790729509632385,0.0,0.0,0.061674189257321176,0.14759630111029398,0.0
2014-06-17,563263364.9540077,312663.4540077492,0.0,562950701.5,0.9994449071722723,Bull,1.0000000000000002,0.0,0.0,0.0,0.7845202244532304,0.0,0.0,0.07006207478667162,0.14486260793237024,0.0,0.790729509632385,0.0,0.0,0.061674189257321176,0.14759630111029398,0.0
2014-06-18,563783364.9540077,312663.4540077492,0.0,563470701.5,0.9994454191566414,Bull,1.0000000000000002,0.0,0.0,0.0,0.7841192716568773,0.0,0.0,0.07025978853283726,0.14506635896692682,0.0,0.790729509632385,0.0,0.0,0.061674189257321176,0.14759630111029398,0.0
2014-06-19,563853525.9540077,312663.4540077492,0.0,563540862.5,0.9994454881638299,Bull,1.0000000000000002,0.0,0.0,0.0,0.7828014585050281,0.0,0.0,0.07058375653971934,0.14606027311908243,0.0,0.790729509632385,0.0,0.0,0.061674189257321176,0.14759630111029398,0.0
2014-06-20,561607013.4540077,312663.4540077492,0.0,561294350.0,0.9994432700331058,Bull,1.0000000000000002,0.0,0.0,0.0,0.7827604347323575,0.0,0.0,0.07048986043911289,0.1461929748616356,0.0,0.790729509632385,0.0,0.0,0.061674189257321176,0.14759630111029398,0.0
2014-06-23,563308344.9540077,312663.4540077492,0.0,562995681.5,0.9994449514962658,Bull,1.0000000000000002,0.0,0.0,0.0,0.7835347824219372,0.0,0.0,0.07027128277894043,0.14563888629538813,0.0,0.790729509632385,0.0,0.0,0.061674189257321176,0.14759630111029398,0.0
2014-06-24,565728166.9540077,312663.4540077492,0.0,565415503.5,0.9994473256375209,Bull,1.0000000000000002,0.0,0.0,0.0,0.7842139200682008,0.0,0.0,0.0699933330404939,0.14524007252882623,0.0,0.790729509632385,0.0,0.0,0.061674189257321176,0.14759630111029398,0.0
2014-06-25,567186327.4540077,312663.4540077492,0.0,566873664.0,0.999448746489692,Bull,1.0000000000000002,0.0,0.0,0.0,0.7853619568009078,0.0,0.0,0.06955544957701579,0.14453134011176832,0.0,0.790729509632385,0.0,0.0,0.061674189257321176,0.14759630111029398,0.0
2014-06-26,570179887.9540077,312663.4540077492,0.0,569867224.5,0.999451640682856,Bull,1.0000000000000002,0.0,0.0,0.0,0.7850242247339756,0.0,0.0,0.06909819310073241,0.14532922284814792,0.0,0.790729509632385,0.0,0.0,0.061674189257321176,0.14759630111029398,0.0
2014-06-27,571430461.9540077,312663.4540077492,358400.0,570759398.5,0.9988256428407526,Bull,1.0000000000000002,0.0,0.0,0.0,0.785222924528154,0.0,0.0,0.0685915480703839,0.1450111702422147,0.0,0.790729509632385,0.0,0.0,0.061674189257321176,0.14759630111029398,0.0
2014-06-30,572296262.4540077,312663.4540077492,358400.0,571625199.0,0.9988274194712888,Bull,1.0000000000000002,0.0,0.0,0.0,0.784496472290138,0.0,0.0,0.06820977623130489,0.146121170949846,0.0,0.790729509632385,0.0,0.0,0.061674189257321176,0.14759630111029398,0.0
2014-07-01,573109164.4540077,312663.4540077492,358400.0,572438101.0,0.9988290826676153,Bull,1.0000000000000002,0.0,0.0,0.0,0.7836081306217533,0.0,0.0,0.06797954459010667,0.14724140745575526,0.0,0.790729509632385,0.0,0.0,0.061674189257321176,0.14759630111029398,0.0
2014-07-02,574425883.9540077,312663.4540077492,358400.0,573754820.5,0.9988317666860892,Bull,1.0000000000000002,0.0,0.0,0.0,0.7828811915724997,0.0,0.0,0.06783259788328024,0.14811797723030928,0.0,0.790729509632385,0.0,0.0,0.061674189257321176,0.14759630111029398,0.0
2014-07-03,571744499.4540077,312663.4540077492,358400.0,571073436.0,0.9988262878704586,Bull,1.0000000000000002,0.0,0.0,0.0,0.7807914836545102,0.0,0.0,0.06789151454376603,0.15014328967218238,0.0,0.790729509632385,0.0,0.0,0.061674189257321176,0.14759630111029398,0.0
2014-07-04,572214599.9540077,312663.4540077492,358400.0,571543536.5,0.9988272521287264,Bull,1.0000000000000002,0.0,0.0,0.0,0.7812473441536293,0.0,0.0,0.06755996789160437,0.15001994008349273,0.0,0.790729509632385,0.0,0.0,0.061674189257321176,0.14759630111029398,0.0
2014-07-07,570609218.4540077,312663.4540077492,358400.0,569938155.0,0.9988239526591843,Bull,1.0000000000000002,0.0,0.0,0.0,0.780736343879989,0.0,0.0,0.06786781346597083,0.1502197953132244,0.0,0.790729509632385,0.0,0.0,0.061674189257321176,0.14759630111029398,0.0
2014-07-08,575146166.9540077,312663.4540077492,358400.0,574475103.5,0.9988332297204349,Bull,1.0000000000000002,0.0,0.0,0.0,0.7818318704642575,0.0,0.0,0.06763585021529096,0.14936550904088639,0.0,0.790729509632385,0.0,0.0,0.061674189257321176,0.14759630111029398,0.0
2014-07-09,576484922.4540077,312663.4540077492,358400.0,575813859.0,0.9988359392798147,Bull,1.0000000000000002,0.0,0.0,0.0,0.7820824820201082,0.0,0.0,0.06751486202677774,0.1492385952329288,0.0,0.790729509632385,0.0,0.0,0.061674189257321176,0.14759630111029398,0.0
2014-07-10,581674057.4540077,312663.4540077492,358400.0,581002994.0,0.9988463239069918,Bull,1.0000000000000002,0.0,0.0,0.0,0.7830295818823126,0.0,0.0,0.06681955212189118,0.14899718990278799,0.0,0.790729509632385,0.0,0.0,0.061674189257321176,0.14759630111029398,0.0
2014-07-11,578355731.9540077,312663.4540077492,358400.0,577684668.5,0.9988397046714822,Bull,1.0000000000000002,0.0,0.0,0.0,0.7819873539974967,0.0,0.0,0.0671099080644826,0.1497424426095028,0.0,0.790729509632385,0.0,0.0,0.061674189257321176,0.14759630111029398,0.0
2014-07-14,581154411.4540077,312663.4540077492,358400.0,580483348.0,0.9988452923340481,Bull,1.0000000000000002,0.0,0.0,0.0,0.7822250662481227,0.0,0.0,0.06672615613977644,0.14989406994614884,0.0,0.790729509632385,0.0,0.0,0.061674189257321176,0.14759630111029398,0.0
2014-07-15,586559993.4540077,312663.4540077492,358400.0,585888930.0,0.9988559338149604,Bull,1.0000000000000002,0.0,0.0,0.0,0.7836839115009356,0.0,0.0,0.06611889735545178,0.14905312495857304,0.0,0.790729509632385,0.0,0.0,0.061674189257321176,0.14759630111029398,0.0
2014-07-16,584813185.4540077,312663.4540077492,418400.0,584082122.0,0.9987499196800083,Bull,1.0000000000000002,0.0,0.0,0.0,0.7844917546512475,0.0,0.0,0.06606075403379955,0.14819741099496112,0.0,0.790729509632385,0.0,0.0,0.061674189257321176,0.14759630111029398,0.0
2014-07-17,587401485.7540077,312663.4540077492,1925258.3,585163564.0,0.9961901326294144,Bull,1.0000000000000002,0.0,0.0,0.0,0.7867218166920461,0.0,0.0,0.06375877642176099,0.14570953951560725,0.0,0.790729509632385,0.0,0.0,0.061674189257321176,0.14759630111029398,0.0
2014-07-18,586762766.7540077,671063.4540077492,1566858.3,584524845.0,0.9961859854087403,Bull,1.0000000000000002,358400.0,0.0,0.0,0.7863614924861769,0.0,0.0,0.0639563416874622,0.1458681512351012,0.0,0.790729509632385,0.0,0.0,0.061674189257321176,0.14759630111029398,0.0
2014-07-21,587296369.5545261,293402.2545261242,1566858.3,585436109.0,0.9968325011851561,Bull,1.0000000000000002,0.0,0.0,0.0,0.7874063811270773,0.0,0.0,0.06369050097887112,0.14573561907920768,0.0,0.790729509632385,0.0,0.0,0.061674189257321176,0.14759630111029398,0.0
2014-07-22,590567385.0545261,293402.2545261242,1566858.3,588707124.5,0.9968500452249758,Bull,1.0000000000000002,0.0,0.0,0.0,0.787107510952509,0.0,0.0,0.0635258582668533,0.14621667600561344,0.0,0.790729509632385,0.0,0.0,0.061674189257321176,0.14759630111029398,0.0
2014-07-24,593771423.5545261,293402.2545261242,1566858.3,591911163.0,0.9968670426350431,Bull,1.0000000000000002,0.0,0.0,0.0,0.7875541739624621,0.0,0.0,0.06324453907733658,0.14606832959524443,0.0,0.790729509632385,0.0,0.0,0.061674189257321176,0.14759630111029398,0.0
2014-07-25,595212646.0545261,293402.2545261242,1566858.3,593352385.5,0.9968746286443052,Bull,1.0000000000000002,0.0,0.0,0.0,0.7899250605924264,0.0,0.0,0.06283267038747356,0.14411689766440525,0.0,0.790729509632385,0.0,0.0,0.061674189257321176,0.14759630111029398,0.0
2014-07-28,603696756.0545261,293402.2545261242,1566858.3,601836495.5,0.9969185513490517,Bull,1.0000000000000002,0.0,0.0,0.0,0.7933764604438927,0.0,0.0,0.06176561266238138,0.1417764782427777,0.0,0.790729509632385,0.0,0.0,0.061674189257321176,0.14759630111029398,0.0
2014-07-29,598306895.0545261,293402.2545261242,1566858.3,596446634.5,0.9968907920501959,Bull,1.0000000000000002,0.0,0.0,0.0,0.7913711816021268,0.0,0.0,0.06257190132597118,0.14294770912209798,0.0,0.790729509632385,0.0,0.0,0.061674189257321176,0.14759630111029398,0.0
2014-07-30,602246428.0545261,293402.2545261242,1566858.3,600386167.5,0.9969111306138662,Bull,1.0000000000000002,0.0,0.0,0.0,0.7918937253652273,0.0,0.0,0.06216259367604006,0.1428548115725988,0.0,0.790729509632385,0.0,0.0,0.061674189257321176,0.14759630111029398,0.0
2014-07-31,597365297.5545261,293402.2545261242,1566858.3,595505037.0,0.9968858911588243,Bull,1.0000000000000002,0.0,0.0,0.0,0.7926669643155476,0.0,0.0,0.0625317542765202,0.14168717256675653,0.0,0.790729509632385,0.0,0.0,0.061674189257321176,0.14759630111029398,0.0
2014-08-01,593245524.1545261,293405.2545261242,5145953.3,587806165.6,0.9908311848415914,Bull,1.0000000000000002,3.0,501073.0,3.0,0.7859470431985099,0.0,0.0,0.06328172480273331,0.1416024168403481,0.0,0.790729509632385,0.0,0.0,0.061674189257321176,0.14759630111029398,0.0
2014-08-04,590335848.7545261,293405.2545261242,5145953.3,584896490.2,0.9907859931494896,Bull,1.0,0.0,0.0,0.0,0.7843762007286531,0.0,0.0,0.0633576634028076,0.14305212901802877,0.0,0.7930471322242887,0.0,0.0,0.06963924496151759,0.13731362281419376,0.0
2014-08-05,577428906.754526,293405.2545261242,5145953.3,571989548.1999999,0.9905800376619551,Bull,1.0,0.0,0.0,0.0,0.782931791103055,0.0,0.0,0.06436307494352626,0.1432851716153739,0.0,0.7930471322242887,0.0,0.0,0.06963924496151759,0.13731362281419376,0.0
2014-08-06,583902672.4045261,293405.2545261242,5145953.3,578463313.85,0.9906844773768089,Bull,1.0,0.0,0.0,0.0,0.7843338205047922,0.0,0.0,0.06367687931087433,0.14267377756114247,0.0,0.7930471322242887,0.0,0.0,0.06963924496151759,0.13731362281419376,0.0
2014-08-07,585224677.4045261,293405.2545261242,5145953.3,579785318.85,0.9907055208631159,Bull,1.0,0.0,0.0,0.0,0.7842149119299093,0.0,0.0,0.06413912715791724,0.14235148177528936,0.0,0.7930471322242887,0.0,0.0,0.06963924496151759,0.13731362281419376,0.0
2014-08-08,582966345.604526,353405.2545261242,5085953.3,577526987.05,0.9906695153235895,Bull,0.9999999999999999,60000.0,0.0,0.0,0.7835146754077973,0.0,0.0,0.06425190799163209,0.14290293192416015,0.0,0.7947853491682164,0.0,0.0,0.07945669199117561,0.1257579588406079,0.0
2014-08-11,586533619.5968368,88474.14683687565,5085953.3,581359192.15,0.9911779525095363,Bull,0.9999999999999999,0.0,0.0,0.0,0.786479882375847,0.0,0.0,0.07474524653869719,0.12995282359499222,0.0,0.7947853491682164,0.0,0.0,0.07945669199117561,0.1257579588406079,0.0
2014-08-12,585024173.1468369,88474.14683687565,5085953.3,579849745.7,0.9911551903590519,Bull,0.9999999999999999,0.0,0.0,0.0,0.7859096543427778,0.0,0.0,0.07485878705563842,0.13038674896063554,0.0,0.7947853491682164,0.0,0.0,0.07945669199117561,0.1257579588406079,0.0
2014-08-13,591136457.7468368,88474.14683687565,9174083.3,581873900.3,0.9843309318424687,Bull,0.9999999999999999,0.0,0.0,0.0,0.7796457049133275,0.0,0.0,0.0743777505579426,0.13030747637119863,0.0,0.7947853491682164,0.0,0.0,0.07945669199117561,0.1257579588406079,0.0
2014-08-14,591250340.7864738,340173.8364738759,12125318.3,578784848.65,0.9789167273546222,Bull,0.9999999999999999,5.0,126481.0,5.0,0.7758697407933817,0.0,0.0,0.07548612985259702,0.12756085670864348,0.0,0.7947853491682164,0.0,0.0,0.07945669199117561,0.1257579588406079,0.0
2014-08-15,589285347.8707981,27716.620798126212,12125318.3,577132312.95,0.9793766551896983,Bull,0.9999999999999999,0.0,0.0,0.0,0.7759113892820719,0.0,0.0,0.0767315871052573,0.126733678802369,0.0,0.7947853491682164,0.0,0.0,0.07945669199117561,0.1257579588406079,0.0
2014-08-18,586099403.2660606,61270.61606062623,12125318.3,573912814.35,0.9792073002494963,Bull,0.9999999999999999,0.0,0.0,0.0,0.7751224652651122,0.0,0.0,0.07772691756063763,0.12635791742374652,0.0,0.7947853491682164,0.0,0.0,0.07945669199117561,0.1257579588406079,0.0
2014-08-19,593812085.9590774,78245.65907737624,16319798.3,577414042.0,0.9723851293248897,Bull,0.9999999999999999,0.0,419448.0,0.0,0.7685142367268181,0.0,0.0,0.07791185308274166,0.12595903951533008,0.0,0.7947853491682164,0.0,0.0,0.07945669199117561,0.1257579588406079,0.0
2014-08-20,599622277.3383691,3724881.288369126,12740703.3,583156692.75,0.9725400719575374,Bull,0.9999999999999999,3579095.0,0.0,0.0,0.7700711100989194,0.0,0.0,0.07738354920028395,0.12508541265833417,0.0,0.7947853491682164,0.0,0.0,0.07945669199117561,0.1257579588406079,0.0
2014-08-21,603186358.5437486,85755.39374862632,12740703.3,590359899.85,0.9787354960667296,Bull,0.9999999999999999,0.0,0.0,0.0,0.7716772656691974,0.0,0.0,0.08244450375180885,0.12461372664572341,0.0,0.7947853491682164,0.0,0.0,0.07945669199117561,0.1257579588406079,0.0
2014-08-22,612048293.2190566,98454.31905662653,12740703.3,599209135.6,0.9790226396163458,Bull,0.9999999999999999,0.0,0.0,0.0,0.7741419114298863,0.0,0.0,0.07974762864428209,0.1251330995421774,0.0,0.7947853491682164,0.0,0.0,0.07945669199117561,0.1257579588406079,0.0
2014-08-25,610357649.3690566,98454.31905662653,12740703.3,597518491.75,0.9789645339378825,Bull,0.9999999999999999,0.0,0.0,0.0,0.7738084256635914,0.0,0.0,0.07985891558889523,0.1252971926853959,0.0,0.7947853491682164,0.0,0.0,0.07945669199117561,0.1257579588406079,0.0
2014-08-26,609423380.2690566,98454.31905662653,12740703.3,596584222.65,0.9789322857725147,Bull,0.9999999999999999,0.0,0.0,0.0,0.7735291062214857,0.0,0.0,0.08000529940035128,0.12539788015067765,0.0,0.7947853491682164,0.0,0.0,0.07945669199117561,0.1257579588406079,0.0
2014-08-27,611927796.3911992,1531843.1911991267,11233845.0,599162108.2,0.9791385711410988,Bull,0.9999999999999999,1506858.3,0.0,0.0,0.773178324289641,0.0,0.0,0.07966593491503163,0.12629431193642618,0.0,0.7947853491682164,0.0,0.0,0.07945669199117561,0.1257579588406079,0.0
2014-08-28,610596042.7848996,105342.68489962677,11233845.0,599256855.1,0.9814293135062224,Bull,0.9999999999999999,0.0,0.0,0.0,0.7742221075391664,0.0,0.0,0.08000035469802104,0.12720685126903492,0.0,0.7947853491682164,0.0,0.0,0.07945669199117561,0.1257579588406079,0.0
2014-08-29,604391370.6547413,13696.504741251701,11233845.0,593143829.15,0.9813903009691274,Bull,1.0,0.0,0.0,0.0,0.7729827920009782,0.0,0.0,0.08120317791240621,0.12720433105574303,0.0,0.7939178738771782,0.0,0.0,0.0670925189933817,0.13898960712944008,0.0
2014-09-01,609079373.2138753,49056.96387525168,11233845.0,597796471.25,0.9814754817515166,Bull,1.0,0.0,0.0,0.0,0.7745238009962102,0.0,0.0,0.07963198580190416,0.12731969495340217,0.0,0.7939178738771782,0.0,0.0,0.0670925189933817,0.13898960712944008,0.0
2014-09-02,605139882.4560202,26035.556020252407,11233845.0,593880001.9,0.9813929293334279,Bull,1.0,0.0,0.0,0.0,0.7753551955553019,0.0,0.0,0.07981691737779377,0.1262208164003323,0.0,0.7939178738771782,0.0,0.0,0.0670925189933817,0.13898960712944008,0.0
2014-09-03,612167201.7015367,69369.90153675294,11233845.0,600863986.8,0.9815357391410074,Bull,1.0,0.0,0.0,0.0,0.7762110343044326,0.0,0.0,0.0796453973105394,0.12567930752603546,0.0,0.7939178738771782,0.0,0.0,0.0670925189933817,0.13898960712944008,0.0
2014-09-04,611684335.411412,137272.9114120035,11233845.0,600313217.5,0.9814101534842086,Bull,1.0,0.0,0.0,0.0,0.7768513757678526,0.0,0.0,0.07923433247215991,0.12532444524419611,0.0,0.7939178738771782,0.0,0.0,0.0670925189933817,0.13898960712944008,0.0
2014-09-05,609074111.5927896,7211606.892789629,4194480.0,597668024.7,0.9812730722326031,Bull,1.0,7039365.0,0.0,0.0,0.7794378642338278,0.0,0.0,0.07597367729025604,0.1258615307085193,0.0,0.7939178738771782,0.0,0.0,0.0670925189933817,0.13898960712944008,0.0
2014-09-09,610826274.6458671,62930.49586712965,4194480.0,606568864.15,0.9930300796272469,Bull,1.0,0.0,0.0,0.0,0.7823449710427963,0.0,0.0,0.07600033254449347,0.1346847760399572,0.0,0.7939178738771782,0.0,0.0,0.0670925189933817,0.13898960712944008,0.0
2014-09-10,608444387.9958671,62930.49586712965,4194480.0,604186977.5,0.9930027943722343,Bull,1.0,0.0,0.0,0.0,0.7829931328140314,0.0,0.0,0.0759691451050313,0.13404051645317167,0.0,0.7939178738771782,0.0,0.0,0.0670925189933817,0.13898960712944008,0.0
2014-09-11,608857368.4958671,62930.49586712965,4194480.0,604599958.0,0.9930075404911585,Bull,1.0,0.0,0.0,0.0,0.7837132022871116,0.0,0.0,0.07583253876694014,0.13346179943710673,0.0,0.7939178738771782,0.0,0.0,0.0670925189933817,0.13898960712944008,0.0
2014-09-12,605659582.3458672,62930.49586712965,4194480.0,601402171.85,0.992970621418426,Bull,1.0,0.0,0.0,0.0,0.7835955802297206,0.0,0.0,0.07648355833912465,0.1328914828495807,0.0,0.7939178738771782,0.0,0.0,0.0670925189933817,0.13898960712944008,0.0
2014-09-15,603516521.3458672,62930.49586712965,4194480.0,599259110.85,0.9929456603998629,Bull,1.0,0.0,0.0,0.0,0.7832433647315212,0.0,0.0,0.0763389209250775,0.13336337474326404,0.0,0.7939178738771782,0.0,0.0,0.0670925189933817,0.13898960712944008,0.0
2014-09-16,597135432.0458671,62930.49586712965,4194480.0,592878021.55,0.9928702765446682,Bull,1.0,0.0,0.0,0.0,0.7821917717221026,0.0,0.0,0.07698421083890557,0.13369429398366003,0.0,0.7939178738771782,0.0,0.0,0.0670925189933817,0.13898960712944008,0.0
2014-09-17,600856900.9458672,62930.49586712965,4194480.0,596599490.45,0.9929144352188264,Bull,1.0,0.0,0.0,0.0,0.7822995620255813,0.0,0.0,0.07676004041460653,0.1338548327786385,0.0,0.7939178738771782,0.0,0.0,0.0670925189933817,0.13898960712944008,0.0
2014-09-18,602838037.5958672,62930.49586712965,4194480.0,598580627.1,0.99293772086306,Bull,1.0,0.0,0.0,0.0,0.782471074620912,0.0,0.0,0.07675610547823404,0.1337105407639138,0.0,0.7939178738771782,0.0,0.0,0.0670925189933817,0.13898960712944008,0.0
2014-09-19,602087657.1458671,62930.49586712965,4194480.0,597830246.65,0.9929289191609592,Bull,1.0,0.0,0.0,0.0,0.7819025038341654,0.0,0.0,0.07685326123333838,0.13417315409345545,0.0,0.7939178738771782,0.0,0.0,0.0670925189933817,0.13898960712944008,0.0
2014-09-22,598165280.7458671,62930.49586712965,4194480.0,593907870.25,0.9928825516409805,Bull,1.0,0.0,0.0,0.0,0.7828981141567796,0.0,0.0,0.07701684046682829,0.1329675970173726,0.0,0.7939178738771782,0.0,0.0,0.0670925189933817,0.13898960712944008,0.0
2014-09-23,596609620.6458671,62930.49586712965,4194480.0,592352210.15,0.9928639928882504,Bull,1.0,0.0,0.0,0.0,0.7825489130473245,0.0,0.0,0.0772994574745121,0.1330156223664137,0.0,0.7939178738771782,0.0,0.0,0.0670925189933817,0.13898960712944008,0.0
2014-09-24,596723476.8458672,62930.49586712965,4194480.0,592466066.35,0.9928653544546785,Bull,1.0,0.0,0.0,0.0,0.7829952808622029,0.0,0.0,0.07737754888421529,0.13249252470826023,0.0,0.7939178738771782,0.0,0.0,0.0670925189933817,0.13898960712944008,0.0
2014-09-25,593217400.4958671,62930.49586712965,4194480.0,588959990.0,0.9928231867569826,Bull,1.0,0.0,0.0,0.0,0.7831742454143281,0.0,0.0,0.07757493283496597,0.13207400850768847,0.0,0.7939178738771782,0.0,0.0,0.0670925189933817,0.13898960712944008,0.0
2014-09-26,591741421.0458672,62930.49586712965,4194480.0,587484010.5500001,0.9928052856459796,Bull,1.0,0.0,0.0,0.0,0.7833239216729956,0.0,0.0,0.07778059531247927,0.1317007686605046,0.0,0.7939178738771782,0.0,0.0,0.0670925189933817,0.13898960712944008,0.0
2014-09-29,588458388.5458671,62930.49586712965,4194480.0,584200978.05,0.9927651460515542,Bull,1.0,0.0,0.0,0.0,0.7829462320836447,0.0,0.0,0.07778714840502632,0.13203176556288326,0.0,0.7939178738771782,0.0,0.0,0.0670925189933817,0.13898960712944008,0.0
2014-09-30,588222802.9958671,62930.49586712965,4194480.0,583965392.5,0.9927622484640449,Bull,1.0,0.0,0.0,0.0,0.7824621727614899,0.0,0.0,0.07841739518609599,0.1318826805164591,0.0,0.7939178738771782,0.0,0.0,0.0670925189933817,0.13898960712944008,0.0
2014-10-01,586778672.2458671,62930.49586712965,4194480.0,582521261.75,0.9927444355133561,Bull,1.0,0.0,0.0,0.0,0.781523397901976,0.0,0.0,0.07860885574360595,0.1326121818677742,0.0,0.7954384054078837,0.0,0.0,0.07659949451131966,0.1279621000807967,0.0
2014-10-02,584061541.4458671,62930.49586712965,4194480.0,579804130.9499999,0.992710681676921,Bull,1.0,0.0,0.0,0.0,0.7806766900303781,0.0,0.0,0.07880488053717527,0.13322911110936772,0.0,0.7954384054078837,0.0,0.0,0.07659949451131966,0.1279621000807967,0.0
2014-10-03,593494898.1458671,62930.49586712965,4194480.0,589237487.65,0.9928265423861811,Bull,1.0,0.0,0.0,0.0,0.7815034115693515,0.0,0.0,0.07780959894393252,0.13351353187289702,0.0,0.7965788040559127,0.0,0.0,0.08594642639151823,0.11747476955256905,0.0
2014-10-06,588466934.76191,13094.361910006031,4194480.0,584259360.4,0.9928499392007262,Bull,1.0,0.0,0.0,0.0,0.7819216054784246,0.0,0.0,0.07988605174396089,0.13104228197834067,0.0,0.7965788040559127,0.0,0.0,0.08594642639151823,0.11747476955256905,0.0
2014-10-07,587906587.5619099,13094.361910006031,4194480.0,583699013.1999999,0.9928431243144271,Bull,1.0,0.0,0.0,0.0,0.7827905366880031,0.0,0.0,0.07996780610159297,0.13008478152483105,0.0,0.7965788040559127,0.0,0.0,0.08594642639151823,0.11747476955256905,0.0
2014-10-08,589232001.81191,4207574.361910006,0.0,585024427.45,0.9928592229393999,Bear,1.0,4194480.0,0.0,0.0,0.783717323617819,0.0,0.0,0.08013515874019453,0.12900674058138625,0.0,0.7800317939455458,0.0,0.0,0.1318621288900275,0.08810607716442678,0.0
2014-10-09,591794022.3685787,27915.21857875245,0.0,591766107.15,0.999952829502287,Bear,1.0,0.0,0.0,0.0,0.7830990000459424,0.0,0.0,0.08001229855361597,0.13684153090272874,0.0,0.764544687254363,0.0,0.0,0.16937575487231696,0.0660795578733201,0.0
2014-10-13,579328466.7719556,7105.771955640637,0.0,579321361.0,0.9999877344678137,Bear,0.5,0.0,0.0,0.0,0.7692372920722024,0.0,0.0,0.08360075980706932,0.14714968258854205,0.0,0.3713077690835594,0.0,0.0,0.10391239671394559,0.024779834202495035,0.0
2014-10-14,581739869.2465086,95341.14650854102,0.0,581644528.1,0.9998361103449347,Bear,0.5,0.0,0.0,0.0,0.625944167401907,0.0,0.0,0.156076976669319,0.21781496627370875,0.0,0.36242592820494146,0.0,0.0,0.11898919614318731,0.018584875651871276,0.0
2014-10-15,575813369.8815738,83158.73157379334,0.0,575730211.15,0.9998555804086471,Bear,0.49999999999999994,0.0,0.0,0.0,0.7102544549010953,0.0,0.0,0.1510067402878873,0.1385943852196645,0.0,0.3546528188344747,0.0,0.0,0.13140852442662182,0.013938656738903453,0.0
2014-10-16,573044031.2743156,95043.37431556266,0.0,572948987.9,0.9998341429818154,Bear,0.5,0.0,0.0,0.0,0.6130514737563516,0.0,0.0,0.29777031203090387,0.08901235719456002,0.0,0.3485179839068232,0.0,0.0,0.14102802353899924,0.01045399255417759,0.0
2014-10-17,570632780.3075145,40826.75751458621,0.0,570591953.55,0.9999284535362785,Bear,0.5,0.0,0.0,0.0,0.5347741386072303,0.0,0.0,0.40786948810507206,0.057284826823976155,0.0,0.34409116038890886,0.0,0.0,0.14806834519545795,0.007840494415633193,0.0
2014-10-20,572813542.3374311,98049814.68743108,0.0,474763727.65,0.8288276944582567,Bear,0.5,0.0,0.0,0.0,0.4880311078353017,0.0,0.0,0.30267807442629735,0.03811851219665757,0.0,0.34051775345707697,0.0,0.0,0.15360187573119813,0.005880370811724895,0.0
2014-10-21,571601638.8480729,211782631.54807284,0.0,359819007.3,0.629492609617302,Bear,0.5,0.0,0.0,0.0,0.3993690566738823,0.0,0.0,0.21156254947712297,0.01856100346629678,0.0,0.34051775345707697,0.0,0.0,0.15360187573119813,0.005880370811724895,0.0
2014-10-22,572892626.5465463,267123056.54654637,0.0,305769570.0,0.5337292815989085,Bear,0.5,0.0,0.0,0.0,0.3575878978141388,0.0,0.0,0.16690876364810572,0.009232620136664049,0.0,0.3366423571798623,0.0,0.0,0.15894736471134402,0.004410278108793671,0.0
2014-10-23,573779387.6181663,281273254.66816634,0.0,292506132.95,0.5097884993119592,Bear,0.5,0.0,0.0,0.0,0.3435671221448365,0.0,0.0,0.1605528221960188,0.00566855497110406,0.0,0.3366423571798623,0.0,0.0,0.15894736471134402,0.004410278108793671,0.0
2014-10-24,573812114.3681663,281273254.66816634,77500.0,292461359.7,0.5096813963609567,Bear,0.5,0.0,0.0,0.0,0.34209727327933565,0.0,0.0,0.16209016448252234,0.00549395859909871,0.0,0.3366423571798623,0.0,0.0,0.15894736471134402,0.004410278108793671,0.0
2014-10-27,574849961.3181663,281273254.66816634,77500.0,293499206.65,0.5105666285111827,Bear,0.5,0.0,0.0,0.0,0.34244258484179724,0.0,0.0,0.1626226081421948,0.005501435527190771,0.0,0.3366423571798623,0.0,0.0,0.15894736471134402,0.004410278108793671,0.0
2014-10-28,576587214.0181663,281273254.66816634,77500.0,295236459.35,0.512041287375301,Bear,0.5,0.0,0.0,0.0,0.34455110089163504,0.0,0.0,0.1619099378729177,0.0055802486107481165,0.0,0.3366423571798623,0.0,0.0,0.15894736471134402,0.004410278108793671,0.0
2014-10-29,579033677.2181664,281273254.66816634,77500.0,297682922.54999995,0.5141029516282176,Bear,0.5,0.0,0.0,0.0,0.3442390838260321,0.0,0.0,0.16425106818815643,0.005612799614029144,0.0,0.3366423571798623,0.0,0.0,0.15894736471134402,0.004410278108793671,0.0
2014-10-30,580770444.4681664,281273254.66816634,77500.0,299419689.79999995,0.5155560043593299,Bear,0.5,0.0,0.0,0.0,0.34293048431963846,0.0,0.0,0.1670467237513112,0.005578796288380328,0.0,0.3366423571798623,0.0,0.0,0.15894736471134402,0.004410278108793671,0.0
2014-10-31,581821860.7681663,281273254.66816634,77500.0,300471106.1,0.5164314481124769,Bear,0.5,0.0,0.0,0.0,0.34357475986907304,0.0,0.0,0.16724500497717296,0.005611683266230826,0.0,0.3366423571798623,0.0,0.0,0.15894736471134402,0.004410278108793671,0.0
2014-11-03,580374419.9681664,281273254.66816634,77500.0,299023665.3,0.5152254389785158,Bull,0.5,0.0,0.0,0.0,0.34343668232471863,0.0,0.0,0.16613723259079674,0.005651524063000413,0.0,0.351886976587383,0.0,0.0,0.1383070127853503,0.009806010627266713,0.0
2014-11-04,580058120.060495,287859894.46049505,77500.0,292120725.59999996,0.503605958605552,Bull,1.0000000000000002,0.0,0.0,0.0,0.3493704658058485,0.0,0.0,0.1455207626284013,0.008714730171302148,0.0,0.6548182942025762,0.0,0.0,0.22138299845887552,0.023798707338548407,0.1
2014-11-05,579331307.6453179,171724033.79531792,77500.0,407529773.85,0.7034485595235613,Bear,1.0,0.0,0.0,0.0,0.4721693273608994,0.0,0.0,0.17660015719819672,0.014697980046355634,0.03998109491810958,0.637363720651932,0.0,0.0,0.24478724884415662,0.017849030503911303,0.1
2014-11-06,576702783.4777075,55843528.77770752,77500.0,520781754.7,0.9030331907876613,Bear,1.0,0.0,0.0,0.0,0.582353864628056,0.0,0.0,0.22430774344441912,0.016706699319013144,0.07966488339617304,0.6243668455896202,0.0,0.0,0.2622463815324464,0.013386772877933478,0.1
2014-11-07,574443198.5496557,14075374.299655724,77500.0,560290324.25,0.9753624477835431,Bear,1.0000000000000002,0.0,0.0,0.0,0.6139964319196506,0.0,0.0,0.25122327214311224,0.014301152874194692,0.09584159084658554,0.6128629388532701,0.0,0.0,0.2754347861493348,0.011702274997395174,0.1
2014-11-10,583541533.5017092,3482497.001709274,77500.0,579981536.5,0.9938993254167421,Bull,0.9999999999999999,0.0,0.0,0.0,0.614493580856571,0.0,0.0,0.26668007513734954,0.012356189895742668,0.10036947952707884,0.6390217063571203,0.0,0.0,0.23470500286003204,0.026273290782847566,0.1
2014-11-11,582472701.0288961,611310.7788961516,77500.0,581783890.25,0.9988174368040265,Bull,1.0,0.0,0.0,0.0,0.6324337768951083,0.0,0.0,0.24356300260836083,0.022758062268985857,0.10006259503157142,0.6592566940530951,0.0,0.0,0.205815152358627,0.03492815358827793,0.1
2014-11-12,574505688.9819044,2913785.131904404,77500.0,571514403.85,0.9947932889277297,Bear,1.0000000000000002,0.0,0.0,0.0,0.6474903747414706,0.0,0.0,0.21698810367033028,0.03179254853397162,0.0985222619819572,0.6424249163094227,0.0,0.0,0.22547739762938065,0.032097686061196846,0.1
2014-11-13,578830860.9943161,19016.79431602964,77500.0,578734344.2,0.9998332556177978,Bear,1.0,0.0,0.0,0.0,0.6526958385581135,0.0,0.0,0.21650780641640774,0.03187053635721947,0.098759074286057,0.6319114111992569,0.0,0.0,0.23537233868966004,0.032716250111083096,0.1
2014-11-14,579759851.9582857,39041.458285631146,77500.0,579643310.5,0.9997989832205662,Bear,1.0,0.0,0.0,0.0,0.6375635864599254,0.0,0.0,0.2302158377286244,0.03241031598951073,0.0996092430425057,0.6319114111992569,0.0,0.0,0.23537233868966004,0.032716250111083096,0.1
2014-11-17,575286629.0582857,39041.458285631146,77500.0,575170087.6,0.9997974201860446,Bear,1.0,0.0,0.0,0.0,0.6376448696547655,0.0,0.0,0.2306891787442432,0.032364040913792275,0.09909933087324357,0.6175184413101376,0.0,0.0,0.24908441734845352,0.033397141341408906,0.1
2014-11-18,577730834.2763757,80180.27637568256,77500.0,577573154.0,0.9997270696542047,Bear,1.0,0.0,0.0,0.0,0.6240649323340836,0.0,0.0,0.2443125615353221,0.03280212665771322,0.09854744912708585,0.6078418749784563,0.0,0.0,0.2639279370821138,0.028230187939429895,0.1
2014-11-19,582339724.7287198,45050.82871980965,77500.0,582217173.9,0.9997895544069625,Bear,1.0,0.0,0.0,0.0,0.6112535325764029,0.0,0.0,0.25769888885720205,0.029626520856081195,0.10121061211727644,0.6006851672292506,0.0,0.0,0.2766959528115854,0.02261887995916408,0.1
2014-11-20,585429331.8363625,2709595.0363625595,77500.0,582642236.8,0.9952392289132148,Bull,1.0000000000000002,0.0,0.0,0.0,0.6021356423913039,0.0,0.0,0.266129132121362,0.024572735286213877,0.10240171911433499,0.6252030469651519,0.0,0.0,0.2379674423862407,0.03682951064860748,0.1
2014-11-21,583780096.0722663,649073.6722663152,77500.0,583053522.4,0.998755398347503,Bull,1.0,0.0,0.0,0.0,0.6133861788183899,0.0,0.0,0.2505301242437274,0.03379423199375029,0.10104486329163552,0.6435798446905078,0.0,0.0,0.20547029988574655,0.050949855423745735,0.1
2014-11-24,585340296.1795208,841259.4295208147,77500.0,584421536.75,0.9984303841107173,Bull,1.0,0.0,0.0,0.0,0.6355578441773708,0.0,0.0,0.21590449320653066,0.046561632913175034,0.10040641381364074,0.6586748860337992,0.0,0.0,0.1798765531034416,0.06144856086275917,0.1
2014-11-25,581213145.7884934,19869.388493366074,77500.0,581115776.4,0.9998324721503652,Bull,1.0,0.0,0.0,0.0,0.6520069773815883,0.0,0.0,0.18852756651150288,0.05808411293622938,0.10121381532104472,0.6717621337791525,0.0,0.0,0.15910787359610404,0.06912999262474342,0.1
2014-11-26,581041632.2888712,1918668.8888712428,77500.0,579045463.4,0.9965644993784563,Bull,1.0000000000000002,0.0,0.0,0.0,0.6643083936679092,0.0,0.0,0.1657254741294109,0.06638500213496455,0.10014562944617163,0.6799824315713737,0.0,0.0,0.1428380660035881,0.07717950242503833,0.1
2014-11-27,584386529.1917872,330629.54178721807,0.0,584055899.65,0.9994342279890597,Bull,1.0,77500.0,0.0,0.0,0.6738820626044205,0.0,0.0,0.14998600347824684,0.07473221544035166,0.1008339464660407,0.6872186371230248,0.0,0.0,0.12770070378861506,0.08508065908836022,0.1
2014-11-28,585541370.8923701,1428297.7423700953,0.0,584113073.15,0.9975607227544087,Bull,1.0,0.0,0.0,0.0,0.6816315515703569,0.0,0.0,0.13337127636427032,0.08230844547593692,0.10024944934384462,0.6921306548961591,0.0,0.0,0.11689507253529996,0.0909742725685409,0.1
2014-12-01,576950106.4636695,260389.6636695969,0.0,576689716.8,0.9995486790612352,Bull,1.0,0.0,0.0,0.0,0.6876245837472287,0.0,0.0,0.12297163863070995,0.08915155647560127,0.09980090020769554,0.6921306548961591,0.0,0.0,0.11689507253529996,0.0909742725685409,0.1
2014-12-02,571506384.2136697,260389.6636695969,0.0,571245994.5500001,0.9995443801314173,Bear,1.0,0.0,0.0,0.0,0.6865421023946197,0.0,0.0,0.12589693131599322,0.08865342785227304,0.09845191856853136,0.6574726957352274,0.0,0.0,0.16642130440147498,0.07610599986329768,0.1
2014-12-03,577894134.2736273,649072.8236273264,0.0,577245061.4499999,0.9988768309191385,Bull,1.0,0.0,0.0,0.0,0.6719452377520369,0.0,0.0,0.1455638585183662,0.07970257399807971,0.10166516065065585,0.738362008173478,0.0,0.0,0.17351666867015347,0.08812132315636863,0.0
2014-12-04,583092292.7098691,1855378.9098692387,0.0,581236913.8,0.9968180356127733,Bull,1.0,0.0,0.0,0.0,0.7113878179940127,0.0,0.0,0.17447117938603843,0.08550155888410385,0.02545747934861832,0.7446924332805736,0.0,0.0,0.15991880412034978,0.0953887625990767,0.0
2014-12-05,579971971.7404988,1738696.6904986673,0.0,578233275.0500001,0.9970021022131796,Bull,1.0,0.0,0.0,0.0,0.7349745605305333,0.0,0.0,0.16261303062106988,0.09301820196259127,0.006396309098984959,0.7494706474416398,0.0,0.0,0.1487806888400875,0.10174866371827268,0.0
2014-12-08,580059774.5904987,1738696.6904986673,0.0,578321077.9,0.9970025560008429,Bull,1.0,0.0,0.0,0.0,0.7353048195784793,0.0,0.0,0.1630388869263769,0.09230850396030382,0.006350345535682896,0.7494706474416398,0.0,0.0,0.1487806888400875,0.10174866371827268,0.0
2014-12-09,579811198.2904987,1738696.6904986673,0.0,578072501.6,0.9970012709384968,Bull,1.0,0.0,0.0,0.0,0.7349427242115805,0.0,0.0,0.16364119954865453,0.0921393035483141,0.0062780436299476865,0.7494706474416398,0.0,0.0,0.1487806888400875,0.10174866371827268,0.0
2014-12-10,575563451.5904987,1738696.6904986673,0.0,573824754.9,0.9969791398573102,Bear,1.0,0.0,0.0,0.0,0.7347505018454182,0.0,0.0,0.16451009830166752,0.09155741187939932,0.00616112783082514,0.7198417831617571,0.0,0.0,0.19908551663006563,0.08107270020817725,0.0
2014-12-11,571458408.3555871,334916.90558704454,0.0,571123491.45,0.9994139260168543,Bear,1.0,0.0,0.0,0.0,0.7229395620213397,0.0,0.0,0.19064152072500495,0.08426597508394015,0.0015668681865694798,0.6960984497690459,0.0,0.0,0.23681413747254923,0.06708741275840487,0.0
2014-12-12,572054680.586377,144789.38637699466,0.0,571909891.2,0.9997468958977338,Bear,1.0,0.0,0.0,0.0,0.704145171554414,0.0,0.0,0.2237525613264743,0.07145785427032737,0.00039130874651798246,0.6769836077611734,0.0,0.0,0.2650505749147097,0.0579658173241169,0.0
2014-12-15,569534438.3633438,2153587.263343821,0.0,567380851.1,0.9962186882508237,Bear,1.0,0.0,0.0,0.0,0.6905083426212553,0.0,0.0,0.24410797773620296,0.0614954911254304,0.00010687676793508839,0.6628554021466063,0.0,0.0,0.2841736846846908,0.052970913168702935,0.0
2014-12-16,571730694.6301111,214299.43011107296,0.0,571516395.2,0.9996251741735684,Bear,1.0,0.0,0.0,0.0,0.6664276184200748,0.0,0.0,0.27863030880834944,0.054532055551382984,3.519139376103798e-05,0.6589575157419436,0.0,0.0,0.29973892201677643,0.04130356224127997,0.0
2014-12-17,565512329.5918199,93790.99181982502,0.0,565418538.6,0.9998341486349421,Bear,1.0,0.0,0.0,0.0,0.6609651974693335,0.0,0.0,0.29433345886577056,0.044500886511465415,3.4605788372687463e-05,0.6589807380453943,0.0,0.0,0.3100415902736458,0.030977671680959978,0.0
2014-12-18,569501180.5227287,22836.12272870075,0.0,569478344.4,0.9999599015357479,Bear,1.0,0.0,0.0,0.0,0.6604120364680959,0.0,0.0,0.3052866367026982,0.03422679472254767,3.443364240615015e-05,0.6589807380453943,0.0,0.0,0.3100415902736458,0.030977671680959978,0.0
2014-12-19,576099457.4727287,22836.12272870075,0.0,576076621.35,0.9999603607980662,Bear,1.0,0.0,0.0,0.0,0.6600886295193247,0.0,0.0,0.3052051129701391,0.03463152020229848,3.5098106303905296e-05,0.6589807380453943,0.0,0.0,0.3100415902736458,0.030977671680959978,0.0
2014-12-22,576823817.4727287,22836.12272870075,0.0,576800981.35,0.9999604105759211,Bull,1.0,0.0,0.0,0.0,0.6597399237384853,0.0,0.0,0.30517221145834955,0.03501242387751236,3.585150157392333e-05,0.6925831967667784,0.0,0.0,0.2690545948433321,0.038362208389889574,0.0
2014-12-23,576179878.8583146,3524944.1583147002,0.0,572654934.6999999,0.9938822158016013,Bull,1.0,0.0,0.0,0.0,0.6778110951632795,0.0,0.0,0.27869161331731707,0.037343546329029365,3.596099197538126e-05,0.7194373975750837,0.0,0.0,0.23969977561105443,0.040862826813861775,0.0
2014-12-24,579357397.8897572,1647477.1897570728,0.0,577709920.7,0.9971563715320494,Bull,1.0,0.0,0.0,0.0,0.7076195491647281,0.0,0.0,0.24944757851784574,0.0400529967935536,3.624705592176796e-05,0.7387063444450837,0.0,0.0,0.21777830726296393,0.04351534829195237,0.0
2014-12-25,578211757.2173251,337515.91732519725,0.0,577874241.3,0.9994162762809434,Bull,1.0,0.0,0.0,0.0,0.7298377039770014,0.0,0.0,0.22688729235004418,0.042654961079821155,3.6318874076624834e-05,0.7530677468088565,0.0,0.0,0.20203133693882516,0.04490091625231845,0.0
2014-12-26,580756435.3625226,2442421.1125225713,0.0,578314014.25,0.995794414036931,Bull,0.9999999999999999,0.0,0.0,0.0,0.7434386051710072,0.0,0.0,0.2081533542104268,0.04416601941567607,3.643523982096109e-05,0.7641903824142304,0.0,0.0,0.19055215808374573,0.04525745950202369,0.0
2014-12-27,579381514.9748995,251086.97489957372,0.0,579130428.0,0.9995666292962239,Bull,1.0,0.0,0.0,0.0,0.759697240287462,0.0,0.0,0.19465722858777432,0.04517541434012426,3.674608086335365e-05,0.7731427868106729,0.0,0.0,0.18048912235019238,0.0463680908391347,0.0
2014-12-29,582096060.5248995,251086.97489957372,0.0,581844973.55,0.9995686502762566,Bull,1.0,0.0,0.0,0.0,0.7589994221084431,0.0,0.0,0.19516228970448524,0.04536983118591354,3.710727741486931e-05,0.7763969611410858,0.0,0.0,0.16798382650013238,0.055619212358781915,0.0
2014-12-30,582922152.8320076,9052.682007698575,0.0,582913100.15,0.9999844701698782,Bull,1.0,0.0,0.0,0.0,0.7713306278815889,0.0,0.0,0.17597855820305916,0.052638503873848934,3.6780211381293644e-05,0.7763969611410858,0.0,0.0,0.16798382650013238,0.055619212358781915,0.0
2014-12-31,585909063.2820077,9052.682007698575,0.0,585900010.6,0.9999845493395222,Bull,1.0,0.0,0.0,0.0,0.769724107140039,0.0,0.0,0.17785353825435524,0.052370157628422294,3.6746316705528166e-05,0.7763969611410858,0.0,0.0,0.16798382650013238,0.055619212358781915,0.0
2015-01-05,580214678.8820077,9052.682007698575,0.0,580205626.2,0.999984397702545,Bull,1.0,0.0,0.0,0.0,0.770740249215483,0.0,0.0,0.17656051066717804,0.05264680662484914,3.683119503487397e-05,0.7822977208558144,0.0,0.0,0.15721750515398714,0.06048477399019858,0.0
2015-01-06,570451754.4087378,1122233.158737826,0.0,569329521.25,0.9980327290606706,Bear,1.0,0.0,0.0,0.0,0.7775535228386456,0.0,0.0,0.16242109746166608,0.05802243527904735,3.5673481311478095e-05,0.7517306512834752,0.0,0.0,0.20072790727374668,0.04754144144277824,0.0
2015-01-07,569854988.5011723,252933.80117220245,0.0,569602054.7,0.9995561435693711,Bear,1.0,0.0,0.0,0.0,0.7580668826576593,0.0,0.0,0.19115108615000903,0.05030227089069526,3.590387100727804e-05,0.7267027506912603,0.0,0.0,0.2332435973983814,0.04005365191035827,0.0
2015-01-08,579373117.2572457,30980.007245699875,0.0,579342137.25,0.9999465284005714,Bull,1.0,0.0,0.0,0.0,0.7322894256096831,0.0,0.0,0.22469302789932294,0.04292743183829343,3.6643053271962106e-05,0.7423455636166965,0.0,0.0,0.20384022018275327,0.05381421620055034,0.0
2015-01-09,580554979.2945023,701735.0945021985,0.0,579853244.2,0.9987912684938901,Bull,1.0,0.0,0.0,0.0,0.737622739400825,0.0,0.0,0.21042761556959896,0.05070450009019286,3.641343327326138e-05,0.7567591727125224,0.0,0.0,0.1847067003676838,0.05853412691979392,0.0
2015-01-12,580229410.4714395,690092.7714394489,0.0,579539317.7,0.9988106553046342,Bull,1.0000000000000002,0.0,0.0,0.0,0.7458045040295327,0.0,0.0,0.19676475879986388,0.056205355005191096,3.603747004656402e-05,0.7675693795343919,0.0,0.0,0.17052807132988304,0.06190254913572524,0.0
2015-01-13,585607658.264108,1155710.5641079526,0.0,584451947.7,0.9980264763484588,Bull,1.0000000000000002,0.0,0.0,0.0,0.7608110505601752,0.0,0.0,0.17715393324520398,0.06002542744095537,3.60651021241852e-05,0.7675693795343919,0.0,0.0,0.17052807132988304,0.06190254913572524,0.0
2015-01-14,579144458.1641079,1155710.5641079526,0.0,577988747.6,0.9980044520018865,Bull,0.9999999999999999,0.0,0.0,0.0,0.760468983845825,0.0,0.0,0.17712627403046335,0.060373192745103124,3.600138049510937e-05,0.7756770346507937,0.0,0.0,0.16015998455415792,0.06416298079504824,0.0
2015-01-15,576782142.8549323,90334.95493232878,0.0,576691807.9,0.9998433811517028,Bull,1.0,0.0,0.0,0.0,0.773168887810318,0.0,0.0,0.162980947251072,0.06365731057182646,3.623551848632145e-05,0.7807302827833438,0.0,0.0,0.14870352256281594,0.07056619465384023,0.0
2015-01-16,577529930.5049323,90334.95493232878,0.0,577439595.55,0.9998435839423018,Bull,1.0,0.0,0.0,0.0,0.7716613668149861,0.0,0.0,0.1648614123198016,0.06328503176977399,3.577303774011684e-05,0.7807302827833438,0.0,0.0,0.14870352256281594,0.07056619465384023,0.0
2015-01-19,579360865.2906656,494450.3406655793,0.0,578866414.95,0.999146558957831,Bull,1.0,0.0,0.0,0.0,0.7773108125348827,0.0,0.0,0.1525033969211443,0.0692961889648138,3.616053699016998e-05,0.7807302827833438,0.0,0.0,0.14870352256281594,0.07056619465384023,0.0
2015-01-20,578433328.3406656,494450.3406655793,0.0,577938878.0,0.9991451904369273,Bull,1.0,0.0,0.0,0.0,0.7775614681301897,0.0,0.0,0.1516157449840956,0.0699311364302592,3.6840892382759755e-05,0.7834263667309693,0.0,0.0,0.13749703501398758,0.07907659825504312,0.0
2015-01-21,584058994.7906656,494450.3406655793,0.0,583564544.45,0.999153423977585,Bull,1.0,0.0,0.0,0.0,0.7764497396577851,0.0,0.0,0.15289037716473353,0.06977634171117694,3.696544388934227e-05,0.7834263667309693,0.0,0.0,0.13749703501398758,0.07907659825504312,0.0
2015-01-22,585374859.6213818,588749.3213818287,0.0,584786110.3,0.9989942353831823,Bull,1.0,0.0,0.0,0.0,0.7806281612359643,0.0,0.0,0.14141809925616464,0.0769107167142774,3.725817677600064e-05,0.7834263667309693,0.0,0.0,0.13749703501398758,0.07907659825504312,0.0
2015-01-23,589365116.0713818,588749.3213818287,0.0,588776366.75,0.999001044844143,Bull,1.0,0.0,0.0,0.0,0.7807250110375898,0.0,0.0,0.14060503029494428,0.07763303044637344,3.797306523531911e-05,0.7834263667309693,0.0,0.0,0.13749703501398758,0.07907659825504312,0.0
2015-01-26,589127959.1213818,588749.3213818287,0.0,588539209.8,0.999000642708827,Bull,1.0,0.0,0.0,0.0,0.7807087283481586,0.0,0.0,0.14058966090070593,0.07766428208268583,3.797137727661465e-05,0.7834263667309693,0.0,0.0,0.13749703501398758,0.07907659825504312,0.0
2015-01-27,591045929.2213818,588749.3213818287,0.0,590457179.9,0.9990038856672994,Bull,1.0,0.0,0.0,0.0,0.7809134232732698,0.0,0.0,0.14013293367760785,0.0779193252556014,3.820346082028838e-05,0.7834263667309693,0.0,0.0,0.13749703501398758,0.07907659825504312,0.0
2015-01-28,589669896.0213817,588749.3213818287,0.0,589081146.6999999,0.9990015611694709,Bull,1.0,0.0,0.0,0.0,0.7802413516516317,0.0,0.0,0.14062071094264117,0.07810115508818526,3.834348701291027e-05,0.7834263667309693,0.0,0.0,0.13749703501398758,0.07907659825504312,0.0
2015-01-29,586346283.7713819,588749.3213818287,0.0,585757534.45,0.9989959016750393,Bull,1.0,0.0,0.0,0.0,0.7803932029838054,0.0,0.0,0.14098648237059871,0.07757838884459585,3.7827476039138754e-05,0.7834263667309693,0.0,0.0,0.13749703501398758,0.07907659825504312,0.0
2015-01-30,586040371.1213818,588749.3213818287,0.0,585451621.8,0.9989953775364396,Bull,1.0,0.0,0.0,0.0,0.7820813110929342,0.0,0.0,0.1395985738038093,0.07727795256381725,3.754007587890787e-05,0.7834263667309693,0.0,0.0,0.13749703501398758,0.07907659825504312,0.0
2015-02-02,586804476.2213818,588749.3213818287,0.0,586215726.9,0.9989966857015595,Bull,1.0,0.0,0.0,0.0,0.7820941310046493,0.0,0.0,0.13951751105782867,0.07734756948731364,3.747415176789467e-05,0.7834263667309693,0.0,0.0,0.13749703501398758,0.07907659825504312,0.0
2015-02-03,585512579.2213818,588749.3213818287,0.0,584923829.9,0.9989944719511155,Bull,1.0,0.0,0.0,0.0,0.7817853042691454,0.0,0.0,0.13908411687464242,0.07808696452055726,3.8086286770567214e-05,0.7843690022749731,0.0,0.0,0.12145473279081467,0.09417626493421222,0.0
2015-02-04,590774912.5539505,247510.00395057915,0.0,590527402.55,0.9995810417831038,Bull,1.0,0.0,0.0,0.0,0.7833601642787045,0.0,0.0,0.12596337186746095,0.09021913230808128,3.837332885717238e-05,0.7855527645115777,0.0,0.0,0.10777044292214985,0.10667679256627244,0.0
2015-02-05,592163744.5430225,208562.2930224539,0.0,591955182.25,0.9996477962473311,Bull,1.0,0.0,0.0,0.0,0.7847682782548963,0.0,0.0,0.11297044207193899,0.10187097835000475,3.809757049109741e-05,0.7855527645115777,0.0,0.0,0.10777044292214985,0.10667679256627244,0.0
2015-02-06,590358164.5430225,208562.2930224539,0.0,590149602.25,0.9996467190503177,Bull,1.0,0.0,0.0,0.0,0.7845585105247517,0.0,0.0,0.11338540570843901,0.10166497832118339,3.782449594355139e-05,0.7855527645115777,0.0,0.0,0.10777044292214985,0.10667679256627244,0.0
2015-02-09,587573302.0430225,208562.2930224539,0.0,587364739.75,0.9996450446398818,Bull,1.0,0.0,0.0,0.0,0.7845672840258592,0.0,0.0,0.11326450634941727,0.10177538664890082,3.786761570451824e-05,0.7891645733836834,0.0,0.0,0.09597347067334663,0.11486195594297006,0.0
2015-02-10,588372675.0479105,123899.09791058075,0.0,588248775.9499999,0.9997894207138351,Bull,1.0,0.0,0.0,0.0,0.7885454502322365,0.0,0.0,0.10019635938259633,0.1110099988832443,3.761221575797683e-05,0.7891645733836834,0.0,0.0,0.09597347067334663,0.11486195594297006,0.0
2015-02-11,588779628.7479105,123899.09791058075,0.0,588655729.65,0.9997895662623824,Bull,1.0,0.0,0.0,0.0,0.7864109881563955,0.0,0.0,0.10118811366944977,0.11215231773630609,3.8146700231057725e-05,0.7891645733836834,0.0,0.0,0.09597347067334663,0.11486195594297006,0.0
2015-02-12,589887871.9479105,123899.09791058075,0.0,589763972.85,0.999789961611685,Bull,1.0,0.0,0.0,0.0,0.7874276026665228,0.0,0.0,0.10038263679580935,0.11194161321192747,3.810893742528932e-05,0.7891645733836834,0.0,0.0,0.09597347067334663,0.11486195594297006,0.0
2015-02-13,589931148.6979105,123899.09791058075,0.0,589807249.6,0.9997899770198878,Bull,1.0,0.0,0.0,0.0,0.7854541510864981,0.0,0.0,0.10163389428128422,0.11266340173204589,3.852992005960255e-05,0.7891645733836834,0.0,0.0,0.09597347067334663,0.11486195594297006,0.0
2015-02-24,596373640.5979105,123899.09791058075,0.0,596249741.5,0.999792245851466,Bull,1.0,0.0,0.0,0.0,0.7845615561259589,0.0,0.0,0.1024617720171821,0.112730082993939,3.8834714386068965e-05,0.7891645733836834,0.0,0.0,0.09597347067334663,0.11486195594297006,0.0
2015-02-25,598528473.7979106,123899.09791058075,0.0,598404574.7,0.9997929938117658,Bull,1.0,0.0,0.0,0.0,0.7845385228214672,0.0,0.0,0.10201168811997988,0.11320363686302627,3.914600729239657e-05,0.7891645733836834,0.0,0.0,0.09597347067334663,0.11486195594297006,0.0
2015-02-26,593700574.9479105,123899.09791058075,0.0,593576675.85,0.9997913104633234,Bull,1.0,0.0,0.0,0.0,0.7852686952356485,0.0,0.0,0.10116530543240529,0.11331823285820918,3.907693706046267e-05,0.7918734300377626,0.0,0.0,0.0848341572609619,0.12329241270127561,0.0
2015-03-02,591553697.0987942,85017.69879420532,0.0,591468679.4,0.999856280673739,Bull,1.0,0.0,0.0,0.0,0.7895061288442955,0.0,0.0,0.0896121523033045,0.12069910195840704,3.889756773197403e-05,0.7918734300377626,0.0,0.0,0.0848341572609619,0.12329241270127561,0.0
2015-03-03,591283120.3987943,85017.69879420532,0.0,591198102.7,0.9998562149064277,Bull,1.0,0.0,0.0,0.0,0.7896323378639647,0.0,0.0,0.08960309904376569,0.12058182880632996,3.894919236738448e-05,0.7918734300377626,0.0,0.0,0.0848341572609619,0.12329241270127561,0.0
2015-03-04,590374260.3487942,85017.69879420532,0.0,590289242.65,0.9998559935544209,Bull,1.0,0.0,0.0,0.0,0.7901302512314937,0.0,0.0,0.0888328023803335,0.12085384609729916,3.9093845294617505e-05,0.7918734300377626,0.0,0.0,0.0848341572609619,0.12329241270127561,0.0
2015-03-05,587333453.9987942,85017.69879420532,0.0,587248436.3,0.9998552479886589,Bull,1.0,0.0,0.0,0.0,0.7898841503772956,0.0,0.0,0.08888664462165505,0.12104537808286663,3.9074906841671436e-05,0.7918734300377626,0.0,0.0,0.0848341572609619,0.12329241270127561,0.0
2015-03-06,590577930.3487942,85017.69879420532,0.0,590492912.65,0.9998560432172872,Bull,1.0,0.0,0.0,0.0,0.7905176246160639,0.0,0.0,0.08874628953548232,0.12055309950026709,3.902956547391927e-05,0.7918734300377626,0.0,0.0,0.0848341572609619,0.12329241270127561,0.0
2015-03-09,586278227.4487942,85017.69879420532,0.0,586193209.75,0.9998549874533731,Bull,1.0,0.0,0.0,0.0,0.7912660542907802,0.0,0.0,0.08833075760863564,0.12021937145219319,3.88041017641014e-05,0.7918734300377626,0.0,0.0,0.0848341572609619,0.12329241270127561,0.0
2015-03-10,585854710.4987942,85017.69879420532,0.0,585769692.8,0.9998548826231646,Bull,1.0,0.0,0.0,0.0,0.7908385893245345,0.0,0.0,0.088932629654272,0.12004512166527122,3.854197908688911e-05,0.7918734300377626,0.0,0.0,0.0848341572609619,0.12329241270127561,0.0
2015-03-11,585084693.8487942,85017.69879420532,0.0,584999676.15,0.9998546916374876,Bull,1.0,0.0,0.0,0.0,0.7900348120702296,0.0,0.0,0.08940380862794947,0.12037744405291478,3.862688639371689e-05,0.7918734300377626,0.0,0.0,0.0848341572609619,0.12329241270127561,0.0
2015-03-12,590254156.7987943,85017.69879420532,0.0,590169139.1,0.9998559642523225,Bull,1.0,0.0,0.0,0.0,0.7904992005995359,0.0,0.0,0.08895795039339105,0.12036001641275544,3.8796846640092614e-05,0.7918734300377626,0.0,0.0,0.0848341572609619,0.12329241270127561,0.0
2015-03-13,587727136.9987942,85017.69879420532,0.0,587642119.3,0.9998553449493104,Bull,1.0,0.0,0.0,0.0,0.7896038145690593,0.0,0.0,0.08968226355712436,0.12053042226659229,3.884455653448386e-05,0.7918734300377626,0.0,0.0,0.0848341572609619,0.12329241270127561,0.0
2015-03-16,585345353.4487942,85017.69879420532,0.0,585260335.75,0.9998547563446206,Bull,1.0,0.0,0.0,0.0,0.7907197913555991,0.0,0.0,0.08903393474115798,0.12006245473023626,3.857551762726222e-05,0.7918734300377626,0.0,0.0,0.0848341572609619,0.12329241270127561,0.0
2015-03-17,587491583.4987942,85017.69879420532,0.0,587406565.8,0.9998552869501757,Bull,1.0,0.0,0.0,0.0,0.7905655482483236,0.0,0.0,0.08919327777928507,0.12005789015723792,3.857076532917941e-05,0.7918734300377626,0.0,0.0,0.0848341572609619,0.12329241270127561,0.0
2015-03-18,592504379.4487942,85017.69879420532,0.0,592419361.75,0.9998565112735988,Bull,1.0,0.0,0.0,0.0,0.7905157801293162,0.0,0.0,0.08896862509107531,0.12033328777473071,3.881827847651837e-05,0.7918734300377626,0.0,0.0,0.0848341572609619,0.12329241270127561,0.0
2015-03-19,595345115.6987942,85017.69879420532,0.0,595260098.0,0.999857195941392,Bull,1.0,0.0,0.0,0.0,0.7899032268838221,0.0,0.0,0.08887030161975537,0.12104407695596041,3.95904818540997e-05,0.7918734300377626,0.0,0.0,0.0848341572609619,0.12329241270127561,0.0
2015-03-20,594410989.1487943,85017.69879420532,0.0,594325971.45,0.9998569715224882,Bull,1.0,0.0,0.0,0.0,0.7894663120579217,0.0,0.0,0.08928838963088954,0.12106270125161929,3.9568582057476766e-05,0.7932390001396639,0.0,0.0,0.07300827643421845,0.13375272342611771,0.0
2015-03-23,594833069.2959971,141664.39599720505,0.0,594691404.9,0.9997618417614796,Bull,1.0,0.0,0.0,0.0,0.7921806961030218,0.0,0.0,0.07670656248819797,0.1308350258537378,3.955731652217733e-05,0.7937417537296914,0.0,0.0,0.06225620732566384,0.1440020389446448,0.0
2015-03-24,596374526.3459972,141664.39599720505,0.0,596232861.95,0.9997624573321984,Bull,1.0,0.0,0.0,0.0,0.7925656799025894,0.0,0.0,0.07712183865699868,0.13003573522019954,3.92035524106804e-05,0.7937417537296914,0.0,0.0,0.06225620732566384,0.1440020389446448,0.0
2015-03-25,593101905.8459972,141664.39599720505,0.0,592960241.45,0.999761146618143,Bull,1.0,0.0,0.0,0.0,0.7922259173653794,0.0,0.0,0.07720646241168884,0.13028958301824267,3.918382283201501e-05,0.7937417537296914,0.0,0.0,0.06225620732566384,0.1440020389446448,0.0
2015-03-26,593791272.9459972,141664.39599720505,0.0,593649608.5500001,0.9997614239170368,Bull,1.0,0.0,0.0,0.0,0.7941352290519189,0.0,0.0,0.07702403535351304,0.1285636948169543,3.846469465050087e-05,0.7953063152972686,0.0,0.0,0.07438482811700724,0.13030885658572425,0.0
2015-03-27,587650548.3959972,141664.39599720505,0.0,587508884.0,0.9997589308877805,Bull,1.0,0.0,0.0,0.0,0.7931538994938763,0.0,0.0,0.0778763844004127,0.12869042700022965,3.8219993261820273e-05,0.7964797364729514,0.0,0.0,0.09572341692127431,0.1077968466057743,0.0
2015-03-30,590562287.5904338,76853.84043383226,0.0,590485433.75,0.9998698632776782,Bull,1.0,0.0,0.0,0.0,0.7970323937725557,0.0,0.0,0.0901447673152476,0.11265467063846708,3.8031551407793986e-05,0.7973598023547136,0.0,0.0,0.10901702144486382,0.09362317620042265,0.0
2015-03-31,593829173.2498145,54029.749814459596,0.0,593775143.5,0.9999090146590158,Bull,1.0,0.0,0.0,0.0,0.7977129363779502,0.0,0.0,0.1039019347303838,0.09825595074874208,3.8192801939791e-05,0.7973598023547136,0.0,0.0,0.10901702144486382,0.09362317620042265,0.0
2015-04-01,592371249.4498146,54029.749814459596,0.0,592317219.7,0.9999087907290155,Bull,0.9999999999999999,0.0,0.0,0.0,0.7984861354080156,0.0,0.0,0.10345775568432963,0.09792718680030153,3.771283636866079e-05,0.7980198517660351,0.0,0.0,0.11945417187153538,0.08252597636242942,0.0
2015-04-02,596122064.2614427,28043.71144271083,0.0,596094020.55,0.9999529564276782,Bull,0.9999999999999999,0.0,0.0,0.0,0.7971267950612159,0.0,0.0,0.11581403229141553,0.08697379799929925,3.833107574756472e-05,0.7980198517660351,0.0,0.0,0.11945417187153538,0.08252597636242942,0.0
2015-04-07,598107494.0614427,28043.71144271083,0.0,598079450.35,0.9999531125897583,Bull,0.9999999999999999,0.0,0.0,0.0,0.7980704557113681,0.0,0.0,0.1150345058089708,0.08680981347922412,3.833759019519062e-05,0.7980198517660351,0.0,0.0,0.11945417187153538,0.08252597636242942,0.0
2015-04-08,594329540.4114428,28043.71144271083,0.0,594301496.7,0.9999528145422095,Bull,0.9999999999999999,0.0,0.0,0.0,0.7986189385293115,0.0,0.0,0.11468721536676904,0.08660851682446333,3.8143821665512374e-05,0.7980198517660351,0.0,0.0,0.11945417187153538,0.08252597636242942,0.0
2015-04-09,597892050.3114427,28043.71144271083,0.0,597864006.6,0.9999530956944015,Bull,0.9999999999999999,0.0,0.0,0.0,0.7989007988167566,0.0,0.0,0.11479731159537447,0.0862172359929326,3.7749289337838255e-05,0.7980198517660351,0.0,0.0,0.11945417187153538,0.08252597636242942,0.0
2015-04-10,599090876.8614427,28043.71144271083,0.0,599062833.15,0.9999531895534954,Bull,0.9999999999999999,0.0,0.0,0.0,0.7989772197127016,0.0,0.0,0.11420821555228654,0.08672957977962503,3.817450888221313e-05,0.7980198517660351,0.0,0.0,0.11945417187153538,0.08252597636242942,0.0
2015-04-13,600865970.0114427,28043.71144271083,0.0,600837926.3,0.9999533278420774,Bull,0.9999999999999999,0.0,0.0,0.0,0.7987083646804971,0.0,0.0,0.11448493246953224,0.08672166939160769,3.83613004403645e-05,0.7980198517660351,0.0,0.0,0.11945417187153538,0.08252597636242942,0.0
2015-04-14,600861409.0114427,28043.71144271083,0.0,600833365.3,0.9999533274877999,Bull,0.9999999999999999,0.0,0.0,0.0,0.7997521193624347,0.0,0.0,0.11387517815892377,0.08628778487421987,3.82450922215282e-05,0.7980198517660351,0.0,0.0,0.11945417187153538,0.08252597636242942,0.0
2015-04-15,594042259.8114427,28043.71144271083,0.0,594014216.1,0.9999527917231821,Bull,1.0,0.0,0.0,0.0,0.8023266833765068,0.0,0.0,0.11137759798604405,0.08621086994089561,3.7640419735621794e-05,0.7985148888245264,0.0,0.0,0.10464463028987132,0.09684048088560226,0.0
2015-04-16,598717463.1614428,28043.71144271083,0.0,598689419.45,0.9999531603583189,Bull,1.0,0.0,0.0,0.0,0.8030189848001116,0.0,0.0,0.11005007211929814,0.08684597193046856,3.813150844047444e-05,0.7988861666183948,0.0,0.0,0.09068894256765092,0.11042489081395426,0.0
2015-04-17,595432508.9018028,190052.00180283515,0.0,595242456.9,0.9996808168869494,Bull,1.0,0.0,0.0,0.0,0.806684787476416,0.0,0.0,0.10644732871052029,0.08651072830236603,3.797239764705018e-05,0.7988861666183948,0.0,0.0,0.09068894256765092,0.11042489081395426,0.0
2015-04-20,595985809.6344543,93048.9344542101,0.0,595892760.7,0.9998438739094958,Bull,1.0,0.0,0.0,0.0,0.8006911791955068,0.0,0.0,0.09534035723912833,0.10377453456137545,3.780291348516955e-05,0.7988861666183948,0.0,0.0,0.09068894256765092,0.11042489081395426,0.0
2015-04-21,596862976.1844542,93048.9344542101,0.0,596769927.25,0.9998441033567721,Bull,1.0,0.0,0.0,0.0,0.7998765651405716,0.0,0.0,0.09630786678622132,0.1036220245982999,3.764683167926282e-05,0.7988861666183948,0.0,0.0,0.09068894256765092,0.11042489081395426,0.0
2015-04-22,599358429.0344542,93048.9344542101,0.0,599265380.1,0.9998447524386966,Bull,1.0,0.0,0.0,0.0,0.799764276064673,0.0,0.0,0.09580410855738403,0.10423821034876705,3.815746787250958e-05,0.7988861666183948,0.0,0.0,0.09068894256765092,0.11042489081395426,0.0
2015-04-23,614993018.4844542,93048.9344542101,0.0,614899969.55,0.9998486992020112,Bull,1.0,0.0,0.0,0.0,0.8009589454590721,0.0,0.0,0.0945643255322094,0.10428654972059853,3.887849013135488e-05,0.7988861666183948,0.0,0.0,0.09068894256765092,0.11042489081395426,0.0
2015-04-24,617042475.8344542,93048.9344542101,0.0,616949426.9,0.9998492017355396,Bull,1.0,0.0,0.0,0.0,0.7998747999196346,0.0,0.0,0.09497709200771952,0.10495776633920956,3.954346897594495e-05,0.7988861666183948,0.0,0.0,0.09068894256765092,0.11042489081395426,0.0
2015-04-27,624129410.3344542,93048.9344542101,0.0,624036361.4,0.9998509140365548,Bull,1.0,0.0,0.0,0.0,0.8013734381335712,0.0,0.0,0.09388133138702917,0.10455644121149596,3.970330445847931e-05,0.7988861666183948,0.0,0.0,0.09068894256765092,0.11042489081395426,0.0
2015-04-28,626089443.2844542,93048.9344542101,0.0,625996394.35,0.9998513807644382,Bull,1.0,0.0,0.0,0.0,0.8027174068189227,0.0,0.0,0.0930804705702774,0.10401421186463403,3.929151060421788e-05,0.7988861666183948,0.0,0.0,0.09068894256765092,0.11042489081395426,0.0
2015-04-29,619200896.3844543,93048.9344542101,0.0,619107847.45,0.9998497273905811,Bull,1.0,0.0,0.0,0.0,0.8022997711255774,0.0,0.0,0.09349841115871728,0.1040124463256784,3.9098780607979464e-05,0.7988861666183948,0.0,0.0,0.09068894256765092,0.11042489081395426,0.0
2015-04-30,615532536.5844542,93048.9344542101,0.0,615439487.65,0.9998488318181026,Bull,1.0,0.0,0.0,0.0,0.8017250239740836,0.0,0.0,0.09396237658033936,0.10412227817498391,3.915308869573194e-05,0.7988861666183948,0.0,0.0,0.09068894256765092,0.11042489081395426,0.0
2015-05-04,619686251.7844542,93048.9344542101,0.0,619593202.85,0.9998498450882423,Bull,1.0,0.0,0.0,0.0,0.8024469341026531,0.0,0.0,0.09372242781368252,0.10364147956333793,3.900360856869076e-05,0.7988861666183948,0.0,0.0,0.09068894256765092,0.11042489081395426,0.0
2015-05-05,618595255.5344542,93048.9344542101,0.0,618502206.6,0.9998495802649281,Bull,1.0,0.0,0.0,0.0,0.8024045806351222,0.0,0.0,0.09416221588973327,0.10324424480886242,3.853893121020255e-05,0.7988861666183948,0.0,0.0,0.09068894256765092,0.11042489081395426,0.0
2015-05-06,618090982.5844542,93048.9344542101,0.0,617997933.65,0.9998494575441546,Bull,1.0,0.0,0.0,0.0,0.8019734434198286,0.0,0.0,0.09436377757222916,0.10347360146329464,3.8635088802217084e-05,0.7988861666183948,0.0,0.0,0.09068894256765092,0.11042489081395426,0.0
2015-05-07,610405219.6344543,93048.9344542101,0.0,610312170.7,0.9998475620268943,Bull,1.0,0.0,0.0,0.0,0.801451404679939,0.0,0.0,0.0948304472800296,0.10352737487704314,3.8335189882572215e-05,0.7988861666183948,0.0,0.0,0.09068894256765092,0.11042489081395426,0.0
2015-05-08,611336375.5844542,93048.9344542101,0.0,611243326.65,0.9998477942125311,Bull,1.0,0.0,0.0,0.0,0.8018776507145338,0.0,0.0,0.09448889728633532,0.10344305119999161,3.81950116704192e-05,0.7988861666183948,0.0,0.0,0.09068894256765092,0.11042489081395426,0.0
2015-05-11,610718621.7344542,93048.9344542101,0.0,610625572.8,0.9998476402533953,Bull,1.0,0.0,0.0,0.0,0.8005228028114321,0.0,0.0,0.09522486777108062,0.10406175239836253,3.821727252022198e-05,0.7988861666183948,0.0,0.0,0.09068894256765092,0.11042489081395426,0.0
2015-05-12,613385236.4844542,93048.9344542101,0.0,613292187.55,0.9998483026181271,Bull,1.0,0.0,0.0,0.0,0.8024820264197462,0.0,0.0,0.09393819181277335,0.10339000065191051,3.808373369708914e-05,0.7988861666183948,0.0,0.0,0.09068894256765092,0.11042489081395426,0.0
2015-05-13,616845267.6844542,93048.9344542101,0.0,616752218.75,0.99984915352467,Bull,1.0,0.0,0.0,0.0,0.8032699036664547,0.0,0.0,0.093149292067509,0.10339173102422959,3.822676647664953e-05,0.7988861666183948,0.0,0.0,0.09068894256765092,0.11042489081395426,0.0
2015-05-14,607369427.2344542,93048.9344542101,0.0,607276378.3,0.9998468001017472,Bull,1.0,0.0,0.0,0.0,0.801373063040453,0.0,0.0,0.09490797102263172,0.10352793074605554,3.7835292607063273e-05,0.7988861666183948,0.0,0.0,0.09068894256765092,0.11042489081395426,0.0
2015-05-15,606512269.8344542,93048.9344542101,0.0,606419220.9,0.9998465835909971,Bull,1.0,0.0,0.0,0.0,0.8024355732042153,0.0,0.0,0.09384707091834431,0.10352634748368464,3.7591984752795184e-05,0.7988861666183948,0.0,0.0,0.09068894256765092,0.11042489081395426,0.0
2015-05-18,610932130.0844542,93048.9344542101,0.0,610839081.15,0.999847693500027,Bull,1.0,0.0,0.0,0.0,0.802706678861706,0.0,0.0,0.09395904581424579,0.1031444360133572,3.7532810717992846e-05,0.7988861666183948,0.0,0.0,0.09068894256765092,0.11042489081395426,0.0
2015-05-19,613253936.7344542,93048.9344542101,0.0,613160887.8,0.9998482701392025,Bull,1.0,0.0,0.0,0.0,0.8011237407070003,0.0,0.0,0.09439645884420403,0.10428975041002257,3.832017797576041e-05,0.7991646249637961,0.0,0.0,0.078435483812767,0.12239989122343689,0.0
2015-05-20,612169990.7584276,162136.85842758743,0.0,612007853.9,0.9997351440598603,Bull,1.0,0.0,0.0,0.0,0.813006356752956,0.0,0.0,0.08294885532871236,0.10374177264279057,3.815933540136279e-05,0.7991646249637961,0.0,0.0,0.078435483812767,0.12239989122343689,0.0
2015-05-21,605459755.3748437,230134.12484371383,0.0,605229621.25,0.9996199018633348,Bull,1.0,0.0,0.0,0.0,0.8030590587296399,0.0,0.0,0.07915455911735936,0.11736857713359516,3.770688274048175e-05,0.7991646249637961,0.0,0.0,0.078435483812767,0.12239989122343689,0.0
2015-05-22,607596402.4248437,230134.12484371383,0.0,607366268.3,0.9996212384998903,Bull,1.0,0.0,0.0,0.0,0.8026885879402934,0.0,0.0,0.0790218635403112,0.11787281773588001,3.796928340577795e-05,0.7991646249637961,0.0,0.0,0.078435483812767,0.12239989122343689,0.0
2015-05-25,605506972.3248438,230134.12484371383,0.0,605276838.2,0.9996199315030839,Bull,1.0,0.0,0.0,0.0,0.8021160125294768,0.0,0.0,0.07918620625606414,0.11827956286782049,3.8149849722303876e-05,0.7991646249637961,0.0,0.0,0.078435483812767,0.12239989122343689,0.0
2015-05-26,608643215.8248438,230134.12484371383,0.0,608413081.7,0.9996218899367311,Bull,1.0,0.0,0.0,0.0,0.8024540469708527,0.0,0.0,0.0789602163475529,0.11816939403904915,3.8232579276290946e-05,0.7991646249637961,0.0,0.0,0.078435483812767,0.12239989122343689,0.0
2015-05-27,610966012.1248437,230134.12484371383,0.0,610735878.0,0.999623327451484,Bull,1.0,0.0,0.0,0.0,0.8021698887889268,0.0,0.0,0.07944631785848282,0.11796883716875618,3.8283635318195946e-05,0.7991646249637961,0.0,0.0,0.078435483812767,0.12239989122343689,0.0
2015-05-28,608938409.2748437,230134.12484371383,0.0,608708275.15,0.9996220732321389,Bull,1.0,0.0,0.0,0.0,0.8020304315038977,0.0,0.0,0.0786090994933361,0.11894388479493831,3.865743996676558e-05,0.7993734687228471,0.0,0.0,0.06803623158500384,0.13259029969214908,0.0
2015-05-29,608741882.5748438,230134.12484371383,0.0,608511748.45,0.999621951221969,Bull,1.0,0.0,0.0,0.0,0.8016727654516195,0.0,0.0,0.079594161970682,0.11831664957133081,3.8374228336634826e-05,0.7993734687228471,0.0,0.0,0.06803623158500384,0.13259029969214908,0.0
2015-06-01,606924905.6748437,230134.12484371383,0.0,606694771.55,0.9996208194412655,Bull,1.0,0.0,0.0,0.0,0.8025136174110844,0.0,0.0,0.07939977343064801,0.11766941730722277,3.801129231028725e-05,0.7993734687228471,0.0,0.0,0.06803623158500384,0.13259029969214908,0.0
2015-06-02,607441816.1248437,230134.12484371383,0.0,607211682.0,0.9996211421098536,Bull,1.0,0.0,0.0,0.0,0.8031796940033645,0.0,0.0,0.07900114665490399,0.11740252005525914,3.77813963260034e-05,0.7993734687228471,0.0,0.0,0.06803623158500384,0.13259029969214908,0.0
2015-06-03,605625641.25083,88929.70083008986,0.0,605536711.55,0.999853160608183,Bull,1.0,0.0,0.0,0.0,0.8117212483518278,0.0,0.0,0.0710925975840046,0.11700189881929456,3.741585305602175e-05,0.7993734687228471,0.0,0.0,0.06803623158500384,0.13259029969214908,0.0
2015-06-04,596978011.0055381,4956042.605538091,0.0,592021968.4,0.9916981153171952,Bull,1.0,0.0,0.0,0.0,0.8064526155479014,0.0,0.0,0.0688032042098431,0.11640596256292483,3.633299652606264e-05,0.7993734687228471,0.0,0.0,0.06803623158500384,0.13259029969214908,0.0
2015-06-05,596457932.6984541,128420.44845409133,0.0,596329512.25,0.9997846948771841,Bull,1.0,0.0,0.0,0.0,0.801303740043692,0.0,0.0,0.0684205838547074,0.13002400630189656,3.636467688822846e-05,0.7993734687228471,0.0,0.0,0.06803623158500384,0.13259029969214908,0.0
2015-06-08,600213438.5484542,128420.44845409133,0.0,600085018.1,0.9997860420307071,Bull,1.0,0.0,0.0,0.0,0.8007497620551866,0.0,0.0,0.06893997591934885,0.13005990033943243,3.640371673923473e-05,0.7993734687228471,0.0,0.0,0.06803623158500384,0.13259029969214908,0.0
2015-06-09,596578394.6484542,128420.44845409133,0.0,596449974.2,0.9997847383518979,Bear,1.0,0.0,0.0,0.0,0.8007563272241908,0.0,0.0,0.06918487221502825,0.12980783530659604,3.570360608273696e-05,0.7858870281857722,0.0,0.0,0.11467024704511597,0.09944272476911181,0.0
2015-06-10,600382529.0028266,2963234.0028265994,0.0,597419295.0,0.9950644233306586,Bear,1.0,0.0,0.0,0.0,0.7902994209176366,0.0,0.0,0.06900300724740936,0.1357260514148245,3.5943750788088646e-05,0.7769780013493642,0.0,0.0,0.14843995507380192,0.07458204357683386,0.0
2015-06-11,599258668.7734048,3611510.3234047294,0.0,595647158.45,0.9939733699125337,Bear,1.0,0.0,0.0,0.0,0.7796883262554415,0.0,0.0,0.10027622983410209,0.11397281934994534,3.599447304475486e-05,0.77549715819295,0.0,0.0,0.16856630912442466,0.0559365326826254,0.0
2015-06-12,600292388.1524633,2404710.4024633598,0.0,597887677.75,0.9959941014580173,Bear,1.0,0.0,0.0,0.0,0.7780214558232583,0.0,0.0,0.14756575586879112,0.0703710405691018,3.584919686593513e-05,0.7736619020330396,0.0,0.0,0.1843856984549913,0.04195239951196905,0.0
2015-06-15,598008216.511406,1488881.6114059854,0.0,596519334.9,0.9975102656279681,Bear,1.0,0.0,0.0,0.0,0.7747667876586157,0.0,0.0,0.17345948957880503,0.04924823637341826,3.5752017129002466e-05,0.7697596824004318,0.0,0.0,0.19877601796559144,0.03146429963397679,0.0
2015-06-16,596915182.348755,2375643.398754988,0.0,594539538.95,0.9960201323923321,Bear,1.0,0.0,0.0,0.0,0.7718397229186524,0.0,0.0,0.18838354815760122,0.03576152966323445,3.533165284390088e-05,0.7697596824004318,0.0,0.0,0.19877601796559144,0.03146429963397679,0.0
2015-06-17,594305559.248755,2375643.398754988,0.0,591929915.85,0.9960026566102496,Bear,1.0,0.0,0.0,0.0,0.7730967491382466,0.0,0.0,0.1867936422138265,0.03607655971972117,3.570553845537573e-05,0.776633723785365,0.0,0.0,0.18622100520665313,0.03714527100798188,0.0
2015-06-18,598893230.5487549,2375643.398754988,0.0,596517587.15,0.996033277256151,Bear,1.0,0.0,0.0,0.0,0.7717980327252522,0.0,0.0,0.1884517878029547,0.035747941215470314,3.55155124737521e-05,0.776633723785365,0.0,0.0,0.18622100520665313,0.03714527100798188,0.0
2015-06-22,602829561.6987549,2375643.398754988,0.0,600453918.3,0.9960591789957007,Bull,1.0,0.0,0.0,0.0,0.7715681642905745,0.0,0.0,0.18844712870396488,0.03600777297455622,3.611302660515324e-05,0.7824752928390237,0.0,0.0,0.16243065305020765,0.055094054110768634,0.0
2015-06-23,602805934.8574593,356050.1074593661,0.0,602449884.75,0.9994093453848567,Bull,1.0,0.0,0.0,0.0,0.7786227500580024,0.0,0.0,0.17033043980278498,0.0504197922457198,3.636327834957903e-05,0.7868564696292678,0.0,0.0,0.14487675573941544,0.06826677463131682,0.0
2015-06-24,604651365.0630105,1011187.1130104938,0.0,603640177.9499999,0.9983276526417746,Bull,1.0,0.0,0.0,0.0,0.7831704438485011,0.0,0.0,0.15142064549950848,0.06370026138283211,3.630191093294332e-05,0.7901423522219508,0.0,0.0,0.13057613990549333,0.07928150787255586,0.0
2015-06-25,606593836.5609485,88035.41094849457,0.0,606505801.15,0.9998548692623591,Bull,1.0,0.0,0.0,0.0,0.7876141535803358,0.0,0.0,0.13624800487351454,0.07595576681295642,3.694399555236549e-05,0.7926067641664631,0.0,0.0,0.11942513697376395,0.08796809885977296,0.0
2015-06-26,607050950.3773606,301762.6273606194,2004799.9999999998,604744387.75,0.996200380501955,Bull,1.0,0.0,0.0,0.0,0.7898836620747056,0.0,0.0,0.12144516033484731,0.08483464191594915,3.6916176452848464e-05,0.7926067641664631,0.0,0.0,0.11942513697376395,0.08796809885977296,0.0
2015-06-29,601166323.8273606,301762.6273606194,2004799.9999999998,598859761.2,0.9961631872313211,Bear,1.0,0.0,0.0,0.0,0.7890608013103259,0.0,0.0,0.12340794395746138,0.08365871141917589,3.573054435791799e-05,0.7799884024901688,0.0,0.0,0.1540355233650016,0.06597607414482971,0.0
2015-06-30,603224761.4783844,53566.32838437194,2004799.9999999998,601166395.15,0.9965877290525347,Bull,0.9999999999999999,0.0,0.0,0.0,0.7826594916178978,0.0,0.0,0.1430223119298983,0.07086976982713249,3.6155677606051864e-05,0.7849913018676264,0.0,0.0,0.14257545469169522,0.07243324344067821,0.0
2015-07-01,605336127.6783844,53566.32838437194,2004799.9999999998,603277761.35,0.9965996307930954,Bull,0.9999999999999999,0.0,0.0,0.0,0.7818513875343246,0.0,0.0,0.1434274216095169,0.07128403217150464,3.678947774918214e-05,0.7849913018676264,0.0,0.0,0.14257545469169522,0.07243324344067821,0.0
2015-07-02,605385238.1283844,53566.32838437194,2004799.9999999998,603326871.8,0.9965999066400296,Bull,1.0,0.0,0.0,0.0,0.7831306281364236,0.0,0.0,0.14210339892984994,0.07132912611728147,3.675345647473722e-05,0.7887434764007198,0.0,0.0,0.13074461338215723,0.08051191021712287,0.0
2015-07-03,606290234.3783844,53566.32838437194,2004799.9999999998,604231868.05,0.9966049818854582,Bull,1.0,0.0,0.0,0.0,0.7833663006908774,0.0,0.0,0.14197936090502364,0.07122265468166927,3.666560788793162e-05,0.7915576073005399,0.0,0.0,0.12038311376415284,0.08805927893530724,0.0
2015-07-06,601228376.4300019,35271.430001872825,2004799.9999999998,599188305.0,0.9966068277713114,Bear,1.0,0.0,0.0,0.0,0.7862752051175645,0.0,0.0,0.12672888204715466,0.08356641497583987,3.632563075229821e-05,0.7754216164195211,0.0,0.0,0.15525023177908825,0.06932815180139068,0.0
2015-07-07,603319098.091528,2643.5915280000772,2004799.9999999998,601311654.5,0.9966726669222338,Bear,1.0,0.0,0.0,0.0,0.7823511736875151,0.0,0.0,0.14126106776595135,0.07302404339488727,3.6382073880031594e-05,0.762545114317362,0.0,0.0,0.18545877183159493,0.05199611385104301,0.0
2015-07-08,594684733.6374099,714812.2374100024,2004799.9999999998,591965121.4,0.9954267999772327,Bear,1.0,0.0,0.0,0.0,0.7667480021069705,0.0,0.0,0.17223176282586317,0.05641224350052766,3.479154387140375e-05,0.7443115412006663,0.0,0.0,0.2166913734110514,0.038997085388282254,0.0
2015-07-09,591418710.6023844,557212.5523843803,2004799.9999999998,588856698.0500001,0.9956680224915866,Bear,0.9999999999999999,0.0,0.0,0.0,0.7514165346533564,0.0,0.0,0.200876803304033,0.04334019120547022,3.449332872681988e-05,0.7323735573183736,0.0,0.0,0.2383786286404146,0.029247814041211684,0.0
2015-07-13,595509576.3872901,46271.8872901327,2004799.9999999998,593458504.5,0.9965557701024169,Bear,0.9999999999999999,0.0,0.0,0.0,0.7379429347987546,0.0,0.0,0.22552903483898776,0.03304883881027718,3.496165439740921e-05,0.7192505498962294,0.0,0.0,0.25881358957286177,0.021935860530908763,0.0
2015-07-14,598386755.65163,2583341.151630009,2004799.9999999998,593798614.5,0.9923324821141243,Bear,1.0,0.0,0.0,0.0,0.7239688719852099,0.0,0.0,0.24363289899563617,0.024695900870846325,3.48102624318892e-05,0.7075245676908493,0.0,0.0,0.2760235369109692,0.016451895398181576,0.0
2015-07-15,600278672.9416394,3890745.1416393826,2946050.0,593441877.8000001,0.9886106312787427,Bear,1.0,0.0,0.0,0.0,0.7140298783223158,0.0,0.0,0.2560132600528706,0.018532642423365882,3.485048019027972e-05,0.7075245676908493,0.0,0.0,0.2760235369109692,0.016451895398181576,0.0
2015-07-16,603103367.8815526,1842545.131552633,6122135.6,595138687.15,0.9867938380786545,Bear,1.0,0.0,0.0,0.0,0.7077273977913326,0.0,0.0,0.2619696861501023,0.01706175184553259,3.50022916869964e-05,0.6997178108955567,0.0,0.0,0.2879432675558071,0.01233892154863618,0.0
2015-07-17,603149692.3423239,2570966.892323885,4117335.6,596461389.85,0.9889110405306684,Bear,1.0,2004799.9999999998,0.0,0.0,0.7027278555079481,0.0,0.0,0.2726333148930317,0.013514887105958318,3.4983023730076735e-05,0.6997178108955567,0.0,0.0,0.2879432675558071,0.01233892154863618,0.0
2015-07-20,601146636.9264342,2078064.326434135,4117335.6,594951237.0,0.9896940288011753,Bear,1.0,0.0,0.0,0.0,0.7020015767827432,0.0,0.0,0.27498864643940407,0.01266912186174638,3.4683717281698006e-05,0.6997178108955567,0.0,0.0,0.2879432675558071,0.01233892154863618,0.0
2015-07-21,600034729.9264342,2078064.326434135,4117335.6,593839330.0,0.9896749311040817,Bear,1.0,0.0,0.0,0.0,0.7007128238252951,0.0,0.0,0.2761130176920134,0.01281392495554827,3.516463122490746e-05,0.6915089303905778,0.0,0.0,0.29923687844794505,0.009254191161477134,0.0
2015-07-22,600268181.4181336,460519.31813363684,4117335.6,595690326.5,0.9923736505451306,Bear,1.0,0.0,0.0,0.0,0.6927222187883212,0.0,0.0,0.28956440701114455,0.010052506840766076,3.451790489885537e-05,0.6915089303905778,0.0,0.0,0.29923687844794505,0.009254191161477134,0.0
2015-07-23,599977584.8681337,460519.31813363684,4117335.6,595399729.95,0.9923699567557349,Bear,1.0,0.0,0.0,0.0,0.6915032168096513,0.0,0.0,0.29087169987918166,0.009960955460216928,3.408460668492243e-05,0.6915089303905778,0.0,0.0,0.29923687844794505,0.009254191161477134,0.0
2015-07-24,600727458.5681336,460519.31813363684,4117335.6,596149603.65,0.9923794811559885,Bear,0.5,0.0,0.0,0.0,0.6887544388868195,0.0,0.0,0.2937022396488124,0.009889259955188497,3.354266516804245e-05,0.3457544651952889,0.0,0.0,0.14961843922397253,0.004627095580738567,0.0
2015-07-27,595018339.0593259,41250669.85932592,4117335.6,549650333.6,0.9237536013914311,Bear,0.5,0.0,0.0,0.0,0.5467705148623365,0.0,0.0,0.3692094605811743,0.007740937879799973,3.2688068120301666e-05,0.3457544651952889,0.0,0.0,0.14961843922397253,0.004627095580738567,0.0
2015-07-28,593541231.9135051,159770355.51350507,4117335.6,429653540.8,0.7238815396444305,Bear,0.5,0.0,0.0,0.0,0.45311964247699066,0.0,0.0,0.2644050515143819,0.006323823515847974,3.3022137209932276e-05,0.3457544651952889,0.0,0.0,0.14961843922397253,0.004627095580738567,0.0
2015-07-29,592846534.4207194,258825431.77071935,4117335.6,329903767.05,0.5564741427937243,Bear,0.5,0.0,0.0,0.0,0.3733704157793319,0.0,0.0,0.1779966549068386,0.005074500440387259,3.257166716655961e-05,0.3457544651952889,0.0,0.0,0.14961843922397253,0.004627095580738567,0.0
2015-07-30,595676737.9795083,283624452.9795082,4117335.6,307934949.4,0.5169497644720737,Bear,0.5,0.0,0.0,0.0,0.35518694269924367,0.0,0.0,0.15692924373222,0.004800422473604079,3.3155567006008236e-05,0.3457544651952889,0.0,0.0,0.14961843922397253,0.004627095580738567,0.0
2015-07-31,597004160.9295082,283624452.9795082,8024919.699999999,305354788.25,0.5114784925025925,Bear,0.5,0.0,362847.0,0.0,0.3467137782217911,0.0,0.0,0.15996739428299628,0.004764539656761054,3.278034104407313e-05,0.3457544651952889,0.0,0.0,0.14961843922397253,0.004627095580738567,0.0
2015-08-03,595970838.9295082,283624452.9795082,8024919.699999999,304321466.25,0.5106314711582647,Bear,0.5,0.0,0.0,0.0,0.3452210793057532,0.0,0.0,0.1606704451714389,0.004707864574447519,3.208210662512218e-05,0.3457544651952889,0.0,0.0,0.14961843922397253,0.004627095580738567,0.0
2015-08-04,598812383.1795082,283624452.9795082,8024919.699999999,307163010.5,0.5129536715140385,Bear,0.5,0.0,0.0,0.0,0.34703941724883064,0.0,0.0,0.1611932263115282,0.004689114785988427,3.1913167691242156e-05,0.3457544651952889,0.0,0.0,0.14961843922397253,0.004627095580738567,0.0
2015-08-05,598591833.8295083,283624452.9795082,8024919.699999999,306942461.15,0.5127742207679762,Bear,0.5,0.0,0.0,0.0,0.3463591372832716,0.0,0.0,0.16166308080233888,0.004719576580131978,3.2426102233677284e-05,0.3457544651952889,0.0,0.0,0.14961843922397253,0.004627095580738567,0.0
2015-08-06,595157520.7795084,283624452.9795082,8024919.699999999,303508148.1,0.509962719957701,Crisis,0.5,0.0,0.0,0.0,0.34450277605743307,0.0,0.0,0.16073190148837932,0.0046962357063710545,3.180670551756854e-05,0.3405658488964667,0.0,0.0,0.15596382941797937,0.0034703216855539254,0.0
2015-08-07,593757249.7795084,284565702.9795082,7083669.699999999,302107877.1,0.5088070540817611,Crisis,0.5,941250.0,0.0,0.0,0.3436201531446822,0.0,0.0,0.16046961958844663,0.004685584893545523,3.169645508663482e-05,0.3405658488964667,0.0,0.0,0.15596382941797937,0.0034703216855539254,0.0
2015-08-10,592726599.3795083,284565702.9795082,7083669.699999999,301077226.7,0.507952953377123,Crisis,0.5,0.0,0.0,0.0,0.3435676531358317,0.0,0.0,0.1596704114495185,0.004682850411818315,3.2038379954399805e-05,0.3405658488964667,0.0,0.0,0.15596382941797937,0.0034703216855539254,0.0
2015-08-11,591369418.7295082,284565702.9795082,7083669.699999999,299720046.04999995,0.506823715527792,Crisis,0.5,0.0,0.0,0.0,0.34224291896056586,0.0,0.0,0.15985557758988486,0.004693597457175207,3.162152016615077e-05,0.3405658488964667,0.0,0.0,0.15596382941797937,0.0034703216855539254,0.0
2015-08-12,587474381.3795083,284565702.9795082,7083669.699999999,295825008.70000005,0.5035538877548044,Crisis,0.5,0.0,0.0,0.0,0.3369607339049575,0.0,0.0,0.16191786912755746,0.004644202515849771,3.108220643957587e-05,0.3405658488964667,0.0,0.0,0.15596382941797937,0.0034703216855539254,0.0
2015-08-13,588659967.2995082,284565715.9795082,11094282.92,292999968.4,0.49774060523283825,Crisis,0.5,13.0,236280.0,13.0,0.330599886540242,0.0,0.0,0.16246730763558057,0.00464215362314529,3.125743387037247e-05,0.3405658488964667,0.0,0.0,0.15596382941797937,0.0034703216855539254,0.0
2015-08-14,588687646.4495081,284565715.9795082,11094282.92,293027647.54999995,0.49776422066491083,Crisis,0.5,0.0,0.0,0.0,0.33156195603425354,0.0,0.0,0.16154747016278156,0.004623674399176403,3.112006869940545e-05,0.3405658488964667,0.0,0.0,0.15596382941797937,0.0034703216855539254,0.0
2015-08-17,585643721.6495081,284565715.9795082,11094282.92,289983722.75,0.49515381456363905,Crisis,0.5,0.0,0.0,0.0,0.3304588192372412,0.0,0.0,0.16004594010843814,0.00461833688301484,3.071833494488741e-05,0.3405658488964667,0.0,0.0,0.15596382941797937,0.0034703216855539254,0.0
2015-08-18,581838985.6995082,284565715.9795082,11094282.92,286178986.8,0.4918525465527978,Crisis,0.5,0.0,0.0,0.0,0.3265508868773635,0.0,0.0,0.16064856824199397,0.004622670646186425,3.04207872539177e-05,0.3336778105186089,0.0,0.0,0.1607228720634845,0.00559931741790657,0.0
2015-08-19,576624684.9995083,284565715.9795082,11094282.92,280964686.1,0.48725747164334393,Crisis,0.5,0.0,0.0,0.0,0.32009277594516683,0.0,0.0,0.16254125506277958,0.0045936292165540205,2.9811418843462554e-05,0.3275427992576134,0.0,0.0,0.16429215404761338,0.008165046694773173,0.0
2015-08-20,577691975.0995083,288473300.07950824,7186698.82,282031976.2,0.48820476717098166,Crisis,0.5,3907584.0999999996,0.0,0.0,0.32133040478539615,0.0,0.0,0.16227454082922363,0.004570255627222832,2.9565929139067486e-05,0.3275427992576134,0.0,0.0,0.16429215404761338,0.008165046694773173,0.0
2015-08-21,575148746.6495084,288473300.07950824,7186698.82,279488747.75,0.48594167922323317,Crisis,0.5,0.0,0.0,0.0,0.31887785345686237,0.0,0.0,0.1625649026354875,0.004470843438292309,2.8079692590970205e-05,0.3275427992576134,0.0,0.0,0.16429215404761338,0.008165046694773173,0.0
2015-08-24,567781603.1995083,288473300.07950824,7186698.82,272121604.3,0.4792716121243917,Crisis,1.0,0.0,0.0,0.0,0.31454394311758965,0.0,0.0,0.16034756935935687,0.004354667333473303,2.5432313971831952e-05,0.5895770386637041,0.0,0.0,0.2957258772857041,0.014697084050591712,0.1
2015-08-25,574382209.1557294,175089464.53572938,7186698.82,392106045.8,0.6826570174872708,Crisis,1.0,0.0,0.0,0.0,0.424660865033631,0.0,0.0,0.20841940800353545,0.00856572491552583,0.04101101953457855,0.5895770386637041,0.0,0.0,0.2957258772857041,0.014697084050591712,0.1
2015-08-26,576747815.1530532,60899397.68305313,7186698.82,508661718.65,0.8819482367956869,Crisis,1.0,0.0,0.0,0.0,0.5295826886989519,0.0,0.0,0.26132513386288836,0.012347337628162841,0.07869307660568385,0.5895770386637041,0.0,0.0,0.2957258772857041,0.014697084050591712,0.1
2015-08-27,581087467.5152365,12837668.145236487,4010613.2199999997,564239186.15,0.9710056018979711,Crisis,1.0,3176085.6,0.0,0.0,0.5746582482287732,0.0,0.0,0.2878072740324843,0.013870717319830441,0.09466936231688317,0.5895770386637041,0.0,0.0,0.2957258772857041,0.014697084050591712,0.1
2015-08-28,590178620.5652366,12837668.145236487,4010613.2199999997,573330339.2,0.971452233649026,Crisis,1.0,0.0,0.0,0.0,0.5757112632690539,0.0,0.0,0.283277459017206,0.014031684157024833,0.0984318272057411,0.5895770386637041,0.0,0.0,0.2957258772857041,0.014697084050591712,0.1
2015-08-31,596855791.6652365,12837668.145236487,4010613.2199999997,580007510.3,0.9717716044637356,Crisis,1.0,0.0,0.0,0.0,0.575350285773228,0.0,0.0,0.28394362987945,0.013986963210507514,0.09849072560055026,0.5895770386637041,0.0,0.0,0.2957258772857041,0.014697084050591712,0.1
2015-09-01,588670697.7152365,12837668.145236487,4010613.2199999997,571822416.35,0.9713791064671157,Crisis,1.0,0.0,0.0,0.0,0.5732687861987756,0.0,0.0,0.2861934535791986,0.014056245762045226,0.0978606209270962,0.5895770386637041,0.0,0.0,0.2957258772857041,0.014697084050591712,0.1
2015-09-02,589766226.5044954,403196.9344953892,4010613.2199999997,585352416.35,0.9925160004826731,Crisis,1.0,0.0,0.0,0.0,0.5838568247471109,0.0,0.0,0.2926624012076832,0.014530842247092762,0.1014659322807863,0.5895770386637041,0.0,0.0,0.2957258772857041,0.014697084050591712,0.1
2015-09-03,592347661.1044954,403196.9344953892,4010613.2199999997,587933850.95,0.9925486155440112,Crisis,1.0,0.0,0.0,0.0,0.5834912056638101,0.0,0.0,0.29331693430853223,0.014479165806121068,0.10126130976554773,0.5895770386637041,0.0,0.0,0.2957258772857041,0.014697084050591712,0.1
2015-09-04,588799435.5544953,2326606.154495389,2087204.0,584385625.4,0.9925037119807381,Crisis,0.5499999999999999,1923409.22,0.0,0.0,0.5845917380607653,0.0,0.0,0.2935734811586816,0.014378920034165719,0.09995957272712547,0.2947885193318521,0.0,0.0,0.14786293864285205,0.007348542025295856,0.1
2015-09-07,590024915.8326051,119269910.03260514,2087204.0,468667801.8,0.7943186621850472,Crisis,0.5499999999999999,0.0,0.0,0.0,0.45388649633904316,0.0,0.0,0.2289321965486659,0.01121139094722015,0.10028857835011801,0.2947885193318521,0.0,0.0,0.14786293864285205,0.007348542025295856,0.1
2015-09-08,587352912.5588503,226433568.70885023,2087204.0,358832139.85,0.6109310640628628,Crisis,0.5499999999999999,0.0,0.0,0.0,0.3340364296403176,0.0,0.0,0.16787590202018526,0.008474376977744672,0.10054435542461523,0.2947885193318521,0.0,0.0,0.14786293864285205,0.007348542025295856,0.1
2015-09-09,596357367.1663501,253330299.31635004,2087204.0,340939863.85,0.5717039523968805,Crisis,0.55,0.0,0.0,0.0,0.3046864579092478,0.0,0.0,0.15126852616685535,0.007852590171312028,0.10789637814946523,0.2897914335432338,0.0,0.0,0.15027220398213906,0.009936362474627224,0.1
2015-09-10,597190591.9663501,253330299.31635004,2087204.0,341773088.65000004,0.5723015286035483,Crisis,0.55,0.0,0.0,0.0,0.30688177462167143,0.0,0.0,0.151147558609038,0.007756066592993131,0.10651612877984566,0.2897914335432338,0.0,0.0,0.15027220398213906,0.009936362474627224,0.1
2015-09-11,596975629.2584336,263083437.70843354,2087204.0,331804987.55,0.5558099381078085,Crisis,0.55,0.0,0.0,0.0,0.29236541492792323,0.0,0.0,0.15190167831917223,0.009360516118457706,0.10218232874225534,0.2897914335432338,0.0,0.0,0.15027220398213906,0.009936362474627224,0.1
2015-09-14,596054706.4584335,263083437.70843354,2087204.0,330884064.75,0.5551236508407211,Crisis,0.55,0.0,0.0,0.0,0.2917975696952726,0.0,0.0,0.15231655587360296,0.009397124021183458,0.10161240125066215,0.2897914335432338,0.0,0.0,0.15027220398213906,0.009936362474627224,0.1
2015-09-15,595922623.7084335,263083437.70843354,2087204.0,330751982.0,0.5550250466104585,Crisis,0.55,0.0,0.0,0.0,0.29174442298915454,0.0,0.0,0.15293629805971437,0.00932537174946888,0.10101895381212066,0.2897914335432338,0.0,0.0,0.15027220398213906,0.009936362474627224,0.1
2015-09-16,596967500.1584336,263083437.70843354,2087204.0,331796858.45,0.5558038894277193,Crisis,0.55,0.0,0.0,0.0,0.2920022085016974,0.0,0.0,0.1521424532757571,0.00941960826763202,0.10223961938263275,0.2897914335432338,0.0,0.0,0.15027220398213906,0.009936362474627224,0.1
2015-09-17,602071903.3084335,263083437.70843354,2087204.0,336901261.6,0.5595698117595266,Crisis,0.55,0.0,0.0,0.0,0.29433943126426854,0.0,0.0,0.15053268472083253,0.009500526379935918,0.10519716939448952,0.2897914335432338,0.0,0.0,0.15027220398213906,0.009936362474627224,0.1
2015-09-18,602889995.0584335,263083437.70843354,2087204.0,337719353.35,0.5601674536285305,Crisis,0.55,0.0,0.0,0.0,0.2927973507553245,0.0,0.0,0.15229644006797755,0.009465740096494523,0.10560792270873387,0.2897914335432338,0.0,0.0,0.15027220398213906,0.009936362474627224,0.1
2015-09-21,596255860.1584336,263083437.70843354,2087204.0,331085218.45,0.55527373493994,Crisis,0.55,0.0,0.0,0.0,0.2915627838086265,0.0,0.0,0.15248856418088821,0.00936443626485509,0.10185795068557026,0.2897914335432338,0.0,0.0,0.15027220398213906,0.009936362474627224,0.1
2015-09-22,596569251.7584336,263083437.70843354,2087204.0,331398610.05,0.5555073599136684,Crisis,0.5,0.0,0.0,0.0,0.2894492961898768,0.0,0.0,0.1538356187978014,0.0094111454511796,0.1028112994748106,0.3219904817147042,0.0,0.0,0.16696911553571006,0.011040402749585804,0.0
2015-09-23,590440354.4063716,287386786.20637167,2087204.0,300966364.2,0.5097320363588485,Crisis,0.5,0.0,0.0,0.0,0.31182152917902456,0.0,0.0,0.16245315768844562,0.010454315925282544,0.025003033566095786,0.3219904817147042,0.0,0.0,0.16696911553571006,0.011040402749585804,0.0
2015-09-24,589250041.8088166,291923098.25881654,2087204.0,295239739.55,0.5010432220652963,Crisis,0.5,0.0,0.0,0.0,0.3185503372622611,0.0,0.0,0.16546252538346648,0.010837504534402648,0.0061928548851660015,0.3219904817147042,0.0,0.0,0.16696911553571006,0.011040402749585804,0.0
2015-09-25,587257634.3588166,294010302.25881654,0.0,293247332.1,0.4993503957086487,Crisis,0.5,2087204.0,0.0,0.0,0.316965180543345,0.0,0.0,0.16522475711352713,0.010918121153078782,0.006242336898697762,0.3219904817147042,0.0,0.0,0.16696911553571006,0.011040402749585804,0.0
2015-09-30,589534315.3588166,294010302.25881654,0.0,295524013.1,0.5012838191109046,Crisis,0.5,0.0,0.0,0.0,0.3174576580603131,0.0,0.0,0.16665967941187568,0.01090216435677391,0.006264317281941865,0.3219904817147042,0.0,0.0,0.16696911553571006,0.011040402749585804,0.0
2015-10-01,589581786.3588166,294010302.25881654,0.0,295571484.1,0.501323973939922,Crisis,0.5,0.0,0.0,0.0,0.31808880199339207,0.0,0.0,0.16564419434179078,0.011110926679836774,0.006480050924902301,0.3219904817147042,0.0,0.0,0.16696911553571006,0.011040402749585804,0.0
2015-10-02,591907280.2588165,294010302.25881654,0.0,297896978.0,0.5032831795374134,Crisis,0.5,0.0,0.0,0.0,0.320270090134909,0.0,0.0,0.16559096883745428,0.011006369100835134,0.006415751464214967,0.3219904817147042,0.0,0.0,0.16696911553571006,0.011040402749585804,0.0
2015-10-05,590998611.1588166,294010302.25881654,0.0,296988308.9,0.5025194700841549,Crisis,0.5,0.0,0.0,0.0,0.3204043213040893,0.0,0.0,0.16459412621844507,0.01104943374942241,0.006471588812198079,0.31684608213443116,0.0,0.0,0.1689768366517825,0.014177081213786314,0.0
2015-10-06,592431595.0088165,294010302.25881654,0.0,298421292.75,0.5037227846458103,Crisis,0.5,0.0,0.0,0.0,0.32174339511241523,0.0,0.0,0.16432209358879865,0.01110963705421898,0.0065476588903775,0.31684608213443116,0.0,0.0,0.1689768366517825,0.014177081213786314,0.0
2015-10-07,593660060.5088165,294010302.25881654,0.0,299649758.25,0.5047497350473182,Bear,1.0,0.0,0.0,0.0,0.32207305319836393,0.0,0.0,0.16470099052342754,0.011251472760817132,0.006724218564709587,0.573877336705855,0.0,0.0,0.2945470856691227,0.031575577625022395,0.1
2015-10-08,591220167.7640841,175066300.51408407,0.0,416153867.25,0.7038898365457296,Crisis,1.0,0.0,0.0,0.0,0.42350895808735756,0.0,0.0,0.2168878989445558,0.01947937609022075,0.044013603423595504,0.573877336705855,0.0,0.0,0.2945470856691227,0.031575577625022395,0.1
2015-10-12,597431015.726989,56503955.37698898,0.0,540927060.35,0.90542179115319,Bear,1.0,0.0,0.0,0.0,0.5259696133579973,0.0,0.0,0.26814710951198273,0.027649384724191463,0.0836556835590185,0.573877336705855,0.0,0.0,0.2945470856691227,0.031575577625022395,0.1
2015-10-13,599601936.071217,14314047.421216976,0.0,585287888.65,0.976127416273858,Bear,1.0,0.0,0.0,0.0,0.5627219799535882,0.0,0.0,0.2880712846455593,0.03027575280851637,0.09505839886619416,0.573877336705855,0.0,0.0,0.2945470856691227,0.031575577625022395,0.1
2015-10-14,596127867.771217,14314047.421216976,0.0,581813820.35,0.9759882934600359,Bear,1.0,0.0,0.0,0.0,0.5615766657607076,0.0,0.0,0.28925220463972,0.030335605794796144,0.09482381726481218,0.573877336705855,0.0,0.0,0.2945470856691227,0.031575577625022395,0.1
2015-10-15,601110674.271217,14314047.421216976,0.0,586796626.85,0.9761873344894911,Bear,1.0,0.0,0.0,0.0,0.5613926707575664,0.0,0.0,0.2879850706525527,0.03052349722826833,0.09628609585110375,0.573877336705855,0.0,0.0,0.2945470856691227,0.031575577625022395,0.1
2015-10-16,605707250.071217,14314047.421216976,0.0,591393202.65,0.9763680434408967,Bear,1.0,0.0,0.0,0.0,0.5633775105215894,0.0,0.0,0.28764605340205973,0.030177119388699537,0.09516736012854803,0.573877336705855,0.0,0.0,0.2945470856691227,0.031575577625022395,0.1
2015-10-19,606246947.421217,14314047.421216976,0.0,591932900.0,0.9763890812446901,Bear,1.0,0.0,0.0,0.0,0.5637856676291417,0.0,0.0,0.28703649682724974,0.03024196670678091,0.09532495008151773,0.573877336705855,0.0,0.0,0.2945470856691227,0.031575577625022395,0.1
2015-10-20,608930413.871217,14314047.421216976,0.0,594616366.45,0.9764931310784483,Bear,1.0,0.0,0.0,0.0,0.5645755222906433,0.0,0.0,0.2864215615232617,0.03010869482350653,0.09538735244103651,0.573877336705855,0.0,0.0,0.2945470856691227,0.031575577625022395,0.1
2015-10-21,604723294.671217,14314047.421216976,0.0,590409247.25,0.9763295914886173,Bear,1.0,0.0,0.0,0.0,0.5646270455574889,0.0,0.0,0.28665771854257444,0.030111292487748603,0.09493353490080539,0.5720819370235827,0.0,0.0,0.2853151395671473,0.04260292340927007,0.1
2015-10-22,607928042.921217,14314047.421216976,0.0,593613995.5,0.9764543722108375,Bear,1.0000000000000002,0.0,0.0,0.0,0.5646946205185807,0.0,0.0,0.28708414101340834,0.029952558056874756,0.09472305262197385,0.5748557123049756,0.0,0.0,0.27510013219544005,0.05004415549958452,0.1
2015-10-23,610461026.9558389,3354901.355838854,0.0,607106125.6,0.9945043152507727,Bear,1.0,0.0,0.0,0.0,0.5736795800812594,0.0,0.0,0.27605824542209645,0.045015650117805055,0.09975083962961176,0.5812003808710123,0.0,0.0,0.2652818079868017,0.05351781114218598,0.1
2015-10-26,616167722.6558388,3354901.355838854,834000.0,611978821.3,0.9932016864859723,Bear,1.0,0.0,0.0,0.0,0.5740868245667233,0.0,0.0,0.27511291774477314,0.04368510230295642,0.10031684187151939,0.584937754830189,0.0,0.0,0.2555427316310322,0.05951951353877881,0.1
2015-10-27,614774119.382817,1236425.3328170783,834000.0,612703694.05,0.9966322178056298,Bear,1.0,0.0,0.0,0.0,0.5813221519617354,0.0,0.0,0.26084051840208616,0.055347157479822544,0.0991223899619858,0.584937754830189,0.0,0.0,0.2555427316310322,0.05951951353877881,0.1
2015-10-28,614405115.7828171,1236425.3328170783,834000.0,612334690.45,0.9966301951601116,Bear,1.0,0.0,0.0,0.0,0.5820246467094942,0.0,0.0,0.26127614480466776,0.05499221789022891,0.09833718575572074,0.584937754830189,0.0,0.0,0.2555427316310322,0.05951951353877881,0.1
2015-10-29,607071597.132817,1236425.3328170783,834000.0,605001171.8,0.9965894873972104,Bear,1.0,0.0,0.0,0.0,0.5796453556087112,0.0,0.0,0.2637143637688163,0.05526366273508929,0.0979661052845937,0.584937754830189,0.0,0.0,0.2555427316310322,0.05951951353877881,0.1
2015-10-30,605015203.8184233,2254.768423328409,834000.0,604178949.05,0.998617795448535,Bear,1.0,0.0,0.0,0.0,0.5818873093239773,0.0,0.0,0.2631684278264605,0.05536389794603045,0.09819816035206695,0.584937754830189,0.0,0.0,0.2555427316310322,0.05951951353877881,0.1
2015-11-02,604420334.8684233,2254.768423328409,834000.0,603584080.1,0.9986164350863453,Bear,1.0,0.0,0.0,0.0,0.5815693480539846,0.0,0.0,0.2631451836156766,0.05550607427412796,0.09839582914255622,0.5873378774824859,0.0,0.0,0.24551927895394304,0.06714284356357114,0.1
2015-11-03,611199571.2943826,642862.7443825791,834000.0,609722708.55,0.9975836652809573,Bear,1.0000000000000002,0.0,0.0,0.0,0.5836861236575916,0.0,0.0,0.24784048797547353,0.06448941041716706,0.10156764323072513,0.5910067855920346,0.0,0.0,0.23423507302268706,0.07475814138527849,0.1
2015-11-04,616047406.8943826,642862.7443825791,834000.0,614570544.15,0.9976026800407654,Bear,1.0,0.0,0.0,0.0,0.5822728740281803,0.0,0.0,0.24562395410900928,0.0652257432631138,0.104480108640462,0.5943689427825432,0.0,0.0,0.22337306832433554,0.08225798889312128,0.1
2015-11-05,615922972.1661806,51716.16618057829,834000.0,615037256.0,0.9985619692620563,Bear,1.0,0.0,0.0,0.0,0.5908562636007854,0.0,0.0,0.2288182230065854,0.07783148569926358,0.10105599695542196,0.6008340785092211,0.0,0.0,0.21397205243959985,0.08519386905117908,0.1
2015-11-06,606126713.5161806,51716.16618057829,834000.0,605240997.35,0.9985387277174396,Bear,1.0,0.0,0.0,0.0,0.5896131112202824,0.0,0.0,0.232518707486793,0.07751728962321294,0.09888961938715131,0.6675934205658012,0.0,0.0,0.23774672493288873,0.09465985450131009,0.0
2015-11-09,602164694.6906273,4772742.140627394,834000.0,596557952.55,0.9906890221395196,Bear,1.0,0.0,0.0,0.0,0.6395667430284409,0.0,0.0,0.23640658652885277,0.09026949018976763,0.024446202392458406,0.6811546359614966,0.0,0.0,0.23608732453655054,0.08275803950195287,0.0
2015-11-10,594042405.6499751,348876.1999749695,834000.0,592859529.45,0.9980087680799812,Bear,1.0,0.0,0.0,0.0,0.6698202614249963,0.0,0.0,0.237308816103381,0.08481364212521705,0.006066048426386699,0.6811546359614966,0.0,0.0,0.23608732453655054,0.08275803950195287,0.0
2015-11-11,590995236.349975,348876.1999749695,834000.0,589812360.15,0.9979985012954071,Crisis,1.0,0.0,0.0,0.0,0.6692830767856945,0.0,0.0,0.2385323795004663,0.08423443530181021,0.005948609707436179,0.6631480295034412,0.0,0.0,0.2645654934024129,0.07228647709414598,0.0
2015-11-12,591600162.2583883,3258981.1083883466,834000.0,587507181.15,0.9930815077995184,Crisis,1.0,0.0,0.0,0.0,0.6653026761309331,0.0,0.0,0.2509431360418715,0.07533973592883007,0.001495959697883689,0.6513228053112659,0.0,0.0,0.28592412005180967,0.06275307463692453,0.0
2015-11-13,586731099.6431046,1470151.3931045942,834000.0,584426948.25,0.9960729005254603,Crisis,1.0,0.0,0.0,0.0,0.6552836358663581,0.0,0.0,0.27458455857887537,0.06582777020596596,0.000376935874260844,0.643024395701629,0.0,0.0,0.3019430900388572,0.05503251425951386,0.0
2015-11-16,584040370.03276,3702214.6827600463,834000.0,579504155.35,0.9922330460092929,Crisis,1.0,0.0,0.0,0.0,0.6465757757958036,0.0,0.0,0.28797786699327965,0.05758591653195735,9.34866882522819e-05,0.641042967546569,0.0,0.0,0.3139573175291429,0.04499971492428819,0.0
2015-11-17,591831905.742645,211110.89264497114,834000.0,590786794.85,0.9982341085661247,Crisis,1.0,0.0,0.0,0.0,0.6426515217572429,0.0,0.0,0.30708939182983314,0.04846139540924274,3.179956980586271e-05,0.6307822256599267,0.0,0.0,0.3179599220185769,0.05125785232149642,0.0
2015-11-18,586928047.192645,211110.89264497114,834000.0,585882936.3,0.9982193543183975,Crisis,1.0,0.0,0.0,0.0,0.6393782305939574,0.0,0.0,0.31068816845985125,0.04812174189850837,3.121336608060732e-05,0.6307822256599267,0.0,0.0,0.3179599220185769,0.05125785232149642,0.0
2015-11-19,593298524.792645,211110.89264497114,834000.0,592253413.9,0.9982384738053912,Bear,1.0,0.0,0.0,0.0,0.6408925827565344,0.0,0.0,0.3090113869136537,0.0483028337378992,3.16703973038986e-05,0.6307822256599267,0.0,0.0,0.3179599220185769,0.05125785232149642,0.0
2015-11-20,591809602.892645,211110.89264497114,834000.0,590764492.0,0.9982340420169988,Crisis,1.0,0.0,0.0,0.0,0.6406574008715059,0.0,0.0,0.3091205332015973,0.04842435786767488,3.175007622072758e-05,0.6307822256599267,0.0,0.0,0.3179599220185769,0.05125785232149642,0.0
2015-11-23,591418586.492645,211110.89264497114,834000.0,590373475.6,0.9982328744538738,Bear,1.0,0.0,0.0,0.0,0.639269299671734,0.0,0.0,0.3102418560906723,0.0486897109047115,3.2007786756014335e-05,0.6307822256599267,0.0,0.0,0.3179599220185769,0.05125785232149642,0.0
2015-11-24,589757945.492645,211110.89264497114,834000.0,588712834.6,0.9982278985800319,Crisis,1.0,0.0,0.0,0.0,0.6401201331584402,0.0,0.0,0.3097564032772802,0.0483198237815948,3.153836271669521e-05,0.6307822256599267,0.0,0.0,0.3179599220185769,0.05125785232149642,0.0
2015-11-25,590224502.892645,211110.89264497114,834000.0,589179392.0,0.9982292993809593,Crisis,1.0,0.0,0.0,0.0,0.6413448783383559,0.0,0.0,0.3085713980145055,0.048281628194591024,3.139483350688745e-05,0.6307822256599267,0.0,0.0,0.3179599220185769,0.05125785232149642,0.0
2015-11-26,592981605.742645,1045110.8926449711,0.0,591936494.85,0.9982375323576249,Bear,1.0,834000.0,0.0,0.0,0.6412671677627608,0.0,0.0,0.3082217023765867,0.048716519568631336,3.214264964615457e-05,0.6317247046989597,0.0,0.0,0.3045844854916475,0.06369080980939286,0.0
2015-11-27,588511222.792645,1045110.8926449711,0.0,587466111.9,0.9982241444985779,Crisis,1.0,0.0,0.0,0.0,0.6402978691075344,0.0,0.0,0.30947243305871613,0.048422186181554916,3.16561507724451e-05,0.6317247046989597,0.0,0.0,0.3045844854916475,0.06369080980939286,0.0
2015-11-30,585132350.6713172,216921.7213172214,0.0,584915428.95,0.9996292775112019,Crisis,1.0,0.0,0.0,0.0,0.6337042184124385,0.0,0.0,0.30648604507040267,0.05940809794590629,3.09160824542439e-05,0.6249828746462103,0.0,0.0,0.31593836411873566,0.05907876123505408,0.0
2015-12-01,594210622.0713172,216921.7213172214,0.0,593993700.35,0.9996349413604203,Crisis,1.0,0.0,0.0,0.0,0.6343207717090625,0.0,0.0,0.3056350614651297,0.05964753688927847,3.157129694956618e-05,0.6249828746462103,0.0,0.0,0.31593836411873566,0.05907876123505408,0.0
2015-12-02,588616905.4713172,216921.7213172214,0.0,588399983.75,0.9996314721522592,Crisis,1.0,0.0,0.0,0.0,0.6341143794555663,0.0,0.0,0.3053672062919688,0.06011787916907587,3.200723564831092e-05,0.6249828746462103,0.0,0.0,0.31593836411873566,0.05907876123505408,0.0
2015-12-03,586180188.0213171,216921.7213172214,0.0,585963266.3,0.999629940203115,Crisis,1.0,0.0,0.0,0.0,0.6338079551171883,0.0,0.0,0.3053250581602586,0.060464684280170634,3.224264549745014e-05,0.6249828746462103,0.0,0.0,0.31593836411873566,0.05907876123505408,0.0
2015-12-04,584505427.0213171,216921.7213172214,0.0,584288505.3,0.9996288798849609,Crisis,1.0,0.0,0.0,0.0,0.6337774435864899,0.0,0.0,0.3058134137623344,0.06000628630385811,3.173623227851309e-05,0.6249828746462103,0.0,0.0,0.31593836411873566,0.05907876123505408,0.0
2015-12-07,585224562.4713172,216921.7213172214,0.0,585007640.75,0.9996293359246557,Crisis,1.0,0.0,0.0,0.0,0.6326982401189758,0.0,0.0,0.30623834249743026,0.06066047510051308,3.227820773658288e-05,0.6249828746462103,0.0,0.0,0.31593836411873566,0.05907876123505408,0.0
2015-12-08,578749544.9713172,216921.7213172214,0.0,578532623.25,0.9996251889557375,Crisis,1.0,0.0,0.0,0.0,0.6319522087367276,0.0,0.0,0.30728352453186597,0.06035771484145397,3.174084568984053e-05,0.6249828746462103,0.0,0.0,0.31593836411873566,0.05907876123505408,0.0
2015-12-09,574389056.6213171,216921.7213172214,0.0,574172134.9,0.9996223435686725,Crisis,1.0,0.0,0.0,0.0,0.6310213621269546,0.0,0.0,0.30849543172411437,0.06007426430261727,3.128541498632216e-05,0.6249828746462103,0.0,0.0,0.31593836411873566,0.05907876123505408,0.0
2015-12-10,573310900.0713172,216921.7213172214,0.0,573093978.35,0.9996216333558455,Crisis,0.5,0.0,0.0,0.0,0.6320663854549474,0.0,0.0,0.30753523084606876,0.05998909142617338,3.0925628655925554e-05,0.31249143732310514,0.0,0.0,0.15796918205936783,0.02953938061752704,0.0
2015-12-11,572692157.0509877,98345194.00098772,0.0,474346963.05,0.8282756402542599,Crisis,0.5,0.0,0.0,0.0,0.5172167095412629,0.0,0.0,0.26368738970971306,0.04734140264747186,3.0138355812096995e-05,0.31249143732310514,0.0,0.0,0.15796918205936783,0.02953938061752704,0.0
2015-12-14,568400039.0738523,211419424.37385237,0.0,356980614.7,0.6280446695282818,Crisis,0.5,0.0,0.0,0.0,0.3924650235131591,0.0,0.0,0.1989732445906911,0.036576352165413474,3.0049259018050125e-05,0.31249143732310514,0.0,0.0,0.15796918205936783,0.02953938061752704,0.0
2015-12-15,568335601.7447575,265723096.1447576,0.0,302612505.59999996,0.5324538963791764,Crisis,0.5,0.0,0.0,0.0,0.33248906987330584,0.0,0.0,0.16855357944481197,0.031381106418896826,3.014064216179998e-05,0.31561857799232884,0.0,0.0,0.16222688654452588,0.022154535463145282,0.0
2015-12-16,569971311.263978,279468600.013978,0.0,290502711.25,0.5096795321255315,Crisis,0.5,0.0,0.0,0.0,0.3215270797465171,0.0,0.0,0.16334506344457134,0.02477651018729879,3.087874714425528e-05,0.31561857799232884,0.0,0.0,0.16222688654452588,0.022154535463145282,0.0
2015-12-17,575073081.663978,279468600.013978,0.0,295604481.65,0.5140294183039594,Crisis,0.5,0.0,0.0,0.0,0.3239853117640206,0.0,0.0,0.16517118089610244,0.024841538328770715,3.1387315065716866e-05,0.31561857799232884,0.0,0.0,0.16222688654452588,0.022154535463145282,0.0
2015-12-18,571615187.763978,279468600.013978,0.0,292146587.75,0.5110896176373613,Crisis,0.5,0.0,0.0,0.0,0.32216302451718193,0.0,0.0,0.16402625753658912,0.02486900331603791,3.133226755233646e-05,0.31561857799232884,0.0,0.0,0.16222688654452588,0.022154535463145282,0.0
2015-12-21,571401434.963978,279468600.013978,0.0,291932834.95,0.5109067235163731,Crisis,0.5,0.0,0.0,0.0,0.3210593353892525,0.0,0.0,0.16497858463716117,0.02483735449648405,3.14489934753714e-05,0.31561857799232884,0.0,0.0,0.16222688654452588,0.022154535463145282,0.0
2015-12-22,573292438.813978,279468600.013978,0.0,293823838.8,0.5125199966143981,Crisis,0.5,0.0,0.0,0.0,0.32252528776155165,0.0,0.0,0.1651467795316954,0.024816653834530068,3.127548662091797e-05,0.31561857799232884,0.0,0.0,0.16222688654452588,0.022154535463145282,0.0
2015-12-23,574293791.713978,279468600.013978,0.0,294825191.7,0.5133699788397418,Crisis,0.5,0.0,0.0,0.0,0.3244085943258603,0.0,0.0,0.1641158260107759,0.02481412859691401,3.142990619161985e-05,0.31561857799232884,0.0,0.0,0.16222688654452588,0.022154535463145282,0.0
2015-12-24,575158488.163978,279468600.013978,0.0,295689888.15,0.5141015811031526,Crisis,0.5,0.0,0.0,0.0,0.324627058440922,0.0,0.0,0.1645440377696702,0.02489887621360659,3.160867895392491e-05,0.31561857799232884,0.0,0.0,0.16222688654452588,0.022154535463145282,0.0
2015-12-25,575543022.713978,279468600.013978,0.0,296074422.7,0.5144262218727951,Crisis,0.5,0.0,0.0,0.0,0.32456316092434356,0.0,0.0,0.16478629095836073,0.025044869681555296,3.190030853544755e-05,0.31561857799232884,0.0,0.0,0.16222688654452588,0.022154535463145282,0.0
2015-12-28,575834410.063978,279468600.013978,0.0,296365810.05,0.5146719349701112,Crisis,0.5,0.0,0.0,0.0,0.32542381416417965,0.0,0.0,0.16424496061201335,0.024971241295570355,3.191889834780435e-05,0.31171393349424664,0.0,0.0,0.16027530004255963,0.02801076646319376,0.0
2015-12-29,574926950.013978,279468600.013978,0.0,295458350.0,0.5139058970758226,Crisis,0.5,0.0,0.0,0.0,0.3252129857461964,0.0,0.0,0.1638340314325323,0.024827501997693725,3.13778994001958e-05,0.31171393349424664,0.0,0.0,0.16027530004255963,0.02801076646319376,0.0
2015-12-30,573260755.263978,279468600.013978,0.0,293792155.25,0.5124930540809707,Crisis,0.5,0.0,0.0,0.0,0.32336641493038953,0.0,0.0,0.164379471531428,0.02471597762431082,3.118999484234104e-05,0.31503545012068496,0.0,0.0,0.16395647503191974,0.021008074847395322,0.0
2015-12-31,574773200.763978,279468600.013978,0.0,295304600.75,0.5137758690862527,Crisis,0.5,0.0,0.0,0.0,0.32314733968654513,0.0,0.0,0.16586490092663134,0.024732363967396215,3.126450568000492e-05,0.3175265875905137,0.0,0.0,0.1667173562739398,0.01575605613554649,0.0
2016-01-04,569489878.463978,279468600.013978,0.0,290021278.45,0.5092650272068789,Crisis,0.5,0.0,0.0,0.0,0.3202848643104326,0.0,0.0,0.16448123758168764,0.024468740406035874,3.0184908722811162e-05,0.3175265875905137,0.0,0.0,0.1667173562739398,0.01575605613554649,0.0
2016-01-05,569458129.413978,279468600.013978,0.0,289989529.4,0.5092376672160681,Crisis,0.5,0.0,0.0,0.0,0.3205547167934052,0.0,0.0,0.16438855670799768,0.024264646136880366,2.9747577784924653e-05,0.3175265875905137,0.0,0.0,0.1667173562739398,0.01575605613554649,0.0
2016-01-06,567752653.863978,279468600.013978,0.0,288284053.85,0.5077634633462532,Crisis,0.5,0.0,0.0,0.0,0.3196196840560701,0.0,0.0,0.16402424430112994,0.024090244064762754,2.929092429039391e-05,0.3175265875905137,0.0,0.0,0.1667173562739398,0.01575605613554649,0.0
2016-01-07,565485634.513978,279468600.013978,0.0,286017034.5,0.5057900980027992,Crisis,0.5,0.0,0.0,0.0,0.31682947110404686,0.0,0.0,0.16520065992532446,0.02373163734129886,2.8329632128973223e-05,0.3175265875905137,0.0,0.0,0.1667173562739398,0.01575605613554649,0.0
2016-01-08,566113234.513978,279468600.013978,0.0,286644634.5,0.506337985096023,Crisis,0.5,0.0,0.0,0.0,0.3170593859267357,0.0,0.0,0.16550328501053016,0.023746662646990404,2.865151176676741e-05,0.3175265875905137,0.0,0.0,0.1667173562739398,0.01575605613554649,0.0
2016-01-11,564295259.663978,279468600.013978,0.0,284826659.65,0.504747567469566,Crisis,1.0,0.0,0.0,0.0,0.31440659231418594,0.0,0.0,0.1668631773658168,0.02344995775417235,2.7840035390966895e-05,0.5715478576629247,0.0,0.0,0.30009124129309167,0.028360901043983686,0.1
2016-01-12,565698825.9556123,166270075.30561224,0.0,399428750.65000004,0.706080218524868,Crisis,1.0,0.0,0.0,0.0,0.4190379399313092,0.0,0.0,0.2218113141529583,0.02526874609621626,0.039962218344384244,0.5715478576629247,0.0,0.0,0.30009124129309167,0.028360901043983686,0.1
2016-01-13,567290321.9601612,52494429.41016116,0.0,514795892.55,0.9074646131300514,Crisis,1.0,0.0,0.0,0.0,0.5223375423119052,0.0,0.0,0.2753413798075851,0.027603326539915277,0.08218236447064585,0.5715478576629247,0.0,0.0,0.30009124129309167,0.028360901043983686,0.1
2016-01-14,564955042.5183415,13745559.218341617,0.0,551209483.3,0.975669640619421,Crisis,1.0,0.0,0.0,0.0,0.5576024277892391,0.0,0.0,0.2959996591137089,0.028000989122044025,0.09406656459442908,0.5715478576629247,0.0,0.0,0.30009124129309167,0.028360901043983686,0.1
2016-01-15,560610484.1683416,13745559.218341617,0.0,546864924.95,0.9754810878381396,Crisis,1.0,0.0,0.0,0.0,0.557742717590898,0.0,0.0,0.2957591851782269,0.028217988151733778,0.09376119691728078,0.5715478576629247,0.0,0.0,0.30009124129309167,0.028360901043983686,0.1
2016-01-18,559576737.5683416,13745559.218341617,0.0,545831178.35,0.9754357922774393,Crisis,1.0,0.0,0.0,0.0,0.5530871774529426,0.0,0.0,0.2965920290418263,0.028469553736683605,0.09728703204598681,0.5715478576629247,0.0,0.0,0.30009124129309167,0.028360901043983686,0.1
2016-01-19,563423153.8412255,3626912.6912254933,0.0,559796241.15,0.9935627198376593,Crisis,1.0,0.0,0.0,0.0,0.5666135460949902,0.0,0.0,0.2991004165361112,0.02834947390980168,0.09949928329675631,0.5715478576629247,0.0,0.0,0.30009124129309167,0.028360901043983686,0.1
2016-01-20,557122702.8912256,3626912.6912254933,0.0,553495790.2,0.9934899212105279,Crisis,1.0,0.0,0.0,0.0,0.5700085251453167,0.0,0.0,0.3008003427796397,0.027994012663750723,0.09468704062182066,0.5715478576629247,0.0,0.0,0.30009124129309167,0.028360901043983686,0.1
2016-01-21,551057482.4912255,3626912.6912254933,0.0,547430569.8,0.9934182679548621,Crisis,1.0,0.0,0.0,0.0,0.5665449063292071,0.0,0.0,0.3023871470661925,0.028251499153262825,0.09623471540619978,0.5715478576629247,0.0,0.0,0.30009124129309167,0.028360901043983686,0.1
2016-01-22,556298953.5412256,3626912.6912254933,0.0,552672040.85,0.9934802812981443,Crisis,0.55,0.0,0.0,0.0,0.5644473872387581,0.0,0.0,0.3027145726735947,0.028361459067225772,0.09795686231856568,0.28577392883146235,0.0,0.0,0.15004562064654584,0.014180450521991843,0.1
2016-01-25,565864314.8074139,113946163.55741397,0.0,451918151.25,0.7986334169239947,Crisis,0.55,0.0,0.0,0.0,0.44182047658384055,0.0,0.0,0.23420402476714658,0.022069513261761844,0.10053940231124575,0.28577392883146235,0.0,0.0,0.15004562064654584,0.014180450521991843,0.1
2016-01-26,561135241.7367617,217726297.93676168,0.0,343408943.8,0.6119896207857484,Crisis,0.55,0.0,0.0,0.0,0.32507197950253036,0.0,0.0,0.1714677547291476,0.016151186605120788,0.0992986999489496,0.28577392883146235,0.0,0.0,0.15004562064654584,0.014180450521991843,0.1
2016-01-27,563153107.0968317,243646305.84683165,0.0,319506801.25,0.5673533488914272,Crisis,0.55,0.0,0.0,0.0,0.2964357812222736,0.0,0.0,0.15628787072441097,0.014740662699695692,0.09988903424504693,0.28577392883146235,0.0,0.0,0.15004562064654584,0.014180450521991843,0.1
2016-01-28,566573028.4468317,243646305.84683165,0.0,322926722.6,0.5699648701690785,Crisis,0.55,0.0,0.0,0.0,0.3004269953806549,0.0,0.0,0.15434356315852438,0.014728463200720625,0.10046584842917844,0.28577392883146235,0.0,0.0,0.15004562064654584,0.014180450521991843,0.1
2016-01-29,575105995.5468316,243646305.84683165,0.0,331459689.7,0.5763453907046059,Crisis,0.55,0.0,0.0,0.0,0.30543157445781866,0.0,0.0,0.15253640316614728,0.014875518715233696,0.10350189436540633,0.28577392883146235,0.0,0.0,0.15004562064654584,0.014180450521991843,0.1
2016-01-30,577707335.8822,254863150.58219996,0.0,322844185.3,0.5588369149008539,Crisis,0.55,0.0,0.0,0.0,0.29157724826666875,0.0,0.0,0.14996572592885676,0.01443118250743486,0.10286275819789352,0.28577392883146235,0.0,0.0,0.15004562064654584,0.014180450521991843,0.1
2016-02-01,578681801.3822,254863150.58219996,0.0,323818650.8,0.5595798071177438,Crisis,0.55,0.0,0.0,0.0,0.29185628508896644,0.0,0.0,0.15098262947151925,0.014406881260282955,0.10233401129697517,0.28577392883146235,0.0,0.0,0.15004562064654584,0.014180450521991843,0.1
2016-02-02,576758981.1322,254863150.58219996,0.0,321895830.55,0.5581115181216704,Crisis,0.55,0.0,0.0,0.0,0.2902913279674157,0.0,0.0,0.15115482004088174,0.01440636430782424,0.10225900580554871,0.28577392883146235,0.0,0.0,0.15004562064654584,0.014180450521991843,0.1
2016-02-03,573248587.1322,254863150.58219996,0.0,318385436.55,0.5554055320795329,Crisis,0.55,0.0,0.0,0.0,0.28769247801384823,0.0,0.0,0.151806741356924,0.014396895492211183,0.10150941721654945,0.28577392883146235,0.0,0.0,0.15004562064654584,0.014180450521991843,0.1
2016-02-15,575808529.2321999,254863150.58219996,0.0,320945378.65,0.5573821198479953,Crisis,0.55,0.0,0.0,0.0,0.28927412532791885,0.0,0.0,0.15234751752804432,0.01434504627955777,0.10141543071247448,0.28577392883146235,0.0,0.0,0.15004562064654584,0.014180450521991843,0.1
2016-02-16,581350801.4821999,254863150.58219996,0.0,326487650.9,0.5616017902918408,Crisis,1.0,0.0,0.0,0.0,0.2914118299451371,0.0,0.0,0.15098525670939072,0.014509311724511774,0.10469539191280118,0.5715478576629247,0.0,0.0,0.30009124129309167,0.028360901043983686,0.1
2016-02-17,578586780.4976082,140910170.74760813,0.0,437676609.75,0.7564580189225553,Crisis,1.0,0.0,0.0,0.0,0.41468653940494216,0.0,0.0,0.2188560199925333,0.02061929238988086,0.10229616713519896,0.5715478576629247,0.0,0.0,0.30009124129309167,0.028360901043983686,0.1
2016-02-18,581244951.000391,34666528.45039111,0.0,546578422.55,0.9403581426544422,Crisis,1.0,0.0,0.0,0.0,0.5324401046707619,0.0,0.0,0.2787373889805901,0.02671765143640715,0.10246299756668327,0.5715478576629247,0.0,0.0,0.30009124129309167,0.028360901043983686,0.1
2016-02-19,582908015.7789986,8899489.328998506,0.0,574008526.45,0.9847326008768206,Crisis,1.0,0.0,0.0,0.0,0.5640320900556149,0.0,0.0,0.2921404327789574,0.027767845975439,0.10079223206680903,0.5715478576629247,0.0,0.0,0.30009124129309167,0.028360901043983686,0.1
2016-02-22,582586779.3789985,8899489.328998506,0.0,573687290.05,0.98472418248405,Crisis,1.0,0.0,0.0,0.0,0.5643620516079505,0.0,0.0,0.29164256041153297,0.027760327855773186,0.10095924260879356,0.5715478576629247,0.0,0.0,0.30009124129309167,0.028360901043983686,0.1
2016-02-23,582447775.7789986,8899489.328998506,0.0,573548286.45,0.9847205368462505,Crisis,1.0,0.0,0.0,0.0,0.5650278705414302,0.0,0.0,0.29125392362107244,0.02778978763950432,0.1006489550442434,0.5715478576629247,0.0,0.0,0.30009124129309167,0.028360901043983686,0.1
2016-02-24,578786371.1789985,8899489.328998506,0.0,569886881.85,0.9846238789091215,Crisis,1.0,0.0,0.0,0.0,0.5667985256490152,0.0,0.0,0.29017286578100765,0.027712815640987938,0.09993967183811063,0.5715478576629247,0.0,0.0,0.30009124129309167,0.028360901043983686,0.1
2016-02-25,584335421.2289984,8899489.328998506,0.0,575435931.9,0.9847698958411922,Crisis,1.0,0.0,0.0,0.0,0.5633177793803485,0.0,0.0,0.29198127274426644,0.027813819613770562,0.1016570241028067,0.5715478576629247,0.0,0.0,0.30009124129309167,0.028360901043983686,0.1
2016-02-26,588474046.0289986,8899489.328998506,0.0,579574556.7,0.9848770062349359,Crisis,1.0,0.0,0.0,0.0,0.5646197635088681,0.0,0.0,0.2911878631798758,0.027686012849574584,0.10138336669661728,0.5715478576629247,0.0,0.0,0.30009124129309167,0.028360901043983686,0.1
2016-03-01,591728671.5789986,8899489.328998506,0.0,582829182.25,0.9849601857127344,Bear,1.0,0.0,0.0,0.0,0.5622196425977737,0.0,0.0,0.29180739128160976,0.027803452477802686,0.10312969935554814,0.5832038172944849,0.0,0.0,0.2887116052273239,0.028084577478191246,0.1
2016-03-02,594593434.4697428,2056608.3697427572,0.0,592536826.1,0.9965411519022627,Bear,1.0,0.0,0.0,0.0,0.5789500121322269,0.0,0.0,0.2878294479531609,0.028102900286650096,0.10165879153022486,0.5832038172944849,0.0,0.0,0.2887116052273239,0.028084577478191246,0.1
2016-03-03,601566188.3697428,2056608.3697427572,0.0,599509580.0,0.9965812434117746,Bull,1.0,0.0,0.0,0.0,0.5797557055943435,0.0,0.0,0.28671824203987345,0.028044461816778114,0.10206283396077942,0.6174028629708637,0.0,0.0,0.2364190265979238,0.04617811043121259,0.1
2016-03-04,601732479.058742,283196.3587420089,0.0,601449282.7,0.9995293650108683,Bull,1.0000000000000002,0.0,0.0,0.0,0.6095811601756533,0.0,0.0,0.24715102670315034,0.041630958726352064,0.10116621940571249,0.6430521472281479,0.0,0.0,0.19587853608989167,0.061069316681960625,0.1
2016-03-07,604637077.5173799,3618842.917379887,0.0,601018234.6,0.9940148511364226,Bull,1.0,0.0,0.0,0.0,0.6290809954324488,0.0,0.0,0.20918647681900449,0.05593702612296022,0.09981035276200922,0.6622891104211108,0.0,0.0,0.16577726338491555,0.07193362619397363,0.1
2016-03-08,602458749.1772928,724995.5272928881,0.0,601733753.65,0.9987966055297846,Bull,1.0,0.0,0.0,0.0,0.6549747915336153,0.0,0.0,0.175495832941893,0.06802540432181454,0.10030057673246177,0.6767168328158332,0.0,0.0,0.1421764934660084,0.08110667371815848,0.1
2016-03-09,600471354.0550926,2398878.7550925897,0.0,598072475.3,0.9960050071682978,Bull,1.0,0.0,0.0,0.0,0.6653001722765728,0.0,0.0,0.15218944148269142,0.07807749642574709,0.10043789698328659,0.6875376246118748,0.0,0.0,0.12424045135030258,0.08822192403782256,0.1
2016-03-10,603387042.7427531,534877.2427530941,0.0,602852165.5,0.9991135420470386,Bull,1.0,0.0,0.0,0.0,0.6826587353079967,0.0,0.0,0.1308813322225562,0.08543231184693702,0.10014116266954873,0.6956532184589062,0.0,0.0,0.11003614131260969,0.09431064022848416,0.1
2016-03-11,604975954.0520571,1403393.1020571433,0.0,603572560.95,0.9976802497807437,Bull,1.0,0.0,0.0,0.0,0.6883261857944319,0.0,0.0,0.11576327874012278,0.09222994670495412,0.10136083854123472,0.7017399138441797,0.0,0.0,0.09916532852264436,0.09909475763317603,0.1
2016-03-14,606196038.3026615,226661.85266151722,0.0,605969376.45,0.9996260914978987,Bull,1.0,0.0,0.0,0.0,0.6969215728181131,0.0,0.0,0.10343683567376541,0.09786932980643914,0.10139835319958099,0.7017399138441797,0.0,0.0,0.09916532852264436,0.09909475763317603,0.1
2016-03-15,598796350.8526615,226661.85266151722,0.0,598569689.0,0.9996214708851536,Bull,1.0,0.0,0.0,0.0,0.6982225232412531,0.0,0.0,0.10506410052502138,0.09760805976317886,0.09872678735570027,0.7017399138441797,0.0,0.0,0.09916532852264436,0.09909475763317603,0.1
2016-03-16,602372096.3526615,226661.85266151722,0.0,602145434.5,0.9996237178746593,Bull,1.0,0.0,0.0,0.0,0.6969616571585157,0.0,0.0,0.10477161937303796,0.09787505157855658,0.10001538976454914,0.7017399138441797,0.0,0.0,0.09916532852264436,0.09909475763317603,0.1
2016-03-17,608530179.3026614,226661.85266151722,0.0,608303517.4499999,0.9996275256998408,Bull,1.0,0.0,0.0,0.0,0.6961427253048438,0.0,0.0,0.105076136196357,0.09795093493687522,0.10045772926176488,0.7847832615368164,0.0,0.0,0.09802664422205586,0.11719009424112778,0.0
2016-03-18,611237766.6003723,2140283.600372295,0.0,609097483.0,0.996498443457975,Bull,1.0,0.0,0.0,0.0,0.7593588098810341,0.0,0.0,0.09915519510041199,0.11251938894830407,0.02546504952822481,0.7885874461526123,0.0,0.0,0.0833276850881048,0.12808486875928288,0.0
2016-03-21,608799015.0071375,418212.1071375748,0.0,608380802.9,0.9993130539031299,Bull,1.0,0.0,0.0,0.0,0.7807025655165156,0.0,0.0,0.08775835486424632,0.12446767838333576,0.006384455139032101,0.7885874461526123,0.0,0.0,0.0833276850881048,0.12808486875928288,0.0
2016-03-22,608925524.1071376,418212.1071375748,0.0,608507312.0,0.9993131966216217,Bull,1.0,0.0,0.0,0.0,0.7810368315523618,0.0,0.0,0.08789941935589264,0.12405655044722494,0.006320395266142346,0.7885874461526123,0.0,0.0,0.0833276850881048,0.12808486875928288,0.0
2016-03-23,610704539.6071376,418212.1071375748,0.0,610286327.5,0.9993151973171731,Bull,1.0,0.0,0.0,0.0,0.7810869193912652,0.0,0.0,0.08832716395836918,0.12359913035615791,0.006301983611380737,0.7885874461526123,0.0,0.0,0.0833276850881048,0.12808486875928288,0.0
2016-03-24,609256048.6071376,418212.1071375748,0.0,608837836.5,0.9993135692159418,Bull,1.0,0.0,0.0,0.0,0.7801660854851815,0.0,0.0,0.08892812820465984,0.12389298419369965,0.006326371332400827,0.7914405846144592,0.0,0.0,0.09408386070804878,0.11447555467749199,0.0
2016-03-25,607548202.1571375,418212.1071375748,0.0,607129990.05,0.9993116396268598,Bull,1.0,0.0,0.0,0.0,0.7804158392149557,0.0,0.0,0.08894619358288088,0.12366203987312278,0.0062875669559005415,0.7914405846144592,0.0,0.0,0.09408386070804878,0.11447555467749199,0.0
2016-03-28,606801295.7571375,418212.1071375748,0.0,606383083.65,0.9993107923301058,Bull,1.0,0.0,0.0,0.0,0.7803267510481916,0.0,0.0,0.08877782624505272,0.1239109087698674,0.00629530626699402,0.7914405846144592,0.0,0.0,0.09408386070804878,0.11447555467749199,0.0
2016-03-29,604947496.6071376,418212.1071375748,0.0,604529284.5,0.9993086803243536,Bull,1.0,0.0,0.0,0.0,0.781229738366726,0.0,0.0,0.08845362663720568,0.12341806589619847,0.006207249424223331,0.7914405846144592,0.0,0.0,0.09408386070804878,0.11447555467749199,0.0
2016-03-30,608586663.1071376,418212.1071375748,0.0,608168451.0,0.9993128142095615,Bull,1.0,0.0,0.0,0.0,0.7797866430018292,0.0,0.0,0.0884513303744935,0.12470385008525817,0.006370990747980666,0.7914405846144592,0.0,0.0,0.09408386070804878,0.11447555467749199,0.0
2016-03-31,608224950.3071376,418212.1071375748,0.0,607806738.2,0.9993124055385654,Bull,1.0,0.0,0.0,0.0,0.7796476418149911,0.0,0.0,0.0886272422280264,0.1246815836175507,0.0063559378779970335,0.7914405846144592,0.0,0.0,0.09408386070804878,0.11447555467749199,0.0
2016-04-01,603717456.6071376,418212.1071375748,0.0,603299244.5,0.9993072717998119,Bull,1.0,0.0,0.0,0.0,0.7801239790991855,0.0,0.0,0.08877016792124079,0.12415526365800607,0.00625786112137963,0.7908506379690762,0.0,0.0,0.10704039435184456,0.10210896767907923,0.0
2016-04-06,596675763.2953618,170961.74536177493,0.0,596504801.55,0.9997134763034154,Bull,1.0,0.0,0.0,0.0,0.7899668639912126,0.0,0.0,0.10185766498096412,0.10635726118573068,0.00153168614550814,0.7931379784768072,0.0,0.0,0.11869941059796035,0.08816261092523252,0.0
2016-04-07,593784574.4649794,167175.8649794254,0.0,593617398.6,0.999718457042893,Bull,1.0000000000000002,0.0,0.0,0.0,0.7907509032599374,0.0,0.0,0.11574685998188308,0.09284015174976783,0.000380542051304714,0.7948534838576055,0.0,0.0,0.1293294377916062,0.07581707835078848,0.0
2016-04-08,594297940.2046994,142750.65469950077,0.0,594155189.55,0.999759799512934,Bull,1.0000000000000002,0.0,0.0,0.0,0.7930714674657273,0.0,0.0,0.12571270224202138,0.08087946591812857,9.616388705691174e-05,0.7948534838576055,0.0,0.0,0.1293294377916062,0.07581707835078848,0.0
2016-04-11,597973934.8046994,142750.65469950077,0.0,597831184.15,0.9997612761252779,Bull,1.0000000000000002,0.0,0.0,0.0,0.7920392120514177,0.0,0.0,0.12692292352974904,0.08070251425885519,9.662628525584677e-05,0.7948534838576055,0.0,0.0,0.1293294377916062,0.07581707835078848,0.0
2016-04-12,598921914.8546995,142750.65469950077,0.0,598779164.2,0.999761653979995,Bull,1.0000000000000002,0.0,0.0,0.0,0.7929336903880261,0.0,0.0,0.1262209615728287,0.0805108292150209,9.617280411917129e-05,0.7948534838576055,0.0,0.0,0.1293294377916062,0.07581707835078848,0.0
2016-04-13,606660568.8546995,142750.65469950077,0.0,606517818.2,0.9997646943578863,Bull,1.0000000000000002,0.0,0.0,0.0,0.7934547964914618,0.0,0.0,0.12533895213191582,0.08087273595616011,9.820977834850831e-05,0.7948534838576055,0.0,0.0,0.1293294377916062,0.07581707835078848,0.0
2016-04-14,605426672.3546995,142750.65469950077,0.0,605283921.7,0.9997642147906298,Bull,0.9999999999999999,0.0,0.0,0.0,0.7937089554232124,0.0,0.0,0.12466579925600156,0.08129060420906971,9.885590234606622e-05,0.796140112893204,0.0,0.0,0.11035699874083514,0.0935028883659608,0.0
2016-04-15,607372383.3546995,142750.65469950077,0.0,607229632.7,0.9997649701260518,Bull,0.9999999999999999,0.0,0.0,0.0,0.7932804419568478,0.0,0.0,0.12535505743522854,0.0810301906190862,9.928011488922999e-05,0.796140112893204,0.0,0.0,0.11035699874083514,0.0935028883659608,0.0
2016-04-18,607632685.2046994,142750.65469950077,0.0,607489934.55,0.9997650708097584,Bull,0.9999999999999999,0.0,0.0,0.0,0.7931475647786181,0.0,0.0,0.12602827639892691,0.08049122634593545,9.800328627802303e-05,0.796140112893204,0.0,0.0,0.11035699874083514,0.0935028883659608,0.0
2016-04-19,605197320.0062283,235888.3562283757,0.0,604961431.65,0.9996102290138597,Bull,0.9999999999999999,0.0,0.0,0.0,0.7947252007742701,0.0,0.0,0.11468557064873602,0.0901669557945802,3.250179627331722e-05,0.796140112893204,0.0,0.0,0.11035699874083514,0.0935028883659608,0.0
2016-04-20,599985122.5062283,235888.3562283757,0.0,599749234.15,0.9996068429909678,Bull,0.9999999999999999,0.0,0.0,0.0,0.7950905551746376,0.0,0.0,0.11489284886273894,0.08959172150046436,3.171745312701892e-05,0.796140112893204,0.0,0.0,0.11035699874083514,0.0935028883659608,0.0
2016-04-21,603313667.2062284,235888.3562283757,0.0,603077778.85,0.9996090120793705,Bull,0.9999999999999999,0.0,0.0,0.0,0.7951405958884393,0.0,0.0,0.11491236444392003,0.08952407832912161,3.197341788944783e-05,0.796140112893204,0.0,0.0,0.11035699874083514,0.0935028883659608,0.0
2016-04-22,603290314.4562284,235888.3562283757,0.0,603054426.1,0.9996089969446286,Bull,0.9999999999999999,0.0,0.0,0.0,0.7947268912018751,0.0,0.0,0.11496703715940776,0.08988309392779806,3.197465554769748e-05,0.796140112893204,0.0,0.0,0.11035699874083514,0.0935028883659608,0.0
2016-04-25,605609320.9562284,235888.3562283757,0.0,605373432.6,0.9996104941782338,Bull,0.9999999999999999,0.0,0.0,0.0,0.7945843895536414,0.0,0.0,0.11538428749687385,0.08960975025006652,3.2066877651976594e-05,0.796140112893204,0.0,0.0,0.11035699874083514,0.0935028883659608,0.0
2016-04-26,606113136.4562284,235888.3562283757,0.0,605877248.1,0.9996108179446374,Bull,0.9999999999999999,0.0,0.0,0.0,0.7947830844197336,0.0,0.0,0.11490627048145101,0.08988915884342427,3.23042000285272e-05,0.796140112893204,0.0,0.0,0.11035699874083514,0.0935028883659608,0.0
2016-04-27,605649734.5562284,235888.3562283757,0.0,605413846.2,0.9996105201690525,Bull,0.9999999999999999,0.0,0.0,0.0,0.7943546719334601,0.0,0.0,0.11540729899141206,0.08981626986076022,3.22793834200632e-05,0.796140112893204,0.0,0.0,0.11035699874083514,0.0935028883659608,0.0
2016-04-28,599996261.5562284,235888.3562283757,0.0,599760373.2,0.999606850290006,Crisis,1.0,0.0,0.0,0.0,0.7947571072579293,0.0,0.0,0.11558572018452619,0.08923255598482191,3.146686272849497e-05,0.7596050846699031,0.0,0.0,0.1702677490556264,0.07012716627447062,0.0
2016-04-29,601448454.8506167,7725478.70061675,0.0,593722976.15,0.9871552106613434,Crisis,1.0,0.0,0.0,0.0,0.770703345251972,0.0,0.0,0.14257680655493346,0.0738443995355032,3.0659318934620906e-05,0.7340162960838854,0.0,0.0,0.21338832921026174,0.05259537470585296,0.0
2016-05-03,607691442.3336954,4360805.833695379,0.0,603330636.5,0.9928239801815395,Crisis,1.0,0.0,0.0,0.0,0.7444592847361134,0.0,0.0,0.19175274141183807,0.05658216918104762,2.9784852540445898e-05,0.7150668286009104,0.0,0.0,0.24548664036969994,0.03944653102938972,0.0
2016-05-04,606953010.7789191,1075882.478919127,0.0,605877128.3,0.9982274040002892,Crisis,1.0,0.0,0.0,0.0,0.7220147532304172,0.0,0.0,0.23281324499677053,0.04337040847069522,2.899730240634847e-05,0.7006488526777618,0.0,0.0,0.2697662490501959,0.029584898272042283,0.0
2016-05-05,601208473.3079159,282935.25791600347,0.0,600925538.05,0.9995293891046492,Crisis,1.0,0.0,0.0,0.0,0.7058709198076307,0.0,0.0,0.26018512204149336,0.03344397308535947,2.9374170165687643e-05,0.6885837110721341,0.0,0.0,0.2892276152238341,0.022188673704031714,0.0
2016-05-06,598194769.3242611,217956.97426100634,0.0,597976812.35,0.9996356421262137,Crisis,1.0,0.0,0.0,0.0,0.6917581088471367,0.0,0.0,0.2828983278993987,0.0249500677126611,2.9137667017198188e-05,0.6789377833041006,0.0,0.0,0.3044207114178756,0.016641505278023785,0.0
2016-05-09,599348824.0956935,94296.34569350677,0.0,599254527.75,0.9998426686732292,Crisis,1.0,0.0,0.0,0.0,0.6805709986424764,0.0,0.0,0.30051631497193454,0.01872632355112123,2.9031507697130102e-05,0.6717033374780755,0.0,0.0,0.3158155335634067,0.01248112895851784,0.0
2016-05-10,602143467.6942335,37387.2442335072,0.0,602106080.45,0.9999379097403869,Crisis,1.0,0.0,0.0,0.0,0.6715309426147119,0.0,0.0,0.3143279137856743,0.014049807818053022,2.9245521947507532e-05,0.6717033374780755,0.0,0.0,0.3158155335634067,0.01248112895851784,0.0
2016-05-11,600328090.2942334,37387.2442335072,0.0,600290703.05,0.9999377219809669,Crisis,1.0,0.0,0.0,0.0,0.6700792609135453,0.0,0.0,0.31577233027208373,0.014057063356578803,2.9067438759108186e-05,0.6717033374780755,0.0,0.0,0.3158155335634067,0.01248112895851784,0.0
2016-05-12,602722507.6942335,37387.2442335072,0.0,602685120.45,0.9999379693909615,Crisis,1.0,0.0,0.0,0.0,0.6703871604127681,0.0,0.0,0.31553243420018295,0.013989522362880676,2.8852415129687012e-05,0.6717033374780755,0.0,0.0,0.3158155335634067,0.01248112895851784,0.0
2016-05-13,604207077.6442335,37387.2442335072,0.0,604169690.4,0.9999381218035723,Crisis,0.5,0.0,0.0,0.0,0.6711408313537985,0.0,0.0,0.31496569146787495,0.013803462932803991,2.813604909476063e-05,0.33585166873903777,0.0,0.0,0.15790776678170335,0.00624056447925892,0.0
2016-05-16,600824478.5629089,99090244.61290891,0.0,501734233.95,0.8350762191814831,Crisis,0.5,0.0,0.0,0.0,0.5530685180217854,0.0,0.0,0.2709681542759475,0.01101086962339421,2.8677260355989216e-05,0.33585166873903777,0.0,0.0,0.15790776678170335,0.00624056447925892,0.0
2016-05-17,601871108.1839852,218503560.4339853,0.0,383367547.75,0.6369595458847127,Crisis,0.5,0.0,0.0,0.0,0.42476509384439415,0.0,0.0,0.20388418439000452,0.008281091968409291,2.9175681904691304e-05,0.33585166873903777,0.0,0.0,0.15790776678170335,0.00624056447925892,0.0
2016-05-18,604276676.294534,279692334.64453405,0.0,324584341.65,0.5371452422098656,Crisis,0.5,0.0,0.0,0.0,0.36021983006986524,0.0,0.0,0.17015020442371828,0.006746247472263849,2.89602440182057e-05,0.33585166873903777,0.0,0.0,0.15790776678170335,0.00624056447925892,0.0
2016-05-19,600520645.9619688,296101851.91196877,0.0,304418794.05,0.5069247761870938,Crisis,0.5,0.0,0.0,0.0,0.34001143078589685,0.0,0.0,0.16042812290936834,0.006456480765601434,2.8741726227166356e-05,0.33585166873903777,0.0,0.0,0.15790776678170335,0.00624056447925892,0.0
2016-05-20,600667736.8619688,296101851.91196877,0.0,304565884.95,0.5070455199427302,Crisis,0.5,0.0,0.0,0.0,0.34005850891395334,0.0,0.0,0.16046508591179617,0.006492774225521964,2.9150891458689636e-05,0.33585166873903777,0.0,0.0,0.15790776678170335,0.00624056447925892,0.0
2016-05-23,603428872.5619688,296101851.91196877,0.0,307327020.65,0.5093011531668783,Bull,1.0,0.0,0.0,0.0,0.3422338407063745,0.0,0.0,0.1603580875889607,0.0066785004550575944,3.0724416485550325e-05,0.633399752797701,0.0,0.0,0.25256658382558655,0.014033663376712465,0.1
2016-05-24,602598236.2485814,175708508.34858134,0.0,426889727.90000004,0.7084151632397099,Bear,1.0,0.0,0.0,0.0,0.46049210105143795,0.0,0.0,0.1980540147992857,0.009570057881186797,0.040298989507799386,0.6263800871970868,0.0,0.0,0.26309466527037884,0.010525247532534348,0.1
2016-05-25,604868800.0847749,54724144.784774855,0.0,550144655.3,0.9095272482609368,Bull,1.0,0.0,0.0,0.0,0.5754638944035716,0.0,0.0,0.24102499580002662,0.010250156726766275,0.08278820133057226,0.6497850653978151,0.0,0.0,0.24232099895278417,0.007893935649400762,0.1
2016-05-26,604316477.1085439,13850510.858543862,0.0,590465966.25,0.9770806996280922,Bull,1.0000000000000002,0.0,0.0,0.0,0.6332847617875903,0.0,0.0,0.23958092404287523,0.008536007531486632,0.09567900626613997,0.6673387990483615,0.0,0.0,0.2267407492145881,0.005920451737050571,0.1
2016-05-27,609674890.2300313,3260527.3800312113,0.0,606414362.85,0.9946520228530307,Bull,1.0,0.0,0.0,0.0,0.6586497644646149,0.0,0.0,0.2298826837810555,0.006571371175362625,0.09954820343199766,0.6805040992862711,0.0,0.0,0.21505556191094105,0.004440338802787928,0.1
2016-05-30,613675081.841477,639435.1414770889,0.0,613035646.6999999,0.9989580232921331,Bull,1.0,0.0,0.0,0.0,0.6752205995664624,0.0,0.0,0.2179190649206532,0.0050423262921392735,0.1007760325128784,0.6903780744647033,0.0,0.0,0.2062916714332058,0.0033302541020909463,0.1
2016-05-31,615854718.9981862,2262294.848186289,0.0,613592424.15,0.9963265770669641,Bull,0.9999999999999999,0.0,0.0,0.0,0.6840023485331783,0.0,0.0,0.20888173140779143,0.0037939954471744195,0.09964850167882003,0.6977835558485274,0.0,0.0,0.17761331937254976,0.02460312477892271,0.1
2016-06-01,619338578.6724247,188886.22242466314,0.0,619149692.45,0.999695019446666,Bull,1.0,0.0,0.0,0.0,0.6946574414469869,0.0,0.0,0.18450747932568254,0.019438963459706787,0.10109113521428957,0.7033376668863957,0.0,0.0,0.15552706381619874,0.04113526929740566,0.1
2016-06-02,617793430.1340258,1191664.134025786,0.0,616601766.0,0.9980710961368312,Bull,1.0,0.0,0.0,0.0,0.6995353380599146,0.0,0.0,0.1630269845669129,0.035778787733635686,0.09972998577636802,0.7075032501647968,0.0,0.0,0.13861344956832045,0.05388330026688286,0.1
2016-06-03,620796740.1425397,57446.74253981304,0.0,620739293.4,0.9999074628798363,Bull,1.0,0.0,0.0,0.0,0.7050881312609614,0.0,0.0,0.14565798135350702,0.049163112539850486,0.0999982377255175,0.7106274376235976,0.0,0.0,0.12667704543562897,0.0626955169407735,0.1
2016-06-04,619112540.5073123,807689.9573123148,0.0,618304850.55,0.9986954068857166,Bull,1.0,0.0,0.0,0.0,0.7067607452943072,0.0,0.0,0.1317057799106832,0.05949677577168208,0.1007321059090442,0.7106274376235976,0.0,0.0,0.12667704543562897,0.0626955169407735,0.1
2016-06-06,620141879.6073123,807689.9573123148,0.0,619334189.65,0.9986975723074472,Bull,1.0,0.0,0.0,0.0,0.706413587044629,0.0,0.0,0.13227940685435483,0.05949090234538158,0.1005136760630817,0.7106274376235976,0.0,0.0,0.12667704543562897,0.0626955169407735,0.1
2016-06-07,629019755.4573123,807689.9573123148,0.0,628212065.5,0.9987159545462525,Bull,0.9999999999999999,0.0,0.0,0.0,0.7063887447810915,0.0,0.0,0.1315297322257388,0.05942961198861251,0.10136786555080965,0.712970578217698,0.0,0.0,0.11644514119637973,0.07058428058592213,0.1
2016-06-08,633041215.3363717,161559.68637171423,0.0,632879655.65,0.999744788044668,Bull,0.9999999999999999,0.0,0.0,0.0,0.7108323988208195,0.0,0.0,0.1204401832817273,0.06771952435548935,0.100752681586632,0.712970578217698,0.0,0.0,0.11644514119637973,0.07058428058592213,0.1
2016-06-13,619756865.7863717,161559.68637171423,0.0,619595306.1,0.9997393176335906,Bull,0.9999999999999999,0.0,0.0,0.0,0.713087229036581,0.0,0.0,0.12108119190383664,0.06758093748079137,0.09798995921238156,0.712970578217698,0.0,0.0,0.11644514119637973,0.07058428058592213,0.1
2016-06-14,624201798.6863717,161559.68637171423,0.0,624040239.0,0.9997411739493355,Bull,0.9999999999999999,0.0,0.0,0.0,0.7122753249600771,0.0,0.0,0.12134296978861574,0.06752071219387244,0.09860216700677024,0.712970578217698,0.0,0.0,0.11644514119637973,0.07058428058592213,0.1
2016-06-15,625039203.2363716,161559.68637171423,0.0,624877643.55,0.9997415207149645,Bull,0.9999999999999999,0.0,0.0,0.0,0.7117357459285092,0.0,0.0,0.12119527800459082,0.06753536383226919,0.09927513294959545,0.712970578217698,0.0,0.0,0.11644514119637973,0.07058428058592213,0.1
2016-06-16,614790988.3863716,161559.68637171423,0.0,614629428.6999999,0.9997372120128245,Bull,0.9999999999999999,0.0,0.0,0.0,0.7125849060505053,0.0,0.0,0.12164345511356198,0.06769934951265566,0.09780950133610154,0.712970578217698,0.0,0.0,0.11644514119637973,0.07058428058592213,0.1
2016-06-17,623092303.2363716,161559.68637171423,0.0,622930743.55,0.9997407130764856,Bull,0.9999999999999999,0.0,0.0,0.0,0.7124357679340494,0.0,0.0,0.1207898085228774,0.0675354996064468,0.09897963701311203,0.712970578217698,0.0,0.0,0.11644514119637973,0.07058428058592213,0.1
2016-06-20,625954307.7863717,161559.68637171423,0.0,625792748.1,0.9997418985948943,Bull,0.9999999999999999,0.0,0.0,0.0,0.7108565155076129,0.0,0.0,0.12095100082902306,0.06769903086035224,0.10023535139790604,0.712970578217698,0.0,0.0,0.11644514119637973,0.07058428058592213,0.1
2016-06-21,630479858.9363717,161559.68637171423,0.0,630318299.25,0.9997437512331572,Bull,0.9999999999999999,0.0,0.0,0.0,0.7118937153792515,0.0,0.0,0.11971326114577302,0.06747360664584406,0.10066316806228862,0.712970578217698,0.0,0.0,0.11644514119637973,0.07058428058592213,0.1
2016-06-22,629985195.2863717,161559.68637171423,0.0,629823635.6,0.9997435500269205,Bull,0.9999999999999999,0.0,0.0,0.0,0.7109671607384346,0.0,0.0,0.12039886106453847,0.06773516317411644,0.10064236504983085,0.7921895313529979,0.0,0.0,0.1293834902181997,0.07842697842880236,0.0
2016-06-23,628164384.0720718,8723685.822071841,0.0,619440698.25,0.9861124157254498,Bull,0.9999999999999999,0.0,0.0,0.0,0.7583470033145728,0.0,0.0,0.12679006008539004,0.07571775988264703,0.025257592442839993,0.7921895313529979,0.0,0.0,0.1293834902181997,0.07842697842880236,0.0
2016-06-24,614858136.3989115,2367456.948911464,0.0,612490679.45,0.9961495883216621,Bull,0.9999999999999999,0.0,0.0,0.0,0.7828080673518629,0.0,0.0,0.13000592375366915,0.0772768500361413,0.00605874717998868,0.7941421485147484,0.0,0.0,0.14090176266625895,0.06495608881899258,0.0
2016-06-27,615547213.7989115,2367456.948911464,0.0,613179756.85,0.9961538986842285,Bull,0.9999999999999999,0.0,0.0,0.0,0.782196094883618,0.0,0.0,0.12978273349166328,0.0779854882353216,0.006189582073625719,0.7941421485147484,0.0,0.0,0.14090176266625895,0.06495608881899258,0.0
2016-06-28,618373563.7989115,2367456.948911464,0.0,616006106.85,0.9961714777482285,Bull,0.9999999999999999,0.0,0.0,0.0,0.7820373559941814,0.0,0.0,0.1299756404627553,0.0779334739084537,0.006225007382837888,0.7941421485147484,0.0,0.0,0.14090176266625895,0.06495608881899258,0.0
2016-06-29,625052338.6489115,2367456.948911464,0.0,622684881.7,0.9962123860634954,Bull,0.9999999999999999,0.0,0.0,0.0,0.7816635527771909,0.0,0.0,0.1303486043682558,0.0779440328234101,0.006256196094638531,0.7941421485147484,0.0,0.0,0.14090176266625895,0.06495608881899258,0.0
2016-06-30,628824063.2489114,2367456.948911464,1388800.0,625067806.3,0.9940265375190889,Bull,0.9999999999999999,0.0,0.0,0.0,0.7789232711123479,0.0,0.0,0.13037525882267026,0.07837462476446558,0.006353382819605252,0.7941421485147484,0.0,0.0,0.14090176266625895,0.06495608881899258,0.0
2016-07-01,633026606.9799893,2081882.3799892396,1388800.0,629555924.6,0.994517319901375,Bull,0.9999999999999999,0.0,0.0,0.0,0.7848330056302122,0.0,0.0,0.13928798415069976,0.06875895818605918,0.0016373719344039595,0.7941421485147484,0.0,0.0,0.14090176266625895,0.06495608881899258,0.0
2016-07-04,633205256.9799893,2081882.3799892396,1388800.0,629734574.6,0.9945188667628213,Bull,0.9999999999999999,0.0,0.0,0.0,0.7851750583550697,0.0,0.0,0.13890914364720708,0.06879143772076511,0.0016432270397794282,0.7941421485147484,0.0,0.0,0.14090176266625895,0.06495608881899258,0.0
2016-07-05,632412707.9299892,2081882.3799892396,1388800.0,628942025.55,0.9945119977247935,Bull,0.9999999999999999,0.0,0.0,0.0,0.7857579699442274,0.0,0.0,0.1384459845637585,0.06866987246690119,0.001638170749906388,0.7941421485147484,0.0,0.0,0.14090176266625895,0.06495608881899258,0.0
2016-07-06,625673658.5799893,2081882.3799892396,1388800.0,622202976.2,0.9944528871682624,Bull,0.9999999999999999,0.0,0.0,0.0,0.7851428128122113,0.0,0.0,0.13956956442467192,0.06814942488832425,0.0015910850430548055,0.7941421485147484,0.0,0.0,0.14090176266625895,0.06495608881899258,0.0
2016-07-07,626553853.0799893,2081882.3799892396,1388800.0,623083170.7,0.9944606798554854,Bull,0.9999999999999999,0.0,0.0,0.0,0.7833624648340314,0.0,0.0,0.14057690263498443,0.06889256172922989,0.0016287506572395419,0.7941421485147484,0.0,0.0,0.14090176266625895,0.06495608881899258,0.0
2016-07-11,636595733.4799893,2081882.3799892396,1388800.0,633125051.1,0.9945480589996786,Bull,0.9999999999999999,0.0,0.0,0.0,0.7822429917615106,0.0,0.0,0.14149010944138116,0.06914749453215381,0.001667463264633028,0.7941421485147484,0.0,0.0,0.14090176266625895,0.06495608881899258,0.0
2016-07-12,637901300.8299892,2081882.3799892396,3151300.0,632668118.4499999,0.9917962506532276,Bull,0.9999999999999999,0.0,0.0,0.0,0.7828796050426898,0.0,0.0,0.13760592725832127,0.06962393702946346,0.0016867813227532061,0.7941421485147484,0.0,0.0,0.14090176266625895,0.06495608881899258,0.0
2016-07-13,641634532.8299893,2081882.3799892396,3151300.0,636401350.45,0.9918439826533216,Bull,0.9999999999999999,0.0,0.0,0.0,0.7846745689160143,0.0,0.0,0.1362192892182733,0.06927004038259371,0.0016800841364403812,0.7941421485147484,0.0,0.0,0.14090176266625895,0.06495608881899258,0.0
2016-07-14,642941559.2799892,2081882.3799892396,3151300.0,637708376.9,0.9918605629011605,Bull,1.0,0.0,0.0,0.0,0.7868537499217552,0.0,0.0,0.1341428295544999,0.06918031562590318,0.0016836677990022281,0.7956066113860614,0.0,0.0,0.13003471609545864,0.07435867251848,0.0
2016-07-15,649443708.6299893,2081882.3799892396,3151300.0,644210526.25,0.9919420539294641,Bull,1.0,0.0,0.0,0.0,0.7866232584309459,0.0,0.0,0.13431495115105963,0.06929699895767354,0.0017068453897850463,0.7956066113860614,0.0,0.0,0.13003471609545864,0.07435867251848,0.0
2016-07-18,653717398.8799893,2081882.3799892396,3151300.0,648484216.5,0.9919947329091205,Bull,1.0,0.0,0.0,0.0,0.7864578293018378,0.0,0.0,0.1343103306572978,0.0694972324093525,0.0017293405406325118,0.796704958539546,0.0,0.0,0.11931925067516716,0.08397579078528683,0.0
2016-07-19,654995469.8799893,2081882.3799892396,3151300.0,649762287.5,0.9920103533220648,Bull,1.0,0.0,0.0,0.0,0.7876688637167655,0.0,0.0,0.1331383253932703,0.06946193079524073,0.0017412334167883126,0.7975287189046596,0.0,0.0,0.10796337434736038,0.09450790674798011,0.0
2016-07-20,653601456.1055295,6569.555529591977,3151300.0,650443586.55,0.9951685089957637,Bull,1.0,0.0,0.0,0.0,0.7923870452124264,0.0,0.0,0.11403187570005394,0.08829968088486292,0.0004499071984205027,0.7975287189046596,0.0,0.0,0.10796337434736038,0.09450790674798011,0.0
2016-07-21,654945800.1055295,1395369.555529592,2557854.0,650992576.55,0.9939640447272238,Bull,1.0,1388800.0,0.0,0.0,0.7915862296795616,0.0,0.0,0.1133551814333914,0.08856412239097322,0.0004585112232975821,0.7975287189046596,0.0,0.0,0.10796337434736038,0.09450790674798011,0.0
2016-07-22,652473900.0555296,1395369.555529592,2557854.0,648520676.5,0.9939411774858838,Bull,1.0,0.0,0.0,0.0,0.7926050627557469,0.0,0.0,0.11229935786514075,0.08858009492039633,0.0004566619445998403,0.7981465391784948,0.0,0.0,0.0938580994230454,0.10799536139845994,0.0
2016-07-25,652309098.9141399,49914.764139891835,2557854.0,649701330.15,0.9960022499019546,Bull,1.0,0.0,0.0,0.0,0.7949674027439191,0.0,0.0,0.09818550761688857,0.10271050965183415,0.00013882988931282706,0.7960326382608385,0.0,0.0,0.07789357456728405,0.12607378717187753,0.0
2016-07-26,652032301.298942,3098411.6989419693,2557854.0,646376035.6,0.9913251756275359,Bull,1.0,0.0,0.0,0.0,0.8049788554253818,0.0,0.0,0.08292610640958094,0.10334978783375398,7.042595881909648e-05,0.7937729946611571,0.0,0.0,0.06592018092546303,0.1403068244133799,0.0
2016-07-27,652788022.7104131,5179588.560413098,2557854.0,645050580.15,0.9881470825272087,Bull,1.0,0.0,0.0,0.0,0.7962366067806664,0.0,0.0,0.07058110504034074,0.1212938921140793,3.547859212219973e-05,0.7919105586757629,0.0,0.0,0.056940135694097276,0.1511493056301399,0.0
2016-07-28,654617321.0776976,311104.9776975997,3523454.0,650782762.1,0.9941422891600473,Bull,1.0,0.0,0.0,0.0,0.8141875030476616,0.0,0.0,0.06009236042706387,0.11982695457991056,3.5471105411284986e-05,0.7919105586757629,0.0,0.0,0.056940135694097276,0.1511493056301399,0.0
2016-07-29,653702374.1157796,12554376.1157796,3523454.0,637624544.0,0.9754049690617583,Bull,1.0,0.0,0.0,0.0,0.7989107347306381,0.0,0.0,0.0573334310598082,0.11912577203858779,3.503123272418175e-05,0.7919105586757629,0.0,0.0,0.056940135694097276,0.1511493056301399,0.0
2016-08-01,657009209.4979587,1536255.9479587264,3523454.0,651949499.55,0.9922988751530211,Bull,1.0,0.0,0.0,0.0,0.7927067262085589,0.0,0.0,0.057688689065655725,0.14186787438067047,3.5585498136115004e-05,0.7919105586757629,0.0,0.0,0.056940135694097276,0.1511493056301399,0.0
2016-08-02,655681367.5979587,1536255.9479587264,3523454.0,650621657.65,0.9922832793518374,Bull,1.0,0.0,0.0,0.0,0.792259523178217,0.0,0.0,0.0578329686855632,0.1421551756784894,3.56118095677189e-05,0.7919105586757629,0.0,0.0,0.056940135694097276,0.1511493056301399,0.0
2016-08-03,652892878.3979588,1536255.9479587264,3523454.0,647833168.45,0.9922503214304098,Bull,1.0,0.0,0.0,0.0,0.7927096397803474,0.0,0.0,0.05787626309038653,0.1416292826273369,3.513593233899137e-05,0.7919105586757629,0.0,0.0,0.056940135694097276,0.1511493056301399,0.0
2016-08-04,652385838.3479587,1536255.9479587264,3523454.0,647326128.4,0.9922442983116073,Bull,1.0,0.0,0.0,0.0,0.7924782973664892,0.0,0.0,0.05768212273781609,0.14204860766853888,3.5270538763177917e-05,0.7919105586757629,0.0,0.0,0.056940135694097276,0.1511493056301399,0.0
2016-08-05,659370527.6479586,3298764.9479587264,9470308.5,646601454.1999999,0.9806344492018664,Bull,1.0,1762509.0,365179.0,9.0,0.7812631632741658,0.0,0.0,0.05736380140453355,0.14197176864110603,3.5715882061039687e-05,0.7919105586757629,0.0,0.0,0.056940135694097276,0.1511493056301399,0.0
2016-08-08,666185045.3479587,3298764.9479587264,9470308.5,653415971.9,0.9808325426439298,Bull,1.0,0.0,0.0,0.0,0.7815695136597461,0.0,0.0,0.05779925603086489,0.14142804714385157,3.572580946720126e-05,0.7919105586757629,0.0,0.0,0.056940135694097276,0.1511493056301399,0.0
2016-08-09,668066317.1979587,3298764.9479587264,9470308.5,655297243.75,0.9808865181206629,Bull,1.0,0.0,0.0,0.0,0.7813270334288228,0.0,0.0,0.05778917302989866,0.14173443199044333,3.587967149808768e-05,0.7919105586757629,0.0,0.0,0.056940135694097276,0.1511493056301399,0.0
2016-08-10,676866780.7479587,3298773.9479587264,13049046.9,660518959.9,0.9758478014981119,Bull,1.0,9.0,835038.0,9.0,0.7781011491183132,0.0,0.0,0.057421934574852035,0.14028905347529327,3.566432965335447e-05,0.7919105586757629,0.0,0.0,0.056940135694097276,0.1511493056301399,0.0
2016-08-11,674753852.7479587,3298773.9479587264,13049046.9,658406031.9,0.9757721711682243,Bull,1.0,0.0,0.0,0.0,0.7788448776687475,0.0,0.0,0.05745947183866198,0.13943269774132405,3.512391949076085e-05,0.7919105586757629,0.0,0.0,0.056940135694097276,0.1511493056301399,0.0
2016-08-12,674813318.2979587,3298773.9479587264,13049046.9,658465497.45,0.975774306160418,Bull,1.0,0.0,0.0,0.0,0.778147901369878,0.0,0.0,0.057672246449078014,0.1399186966821393,3.5461659322843844e-05,0.7919105586757629,0.0,0.0,0.056940135694097276,0.1511493056301399,0.0
2016-08-15,669731194.7979587,3298773.9479587264,18203046.9,648229373.95,0.9678948494336668,Bull,1.0,0.0,0.0,0.0,0.7691708075587016,0.0,0.0,0.05740661372597181,0.14128168246447698,3.5745684516341075e-05,0.7919105586757629,0.0,0.0,0.056940135694097276,0.1511493056301399,0.0
2016-08-16,671165568.9705937,3372451.8205937264,18203046.9,649590070.25,0.9678536866042081,Bull,1.0,0.0,0.0,0.0,0.7706916954088615,0.0,0.0,0.05694854111575358,0.14017815327490693,3.5296804686114565e-05,0.7919105586757629,0.0,0.0,0.056940135694097276,0.1511493056301399,0.0
2016-08-17,672547973.8175155,1389467.6675154765,18203046.9,652955459.25,0.9708682275015944,Bull,1.0,0.0,0.0,0.0,0.7736797514926192,0.0,0.0,0.05706328989761133,0.14009000646482395,3.517964653986117e-05,0.7919105586757629,0.0,0.0,0.056940135694097276,0.1511493056301399,0.0
2016-08-18,672409304.1475155,1389473.6675154765,22221244.23,648798586.25,0.9648863902508765,Bull,1.0,6.0,395441.0,6.0,0.7681111832692482,0.0,0.0,0.05692098512605243,0.13981885649127568,3.536536430016896e-05,0.7919105586757629,0.0,0.0,0.056940135694097276,0.1511493056301399,0.0
2016-08-19,665029726.0975156,1389473.6675154765,22221244.23,641419008.2,0.9644967480836286,Bull,1.0,0.0,0.0,0.0,0.7674055582369051,0.0,0.0,0.05710150766167663,0.13995464615720388,3.5036027843037264e-05,0.7919105586757629,0.0,0.0,0.056940135694097276,0.1511493056301399,0.0
2016-08-22,655765488.0475155,1389473.6675154765,22221244.23,632154770.15,0.9639951807042875,Bull,1.0,0.0,0.0,0.0,0.7652210421199234,0.0,0.0,0.05783286966338802,0.1409063174018465,3.4951519129563065e-05,0.786192170071955,0.0,0.0,0.050205101770572955,0.16360272815747212,0.0
2016-08-23,659554277.434316,113599.45431597717,22221244.23,637219433.75,0.9661364584409957,Bull,1.0,0.0,0.0,0.0,0.7648659268990026,0.0,0.0,0.052345047528614096,0.1488899448609515,3.553915242757917e-05,0.786192170071955,0.0,0.0,0.050205101770572955,0.16360272815747212,0.0
2016-08-24,654883558.3460599,1094909.0660599773,22221244.23,631567405.05,0.9643964900341275,Bull,1.0,0.0,0.0,0.0,0.7630881683945495,0.0,0.0,0.0517530171097842,0.14951971041584344,3.559411395038002e-05,0.7757348374908829,0.0,0.0,0.060066917188772426,0.16419824532034466,0.0
2016-08-25,662543535.29606,8804263.566059977,14511889.73,639227382.0,0.964808118932681,Bull,1.0,7709354.5,0.0,0.0,0.7640129214660685,0.0,0.0,0.051259574942232426,0.14949960979656854,3.6012727811672136e-05,0.7757348374908829,0.0,0.0,0.060066917188772426,0.16419824532034466,0.0
2016-08-26,663367514.5560373,1823541.9260373511,13716535.73,647827436.9,0.9765739543841884,Bull,1.0,795354.0,0.0,0.0,0.7677635635215848,0.0,0.0,0.05100460793990514,0.15776970940466364,3.607351803474323e-05,0.7757348374908829,0.0,0.0,0.060066917188772426,0.16419824532034466,0.0
2016-08-29,663314697.7536373,61156.37363735121,13716535.73,649537005.65,0.9792290263576301,Bull,1.0,0.0,0.0,0.0,0.7706163415059003,0.0,0.0,0.05090720907339466,0.15766973105553578,3.574472279944288e-05,0.7757348374908829,0.0,0.0,0.060066917188772426,0.16419824532034466,0.0
2016-08-30,663074095.6036373,1026756.3736373512,12750935.73,649296403.5,0.9792214894308385,Bull,1.0,965600.0,0.0,0.0,0.7707425714387938,0.0,0.0,0.05082870862164792,0.1576143611896919,3.584818070499451e-05,0.7757348374908829,0.0,0.0,0.060066917188772426,0.16419824532034466,0.0
2016-08-31,657749386.7036374,1026756.3736373512,12750935.73,643971694.6,0.9790532801973632,Bull,1.0,0.0,0.0,0.0,0.7709485327555012,0.0,0.0,0.05054067806372333,0.15752838709477285,3.568228336573865e-05,0.7757348374908829,0.0,0.0,0.060066917188772426,0.16419824532034466,0.0
2016-09-01,653774528.2036374,1026756.3736373512,12750935.73,639996836.1,0.9789259270447657,Bull,1.0,0.0,0.0,0.0,0.7706620621705599,0.0,0.0,0.050541583641673854,0.15768685617541994,3.542505711202339e-05,0.7757348374908829,0.0,0.0,0.060066917188772426,0.16419824532034466,0.0
2016-09-02,656605393.6536373,6180756.373637351,7596935.73,642827701.55,0.97901678506329,Bull,1.0,5154000.0,0.0,0.0,0.7710263522706527,0.0,0.0,0.05072072255557463,0.15723439222075616,3.531801630650759e-05,0.7757348374908829,0.0,0.0,0.060066917188772426,0.16419824532034466,0.0
2016-09-05,663954374.2553169,659082.2753168512,7596935.73,655698356.25,0.987565383518142,Bull,1.0,0.0,0.0,0.0,0.7704608721401214,0.0,0.0,0.05062396047574626,0.16644456951420564,3.5981388068712906e-05,0.7757348374908829,0.0,0.0,0.060066917188772426,0.16419824532034466,0.0
2016-09-06,667356202.5053169,659082.2753168512,7596935.73,659100184.5,0.9876287686031493,Bull,1.0,0.0,0.0,0.0,0.7704532340746524,0.0,0.0,0.05024737894712658,0.16689168330478302,3.647227658726388e-05,0.7757348374908829,0.0,0.0,0.060066917188772426,0.16419824532034466,0.0
2016-09-07,671424364.1553168,659082.2753168512,7596935.73,663168346.15,0.9877037259204865,Bull,1.0,0.0,0.0,0.0,0.7691660054661579,0.0,0.0,0.05027878313958661,0.16822177750742495,3.7159807317073254e-05,0.7757348374908829,0.0,0.0,0.060066917188772426,0.16419824532034466,0.0
2016-09-08,674707381.1553168,659082.2753168512,7596935.73,666451363.15,0.9877635576015489,Bull,1.0,0.0,0.0,0.0,0.7710302683501339,0.0,0.0,0.04987569565694949,0.1668207628131608,3.683078130470246e-05,0.7757348374908829,0.0,0.0,0.060066917188772426,0.16419824532034466,0.0
2016-09-09,668482572.0053169,4677279.605316851,3578738.4,660226554.0,0.9876496136906749,Bull,1.0,4018197.33,0.0,0.0,0.772083096275388,0.0,0.0,0.049978116706585245,0.16555225915316726,3.614155553453657e-05,0.7757348374908829,0.0,0.0,0.060066917188772426,0.16419824532034466,0.0
2016-09-10,661415591.1599989,87867.40999885183,3578738.4,657748985.35,0.9944564267020554,Bull,1.0,0.0,0.0,0.0,0.7791892604861965,0.0,0.0,0.05028744475416223,0.164944403273991,3.531818770560117e-05,0.7757348374908829,0.0,0.0,0.060066917188772426,0.16419824532034466,0.0
2016-09-12,657651669.2099988,87867.40999885183,3578738.4,653985063.4,0.9944246993025907,Bull,1.0,0.0,0.0,0.0,0.7793793696527991,0.0,0.0,0.05043657843953313,0.16457374787782936,3.50033324292367e-05,0.7757348374908829,0.0,0.0,0.060066917188772426,0.16419824532034466,0.0
2016-09-13,656846490.7599988,87867.40999885183,3578738.4,653179884.9499999,0.9944178649630045,Bull,1.0,0.0,0.0,0.0,0.7792988957857319,0.0,0.0,0.05030855833874602,0.16477548639221748,3.4924446309300464e-05,0.7757348374908829,0.0,0.0,0.060066917188772426,0.16419824532034466,0.0
2016-09-14,652978039.4599988,3666605.8099988517,0.0,649311433.65,0.99438479460499,Bull,1.0,3578738.4,0.0,0.0,0.779126207782928,0.0,0.0,0.05043492737862198,0.1647886965524692,3.496289097085103e-05,0.7757348374908829,0.0,0.0,0.060066917188772426,0.16419824532034466,0.0
2016-09-19,667802520.1583447,1046909.8083447265,0.0,666755610.35,0.9984323062930394,Bull,1.0,0.0,0.0,0.0,0.7807566827186745,0.0,0.0,0.05050594896228102,0.16713324168578358,3.643292630017484e-05,0.7757348374908829,0.0,0.0,0.060066917188772426,0.16419824532034466,0.0
2016-09-20,665819260.8083447,1046909.8083447265,0.0,664772351.0,0.9984276366426023,Bull,1.0,0.0,0.0,0.0,0.7812044673632864,0.0,0.0,0.04979174071917221,0.16739497722653318,3.6451333610467736e-05,0.7757348374908829,0.0,0.0,0.060066917188772426,0.16419824532034466,0.0
2016-09-21,667411693.5583447,1046909.8083447265,0.0,666364783.75,0.9984313882743602,Bull,1.0,0.0,0.0,0.0,0.780940922642729,0.0,0.0,0.04963383219042165,0.16781995443148254,3.667900972708979e-05,0.7757348374908829,0.0,0.0,0.060066917188772426,0.16419824532034466,0.0
2016-09-22,667114828.4583448,1046909.8083447265,0.0,666067918.6500001,0.9984306902444905,Bull,1.0,0.0,0.0,0.0,0.7803385960600112,0.0,0.0,0.04980701759663362,0.16824809644747452,3.69801403710522e-05,0.7757348374908829,0.0,0.0,0.060066917188772426,0.16419824532034466,0.0
2016-09-23,670742156.1083447,1046909.8083447265,0.0,669695246.3,0.998439176964187,Bull,1.0,0.0,0.0,0.0,0.7802751795661124,0.0,0.0,0.04961668160696955,0.1685100585533241,3.725723778119498e-05,0.7757348374908829,0.0,0.0,0.060066917188772426,0.16419824532034466,0.0
2016-09-26,666114317.8583447,1046909.8083447265,0.0,665067408.05,0.9984283331249947,Bull,1.0,0.0,0.0,0.0,0.7806378186282756,0.0,0.0,0.050196939329430035,0.16755682471868938,3.6750448599734046e-05,0.7757348374908829,0.0,0.0,0.060066917188772426,0.16419824532034466,0.0
2016-09-29,669610025.0583447,1046909.8083447265,0.0,668563115.25,0.9984365380308434,Bull,1.0,0.0,0.0,0.0,0.7796056595844935,0.0,0.0,0.049998504722331256,0.16879496388984278,3.740983417597031e-05,0.7757348374908829,0.0,0.0,0.060066917188772426,0.16419824532034466,0.0
2016-09-30,661369989.3583447,1046909.8083447265,0.0,660323079.55,0.9984170587943363,Bull,1.0,0.0,0.0,0.0,0.7794543263901965,0.0,0.0,0.0502857712553092,0.1686399470713945,3.7014077436066126e-05,0.7757348374908829,0.0,0.0,0.060066917188772426,0.16419824532034466,0.0
2016-10-03,662209295.9583447,1046909.8083447265,0.0,661162386.15,0.9984190650678957,Bull,1.0,0.0,0.0,0.0,0.7784698573340888,0.0,0.0,0.05029875026413886,0.16961314298291771,3.7314486750355654e-05,0.7757348374908829,0.0,0.0,0.060066917188772426,0.16419824532034466,0.0
2016-10-04,666769726.7583448,1046909.8083447265,0.0,665722816.95,0.9984298780128569,Bull,1.0,0.0,0.0,0.0,0.7792713677570953,0.0,0.0,0.04996057658759489,0.1691603494783117,3.7584189854921855e-05,0.7757348374908829,0.0,0.0,0.060066917188772426,0.16419824532034466,0.0
2016-10-05,666167022.3083447,1046909.8083447265,0.0,665120112.5,0.9984284574689437,Bull,1.0,0.0,0.0,0.0,0.7793310462908165,0.0,0.0,0.05033647550400508,0.16872345258179863,3.7483092323417784e-05,0.7757348374908829,0.0,0.0,0.060066917188772426,0.16419824532034466,0.0
2016-10-06,665795425.2583448,1046909.8083447265,0.0,664748515.45,0.9984275803518198,Bull,1.0,0.0,0.0,0.0,0.778905915805555,0.0,0.0,0.05019424695961613,0.16928983847593254,3.757911071601556e-05,0.7757348374908829,0.0,0.0,0.060066917188772426,0.16419824532034466,0.0
2016-10-07,661916459.9583448,1046909.8083447265,0.0,660869550.1500001,0.9984183656523504,Bull,1.0,0.0,0.0,0.0,0.7780584882001729,0.0,0.0,0.050158897698494125,0.17016316531407633,3.781443960703918e-05,0.7757348374908829,0.0,0.0,0.060066917188772426,0.16419824532034466,0.0
2016-10-11,662917228.7083447,1046909.8083447265,0.0,661870318.9,0.9984207533565169,Bull,1.0,0.0,0.0,0.0,0.7784356425695415,0.0,0.0,0.05051580883672161,0.16943201222699816,3.728972325574562e-05,0.7757348374908829,0.0,0.0,0.060066917188772426,0.16419824532034466,0.0
2016-10-12,663500609.8083447,1046909.8083447265,0.0,662453700.0,0.9984221419048174,Bull,1.0,0.0,0.0,0.0,0.77672644513298,0.0,0.0,0.050479230169320585,0.1711784410157622,3.8025586754604196e-05,0.7757348374908829,0.0,0.0,0.060066917188772426,0.16419824532034466,0.0
2016-10-13,661262953.6583447,1046909.8083447265,0.0,660216043.85,0.9984168025706674,Bull,1.0,0.0,0.0,0.0,0.7771988752836351,0.0,0.0,0.05073019713929451,0.17045019591137597,3.7534236361929585e-05,0.7757348374908829,0.0,0.0,0.060066917188772426,0.16419824532034466,0.0
2016-10-14,657500958.3583447,1046909.8083447265,0.0,656454048.55,0.998407744057197,Bull,1.0,0.0,0.0,0.0,0.7767446450954946,0.0,0.0,0.05079779668062002,0.17082773579591468,3.7566485167825795e-05,0.7757348374908829,0.0,0.0,0.060066917188772426,0.16419824532034466,0.0
2016-10-17,658987331.5583447,1046909.8083447265,0.0,657940421.75,0.9984113354563751,Bull,1.0,0.0,0.0,0.0,0.7772060511980482,0.0,0.0,0.05072540608778067,0.17044242676773763,3.745140280866675e-05,0.7757348374908829,0.0,0.0,0.060066917188772426,0.16419824532034466,0.0
2016-10-18,661700289.2083447,1046909.8083447265,0.0,660653379.4,0.9984178489485063,Bull,1.0,0.0,0.0,0.0,0.7768511179207709,0.0,0.0,0.05059752964602116,0.17093146526400768,3.773611770651332e-05,0.7757348374908829,0.0,0.0,0.060066917188772426,0.16419824532034466,0.0
2016-10-19,662853193.6583447,1046909.8083447265,0.0,661806283.85,0.9984206007931157,Bull,1.0,0.0,0.0,0.0,0.7764199203892921,0.0,0.0,0.05037978291345839,0.17158278950470313,3.8107985662085825e-05,0.7757348374908829,0.0,0.0,0.060066917188772426,0.16419824532034466,0.0
2016-10-20,663843691.9583448,1046909.8083447265,0.0,662796782.1500001,0.998422957360254,Bull,1.0,0.0,0.0,0.0,0.7762228343691692,0.0,0.0,0.05012460072014656,0.17203718493293488,3.833733800335177e-05,0.7757348374908829,0.0,0.0,0.060066917188772426,0.16419824532034466,0.0
2016-10-21,663653980.9083447,1046909.8083447265,0.0,662607071.1,0.9984225065494042,Bull,1.0,0.0,0.0,0.0,0.7760645696648514,0.0,0.0,0.05035169073236524,0.17196792799132135,3.8318160866290444e-05,0.7757348374908829,0.0,0.0,0.060066917188772426,0.16419824532034466,0.0
2016-10-24,663036530.9083447,1046909.8083447265,0.0,661989621.1,0.9984210375152174,Bull,1.0,0.0,0.0,0.0,0.7757019668213382,0.0,0.0,0.05031532720270531,0.1723651634148016,3.858007637219625e-05,0.7757348374908829,0.0,0.0,0.060066917188772426,0.16419824532034466,0.0
2016-10-25,665962272.5583447,1046909.8083447265,0.0,664915362.75,0.9984279742990201,Bull,1.0,0.0,0.0,0.0,0.7748966781069252,0.0,0.0,0.05023197466050035,0.17326026526508856,3.905626650602985e-05,0.7757348374908829,0.0,0.0,0.060066917188772426,0.16419824532034466,0.0
2016-10-26,662982719.8583447,1046909.8083447265,0.0,661935810.05,0.9984209093585902,Bull,1.0,0.0,0.0,0.0,0.7748416884225285,0.0,0.0,0.0504498820227871,0.1730904842052583,3.885470801637783e-05,0.7757348374908829,0.0,0.0,0.060066917188772426,0.16419824532034466,0.0
2016-10-27,660189520.5083447,1046909.8083447265,0.0,659142610.6999999,0.9984142283756056,Bull,1.0,0.0,0.0,0.0,0.775136131070308,0.0,0.0,0.05036917274057168,0.17287035988108726,3.8564683638716124e-05,0.7757348374908829,0.0,0.0,0.060066917188772426,0.16419824532034466,0.0
2016-10-28,663355093.6583447,1046909.8083447265,0.0,662308183.85,0.9984217957797368,Bull,1.0,0.0,0.0,0.0,0.7761260428568708,0.0,0.0,0.05021202116095486,0.1720454114109512,3.832035095986216e-05,0.7757348374908829,0.0,0.0,0.060066917188772426,0.16419824532034466,0.0
2016-10-31,661334750.4583447,1046909.8083447265,0.0,660287840.65,0.9984169744480853,Bull,1.0,0.0,0.0,0.0,0.7757474868732367,0.0,0.0,0.05005997337514062,0.17257100117739613,3.851302231184398e-05,0.7757348374908829,0.0,0.0,0.060066917188772426,0.16419824532034466,0.0
2016-11-01,660148923.7083447,1046909.8083447265,0.0,659102013.9,0.9984141308563168,Bull,1.0,0.0,0.0,0.0,0.7754632106711847,0.0,0.0,0.05003143807985959,0.17288099079052902,3.84913147434384e-05,0.7757348374908829,0.0,0.0,0.060066917188772426,0.16419824532034466,0.0
2016-11-02,657779360.5083448,1046909.8083447265,0.0,656732450.7,0.9984084179723492,Bull,1.0,0.0,0.0,0.0,0.7768823124901273,0.0,0.0,0.05001616343598033,0.17147239146091922,3.7550585322274866e-05,0.7757348374908829,0.0,0.0,0.060066917188772426,0.16419824532034466,0.0
2016-11-03,656889894.5583447,1046909.8083447265,0.0,655842984.75,0.9984062628805569,Bull,1.0,0.0,0.0,0.0,0.7779444911290396,0.0,0.0,0.05003623936413083,0.17038837243074492,3.7159956641457986e-05,0.7757348374908829,0.0,0.0,0.060066917188772426,0.16419824532034466,0.0
2016-11-04,655386080.2583447,1046909.8083447265,0.0,654339170.4499999,0.9984026059755007,Bull,1.0,0.0,0.0,0.0,0.7779924319555426,0.0,0.0,0.05007353831357506,0.1702996193571948,3.701634918830901e-05,0.7757348374908829,0.0,0.0,0.060066917188772426,0.16419824532034466,0.0
2016-11-07,658481785.1583447,1046909.8083447265,0.0,657434875.35,0.9984101157663868,Bull,1.0,0.0,0.0,0.0,0.7761271562388082,0.0,0.0,0.05035872023707681,0.1718863035410808,3.7935749420909304e-05,0.7757348374908829,0.0,0.0,0.060066917188772426,0.16419824532034466,0.0
2016-11-08,665536263.2083447,1046909.8083447265,0.0,664489353.4,0.9984269680463422,Bull,1.0,0.0,0.0,0.0,0.7775909773950109,0.0,0.0,0.049907122776271795,0.17089106377423005,3.7804100829474584e-05,0.7757348374908829,0.0,0.0,0.060066917188772426,0.16419824532034466,0.0
2016-11-09,652156509.8583447,1046909.8083447265,0.0,651109600.05,0.998394695456506,Bull,1.0,0.0,0.0,0.0,0.7789894179854894,0.0,0.0,0.05063661789893494,0.16873250260723743,3.615696484440802e-05,0.7818011281181623,0.0,0.0,0.0692326060628849,0.1489662658189529,0.0
2016-11-10,661935499.1071843,786201.4571843515,0.0,661149297.65,0.9988122687811052,Bull,1.0,0.0,0.0,0.0,0.7800477513994021,0.0,0.0,0.05393743053236484,0.16478946989113988,3.7616958198472526e-05,0.7818011281181623,0.0,0.0,0.0692326060628849,0.1489662658189529,0.0
2016-11-11,653174216.693455,107626.44345497835,0.0,653066590.25,0.9998352255176272,Bull,1.0,0.0,0.0,0.0,0.7834424984508542,0.0,0.0,0.05698969593202713,0.15936682333689406,3.620779785173198e-05,0.7818011281181623,0.0,0.0,0.0692326060628849,0.1489662658189529,0.0
2016-11-14,654329052.843455,107626.44345497835,0.0,654221426.4,0.9998355163308319,Bull,1.0,0.0,0.0,0.0,0.7836727471776804,0.0,0.0,0.056927626609469435,0.15919910562938402,3.603691429798304e-05,0.7818011281181623,0.0,0.0,0.0692326060628849,0.1489662658189529,0.0
2016-11-15,653759286.693455,107626.44345497835,0.0,653651660.25,0.9998353729795575,Bull,1.0,0.0,0.0,0.0,0.784674574711683,0.0,0.0,0.05624149552959322,0.15888324971313927,3.605302514203806e-05,0.7818011281181623,0.0,0.0,0.0692326060628849,0.1489662658189529,0.0
2016-11-16,654515777.7434549,107626.44345497835,0.0,654408151.3,0.9998355632558988,Bull,1.0,0.0,0.0,0.0,0.7838789357666184,0.0,0.0,0.056993736848650056,0.15892665010861182,3.6240532018614424e-05,0.7818011281181623,0.0,0.0,0.0692326060628849,0.1489662658189529,0.0
2016-11-17,656843709.393455,107626.44345497835,0.0,656736082.95,0.9998361460391325,Bull,1.0,0.0,0.0,0.0,0.7837667859000884,0.0,0.0,0.05721741635419625,0.1588158621421966,3.608164265116452e-05,0.7818011281181623,0.0,0.0,0.0692326060628849,0.1489662658189529,0.0
2016-11-18,655052770.4934549,107626.44345497835,0.0,654945144.05,0.9998356980562437,Bull,1.0,0.0,0.0,0.0,0.7829405158666135,0.0,0.0,0.05715493726069827,0.15970377458474588,3.64703441861692e-05,0.7818011281181623,0.0,0.0,0.0692326060628849,0.1489662658189529,0.0
2016-11-21,658869088.143455,107626.44345497835,0.0,658761461.7,0.9998366497299817,Bull,1.0,0.0,0.0,0.0,0.7837449365777012,0.0,0.0,0.057051090537450944,0.15900427244993173,3.635016489768205e-05,0.7818011281181623,0.0,0.0,0.0692326060628849,0.1489662658189529,0.0
2016-11-22,660800544.8934549,107626.44345497835,0.0,660692918.4499999,0.9998371271871873,Bull,1.0,0.0,0.0,0.0,0.7822948882909133,0.0,0.0,0.05682909962801992,0.16067586629656794,3.7272971686140565e-05,0.7818011281181623,0.0,0.0,0.0692326060628849,0.1489662658189529,0.0
2016-11-23,663105355.7434549,107626.44345497835,0.0,662997729.3,0.9998376932978708,Bull,1.0,0.0,0.0,0.0,0.7816231535619229,0.0,0.0,0.057275363064167,0.16090173164168883,3.744503009203011e-05,0.7818011281181623,0.0,0.0,0.0692326060628849,0.1489662658189529,0.0
2016-11-24,664540516.793455,107626.44345497835,0.0,664432890.35,0.9998380438201506,Bull,1.0,0.0,0.0,0.0,0.7830333549274493,0.0,0.0,0.0571078798673089,0.15965979096648059,3.7018058911893095e-05,0.7818011281181623,0.0,0.0,0.0692326060628849,0.1489662658189529,0.0
2016-11-25,665249738.293455,107626.44345497835,0.0,665142111.85,0.9998382164813306,Bull,1.0,0.0,0.0,0.0,0.7834402959510757,0.0,0.0,0.056982961161689424,0.15937789058284416,3.706878572137368e-05,0.7818011281181623,0.0,0.0,0.0692326060628849,0.1489662658189529,0.0
2016-11-28,670179339.143455,107626.44345497835,0.0,670071712.7,0.999839406503351,Bull,1.0,0.0,0.0,0.0,0.7840310376794932,0.0,0.0,0.056678560172487166,0.15909249028218309,3.731836918751459e-05,0.7818011281181623,0.0,0.0,0.0692326060628849,0.1489662658189529,0.0
2016-11-29,666386870.443455,107626.44345497835,0.0,666279244.0,0.9998384925510562,Bull,1.0,0.0,0.0,0.0,0.7831045705518304,0.0,0.0,0.05692158966871277,0.15977490662315577,3.742570735735442e-05,0.7818011281181623,0.0,0.0,0.0692326060628849,0.1489662658189529,0.0
2016-11-30,669179332.343455,107626.44345497835,0.0,669071705.9,0.99983916651598,Bull,1.0,0.0,0.0,0.0,0.7838629804406129,0.0,0.0,0.056719773258806075,0.15921920306007803,3.720975648306503e-05,0.7818011281181623,0.0,0.0,0.0692326060628849,0.1489662658189529,0.0
2016-12-01,668820747.443455,107626.44345497835,0.0,668713121.0,0.9998390802859116,Bull,1.0,0.0,0.0,0.0,0.783592723466325,0.0,0.0,0.056237639373141544,0.1599711139479051,3.7603498539982556e-05,0.7818011281181623,0.0,0.0,0.0692326060628849,0.1489662658189529,0.0
2016-12-02,668921416.343455,107626.44345497835,0.0,668813789.9,0.9998391045034208,Bull,1.0,0.0,0.0,0.0,0.7855726204319808,0.0,0.0,0.05605994827462055,0.1581698498731812,3.668592363830079e-05,0.7818011281181623,0.0,0.0,0.0692326060628849,0.1489662658189529,0.0
2016-12-05,665527959.943455,107626.44345497835,0.0,665420333.5,0.9998382841143681,Bull,1.0,0.0,0.0,0.0,0.7846588497113909,0.0,0.0,0.056389516682647786,0.15875305976472676,3.6857955602773076e-05,0.7818011281181623,0.0,0.0,0.0692326060628849,0.1489662658189529,0.0
2016-12-06,671359548.643455,107626.44345497835,0.0,671251922.2,0.9998396888170096,Bull,1.0,0.0,0.0,0.0,0.7845363237392822,0.0,0.0,0.055899703930376,0.15936617005922887,3.749108812239038e-05,0.7818011281181623,0.0,0.0,0.0692326060628849,0.1489662658189529,0.0
2016-12-07,673116930.7434549,107626.44345497835,0.0,673009304.3,0.9998401073594507,Bull,1.0,0.0,0.0,0.0,0.7848503137731199,0.0,0.0,0.05600230551081936,0.15895009486959089,3.7393205920700636e-05,0.7818011281181623,0.0,0.0,0.0692326060628849,0.1489662658189529,0.0
2016-12-08,682563367.4934549,107626.44345497835,0.0,682455741.05,0.9998423202173152,Bull,1.0,0.0,0.0,0.0,0.7858175615543025,0.0,0.0,0.05527750505942849,0.15870966002440612,3.759357917819411e-05,0.7818011281181623,0.0,0.0,0.0692326060628849,0.1489662658189529,0.0
2016-12-09,684575402.393455,107626.44345497835,0.0,684467775.95,0.9998427836538113,Bull,1.0,0.0,0.0,0.0,0.7862925165994049,0.0,0.0,0.0547266230557135,0.15878586875887327,3.7775239819582565e-05,0.7818011281181623,0.0,0.0,0.0692326060628849,0.1489662658189529,0.0
2016-12-12,683406627.943455,107626.44345497835,0.0,683299001.5,0.9998425147795554,Bull,1.0,0.0,0.0,0.0,0.7870068558136684,0.0,0.0,0.05439294627835487,0.15840510696503957,3.7605722492534e-05,0.7818011281181623,0.0,0.0,0.0692326060628849,0.1489662658189529,0.0
2016-12-13,685372972.343455,107626.44345497835,0.0,685265345.9,0.9998429666067995,Bull,1.0,0.0,0.0,0.0,0.7875312533181108,0.0,0.0,0.05410659815370837,0.15816745680726466,3.765832771570989e-05,0.7818011281181623,0.0,0.0,0.0692326060628849,0.1489662658189529,0.0
2016-12-14,680660015.2204098,42569.07040973101,0.0,680617446.15,0.9999374591287017,Bull,1.0,0.0,0.0,0.0,0.7817934567196299,0.0,0.0,0.05422016744739934,0.16388593057560158,3.79043860709895e-05,0.7818011281181623,0.0,0.0,0.0692326060628849,0.1489662658189529,0.0
2016-12-15,679848171.8628752,86878.01287523183,0.0,679761293.85,0.9998722096837634,Bull,1.0,0.0,0.0,0.0,0.7856128264440299,0.0,0.0,0.061531532673500366,0.15268997446232388,3.787610390926189e-05,0.7818011281181623,0.0,0.0,0.0692326060628849,0.1489662658189529,0.0
2016-12-16,676772389.3128752,86878.01287523183,0.0,676685511.3,0.9998716289047144,Bull,1.0,0.0,0.0,0.0,0.7865658524285676,0.0,0.0,0.061355044407409375,0.15191311233069552,3.761973804198699e-05,0.7818011281181623,0.0,0.0,0.0692326060628849,0.1489662658189529,0.0
2016-12-19,672687385.5128752,86878.01287523183,0.0,672600507.5,0.999870849350313,Bull,1.0,0.0,0.0,0.0,0.7866635362822209,0.0,0.0,0.06128567427880054,0.15188437036336316,3.7268425928465935e-05,0.7818011281181623,0.0,0.0,0.0692326060628849,0.1489662658189529,0.0
2016-12-20,671420364.4628752,86878.01287523183,0.0,671333486.45,0.9998706056332612,Bull,1.0,0.0,0.0,0.0,0.7864217030003351,0.0,0.0,0.0614524107159121,0.15195919784414202,3.7294072871965344e-05,0.7818011281181623,0.0,0.0,0.0692326060628849,0.1489662658189529,0.0
2016-12-21,669167745.1128752,86878.01287523183,0.0,669080867.1,0.9998701700530104,Bull,1.0,0.0,0.0,0.0,0.786108865739289,0.0,0.0,0.06135950260584367,0.1523644866995223,3.731500835532361e-05,0.7818011281181623,0.0,0.0,0.0692326060628849,0.1489662658189529,0.0
2016-12-22,664379543.6628752,86878.01287523183,0.0,664292665.65,0.9998692343650495,Bull,1.0,0.0,0.0,0.0,0.7864147393362851,0.0,0.0,0.06188149588913561,0.15153627314432583,3.672599530304209e-05,0.7818011281181623,0.0,0.0,0.0692326060628849,0.1489662658189529,0.0
2016-12-23,662007294.3128752,86878.01287523183,0.0,661920416.3,0.9998687657770216,Bull,1.0,0.0,0.0,0.0,0.7865193794283446,0.0,0.0,0.06177046741221186,0.15154228792014818,3.6631016317078624e-05,0.7818011281181623,0.0,0.0,0.0692326060628849,0.1489662658189529,0.0
2016-12-26,666086447.4628751,86878.01287523183,0.0,665999569.4499999,0.9998695694632339,Bull,1.0,0.0,0.0,0.0,0.7871852541771226,0.0,0.0,0.061499825069302544,0.15114794841342474,3.654180338409694e-05,0.7818011281181623,0.0,0.0,0.0692326060628849,0.1489662658189529,0.0
2016-12-27,664848409.1628752,86878.01287523183,0.0,664761531.15,0.9998693265838079,Bull,1.0,0.0,0.0,0.0,0.7868599276768969,0.0,0.0,0.0616502941649646,0.1513224648107014,3.663993124488663e-05,0.7818011281181623,0.0,0.0,0.0692326060628849,0.1489662658189529,0.0
2016-12-28,671381521.6628752,86878.01287523183,0.0,671294643.65,0.9998705981471459,Bull,1.0,0.0,0.0,0.0,0.7870430844465983,0.0,0.0,0.061140199239221656,0.15165028633469757,3.7028126628249836e-05,0.7818011281181623,0.0,0.0,0.0692326060628849,0.1489662658189529,0.0
2016-12-29,667030236.3628752,86878.01287523183,0.0,666943358.35,0.9998697540109293,Bull,1.0,0.0,0.0,0.0,0.7862491529764623,0.0,0.0,0.061690156992544744,0.15189341423629504,3.702980562722617e-05,0.7818011281181623,0.0,0.0,0.0692326060628849,0.1489662658189529,0.0
2016-12-30,672694036.1128752,86878.01287523183,0.0,672607158.1,0.999870850627163,Bull,1.0,0.0,0.0,0.0,0.7861442494062246,0.0,0.0,0.06191224801197976,0.1517771743450809,3.7178863877727954e-05,0.7818011281181623,0.0,0.0,0.0692326060628849,0.1489662658189529,0.0
2017-01-03,672769821.6628752,86878.01287523183,0.0,672682943.65,0.9998708651754615,Bull,1.0,0.0,0.0,0.0,0.7859676023265044,0.0,0.0,0.061894571752753494,0.15197144210079233,3.7248995411327414e-05,0.7818011281181623,0.0,0.0,0.0692326060628849,0.1489662658189529,0.0
2017-01-04,675091663.9628752,86878.01287523183,0.0,675004785.95,0.9998713093087757,Bull,1.0,0.0,0.0,0.0,0.7859114017725106,0.0,0.0,0.06257920554374263,0.15134344779232614,3.7254200196113e-05,0.7818011281181623,0.0,0.0,0.0692326060628849,0.1489662658189529,0.0
2017-01-05,680755393.7128752,86878.01287523183,0.0,680668515.7,0.9998723799860015,Bull,1.0,0.0,0.0,0.0,0.7858106313082341,0.0,0.0,0.06258224377428717,0.1514420612045606,3.7443698919484456e-05,0.7818011281181623,0.0,0.0,0.0692326060628849,0.1489662658189529,0.0
2017-01-06,681159490.3128752,86878.01287523183,0.0,681072612.3,0.9998724556963373,Bull,1.0,0.0,0.0,0.0,0.7861462842630796,0.0,0.0,0.06202321277296522,0.15166536100458308,3.759765570943837e-05,0.7818011281181623,0.0,0.0,0.0692326060628849,0.1489662658189529,0.0
2017-01-09,679308482.4628752,86878.01287523183,0.0,679221604.45,0.9998721081583433,Bull,1.0,0.0,0.0,0.0,0.7862884510340128,0.0,0.0,0.061886169664159184,0.15165996400704498,3.7523453126309294e-05,0.7818011281181623,0.0,0.0,0.0692326060628849,0.1489662658189529,0.0
2017-01-10,681201785.2128752,86878.01287523183,0.0,681114907.2,0.9998724636153911,Bull,1.0,0.0,0.0,0.0,0.7870219204320824,0.0,0.0,0.06167908087156591,0.15113407250955355,3.738980218914229e-05,0.7818011281181623,0.0,0.0,0.0692326060628849,0.1489662658189529,0.0
2017-01-11,683115504.5628752,86878.01287523183,0.0,683028626.55,0.9998728209032076,Bull,1.0,0.0,0.0,0.0,0.7874466806227923,0.0,0.0,0.06167814918351334,0.15071067676304523,3.73143338567773e-05,0.7818011281181623,0.0,0.0,0.0692326060628849,0.1489662658189529,0.0
2017-01-12,687083567.1128752,86878.01287523183,0.0,686996689.1,0.9998735553911727,Bull,1.0,0.0,0.0,0.0,0.7871032214792522,0.0,0.0,0.0613401368003846,0.15139250155128736,3.769556024870714e-05,0.7818011281181623,0.0,0.0,0.0692326060628849,0.1489662658189529,0.0
2017-01-13,685803483.9128752,86878.01287523183,0.0,685716605.9,0.9998733193765953,Bull,1.0,0.0,0.0,0.0,0.7875177781520462,0.0,0.0,0.06178344233285183,0.1505346683440227,3.7430547674588846e-05,0.7818011281181623,0.0,0.0,0.0692326060628849,0.1489662658189529,0.0
2017-01-16,680331352.0128752,86878.01287523183,0.0,680244474.0,0.9998723004421035,Bull,1.0,0.0,0.0,0.0,0.7869657666311219,0.0,0.0,0.06237813364684812,0.15049137408864025,3.702607549317128e-05,0.7863508460886217,0.0,0.0,0.07673406080229116,0.13691509310908717,0.0
2017-01-17,680950301.3628752,86878.01287523183,0.0,680863423.35,0.9998724165145366,Bull,1.0,0.0,0.0,0.0,0.786463846595189,0.0,0.0,0.06239016256394923,0.15098106248610457,3.734486929384362e-05,0.7863508460886217,0.0,0.0,0.07673406080229116,0.13691509310908717,0.0
2017-01-18,678710883.7128752,86878.01287523183,0.0,678624005.7,0.9998719955507418,Bull,1.0,0.0,0.0,0.0,0.7862743747096869,0.0,0.0,0.06239534537641988,0.15116495471347594,3.732075115906895e-05,0.7863508460886217,0.0,0.0,0.07673406080229116,0.13691509310908717,0.0
2017-01-19,677352618.2128752,86878.01287523183,0.0,677265740.2,0.9998717388690334,Bull,1.0,0.0,0.0,0.0,0.7865972698322884,0.0,0.0,0.06218902661237148,0.1510482092324999,3.723319187359216e-05,0.7863508460886217,0.0,0.0,0.07673406080229116,0.13691509310908717,0.0
2017-01-20,678207683.1128752,86878.01287523183,0.0,678120805.1,0.9998719005770085,Bull,1.0,0.0,0.0,0.0,0.7865340785459958,0.0,0.0,0.06202333156553035,0.15127711253445736,3.73779310249733e-05,0.7863508460886217,0.0,0.0,0.07673406080229116,0.13691509310908717,0.0
2017-01-23,683463256.2628752,86878.01287523183,0.0,683376378.25,0.9998728856129732,Bull,1.0,0.0,0.0,0.0,0.7866391694408983,0.0,0.0,0.061833755674124254,0.15136219694626954,3.776355168107662e-05,0.7863508460886217,0.0,0.0,0.07673406080229116,0.13691509310908717,0.0
2017-01-24,683282346.2628752,86878.01287523183,0.0,683195468.25,0.9998728519573931,Bull,1.0,0.0,0.0,0.0,0.7854969782045449,0.0,0.0,0.061790854440949824,0.15254689451598857,3.812479590973939e-05,0.7863508460886217,0.0,0.0,0.07673406080229116,0.13691509310908717,0.0
2017-02-02,679231155.3367968,1205313.4867967307,0.0,678025841.85,0.9982254737914679,Bull,1.0,0.0,0.0,0.0,0.7931175824567125,0.0,0.0,0.06414929535791791,0.14092065602105427,3.79399557831265e-05,0.7863508460886217,0.0,0.0,0.07673406080229116,0.13691509310908717,0.0
2017-02-03,681035207.8867967,1205313.4867967307,0.0,679829894.4,0.9982301744860788,Bull,1.0,0.0,0.0,0.0,0.7936138515908265,0.0,0.0,0.06412737475866215,0.1404509618479218,3.7986288668206673e-05,0.7863508460886217,0.0,0.0,0.07673406080229116,0.13691509310908717,0.0
2017-02-06,688170175.4867967,1205313.4867967307,0.0,686964862.0,0.9982485240864382,Bull,1.0,0.0,0.0,0.0,0.7943526346710852,0.0,0.0,0.0640998427006756,0.1397579456737809,3.810104089653774e-05,0.7863508460886217,0.0,0.0,0.07673406080229116,0.13691509310908717,0.0
2017-02-07,692886353.5367967,1205313.4867967307,0.0,691681040.05,0.9982604456262643,Bull,1.0,0.0,0.0,0.0,0.7956904292252325,0.0,0.0,0.06363063693627588,0.13890142230213354,3.795716262234525e-05,0.7863508460886217,0.0,0.0,0.07673406080229116,0.13691509310908717,0.0
2017-02-08,692462550.7867968,1205313.4867967307,2232100.0,689025137.3000001,0.9950359575649382,Bull,1.0,0.0,0.0,0.0,0.7954011472160928,0.0,0.0,0.06354942942401652,0.1360474294139926,3.795151083641978e-05,0.7863508460886217,0.0,0.0,0.07673406080229116,0.13691509310908717,0.0
2017-02-09,693057371.8367968,1205313.4867967307,2232100.0,689619958.35,0.9950402179870238,Bull,1.0,0.0,0.0,0.0,0.7950277577882126,0.0,0.0,0.06356977328332176,0.13640429182573016,3.83950897592735e-05,0.7863508460886217,0.0,0.0,0.07673406080229116,0.13691509310908717,0.0
2017-02-10,697712888.8367968,1205313.4867967307,2232100.0,694275475.35,0.9950733123297644,Bull,1.0,0.0,0.0,0.0,0.7948026677198369,0.0,0.0,0.06323217000269533,0.13699961908308503,3.8855524147184483e-05,0.7863508460886217,0.0,0.0,0.07673406080229116,0.13691509310908717,0.0
2017-02-13,699422679.8867967,1205313.4867967307,2232100.0,695985266.4,0.9950853559862356,Bull,1.0,0.0,0.0,0.0,0.7950907546921511,0.0,0.0,0.06300925215512436,0.1369463026499266,3.904648903352718e-05,0.7863508460886217,0.0,0.0,0.07673406080229116,0.13691509310908717,0.0
2017-02-14,700499438.1867968,1205313.4867967307,2232100.0,697062024.7,0.9950929104301721,Bull,1.0,0.0,0.0,0.0,0.7945052977352839,0.0,0.0,0.06334409077451326,0.1372043926955594,3.912922481558192e-05,0.7897631345664663,0.0,0.0,0.06670209990193915,0.14353476553159464,0.0
2017-02-15,706475851.7867968,1205313.4867967307,2232100.0,703038438.3000001,0.995134421823332,Bull,1.0,0.0,0.0,0.0,0.7951523705717956,0.0,0.0,0.06259789331532038,0.13734468029528962,3.9477640926383365e-05,0.7897631345664663,0.0,0.0,0.06670209990193915,0.14353476553159464,0.0
2017-02-16,704946999.6367967,1205313.4867967307,2232100.0,701509586.15,0.9951238696120874,Bull,1.0,0.0,0.0,0.0,0.7953357294078399,0.0,0.0,0.06294444833847315,0.1368043981316153,3.929373415912347e-05,0.7897631345664663,0.0,0.0,0.06670209990193915,0.14353476553159464,0.0
2017-02-17,702713736.8867967,1205313.4867967307,2232100.0,699276323.4,0.9951083730026037,Bull,1.0,0.0,0.0,0.0,0.7947021441107289,0.0,0.0,0.06331454426536622,0.13705232293689282,3.936168961566191e-05,0.7897631345664663,0.0,0.0,0.06670209990193915,0.14353476553159464,0.0
2017-02-18,704837935.1867968,1205313.4867967307,2232100.0,701400521.7,0.995123115094698,Bull,1.0,0.0,0.0,0.0,0.7945768718472505,0.0,0.0,0.06358823463172697,0.1369187088013701,3.929981435045621e-05,0.7897631345664663,0.0,0.0,0.06670209990193915,0.14353476553159464,0.0
2017-02-20,703246888.5867968,1205313.4867967307,2232100.0,699809475.1,0.9951120814857719,Bull,1.0,0.0,0.0,0.0,0.7948326742308951,0.0,0.0,0.06375868948400751,0.13648165609786955,3.906167299965177e-05,0.7897631345664663,0.0,0.0,0.06670209990193915,0.14353476553159464,0.0
2017-02-21,703567401.9867967,1205313.4867967307,2232100.0,700129988.5,0.995114308199769,Bull,1.0,0.0,0.0,0.0,0.7947761322098513,0.0,0.0,0.06359959241096239,0.13669941178116846,3.917179778678432e-05,0.7897631345664663,0.0,0.0,0.06670209990193915,0.14353476553159464,0.0
2017-02-22,704935896.8867967,1205313.4867967307,2232100.0,701498483.4,0.9951237928129673,Bull,1.0,0.0,0.0,0.0,0.7951977135447522,0.0,0.0,0.06335966177527845,0.1365271656969617,3.925179597492314e-05,0.7897631345664663,0.0,0.0,0.06670209990193915,0.14353476553159464,0.0
2017-02-23,701297582.0367967,1205313.4867967307,2232100.0,697860168.55,0.995098495168323,Bull,1.0,0.0,0.0,0.0,0.7939658324970307,0.0,0.0,0.06423236177311739,0.1368610165762185,3.9284321956430854e-05,0.7897631345664663,0.0,0.0,0.06670209990193915,0.14353476553159464,0.0
2017-02-24,701672971.5367967,1205313.4867967307,2232100.0,698235558.05,0.9951011174347102,Bull,1.0,0.0,0.0,0.0,0.7939825112969796,0.0,0.0,0.06419799796668914,0.13688135911754046,3.924905350092392e-05,0.7897631345664663,0.0,0.0,0.06670209990193915,0.14353476553159464,0.0
2017-03-01,700421078.3367968,1205313.4867967307,2232100.0,696983664.85,0.995092361447832,Bull,1.0,0.0,0.0,0.0,0.795191823999023,0.0,0.0,0.06423550260200149,0.13562634383530284,3.869101150460951e-05,0.7897631345664663,0.0,0.0,0.06670209990193915,0.14353476553159464,0.0
2017-03-02,702398362.5867968,1205313.4867967307,2232100.0,698960949.1,0.9951061766799435,Bull,1.0,0.0,0.0,0.0,0.7953174848567063,0.0,0.0,0.06413169847677937,0.1356184112519607,3.8582094497196666e-05,0.7897631345664663,0.0,0.0,0.06670209990193915,0.14353476553159464,0.0
2017-03-03,700999395.9867967,1205313.4867967307,2232100.0,697561982.5,0.9950964102016695,Bull,0.9999999999999999,0.0,0.0,0.0,0.7955654108873214,0.0,0.0,0.06444656052292932,0.13504619339469878,3.824539672000654e-05,0.7923223509248496,0.0,0.0,0.07934983721587026,0.12832781185928002,0.0
2017-03-06,702574602.5867968,1205313.4867967307,2232100.0,699137189.1,0.9951074042896789,Bull,1.0,0.0,0.0,0.0,0.7956653955918351,0.0,0.0,0.06456680875309012,0.13483685526235145,3.834468240213936e-05,0.7942417631936373,0.0,0.0,0.08939071295580814,0.11636752385055461,0.0
2017-03-07,703873371.4533772,1674224.0533772293,2232100.0,699967047.4,0.994450246007586,Bull,1.0,0.0,0.0,0.0,0.8023082422253642,0.0,0.0,0.0707483789267037,0.12135499574820598,3.8629107312096965e-05,0.7956813223952279,0.0,0.0,0.09839233389079417,0.10592634371397788,0.0
2017-03-08,702922534.365942,1456931.8659419827,2232100.0,699233502.5,0.9947518656955996,Bull,1.0,0.0,0.0,0.0,0.7964654640144739,0.0,0.0,0.0708755197967002,0.12737200135540006,3.8880529025367655e-05,0.7956813223952279,0.0,0.0,0.09839233389079417,0.10592634371397788,0.0
2017-03-09,701581478.1348476,967103.3348476053,2232100.0,698382274.8000001,0.9954400116956442,Bull,1.0,0.0,0.0,0.0,0.8005064162940368,0.0,0.0,0.08459929723029544,0.110296098759219,3.819941209287298e-05,0.7956813223952279,0.0,0.0,0.09839233389079417,0.10592634371397788,0.0
2017-03-10,701044395.3848475,967103.3348476053,2232100.0,697845192.05,0.995436518206395,Bull,1.0,0.0,0.0,0.0,0.8004599362668678,0.0,0.0,0.0846344402588493,0.11030399858991781,3.8143090760066235e-05,0.7956813223952279,0.0,0.0,0.09839233389079417,0.10592634371397788,0.0
2017-03-13,704303111.9348476,967103.3348476053,2232100.0,701103908.6,0.9954576328279187,Bull,1.0,0.0,0.0,0.0,0.8003384182862222,0.0,0.0,0.0845246868730391,0.11055609251262685,3.8435156030524744e-05,0.7956813223952279,0.0,0.0,0.09839233389079417,0.10592634371397788,0.0
2017-03-14,706869299.7348475,3199203.3348476053,0.0,703670096.4,0.9954741232416692,Bull,1.0,2232100.0,0.0,0.0,0.8001678621665511,0.0,0.0,0.08435307633584656,0.11091442226930669,3.87624699647841e-05,0.7956813223952279,0.0,0.0,0.09839233389079417,0.10592634371397788,0.0
2017-03-15,707256429.4935591,237794.79355910514,0.0,707018634.7,0.9996637785340045,Bull,1.0,0.0,0.0,0.0,0.8050934299851219,0.0,0.0,0.08390577663958929,0.11062592963067934,3.86422786139534e-05,0.7956813223952279,0.0,0.0,0.09839233389079417,0.10592634371397788,0.0
2017-03-16,711701486.4935591,237794.79355910514,0.0,711463691.7,0.9996658784643957,Bull,1.0,0.0,0.0,0.0,0.8042731855460025,0.0,0.0,0.08398479016039112,0.11136860257312012,3.9300184882012504e-05,0.7956813223952279,0.0,0.0,0.09839233389079417,0.10592634371397788,0.0
2017-03-17,712126759.7435591,237794.79355910514,0.0,711888964.95,0.9996660779976241,Bull,1.0,0.0,0.0,0.0,0.8035714809482354,0.0,0.0,0.08445125699483158,0.11160372632060583,3.961373395118389e-05,0.7956813223952279,0.0,0.0,0.09839233389079417,0.10592634371397788,0.0
2017-03-20,711420850.3935591,237794.79355910514,0.0,711183055.6,0.9996657466625731,Bull,1.0,0.0,0.0,0.0,0.8029201776754272,0.0,0.0,0.08506680675231992,0.11163898268663824,3.977954818774906e-05,0.796760991796421,0.0,0.0,0.11153233938376207,0.09170666881981697,0.0
2017-03-21,714409100.0943252,378515.14432510873,0.0,714030584.95,0.9994701703207935,Bull,1.0,0.0,0.0,0.0,0.8066350986765343,0.0,0.0,0.09518705737513906,0.09760779921587383,4.021505324639161e-05,0.796760991796421,0.0,0.0,0.11153233938376207,0.09170666881981697,0.0
2017-03-22,710967001.1664048,2158568.3164048586,0.0,708808432.85,0.9969638980249949,Bull,1.0,0.0,0.0,0.0,0.8054928314682247,0.0,0.0,0.09865085142479632,0.09278039612496852,3.9819007005325024e-05,0.796760991796421,0.0,0.0,0.11153233938376207,0.09170666881981697,0.0
2017-03-23,711678860.0664048,2158568.3164048586,0.0,709520291.75,0.9969669348950404,Bull,1.0,0.0,0.0,0.0,0.8054325959555907,0.0,0.0,0.09861934074232752,0.09287496609613027,4.003210099193009e-05,0.796760991796421,0.0,0.0,0.11153233938376207,0.09170666881981697,0.0
2017-03-24,710179734.5664048,2158568.3164048586,0.0,708021166.25,0.9969605323675946,Bull,1.0,0.0,0.0,0.0,0.8050564785533744,0.0,0.0,0.09891833937346933,0.09294583721161921,3.987722913170787e-05,0.796760991796421,0.0,0.0,0.11153233938376207,0.09170666881981697,0.0
2017-03-27,711127255.6164048,2158568.3164048586,0.0,708968687.3,0.9969645822187848,Bull,0.9999999999999999,0.0,0.0,0.0,0.804852201599115,0.0,0.0,0.09931316714725397,0.09275948781181592,3.97256605999624e-05,0.7975707438473156,0.0,0.0,0.12351001284437632,0.07891924330830792,0.0
2017-03-28,713418692.8036222,1829184.0036222343,0.0,711589508.8,0.9974360301712394,Bull,0.9999999999999999,0.0,0.0,0.0,0.8104888400494461,0.0,0.0,0.10468719246267105,0.0822203014746997,3.9696184422511964e-05,0.7975707438473156,0.0,0.0,0.12351001284437632,0.07891924330830792,0.0
2017-03-29,716763992.6670333,1415966.6670333599,0.0,715348026.0,0.9980245008377658,Bull,0.9999999999999999,0.0,0.0,0.0,0.8029627909438802,0.0,0.0,0.11583589696109288,0.07918645548698267,3.9357445810066966e-05,0.7975707438473156,0.0,0.0,0.12351001284437632,0.07891924330830792,0.0
2017-03-30,717015600.9670334,1415966.6670333599,0.0,715599634.3000001,0.9980251940611563,Bull,0.9999999999999999,0.0,0.0,0.0,0.8031056556138667,0.0,0.0,0.11582858153712401,0.07905169695548378,3.925995468164753e-05,0.7975707438473156,0.0,0.0,0.12351001284437632,0.07891924330830792,0.0
2017-03-31,713604977.1670333,1415966.6670333599,0.0,712189010.5,0.9980157556178285,Bull,1.0,0.0,0.0,0.0,0.8031875320929004,0.0,0.0,0.11557444614164346,0.07921455400214863,3.9223381136043265e-05,0.7981780578854868,0.0,0.0,0.10793120676918874,0.09389073534532447,0.0
2017-04-05,719237523.0670333,1415966.6670333599,0.0,717821556.4,0.9980312947786772,Bull,1.0,0.0,0.0,0.0,0.8028058018132422,0.0,0.0,0.11557836922289218,0.07960728989199813,3.983385054471053e-05,0.7986335434141152,0.0,0.0,0.0947349941143838,0.1066314624715011,0.0
2017-04-06,717969711.9291197,114080.42911973596,0.0,717855631.5,0.9998411069057311,Bull,1.0,0.0,0.0,0.0,0.7994152844662935,0.0,0.0,0.10069853755493455,0.09968777068281942,3.9514201683762364e-05,0.7986335434141152,0.0,0.0,0.0947349941143838,0.1066314624715011,0.0
2017-04-07,717517843.6291196,114080.42911973596,0.0,717403763.1999999,0.9998410068402721,Bull,1.0,0.0,0.0,0.0,0.7992329365629264,0.0,0.0,0.10122047924642372,0.09934833068325245,3.926034766957084e-05,0.7989751575605863,0.0,0.0,0.10450278899776272,0.09652205344165092,0.0
2017-04-10,718948100.2291197,114080.42911973596,0.0,718834019.8,0.9998413231371175,Bull,1.0,0.0,0.0,0.0,0.7999790521968262,0.0,0.0,0.10053855066445637,0.0992844963040475,3.922397178741138e-05,0.7992313681704397,0.0,0.0,0.09399133252521769,0.10677729930434254,0.0
2017-04-11,719280494.6791197,114080.42911973596,0.0,719166414.25,0.9998413964649902,Bull,1.0,0.0,0.0,0.0,0.8004389504637479,0.0,0.0,0.10052615152904551,0.09883738058504557,3.8913887151196416e-05,0.7992313681704397,0.0,0.0,0.09399133252521769,0.10677729930434254,0.0
2017-04-12,718353494.6791197,114080.42911973596,0.0,718239414.25,0.9998411917948966,Bull,1.0,0.0,0.0,0.0,0.800238097967047,0.0,0.0,0.10039834222873217,0.09916580141622384,3.8950182893588266e-05,0.7992313681704397,0.0,0.0,0.09399133252521769,0.10677729930434254,0.0
2017-04-13,719762012.5291197,114080.42911973596,0.0,719647932.1,0.9998415025701081,Bull,1.0,0.0,0.0,0.0,0.8000851699251101,0.0,0.0,0.10027759001393526,0.09943953522707528,3.920740398738158e-05,0.7994235261278299,0.0,0.0,0.08376067708884838,0.1168157967833218,0.0
2017-04-14,711808952.6213732,790031.9213731121,0.0,711018920.7,0.9988901067927515,Bull,1.0,0.0,0.0,0.0,0.798780387077317,0.0,0.0,0.10066914687727459,0.09940181243777667,3.876040038326931e-05,0.7995676445958724,0.0,0.0,0.0946723552499935,0.10576000015413414,0.0
2017-04-17,711548973.7213731,790031.9213731121,0.0,710758941.8,0.9988897012706781,Bull,1.0,0.0,0.0,0.0,0.7977404546468673,0.0,0.0,0.10160467187787667,0.09950572991441764,3.8844831516576984e-05,0.7996757334469043,0.0,0.0,0.10992683351214232,0.09039743304095342,0.0
2017-04-18,712369878.6213732,790031.9213731121,0.0,711579846.7,0.9988909807319449,Bull,1.0,0.0,0.0,0.0,0.7984330244293052,0.0,0.0,0.10102813462478241,0.09939106372243474,3.875795542258575e-05,0.7996757334469043,0.0,0.0,0.10992683351214232,0.09039743304095342,0.0
2017-04-19,704680951.6713731,790031.9213731121,0.0,703890919.75,0.9988788799817856,Bull,1.0,0.0,0.0,0.0,0.7988946748379517,0.0,0.0,0.10056238902431337,0.09938341576268413,3.840035683640756e-05,0.7997568000851782,0.0,0.0,0.13244512513410672,0.06779807478071506,0.0
2017-04-20,703146343.3467133,827636.796713365,0.0,702318706.55,0.9988229522850477,Bull,1.0,0.0,0.0,0.0,0.7995280383230166,0.0,0.0,0.100380810720076,0.09887557641143634,3.852683051875338e-05,0.7998176000638837,0.0,0.0,0.11760287508784936,0.08257952484826697,0.0
2017-04-21,708946411.0799384,84611.37993836537,0.0,708861799.7,0.9998806519384033,Bull,0.9999999999999999,0.0,0.0,0.0,0.7999292482997773,0.0,0.0,0.10007357240433265,0.09983899896210777,3.883227218551475e-05,0.7998632000479127,0.0,0.0,0.10560051966037007,0.09453628029171718,0.0
2017-04-24,710588482.7299384,84611.37993836537,0.0,710503871.35,0.9998809277352578,Bull,1.0,0.0,0.0,0.0,0.800410343219931,0.0,0.0,0.09962010603949455,0.09981156706554062,3.8911410291613856e-05,0.7998974000359346,0.0,0.0,0.09434132600440762,0.10576127395965783,0.0
2017-04-25,716383328.6299384,84611.37993836537,0.0,716298717.25,0.9998818909143236,Bull,1.0,0.0,0.0,0.0,0.8004804750924447,0.0,0.0,0.09941688639824613,0.09994516502349522,3.936440013746782e-05,0.7998974000359346,0.0,0.0,0.09434132600440762,0.10576127395965783,0.0
2017-04-26,719903132.4299383,84611.37993836537,0.0,719818521.05,0.999882468382027,Bull,1.0,0.0,0.0,0.0,0.8015074460120576,0.0,0.0,0.09861160036959403,0.09972404170221726,3.938029815804288e-05,0.7998974000359346,0.0,0.0,0.09434132600440762,0.10576127395965783,0.0
2017-04-27,716226700.1799383,84611.37993836537,0.0,716142088.8,0.9998818650855699,Bull,1.0,0.0,0.0,0.0,0.8008070749888325,0.0,0.0,0.09886660184856291,0.1001687035431321,3.948470504226551e-05,0.799923050026951,0.0,0.0,0.08357676738843178,0.1165001825846173,0.0
2017-04-28,714417490.104714,28813.60471399175,0.0,714388676.5,0.999959668394023,Bull,0.9999999999999999,0.0,0.0,0.0,0.8000447419284543,0.0,0.0,0.09938544476226771,0.10048977102937011,3.971067393078763e-05,0.7999422875202131,0.0,0.0,0.07222468273314228,0.1278330297466445,0.0
2017-05-02,725206869.1324242,123603.03242424224,0.0,725083266.1,0.9998295616910358,Bull,0.9999999999999999,0.0,0.0,0.0,0.8015704633292058,0.0,0.0,0.08622918874832275,0.11199011407208527,3.9795541421892e-05,0.7999422875202131,0.0,0.0,0.07222468273314228,0.1278330297466445,0.0
2017-05-03,727051670.2489747,523305.8489747434,0.0,726528364.4,0.9992802356828429,Bull,0.9999999999999999,0.0,0.0,0.0,0.7997407724830407,0.0,0.0,0.08727371464296486,0.11222586143301012,3.988712382720903e-05,0.7999422875202131,0.0,0.0,0.07222468273314228,0.1278330297466445,0.0
2017-05-04,730794592.3551688,70219.25516874372,0.0,730724373.1,0.999903913827629,Bull,0.9999999999999999,0.0,0.0,0.0,0.8001831420446526,0.0,0.0,0.07628819449844097,0.12339281234880119,3.9764935734331126e-05,0.7999422875202131,0.0,0.0,0.07222468273314228,0.1278330297466445,0.0
2017-05-05,726575615.3551688,70219.25516874372,0.0,726505396.1,0.9999033558879697,Bull,0.9999999999999999,0.0,0.0,0.0,0.8004810976428023,0.0,0.0,0.07609380060597527,0.12328902609291613,3.943154627615069e-05,0.7999422875202131,0.0,0.0,0.07222468273314228,0.1278330297466445,0.0
2017-05-08,729549841.3051689,70219.25516874372,0.0,729479622.0500001,0.9999037498863091,Bull,0.9999999999999999,0.0,0.0,0.0,0.79964669858104,0.0,0.0,0.07653226255263447,0.1236850382128384,3.9750539796045784e-05,0.7999422875202131,0.0,0.0,0.07222468273314228,0.1278330297466445,0.0
2017-05-09,729560818.5551687,70219.25516874372,0.0,729490599.3,0.999903751334525,Bull,1.0,0.0,0.0,0.0,0.7993576744635723,0.0,0.0,0.07641446550049934,0.12409164211873587,3.996925171742203e-05,0.7974376090476332,0.0,0.0,0.06166851204985671,0.14089387890251012,0.0
2017-05-10,728630079.9198687,239705.5198687464,0.0,728390374.4,0.9996710189072964,Bull,1.0,0.0,0.0,0.0,0.7974348306672976,0.0,0.0,0.06552501923232514,0.1366708604878783,4.030851979543581e-05,0.7942557914411803,0.0,0.0,0.05375138403739253,0.15199282452142712,0.0
2017-05-11,730172162.8340206,2608963.9840206206,0.0,727563198.85,0.996426919407754,Bull,1.0,0.0,0.0,0.0,0.79486818094698,0.0,0.0,0.06468885340228592,0.1368293740646353,4.05109938527251e-05,0.7942557914411803,0.0,0.0,0.05375138403739253,0.15199282452142712,0.0
2017-05-12,730632232.6054809,1800963.7554808706,0.0,728831268.85,0.9975350611770049,Bull,1.0,0.0,0.0,0.0,0.7944790729803967,0.0,0.0,0.0666299648817804,0.13638571575832292,4.0307556504836136e-05,0.7942557914411803,0.0,0.0,0.05375138403739253,0.15199282452142712,0.0
2017-05-15,733641773.8388476,1663596.7388476226,0.0,731978177.1,0.9977324127412447,Bull,1.0,0.0,0.0,0.0,0.7948558382228831,0.0,0.0,0.0666537835545082,0.13618226709912798,4.052386472547093e-05,0.7942557914411803,0.0,0.0,0.05375138403739253,0.15199282452142712,0.0
2017-05-16,732426683.7626384,2328356.6126384977,0.0,730098327.15,0.996821037976556,Bull,1.0,0.0,0.0,0.0,0.7941460081190866,0.0,0.0,0.06622642385284751,0.13640819240329324,4.041360132858381e-05,0.7942557914411803,0.0,0.0,0.05375138403739253,0.15199282452142712,0.0
2017-05-17,732811550.0812036,1107015.7312034983,0.0,731704534.35,0.9984893582380342,Bull,1.0,0.0,0.0,0.0,0.7948186191735895,0.0,0.0,0.067650407522243,0.13598011656469924,4.021497750238025e-05,0.7942557914411803,0.0,0.0,0.05375138403739253,0.15199282452142712,0.0
2017-05-18,730404503.824188,664008.8241879982,0.0,729740495.0,0.999090902615316,Bull,1.0,0.0,0.0,0.0,0.7943301444094775,0.0,0.0,0.06900765224762685,0.13571301858218002,4.0087376031634986e-05,0.7942557914411803,0.0,0.0,0.05375138403739253,0.15199282452142712,0.0
2017-05-19,730063729.2906797,518517.6906796228,0.0,729545211.6,0.9992897637974928,Bull,1.0,0.0,0.0,0.0,0.7946494508961033,0.0,0.0,0.05758880809056068,0.1470114809076712,4.002390315759114e-05,0.7942557914411803,0.0,0.0,0.05375138403739253,0.15199282452142712,0.0
2017-05-22,732328012.6406797,518517.6906796228,0.0,731809494.95,0.9992919597752242,Bull,1.0,0.0,0.0,0.0,0.7946376144367557,0.0,0.0,0.05767087871964597,0.146943375294316,4.009132450653042e-05,0.7942557914411803,0.0,0.0,0.05375138403739253,0.15199282452142712,0.0
2017-05-23,732072313.7406796,518517.6906796228,0.0,731553796.05,0.9992917124702747,Bull,1.0,0.0,0.0,0.0,0.79414348164509,0.0,0.0,0.057533250758776196,0.14757456056215382,4.041950425471438e-05,0.7942557914411803,0.0,0.0,0.05375138403739253,0.15199282452142712,0.0
2017-05-24,731310772.0406797,518517.6906796228,0.0,730792254.35,0.9992909749035519,Bull,1.0,0.0,0.0,0.0,0.7943416760141562,0.0,0.0,0.05727729113454106,0.14763149146392499,4.05162909296676e-05,0.7942557914411803,0.0,0.0,0.05375138403739253,0.15199282452142712,0.0
2017-05-25,733805046.4906796,518517.6906796228,0.0,733286528.8,0.9992933849485508,Bull,0.9999999999999999,0.0,0.0,0.0,0.7934857242868465,0.0,0.0,0.057287014038726616,0.1484794912777748,4.1155345202962686e-05,0.7881466974189879,0.0,0.0,0.047813538028044396,0.1640397645529676,0.0
2017-05-26,734375388.5133077,1511232.0633076224,0.0,732864156.45,0.9979421531726886,Bull,0.9999999999999999,0.0,0.0,0.0,0.7897320028985293,0.0,0.0,0.05990124490562616,0.1482678364540901,4.1068914443139e-05,0.7881466974189879,0.0,0.0,0.047813538028044396,0.1640397645529676,0.0
2017-05-31,730807887.3794554,506625.82945549674,0.0,730301261.55,0.9993067592205769,Bull,1.0,0.0,0.0,0.0,0.7886929403797281,0.0,0.0,0.05114750489904305,0.1594256192523892,4.069468941645149e-05,0.7805211623572226,0.0,0.0,0.05957675729739395,0.15990208034538342,0.0
2017-06-01,732241200.7794555,506625.82945549674,0.0,731734574.95,0.9993081161932487,Bull,1.0,0.0,0.0,0.0,0.7878891331652405,0.0,0.0,0.05143250606481942,0.15994552051336308,4.095644982565344e-05,0.7805211623572226,0.0,0.0,0.05957675729739395,0.15990208034538342,0.0
2017-06-02,733230790.7794555,506625.82945549674,0.0,732724164.95,0.9993090499801339,Bull,1.0,0.0,0.0,0.0,0.7875900633361409,0.0,0.0,0.05132490407282886,0.1603527858875268,4.129668363737299e-05,0.7805211623572226,0.0,0.0,0.05957675729739395,0.15990208034538342,0.0
2017-06-03,733836170.7794555,506625.82945549674,0.0,733329544.95,0.9993096199810956,Bull,1.0,0.0,0.0,0.0,0.7874494443851388,0.0,0.0,0.051183086219510086,0.16063558147425702,4.150790218973049e-05,0.7805211623572226,0.0,0.0,0.05957675729739395,0.15990208034538342,0.0
2017-06-05,736987931.8294555,506625.82945549674,0.0,736481306.0,0.9993125724213722,Bull,1.0,0.0,0.0,0.0,0.7868745754906027,0.0,0.0,0.05120775845856483,0.16118852815555984,4.171031664479611e-05,0.7805211623572226,0.0,0.0,0.05957675729739395,0.15990208034538342,0.0
2017-06-06,737469773.5294555,506625.82945549674,0.0,736963147.7,0.9993130215669304,Bull,1.0,0.0,0.0,0.0,0.7872344312113175,0.0,0.0,0.05105700782799078,0.16097995370281878,4.1628824803317586e-05,0.7805211623572226,0.0,0.0,0.05957675729739395,0.15990208034538342,0.0
2017-06-07,736411285.2294555,506625.82945549674,0.0,735904659.4,0.9993120341314465,Bull,1.0,0.0,0.0,0.0,0.7870330765224638,0.0,0.0,0.05102583400564244,0.16121133988734188,4.178371599833984e-05,0.7805211623572226,0.0,0.0,0.05957675729739395,0.15990208034538342,0.0
2017-06-08,740549217.9294555,506625.82945549674,0.0,740042592.1,0.9993158782465911,Bull,1.0,0.0,0.0,0.0,0.7874518910849089,0.0,0.0,0.05089465910905916,0.16092752124323026,4.180680939284881e-05,0.7805211623572226,0.0,0.0,0.05957675729739395,0.15990208034538342,0.0
2017-06-09,738129258.5794555,506625.82945549674,0.0,737622632.75,0.9993136353510352,Bull,1.0,0.0,0.0,0.0,0.7873591596524419,0.0,0.0,0.05097345696932549,0.16093929162030704,4.172710896093621e-05,0.7805211623572226,0.0,0.0,0.05957675729739395,0.15990208034538342,0.0
2017-06-12,737144806.8794554,506625.82945549674,0.0,736638181.05,0.9993127187158787,Bull,1.0,0.0,0.0,0.0,0.7889820095349426,0.0,0.0,0.050891628957964986,0.15939805707566299,4.102314730807717e-05,0.7805211623572226,0.0,0.0,0.05957675729739395,0.15990208034538342,0.0
2017-06-13,737816773.0294555,506625.82945549674,0.0,737310147.2,0.9993133446568647,Bull,1.0,0.0,0.0,0.0,0.7888341909201413,0.0,0.0,0.05097878141962272,0.15945930521059468,4.106710650611672e-05,0.7805211623572226,0.0,0.0,0.05957675729739395,0.15990208034538342,0.0
2017-06-14,734930705.8294555,506625.82945549674,0.0,734424080.0,0.9993106481666408,Bull,1.0,0.0,0.0,0.0,0.7888126124023013,0.0,0.0,0.051200745460119615,0.15925657898305356,4.0711321166302026e-05,0.7805211623572226,0.0,0.0,0.05957675729739395,0.15990208034538342,0.0
2017-06-15,734584496.9294555,506625.82945549674,0.0,734077871.1,0.9993103232758476,Bull,1.0,0.0,0.0,0.0,0.7886712604494789,0.0,0.0,0.05116293654044984,0.15943530048558496,4.0825800333872325e-05,0.7805211623572226,0.0,0.0,0.05957675729739395,0.15990208034538342,0.0
2017-06-16,737301044.7294555,506625.82945549674,0.0,736794418.9,0.9993128643542863,Bull,1.0,0.0,0.0,0.0,0.7878013235599515,0.0,0.0,0.05096968228736142,0.16050038291132832,4.147559564522385e-05,0.7805211623572226,0.0,0.0,0.05957675729739395,0.15990208034538342,0.0
2017-06-19,739983589.1794555,506625.82945549674,0.0,739476963.35,0.9993153553175183,Bull,1.0,0.0,0.0,0.0,0.786588529612435,0.0,0.0,0.05101667192628075,0.16166797716778525,4.217661101728997e-05,0.7805211623572226,0.0,0.0,0.05957675729739395,0.15990208034538342,0.0
2017-06-20,741349728.7294555,506625.82945549674,0.0,740843102.9,0.9993166169625182,Bull,1.0,0.0,0.0,0.0,0.7850004665104255,0.0,0.0,0.05105417663653375,0.16321898465839732,4.2989157161518945e-05,0.7805211623572226,0.0,0.0,0.05957675729739395,0.15990208034538342,0.0
2017-06-21,742633725.3294555,506625.82945549674,0.0,742127099.5,0.9993177985160441,Bull,1.0,0.0,0.0,0.0,0.7850289848355162,0.0,0.0,0.05110392742150719,0.163141863704415,4.3022554605671835e-05,0.7805211623572226,0.0,0.0,0.05957675729739395,0.15990208034538342,0.0
2017-06-22,744643193.5794555,506625.82945549674,0.0,744136567.75,0.999319639481266,Bull,1.0,0.0,0.0,0.0,0.7848874370831624,0.0,0.0,0.05127825021330254,0.16311066971035162,4.328247444936991e-05,0.7805211623572226,0.0,0.0,0.05957675729739395,0.15990208034538342,0.0
2017-06-23,745314036.9294555,506625.82945549674,0.0,744807411.1,0.9993202518611581,Bull,1.0,0.0,0.0,0.0,0.7853155208391703,0.0,0.0,0.05109993655413311,0.16286168512278937,4.3109345065295114e-05,0.7805211623572226,0.0,0.0,0.05957675729739395,0.15990208034538342,0.0
2017-06-26,756483179.8294555,506625.82945549674,0.0,755976554.0,0.9993302880447789,Bull,1.0,0.0,0.0,0.0,0.7848555656371009,0.0,0.0,0.050551024820698856,0.16387965166383314,4.404592314598692e-05,0.7805211623572226,0.0,0.0,0.05957675729739395,0.15990208034538342,0.0
2017-06-27,760170065.7294555,506625.82945549674,0.0,759663439.9,0.9993335362015744,Bull,1.0,0.0,0.0,0.0,0.7861363619028441,0.0,0.0,0.050269014425516734,0.16288447228079553,4.3687592418062194e-05,0.7805211623572226,0.0,0.0,0.05957675729739395,0.15990208034538342,0.0
2017-06-28,756245699.6294554,506625.82945549674,0.0,755739073.8,0.9993300777383545,Bull,1.0,0.0,0.0,0.0,0.7866131392105439,0.0,0.0,0.05045450178254982,0.1622193026156836,4.313412957717725e-05,0.7805211623572226,0.0,0.0,0.05957675729739395,0.15990208034538342,0.0
2017-06-29,762851948.7294555,506625.82945549674,0.0,762345322.9,0.9993358792223062,Bull,1.0,0.0,0.0,0.0,0.7886204445069287,0.0,0.0,0.049658390547593405,0.16101413938127268,4.290478651134396e-05,0.7805211623572226,0.0,0.0,0.05957675729739395,0.15990208034538342,0.0
2017-06-30,761564987.6794555,506625.82945549674,0.0,761058361.85,0.9993347569312513,Bull,1.0,0.0,0.0,0.0,0.7886499006212158,0.0,0.0,0.049855889667003744,0.16078627823097766,4.268841205405248e-05,0.7805211623572226,0.0,0.0,0.05957675729739395,0.15990208034538342,0.0
2017-07-03,764366152.1294554,506625.82945549674,0.0,763859526.3,0.9993371948403994,Bull,1.0,0.0,0.0,0.0,0.788989026554725,0.0,0.0,0.05000875548126848,0.1602966715083542,4.274129605161651e-05,0.7805211623572226,0.0,0.0,0.05957675729739395,0.15990208034538342,0.0
2017-07-04,761680662.7794555,506625.82945549674,0.0,761174036.95,0.9993348579605438,Bull,1.0,0.0,0.0,0.0,0.7894243432094366,0.0,0.0,0.0499060851319085,0.1599620496539752,4.2379965223492443e-05,0.7805211623572226,0.0,0.0,0.05957675729739395,0.15990208034538342,0.0
2017-07-05,766307963.6294554,506625.82945549674,0.0,765801337.8,0.9993388743775335,Bull,1.0,0.0,0.0,0.0,0.7889064795003552,0.0,0.0,0.04990291346951374,0.16048671792150065,4.276348616395924e-05,0.7805211623572226,0.0,0.0,0.05957675729739395,0.15990208034538342,0.0
2017-07-06,764840830.4294555,506625.82945549674,0.0,764334204.6,0.99933760619295,Bull,1.0,0.0,0.0,0.0,0.7892942434323665,0.0,0.0,0.04990319355540786,0.160097624405388,4.25447997875962e-05,0.7805211623572226,0.0,0.0,0.05957675729739395,0.15990208034538342,0.0
2017-07-07,762173301.5294555,506625.82945549674,0.0,761666675.7,0.9993352878821145,Bull,1.0,0.0,0.0,0.0,0.7896014390589906,0.0,0.0,0.049932869497829296,0.15975874483618896,4.223448910556723e-05,0.7805211623572226,0.0,0.0,0.05957675729739395,0.15990208034538342,0.0
2017-07-10,759758049.4294555,506625.82945549674,0.0,759251423.6,0.9993331747786866,Bull,1.0,0.0,0.0,0.0,0.7885879775145844,0.0,0.0,0.04963422240582845,0.16106844816174926,4.2526696524325574e-05,0.7805211623572226,0.0,0.0,0.05957675729739395,0.15990208034538342,0.0
2017-07-11,764262652.6294554,506625.82945549674,1103200.0,762652826.8,0.9978936222725042,Bull,1.0,0.0,0.0,0.0,0.7874384607562146,0.0,0.0,0.047901071541369016,0.1625104269751846,4.36629997360071e-05,0.7805211623572226,0.0,0.0,0.05957675729739395,0.15990208034538342,0.0
2017-07-12,765222567.0794555,506625.82945549674,1253200.0,763462741.25,0.9977002431643227,Bull,1.0,0.0,0.0,0.0,0.7877234509047236,0.0,0.0,0.0476266664992589,0.1623065698049439,4.3555955396358874e-05,0.7805211623572226,0.0,0.0,0.05957675729739395,0.15990208034538342,0.0
2017-07-13,767445189.8294555,506625.82945549674,1253200.0,765685364.0,0.9977069035642187,Bull,1.0,0.0,0.0,0.0,0.78684496561141,0.0,0.0,0.04769135370844333,0.16312643776921754,4.414647514766356e-05,0.7805211623572226,0.0,0.0,0.05957675729739395,0.15990208034538342,0.0
2017-07-14,769241792.9794555,506625.82945549674,1253200.0,767481967.15,0.9977122592070313,Bull,1.0,0.0,0.0,0.0,0.7879065629058809,0.0,0.0,0.047313471956628377,0.16244846697160334,4.375737291863311e-05,0.7805211623572226,0.0,0.0,0.05957675729739395,0.15990208034538342,0.0
2017-07-17,774412115.9294555,506625.82945549674,1253200.0,772652290.1,0.997727533191622,Bull,1.0,0.0,0.0,0.0,0.7891015359006428,0.0,0.0,0.04692333610559133,0.16165888604382855,4.377514155923678e-05,0.7805211623572226,0.0,0.0,0.05957675729739395,0.15990208034538342,0.0
2017-07-18,776635778.6794555,506625.82945549674,1253200.0,774875952.85,0.9977340397162132,Bull,1.0,0.0,0.0,0.0,0.7889500196499363,0.0,0.0,0.047152089828087024,0.16158822892937597,4.370130881390698e-05,0.7805211623572226,0.0,0.0,0.05957675729739395,0.15990208034538342,0.0
2017-07-19,774757614.4294555,506625.82945549674,1253200.0,772997788.6,0.9977285465845321,Bull,1.0,0.0,0.0,0.0,0.7880593455665782,0.0,0.0,0.04705536198808085,0.16256968328443372,4.415574543942084e-05,0.7805211623572226,0.0,0.0,0.05957675729739395,0.15990208034538342,0.0
2017-07-20,773079016.7794555,506625.82945549674,1253200.0,771319190.95,0.9977236145448797,Bull,1.0,0.0,0.0,0.0,0.7876387248054223,0.0,0.0,0.04721638953811278,0.16282417096816634,4.432923317821284e-05,0.7805211623572226,0.0,0.0,0.05957675729739395,0.15990208034538342,0.0
2017-07-21,769867788.4794555,506625.82945549674,1816576.6,767544586.05,0.9969823358449066,Bull,1.0,0.0,0.0,0.0,0.7879981408862244,0.0,0.0,0.04652487158963117,0.16241528983432293,4.4033534728027716e-05,0.7805211623572226,0.0,0.0,0.05957675729739395,0.15990208034538342,0.0
2017-07-24,773110677.8294555,506625.82945549674,1816576.6,770787475.4,0.9969949937362422,Bull,1.0,0.0,0.0,0.0,0.7882126749443569,0.0,0.0,0.04661040266727392,0.16212801555387396,4.390057073754063e-05,0.7805211623572226,0.0,0.0,0.05957675729739395,0.15990208034538342,0.0
2017-07-25,772315155.5294555,506625.82945549674,1816576.6,769991953.1,0.9969918984331431,Bull,1.0,0.0,0.0,0.0,0.7880054259491854,0.0,0.0,0.04635154411214282,0.16259081425628039,4.411411553440711e-05,0.7805211623572226,0.0,0.0,0.05957675729739395,0.15990208034538342,0.0
2017-07-26,768667685.5794555,506625.82945549674,1816576.6,766344483.15,0.9969776244363594,Bull,1.0,0.0,0.0,0.0,0.7876046235683996,0.0,0.0,0.04656108312010011,0.1627679325503104,4.3985197549331785e-05,0.7805211623572226,0.0,0.0,0.05957675729739395,0.15990208034538342,0.0
2017-07-27,773659845.9794555,506625.82945549674,1816576.6,771336643.55,0.9969971267844276,Bull,1.0,0.0,0.0,0.0,0.7870100234802269,0.0,0.0,0.04655146597973547,0.1633909277532245,4.4709571240845474e-05,0.7805211623572226,0.0,0.0,0.05957675729739395,0.15990208034538342,0.0
2017-07-28,769840326.6294554,506625.82945549674,1816576.6,767517124.1999999,0.9969822281983758,Bull,1.0,0.0,0.0,0.0,0.7879367879515691,0.0,0.0,0.04658043851379083,0.16242108353487728,4.391819813860394e-05,0.7805211623572226,0.0,0.0,0.05957675729739395,0.15990208034538342,0.0
2017-07-31,769409776.8294555,506625.82945549674,2882676.6,766020474.4,0.9955949319445588,Bull,1.0,0.0,0.0,0.0,0.7879631149194284,0.0,0.0,0.04656036494314084,0.16102739233512797,4.405974686167024e-05,0.7805211623572226,0.0,0.0,0.05957675729739395,0.15990208034538342,0.0
2017-08-01,773128328.2794555,506625.82945549674,2882676.6,769739025.85,0.9956161192062407,Bull,1.0,0.0,0.0,0.0,0.7880859277345805,0.0,0.0,0.04634676895068853,0.16113935480445712,4.406771651456682e-05,0.7805211623572226,0.0,0.0,0.05957675729739395,0.15990208034538342,0.0
2017-08-02,779311712.2794555,506625.82945549674,2882676.6,775922409.85,0.9956509027439843,Bull,1.0,0.0,0.0,0.0,0.7883935018157139,0.0,0.0,0.04598416709942821,0.16122881001298708,4.442381585506766e-05,0.7805211623572226,0.0,0.0,0.05957675729739395,0.15990208034538342,0.0
2017-08-03,777299220.7794555,1609825.8294554967,1779476.6,773909918.35,0.9956396425741212,Bull,1.0,1103200.0,0.0,0.0,0.7885450827229239,0.0,0.0,0.045991941126804846,0.1610584401132708,4.417861112167942e-05,0.7805211623572226,0.0,0.0,0.05957675729739395,0.15990208034538342,0.0
2017-08-04,783970496.1294554,1759832.8294554967,12877423.399999999,769333239.9,0.9813293276957218,Bull,1.0,150007.0,187465.0,7.0,0.7756429902683337,0.0,0.0,0.04566307045576453,0.15997929848024509,4.396849137841539e-05,0.7805211623572226,0.0,0.0,0.05957675729739395,0.15990208034538342,0.0
2017-08-07,788820194.2294555,1759832.8294554967,12877423.399999999,774182938.0,0.9814441157357113,Bull,1.0,0.0,0.0,0.0,0.7759354444492801,0.0,0.0,0.045310072259133055,0.16015417825782963,4.4420769468545594e-05,0.7805211623572226,0.0,0.0,0.05957675729739395,0.15990208034538342,0.0
2017-08-08,787268528.8294555,1759832.8294554967,12877423.399999999,772631272.6,0.9814075430511381,Bull,1.0,0.0,0.0,0.0,0.7755385236950884,0.0,0.0,0.04545145485899576,0.16037310698513996,4.4457511914059995e-05,0.7805211623572226,0.0,0.0,0.05957675729739395,0.15990208034538342,0.0
2017-08-09,780778992.7294555,1759832.8294554967,12877423.399999999,766141736.5,0.9812530096662996,Bull,1.0,0.0,0.0,0.0,0.7751890639169939,0.0,0.0,0.045776718293936786,0.16024310485432453,4.412260104433564e-05,0.7805211623572226,0.0,0.0,0.05957675729739395,0.15990208034538342,0.0
2017-08-10,772923542.3294555,1759832.8294554967,18182543.4,752981166.1,0.9741987724046383,Bull,1.0,0.0,0.0,0.0,0.7670027028977554,0.0,0.0,0.0463642236746944,0.16078796050829502,4.388532389344888e-05,0.7805211623572226,0.0,0.0,0.05957675729739395,0.15990208034538342,0.0
2017-08-11,771833125.2294555,1759832.8294554967,18182543.4,751890749.0,0.9741623213910042,Bull,1.0,0.0,0.0,0.0,0.767635269377512,0.0,0.0,0.046158941402532544,0.1603244871917264,4.3623419233257666e-05,0.7805211623572226,0.0,0.0,0.05957675729739395,0.15990208034538342,0.0
2017-08-14,765896018.6294554,1759832.8294554967,18182543.4,745953642.4,0.9739620317322687,Bull,1.0,0.0,0.0,0.0,0.7667158440787017,0.0,0.0,0.04662969793720573,0.16057303734268327,4.34523736780267e-05,0.7847905451516668,0.0,0.0,0.06542806169048951,0.14978139315784367,0.0
2017-08-15,768401169.1310612,796940.2310612467,18182543.4,749421685.5,0.9753000328558532,Bull,1.0,0.0,0.0,0.0,0.7663256501364907,0.0,0.0,0.05583216387933758,0.1530985437372945,4.367510273045393e-05,0.7847905451516668,0.0,0.0,0.06542806169048951,0.14978139315784367,0.0
2017-08-16,770469208.9400249,914143.640024872,27301917.9,742253147.4,0.9633780802495103,Bull,1.0,9.0,364774.0,9.0,0.7556690658683043,0.0,0.0,0.05795948687091028,0.1497061773028994,4.335020739628277e-05,0.7847905451516668,0.0,0.0,0.06542806169048951,0.14978139315784367,0.0
2017-08-17,780535512.6400249,914149.640024872,32020290.299999997,747601072.7,0.9578053280002214,Bull,1.0,6.0,337026.0,6.0,0.7514719230597151,0.0,0.0,0.05732858950728724,0.14896131965442344,4.349577879572713e-05,0.7847905451516668,0.0,0.0,0.06542806169048951,0.14978139315784367,0.0
2017-08-18,776299518.4918873,508600.69188737206,32020290.299999997,743770627.5,0.958097499461186,Bull,1.0,0.0,0.0,0.0,0.7513346119718034,0.0,0.0,0.05733998146292188,0.14937964952661745,4.3256499843302335e-05,0.7847905451516668,0.0,0.0,0.06542806169048951,0.14978139315784367,0.0
2017-08-21,777276964.8770896,346280.97708962206,32020290.299999997,744910393.6,0.9583590242093335,Bull,1.0,0.0,0.0,0.0,0.7515457681064468,0.0,0.0,0.05755348739438576,0.14921650227771802,4.3266430782903614e-05,0.7847905451516668,0.0,0.0,0.06542806169048951,0.14978139315784367,0.0
2017-08-22,780492654.4788101,20039.378810122085,32020290.299999997,748452324.8,0.9589485826740987,Bull,1.0,0.0,0.0,0.0,0.7512991204146174,0.0,0.0,0.05711777009582391,0.15048796337286838,4.372879078892934e-05,0.7847905451516668,0.0,0.0,0.06542806169048951,0.14978139315784367,0.0
2017-08-23,781223054.009085,429074.2090851221,32020290.299999997,748773689.5,0.9584633807943055,Bull,1.0,0.0,0.0,0.0,0.751531942749314,0.0,0.0,0.05724741451303856,0.14964036122600205,4.366230595084733e-05,0.7847905451516668,0.0,0.0,0.06542806169048951,0.14978139315784367,0.0
2017-08-24,786785171.5673442,11595060.067344246,20772343.5,754417768.0,0.9588611926901653,Bull,1.0,11247946.799999999,0.0,0.0,0.7518279186955531,0.0,0.0,0.056847792277147195,0.1501414290316081,4.405268585699738e-05,0.7847905451516668,0.0,0.0,0.06542806169048951,0.14978139315784367,0.0
2017-08-25,785878617.1566771,865187.8566771212,20208966.9,764804462.4,0.9731839570429797,Bull,1.0,563376.6000000001,0.0,0.0,0.7511612219909912,0.0,0.0,0.05886786965572414,0.16311043105330392,4.443434296041949e-05,0.7847905451516668,0.0,0.0,0.06542806169048951,0.14978139315784367,0.0
2017-08-28,790172826.848654,951306.5486541223,20208966.9,769012553.4,0.9732207021936645,Bull,1.0,0.0,0.0,0.0,0.7523745479466719,0.0,0.0,0.06869256718998304,0.1521095080924887,4.407896452084801e-05,0.7847905451516668,0.0,0.0,0.06542806169048951,0.14978139315784367,0.0
2017-08-29,788206107.578327,1088751.978326873,20208966.9,766908388.7,0.9729795053938852,Bull,1.0,0.0,0.0,0.0,0.7523769265402053,0.0,0.0,0.07020194269999525,0.15035661213551688,4.4024018167801035e-05,0.7847905451516668,0.0,0.0,0.06542806169048951,0.14978139315784367,0.0
2017-08-30,789650886.2342896,746492.9342897488,20208966.9,768695426.4,0.9734623740698592,Bull,1.0,0.0,0.0,0.0,0.7563015970867997,0.0,0.0,0.06672442330972976,0.15039203028864165,4.4323384688275384e-05,0.7847905451516668,0.0,0.0,0.06542806169048951,0.14978139315784367,0.0
2017-08-31,792763108.476798,1379404.876797999,19142866.9,772240836.7,0.9741129833649435,Bull,1.0,1066100.0,0.0,0.0,0.7565032609202859,0.0,0.0,0.06772943824690028,0.1498359329916731,4.43512060841931e-05,0.7847905451516668,0.0,0.0,0.06542806169048951,0.14978139315784367,0.0
2017-09-01,794652385.5308409,6129624.330840999,13837746.899999999,774685014.3,0.9748728228916064,Bull,1.0,5305120.0,0.0,0.0,0.7571687259178915,0.0,0.0,0.06808977231453872,0.14956980204696954,4.452261220655064e-05,0.7847905451516668,0.0,0.0,0.06542806169048951,0.14978139315784367,0.0
2017-09-04,789071824.2129234,496648.51292350003,13837746.899999999,774737428.8,0.9818338521626703,Bull,1.0,0.0,0.0,0.0,0.7625416854798721,0.0,0.0,0.06878714755040298,0.15046038441231105,4.463472008410761e-05,0.7847905451516668,0.0,0.0,0.06542806169048951,0.14978139315784367,0.0
2017-09-05,790631317.4814711,321799.18147112546,13837746.899999999,776471771.4,0.9820908358062822,Bull,1.0,0.0,0.0,0.0,0.7657659240322071,0.0,0.0,0.06635520101469987,0.1499251893759925,4.452138338274835e-05,0.7847905451516668,0.0,0.0,0.06542806169048951,0.14978139315784367,0.0
2017-09-06,787707939.2483053,615381.6483053755,13837746.899999999,773254810.6999999,0.9816516657657434,Bull,1.0,0.0,0.0,0.0,0.7656912678518464,0.0,0.0,0.06617427272567908,0.1497417940367087,4.4331151509433166e-05,0.7847905451516668,0.0,0.0,0.06542806169048951,0.14978139315784367,0.0
2017-09-07,786583281.5734717,825960.9734716255,13837746.899999999,771919573.7,0.9813577173365057,Bull,1.0,0.0,0.0,0.0,0.7659899565812491,0.0,0.0,0.06600318264602047,0.14932048869008308,4.4089419152955485e-05,0.7847905451516668,0.0,0.0,0.06542806169048951,0.14978139315784367,0.0
2017-09-08,789775077.5369599,789005.2369598756,13837746.899999999,775148325.4,0.9814798509689926,Bull,1.0,0.0,0.0,0.0,0.7658123719049562,0.0,0.0,0.06577822151847891,0.1498448145123467,4.444303321075283e-05,0.7847905451516668,0.0,0.0,0.06542806169048951,0.14978139315784367,0.0
2017-09-11,787824282.83696,789005.2369598756,13837746.899999999,773197530.7,0.9814339917471332,Bull,1.0,0.0,0.0,0.0,0.7658153015129373,0.0,0.0,0.06563075183949418,0.14994339800572862,4.454038897308509e-05,0.7847905451516668,0.0,0.0,0.06542806169048951,0.14978139315784367,0.0
2017-09-12,790604025.7666459,871759.9666460005,13837746.899999999,775894518.9,0.9813945965524496,Bull,1.0,0.0,0.0,0.0,0.766095667565917,0.0,0.0,0.0653999958447737,0.14985441022149454,4.4522920264498636e-05,0.7847905451516668,0.0,0.0,0.06542806169048951,0.14978139315784367,0.0
2017-09-13,786530200.566646,871759.9666460005,13837746.899999999,771820693.7,0.9812982300539145,Bull,1.0,0.0,0.0,0.0,0.7660416513770554,0.0,0.0,0.06558171569615304,0.14963061801722605,4.4244963480014845e-05,0.7847905451516668,0.0,0.0,0.06542806169048951,0.14978139315784367,0.0
2017-09-14,787496664.6149627,789348.4149627505,13837746.899999999,772869569.3,0.9814258320419497,Bull,1.0,0.0,0.0,0.0,0.7662379238076267,0.0,0.0,0.06550122980548802,0.14964234808234758,4.4330346487332536e-05,0.7847905451516668,0.0,0.0,0.06542806169048951,0.14978139315784367,0.0
2017-09-15,786629831.1149627,5507720.81496275,9119374.5,772002735.8,0.9814053640780055,Bull,1.0,4718372.399999999,0.0,0.0,0.7655156110040712,0.0,0.0,0.0660380498491521,0.1498072477533308,4.445547145146251e-05,0.7847905451516668,0.0,0.0,0.06542806169048951,0.14978139315784367,0.0
2017-09-18,789155526.3310528,9434861.43105275,0.0,779720664.9,0.9880443573969285,Bull,1.0,9119374.5,0.0,0.0,0.7721247644718209,0.0,0.0,0.06509616708741102,0.15077845371393164,4.497212376500783e-05,0.7847905451516668,0.0,0.0,0.06542806169048951,0.14978139315784367,0.0
2017-09-19,786085189.5154368,103831.01543674804,0.0,785981358.5,0.9998679137874347,Bull,1.0,0.0,0.0,0.0,0.7717370414699651,0.0,0.0,0.06565700599424214,0.1624292782805223,4.458804270514971e-05,0.7847905451516668,0.0,0.0,0.06542806169048951,0.14978139315784367,0.0
2017-09-20,782240505.2154368,103831.01543674804,0.0,782136674.2,0.9998672645883913,Bull,1.0,0.0,0.0,0.0,0.7718543851596054,0.0,0.0,0.06582566315179336,0.16214271589665188,4.450038034071501e-05,0.7847905451516668,0.0,0.0,0.06542806169048951,0.14978139315784367,0.0
2017-09-21,782529614.5154368,103831.01543674804,0.0,782425783.5,0.9998673136281225,Bull,1.0,0.0,0.0,0.0,0.7712634925308558,0.0,0.0,0.06549017321438261,0.1630687166760035,4.493120688061373e-05,0.7847905451516668,0.0,0.0,0.06542806169048951,0.14978139315784367,0.0
2017-09-22,778818832.6154368,103831.01543674804,0.0,778715001.6,0.9998666814269397,Bull,1.0,0.0,0.0,0.0,0.7723540782648473,0.0,0.0,0.06580220951758252,0.1616663525934162,4.404105109376132e-05,0.7847905451516668,0.0,0.0,0.06542806169048951,0.14978139315784367,0.0
2017-09-25,775643321.6154368,103831.01543674804,0.0,775539490.6,0.9998661356160193,Bull,1.0,0.0,0.0,0.0,0.7728745209221554,0.0,0.0,0.06591302803139164,0.16103516464224546,4.342202022684147e-05,0.7885929088637501,0.0,0.0,0.07384377358773551,0.13756331754851442,0.0
2017-09-26,780149984.8318585,193366.1318585002,0.0,779956618.7,0.9997521423628558,Bull,1.0,0.0,0.0,0.0,0.7791706986074107,0.0,0.0,0.06738063323981154,0.1531582417780246,4.256873760903497e-05,0.7885929088637501,0.0,0.0,0.07384377358773551,0.13756331754851442,0.0
2017-09-27,781985939.8426715,320999.2426715009,0.0,781664940.6,0.9995895076544009,Bull,0.9999999999999999,0.0,0.0,0.0,0.7789706944380027,0.0,0.0,0.0672224362634653,0.15335339664051614,4.298031241682175e-05,0.7914446816478125,0.0,0.0,0.08157340219068261,0.1269819161615048,0.0
2017-09-28,778964861.4638427,87047.46384275006,0.0,778877814.0,0.9998882523870471,Bull,0.9999999999999999,0.0,0.0,0.0,0.7813643517323817,0.0,0.0,0.07294937526862712,0.14553159662037213,4.292876566621893e-05,0.7914446816478125,0.0,0.0,0.08157340219068261,0.1269819161615048,0.0
2017-09-29,779264082.6562206,127817.25622062688,0.0,779136265.4,0.9998359769697265,Bull,0.9999999999999999,0.0,0.0,0.0,0.7821274186313029,0.0,0.0,0.0734969072419917,0.14416864898617718,4.3002110254814914e-05,0.7914446816478125,0.0,0.0,0.08157340219068261,0.1269819161615048,0.0
2017-09-30,781690267.7699282,363929.06992812746,0.0,781326338.7,0.9995344331573087,Bull,0.9999999999999999,0.0,0.0,0.0,0.7827171885426124,0.0,0.0,0.07342294303309985,0.14335089564269846,4.340593889802205e-05,0.7935835112358594,0.0,0.0,0.09066397980464241,0.11575250895949814,0.0
2017-10-02,781811822.4772563,548031.4772562571,0.0,781263791.0,0.9992990238040661,Bull,1.0,0.0,0.0,0.0,0.7826806315886852,0.0,0.0,0.07302908239362287,0.143545411790271,4.389803148698024e-05,0.7951876334268946,0.0,0.0,0.09945702091517554,0.10535534565792987,0.0
2017-10-03,782550000.6029893,53787.00298925629,0.0,782496213.6,0.9999312670079256,Bull,1.0,0.0,0.0,0.0,0.7836538663695165,0.0,0.0,0.07428151550087411,0.1419519518425717,4.393329496327224e-05,0.7951876334268946,0.0,0.0,0.09945702091517554,0.10535534565792987,0.0
2017-10-05,784311618.2051643,44370.605164263165,0.0,784267247.6,0.9999434273264167,Bull,1.0,0.0,0.0,0.0,0.784836553879761,0.0,0.0,0.07636951768873543,0.13869315138915245,4.420436876778592e-05,0.7951876334268946,0.0,0.0,0.09945702091517554,0.10535534565792987,0.0
2017-10-06,787780106.3277308,36270.72773076431,0.0,787743835.6,0.9999539583096356,Bull,1.0,0.0,0.0,0.0,0.7878644822515899,0.0,0.0,0.08677675337432371,0.12526871294074743,4.400974297461715e-05,0.7951876334268946,0.0,0.0,0.09945702091517554,0.10535534565792987,0.0
2017-10-11,793188428.2593254,40949.9593253904,0.0,793147478.3,0.999948372974357,Bull,1.0,0.0,0.0,0.0,0.7875661268418859,0.0,0.0,0.10098861398645,0.11134882564263081,4.480650339036532e-05,0.796390725070171,0.0,0.0,0.08713581530372315,0.11647345962610589,0.0
2017-10-12,796864620.4593254,40949.9593253904,0.0,796823670.5,0.9999486111463929,Bull,1.0,0.0,0.0,0.0,0.7876334880298989,0.0,0.0,0.1003715034479719,0.11189830456847522,4.531510004696359e-05,0.7972930438026282,0.0,0.0,0.07632474361651254,0.12638221258085922,0.0
2017-10-13,799654926.9033606,194157.00336064235,0.0,799460769.9,0.9997571990156898,Bull,1.0,0.0,0.0,0.0,0.7888316681080515,0.0,0.0,0.08885019976696328,0.12203019917339035,4.5131967284635424e-05,0.7972930438026282,0.0,0.0,0.07632474361651254,0.12638221258085922,0.0
2017-10-16,798219024.7033606,194157.00336064235,0.0,798024867.6999999,0.9997567622452587,Bull,1.0,0.0,0.0,0.0,0.7883437104670035,0.0,0.0,0.08846318844159555,0.12290423676190661,4.5626574753132e-05,0.7972930438026282,0.0,0.0,0.07632474361651254,0.12638221258085922,0.0
2017-10-17,800451256.6033607,194157.00336064235,0.0,800257099.6,0.9997574405664819,Bull,1.0,0.0,0.0,0.0,0.7889249525070315,0.0,0.0,0.08851569588466372,0.12227140527620865,4.5386898577888335e-05,0.7972930438026282,0.0,0.0,0.07632474361651254,0.12638221258085922,0.0
2017-10-18,797798209.1033605,194157.00336064235,0.0,797604052.0999999,0.9997566339443419,Bull,1.0,0.0,0.0,0.0,0.7880864796708799,0.0,0.0,0.088509850228119,0.12311459073139484,4.571331394813278e-05,0.7972930438026282,0.0,0.0,0.07632474361651254,0.12638221258085922,0.0
2017-10-19,796905089.8033606,194157.00336064235,0.0,796710932.8,0.9997563611955239,Bull,1.0,0.0,0.0,0.0,0.7878356918951535,0.0,0.0,0.0881849054538485,0.12368963539224258,4.612845427938059e-05,0.7972930438026282,0.0,0.0,0.07632474361651254,0.12638221258085922,0.0
2017-10-20,794335610.2033606,194157.00336064235,0.0,794141453.1999999,0.999755573084139,Bull,1.0,0.0,0.0,0.0,0.787661166342298,0.0,0.0,0.08847016185263136,0.12357818123610129,4.606365310832844e-05,0.7972930438026282,0.0,0.0,0.07632474361651254,0.12638221258085922,0.0
2017-10-23,794066154.4033606,194157.00336064235,0.0,793871997.4,0.9997554901411123,Bull,1.0,0.0,0.0,0.0,0.7873606675375433,0.0,0.0,0.08880179517660294,0.12354701110981492,4.601631715112596e-05,0.7972930438026282,0.0,0.0,0.07632474361651254,0.12638221258085922,0.0
2017-10-24,798493011.8033606,194157.00336064235,0.0,798298854.8,0.9997568457074882,Bull,1.0,0.0,0.0,0.0,0.7889849447488283,0.0,0.0,0.08800953666618455,0.12271666570844196,4.569858403342689e-05,0.7972930438026282,0.0,0.0,0.07632474361651254,0.12638221258085922,0.0
2017-10-25,799277238.1033605,194157.00336064235,0.0,799083081.0999999,0.9997570842830188,Bull,1.0,0.0,0.0,0.0,0.7893879507906221,0.0,0.0,0.08779994807124102,0.12252363176559758,4.555365555811255e-05,0.7972930438026282,0.0,0.0,0.07632474361651254,0.12638221258085922,0.0
2017-10-26,793643830.9033606,194157.00336064235,0.0,793449673.9,0.999755360029524,Bull,1.0,0.0,0.0,0.0,0.7879151573423414,0.0,0.0,0.08854727683072881,0.12324703625386149,4.5889602592317943e-05,0.7972930438026282,0.0,0.0,0.07632474361651254,0.12638221258085922,0.0
2017-10-27,791663441.5033606,194157.00336064235,0.0,791469284.5,0.999754748049257,Bull,1.0,0.0,0.0,0.0,0.7870090392412735,0.0,0.0,0.08907131023518491,0.1236286720707243,4.572650207423571e-05,0.7979697828519712,0.0,0.0,0.06619341850418406,0.13583679864384474,0.0
2017-10-30,791767666.4611632,380972.1611632698,0.0,791386694.3,0.999518833393556,Bull,1.0,0.0,0.0,0.0,0.7883970522438842,0.0,0.0,0.07739012666919202,0.13368530249926783,4.6351981211902857e-05,0.7979697828519712,0.0,0.0,0.06619341850418406,0.13583679864384474,0.0
2017-10-31,792188146.4611632,380972.1611632698,0.0,791807174.3,0.9995190887886103,Bull,1.0,0.0,0.0,0.0,0.787742781923326,0.0,0.0,0.07772206675276033,0.13400755928276747,4.668082975641057e-05,0.7979697828519712,0.0,0.0,0.06619341850418406,0.13583679864384474,0.0
2017-11-01,793543286.7611632,380972.1611632698,0.0,793162314.6,0.9995199100445823,Bull,1.0,0.0,0.0,0.0,0.7887323288368745,0.0,0.0,0.07711929647817552,0.133621696218714,4.658851081822213e-05,0.7979697828519712,0.0,0.0,0.06619341850418406,0.13583679864384474,0.0
2017-11-02,790959004.1611632,380972.1611632698,0.0,790578032.0,0.9995183414574473,Bull,1.0,0.0,0.0,0.0,0.7888884616235562,0.0,0.0,0.07699766951207349,0.13358568452236863,4.652579944902145e-05,0.7979697828519712,0.0,0.0,0.06619341850418406,0.13583679864384474,0.0
2017-11-03,791483991.5611633,380972.1611632698,0.0,791103019.4000001,0.999518660939166,Bull,1.0,0.0,0.0,0.0,0.7891860303680329,0.0,0.0,0.07694659734036287,0.13333965200210182,4.638122866842996e-05,0.7979697828519712,0.0,0.0,0.06619341850418406,0.13583679864384474,0.0
2017-11-06,790105230.3611633,380972.1611632698,0.0,789724258.2,0.9995178209857071,Bull,1.0,0.0,0.0,0.0,0.7884834250688719,0.0,0.0,0.07717896003817845,0.13380888511733197,4.6550761324776415e-05,0.7979697828519712,0.0,0.0,0.06619341850418406,0.13583679864384474,0.0
2017-11-07,791748816.6611632,380972.1611632698,0.0,791367844.5,0.9995188219380361,Bull,1.0,0.0,0.0,0.0,0.7878408169026029,0.0,0.0,0.07739196915809632,0.1342392912542681,4.6744623068806935e-05,0.7979697828519712,0.0,0.0,0.06619341850418406,0.13583679864384474,0.0
2017-11-08,790927148.7611632,380972.1611632698,0.0,790546176.6,0.9995183220581567,Bull,1.0,0.0,0.0,0.0,0.7878962779012895,0.0,0.0,0.07774799499083711,0.13382736977203308,4.667939399706806e-05,0.7979697828519712,0.0,0.0,0.06619341850418406,0.13583679864384474,0.0
2017-11-09,790688218.9611632,380972.1611632698,0.0,790307246.8,0.9995181765049392,Bull,1.0,0.0,0.0,0.0,0.7885035869373728,0.0,0.0,0.07796752059995979,0.1330010963590256,4.597260858111436e-05,0.7979697828519712,0.0,0.0,0.06619341850418406,0.13583679864384474,0.0
2017-11-10,790225421.0611632,380972.1611632698,0.0,789844448.9,0.9995178943235569,Bull,1.0,0.0,0.0,0.0,0.7879653100299409,0.0,0.0,0.07819097988144523,0.13331550364265743,4.6100769513437775e-05,0.7979697828519712,0.0,0.0,0.06619341850418406,0.13583679864384474,0.0
2017-11-13,787859028.4611632,380972.1611632698,0.0,787478056.3,0.9995164462836615,Bull,1.0,0.0,0.0,0.0,0.7883758183404735,0.0,0.0,0.07777406590070002,0.13332055127318726,4.601076930069973e-05,0.7979697828519712,0.0,0.0,0.06619341850418406,0.13583679864384474,0.0
2017-11-14,788703065.4611632,380972.1611632698,0.0,788322093.3,0.9995169637626038,Bull,1.0,0.0,0.0,0.0,0.7885629339304568,0.0,0.0,0.07796723848669763,0.132940905889205,4.5885456244346304e-05,0.7969144955487979,0.0,0.0,0.057145063878138044,0.14594044057306407,0.0
2017-11-15,786797089.6753273,188234.77532727085,0.0,786608854.9,0.9997607581703117,Bull,1.0,0.0,0.0,0.0,0.7905337768301415,0.0,0.0,0.06763052469088032,0.14155123533306133,4.5221316228663385e-05,0.7969144955487979,0.0,0.0,0.057145063878138044,0.14594044057306407,0.0
2017-11-16,783656944.6753273,188234.77532727085,0.0,783468709.9,0.9997597995186461,Bull,1.0,0.0,0.0,0.0,0.7891824274666843,0.0,0.0,0.06790152293239202,0.14263026795010172,4.5581169467972956e-05,0.7969144955487979,0.0,0.0,0.057145063878138044,0.14594044057306407,0.0
2017-11-17,786019160.2753273,188234.77532727085,0.0,785830925.5,0.9997605213907745,Bull,1.0,0.0,0.0,0.0,0.7882124721781382,0.0,0.0,0.06802442319761139,0.1434773548783426,4.6271136682291934e-05,0.7969144955487979,0.0,0.0,0.057145063878138044,0.14594044057306407,0.0
2017-11-20,786325885.8753273,188234.77532727085,0.0,786137651.1,0.9997606148052499,Bull,1.0,0.0,0.0,0.0,0.7890686701853986,0.0,0.0,0.06781984538209045,0.14282627854096427,4.5820696796585666e-05,0.7969144955487979,0.0,0.0,0.057145063878138044,0.14594044057306407,0.0
2017-11-21,793588012.0753273,188234.77532727085,0.0,793399777.3,0.9997628054198613,Bull,1.0,0.0,0.0,0.0,0.7895579668112788,0.0,0.0,0.06737563973550142,0.14278283980585704,4.6359067224049625e-05,0.7969144955487979,0.0,0.0,0.057145063878138044,0.14594044057306407,0.0
2017-11-22,799609701.0753274,188234.77532727085,0.0,799421466.3000001,0.9997645916813238,Bull,1.0,0.0,0.0,0.0,0.790078979094934,0.0,0.0,0.06726281575582493,0.14237639919438042,4.6397636184387644e-05,0.7969144955487979,0.0,0.0,0.057145063878138044,0.14594044057306407,0.0
2017-11-23,799988178.7753273,188234.77532727085,0.0,799799944.0,0.9997647030539683,Bull,1.0,0.0,0.0,0.0,0.7900946173574805,0.0,0.0,0.06723099344084804,0.14239260406870552,4.6488186934127966e-05,0.7969144955487979,0.0,0.0,0.057145063878138044,0.14594044057306407,0.0
2017-11-24,795912933.5753274,188234.77532727085,0.0,795724698.8000001,0.9997634982830574,Bull,1.0,0.0,0.0,0.0,0.788854411473862,0.0,0.0,0.06782462970855964,0.1430376931916327,4.6763909002965584e-05,0.7969144955487979,0.0,0.0,0.057145063878138044,0.14594044057306407,0.0
2017-11-27,792447071.8753273,188234.77532727085,0.0,792258837.1,0.999762463914616,Bull,1.0,0.0,0.0,0.0,0.7896191673965122,0.0,0.0,0.06812126880884338,0.141976106661292,4.592104796839365e-05,0.7976858716615984,0.0,0.0,0.07012716176332612,0.13218696657507545,0.0
2017-11-28,793295615.1753273,188234.77532727085,0.0,793107380.4,0.9997627179934863,Bull,1.0,0.0,0.0,0.0,0.7905214505205603,0.0,0.0,0.06829862533404447,0.14089728704134694,4.535509753454015e-05,0.7982644037461988,0.0,0.0,0.0836629605940091,0.11807263565979208,0.0
2017-11-29,792561646.7014616,32523.501461524516,0.0,792529123.2,0.9999589640735242,Bull,1.0,0.0,0.0,0.0,0.8037135860044202,0.0,0.0,0.07211174075589369,0.12408813927510812,4.5498038102243566e-05,0.7982644037461988,0.0,0.0,0.0836629605940091,0.11807263565979208,0.0
2017-11-30,786599046.1014615,32523.501461524516,0.0,786566522.6,0.9999586530118201,Bull,1.0,0.0,0.0,0.0,0.8050089378297092,0.0,0.0,0.0720424214609211,0.12286278565806213,4.450806312760789e-05,0.7986983028096492,0.0,0.0,0.11274722044550683,0.08855447674484407,0.0
2017-12-01,791493066.0658836,66042.66588365287,0.0,791427023.4,0.9999165593879276,Bull,1.0,0.0,0.0,0.0,0.8207905808058251,0.0,0.0,0.08213148388414167,0.09695018603436832,4.430866359236151e-05,0.7990237271072369,0.0,0.0,0.13456041533413013,0.06641585755863305,0.0
2017-12-04,796197305.2051631,622070.8051631558,0.0,795575234.4,0.9992186976756938,Bull,1.0,0.0,0.0,0.0,0.8307448795365638,0.0,0.0,0.09450421335024642,0.0739251434477454,4.446134113814687e-05,0.7990237271072369,0.0,0.0,0.13456041533413013,0.06641585755863305,0.0
2017-12-05,795891418.7148844,30676.414884405327,0.0,795860742.3,0.9999614565326839,Bull,1.0,0.0,0.0,0.0,0.8276529270332248,0.0,0.0,0.10447153725348365,0.06779316717237893,4.382507359649672e-05,0.7990237271072369,0.0,0.0,0.13456041533413013,0.06641585755863305,0.0
2017-12-06,788349182.2163658,745782.6163657806,0.0,787603399.6,0.9990539945582627,Bull,1.0,0.0,0.0,0.0,0.8197410667480544,0.0,0.0,0.11291633454827224,0.06635378228329704,4.28109786390787e-05,0.7990237271072369,0.0,0.0,0.13456041533413013,0.06641585755863305,0.0
2017-12-07,786684021.507339,818036.8073389037,0.0,785865984.7,0.9989601456430098,Bull,1.0,0.0,0.0,0.0,0.8133877226512737,0.0,0.0,0.11899440873431634,0.06653535418160479,4.2660075815060794e-05,0.7992677953304277,0.0,0.0,0.1509203115005976,0.04981189316897479,0.0
2017-12-08,785405241.8760362,770072.7760361559,0.0,784635169.1,0.9990195217258842,Bull,1.0,0.0,0.0,0.0,0.8176995452258073,0.0,0.0,0.12709680898177073,0.05418018333867497,4.298417963109098e-05,0.7994508464978207,0.0,0.0,0.16319023362544816,0.037358919876731095,0.0
2017-12-11,786576913.3526804,747405.6526805328,0.0,785829507.6999999,0.9990497996572327,Bull,1.0,0.0,0.0,0.0,0.8213375789867993,0.0,0.0,0.13580871518930904,0.04185986067104012,4.364481008433479e-05,0.7994508464978207,0.0,0.0,0.16319023362544816,0.037358919876731095,0.0
2017-12-12,788775841.0838356,462456.0838356577,0.0,788313385.0,0.9994137040465132,Bull,1.0,0.0,0.0,0.0,0.8190066066327938,0.0,0.0,0.14218678382174194,0.038177386313736475,4.292727824101951e-05,0.7994508464978207,0.0,0.0,0.16319023362544816,0.037358919876731095,0.0
2017-12-13,789782228.8395735,653513.6395734083,0.0,789128715.2,0.9991725394473188,Bull,1.0,0.0,0.0,0.0,0.8143241791410822,0.0,0.0,0.14716588415869422,0.03763948961434326,4.2986533199009445e-05,0.7994508464978207,0.0,0.0,0.16319023362544816,0.037358919876731095,0.0
2017-12-14,791121495.8457236,75214.34572365659,0.0,791046281.5,0.9999049269345877,Bull,1.0,0.0,0.0,0.0,0.8106182487361704,0.0,0.0,0.1515260306153745,0.037717025964642534,4.362161840022836e-05,0.7994508464978207,0.0,0.0,0.16319023362544816,0.037358919876731095,0.0
2017-12-15,790091381.6457236,75214.34572365659,0.0,790016167.3,0.9999048029791605,Bull,1.0,0.0,0.0,0.0,0.8100988723187957,0.0,0.0,0.1522969403227274,0.03746591937041694,4.3070967220420874e-05,0.7994508464978207,0.0,0.0,0.16319023362544816,0.037358919876731095,0.0
2017-12-18,789910021.6457236,75214.34572365659,0.0,789834807.3,0.9999047811223272,Bull,1.0,0.0,0.0,0.0,0.8105083107644683,0.0,0.0,0.15183248308475147,0.037520729181598746,4.3258091508712776e-05,0.7994508464978207,0.0,0.0,0.16319023362544816,0.037358919876731095,0.0
2017-12-19,790482666.5457237,75214.34572365659,0.0,790407452.2,0.9999048501012017,Bull,1.0,0.0,0.0,0.0,0.8109787087442974,0.0,0.0,0.15157448109973132,0.03730885096933887,4.280928783407119e-05,0.7994508464978207,0.0,0.0,0.16319023362544816,0.037358919876731095,0.0
2017-12-20,789836292.3457236,75214.34572365659,0.0,789761078.0,0.9999047722338762,Bull,1.0,0.0,0.0,0.0,0.8099864290864576,0.0,0.0,0.1524201928509316,0.03745491348864348,4.323680784353223e-05,0.7994508464978207,0.0,0.0,0.16319023362544816,0.037358919876731095,0.0
2017-12-21,790741734.9457237,75214.34572365659,0.0,790666520.6,0.9999048812748845,Bull,1.0,0.0,0.0,0.0,0.8108739077038994,0.0,0.0,0.15159880236778983,0.037388945964802696,4.3225238392591116e-05,0.7995881348733656,0.0,0.0,0.14995548740109735,0.050456377725537085,0.0
2017-12-22,793786198.4457237,75214.34572365659,0.0,793710984.1,0.9999052460903567,Bull,1.0,0.0,0.0,0.0,0.8108167984782721,0.0,0.0,0.15166174498337748,0.03738349200087414,4.321062783298734e-05,0.7996911011550242,0.0,0.0,0.16246661555082303,0.037842283294152824,0.0
2017-12-25,792740865.8457236,75214.34572365659,0.0,792665651.5,0.9999051211449237,Bull,1.0,0.0,0.0,0.0,0.8098529408031567,0.0,0.0,0.15250696060814434,0.03750185121121995,4.336852240274281e-05,0.7997683258662682,0.0,0.0,0.14796149620188825,0.05227017793184363,0.0
2017-12-26,790690120.2457236,75214.34572365659,0.0,790614905.9,0.9999048750657208,Bull,1.0,0.0,0.0,0.0,0.8103768967049585,0.0,0.0,0.15225560167943822,0.03722981892179424,4.255775952979222e-05,0.7997683258662682,0.0,0.0,0.14796149620188825,0.05227017793184363,0.0
2017-12-27,793410483.8047746,303135.3047746583,0.0,793107348.5,0.9996179338300132,Bull,1.0,0.0,0.0,0.0,0.8117801965652878,0.0,0.0,0.15057779351122944,0.037217179004740426,4.276474875563752e-05,0.7998262443997011,0.0,0.0,0.16097112215141618,0.03920263344888272,0.0
2017-12-28,795003136.2047746,303135.3047746583,0.0,794700000.9,0.999618699234041,Bull,1.0,0.0,0.0,0.0,0.8123584190913803,0.0,0.0,0.14970695658909175,0.0375099149197808,4.34086337882207e-05,0.7998262443997011,0.0,0.0,0.16097112215141618,0.03920263344888272,0.0
2017-12-29,797960546.5047747,303135.3047746583,0.0,797657411.2,0.9996201124152034,Bull,1.0,0.0,0.0,0.0,0.8123492997734586,0.0,0.0,0.14965025592187653,0.03757673249804035,4.382422182797825e-05,0.7998262443997011,0.0,0.0,0.16097112215141618,0.03920263344888272,0.0
2018-01-02,802092449.3047746,303135.3047746583,0.0,801789314.0,0.999622069369887,Bull,1.0,0.0,0.0,0.0,0.8111439579862992,0.0,0.0,0.1508460777867589,0.03758793643567158,4.4097161157242494e-05,0.7998262443997011,0.0,0.0,0.16097112215141618,0.03920263344888272,0.0
2018-01-03,805781051.2047746,303135.3047746583,0.0,805477915.9,0.9996237994126055,Bull,1.0,0.0,0.0,0.0,0.8109697602381741,0.0,0.0,0.15085363426982476,0.037755603652521987,4.480125208457631e-05,0.7998262443997011,0.0,0.0,0.16097112215141618,0.03920263344888272,0.0
2018-01-04,807812473.8047746,303135.3047746583,0.0,807509338.5,0.9996247454519402,Bull,1.0,0.0,0.0,0.0,0.8113772066589818,0.0,0.0,0.15047427954099207,0.03772843449229226,4.4824759674051444e-05,0.7998262443997011,0.0,0.0,0.16097112215141618,0.03920263344888272,0.0
2018-01-05,814028224.8047746,303135.3047746583,0.0,813725089.5,0.999627610817982,Bull,1.0,0.0,0.0,0.0,0.8120816813919922,0.0,0.0,0.14994873185051266,0.03755244482748886,4.475274798823698e-05,0.7998262443997011,0.0,0.0,0.16097112215141618,0.03920263344888272,0.0
2018-01-08,822746177.6047746,303135.3047746583,0.0,822443042.3,0.9996315567145421,Bull,1.0,0.0,0.0,0.0,0.8137167944663506,0.0,0.0,0.1485603984886756,0.03730980566736316,4.45580921527058e-05,0.7998262443997011,0.0,0.0,0.16097112215141618,0.03920263344888272,0.0
2018-01-09,823351274.6047747,303135.3047746583,0.0,823048139.3000001,0.9996318274907388,Bull,1.0,0.0,0.0,0.0,0.81308148775424,0.0,0.0,0.1492012021952211,0.037304551468319166,4.458607295849702e-05,0.7998262443997011,0.0,0.0,0.16097112215141618,0.03920263344888272,0.0
2018-01-10,823911694.6047747,303135.3047746583,0.0,823608559.3000001,0.9996320779195639,Bull,1.0,0.0,0.0,0.0,0.8141358882176896,0.0,0.0,0.1483502428723648,0.03710197367044734,4.397315906212413e-05,0.7998262443997011,0.0,0.0,0.16097112215141618,0.03920263344888272,0.0
2018-01-11,821829585.7047746,303135.3047746583,0.0,821526450.4,0.9996311457873415,Bull,1.0,0.0,0.0,0.0,0.8136868908491949,0.0,0.0,0.14885993657077615,0.037040525833460694,4.3792533909735234e-05,0.7998262443997011,0.0,0.0,0.16097112215141618,0.03920263344888272,0.0
2018-01-12,823613027.6047746,303135.3047746583,0.0,823309892.3,0.999631944499887,Bull,1.0,0.0,0.0,0.0,0.8137792383507879,0.0,0.0,0.14853759702633776,0.03727053721973211,4.4571903029217196e-05,0.7998262443997011,0.0,0.0,0.16097112215141618,0.03920263344888272,0.0
2018-01-15,829137565.6047747,303135.3047746583,0.0,828834430.3000001,0.9996343968511986,Bull,1.0,0.0,0.0,0.0,0.8140326144886388,0.0,0.0,0.14829264177690027,0.03726432293230314,4.481765335634674e-05,0.7998262443997011,0.0,0.0,0.16097112215141618,0.03920263344888272,0.0
2018-01-16,829419723.5047747,303135.3047746583,0.0,829116588.2,0.9996345212246778,Bull,1.0,0.0,0.0,0.0,0.8140742606732972,0.0,0.0,0.14810957169056618,0.03740566943465192,4.50194261624465e-05,0.7998696832997758,0.0,0.0,0.14461757296958755,0.055512743730636624,0.0
2018-01-17,831129196.9642645,28295.264264410478,0.0,831100901.7,0.9999659556367797,Bull,1.0,0.0,0.0,0.0,0.8050399313895942,0.0,0.0,0.14621673795587417,0.048664215079594945,4.5071211716330356e-05,0.7999022624748319,0.0,0.0,0.13063276146108632,0.06946497606408183,0.0
2018-01-18,830423890.9004204,469002.20042041317,0.0,829954888.7,0.9994352255449782,Bull,1.0,0.0,0.0,0.0,0.8132732524924255,0.0,0.0,0.13675244805019435,0.04936334376838826,4.618123397006013e-05,0.7999266968561239,0.0,0.0,0.1167520301702441,0.08332127297363202,0.0
2018-01-19,830618004.257037,516813.4570370419,0.0,830101190.8,0.9993777964667412,Bull,1.0,0.0,0.0,0.0,0.8070173742496516,0.0,0.0,0.12862591402116824,0.06368757928299124,4.6928912930157884e-05,0.799945022642093,0.0,0.0,0.10463652320805364,0.09541845414985345,0.0
2018-01-22,828884162.3855128,589844.1855127942,0.0,828294318.2,0.9992883876755285,Bull,1.0,0.0,0.0,0.0,0.801289587061856,0.0,0.0,0.11741628615499414,0.08053483590262253,4.767855605572459e-05,0.7999587669815698,0.0,0.0,0.0929079700760249,0.10713326294240541,0.0
2018-01-23,829142280.195686,628721.9956859192,0.0,828513558.2,0.9992417200151251,Bull,1.0,0.0,0.0,0.0,0.806490290233639,0.0,0.0,0.11187344104332483,0.08083015617558746,4.7832562573747704e-05,0.7999587669815698,0.0,0.0,0.0929079700760249,0.10713326294240541,0.0
2018-01-24,824529186.3297507,676445.8297506701,0.0,823852740.5,0.9991795974709377,Bull,1.0,0.0,0.0,0.0,0.8116166554137828,0.0,0.0,0.10724605200892857,0.08026980863419791,4.708141402828992e-05,0.7999587669815698,0.0,0.0,0.0929079700760249,0.10713326294240541,0.0
2018-01-25,830340051.4698701,123310.86987004615,0.0,830216740.6,0.9998514935300883,Bull,1.0,0.0,0.0,0.0,0.8169004005037004,0.0,0.0,0.1029674527305424,0.07993658728433442,4.7053011511173266e-05,0.7999587669815698,0.0,0.0,0.0929079700760249,0.10713326294240541,0.0
2018-01-26,828842346.5542274,772388.5542273,0.0,828069958.0,0.9990681116168371,Bull,1.0,0.0,0.0,0.0,0.8182277496069389,0.0,0.0,0.10066630927687661,0.08012681817730331,4.7234555718297384e-05,0.7999587669815698,0.0,0.0,0.0929079700760249,0.10713326294240541,0.0
2018-01-29,831554150.355778,1032368.3557779258,1669800.0000000002,828851982.0,0.9967504601418659,Bull,1.0,0.0,0.0,0.0,0.8191981264341562,0.0,0.0,0.09941926207046026,0.07808565440052082,4.7417236728516107e-05,0.7999587669815698,0.0,0.0,0.0929079700760249,0.10713326294240541,0.0
2018-01-30,824055063.4796455,352941.3796454277,1669800.0000000002,822032322.1,0.9975453808012485,Bull,1.0,0.0,0.0,0.0,0.8222464397450262,0.0,0.0,0.09737698796626842,0.07787519650570669,4.675658424729976e-05,0.7999587669815698,0.0,0.0,0.0929079700760249,0.10713326294240541,0.0
2018-01-31,827558602.4042689,802161.1042689271,1669800.0000000002,825086641.3,0.9970129473645888,Bull,1.0,0.0,0.0,0.0,0.822964209811091,0.0,0.0,0.09636477678839078,0.07763722087274455,4.673989236245594e-05,0.7999587669815698,0.0,0.0,0.0929079700760249,0.10713326294240541,0.0
2018-02-01,828024578.380434,138981.08043405437,1669800.0000000002,826215797.3,0.9978155466303043,Bull,1.0,0.0,0.0,0.0,0.823660233170822,0.0,0.0,0.09596454268956715,0.07814351371858862,4.725705132634579e-05,0.7999587669815698,0.0,0.0,0.0929079700760249,0.10713326294240541,0.0
2018-02-02,827440656.903709,32632.603709056508,1669800.0000000002,825738224.3,0.9979425320843194,Bull,1.0,0.0,0.0,0.0,0.8246444123900546,0.0,0.0,0.09537360696693879,0.07787760906157518,4.6903665750758966e-05,0.7999587669815698,0.0,0.0,0.0929079700760249,0.10713326294240541,0.0
2018-02-05,817433074.983123,81220.78312292695,1669800.0000000002,815682054.2,0.9978579031890054,Bull,1.0,0.0,0.0,0.0,0.8061408259185076,0.0,0.0,0.09512705367544061,0.09654417274665499,4.585084840220568e-05,0.7999587669815698,0.0,0.0,0.0929079700760249,0.10713326294240541,0.0
2018-02-06,790847296.5831228,81220.78312292695,1669800.0000000002,789096275.8,0.9977858926866309,Bear,0.5,0.0,0.0,0.0,0.8057093683610096,0.0,0.0,0.09695929964140741,0.09507473860612371,4.248607809013157e-05,0.3853037425370078,0.0,0.0,0.07353548061775732,0.04116077684523496,0.0
2018-02-07,796468694.2006108,38693.900610822486,1669800.0000000002,794760200.3,0.9978549139306403,Bull,0.5,0.0,0.0,0.0,0.640259565772157,0.0,0.0,0.09407463287079004,0.26347714797581695,4.356731187636601e-05,0.3853037425370078,0.0,0.0,0.07353548061775732,0.04116077684523496,0.0
2018-02-08,794846492.7313844,89174.53138439637,1669800.0000000002,793087518.2,0.9977870261145144,Bull,0.5,0.0,0.0,0.0,0.6503730505541783,0.0,0.0,0.12986029496752463,0.21750992371608358,4.375687672783603e-05,0.3853037425370078,0.0,0.0,0.07353548061775732,0.04116077684523496,0.0
2018-02-09,787351966.1871203,121744.18712026067,1669800.0000000002,785560422.0,0.9977245955251802,Bear,0.5,0.0,0.0,0.0,0.5441178664665766,0.0,0.0,0.3082855068940204,0.14527854747595237,4.2674688630947924e-05,0.37249169664181886,0.0,0.0,0.09663772072425494,0.03087058263392622,0.0
2018-02-12,789200691.4584458,412669.6584457755,1669800.0000000002,787118221.8,0.9973612926585285,Bear,0.5,0.0,0.0,0.0,0.5860082572220492,0.0,0.0,0.31133145555909225,0.0999783716030291,4.320827435792419e-05,0.36385831605385593,0.0,0.0,0.11298874697069944,0.023152936975444665,0.0
2018-02-21,798969342.6386609,115231262.0386609,1669800.0000000002,682068280.6,0.8536851718833345,Bull,0.49999999999999994,0.0,0.0,0.0,0.5521557299596106,0.0,0.0,0.2316102635288346,0.06987439570037214,4.4782694517205945e-05,0.3728937370403919,0.0,0.0,0.10303786029372525,0.024068402665882782,0.0
2018-02-22,797655860.5707476,273426713.5707476,1669800.0000000002,522559347.0,0.6551187960006869,Bull,0.5000000000000001,0.0,0.0,0.0,0.4540344839199964,0.0,0.0,0.15717141463775466,0.04386854247514979,4.435496778608824e-05,0.379670302780294,0.0,0.0,0.09555233922242173,0.024777357997284317,0.0
2018-02-23,801420756.4415636,357998400.9415636,1669800.0000000002,441752555.5,0.5512117722798346,Bull,0.5,0.0,0.0,0.0,0.400241874098988,0.0,0.0,0.12114996925098928,0.029774621892688553,4.5307037168867713e-05,0.38475272708522046,0.0,0.0,0.0966642544168163,0.01858301849796324,0.0
2018-02-26,802493802.3362663,383707140.2362662,1669800.0000000002,417116862.1,0.5197758049790109,Bull,0.5,0.0,0.0,0.0,0.3894984000998239,0.0,0.0,0.10877180577081107,0.02146010342991246,4.549567846344729e-05,0.38475272708522046,0.0,0.0,0.0966642544168163,0.01858301849796324,0.0
2018-02-27,801995057.8362663,383707140.2362662,1669800.0000000002,416618117.6,0.5194771632683253,Bull,0.5,0.0,0.0,0.0,0.38877597131484537,0.0,0.0,0.10919518660909122,0.021460419028559392,4.5586315829223e-05,0.38475272708522046,0.0,0.0,0.0966642544168163,0.01858301849796324,0.0
2018-03-01,800071930.3362663,383707140.2362662,1669800.0000000002,414694990.1,0.5183221337682797,Bull,0.5,0.0,0.0,0.0,0.3883772299940605,0.0,0.0,0.10854449044787778,0.021355267385544878,4.51459407966218e-05,0.38475272708522046,0.0,0.0,0.0966642544168163,0.01858301849796324,0.0
2018-03-02,798099694.4362662,383707140.2362662,1669800.0000000002,412722754.2,0.5171318283632782,Bull,0.5,0.0,0.0,0.0,0.3874000408161921,0.0,0.0,0.10843632769603956,0.021250916543677993,4.454330736852439e-05,0.38475272708522046,0.0,0.0,0.0966642544168163,0.01858301849796324,0.0
2018-03-05,796491665.5362662,383707140.2362662,1669800.0000000002,411114725.3,0.5161569707364138,Bull,0.5,0.0,0.0,0.0,0.38601092591847197,0.0,0.0,0.10891300405710289,0.021188859507572034,4.418125326685884e-05,0.38475272708522046,0.0,0.0,0.0966642544168163,0.01858301849796324,0.0
2018-03-06,800051763.3362663,383707140.2362662,1669800.0000000002,414674823.1,0.5183099920569888,Bull,0.5,0.0,0.0,0.0,0.3873439036090835,0.0,0.0,0.10946041745450431,0.021460298929162694,4.5372064238227177e-05,0.38475272708522046,0.0,0.0,0.0966642544168163,0.01858301849796324,0.0
2018-03-07,798969310.9362662,383707140.2362662,1669800.0000000002,413592370.7,0.5176573931423409,Bull,0.5,0.0,0.0,0.0,0.38611088871298127,0.0,0.0,0.11010372838590458,0.021397818121406873,4.495792204822913e-05,0.38475272708522046,0.0,0.0,0.0966642544168163,0.01858301849796324,0.0
2018-03-08,801948250.5362662,383707140.2362662,1669800.0000000002,416571310.3,0.5194491166000262,Bull,0.5,0.0,0.0,0.0,0.38707530079705843,0.0,0.0,0.11076200981871595,0.021565917736505975,4.5888247745900914e-05,0.38475272708522046,0.0,0.0,0.0966642544168163,0.01858301849796324,0.0
2018-03-09,801884625.7362661,383707140.2362662,1669800.0000000002,416507685.5,0.5194109877310283,Bull,0.5,0.0,0.0,0.0,0.3889977129984181,0.0,0.0,0.10877350332027348,0.021593692464300953,4.60789480357896e-05,0.3885645453139154,0.0,0.0,0.0822156373135187,0.02921981737256594,0.0
2018-03-12,804405406.8892381,389830256.88923806,1669800.0000000002,412905350.0,0.5133050405476136,Bull,1.0,0.0,0.0,0.0,0.3906974857558042,0.0,0.0,0.09494279792989513,0.027617417548088358,4.7339313825924335e-05,0.7045621361737857,0.0,0.0,0.12366539235388227,0.07177247147233201,0.1
2018-03-13,807059545.0815842,230639266.88158417,0.0,576420278.2,0.714222738226497,Sideways,1.0,1669800.0000000002,0.0,0.0,0.520373311683645,0.0,0.0,0.10627220819416722,0.04599803103282458,0.041579187315860064,0.7084216021303393,0.0,0.0,0.10957835454815881,0.08200004332150188,0.1
2018-03-14,804447346.7778813,69888335.57788137,0.0,734559011.1999999,0.9131225482216944,Bull,1.0,0.0,0.0,0.0,0.6517119526839056,0.0,0.0,0.1091469819021525,0.07083968917077531,0.08142392446486095,0.7113162015977545,0.0,0.0,0.09400587020927459,0.09467792819297093,0.1
2018-03-15,803367371.1068342,17487823.206834137,0.0,785879547.9,0.9782318477999169,Bull,1.0000000000000002,0.0,0.0,0.0,0.6950451536645063,0.0,0.0,0.09882838518897447,0.08872092963123539,0.09563737931520082,0.713487151198316,0.0,0.0,0.0810300859478901,0.10548276285379406,0.1
2018-03-16,806122686.4772916,1543004.5772915627,0.0,804579681.9,0.998085893619947,Bull,1.0000000000000002,0.0,0.0,0.0,0.7116891653391786,0.0,0.0,0.08828680943220775,0.10043570458710907,0.09767421426145166,0.713487151198316,0.0,0.0,0.0810300859478901,0.10548276285379406,0.1
2018-03-19,806836584.1772916,1543004.5772915627,0.0,805293579.6,0.9980875872418887,Bull,1.0000000000000002,0.0,0.0,0.0,0.7112495031260276,0.0,0.0,0.08878253837862612,0.10028703654099545,0.0977685091962395,0.713487151198316,0.0,0.0,0.0810300859478901,0.10548276285379406,0.1
2018-03-20,804282346.8772917,1543004.5772915627,0.0,802739342.3000001,0.9980815138075796,Bull,1.0000000000000002,0.0,0.0,0.0,0.7101809141002384,0.0,0.0,0.0894832520935342,0.10054553642010718,0.09787181119369973,0.713487151198316,0.0,0.0,0.0810300859478901,0.10548276285379406,0.1
2018-03-21,805088764.7772917,1543004.5772915627,0.0,803545760.2,0.9980834354610346,Bull,1.0,0.0,0.0,0.0,0.7098660113063349,0.0,0.0,0.08960254217428464,0.10050475617105804,0.09811012580935712,0.7151153633987369,0.0,0.0,0.07196744408203964,0.1129171925192235,0.1
2018-03-22,805970197.0637208,293762.16372081195,0.0,805676434.9,0.9996355173370044,Bull,1.0,0.0,0.0,0.0,0.7115345418345046,0.0,0.0,0.08140499517107182,0.10926173240750459,0.09743424792392343,0.7151153633987369,0.0,0.0,0.07196744408203964,0.1129171925192235,0.1
2018-03-23,797026493.9637208,293762.16372081195,0.0,796732731.8,0.9996314273541148,Bull,1.0,0.0,0.0,0.0,0.7148286614245641,0.0,0.0,0.08175575152582823,0.10857029302709584,0.09447672137662659,0.7151153633987369,0.0,0.0,0.07196744408203964,0.1129171925192235,0.1
2018-03-26,800154514.9637208,293762.16372081195,0.0,799860752.8,0.999632868204544,Bull,1.0,0.0,0.0,0.0,0.7140537385156231,0.0,0.0,0.08199666286076604,0.10827758686574208,0.09530487996241274,0.7163365225490527,0.0,0.0,0.08301664829145554,0.1006468291594918,0.1
2018-03-27,807625758.7637209,293762.16372081195,0.0,807331996.6,0.9996362644943736,Bull,1.0,0.0,0.0,0.0,0.7120299970128093,0.0,0.0,0.08176187953821644,0.1088419964892639,0.09700239145408392,0.7163365225490527,0.0,0.0,0.08301664829145554,0.1006468291594918,0.1
2018-03-28,802400100.8637209,293762.16372081195,0.0,802106338.7,0.9996338956545436,Bull,1.0,0.0,0.0,0.0,0.71444761545134,0.0,0.0,0.08239343430893774,0.10804024065635509,0.09475260523791086,0.7172523919117896,0.0,0.0,0.10726248621859166,0.07548512186961887,0.1
2018-03-29,801692005.505626,1694381.0056259166,0.0,799997624.5,0.9978864938230769,Bull,1.0000000000000002,0.0,0.0,0.0,0.7185921158545933,0.0,0.0,0.09552920507383375,0.08356525890232275,0.10019991399232717,0.7179392939338423,0.0,0.0,0.12544686466394372,0.05661384140221415,0.1
2018-03-30,805999567.0343995,1419349.7343995403,0.0,804580217.3,0.9982390192346853,Bull,1.0000000000000002,0.0,0.0,0.0,0.716162924781527,0.0,0.0,0.11733939305697366,0.06362801184707241,0.10110868954911227,0.7179392939338423,0.0,0.0,0.12544686466394372,0.05661384140221415,0.1
2018-03-31,807248674.7343996,1419349.7343995403,0.0,805829325.0,0.9982417441132789,Bull,1.0000000000000002,0.0,0.0,0.0,0.7160284223324088,0.0,0.0,0.1174644232537125,0.06360623635200621,0.10114266217515133,0.7179392939338423,0.0,0.0,0.12544686466394372,0.05661384140221415,0.1
2018-04-02,804991889.1343995,1419349.7343995403,0.0,803572539.4,0.9982368148629103,Bull,1.0,0.0,0.0,0.0,0.7179676431541107,0.0,0.0,0.11687881737686867,0.06324628941882386,0.10014406491310708,0.7184544704503816,0.0,0.0,0.13908514849795778,0.04246038105166061,0.1
2018-04-03,801098239.2122926,445072.4122925437,0.0,800653166.8,0.9994444221813167,Bull,1.0,0.0,0.0,0.0,0.7196221868704289,0.0,0.0,0.13303249811757256,0.047510402765863394,0.09927933442745183,0.7188408528377862,0.0,0.0,0.14931386137346833,0.03184528578874546,0.1
2018-04-09,806829251.7918459,204254.29184591817,0.0,806624997.5,0.9997468432243969,Bull,1.0,0.0,0.0,0.0,0.7170026324841864,0.0,0.0,0.14625622427289464,0.0358618628857854,0.1006261235815304,0.7188408528377862,0.0,0.0,0.14931386137346833,0.03184528578874546,0.1
2018-04-10,811889404.891846,204254.29184591817,0.0,811685150.6,0.9997484210403348,Bull,1.0,0.0,0.0,0.0,0.7171660291312268,0.0,0.0,0.14591876588878716,0.03576841848782163,0.10089520753249911,0.7188408528377862,0.0,0.0,0.14931386137346833,0.03184528578874546,0.1
2018-04-11,810893929.991846,204254.29184591817,0.0,810689675.7,0.99974811219533,Bull,1.0,0.0,0.0,0.0,0.716116010025922,0.0,0.0,0.14599616006644722,0.03596425983888331,0.10167168226407741,0.7188408528377862,0.0,0.0,0.14931386137346833,0.03184528578874546,0.1
2018-04-12,810956245.5918459,204254.29184591817,0.0,810751991.3,0.9997481315509238,Bull,1.0,0.0,0.0,0.0,0.71768692141367,0.0,0.0,0.1453762772539715,0.03580957685183897,0.10087535603144328,0.7987120587086514,0.0,0.0,0.1659042904149648,0.03538365087638384,0.0
2018-04-13,809827062.2859929,6610155.685992795,0.0,803216906.6,0.9918375712620253,Bull,1.0,0.0,0.0,0.0,0.7627719983280241,0.0,0.0,0.16818924230010368,0.03555388717033495,0.025322443463562546,0.7987120587086514,0.0,0.0,0.1659042904149648,0.03538365087638384,0.0
2018-04-16,808573104.892199,1456320.892199046,0.0,807116784.0,0.9981989001570943,Bull,1.0,0.0,0.0,0.0,0.7894692392533951,0.0,0.0,0.16694643834090547,0.03542091596506714,0.006362306597726699,0.7987120587086514,0.0,0.0,0.1659042904149648,0.03538365087638384,0.0
2018-04-17,805777817.892199,1456320.892199046,0.0,804321497.0,0.9981926520439486,Bull,1.0,0.0,0.0,0.0,0.7896034525551062,0.0,0.0,0.16719807496366712,0.035155100290673126,0.006236024234502134,0.7987120587086514,0.0,0.0,0.1659042904149648,0.03538365087638384,0.0
2018-04-18,805582987.892199,1456320.892199046,0.0,804126667.0,0.9981922149373965,Bull,1.0,0.0,0.0,0.0,0.7888811041836973,0.0,0.0,0.16777526590232109,0.03524999959879985,0.006285845252578273,0.7987120587086514,0.0,0.0,0.1659042904149648,0.03538365087638384,0.0
2018-04-19,812635517.792199,1456320.892199046,0.0,811179196.9,0.9982079039614763,Bull,1.0,0.0,0.0,0.0,0.7900924127022737,0.0,0.0,0.16633139586025802,0.035393727409481573,0.006390367989463051,0.7987120587086514,0.0,0.0,0.1659042904149648,0.03538365087638384,0.0
2018-04-20,808252880.9921991,1456320.892199046,0.0,806796560.1,0.998198186574465,Bull,0.5,0.0,0.0,0.0,0.7908244129180768,0.0,0.0,0.16644085429656316,0.034767584082723756,0.0061653352771013446,0.3993560293543257,0.0,0.0,0.0829521452074824,0.01769182543819192,0.0
2018-04-23,808565923.109288,149799479.7092879,0.0,658766443.4000001,0.8147343643505979,Bull,0.5,0.0,0.0,0.0,0.6501814488772897,0.0,0.0,0.13319755003506759,0.027686054235276307,0.0036693112029641995,0.3993560293543257,0.0,0.0,0.0829521452074824,0.01769182543819192,0.0
2018-04-24,807264215.5640686,310594610.06406856,0.0,496669605.5,0.615250367753458,Bear,0.5,0.0,0.0,0.0,0.49168361218966794,0.0,0.0,0.10094439766918249,0.02128522442679275,0.0013371334678148282,0.3887959557052398,0.0,0.0,0.09793517521611629,0.013268869078643941,0.0
2018-04-25,806916747.3086812,379691903.9086812,0.0,427224843.40000004,0.5294534347253642,Bear,0.5,0.0,0.0,0.0,0.41521713921229375,0.0,0.0,0.09866247077599041,0.01523267430127827,0.0003411504358016419,0.3816522414563097,0.0,0.0,0.10839610673470733,0.009951651808982956,0.0
2018-04-26,807159505.8767428,397512854.5767429,0.0,409646651.3,0.5075163562064956,Bear,0.5,0.0,0.0,0.0,0.3900422890492174,0.0,0.0,0.10612722686943235,0.011262643794457402,8.419649338848005e-05,0.37609650444355447,0.0,0.0,0.11643975669970832,0.007463738856737217,0.0
2018-04-27,808569779.1767429,397512854.5767429,0.0,411056924.6,0.5083753254029895,Bear,0.5,0.0,0.0,0.0,0.39087541080473104,0.0,0.0,0.1061506405636249,0.011264333932036692,8.494010259686869e-05,0.3723326917541548,0.0,0.0,0.12206950410329231,0.005597804142552913,0.0
2018-04-30,809826189.0622263,402577206.36222637,0.0,407248982.7,0.5028844314995441,Bear,0.5,0.0,0.0,0.0,0.3771217414611583,0.0,0.0,0.11860668535704709,0.007112637350824681,4.336733051405604e-05,0.3723326917541548,0.0,0.0,0.12206950410329231,0.005597804142552913,0.0
2018-05-02,811343842.6622264,402577206.36222637,0.0,408766636.3,0.5038143075797953,Bear,0.5,0.0,0.0,0.0,0.3788682431992914,0.0,0.0,0.1178570600674528,0.00704608785991611,4.291645313501941e-05,0.3723326917541548,0.0,0.0,0.12206950410329231,0.005597804142552913,0.0
2018-05-03,809102875.1622264,402577206.36222637,0.0,406525668.8,0.5024400249702375,Bear,0.5,0.0,0.0,0.0,0.37800993938956995,0.0,0.0,0.11739805025529657,0.006989964037473038,4.207128789793872e-05,0.3723326917541548,0.0,0.0,0.12206950410329231,0.005597804142552913,0.0
2018-05-04,806922809.9622264,402577206.36222637,0.0,404345603.6,0.5010957660484628,Bear,0.5,0.0,0.0,0.0,0.3766051719547075,0.0,0.0,0.11740367087210579,0.007044539985511251,4.238323613828808e-05,0.3723326917541548,0.0,0.0,0.12206950410329231,0.005597804142552913,0.0
2018-05-07,806773052.0622263,402577206.36222637,0.0,404195845.7,0.5010031565467118,Bear,0.5,0.0,0.0,0.0,0.3769278422509149,0.0,0.0,0.11693734657949807,0.007094932069642936,4.3035646655835565e-05,0.3723326917541548,0.0,0.0,0.12206950410329231,0.005597804142552913,0.0
2018-05-08,807770757.6622264,402577206.36222637,0.0,405193551.3,0.5016194848061507,Bull,0.5,0.0,0.0,0.0,0.37725702299739283,0.0,0.0,0.11718832243192334,0.007130735973495805,4.3403403338674116e-05,0.3792495188156161,0.0,0.0,0.11655212807746923,0.004198353106914685,0.0
2018-05-09,805310172.0622263,402577206.36222637,0.0,402732965.7,0.5000967076681615,Bull,1.0000000000000002,0.0,0.0,0.0,0.3779342249218262,0.0,0.0,0.11492590459027331,0.0071927565315199095,4.3821624542044335e-05,0.6919868504010819,0.0,0.0,0.18186745059541706,0.026145699003501235,0.1
2018-05-10,804508430.6233116,241260569.3233117,0.0,563247861.3,0.700114305655704,Bull,1.0,0.0,0.0,0.0,0.5044007941415867,0.0,0.0,0.14053090769030904,0.014736390010002303,0.04044621381380603,0.6989901378008113,0.0,0.0,0.15932412834945558,0.04168573384973307,0.1
2018-05-11,809492725.1746807,79774893.4746807,0.0,729717831.7,0.9014507592301512,Bull,0.9999999999999999,0.0,0.0,0.0,0.6349714898167649,0.0,0.0,0.15256344641435796,0.03286206184775735,0.08105376115127097,0.7042426033506084,0.0,0.0,0.14081752290354468,0.05493987374584683,0.1
2018-05-14,813235022.9782504,19561953.978250336,0.0,793673069.0,0.9759455096921305,Bull,1.0,0.0,0.0,0.0,0.6869254683033251,0.0,0.0,0.14266232604581622,0.049708877332845944,0.09664883801014319,0.7081819525129563,0.0,0.0,0.12465149267757361,0.06716655480947006,0.1
2018-05-15,810825590.891469,4795609.191468968,0.0,806029981.7,0.9940855231441371,Bull,1.0,0.0,0.0,0.0,0.7036669761159151,0.0,0.0,0.13006718236908277,0.062333195409424474,0.09801816924971478,0.7111364643847173,0.0,0.0,0.11201674270523387,0.07684679291004887,0.1
2018-05-16,813116256.7352995,1066991.4352994706,0.0,812049265.3,0.9986877750549675,Bull,0.9999999999999999,0.0,0.0,0.0,0.7097121113000464,0.0,0.0,0.1166627763425479,0.07309194657923003,0.09922094083314317,0.7133523482885379,0.0,0.0,0.10176101030491036,0.08488664140655167,0.1
2018-05-17,811489549.7352995,1066991.4352994706,0.0,810422558.3,0.9986851445768494,Bull,0.9999999999999999,0.0,0.0,0.0,0.7102222801119203,0.0,0.0,0.11695209141135247,0.0727457303908052,0.09876504266277139,0.7133523482885379,0.0,0.0,0.10176101030491036,0.08488664140655167,0.1
2018-05-18,814856950.5834374,264820.98343747354,0.0,814592129.6,0.999675009235366,Bull,0.9999999999999999,0.0,0.0,0.0,0.7129018893243365,0.0,0.0,0.10683089827934934,0.0811628960796696,0.09877932555201062,0.7133523482885379,0.0,0.0,0.10176101030491036,0.08488664140655167,0.1
2018-05-21,820800993.3834374,264820.98343747354,0.0,820536172.4,0.999677362740089,Bull,0.9999999999999999,0.0,0.0,0.0,0.7107043815765576,0.0,0.0,0.10649000269809342,0.08167004004670429,0.1008129384187338,0.7133523482885379,0.0,0.0,0.10176101030491036,0.08488664140655167,0.1
2018-05-22,818823349.1834375,264820.98343747354,0.0,818558528.2,0.9996765834978918,Bull,0.9999999999999999,0.0,0.0,0.0,0.7110256183834974,0.0,0.0,0.10681778931588042,0.08156795976397758,0.1002652160345364,0.7133523482885379,0.0,0.0,0.10176101030491036,0.08488664140655167,0.1
2018-05-23,817987575.8834374,264820.98343747354,0.0,817722754.9,0.9996762530492577,Bull,0.9999999999999999,0.0,0.0,0.0,0.7111626656086216,0.0,0.0,0.10779540252157194,0.0812517842073813,0.09946640071168276,0.7133523482885379,0.0,0.0,0.10176101030491036,0.08488664140655167,0.1
2018-05-24,821547692.9834374,264820.98343747354,0.0,821282872.0,0.9996776559830924,Bull,0.9999999999999999,0.0,0.0,0.0,0.711600905209755,0.0,0.0,0.10729018017189783,0.08109857841368584,0.0996879921877537,0.7133523482885379,0.0,0.0,0.10176101030491036,0.08488664140655167,0.1
2018-05-25,823936575.3834374,264820.98343747354,0.0,823671754.4,0.9996785905719573,Bull,0.9999999999999999,0.0,0.0,0.0,0.7102237258100526,0.0,0.0,0.10837982275327822,0.08116091941771109,0.09991412259091567,0.7133523482885379,0.0,0.0,0.10176101030491036,0.08488664140655167,0.1
2018-05-28,829119857.5834374,264820.98343747354,0.0,828855036.6,0.9996805998782742,Bull,0.9999999999999999,0.0,0.0,0.0,0.7111932867205027,0.0,0.0,0.10741800378485968,0.08099842186356235,0.10007088750934945,0.7133523482885379,0.0,0.0,0.10176101030491036,0.08488664140655167,0.1
2018-05-29,826252135.4834374,264820.98343747354,0.0,825987314.5,0.9996794913174022,Bull,0.9999999999999999,0.0,0.0,0.0,0.7128855457122232,0.0,0.0,0.10638859038901942,0.08093346707161456,0.09947188814454509,0.7133523482885379,0.0,0.0,0.10176101030491036,0.08488664140655167,0.1
2018-05-30,812973776.3834374,264820.98343747354,0.0,812708955.4,0.9996742564260614,Bull,0.9999999999999999,0.0,0.0,0.0,0.713804666592715,0.0,0.0,0.1067777368984377,0.0807981781309253,0.0982936748039835,0.7133523482885379,0.0,0.0,0.10176101030491036,0.08488664140655167,0.1
2018-05-31,812238204.0834373,264820.98343747354,0.0,811973383.0999999,0.9996739614289182,Bull,0.9999999999999999,0.0,0.0,0.0,0.7116295074451133,0.0,0.0,0.10742070437139535,0.08122340179066846,0.09940034782174109,0.7133523482885379,0.0,0.0,0.10176101030491036,0.08488664140655167,0.1
2018-06-01,820983587.8834375,264820.98343747354,0.0,820718766.9000001,0.9996774344976613,Bull,0.9999999999999999,0.0,0.0,0.0,0.7117607045062693,0.0,0.0,0.1073954477303367,0.08095527240848613,0.09956600985256928,0.7133523482885379,0.0,0.0,0.10176101030491036,0.08488664140655167,0.1
2018-06-04,827890947.2834374,264820.98343747354,0.0,827626126.3,0.9996801257649859,Bull,0.9999999999999999,0.0,0.0,0.0,0.7100959712496194,0.0,0.0,0.1060703710895098,0.0815133928223714,0.10200039060348522,0.7133523482885379,0.0,0.0,0.10176101030491036,0.08488664140655167,0.1
2018-06-05,830911802.6834373,264820.98343747354,0.0,830646981.6999999,0.9996812886968482,Bull,0.9999999999999999,0.0,0.0,0.0,0.7118007468300815,0.0,0.0,0.1055086709767199,0.08111871775358467,0.10125315313646224,0.7133523482885379,0.0,0.0,0.10176101030491036,0.08488664140655167,0.1
2018-06-06,834865255.0834374,264820.98343747354,0.0,834600434.1,0.9996827979343673,Bull,0.9999999999999999,0.0,0.0,0.0,0.7102201349135568,0.0,0.0,0.10497729958978945,0.08151746594508642,0.10296789748593457,0.7133523482885379,0.0,0.0,0.10176101030491036,0.08488664140655167,0.1
2018-06-07,839179058.1834375,264820.98343747354,0.0,838914237.2,0.999684428512777,Bull,0.9999999999999999,0.0,0.0,0.0,0.7098217733047768,0.0,0.0,0.10591339134748941,0.08124446068469063,0.10270480317582006,0.7926137203205976,0.0,0.0,0.11306778922767817,0.09431849045172407,0.0
2018-06-08,835418616.7945017,21405625.194501605,0.0,814012991.6,0.9743773663117121,Bull,1.0,0.0,0.0,0.0,0.7475758727957886,0.0,0.0,0.11105474325672295,0.09041365428247317,0.02533309597672745,0.7944602902404484,0.0,0.0,0.13480084192075864,0.07073886783879306,0.0
2018-06-11,833383174.0393347,5628628.739334606,0.0,827754545.3000001,0.9932460494587945,Bull,1.0,0.0,0.0,0.0,0.7823355037753943,0.0,0.0,0.12855791109953849,0.07596733648118009,0.00638529810268144,0.7958452176803363,0.0,0.0,0.15110063144056896,0.05305415087909479,0.0
2018-06-12,830682933.330682,1498138.8306819876,0.0,829184794.5,0.9981964973992241,Bull,0.9999999999999999,0.0,0.0,0.0,0.7924088338504056,0.0,0.0,0.14529731520552713,0.05889431218219661,0.0015960361610947165,0.7968839132602521,0.0,0.0,0.16332547358042668,0.03979061315932109,0.0
2018-06-13,831321845.9845728,439058.4845727149,0.0,830882787.5,0.9994718549901058,Bull,0.9999999999999999,0.0,0.0,0.0,0.7941711151811255,0.0,0.0,0.1600595493101829,0.044828606610070466,0.00041258388872697206,0.7968839132602521,0.0,0.0,0.16332547358042668,0.03979061315932109,0.0
2018-06-14,823105644.6845728,439058.4845727149,0.0,822666586.2,0.9994665830717987,Bull,0.9999999999999999,0.0,0.0,0.0,0.7947879721450553,0.0,0.0,0.15967840926466603,0.04459421489457314,0.00040598676750426034,0.7968839132602521,0.0,0.0,0.16332547358042668,0.03979061315932109,0.0
2018-06-15,821835248.5845728,439058.4845727149,0.0,821396190.1,0.9994657585138519,Bull,1.0,0.0,0.0,0.0,0.7953076376630233,0.0,0.0,0.158976023752959,0.04477241644644969,0.0004096806514199447,0.7976629349451893,0.0,0.0,0.14187959656036703,0.060457468494443826,0.0
2018-06-19,812486292.2168044,200668.8168043663,0.0,812285623.4,0.9997530188278538,Bull,1.0,0.0,0.0,0.0,0.796595277483518,0.0,0.0,0.1468757087266116,0.05614814728200588,0.00013388533571834474,0.7976629349451893,0.0,0.0,0.14187959656036703,0.060457468494443826,0.0
2018-06-20,818316092.5168045,200668.8168043663,0.0,818115423.7,0.9997547783568728,Bull,1.0,0.0,0.0,0.0,0.7944397032454179,0.0,0.0,0.14880948952803263,0.0563706377301296,0.0001349478532926838,0.7976629349451893,0.0,0.0,0.14187959656036703,0.060457468494443826,0.0
2018-06-21,818862021.6168045,200668.8168043663,0.0,818661352.8000001,0.9997549418442826,Bull,1.0,0.0,0.0,0.0,0.79446175988906,0.0,0.0,0.1489987284537854,0.056160255068613205,0.0001341984328239175,0.7976629349451893,0.0,0.0,0.14187959656036703,0.060457468494443826,0.0
2018-06-22,819527656.8168044,200668.8168043663,0.0,819326988.0,0.9997551408849533,Bull,1.0,0.0,0.0,0.0,0.7945982574027601,0.0,0.0,0.14897776662501588,0.056045576519533256,0.0001335403376441071,0.7976629349451893,0.0,0.0,0.14187959656036703,0.060457468494443826,0.0
2018-06-25,818421833.9168044,200668.8168043663,0.0,818221165.1,0.9997548100398983,Bull,1.0,0.0,0.0,0.0,0.7942218769863314,0.0,0.0,0.14945190234554975,0.05594840961275559,0.00013262109526153415,0.7976629349451893,0.0,0.0,0.14187959656036703,0.060457468494443826,0.0
2018-06-26,817068273.6168044,200668.8168043663,0.0,816867604.8,0.9997544038567107,Bear,1.0,0.0,0.0,0.0,0.7938936631680017,0.0,0.0,0.14982579051577835,0.05590254997640701,0.0001324001965235223,0.7713609075196266,0.0,0.0,0.18329599110954056,0.04534310137083287,0.0
2018-06-27,816220647.0066525,124797.10665252246,0.0,816095849.9,0.9998471037125682,Bear,1.0,0.0,0.0,0.0,0.7764900976522766,0.0,0.0,0.17544079597245582,0.04787234939877909,4.386068905667883e-05,0.7511305757755447,0.0,0.0,0.2148620981963307,0.03400732602812465,0.0
2018-06-28,815013250.0158335,7900630.115833522,0.0,807112619.9,0.9903061329178635,Bear,1.0,0.0,0.0,0.0,0.7568989827932436,0.0,0.0,0.19594184511343535,0.03742153885155546,4.376615962906987e-05,0.7363067054494221,0.0,0.0,0.23818780002948445,0.02550549452109349,0.0
2018-06-29,823716570.9769633,2494015.076963273,0.0,821222555.9,0.9969722412236951,Bull,0.9999999999999999,0.0,0.0,0.0,0.7439896045470464,0.0,0.0,0.2241636340774356,0.028774399878696708,4.4602720516384394e-05,0.7522300290870665,0.0,0.0,0.21633268473472464,0.03143728617820879,0.0
2018-07-02,813992353.0769633,2494015.076963273,0.0,811498338.0,0.9969360706307182,Bull,1.0,0.0,0.0,0.0,0.7438173291325175,0.0,0.0,0.22409891113897554,0.02897514934979982,4.468100942535661e-05,0.7641725218152999,0.0,0.0,0.18988172122035976,0.045945756964340306,0.0
2018-07-03,813274398.6343824,474758.8343824055,0.0,812799639.8,0.9994162378218475,Bear,1.0,0.0,0.0,0.0,0.7567316035441494,0.0,0.0,0.20093132191840216,0.04170880093724612,4.4511422049907854e-05,0.7460529011899613,0.0,0.0,0.21948778108678346,0.03445931772325522,0.0
2018-07-04,816794021.6689144,97913.66891440796,0.0,816696108.0,0.999880124405521,Bear,1.0,0.0,0.0,0.0,0.7484878706027228,0.0,0.0,0.21507209325683246,0.036275485880099025,4.467466586672832e-05,0.7344644382514819,0.0,0.0,0.23969107345607674,0.02584448829244142,0.0
2018-07-05,815180484.3128092,4956918.7128091585,0.0,810223565.6,0.993919237753848,Bear,1.0,0.0,0.0,0.0,0.7377945217947723,0.0,0.0,0.22775030017617254,0.02833053592968247,4.3879853220669075e-05,0.7240820679574287,0.0,0.0,0.2565345658232403,0.019383366219331066,0.0
2018-07-06,815285545.5840446,2088950.1840445343,0.0,813196595.4000001,0.9974377686500647,Bear,1.0,0.0,0.0,0.0,0.7272012960505538,0.0,0.0,0.24844767713242785,0.02174459009609963,4.420537098346579e-05,0.7152819142437232,0.0,0.0,0.27018056109177857,0.0145375246644983,0.0
2018-07-09,818058107.4357243,591481.7357241604,0.0,817466625.7,0.9992769685547421,Bear,1.0,0.0,0.0,0.0,0.7183612024114965,0.0,0.0,0.26428110428205354,0.01658959171316117,4.507014803089268e-05,0.7152819142437232,0.0,0.0,0.27018056109177857,0.0145375246644983,0.0
2018-07-10,821425063.3357242,591481.7357241604,2984800.0,817848781.6,0.9956462471193643,Bear,1.0,0.0,0.0,0.0,0.7188001656563544,0.0,0.0,0.2602390766260701,0.016561766382869443,4.5238454070413915e-05,0.7152819142437232,0.0,0.0,0.27018056109177857,0.0145375246644983,0.0
2018-07-11,818998232.1357242,591481.7357241604,7852300.0,810554450.4,0.9896901099362508,Bear,1.0,0.0,0.0,0.0,0.7188099037342489,0.0,0.0,0.2543758848620751,0.016459742489121777,4.457885080507667e-05,0.7152819142437232,0.0,0.0,0.27018056109177857,0.0145375246644983,0.0
2018-07-12,821328259.4437162,716130.543716161,7852300.0,812759828.9,0.9895675931697279,Bear,1.0,0.0,0.0,0.0,0.7198690196054516,0.0,0.0,0.25445794369908914,0.015195081694197126,4.554817098992516e-05,0.7152819142437232,0.0,0.0,0.27018056109177857,0.0145375246644983,0.0
2018-07-13,821877917.2692409,695885.769240912,7852300.0,813329731.5,0.9895992025218989,Bull,1.0,0.0,0.0,0.0,0.7182959525929268,0.0,0.0,0.25634914331319153,0.01490787103845034,4.623557733033907e-05,0.7364614356827923,0.0,0.0,0.21371313240854106,0.049825431908666576,0.0
2018-07-16,820986190.4865544,914075.4865544187,7852300.0,812219815.0,0.9893221401429919,Bull,1.0,0.0,0.0,0.0,0.7232939382915542,0.0,0.0,0.22503752455386247,0.04094465947116382,4.6017826411440396e-05,0.7523460767620943,0.0,0.0,0.17732787317000437,0.07032605006790141,0.0
2018-07-17,823354824.8051085,2826417.00510855,7852300.0,812676107.8,0.9870302369241155,Bear,1.0,0.0,0.0,0.0,0.7346791074470022,0.0,0.0,0.18994362489710118,0.06236205637363433,4.544820637792153e-05,0.7358955423376469,0.0,0.0,0.19175524313145959,0.0723492145308935,0.0
2018-07-18,827406498.9051086,2826417.00510855,7852300.0,816727781.9,0.9870937477295144,Bull,1.0,0.0,0.0,0.0,0.7350972499066077,0.0,0.0,0.18951821167407057,0.06243255288465448,4.5733264181599926e-05,0.7519216567532352,0.0,0.0,0.1534126082042579,0.09466573504250692,0.0
2018-07-19,824706338.6686805,949828.9686805513,7852300.0,815904209.7,0.9893269536609968,Bull,1.0,0.0,0.0,0.0,0.7400910252312327,0.0,0.0,0.16212304153723076,0.08706687051285894,4.601637967432444e-05,0.7639412425649263,0.0,0.0,0.12350753038335166,0.11255122705172194,0.0
2018-07-20,826809691.879332,1587588.8793319291,7852300.0,817369803.0,0.9885827549289182,Bull,0.9999999999999999,0.0,0.0,0.0,0.7480983460584198,0.0,0.0,0.13283467898200316,0.10760293556523069,4.679432326447206e-05,0.7729559319236947,0.0,0.0,0.10057683927497083,0.12646722880133437,0.0
2018-07-23,828219067.2161257,2409916.6161256805,9724652.0,816084498.6,0.985348600272011,Bull,1.0,0.0,0.0,0.0,0.7562576779418111,0.0,0.0,0.10766281957226577,0.12138086887797582,4.723387995822553e-05,0.7797169489427711,0.0,0.0,0.08339956245132686,0.136883488605902,0.0
2018-07-24,830332000.817335,12647.817335058004,9724652.0,820594701.0,0.9882730042829252,Bull,1.0,0.0,0.0,0.0,0.7623213971964564,0.0,0.0,0.09309059499563282,0.13281362140860134,4.739068223465546e-05,0.7847877117070784,0.0,0.0,0.07089112374499831,0.14432116454792335,0.0
2018-07-25,830344591.167009,2035196.7670090608,9724652.0,818584742.4,0.9858373874026432,Bull,1.0,0.0,0.0,0.0,0.7682978117595606,0.0,0.0,0.07602867613224752,0.14146355771994704,4.7341790887987486e-05,0.7847877117070784,0.0,0.0,0.07089112374499831,0.14432116454792335,0.0
2018-07-26,835307359.2940781,150382.6940780608,9724652.0,825432324.6,0.9881779627771704,Bull,1.0,0.0,0.0,0.0,0.7727077912320458,0.0,0.0,0.07234965588124737,0.14307308402142946,4.743164244773688e-05,0.7847877117070784,0.0,0.0,0.07089112374499831,0.14432116454792335,0.0
2018-07-27,838490955.6940781,150382.6940780608,9724652.0,828615921.0,0.9882228488846325,Bull,1.0,0.0,0.0,0.0,0.7727025755020626,0.0,0.0,0.07176869302088884,0.1437036370896314,4.7943272049635435e-05,0.7847877117070784,0.0,0.0,0.07089112374499831,0.14432116454792335,0.0
2018-07-30,840556025.494078,150382.6940780608,9724652.0,830680990.8,0.9882517828739927,Bull,1.0,0.0,0.0,0.0,0.7734657192158577,0.0,0.0,0.07163877025877585,0.14309968205783496,4.761134152417298e-05,0.7847877117070784,0.0,0.0,0.07089112374499831,0.14432116454792335,0.0
2018-07-31,844893903.6940781,150382.6940780608,9724652.0,835018869.0,0.988312100902963,Bull,1.0,0.0,0.0,0.0,0.774704594432722,0.0,0.0,0.07119497458438297,0.14236497561894182,4.75562669162642e-05,0.7847877117070784,0.0,0.0,0.07089112374499831,0.14432116454792335,0.0
2018-08-01,846247973.6940781,3135182.694078061,6739852.0,836372939.0,0.9883308025530966,Bull,1.0,2984800.0,0.0,0.0,0.7744174395351773,0.0,0.0,0.0707312771913806,0.14313405026100287,4.803556553589472e-05,0.7847877117070784,0.0,0.0,0.07089112374499831,0.14432116454792335,0.0
2018-08-02,840717458.777185,17762.977185060736,6739852.0,833959843.8,0.9919620855893562,Bull,1.0,0.0,0.0,0.0,0.7756427049207084,0.0,0.0,0.07437100222819444,0.14190153749574716,4.6840944706058334e-05,0.7847877117070784,0.0,0.0,0.07089112374499831,0.14432116454792335,0.0
2018-08-03,843919848.177185,4885262.977185061,1872352.0,837162233.2,0.9919925867465008,Bull,1.0,4867500.0,0.0,0.0,0.7751996052860298,0.0,0.0,0.07421617128129211,0.14252929381836976,4.75163608091616e-05,0.7847877117070784,0.0,0.0,0.07089112374499831,0.14432116454792335,0.0
2018-08-06,846353497.5601817,1230015.2601818112,1872352.0,843251130.3,0.9963344308623701,Bull,1.0,0.0,0.0,0.0,0.7799208512788866,0.0,0.0,0.07399744926976769,0.14236864424540527,4.7486068310531445e-05,0.7847877117070784,0.0,0.0,0.07089112374499831,0.14432116454792335,0.0
2018-08-07,844933341.2601818,1230015.2601818112,1872352.0,841830974.0,0.9963282698069947,Bull,1.0,0.0,0.0,0.0,0.7798324457373991,0.0,0.0,0.07417330686291554,0.142275128853014,4.738835366619816e-05,0.7847877117070784,0.0,0.0,0.07089112374499831,0.14432116454792335,0.0
2018-08-08,850576250.6601818,1230015.2601818112,1872352.0,847473883.4,0.9963526288703995,Bull,1.0,0.0,0.0,0.0,0.7800914884291653,0.0,0.0,0.07380760978368907,0.1424056925008033,4.7838156741877193e-05,0.7847877117070784,0.0,0.0,0.07089112374499831,0.14432116454792335,0.0
2018-08-09,852299914.1601818,1230015.2601818112,7917352.0,843152546.9,0.98926743144261,Bull,1.0,0.0,0.0,0.0,0.7736046031984964,0.0,0.0,0.0734976021459824,0.14211769588097758,4.7530217153567054e-05,0.7847877117070784,0.0,0.0,0.07089112374499831,0.14432116454792335,0.0
2018-08-10,857238051.8601818,1230020.2601818112,13587130.600000001,842420901.0,0.9827152436501985,Bull,1.0,5.0,62997.0,5.0,0.7688495273510084,0.0,0.0,0.07325794726882096,0.14056095589612602,4.681313424307176e-05,0.7847877117070784,0.0,0.0,0.07089112374499831,0.14432116454792335,0.0
2018-08-13,849266489.6731248,194095.7731248117,13587130.600000001,835485263.3,0.9837727891766587,Bear,1.0,0.0,0.0,0.0,0.7699810969248153,0.0,0.0,0.07199530505852585,0.14175091265679735,4.547453652017343e-05,0.7825645571220174,0.0,0.0,0.0986883318046271,0.11874711107335548,0.0
2018-08-14,850065464.3549858,1177424.304985812,13587130.600000001,835300909.45,0.9826312730911979,Bull,1.0,0.0,0.0,0.0,0.7788318867328149,0.0,0.0,0.07843019484456833,0.12532328916671764,4.5902347097005836e-05,0.7869234178415131,0.0,0.0,0.08864768493747756,0.1244288972210094,0.0
2018-08-15,844366339.8049858,1177424.304985812,13587130.600000001,829601784.9,0.9825140413479819,Bear,1.0,0.0,0.0,0.0,0.7787215381558931,0.0,0.0,0.07877173315004672,0.12497537505388003,4.539498816219115e-05,0.7827851648854869,0.0,0.0,0.11223818196686741,0.10497665314764572,0.0
2018-08-16,842966169.9026691,962866.8026690627,17286409.6,824716893.5,0.9783511165047393,Bear,1.0,1.0,332935.0,1.0,0.7777466485703677,0.0,0.0,0.09031216520680796,0.11024665439507544,4.564833248817446e-05,0.7790042284105598,0.0,0.0,0.12876555706325107,0.09223021452618918,0.0
2018-08-17,845444435.5881927,227838.0881926925,17286409.6,827930187.9,0.9792839754442199,Bear,1.0,0.0,0.0,0.0,0.7790773824677814,0.0,0.0,0.10379180027242171,0.09636955022752754,4.524247648917188e-05,0.7794411165346108,0.0,0.0,0.14583353815372008,0.07472534531166919,0.0
2018-08-20,851106524.1179444,382224.9179443186,17286409.6,833437889.6,0.9792403958643655,Bear,0.9999999999999998,0.0,0.0,0.0,0.7852858375074329,0.0,0.0,0.11401393039557138,0.0798954044800352,4.5223481326135555e-05,0.7807244087143621,0.0,0.0,0.15970177692525525,0.059573814360382456,0.0
2018-08-21,864021379.6722578,829638.2222576952,28694614.6,834497126.85,0.965829256640088,Bear,1.0,2.0,456328.0,2.0,0.7704595771721667,0.0,0.0,0.13113066720985198,0.0641937818958126,4.523036225657275e-05,0.7815255461267314,0.0,0.0,0.17154978173463467,0.046924672138633994,0.0
2018-08-22,866531835.3183138,2257653.6183139468,28694614.6,835579567.0999999,0.9642802872822972,Bear,1.0,0.0,0.0,0.0,0.7721752621520315,0.0,0.0,0.14087122368119198,0.05118865596404308,4.5145485030713925e-05,0.781812779600382,0.0,0.0,0.18221258284827632,0.03597463755134175,0.0
2018-08-23,867834552.0702928,531927.4702928248,28694614.6,838608010.0,0.9663224493648352,Bull,1.0,0.0,0.0,0.0,0.7747534462600428,0.0,0.0,0.15153844668464864,0.03998504083205636,4.551558808734845e-05,0.7863595847002864,0.0,0.0,0.15780072116060853,0.055839694139105,0.0
2018-08-24,864216808.4202929,1668579.4702928248,27557962.6,834990266.35,0.9661814699904805,Bear,1.0,1136652.0,0.0,0.0,0.7744059011920106,0.0,0.0,0.15169573042629758,0.04003439838579699,4.5439986375388685e-05,0.7837283476698238,0.0,0.0,0.17439188172584744,0.04187977060432875,0.0
2018-08-27,861178401.3615679,1212666.511567825,26822262.6,833143472.25,0.9674458520241065,Bull,1.0,735700.0,0.0,0.0,0.7727251185095705,0.0,0.0,0.15275266982081398,0.04192174344238163,4.632025134040964e-05,0.7877962607523679,0.0,0.0,0.14914078511970255,0.06306295412792959,0.0
2018-08-28,866318087.1713566,529477.7213565754,26822262.6,838966346.8499999,0.9684276009858415,Bull,1.0,0.0,0.0,0.0,0.774866884104685,0.0,0.0,0.1515001267358273,0.04201401371965194,4.657642567725684e-05,0.790847195564276,0.0,0.0,0.13016674950090354,0.07898605493482055,0.0
2018-08-29,867251183.183128,91046.88312795339,26822262.6,840337873.7,0.9689671112533438,Bull,1.0,0.0,0.0,0.0,0.7792131008915606,0.0,0.0,0.1350779362099336,0.054628636914751796,4.743723709779351e-05,0.793135396673207,0.0,0.0,0.11352448191006319,0.09334012141672991,0.0
2018-08-30,864041769.7604678,6251698.610467831,21152484.0,836637587.15,0.9682837293640736,Bull,1.0,5669778.600000001,0.0,0.0,0.7886071379846564,0.0,0.0,0.12460879064891484,0.05502008312998466,4.771760051765773e-05,0.7948515475049052,0.0,0.0,0.09524758524824985,0.10990086724684497,0.0
2018-08-31,868849643.0947164,484351.0447164569,21152484.0,847212808.05,0.9750971468807316,Bull,1.0,0.0,0.0,0.0,0.8017506292214256,0.0,0.0,0.10304694340564949,0.07025254655407152,4.702769958500829e-05,0.7948515475049052,0.0,0.0,0.09524758524824985,0.10990086724684497,0.0
2018-09-03,864712905.1699177,1001585.519917707,21152484.0,842558835.65,0.9743798555711801,Bull,1.0,0.0,0.0,0.0,0.8058659602322797,0.0,0.0,0.09828452830052273,0.07018271571658193,4.6651321795727236e-05,0.7948515475049052,0.0,0.0,0.09524758524824985,0.10990086724684497,0.0
2018-09-04,868454638.975256,977885.4252559589,21152484.0,846324269.55,0.9745175298374029,Bull,1.0,0.0,0.0,0.0,0.8075526090545554,0.0,0.0,0.09659295515881296,0.07032491653457576,4.704908945873474e-05,0.7948515475049052,0.0,0.0,0.09524758524824985,0.10990086724684497,0.0
2018-09-05,860632930.9534674,894124.703467336,21152484.0,838586322.25,0.9743832615386415,Bull,1.0,0.0,0.0,0.0,0.8071636667218808,0.0,0.0,0.09620826373477083,0.07096405192436465,4.7279157625215275e-05,0.7948515475049052,0.0,0.0,0.09524758524824985,0.10990086724684497,0.0
2018-09-06,863333864.7912014,6400103.741201459,15107484.0,841826277.05,0.9750877515427904,Bull,1.0,6045000.0,0.0,0.0,0.8062330523989585,0.0,0.0,0.09847256486407022,0.07033547793782646,4.665634193527412e-05,0.7948515475049052,0.0,0.0,0.09524758524824985,0.10990086724684497,0.0
2018-09-07,863816469.3088076,250214.0588075854,15107484.0,848458771.25,0.9822211099180637,Bull,1.0,0.0,0.0,0.0,0.7974124663323049,0.0,0.0,0.11454748029888148,0.07021491503690827,4.624824996907785e-05,0.7948515475049052,0.0,0.0,0.09524758524824985,0.10990086724684497,0.0
2018-09-10,861411018.5767115,383787.6767114643,15107484.0,845919746.9000001,0.9820163994392511,Bear,1.0,0.0,0.0,0.0,0.7949894906516282,0.0,0.0,0.11689611327049994,0.07008501017290351,4.5785344219494376e-05,0.7632380821695202,0.0,0.0,0.13482029214975333,0.10194162568072652,0.0
2018-09-11,863995481.4970703,191899.6470703408,15107484.0,848696097.85,0.9822922874312252,Bear,1.0,0.0,0.0,0.0,0.7712855820673173,0.0,0.0,0.11767735153409452,0.09328364757226255,4.5706257550762326e-05,0.746458256534526,0.0,0.0,0.17140567982653585,0.08213606363893823,0.0
2018-09-12,865510033.5095046,328658.9595045941,15107484.0,850073890.55,0.9821652639924767,Bear,1.0,0.0,0.0,0.0,0.7530936619036227,0.0,0.0,0.1443172177837362,0.08470883890590378,4.554539921410063e-05,0.7371923853296882,0.0,0.0,0.19863968138160648,0.06416793328870526,0.0
2018-09-13,867480011.2696744,702806.0196744718,15107484.0,851669721.25,0.9817744618731515,Bear,1.0,0.0,0.0,0.0,0.7442743496821488,0.0,0.0,0.16870993924781427,0.06874498458208421,4.518836110428123e-05,0.7352129038750488,0.0,0.0,0.21666114615842227,0.048125949966528955,0.0
2018-09-14,865813135.2686713,4548807.518671222,11408205.0,849856122.75,0.9815699117180526,Bull,1.0,3699279.0,0.0,0.0,0.7366006667848676,0.0,0.0,0.19047354825452634,0.05444881589301734,4.688078564135491e-05,0.7514096779062867,0.0,0.0,0.17974126818613104,0.06884905390758239,0.0
2018-09-17,866505770.0208344,978274.470834472,11408205.0,854119290.55,0.9857052544837218,Bear,1.0,0.0,0.0,0.0,0.7416957195040341,0.0,0.0,0.1899669981378683,0.05399646675044647,4.607009137289433e-05,0.7384462387315056,0.0,0.0,0.2021514565238375,0.059402304744656985,0.0
2018-09-18,870114309.3208345,978274.470834472,11408205.0,857727829.85,0.9857645376726389,Bear,1.0,0.0,0.0,0.0,0.7415063319135684,0.0,0.0,0.19072206745977072,0.053490673008617706,4.5465290682184567e-05,0.734386588765012,0.0,0.0,0.21953854409612672,0.046074867138861275,0.0
2018-09-19,875168228.6866101,1323995.0866102222,11408205.0,862436028.5999999,0.9854517112604536,Bull,1.0,0.0,0.0,0.0,0.7398279980657919,0.0,0.0,0.19744146820699562,0.048136288109112135,4.59568785539202e-05,0.750789941573759,0.0,0.0,0.18913286999318135,0.06007718843305968,0.0
2018-09-20,876389733.5866102,1323995.0866102222,11408205.0,863657533.5,0.9854719885472598,Bear,1.0,0.0,0.0,0.0,0.7412072604291912,0.0,0.0,0.19628938291641837,0.04792970340728986,4.5641794360484663e-05,0.7480808634773785,0.0,0.0,0.20686124519782684,0.04505789132479476,0.0
2018-09-21,884577721.0866102,12732200.086610222,0.0,871845521.0,0.9856064653414851,Bull,0.9999999999999999,11408205.0,0.0,0.0,0.743298960991606,0.0,0.0,0.19425031391128145,0.04801121369847584,4.597674012187556e-05,0.7610606476080337,0.0,0.0,0.17433043815944155,0.06460891423252459,0.0
2018-09-25,885494128.3157505,1671546.865750473,0.0,883822581.45,0.9981123004520315,Bull,1.0,0.0,0.0,0.0,0.7435908724797449,0.0,0.0,0.17903077494317493,0.07544454318072942,4.610984838223658e-05,0.7707954857060254,0.0,0.0,0.15121306507005938,0.07799144922391527,0.0
2018-09-26,881972991.1792941,1432573.3292941027,0.0,880540417.85,0.9983757174611678,Bull,0.9999999999999999,0.0,0.0,0.0,0.7498454651833631,0.0,0.0,0.15862549238943688,0.08985853398303088,4.622590533694922e-05,0.7780966142795189,0.0,0.0,0.13373521790401252,0.08816816781646843,0.0
2018-09-27,887169494.3724765,470435.62247648276,0.0,886699058.75,0.9994697342216334,Bull,1.0,0.0,0.0,0.0,0.770979494999214,0.0,0.0,0.13983077730569074,0.08861328133876709,4.618057796157588e-05,0.7835724607096393,0.0,0.0,0.12185730152439754,0.09457023776596314,0.0
2018-09-28,886614766.1310362,1188340.0310361101,0.0,885426426.1,0.9986596884279045,Bull,1.0,0.0,0.0,0.0,0.7795575400983676,0.0,0.0,0.1264337165161003,0.09262252687077749,4.590494265914898e-05,0.7835724607096393,0.0,0.0,0.12185730152439754,0.09457023776596314,0.0
2018-10-01,888883801.7310362,1188340.0310361101,0.0,887695461.7,0.9986631098139915,Bull,1.0,0.0,0.0,0.0,0.7792043238398193,0.0,0.0,0.1265480367410687,0.09286450021841797,4.6249014685543015e-05,0.7835724607096393,0.0,0.0,0.12185730152439754,0.09457023776596314,0.0
2018-10-02,878986971.7810361,1188340.0310361101,0.0,877798631.75,0.9986480572873244,Bull,1.0,0.0,0.0,0.0,0.7790148019629307,0.0,0.0,0.1270752623030059,0.0925124633363245,4.55296850633747e-05,0.7835724607096393,0.0,0.0,0.12185730152439754,0.09457023776596314,0.0
2018-10-03,878473548.881036,1188340.0310361101,0.0,877285208.8499999,0.9986472671458921,Bull,1.0,0.0,0.0,0.0,0.7792681404260525,0.0,0.0,0.12687462262462898,0.09245895918375487,4.554491145574402e-05,0.7835724607096393,0.0,0.0,0.12185730152439754,0.09457023776596314,0.0
2018-10-04,872108514.4810362,1188340.0310361101,0.0,870920174.45,0.9986373943020803,Bear,1.0,0.0,0.0,0.0,0.7800724028647162,0.0,0.0,0.12652439251285327,0.09199600584996306,4.459307454777252e-05,0.780197262162731,0.0,0.0,0.14887505951279673,0.07092767832447237,0.0
2018-10-05,866002802.2747961,927373.6747962373,0.0,865075428.5999999,0.998929133170978,Bear,1.0,0.0,0.0,0.0,0.7893038068750986,0.0,0.0,0.13413005095928268,0.07545166115902033,4.361417757631573e-05,0.7697681094262226,0.0,0.0,0.17703613183042316,0.05319575874335428,0.0
2018-10-08,865750350.9251511,1868969.3751511169,0.0,863881381.55,0.9978412144180433,Bear,1.0,0.0,0.0,0.0,0.7778940901731433,0.0,0.0,0.13381224723293897,0.08609179299823798,4.308401372305628e-05,0.7622508794719681,0.0,0.0,0.1978523014705162,0.03989681905751571,0.0
2018-10-09,870901776.3586493,1892031.6586492471,0.0,869009744.7,0.9978275028137387,Bear,1.0,0.0,0.0,0.0,0.7667163081144271,0.0,0.0,0.14092634018173925,0.09014191052432838,4.294399324384679e-05,0.7593093845078386,0.0,0.0,0.21076800119902467,0.02992261429313678,0.0
2018-10-11,842121095.1526804,334045.2026803696,0.0,841787049.95,0.9996033287794319,Bear,0.5,0.0,0.0,0.0,0.762978986808908,0.0,0.0,0.16599928538146305,0.07058747292065244,3.7583668408474805e-05,0.3741425962463287,0.0,0.0,0.11463642339374507,0.011220980359926292,0.0
2018-10-12,850686536.7787386,434130.7287386451,0.0,850252406.05,0.9994896701546699,Bear,0.49999999999999994,0.0,0.0,0.0,0.6080658429234569,0.0,0.0,0.20468879248913013,0.18669532563827146,3.9709103811509e-05,0.3718311247673539,0.0,0.0,0.11975313996270132,0.008415735269944718,0.0
2018-10-15,837914206.2569106,851350.4069106458,0.0,837062855.8499999,0.9989839647059885,Bear,0.49999999999999994,0.0,0.0,0.0,0.5162801067456328,0.0,0.0,0.3667825389581349,0.11588203097039827,3.928803182256405e-05,0.3718311247673539,0.0,0.0,0.11975313996270132,0.008415735269944718,0.0
2018-10-16,839253031.0827038,33003357.182703845,0.0,806249673.9,0.9606753196468926,Bear,0.5,0.0,0.0,0.0,0.5619421752836364,0.0,0.0,0.325842493112249,0.07285085395655241,3.9797294454702556e-05,0.36870129402638235,0.0,0.0,0.1249869045211591,0.00631180145245854,0.0
2018-10-17,839594432.867003,200643829.91700298,0.0,638950602.9499999,0.7610229152760637,Bear,0.5,0.0,0.0,0.0,0.4769645405848407,0.0,0.0,0.23994918512270857,0.04406937272517753,3.981684333690136e-05,0.36870129402638235,0.0,0.0,0.1249869045211591,0.00631180145245854,0.0
2018-10-18,839566644.5544655,363769900.6544656,0.0,475796743.9,0.5667170640783281,Bear,0.5,0.0,0.0,0.0,0.3964294866390541,0.0,0.0,0.15450411333198796,0.015743896075116764,3.95680321692972e-05,0.36459320232674564,0.0,0.0,0.1306729465839105,0.0047338510893439045,0.0
2018-10-19,839095021.4861233,405172095.38612324,0.0,433922926.1,0.5171320470135528,Bear,0.5,0.0,0.0,0.0,0.3728540607306821,0.0,0.0,0.13667772667376818,0.007560526326046036,3.973328305649036e-05,0.36459320232674564,0.0,0.0,0.1306729465839105,0.0047338510893439045,0.0
2018-10-22,840153467.7861233,405172095.38612324,0.0,434981372.4,0.5177403761079667,Bear,0.5,0.0,0.0,0.0,0.37310232525255477,0.0,0.0,0.13705674548178293,0.007541479316506192,3.982605712283731e-05,0.3603700471944454,0.0,0.0,0.1360795644885467,0.0035503883170079284,0.0
2018-10-23,836476720.2861233,405172095.38612324,0.0,431304624.90000004,0.5156205958158273,Bear,0.5,0.0,0.0,0.0,0.3706736569954292,0.0,0.0,0.1374725646407301,0.007435951113944213,3.842306572382106e-05,0.3603700471944454,0.0,0.0,0.1360795644885467,0.0035503883170079284,0.0
2018-10-24,837076205.1861233,405172095.38612324,0.0,431904109.8,0.5159674915188474,Bear,0.5,0.0,0.0,0.0,0.37006142078918963,0.0,0.0,0.13847066644813705,0.007397175981872777,3.822829964792133e-05,0.35582014062271056,0.0,0.0,0.14151706813953352,0.0026627912377559463,0.0
2018-10-25,833662641.8361232,405172095.38612324,0.0,428490546.45,0.5139855439680723,Crisis,0.5000000000000001,0.0,0.0,0.0,0.36760062292708706,0.0,0.0,0.1391033904848957,0.007245136937763021,3.639361832644537e-05,0.34811510546703295,0.0,0.0,0.14988780110465016,0.00199709342831696,0.0
2018-10-26,833298447.1180892,414064445.5680891,0.0,419234001.55,0.5031018634438774,Crisis,0.5,0.0,0.0,0.0,0.35314074155270553,0.0,0.0,0.14657701622080527,0.0033479001546784944,3.620551568809598e-05,0.3423363291002747,0.0,0.0,0.1561658508284876,0.0014978200712377201,0.0
2018-10-29,833549672.7180891,414064445.5680891,0.0,419485227.15000004,0.5032516248037352,Crisis,0.5,0.0,0.0,0.0,0.35270064493136716,0.0,0.0,0.14715199827267372,0.003362427089510603,3.655451018370817e-05,0.3423363291002747,0.0,0.0,0.1561658508284876,0.0014978200712377201,0.0
2018-10-30,836316691.518089,414064445.5680891,0.0,422252245.95,0.5048951554267369,Crisis,0.5,0.0,0.0,0.0,0.3543978602316217,0.0,0.0,0.14710037626618278,0.003360150560786958,3.676836814554346e-05,0.3423363291002747,0.0,0.0,0.1561658508284876,0.0014978200712377201,0.0
2018-10-31,840230493.6680892,414064445.5680891,0.0,426166048.09999996,0.5072013588075579,Bear,0.5,0.0,0.0,0.0,0.3560927630629305,0.0,0.0,0.14765567416910308,0.0034149558027507876,3.7965772773537604e-05,0.3423363291002747,0.0,0.0,0.1561658508284876,0.0014978200712377201,0.0
2018-11-01,836506719.5680891,414064445.5680891,0.0,422442274.0,0.5050076276949912,Bear,0.5,0.0,0.0,0.0,0.35552671250932194,0.0,0.0,0.14597432052075793,0.0034677545704567213,3.8840094454681084e-05,0.3423363291002747,0.0,0.0,0.1561658508284876,0.0014978200712377201,0.0
2018-11-02,838323450.2180891,414064445.5680891,0.0,424259004.65,0.5060803256065775,Bear,0.5,0.0,0.0,0.0,0.3588198857752879,0.0,0.0,0.14375000480858516,0.0034712735272321837,3.9161495472253944e-05,0.3423363291002747,0.0,0.0,0.1561658508284876,0.0014978200712377201,0.0
2018-11-05,839913355.3859274,417790827.58592737,0.0,422122527.8,0.5025786589689851,Bear,0.5,0.0,0.0,0.0,0.3468710027430543,0.0,0.0,0.15361941701797807,0.002049616176431671,3.862303152102434e-05,0.3423363291002747,0.0,0.0,0.1561658508284876,0.0014978200712377201,0.0
2018-11-06,840327913.8859274,417790827.58592737,0.0,422537086.3,0.5028240515610891,Bear,0.5,0.0,0.0,0.0,0.34758928208072165,0.0,0.0,0.1531544982301644,0.002042059976402192,3.821127380085919e-05,0.3423363291002747,0.0,0.0,0.1561658508284876,0.0014978200712377201,0.0
2018-11-07,845898552.8359274,417790827.58592737,0.0,428107725.25,0.5060981885058702,Bear,0.5,0.0,0.0,0.0,0.34976074170845184,0.0,0.0,0.1542596326267859,0.002039015191854273,3.879897877821036e-05,0.3423363291002747,0.0,0.0,0.1561658508284876,0.0014978200712377201,0.0
2018-11-08,848278082.9859273,417790827.58592737,0.0,430487255.4,0.5074836472076358,Bear,0.5,0.0,0.0,0.0,0.3517254558195979,0.0,0.0,0.15367425212866498,0.0020449661906787446,3.8973068694206086e-05,0.3501733903271317,0.0,0.0,0.14860132043119065,0.001225289241677666,0.0
2018-11-09,846918178.6359274,417790827.58592737,0.0,429127351.05,0.5066928091461749,Bear,1.0,0.0,0.0,0.0,0.350472499631629,0.0,0.0,0.15416129124809574,0.0020209744496885824,3.8043816761489904e-05,0.6303121025888371,0.0,0.0,0.26748237677614317,0.0022055206350197988,0.1
2018-11-12,845136330.2086663,249246286.90866637,0.0,595890043.3,0.7050815614007189,Bear,1.0,0.0,0.0,0.0,0.46220022656410287,0.0,0.0,0.19993318706140661,0.002030441644339577,0.04091770613086986,0.6303121025888371,0.0,0.0,0.26748237677614317,0.0022055206350197988,0.1
2018-11-13,845097986.1016856,83676252.50168559,0.0,761421733.6,0.9009863307240004,Bear,1.0,0.0,0.0,0.0,0.572042557845868,0.0,0.0,0.24703715241711613,0.002098336558793585,0.07980828390222272,0.6303121025888371,0.0,0.0,0.26748237677614317,0.0022055206350197988,0.1
2018-11-14,852402563.6277947,21036163.32779484,0.0,831366400.3,0.9753213279436119,Bear,1.0,0.0,0.0,0.0,0.6176346162772534,0.0,0.0,0.2611738977561432,0.0020871007149819293,0.09442571319523359,0.6303121025888371,0.0,0.0,0.26748237677614317,0.0022055206350197988,0.1
2018-11-15,851789018.5277948,21036163.32779484,0.0,830752855.2,0.9753035518535411,Bear,1.0,0.0,0.0,0.0,0.6173032802287086,0.0,0.0,0.26046860804036104,0.0020953545551512178,0.09543630902932022,0.6303121025888371,0.0,0.0,0.26748237677614317,0.0022055206350197988,0.1
2018-11-16,852206476.3277948,21036163.32779484,0.0,831170313.0,0.9753156495378434,Bear,1.0,0.0,0.0,0.0,0.6192676395444422,0.0,0.0,0.2593765784936111,0.0020767854377572704,0.09459464606203294,0.6303121025888371,0.0,0.0,0.26748237677614317,0.0022055206350197988,0.1
2018-11-19,855122640.6777948,21036163.32779484,0.0,834086477.35,0.9753998288349366,Bear,1.0,0.0,0.0,0.0,0.619331639880591,0.0,0.0,0.2594397451857351,0.002062978941361819,0.09456546482724865,0.6303121025888371,0.0,0.0,0.26748237677614317,0.0022055206350197988,0.1
2018-11-20,852244470.4277947,21036163.32779484,0.0,831208307.0999999,0.9753167499963532,Bear,1.0,0.0,0.0,0.0,0.6190629278417824,0.0,0.0,0.26073105512607275,0.0020510546687649025,0.09347171235973323,0.6303121025888371,0.0,0.0,0.26748237677614317,0.0022055206350197988,0.1
2018-11-21,850887251.4277948,21036163.32779484,0.0,829851088.1,0.9752773786509364,Bear,1.0,0.0,0.0,0.0,0.6176068183160391,0.0,0.0,0.2619069678456818,0.0020543262307278006,0.0937092662584877,0.6303121025888371,0.0,0.0,0.26748237677614317,0.0022055206350197988,0.1
2018-11-22,849606241.4277948,21036163.32779484,0.0,828570078.1,0.9752401026475008,Bear,0.55,0.0,0.0,0.0,0.6182159952324673,0.0,0.0,0.2616880493090107,0.002046595134562432,0.09328946297146051,0.31515605129441854,0.0,0.0,0.13374118838807159,0.0011027603175098994,0.1
2018-11-23,847188178.2004476,184610849.1004476,0.0,662577329.1,0.7820899136097624,Bear,0.55,0.0,0.0,0.0,0.4794601595631489,0.0,0.0,0.2055192747965897,0.0016898842982453267,0.09542059495177845,0.31515605129441854,0.0,0.0,0.13374118838807159,0.0011027603175098994,0.1
2018-11-26,848703330.4709585,331244133.7709584,0.0,517459196.7,0.6097056275399013,Bear,0.55,0.0,0.0,0.0,0.3563820899962285,0.0,0.0,0.15103157416487384,0.0013458766555872333,0.10094608672321173,0.3199503103121899,0.0,0.0,0.12922261944967767,0.0008270702381324246,0.1
2018-11-27,848247506.368336,368886998.26833594,0.0,479360508.1,0.5651186764489544,Bear,0.55,0.0,0.0,0.0,0.3300672457013088,0.0,0.0,0.13383652665959409,0.0009862097957488642,0.10022869429230266,0.3199503103121899,0.0,0.0,0.12922261944967767,0.0008270702381324246,0.1
2018-11-28,850806765.9183359,368886998.26833594,0.0,481919767.65000004,0.566426816234624,Bear,0.55,0.0,0.0,0.0,0.32912028778680086,0.0,0.0,0.13416031062799055,0.0009942328080653666,0.10215198501176723,0.3199503103121899,0.0,0.0,0.12922261944967767,0.0008270702381324246,0.1
2018-11-29,848729380.318336,368886998.26833594,0.0,479842382.05,0.5653655843397618,Bear,0.55,0.0,0.0,0.0,0.32885369414843874,0.0,0.0,0.13298561663750333,0.0009986104165288898,0.10252766313729089,0.3199503103121899,0.0,0.0,0.12922261944967767,0.0008270702381324246,0.1
2018-11-30,848895130.0683359,368886998.26833594,0.0,480008131.79999995,0.5654504482330572,Bear,0.55,0.0,0.0,0.0,0.32991717337034887,0.0,0.0,0.1323137523370622,0.0009945280283702865,0.10222499449727594,0.3199503103121899,0.0,0.0,0.12922261944967767,0.0008270702381324246,0.1
2018-12-03,854478447.1683359,368886998.26833594,0.0,485591448.9,0.5682898737928452,Bear,0.55,0.0,0.0,0.0,0.32896449270489725,0.0,0.0,0.13104426492098584,0.0010144199691314586,0.10726669619783068,0.3199503103121899,0.0,0.0,0.12922261944967767,0.0008270702381324246,0.1
2018-12-04,853121862.318336,368886998.26833594,0.0,484234864.05,0.5676033934168615,Bear,0.5500000000000002,0.0,0.0,0.0,0.33041199212032146,0.0,0.0,0.1306514402257915,0.0010089414396917864,0.10553101963105675,0.32484665533334806,0.0,0.0,0.12453304198805273,0.0006203026785993185,0.1
2018-12-05,848460175.2683359,368886998.26833594,0.0,479573177.0,0.5652276806608266,Bear,0.5500000000000002,0.0,0.0,0.0,0.32963711810226864,0.0,0.0,0.13181667597377666,0.000993741397153194,0.10278014518762815,0.32484665533334806,0.0,0.0,0.12453304198805273,0.0006203026785993185,0.1
2018-12-06,843481363.068336,368886998.26833594,0.0,474594364.8,0.5626613527933396,Bear,0.5500000000000002,0.0,0.0,0.0,0.3314546320063147,0.0,0.0,0.13173960310845356,0.0009793933051406045,0.09848772437343081,0.32484665533334806,0.0,0.0,0.12453304198805273,0.0006203026785993185,0.1
2018-12-07,846977418.9183359,368886998.26833594,0.0,478090420.65,0.564466548896384,Bear,0.5500000000000002,0.0,0.0,0.0,0.3308402613706727,0.0,0.0,0.1327395482911216,0.0009798962539756002,0.0999068429806141,0.32484665533334806,0.0,0.0,0.12453304198805273,0.0006203026785993185,0.1
2018-12-10,841336660.9183359,368886998.26833594,0.0,472449662.65,0.5615465064060225,Bear,0.5000000000000001,0.0,0.0,0.0,0.32960878270454586,0.0,0.0,0.1330177385564597,0.0009733915542276496,0.09794659359078936,0.36094072814816447,0.0,0.0,0.13837004665339192,0.0006892251984436873,0.0
2018-12-11,843509097.9902852,407926208.5402852,0.0,435582889.45,0.516393824901005,Bear,0.5000000000000001,0.0,0.0,0.0,0.3538084890382975,0.0,0.0,0.13697101818495222,0.0008007619616780698,0.024813555716077244,0.36094072814816447,0.0,0.0,0.13837004665339192,0.0006892251984436873,0.0
2018-12-12,842794100.7053306,418599274.6553306,0.0,424194826.05,0.5033196431904225,Bear,0.5000000000000001,0.0,0.0,0.0,0.3585760932558561,0.0,0.0,0.13756325525175417,0.000813721879906441,0.006366572802905789,0.36094072814816447,0.0,0.0,0.13837004665339192,0.0006892251984436873,0.0
2018-12-13,844316726.7553306,418599274.6553306,0.0,425717452.1,0.5042153478778185,Bear,0.5000000000000001,0.0,0.0,0.0,0.3589490560783642,0.0,0.0,0.13806821102311417,0.0008133203787623109,0.0063847603975778575,0.36094072814816447,0.0,0.0,0.13837004665339192,0.0006892251984436873,0.0
2018-12-14,843527239.6553307,418599274.6553306,0.0,424927965.0,0.5037513254149654,Bear,0.5000000000000001,0.0,0.0,0.0,0.359248807571196,0.0,0.0,0.13744642087358502,0.0008039455848243802,0.006252151385360033,0.36094072814816447,0.0,0.0,0.13837004665339192,0.0006892251984436873,0.0
2018-12-17,844012284.5553306,418599274.6553306,0.0,425413009.90000004,0.5040365142601326,Bear,0.5,0.0,0.0,0.0,0.3590183288145438,0.0,0.0,0.13786872789571541,0.0008098815769726972,0.006339575972900697,0.35608656686945395,0.0,0.0,0.14339651423171332,0.0005169188988327655,0.0
2018-12-18,839668550.7053306,418599274.6553306,0.0,421069276.05,0.5014708192849396,Bear,0.5,0.0,0.0,0.0,0.35648265711340726,0.0,0.0,0.13789619713961848,0.0008071041834670653,0.006284860848446801,0.35608656686945395,0.0,0.0,0.14339651423171332,0.0005169188988327655,0.0
2018-12-19,842582099.9553306,418599274.6553306,0.0,423982825.3,0.5031946742311253,Bear,0.5,0.0,0.0,0.0,0.3580874377891431,0.0,0.0,0.13797788963967236,0.0008107221836735132,0.006318624618636272,0.35608656686945395,0.0,0.0,0.14339651423171332,0.0005169188988327655,0.0
2018-12-20,841943961.9053307,418599274.6553306,0.0,423344687.25,0.5028181285271828,Bear,0.5,0.0,0.0,0.0,0.3574890264298175,0.0,0.0,0.13833236565582238,0.0008022505422705894,0.00619448589927227,0.35608656686945395,0.0,0.0,0.14339651423171332,0.0005169188988327655,0.0
2018-12-21,840049091.9053307,418599274.6553306,0.0,421449817.25,0.5016966523874241,Bear,1.0,0.0,0.0,0.0,0.357022083756742,0.0,0.0,0.13764255102966116,0.0008056672003119932,0.006226350400709016,0.6409558203650171,0.0,0.0,0.25811372561708396,0.0009304540178989779,0.1
2018-12-22,839501013.6252048,251065892.67520478,0.0,588435120.95,0.7009343781599136,Bear,1.0,0.0,0.0,0.0,0.470326949630434,0.0,0.0,0.1863511746393716,0.0008024409608405202,0.04345381292926739,0.6318312389397089,0.0,0.0,0.2674709205468669,0.0006978405134242334,0.1
2018-12-24,842912474.7535132,83169409.20351323,0.0,759743065.55,0.9013309071883959,Bear,1.0,0.0,0.0,0.0,0.5793872794358765,0.0,0.0,0.23991850406430007,0.0007975917074861134,0.08122753198073325,0.6318312389397089,0.0,0.0,0.2674709205468669,0.0006978405134242334,0.1
2018-12-25,833385026.221293,21584948.921292987,0.0,811800077.3,0.9740996679300049,Crisis,1.0,0.0,0.0,0.0,0.61847797966451,0.0,0.0,0.2614661808696085,0.0007964505950023526,0.09335905680088413,0.6201234292047817,0.0,0.0,0.2793531904101502,0.0005233803850681751,0.1
2018-12-26,830723164.6826712,5588427.882671187,0.0,825134736.8,0.9932728156379196,Crisis,1.0,0.0,0.0,0.0,0.6202433117376968,0.0,0.0,0.2744933687832151,0.0006197612175611692,0.09791637389944662,0.6201234292047817,0.0,0.0,0.2793531904101502,0.0005233803850681751,0.1
2018-12-27,838697230.2326713,5588427.882671187,0.0,833108802.35,0.9933367755594937,Bear,1.0,0.0,0.0,0.0,0.6196599125596528,0.0,0.0,0.2723746922791509,0.0006263881423028636,0.10067578257838725,0.6201234292047817,0.0,0.0,0.2793531904101502,0.0005233803850681751,0.1
2018-12-28,853112405.5826713,5588427.882671187,0.0,847523977.7,0.9934493651175377,Bear,1.0,0.0,0.0,0.0,0.6134898218278013,0.0,0.0,0.2796016075244905,0.0006194963249175087,0.09973843944032823,0.6201234292047817,0.0,0.0,0.2793531904101502,0.0005233803850681751,0.1
2019-01-02,838218992.6826712,5588427.882671187,0.0,832630564.8,0.9933329739227384,Crisis,1.0,0.0,0.0,0.0,0.6202848770295453,0.0,0.0,0.2737370567870975,0.0006183944822594045,0.09869264562383642,0.6201234292047817,0.0,0.0,0.2793531904101502,0.0005233803850681751,0.1
2019-01-03,839124393.8826712,5588427.882671187,0.0,833535966.0,0.993340167532476,Crisis,1.0,0.0,0.0,0.0,0.6226183147680616,0.0,0.0,0.27291507870526854,0.0006118878246695233,0.09719488623447617,0.6201234292047817,0.0,0.0,0.2793531904101502,0.0005233803850681751,0.1
2019-01-04,835476543.6326712,5588427.882671187,0.0,829888115.75,0.9933110894312214,Crisis,0.55,0.0,0.0,0.0,0.6228534717292937,0.0,0.0,0.2744106962035776,0.0006049242242068331,0.09544199727414321,0.31006171460239085,0.0,0.0,0.1396765952050751,0.00026169019253408755,0.1
2019-01-07,845608888.8675182,169805409.86751825,0.0,675803479.0,0.799191550487448,Bear,0.55,0.0,0.0,0.0,0.48250620868759964,0.0,0.0,0.2156209595244284,0.0005247106621528367,0.10053967161326716,0.31006171460239085,0.0,0.0,0.1396765952050751,0.00026169019253408755,0.1
2019-01-08,844830506.1940546,327074837.2440547,0.0,517755668.95,0.6128515307555351,Crisis,0.55,0.0,0.0,0.0,0.3546868593795444,0.0,0.0,0.15784444219556812,0.0003487089988347691,0.09997152018158784,0.31006171460239085,0.0,0.0,0.1396765952050751,0.00026169019253408755,0.1
2019-01-09,850672488.1572626,366644484.6072625,0.0,484028003.55,0.5689945428921859,Bear,0.55,0.0,0.0,0.0,0.32276045995652547,0.0,0.0,0.14344815625145851,0.0003526621633783688,0.10243326452082353,0.318426479383309,0.0,0.0,0.13137725297229044,0.00019626764440056565,0.1
2019-01-10,851438144.9572625,366644484.6072625,0.0,484793660.35,0.5693821250800715,Bear,1.0,0.0,0.0,0.0,0.32402209365878,0.0,0.0,0.14321874198638446,0.0003514054447431624,0.10178988399016378,0.6474283545794944,0.0,0.0,0.2522772439539047,0.0002944014666008485,0.1
2019-01-11,852697127.4396801,197776869.03968012,0.0,654920258.4,0.7680573058413747,Bear,1.0,0.0,0.0,0.0,0.473005297450743,0.0,0.0,0.19287235139845602,0.0003541703030087474,0.1018254866891669,0.6581303981450111,0.0,0.0,0.24164880075503828,0.0002208010999506364,0.1
2019-01-14,851214998.2595348,49349123.259534806,0.0,801865875.0,0.9420250778470326,Bear,1.0,0.0,0.0,0.0,0.612182052789814,0.0,0.0,0.2301550141862829,0.0002643280492708114,0.09942368282166486,0.6581303981450111,0.0,0.0,0.24164880075503828,0.0002208010999506364,0.1
2019-01-15,856247615.80131,12495788.851309929,0.0,843751826.95,0.9854063373483197,Bear,1.0000000000000002,0.0,0.0,0.0,0.6463681611913848,0.0,0.0,0.23728112785442826,0.0002650518329182282,0.10149199646958838,0.6681299438024493,0.0,0.0,0.2317044553725879,0.00016560082496297734,0.1
2019-01-16,850722184.0448071,3014663.894807132,0.0,847707520.15,0.9964563473818518,Bear,1.0000000000000002,0.0,0.0,0.0,0.6616133100866158,0.0,0.0,0.2339272487920903,0.0002664207002600775,0.10064936780288569,0.6681299438024493,0.0,0.0,0.2317044553725879,0.00016560082496297734,0.1
2019-01-17,852131070.8948071,3014663.894807132,0.0,849116407.0,0.9964622063462122,Bear,1.0000000000000002,0.0,0.0,0.0,0.6618042414623057,0.0,0.0,0.23381449967641846,0.0002659802086103949,0.10057748499887764,0.6681299438024493,0.0,0.0,0.2317044553725879,0.00016560082496297734,0.1
2019-01-18,858061085.7448071,3014663.894807132,0.0,855046421.85,0.9964866558513251,Bear,0.9999999999999999,0.0,0.0,0.0,0.6628462487100291,0.0,0.0,0.23236597406923792,0.00026554053526646476,0.10100889253679167,0.6810974578518368,0.0,0.0,0.21429081512010395,0.004611727028059139,0.1
2019-01-21,858909320.4117558,637797.3617558838,0.0,858271523.05,0.9992574334139835,Bear,1.0000000000000002,0.0,0.0,0.0,0.6768292172814141,0.0,0.0,0.2176801387023824,0.003473591366513206,0.10127448606367392,0.6908230933888778,0.0,0.0,0.1975477209403718,0.011629185670750556,0.1
2019-01-22,861853091.6379702,234116.68797026086,89700.0,861529274.9499999,0.9996242785561575,Bear,1.0000000000000002,0.0,0.0,0.0,0.6882605988250846,0.0,0.0,0.20270925717510427,0.009193388150341845,0.09946103440562681,0.6981173200416584,0.0,0.0,0.1874839131413642,0.014398766816977547,0.1
2019-01-23,860630677.0765116,1528490.1265116374,89700.0,859012486.9499999,0.9981197624374621,Bear,1.0000000000000002,0.0,0.0,0.0,0.6948161422519668,0.0,0.0,0.19089256794572115,0.013016500920062006,0.09939455131971221,0.6981173200416584,0.0,0.0,0.1874839131413642,0.014398766816977547,0.1
2019-01-24,863310440.2265117,1528490.1265116374,89700.0,861692250.1,0.9981255987984031,Bear,1.0000000000000002,0.0,0.0,0.0,0.6944899796910714,0.0,0.0,0.19074447884215803,0.013037720240064285,0.09985342002510943,0.6981173200416584,0.0,0.0,0.1874839131413642,0.014398766816977547,0.1
2019-01-25,866924765.1265117,1528490.1265116374,89700.0,865306575.0,0.9981334134268554,Bear,1.0000000000000002,0.0,0.0,0.0,0.6932432884326434,0.0,0.0,0.19001049067500275,0.013149930026899601,0.10172970429230961,0.6981173200416584,0.0,0.0,0.1874839131413642,0.014398766816977547,0.1
2019-01-28,866690852.6765118,1528490.1265116374,89700.0,865072662.5500001,0.9981329096511006,Bear,1.0000000000000002,0.0,0.0,0.0,0.6937378659220903,0.0,0.0,0.1888159999550379,0.013179786038728974,0.1023992577352434,0.6981173200416584,0.0,0.0,0.1874839131413642,0.014398766816977547,0.1
2019-01-29,865043452.1765116,1528490.1265116374,89700.0,863425262.05,0.9981293539388799,Bear,1.0000000000000002,0.0,0.0,0.0,0.6950723232886937,0.0,0.0,0.1891795141483917,0.013090671886490789,0.10078684461530373,0.6981173200416584,0.0,0.0,0.1874839131413642,0.014398766816977547,0.1
2019-01-30,865455664.3765117,1528490.1265116374,89700.0,863837474.25,0.9981302449182333,Bear,1.0000000000000002,0.0,0.0,0.0,0.694886981510779,0.0,0.0,0.18944633070039188,0.013058092361255233,0.10073884034580731,0.6981173200416584,0.0,0.0,0.1874839131413642,0.014398766816977547,0.1
2019-02-11,868369591.1765116,1528490.1265116374,89700.0,866751401.05,0.9981365191239374,Bear,1.0000000000000002,0.0,0.0,0.0,0.6934657859611705,0.0,0.0,0.18922357676916837,0.01315430677912593,0.10229284961447266,0.6981173200416584,0.0,0.0,0.1874839131413642,0.014398766816977547,0.1
2019-02-12,871854429.4265116,1528490.1265116374,89700.0,870236239.3,0.9981439675341489,Bear,1.0000000000000002,0.0,0.0,0.0,0.6937995826870845,0.0,0.0,0.18793412577805912,0.013188898985767245,0.10322136008323804,0.6981173200416584,0.0,0.0,0.1874839131413642,0.014398766816977547,0.1
2019-02-13,869018216.7265117,1528490.1265116374,89700.0,867400026.6,0.9981379100053769,Bear,1.0000000000000002,0.0,0.0,0.0,0.6945642967918993,0.0,0.0,0.18680966276117805,0.013205707060122085,0.10355824339217733,0.6981173200416584,0.0,0.0,0.1874839131413642,0.014398766816977547,0.1
2019-02-14,868309516.7265117,1528490.1265116374,89700.0,866691326.6,0.9981363901980342,Bear,1.0000000000000002,0.0,0.0,0.0,0.6949030443369514,0.0,0.0,0.18669252942330497,0.013172722145348299,0.10336809429242956,0.6981173200416584,0.0,0.0,0.1874839131413642,0.014398766816977547,0.1
2019-02-15,866155128.9265118,1528490.1265116374,89700.0,864536938.8000001,0.9981317548410558,Bear,1.0000000000000002,0.0,0.0,0.0,0.6940541234744624,0.0,0.0,0.18810810507112258,0.013170389020426696,0.1027991372750441,0.6981173200416584,0.0,0.0,0.1874839131413642,0.014398766816977547,0.1
2019-02-18,873529768.1765116,1528490.1265116374,89700.0,871911578.05,0.9981475272103323,Bear,1.0,0.0,0.0,0.0,0.6937625941644415,0.0,0.0,0.18716648929010846,0.013163604056681067,0.10405483969910123,0.6949305092304049,0.0,0.0,0.17999408061430672,0.025075410155288424,0.1
2019-02-19,873196680.6265117,1528490.1265116374,89700.0,871578490.5,0.9981468205704234,Bear,1.0,0.0,0.0,0.0,0.6941757841602086,0.0,0.0,0.1868553827792072,0.013142514458215829,0.10397313917279165,0.7721450102560055,0.0,0.0,0.19999342290478522,0.02786156683920936,0.0
2019-02-20,877596507.8985461,11853943.748545974,89700.0,865652864.1500001,0.986390506752191,Bear,1.0,0.0,0.0,0.0,0.7397057740173302,0.0,0.0,0.19599314542838206,0.02427271508977171,0.026418872216707016,0.7673010251332938,0.0,0.0,0.19261093187281234,0.040088042993893874,0.0
2019-02-21,879338464.5093838,2683170.609383681,89700.0,876565593.9000001,0.9968466401490457,Bear,0.9999999999999999,0.0,0.0,0.0,0.7601507051928433,0.0,0.0,0.1936091810733968,0.036387012841354614,0.006699741041450975,0.7605449710942971,0.0,0.0,0.1870628999715122,0.052392128934190624,0.0
2019-02-22,881839130.8383163,550740.3883164078,89700.0,881198690.4499999,0.9992737446480657,Bear,0.9999999999999999,0.0,0.0,0.0,0.7608687990655973,0.0,0.0,0.18864154944208328,0.0480807082803109,0.0016826878600741785,0.7605449710942971,0.0,0.0,0.1870628999715122,0.052392128934190624,0.0
2019-02-25,884557428.8883164,550740.3883164078,89700.0,883916988.5,0.9992759764743355,Bear,0.9999999999999999,0.0,0.0,0.0,0.7605677670306955,0.0,0.0,0.18872759930330965,0.04827555408546751,0.001705056054862919,0.7605449710942971,0.0,0.0,0.1870628999715122,0.052392128934190624,0.0
2019-02-26,884396632.2883164,550740.3883164078,89700.0,883756191.9,0.9992758448359768,Bear,1.0,0.0,0.0,0.0,0.7610987054059278,0.0,0.0,0.1880642620377799,0.04840893603272215,0.0017039413595468394,0.7557917904439142,0.0,0.0,0.1814720177508255,0.06273619180526033,0.0
2019-02-27,889146247.6883163,550740.3883164078,89700.0,888505807.3,0.9992797131068354,Bear,1.0,0.0,0.0,0.0,0.7615081985223083,0.0,0.0,0.1879610923787921,0.048119361816165496,0.0016910603895694285,0.7557917904439142,0.0,0.0,0.1814720177508255,0.06273619180526033,0.0
2019-03-04,885663675.4883164,550740.3883164078,89700.0,885023235.1,0.9992768808227759,Bear,1.0,0.0,0.0,0.0,0.7611685154958048,0.0,0.0,0.18855464508909173,0.04787308226977107,0.0016806379681082854,0.7557917904439142,0.0,0.0,0.1814720177508255,0.06273619180526033,0.0
2019-03-05,884257612.8383163,550740.3883164078,89700.0,883617172.4499999,0.9992757309871942,Bear,1.0,0.0,0.0,0.0,0.7610710189871475,0.0,0.0,0.18870869481619165,0.04782458119219207,0.0016714359916630357,0.7557917904439142,0.0,0.0,0.1814720177508255,0.06273619180526033,0.0
2019-03-06,886511535.9883164,550740.3883164078,89700.0,885871095.6,0.9992775724146642,Bear,1.0,0.0,0.0,0.0,0.7618651062978399,0.0,0.0,0.18790708663964348,0.047827296407069876,0.001678083070110896,0.7557917904439142,0.0,0.0,0.1814720177508255,0.06273619180526033,0.0
2019-03-07,884391807.4383163,550740.3883164078,89700.0,883751367.05,0.9992758408853069,Bear,1.0,0.0,0.0,0.0,0.7615282179069415,0.0,0.0,0.18832569297812793,0.04775502175029556,0.0016669082499419477,0.7557917904439142,0.0,0.0,0.1814720177508255,0.06273619180526033,0.0
2019-03-08,882661957.6883163,640440.3883164078,0.0,882021517.3,0.999274421671017,Bear,1.0,89700.0,0.0,0.0,0.7614561967304514,0.0,0.0,0.18872661107574662,0.047442851292325845,0.0016487625724931178,0.766305139084225,0.0,0.0,0.18421361958119806,0.049481241334576875,0.0
2019-03-11,883106120.1383164,640440.3883164078,0.0,882465679.75,0.9992747866041104,Bear,1.0,0.0,0.0,0.0,0.7620281576630893,0.0,0.0,0.18807898191667566,0.04751257979440594,0.0016550672299395647,0.766305139084225,0.0,0.0,0.18421361958119806,0.049481241334576875,0.0
2019-03-12,888677034.4883164,640440.3883164078,0.0,888036594.1,0.9992793328020622,Bear,1.0,0.0,0.0,0.0,0.7626496666364686,0.0,0.0,0.1870456797566601,0.04789675928163035,0.0016872271273031451,0.766305139084225,0.0,0.0,0.18421361958119806,0.049481241334576875,0.0
2019-03-13,891481492.5383164,640440.3883164078,0.0,890841052.15,0.9992815999056887,Bear,1.0,0.0,0.0,0.0,0.7622718338382022,0.0,0.0,0.1876763582871676,0.04765337290294234,0.0016800348773764666,0.766305139084225,0.0,0.0,0.18421361958119806,0.049481241334576875,0.0
2019-03-14,887663648.1883163,640440.3883164078,0.0,887023207.8,0.9992785100644557,Bear,1.0,0.0,0.0,0.0,0.76260328918684,0.0,0.0,0.18716492484409342,0.04782729369018088,0.0016830023433414985,0.766305139084225,0.0,0.0,0.18421361958119806,0.049481241334576875,0.0
2019-03-15,889591607.7383164,640440.3883164078,0.0,888951167.35,0.9992800737071422,Bull,1.0,0.0,0.0,0.0,0.761373827561151,0.0,0.0,0.18813756620918182,0.04806430234735042,0.0017043775894590135,0.7747288543131688,0.0,0.0,0.14995509613398364,0.07531604955284758,0.0
2019-03-18,896990271.500272,2029488.6002720906,0.0,894960782.9,0.9977374463639638,Bull,1.0,0.0,0.0,0.0,0.7699473504265207,0.0,0.0,0.15899336317379084,0.06834912478756064,0.0004476079760914979,0.7810466407348766,0.0,0.0,0.12450898644276398,0.09444437282235944,0.0
2019-03-19,899491213.4946264,277517.89462634735,0.0,899213695.6,0.9996914723674196,Bull,1.0000000000000002,0.0,0.0,0.0,0.7784595169969196,0.0,0.0,0.13316472490558195,0.0879448279351898,0.00012240252972816587,0.7857849805511575,0.0,0.0,0.1061284764168789,0.10808654303196369,0.0
2019-03-20,905119915.1376985,1135678.1376985745,0.0,903984237.0,0.9987452732851141,Bull,1.0,0.0,0.0,0.0,0.7835831199141186,0.0,0.0,0.11260806252892362,0.10251348848719569,4.060235487626976e-05,0.7893387354133681,0.0,0.0,0.09448972205085049,0.11617154253578144,0.0
2019-03-21,907037843.231365,76351.58136482537,0.0,906961491.6500001,0.9999158231578378,Bull,1.0,0.0,0.0,0.0,0.7870694888613372,0.0,0.0,0.09936443189505441,0.11344069133150136,4.1211069944812877e-05,0.7920040515600261,0.0,0.0,0.08374586222707203,0.12425008621290194,0.0
2019-03-22,905246627.5935628,739108.6435629524,0.0,904507518.9499999,0.9991835278685017,Bull,1.0,0.0,0.0,0.0,0.7892074680788131,0.0,0.0,0.08791791935372237,0.12201669316750231,4.1447268463998866e-05,0.7920040515600261,0.0,0.0,0.08374586222707203,0.12425008621290194,0.0
2019-03-25,897714537.8935629,739108.6435629524,0.0,896975429.25,0.999176677426549,Bull,1.0,0.0,0.0,0.0,0.7895836363675343,0.0,0.0,0.08837274729464852,0.12117972407493531,4.0569689430960425e-05,0.7920040515600261,0.0,0.0,0.08374586222707203,0.12425008621290194,0.0
2019-03-26,903020049.5435629,739108.6435629524,0.0,902280940.9,0.9991815146917984,Bull,1.0,0.0,0.0,0.0,0.78989465545149,0.0,0.0,0.08800745901507931,0.12123850412328914,4.089610194000288e-05,0.7920040515600261,0.0,0.0,0.08374586222707203,0.12425008621290194,0.0
2019-03-27,902285074.8935629,739108.6435629524,0.0,901545966.25,0.9991808479779518,Bull,1.0,0.0,0.0,0.0,0.7899125299552096,0.0,0.0,0.08812159506171528,0.12110584896119461,4.087399983242603e-05,0.7920040515600261,0.0,0.0,0.08374586222707203,0.12425008621290194,0.0
2019-03-28,901962638.0435629,739108.6435629524,0.0,901223529.4,0.999180555144539,Bull,1.0,0.0,0.0,0.0,0.789121599253675,0.0,0.0,0.08886909126731324,0.12114914231593969,4.072230761095674e-05,0.7920040515600261,0.0,0.0,0.08374586222707203,0.12425008621290194,0.0
2019-03-29,908056924.943563,739108.6435629524,0.0,907317816.3000001,0.9991860547249184,Bull,1.0,0.0,0.0,0.0,0.7889921508439884,0.0,0.0,0.08882031267479487,0.12133248144861365,4.1109757521336134e-05,0.7920040515600261,0.0,0.0,0.08374586222707203,0.12425008621290194,0.0
2019-04-01,905635627.5935628,739108.6435629524,0.0,904896518.9499999,0.999183878569876,Bull,0.9999999999999999,0.0,0.0,0.0,0.7883315068413003,0.0,0.0,0.08807780697845745,0.12273280402555359,4.176072456479496e-05,0.7940030386700194,0.0,0.0,0.07232819936758876,0.13366876196239166,0.0
2019-04-02,904898477.6184784,143442.06847833004,0.0,904755035.5500001,0.999841482694439,Bull,0.9999999999999999,0.0,0.0,0.0,0.7918851155942835,0.0,0.0,0.07638260170567068,0.13153160596893188,4.215942555280188e-05,0.7940030386700194,0.0,0.0,0.07232819936758876,0.13366876196239166,0.0
2019-04-03,906226881.4684783,143442.06847833004,0.0,906083439.4,0.9998417150589862,Bull,0.9999999999999999,0.0,0.0,0.0,0.7928031755533291,0.0,0.0,0.07565765417253831,0.13133879874224413,4.208659087467893e-05,0.7940030386700194,0.0,0.0,0.07232819936758876,0.13366876196239166,0.0
2019-04-08,907880628.5684783,143442.06847833004,0.0,907737186.5,0.999842003382422,Bull,0.9999999999999999,0.0,0.0,0.0,0.7916243213969961,0.0,0.0,0.07584862792873877,0.13232631716069104,4.2736895996094544e-05,0.7940030386700194,0.0,0.0,0.07232819936758876,0.13366876196239166,0.0
2019-04-09,910553203.6684784,143442.06847833004,0.0,910409761.6,0.9998424671200975,Bull,0.9999999999999999,0.0,0.0,0.0,0.790827497722117,0.0,0.0,0.07621850070967197,0.13275336302480423,4.310566350419482e-05,0.7940030386700194,0.0,0.0,0.07232819936758876,0.13366876196239166,0.0
2019-04-10,912092149.2684784,143442.06847833004,0.0,911948707.2,0.9998427329205789,Bull,0.9999999999999999,0.0,0.0,0.0,0.7908354301465189,0.0,0.0,0.0762718986845732,0.13269218477219347,4.321931729334132e-05,0.7940030386700194,0.0,0.0,0.07232819936758876,0.13366876196239166,0.0
2019-04-11,910592576.5684783,143442.06847833004,0.0,910449134.5,0.999842473931625,Bull,0.9999999999999999,0.0,0.0,0.0,0.7910666010638503,0.0,0.0,0.07639311124426756,0.13233992138847356,4.284023503355056e-05,0.7940030386700194,0.0,0.0,0.07232819936758876,0.13366876196239166,0.0
2019-04-12,910688367.8184783,143442.06847833004,0.0,910544925.75,0.9998424905010899,Bull,0.9999999999999999,0.0,0.0,0.0,0.7907100400051787,0.0,0.0,0.07684516731847514,0.13224446940998505,4.281376745087802e-05,0.7940030386700194,0.0,0.0,0.07232819936758876,0.13366876196239166,0.0
2019-04-15,911636902.4684783,143442.06847833004,0.0,911493460.4,0.9998426543856551,Bull,0.9999999999999999,0.0,0.0,0.0,0.7897053184778167,0.0,0.0,0.0767652119067435,0.13332857596141762,4.354803967731298e-05,0.7940030386700194,0.0,0.0,0.07232819936758876,0.13366876196239166,0.0
2019-04-16,915328410.1684784,143442.06847833004,0.0,915184968.1,0.9998432889584931,Bull,0.9999999999999999,0.0,0.0,0.0,0.7897439542676767,0.0,0.0,0.07685929904333558,0.13319645566071664,4.3579986764157924e-05,0.7940030386700194,0.0,0.0,0.07232819936758876,0.13366876196239166,0.0
2019-04-17,917676375.7684783,143442.06847833004,0.0,917532933.6999999,0.9998436899191633,Bull,0.9999999999999999,0.0,0.0,0.0,0.7893242354565589,0.0,0.0,0.07656784227572523,0.13390750077563562,4.411141124353489e-05,0.7940030386700194,0.0,0.0,0.07232819936758876,0.13366876196239166,0.0
2019-04-18,920341021.3184783,143442.06847833004,0.0,920197579.25,0.9998441424807156,Bull,0.9999999999999999,0.0,0.0,0.0,0.7898841868512552,0.0,0.0,0.07647708661205453,0.13343912436290561,4.3744654500267324e-05,0.7940030386700194,0.0,0.0,0.07232819936758876,0.13366876196239166,0.0
2019-04-19,923386097.6184783,143442.06847833004,0.0,923242655.55,0.9998446564564397,Bull,0.9999999999999999,0.0,0.0,0.0,0.7909062064433938,0.0,0.0,0.07573484177459913,0.1331598995448634,4.370869358342431e-05,0.7940030386700194,0.0,0.0,0.07232819936758876,0.13366876196239166,0.0
2019-04-22,925607579.0684783,143442.06847833004,0.0,925464137.0,0.999845029284848,Bull,0.9999999999999999,0.0,0.0,0.0,0.7915640532431238,0.0,0.0,0.0755573977369366,0.13267987727973682,4.3701025050711506e-05,0.7940030386700194,0.0,0.0,0.07232819936758876,0.13366876196239166,0.0
2019-04-23,929879688.0684783,143442.06847833004,0.0,929736246.0,0.9998457412605966,Bull,0.9999999999999999,0.0,0.0,0.0,0.7914397802673624,0.0,0.0,0.07573291567028394,0.13262925471162434,4.379061132583992e-05,0.7940030386700194,0.0,0.0,0.07232819936758876,0.13366876196239166,0.0
2019-04-24,937576505.3684783,143442.06847833004,0.0,937433063.3,0.9998470076120114,Bull,0.9999999999999999,0.0,0.0,0.0,0.7928615414779914,0.0,0.0,0.07516399952055507,0.13177804615682284,4.3420456642096106e-05,0.7940030386700194,0.0,0.0,0.07232819936758876,0.13366876196239166,0.0
2019-04-25,937413369.5684783,143442.06847833004,0.0,937269927.5,0.9998469809871131,Bull,0.9999999999999999,0.0,0.0,0.0,0.7922955993703106,0.0,0.0,0.07538989979685523,0.13211780845094168,4.3673369005656496e-05,0.7940030386700194,0.0,0.0,0.07232819936758876,0.13366876196239166,0.0
2019-04-26,937678659.5684783,143442.06847833004,0.0,937535217.5,0.9998470242795711,Bull,0.9999999999999999,0.0,0.0,0.0,0.7931159357324467,0.0,0.0,0.07611242857211249,0.13057591612071703,4.2743854294865684e-05,0.7940030386700194,0.0,0.0,0.07232819936758876,0.13366876196239166,0.0
2019-04-29,945460883.6684783,143442.06847833004,0.0,945317441.5999999,0.9998482834446606,Bull,0.9999999999999999,0.0,0.0,0.0,0.794703635632864,0.0,0.0,0.07505122763479775,0.1300508589238629,4.256125313599963e-05,0.7940030386700194,0.0,0.0,0.07232819936758876,0.13366876196239166,0.0
2019-04-30,950271134.2184783,143442.06847833004,0.0,950127692.15,0.9998490514303622,Bull,0.9999999999999999,0.0,0.0,0.0,0.7953059763006995,0.0,0.0,0.07510803751678573,0.1293925444774486,4.249313542835257e-05,0.7940030386700194,0.0,0.0,0.07232819936758876,0.13366876196239166,0.0
2019-05-02,953034431.3184783,143442.06847833004,0.0,952890989.25,0.9998494891015848,Bull,0.9999999999999999,0.0,0.0,0.0,0.7953080438042553,0.0,0.0,0.07516989695838179,0.12932901052639043,4.25378125572177e-05,0.7940030386700194,0.0,0.0,0.07232819936758876,0.13366876196239166,0.0
2019-05-03,952596833.2684783,143442.06847833004,0.0,952453391.1999999,0.9998494199608179,Bull,0.9999999999999999,0.0,0.0,0.0,0.7942182198990888,0.0,0.0,0.07503016754188184,0.13055759336641434,4.343915343285372e-05,0.7940030386700194,0.0,0.0,0.07232819936758876,0.13366876196239166,0.0
2019-05-06,942979387.4684783,143442.06847833004,0.0,942835945.4,0.9998478841951536,Bull,0.9999999999999999,0.0,0.0,0.0,0.795219604336332,0.0,0.0,0.07498043004928727,0.12960569618398513,4.2153625549242195e-05,0.7940030386700194,0.0,0.0,0.07232819936758876,0.13366876196239166,0.0
2019-05-07,949791572.8184783,143442.06847833004,0.0,949648130.75,0.9998489752145803,Bull,0.9999999999999999,0.0,0.0,0.0,0.7944141034131952,0.0,0.0,0.07538706601441324,0.1300051016809756,4.270410599626548e-05,0.7940030386700194,0.0,0.0,0.07232819936758876,0.13366876196239166,0.0
2019-05-08,948530374.5684783,143442.06847833004,0.0,948386932.5,0.9998487744068886,Bull,0.9999999999999999,0.0,0.0,0.0,0.7958074962474535,0.0,0.0,0.07476038923082534,0.1292386130025296,4.2275926080114176e-05,0.7940030386700194,0.0,0.0,0.07232819936758876,0.13366876196239166,0.0
2019-05-09,937022640.0184783,143442.06847833004,0.0,936879197.9499999,0.9998469171796367,Bull,0.9999999999999999,0.0,0.0,0.0,0.7947743161630693,0.0,0.0,0.07579005774993818,0.12924100745059036,4.153581603880189e-05,0.7940030386700194,0.0,0.0,0.07232819936758876,0.13366876196239166,0.0
2019-05-10,936462942.9684784,143442.06847833004,0.0,936319500.9000001,0.9998468256864242,Bull,0.9999999999999999,0.0,0.0,0.0,0.7941992755660322,0.0,0.0,0.07636714355541478,0.12923896338744267,4.1443177534582226e-05,0.7940030386700194,0.0,0.0,0.07232819936758876,0.13366876196239166,0.0
2019-05-13,931955019.8184783,143442.06847833004,0.0,931811577.75,0.9998460847729472,Bull,1.0000000000000002,0.0,0.0,0.0,0.7955872997973833,0.0,0.0,0.07650530174072925,0.12771297698807682,4.0506246757866874e-05,0.7955022790025148,0.0,0.0,0.08156373492897669,0.12293398606850865,0.0
2019-05-14,928418458.6184783,143442.06847833004,0.0,928275016.55,0.9998454984741559,Bull,1.0,0.0,0.0,0.0,0.7954530844301994,0.0,0.0,0.07695236920031875,0.12739971820035276,4.0326643285089496e-05,0.7966267092518861,0.0,0.0,0.09455289944508952,0.10882039130302448,0.0
2019-05-15,931764703.1149321,225703.4149319589,0.0,931538999.7,0.9997577677989116,Bull,1.0,0.0,0.0,0.0,0.7964222482555938,0.0,0.0,0.09005911011596811,0.11323593783632042,4.0471591029294996e-05,0.7974700319389145,0.0,0.0,0.10601412449397904,0.09651584356710648,0.0
2019-05-16,925403167.6324844,133580.83248445828,0.0,925269586.8,0.9998556512046244,Bull,1.0,0.0,0.0,0.0,0.7976153125651889,0.0,0.0,0.10165839419015371,0.1005419618759623,3.998257331953959e-05,0.7981025239541859,0.0,0.0,0.11641264316260366,0.08548483288321046,0.0
2019-05-17,926584578.7732785,240497.8232784581,0.0,926344080.95,0.99974044698262,Bull,1.0,0.0,0.0,0.0,0.7987709140701106,0.0,0.0,0.1126800535988059,0.08825017367357699,3.930564012647078e-05,0.7985768929656394,0.0,0.0,0.13730948237195273,0.06411362466240784,0.0
2019-05-20,933259876.0118043,94639.01180433575,0.0,933165237.0,0.999898593077623,Bull,1.0,0.0,0.0,0.0,0.7999765190704039,0.0,0.0,0.13025160850102,0.06963140886084558,3.90566453534524e-05,0.7989326697242296,0.0,0.0,0.15298211177896454,0.04808521849680589,0.0
2019-05-21,947699519.129447,715999.5294470883,0.0,946983519.5999999,0.9992444867650616,Bull,1.0,0.0,0.0,0.0,0.8049481551924285,0.0,0.0,0.14139523899209325,0.05286232501839766,3.8767562142216995e-05,0.7991995022931722,0.0,0.0,0.16473658383422338,0.036063913872604415,0.0
2019-05-22,941923266.5799656,277750.82996559143,0.0,941645515.75,0.9997051237188629,Bull,1.0,0.0,0.0,0.0,0.8003673361709005,0.0,0.0,0.15876388800011063,0.04053493671372072,3.89628341311222e-05,0.7991995022931722,0.0,0.0,0.16473658383422338,0.036063913872604415,0.0
2019-05-23,939998477.5799656,277750.82996559143,0.0,939720726.75,0.9997045199150953,Bear,0.5,0.0,0.0,0.0,0.8000728668052781,0.0,0.0,0.15972717358707353,0.03986671350413122,3.776601861249293e-05,0.38790292825080275,0.0,0.0,0.09857310404697059,0.013523967702226657,0.0
2019-05-24,940744689.615905,168147064.615905,0.0,772597625.0,0.8212617445817765,Bear,0.5,0.0,0.0,0.0,0.6509893404235337,0.0,0.0,0.14071681877263492,0.0295177323948941,3.785299071370697e-05,0.37983284505049875,0.0,0.0,0.11002417917283124,0.010142975776669992,0.0
2019-05-27,944177378.1135714,355674492.66357154,0.0,588502885.4499999,0.623296955732836,Bear,0.5,0.0,0.0,0.0,0.48372516228096135,0.0,0.0,0.12212959415569642,0.01740451569898061,3.768359719768696e-05,0.3736081280339432,0.0,0.0,0.11878464013355426,0.007607231832502496,0.0
2019-05-28,943284051.2660229,442354820.9160229,0.0,500929230.35,0.5310481287981927,Bear,0.5,0.0,0.0,0.0,0.4021205275769332,0.0,0.0,0.11875468460391528,0.010135229136089568,3.768748125475755e-05,0.3698734001410577,0.0,0.0,0.12442117598456542,0.0057054238743768715,0.0
2019-05-29,944457171.6174884,464156004.21748847,0.0,480301167.4,0.5085473241496283,Bear,0.5,0.0,0.0,0.0,0.37748129625552884,0.0,0.0,0.12420256156147748,0.006826143306168974,3.732302645299462e-05,0.3698734001410577,0.0,0.0,0.12442117598456542,0.0057054238743768715,0.0
2019-05-30,948632151.1174884,464156004.21748847,0.0,484476146.9,0.5107102329699528,Bull,0.5,0.0,0.0,0.0,0.37923409666877755,0.0,0.0,0.12458475064415431,0.0068536576504824535,3.772800653850851e-05,0.37740505010579334,0.0,0.0,0.11831588198842406,0.004279067905782655,0.0
2019-05-31,951817302.5674884,464156004.21748847,0.0,487661298.35,0.5123475871205047,Bull,0.49999999999999994,0.0,0.0,0.0,0.38089558507925314,0.0,0.0,0.1244902773676972,0.006923387484367307,3.833718918701069e-05,0.38305378757934494,0.0,0.0,0.11373691149131801,0.00320930092933699,0.0
2019-06-03,949385869.2674885,464156004.21748847,0.0,485229865.05,0.5110986804810838,Bull,0.49999999999999994,0.0,0.0,0.0,0.37955215757321764,0.0,0.0,0.12455799462366147,0.006949966513711575,3.856177049301033e-05,0.38305378757934494,0.0,0.0,0.11373691149131801,0.00320930092933699,0.0
2019-06-04,949961637.0174885,464156004.21748847,0.0,485805632.8,0.5113950015131574,Bull,0.49999999999999994,0.0,0.0,0.0,0.3796497445226417,0.0,0.0,0.12480556622500466,0.006901541856557417,3.814890895360739e-05,0.38305378757934494,0.0,0.0,0.11373691149131801,0.00320930092933699,0.0
2019-06-05,951804511.4174885,464156004.21748847,0.0,487648507.2,0.5123410336370045,Bull,0.49999999999999994,0.0,0.0,0.0,0.3807627016395134,0.0,0.0,0.12462979380433772,0.006910242514195285,3.829567895797879e-05,0.38305378757934494,0.0,0.0,0.11373691149131801,0.00320930092933699,0.0
2019-06-06,955470250.4174885,464156004.21748847,0.0,491314246.2,0.5142119767573322,Bull,0.49999999999999994,0.0,0.0,0.0,0.3830847648475361,0.0,0.0,0.12425870920431424,0.006830981914034627,3.752079144728525e-05,0.38305378757934494,0.0,0.0,0.11373691149131801,0.00320930092933699,0.0
2019-06-10,957848214.0674884,464156004.21748847,0.0,493692209.85,0.5154179990100345,Bull,0.9999999999999999,0.0,0.0,0.0,0.3840100179213612,0.0,0.0,0.12443683482360385,0.006932413614681691,3.873265038774295e-05,0.6894968176428209,0.0,0.0,0.20472644068437243,0.005776741672806582,0.1
2019-06-11,947198173.6174016,273043598.8674016,0.0,674154574.75,0.7117355095559009,Bull,0.9999999999999999,0.0,0.0,0.0,0.5052482765273015,0.0,0.0,0.15793791010879502,0.006622267836565391,0.041927055083238816,0.6894968176428209,0.0,0.0,0.20472644068437243,0.005776741672806582,0.1
2019-06-12,940446563.9818687,85082070.68186873,0.0,855364493.3,0.90953013819134,Bull,1.0000000000000002,0.0,0.0,0.0,0.6287728787016977,0.0,0.0,0.19198092365350047,0.0061865290627104354,0.08258980677343136,0.6971226132321159,0.0,0.0,0.19135873026337966,0.011518656504504609,0.1
2019-06-13,940300141.2238395,21533507.723839566,0.0,918766633.5,0.9770993252262913,Bull,1.0,0.0,0.0,0.0,0.6810864589113637,0.0,0.0,0.1916005242384753,0.010088268186000247,0.09432407389045212,0.7028419599240868,0.0,0.0,0.18119380562816267,0.015964234447750473,0.1
2019-06-14,944050334.3548012,5251685.054801267,0.0,938798649.3,0.9944370709233524,Bull,1.0,0.0,0.0,0.0,0.6989147562253012,0.0,0.0,0.18291874248211454,0.014375080974124953,0.09822849124181171,0.7028419599240868,0.0,0.0,0.18119380562816267,0.015964234447750473,0.1
2019-06-17,945829975.1048013,5251685.054801267,0.0,940578290.0500001,0.9944475379370173,Bull,1.0,0.0,0.0,0.0,0.7001448753795563,0.0,0.0,0.18178816967705888,0.014311663149077211,0.09820282973132484,0.7071314699430652,0.0,0.0,0.17081806004514477,0.022050470011790065,0.1
2019-06-18,948895527.0048013,5251685.054801267,0.0,943643841.95,0.9944654760135943,Bull,1.0,0.0,0.0,0.0,0.700680942241006,0.0,0.0,0.1817294898041262,0.014301679809616528,0.09775336415884554,0.7071314699430652,0.0,0.0,0.17081806004514477,0.022050470011790065,0.1
2019-06-19,964276276.9548012,5251685.054801267,0.0,959024591.9,0.9945537547896687,Bull,1.0,0.0,0.0,0.0,0.6993407055803876,0.0,0.0,0.18021806006552377,0.014403548372943146,0.10059144077081407,0.7103486024572989,0.0,0.0,0.14968525409037656,0.03996614345232458,0.1
2019-06-20,964304445.993624,983513.3936241185,0.0,963320932.5999999,0.9989800799968203,Bull,1.0,0.0,0.0,0.0,0.7079282434465864,0.0,0.0,0.15697863950427218,0.033537126303173584,0.10053607074278803,0.7127614518429742,0.0,0.0,0.13540877436220283,0.051829773794823016,0.1
2019-06-21,957833053.9516318,17865.701631769538,0.0,957815188.25,0.9999813477917074,Bull,1.0,0.0,0.0,0.0,0.7093740244678497,0.0,0.0,0.1423901581150562,0.04752242555444174,0.10069473965435988,0.7145710888822306,0.0,0.0,0.12315380512116604,0.062275105996603346,0.1
2019-06-24,963515703.4954721,959769.6454720728,0.0,962555933.85,0.9990038879055212,Bull,1.0,0.0,0.0,0.0,0.7118274371261694,0.0,0.0,0.12827460886378883,0.05848664406357008,0.10041519785199295,0.7145710888822306,0.0,0.0,0.12315380512116604,0.062275105996603346,0.1
2019-06-25,962046653.4954721,959769.6454720728,0.0,961086883.85,0.9990023668374243,Bull,1.0,0.0,0.0,0.0,0.7132359032245513,0.0,0.0,0.12836269379589002,0.05825133302671351,0.0991524367902694,0.7145710888822306,0.0,0.0,0.12315380512116604,0.062275105996603346,0.1
2019-06-26,958702712.7454721,959769.6454720728,0.0,957742943.1,0.9989988871078465,Bull,1.0,0.0,0.0,0.0,0.713655499253443,0.0,0.0,0.12837775294026493,0.058164954848526226,0.09880068006561231,0.7145710888822306,0.0,0.0,0.12315380512116604,0.062275105996603346,0.1
2019-06-27,965006939.0954721,959769.6454720728,0.0,964047169.45,0.9990054272082524,Bull,1.0,0.0,0.0,0.0,0.7121631064064383,0.0,0.0,0.12789327723972954,0.05861201376750327,0.10033702979458123,0.715928316661673,0.0,0.0,0.11362967074146332,0.07044201259686371,0.1
2019-06-28,961456645.8954722,959769.6454720728,0.0,960496876.2500001,0.9990017546297387,Bull,1.0,0.0,0.0,0.0,0.712916624141282,0.0,0.0,0.12785818323145143,0.05839535275946696,0.09983159449753824,0.715928316661673,0.0,0.0,0.11362967074146332,0.07044201259686371,0.1
2019-07-01,963561352.2454721,959769.6454720728,0.0,962601582.6,0.9990039350963636,Bull,1.0,0.0,0.0,0.0,0.708829864344748,0.0,0.0,0.1271505957710808,0.05952822813651776,0.10349524684401705,0.715928316661673,0.0,0.0,0.11362967074146332,0.07044201259686371,0.1
2019-07-02,963841181.045472,959769.6454720728,0.0,962881411.4,0.9990042242805698,Bull,1.0,0.0,0.0,0.0,0.7087504921288186,0.0,0.0,0.12783278243657778,0.05936693837664575,0.10305401133852769,0.715928316661673,0.0,0.0,0.11362967074146332,0.07044201259686371,0.1
2019-07-03,960756673.4954721,959769.6454720728,0.0,959796903.85,0.9990010273444366,Bull,1.0,0.0,0.0,0.0,0.7110007587714345,0.0,0.0,0.1277035105607083,0.05887130587833129,0.10142545213396248,0.715928316661673,0.0,0.0,0.11362967074146332,0.07044201259686371,0.1
2019-07-04,964494957.145472,959769.6454720728,0.0,963535187.5,0.9990048992601137,Bull,1.0,0.0,0.0,0.0,0.7109324236690427,0.0,0.0,0.12724110073443337,0.059002900511191295,0.10182847434544627,0.715928316661673,0.0,0.0,0.11362967074146332,0.07044201259686371,0.1
2019-07-05,966457708.0954721,959769.6454720728,0.0,965497938.45,0.9990069201813668,Bull,1.0,0.0,0.0,0.0,0.7113674842583845,0.0,0.0,0.12695020068884358,0.058811264604643386,0.10187797062949545,0.715928316661673,0.0,0.0,0.11362967074146332,0.07044201259686371,0.1
2019-07-08,964383722.9954721,959769.6454720728,0.0,963423953.35,0.9990047844829951,Bull,1.0,0.0,0.0,0.0,0.712205729910712,0.0,0.0,0.12708457958966965,0.05872185381157235,0.10099262117104116,0.715928316661673,0.0,0.0,0.11362967074146332,0.07044201259686371,0.1
2019-07-09,961286861.815472,959769.6454720728,1143087.8199999998,959184004.3499999,0.9978124558349828,Bull,1.0,0.0,0.0,0.0,0.7128039002383996,0.0,0.0,0.12505788310989804,0.058838835988229095,0.10111183649845613,0.7966069305513941,0.0,0.0,0.11535606232146721,0.08803700712713865,0.0
2019-07-10,964915222.1535329,18859459.98353278,1143087.8199999998,944912674.35,0.9792701500149511,Bull,1.0,0.0,0.0,0.0,0.7554556686577101,0.0,0.0,0.11705795224984829,0.08109976731981591,0.02565676178757686,0.7966069305513941,0.0,0.0,0.11535606232146721,0.08803700712713865,0.0
2019-07-11,967791744.0331157,3782668.9131157715,1143087.8199999998,962865987.3,0.9949103133360195,Bull,1.0,0.0,0.0,0.0,0.7880369841984347,0.0,0.0,0.1136683596220426,0.08672015494805481,0.006484814567487414,0.7974551979135456,0.0,0.0,0.10507253582160087,0.09747226626485352,0.0
2019-07-12,966637043.0831158,3782668.9131157715,1143087.8199999998,961711286.35,0.9949042334262248,Bull,1.0,0.0,0.0,0.0,0.7876418473697314,0.0,0.0,0.1140604953937398,0.0867189506131851,0.006482940049568496,0.7974551979135456,0.0,0.0,0.10507253582160087,0.09747226626485352,0.0
2019-07-15,966969730.6331158,3782668.9131157715,1143087.8199999998,962043973.9,0.9949059866332209,Bull,1.0,0.0,0.0,0.0,0.7872345946150655,0.0,0.0,0.11397564629850432,0.08716053598163542,0.006535209738015746,0.7974551979135456,0.0,0.0,0.10507253582160087,0.09747226626485352,0.0
2019-07-16,967679305.7331158,3782668.9131157715,4900587.82,958996049.0,0.9910267206483895,Bull,1.0,0.0,0.0,0.0,0.7884027223481952,0.0,0.0,0.10881270207615702,0.08725364849673309,0.006557647727304125,0.7974551979135456,0.0,0.0,0.10507253582160087,0.09747226626485352,0.0
2019-07-17,970736506.9331158,3782668.9131157715,4900587.82,962053250.2,0.9910549807583222,Bull,1.0,0.0,0.0,0.0,0.7888574754640005,0.0,0.0,0.10933224334511671,0.08640490946919659,0.0064603524800083524,0.7974551979135456,0.0,0.0,0.10507253582160087,0.09747226626485352,0.0
2019-07-18,971239046.1831158,3782668.9131157715,4900587.82,962555789.45,0.9910596090970186,Bull,1.0,0.0,0.0,0.0,0.7896890497392497,0.0,0.0,0.1086656270819878,0.08625590201426599,0.006449030261515124,0.7974551979135456,0.0,0.0,0.10507253582160087,0.09747226626485352,0.0
2019-07-19,974566321.7831159,3782668.9131157715,5609687.82,965173965.0500001,0.9903625268766408,Bull,1.0,0.0,0.0,0.0,0.788547118726542,0.0,0.0,0.10900540848326333,0.08627324597690264,0.00653675368993278,0.7974551979135456,0.0,0.0,0.10507253582160087,0.09747226626485352,0.0
2019-07-22,975493696.4331158,3782668.9131157715,5609687.82,966101339.7,0.9903716889535433,Bull,1.0,0.0,0.0,0.0,0.7882077480474202,0.0,0.0,0.10896482508156118,0.08660660782218864,0.006592508002373272,0.7974551979135456,0.0,0.0,0.10507253582160087,0.09747226626485352,0.0
2019-07-23,975570283.0331157,3782668.9131157715,5609687.82,966177926.3,0.9903724448187226,Bull,1.0,0.0,0.0,0.0,0.7879601702401446,0.0,0.0,0.1090048578246722,0.08680748222127355,0.006599934532632169,0.7980913984351592,0.0,0.0,0.09438803909130968,0.1075205624735311,0.0
2019-07-24,975296807.8934188,3946029.123418698,5609687.82,965741090.95,0.9902022472891524,Bull,1.0,0.0,0.0,0.0,0.7887734735968381,0.0,0.0,0.09748140179536985,0.1022854778080046,0.0016618940889398734,0.7980913984351592,0.0,0.0,0.09438803909130968,0.1075205624735311,0.0
2019-07-25,981078180.2934186,3946029.123418698,6021755.82,971110395.3499999,0.9898399687775773,Bull,1.0,0.0,0.0,0.0,0.7894832245870057,0.0,0.0,0.09670931624595268,0.10198697923347466,0.001660448711144298,0.7980913984351592,0.0,0.0,0.09438803909130968,0.1075205624735311,0.0
2019-07-26,980078812.7434187,3946029.123418698,6021755.82,970111027.8,0.98982960878879,Bull,1.0,0.0,0.0,0.0,0.7900604703743501,0.0,0.0,0.09670079463784063,0.10142092524351173,0.0016474185330876006,0.7980913984351592,0.0,0.0,0.09438803909130968,0.1075205624735311,0.0
2019-07-29,977638585.9434187,3946029.123418698,6021755.82,967670801.0,0.9898042230669528,Bull,1.0,0.0,0.0,0.0,0.789483160850476,0.0,0.0,0.09674720429403559,0.10191833815954424,0.0016555197628969928,0.7980913984351592,0.0,0.0,0.09438803909130968,0.1075205624735311,0.0
2019-07-30,979202282.5434188,3946029.123418698,6021755.82,969234497.6,0.9898205047913818,Bull,1.0,0.0,0.0,0.0,0.7901325409397149,0.0,0.0,0.09659270784615033,0.10145074390754918,0.0016445120979674567,0.7980913984351592,0.0,0.0,0.09438803909130968,0.1075205624735311,0.0
2019-07-31,978601007.6934187,5089116.943418698,4878668.0,968633222.75,0.9898142502766137,Bull,1.0,1143087.8199999998,0.0,0.0,0.7904804068956636,0.0,0.0,0.09667882952930693,0.10102503392370549,0.0016299799279378233,0.7980913984351592,0.0,0.0,0.09438803909130968,0.1075205624735311,0.0
2019-08-01,969409769.6434188,5089116.943418698,4878668.0,959441984.7,0.9897176764093422,Bull,1.0,0.0,0.0,0.0,0.7894808353143729,0.0,0.0,0.09724649261031924,0.10136704113900728,0.001623307345642742,0.7980913984351592,0.0,0.0,0.09438803909130968,0.1075205624735311,0.0
2019-08-02,960499100.1434188,5089116.943418698,4878668.0,950531315.2,0.9896222860157491,Bull,1.0,0.0,0.0,0.0,0.7895738216587193,0.0,0.0,0.09783038837409559,0.10062924575938476,0.0015888302235495398,0.7980913984351592,0.0,0.0,0.09438803909130968,0.1075205624735311,0.0
2019-08-05,959821343.0434188,5089116.943418698,4878668.0,949853558.1,0.9896149580172777,Bull,1.0,0.0,0.0,0.0,0.7899469662717237,0.0,0.0,0.09840258365220315,0.09970511772175807,0.0015602903715928873,0.7980913984351592,0.0,0.0,0.09438803909130968,0.1075205624735311,0.0
2019-08-06,956652240.1434188,5089116.943418698,4878668.0,946684455.2,0.9895805554775846,Bull,1.0,0.0,0.0,0.0,0.7894910642625707,0.0,0.0,0.09855347224804029,0.099973005849714,0.0015630131172596584,0.7980913984351592,0.0,0.0,0.09438803909130968,0.1075205624735311,0.0
2019-08-07,954365786.2934188,8846616.943418698,1121168.0,944398001.35,0.9895555927438139,Bull,1.0,3757500.0,0.0,0.0,0.7890983647631138,0.0,0.0,0.09918901259825348,0.09971208248106937,0.0015561329013772938,0.7980913984351592,0.0,0.0,0.09438803909130968,0.1075205624735311,0.0
2019-08-08,960431415.0638292,1466827.7138291989,1121168.0,957843419.35,0.9973053820676439,Bull,1.0,0.0,0.0,0.0,0.7970008553907288,0.0,0.0,0.09845991969527089,0.10026338007029921,0.0015812269113449102,0.7980913984351592,0.0,0.0,0.09438803909130968,0.1075205624735311,0.0
2019-08-12,945186337.7638291,1466827.7138291989,1121168.0,942598342.05,0.9972619200993192,Bull,1.0,0.0,0.0,0.0,0.7935086893283085,0.0,0.0,0.10032952890998612,0.1018173836787369,0.0016063181822877403,0.7980913984351592,0.0,0.0,0.09438803909130968,0.1075205624735311,0.0
2019-08-13,935497888.5638291,1466827.7138291989,1121168.0,932909892.8499999,0.9972335632763403,Bull,1.0,0.0,0.0,0.0,0.7925181787296084,0.0,0.0,0.10140012196673999,0.10172315850556525,0.0015921040744266495,0.7980913984351592,0.0,0.0,0.09438803909130968,0.1075205624735311,0.0
2019-08-14,942706597.6138291,1466827.7138291989,14488619.0,926751150.9,0.9830748540911717,Bull,1.0,0.0,534698.0,0.0,0.7795482207933362,0.0,0.0,0.10022036574173016,0.10170523919391895,0.0016010283621864187,0.7980913984351592,0.0,0.0,0.09438803909130968,0.1075205624735311,0.0
2019-08-15,936365447.4036311,2466302.4186311993,17104887.685,916794257.3,0.9790987694410356,Bull,1.0,8.0,261626.0,8.0,0.7763270839559826,0.0,0.0,0.09679618171657081,0.10557096086159647,0.0004045429068857065,0.7980913984351592,0.0,0.0,0.09438803909130968,0.1075205624735311,0.0
2019-08-16,946097327.3223662,2957493.637366325,17104887.685,926034946.0,0.9787945904263924,Bull,1.0,0.0,0.0,0.0,0.7773932181814469,0.0,0.0,0.09410004386331526,0.10717893082626702,0.00012239755536328997,0.7980913984351592,0.0,0.0,0.09438803909130968,0.1075205624735311,0.0
2019-08-19,948113622.9173768,2792492.2323768497,17104887.685,928216243.0,0.9790137179379916,Bull,1.0,0.0,0.0,0.0,0.7773064484953863,0.0,0.0,0.09386037479998856,0.1078056443124299,4.125033018685803e-05,0.7980913984351592,0.0,0.0,0.09438803909130968,0.1075205624735311,0.0
2019-08-20,946893605.9886779,2664119.45367785,17104887.685,927124598.85,0.979122250891074,Bull,1.0,0.0,0.0,0.0,0.7766958127065374,0.0,0.0,0.09434428475913499,0.10804064929045815,4.150413494340347e-05,0.7980913984351592,0.0,0.0,0.09438803909130968,0.1075205624735311,0.0
2019-08-21,942455512.5900022,2987157.20500235,17104887.685,922363467.6999999,0.9786811742075905,Bull,1.0,0.0,0.0,0.0,0.7752743423315948,0.0,0.0,0.09502581162041585,0.10833922517934154,4.179507623840054e-05,0.7980913984351592,0.0,0.0,0.09438803909130968,0.1075205624735311,0.0
2019-08-22,946712639.8389144,957181.7039143499,16395787.685,929359670.45,0.9816702886824591,Bull,1.0,709100.0,0.0,0.0,0.7799304660975432,0.0,0.0,0.09471047097803247,0.10698790291553963,4.144869134384515e-05,0.7980913984351592,0.0,0.0,0.09438803909130968,0.1075205624735311,0.0
2019-08-23,947938773.7719698,704630.5369698498,16395787.685,930838355.55,0.9819604190744038,Bull,1.0,0.0,0.0,0.0,0.7801416357380648,0.0,0.0,0.09445388507922595,0.10732338713731418,4.151111979882552e-05,0.7980913984351592,0.0,0.0,0.09438803909130968,0.1075205624735311,0.0
2019-08-26,937200874.9088553,624722.3738553498,16395787.685,920180364.85,0.9818389946973635,Bull,1.0,0.0,0.0,0.0,0.7801099149860513,0.0,0.0,0.09485959987889037,0.10682880552126765,4.067431115416665e-05,0.7980913984351592,0.0,0.0,0.09438803909130968,0.1075205624735311,0.0
2019-08-27,940425916.7427455,431908.15774559975,16395787.685,923598220.9,0.9821063035980231,Bull,1.0,0.0,0.0,0.0,0.7805594548505009,0.0,0.0,0.09426686187791501,0.10723922874148924,4.075812811790598e-05,0.7980913984351592,0.0,0.0,0.09438803909130968,0.1075205624735311,0.0
2019-08-28,939810461.85326,683559.0182600998,15983719.685,923143183.15,0.9822652764788413,Bull,1.0,412068.0,0.0,0.0,0.7792981913669675,0.0,0.0,0.09470611747020238,0.10821969336183039,4.127427984096711e-05,0.7980913984351592,0.0,0.0,0.09438803909130968,0.1075205624735311,0.0
2019-08-29,942668665.1065515,1236709.7215516,15983719.685,925448235.6999999,0.9817322564714664,Bull,1.0,0.0,0.0,0.0,0.7789727428958289,0.0,0.0,0.09513809392387397,0.10758016443512225,4.1255216641368037e-05,0.7980913984351592,0.0,0.0,0.09438803909130968,0.1075205624735311,0.0
2019-08-30,957030589.34386,1600519.1088601,15983719.685,939446350.55,0.9816262520867637,Bull,1.0,0.0,0.0,0.0,0.7797023928583033,0.0,0.0,0.09420618421592192,0.10767592086126576,4.1754151272632326e-05,0.7980913984351592,0.0,0.0,0.09438803909130968,0.1075205624735311,0.0
2019-09-02,956429832.7307296,1682126.5457296,15983719.685,938763986.5,0.9815293860289873,Bull,1.0,0.0,0.0,0.0,0.7793528819273632,0.0,0.0,0.09441068953504926,0.10772374143311234,4.2073133462503624e-05,0.7980913984351592,0.0,0.0,0.09438803909130968,0.1075205624735311,0.0
2019-09-03,951828347.1998954,1763783.8648954749,15983719.685,934080843.65,0.981354302378044,Bull,1.0,0.0,0.0,0.0,0.7799690205003821,0.0,0.0,0.09410951067334407,0.10723404099096916,4.173021334870826e-05,0.7980913984351592,0.0,0.0,0.09438803909130968,0.1075205624735311,0.0
2019-09-04,959857984.9007556,1600663.065755725,15983719.685,942273602.15,0.9816802245463699,Bull,1.0,0.0,0.0,0.0,0.7799770527797487,0.0,0.0,0.09390878798525588,0.1077522421305833,4.214165078199805e-05,0.7977964309457006,0.0,0.0,0.08454665708806233,0.11765691196623701,0.0
2019-09-05,964278596.6235149,1066992.7885149755,15983719.685,947227884.15,0.982317649138725,Bull,1.0,0.0,0.0,0.0,0.7799049535926001,0.0,0.0,0.08659955773404296,0.11577048416391002,4.2653648171824413e-05,0.7983473232092755,0.0,0.0,0.07231623179049393,0.12933644500023056,0.0
2019-09-06,968734314.9020791,1376019.0670792256,15983719.685,951374576.15,0.9820799795309885,Bull,1.0,0.0,0.0,0.0,0.7803549379030854,0.0,0.0,0.07557903015689164,0.12610320303596156,4.280843504980191e-05,0.7983473232092755,0.0,0.0,0.07231623179049393,0.12933644500023056,0.0
2019-09-09,974564771.4046001,1303300.0696002254,15983719.685,957277751.65,0.9822618052059433,Bull,1.0,0.0,0.0,0.0,0.7809261364466428,0.0,0.0,0.07308616326993142,0.1282067684633426,4.273702602647084e-05,0.7983473232092755,0.0,0.0,0.07231623179049393,0.12933644500023056,0.0
2019-09-10,981927957.3392203,915214.9042203503,15983719.685,965029022.75,0.9827900463950409,Bull,1.0,0.0,0.0,0.0,0.782931881105829,0.0,0.0,0.07241366280340648,0.12740242200557136,4.2080480233974485e-05,0.7983473232092755,0.0,0.0,0.07231623179049393,0.12933644500023056,0.0
2019-09-11,982183829.2392203,915214.9042203503,15983719.685,965284894.65,0.9827945298159614,Bull,1.0,0.0,0.0,0.0,0.7830813252604173,0.0,0.0,0.07222537969796103,0.1274455924375766,4.223242000647635e-05,0.7983473232092755,0.0,0.0,0.07231623179049393,0.12933644500023056,0.0
2019-09-12,980815370.9392204,3531483.5892203506,13367451.0,963916436.35,0.9827705243107699,Bull,1.0,2616268.685,0.0,0.0,0.7825141602491881,0.0,0.0,0.07190201345689369,0.12831161065459967,4.2739950088524576e-05,0.7983473232092755,0.0,0.0,0.07231623179049393,0.12933644500023056,0.0
2019-09-16,983568397.0296173,9516.27961735052,13367451.0,970191429.75,0.9863995556180781,Bull,1.0,0.0,0.0,0.0,0.7817110554507252,0.0,0.0,0.0724123510018138,0.13223320349940404,4.294566613523275e-05,0.7983473232092755,0.0,0.0,0.07231623179049393,0.12933644500023056,0.0
2019-09-17,986926809.4866424,2114549.186642351,13367451.0,971444809.3,0.9843129196229906,Bull,1.0,0.0,0.0,0.0,0.7825205191271608,0.0,0.0,0.07233474591406995,0.1294148651878614,4.278939389838469e-05,0.7983473232092755,0.0,0.0,0.07231623179049393,0.12933644500023056,0.0
2019-09-18,993196933.8366424,15482000.18664235,0.0,977714933.65,0.9844119533003021,Bull,1.0,13367451.0,0.0,0.0,0.7825356655579779,0.0,0.0,0.07216695658042478,0.12966632861271196,4.300254918731434e-05,0.7983473232092755,0.0,0.0,0.07231623179049393,0.12933644500023056,0.0
2019-09-19,991070074.7109396,897529.360939601,0.0,990172545.35,0.9990943835518378,Bull,1.0,0.0,0.0,0.0,0.7977973964965208,0.0,0.0,0.07224484103294423,0.12900934380174023,4.280222063245369e-05,0.7983473232092755,0.0,0.0,0.07231623179049393,0.12933644500023056,0.0
2019-09-20,992635503.3109397,897529.360939601,0.0,991737973.95,0.9990958117476698,Bull,1.0,0.0,0.0,0.0,0.7975131771022516,0.0,0.0,0.07235243929966784,0.12918719869707357,4.299664867682114e-05,0.7983473232092755,0.0,0.0,0.07231623179049393,0.12933644500023056,0.0
2019-09-23,987995046.5109396,897529.360939601,0.0,987097517.15,0.999091564918155,Bull,1.0,0.0,0.0,0.0,0.7974191266770451,0.0,0.0,0.0721418596699521,0.12948749131059886,4.30872605589816e-05,0.7983473232092755,0.0,0.0,0.07231623179049393,0.12933644500023056,0.0
2019-09-24,986864673.0109396,897529.360939601,0.0,985967143.65,0.9990905243793952,Bull,1.0,0.0,0.0,0.0,0.797085836754114,0.0,0.0,0.07209549793987945,0.12986593147465855,4.325821074307194e-05,0.7983473232092755,0.0,0.0,0.07231623179049393,0.12933644500023056,0.0
2019-09-25,983097711.2109396,897529.360939601,0.0,982200181.85,0.9990870395173292,Bull,1.0,0.0,0.0,0.0,0.7975938229824195,0.0,0.0,0.07193384664978261,0.1295165257206868,4.284416444029587e-05,0.7983473232092755,0.0,0.0,0.07231623179049393,0.12933644500023056,0.0
2019-09-26,979187733.6609396,897529.360939601,0.0,978290204.3,0.9990833939906661,Bull,1.0,0.0,0.0,0.0,0.7967386921639508,0.0,0.0,0.07195872413205531,0.1303429318122914,4.304588236865634e-05,0.7983473232092755,0.0,0.0,0.07231623179049393,0.12933644500023056,0.0
2019-09-27,976847427.2109396,897529.360939601,0.0,975949897.85,0.999081198009087,Bull,1.0,0.0,0.0,0.0,0.7960186987134155,0.0,0.0,0.07189915031104813,0.13112016926297493,4.3179721648477745e-05,0.7983473232092755,0.0,0.0,0.07231623179049393,0.12933644500023056,0.0
2019-10-01,986604131.5109396,897529.360939601,0.0,985706602.15,0.9990902842059205,Bull,1.0,0.0,0.0,0.0,0.7950763301068765,0.0,0.0,0.07207470324607244,0.13189515008488195,4.410076808959476e-05,0.7983473232092755,0.0,0.0,0.07231623179049393,0.12933644500023056,0.0
2019-10-02,984431794.5109396,897529.360939601,0.0,983534265.15,0.9990882767440628,Bull,1.0,0.0,0.0,0.0,0.7955934677415546,0.0,0.0,0.07172604582024737,0.1317248190509952,4.394413126558081e-05,0.7983473232092755,0.0,0.0,0.07231623179049393,0.12933644500023056,0.0
2019-10-03,975786382.5109396,897529.360939601,0.0,974888853.15,0.9990801989277304,Bull,1.0,0.0,0.0,0.0,0.795611772273627,0.0,0.0,0.07185168932116551,0.13157305974041983,4.367759251807573e-05,0.7983473232092755,0.0,0.0,0.07231623179049393,0.12933644500023056,0.0
2019-10-04,979736966.9609396,897529.360939601,0.0,978839437.6,0.9990839078332181,Bull,1.0,0.0,0.0,0.0,0.7956421609955217,0.0,0.0,0.07181468330040577,0.13158337834275036,4.3685194540287626e-05,0.7983473232092755,0.0,0.0,0.07231623179049393,0.12933644500023056,0.0
2019-10-07,978834063.5609396,897529.360939601,0.0,977936534.1999999,0.9990830628046653,Bull,1.0,0.0,0.0,0.0,0.7949822070649201,0.0,0.0,0.07188807850026276,0.1321687759101425,4.400132934004557e-05,0.7983473232092755,0.0,0.0,0.07231623179049393,0.12933644500023056,0.0
2019-10-08,982904245.6609396,897529.360939601,0.0,982006716.3,0.9990868598188463,Bull,1.0,0.0,0.0,0.0,0.7944672431187894,0.0,0.0,0.07133614521407537,0.1332388181027107,4.4653383270805603e-05,0.7987604924069567,0.0,0.0,0.062230311870929464,0.1390091957221139,0.0
2019-10-09,976883779.4109397,897529.360939601,0.0,975986250.0500001,0.9990812321999237,Bull,1.0,0.0,0.0,0.0,0.7944615791634762,0.0,0.0,0.0716004313657219,0.1329750813124672,4.414035825838088e-05,0.7987604924069567,0.0,0.0,0.062230311870929464,0.1390091957221139,0.0
2019-10-14,986934783.0109396,897529.360939601,0.0,986037253.65,0.9990905889868412,Bull,1.0,0.0,0.0,0.0,0.79378667885223,0.0,0.0,0.07095332052880317,0.13430542958027528,4.516002553281777e-05,0.7987604924069567,0.0,0.0,0.062230311870929464,0.1390091957221139,0.0
2019-10-15,986244264.7109396,897529.360939601,0.0,985346735.35,0.9990899522632939,Bull,1.0,0.0,0.0,0.0,0.7934117473213839,0.0,0.0,0.0710029984514274,0.1346297309408599,4.547554962273487e-05,0.7987604924069567,0.0,0.0,0.062230311870929464,0.1390091957221139,0.0
2019-10-16,988639496.5109396,897529.360939601,0.0,987741967.15,0.9990921570864737,Bull,1.0,0.0,0.0,0.0,0.7931237624202319,0.0,0.0,0.07100657039066942,0.13491611499513267,4.570928043992015e-05,0.7987604924069567,0.0,0.0,0.062230311870929464,0.1390091957221139,0.0
2019-10-17,988949374.1609397,897529.360939601,0.0,988051844.8000001,0.9990924415502046,Bull,1.0,0.0,0.0,0.0,0.7926064319167446,0.0,0.0,0.07148970599226495,0.13495038622500927,4.59174161857653e-05,0.7987604924069567,0.0,0.0,0.062230311870929464,0.1390091957221139,0.0
2019-10-18,990252339.6109396,897529.360939601,0.0,989354810.25,0.9990936357077508,Bull,1.0,0.0,0.0,0.0,0.7928019443594022,0.0,0.0,0.07177887610740341,0.13446703902998683,4.5776210958319685e-05,0.7987604924069567,0.0,0.0,0.062230311870929464,0.1390091957221139,0.0
2019-10-21,992455904.1609396,897529.360939601,0.0,991558374.8,0.9990956481218192,Bull,1.0,0.0,0.0,0.0,0.7932093521732339,0.0,0.0,0.0718246520587383,0.13401592901243048,4.571487741650098e-05,0.7987604924069567,0.0,0.0,0.062230311870929464,0.1390091957221139,0.0
2019-10-22,995438595.9609396,897529.360939601,0.0,994541066.6,0.9990983578850756,Bull,1.0,0.0,0.0,0.0,0.7922773939046127,0.0,0.0,0.07186751678132357,0.13490716609231165,4.628110682761567e-05,0.7987604924069567,0.0,0.0,0.062230311870929464,0.1390091957221139,0.0
2019-10-23,989722387.3609396,897529.360939601,0.0,988824858.0,0.9990931503900474,Bull,1.0,0.0,0.0,0.0,0.7919256632053556,0.0,0.0,0.07181731049807838,0.135303901083894,4.627560271938893e-05,0.7987604924069567,0.0,0.0,0.062230311870929464,0.1390091957221139,0.0
2019-10-24,996394990.3109396,897529.360939601,0.0,995497460.9499999,0.9990992233304389,Bull,1.0,0.0,0.0,0.0,0.7927798499905075,0.0,0.0,0.07134339362526955,0.13492962259680275,4.6357117859038755e-05,0.7987604924069567,0.0,0.0,0.062230311870929464,0.1390091957221139,0.0
2019-10-25,998358159.6609396,897529.360939601,0.0,997460630.3,0.9991009946157555,Bull,1.0,0.0,0.0,0.0,0.7932406748385333,0.0,0.0,0.07114971647462075,0.13466429727549814,4.6306027103239724e-05,0.7987604924069567,0.0,0.0,0.062230311870929464,0.1390091957221139,0.0
2019-10-28,1000588983.9109397,897529.360939601,0.0,999691454.5500001,0.9991029989582421,Bull,1.0,0.0,0.0,0.0,0.7932185615793711,0.0,0.0,0.0708685595586285,0.1349693052507366,4.657256950586992e-05,0.7987604924069567,0.0,0.0,0.062230311870929464,0.1390091957221139,0.0
2019-10-29,1001658959.8609396,897529.360939601,0.0,1000761430.5,0.9991039571382018,Bull,1.0,0.0,0.0,0.0,0.7930222184707237,0.0,0.0,0.07083209240183898,0.13520300364387633,4.664262176268671e-05,0.7987604924069567,0.0,0.0,0.062230311870929464,0.1390091957221139,0.0
2019-10-30,1006265967.8109397,897529.360939601,0.0,1005368438.45,0.9991080595094634,Bull,1.0,0.0,0.0,0.0,0.7933241250189892,0.0,0.0,0.07055152640652405,0.13518582994109393,4.657814285616989e-05,0.7987604924069567,0.0,0.0,0.062230311870929464,0.1390091957221139,0.0
2019-10-31,1008116588.0109396,897529.360939601,0.0,1007219058.65,0.9991096968628297,Bull,1.0,0.0,0.0,0.0,0.7935437112768934,0.0,0.0,0.07020616547897927,0.13531311915930871,4.6700947648218947e-05,0.7987604924069567,0.0,0.0,0.062230311870929464,0.1390091957221139,0.0
2019-11-01,1009623578.5109396,897529.360939601,0.0,1008726049.15,0.9991110257525252,Bull,1.0,0.0,0.0,0.0,0.7935536334557968,0.0,0.0,0.07039940579124446,0.13511114726657697,4.683923890698596e-05,0.7987604924069567,0.0,0.0,0.062230311870929464,0.1390091957221139,0.0
2019-11-04,1017698264.8609396,897529.360939601,0.0,1016800735.5,0.9991180791085831,Bull,1.0,0.0,0.0,0.0,0.7916565285783287,0.0,0.0,0.07025009520849385,0.13716324849887995,4.8206822880555524e-05,0.7987604924069567,0.0,0.0,0.062230311870929464,0.1390091957221139,0.0
2019-11-05,1021799612.6109396,897529.360939601,0.0,1020902083.25,0.9991216190044874,Bull,1.0,0.0,0.0,0.0,0.7912194458404361,0.0,0.0,0.07020358895684319,0.13764988581332935,4.8698393878670036e-05,0.7987604924069567,0.0,0.0,0.062230311870929464,0.1390091957221139,0.0
2019-11-06,1025468112.8109397,897529.360939601,0.0,1024570583.45,0.999124761316586,Bull,1.0,0.0,0.0,0.0,0.7914212283260205,0.0,0.0,0.06983288812726118,0.13782183788493543,4.8806978368938775e-05,0.7987604924069567,0.0,0.0,0.062230311870929464,0.1390091957221139,0.0
2019-11-07,1023909478.5609397,897529.360939601,0.0,1023011949.2,0.9991234289947183,Bull,1.0,0.0,0.0,0.0,0.790919310892776,0.0,0.0,0.07086339321907313,0.13729231240008827,4.8412482780868956e-05,0.7987604924069567,0.0,0.0,0.062230311870929464,0.1390091957221139,0.0
2019-11-08,1025150058.4609396,897529.360939601,0.0,1024252529.1,0.999124489772466,Bull,1.0,0.0,0.0,0.0,0.7909587015166669,0.0,0.0,0.07143451770362481,0.13668311174889222,4.815880328204761e-05,0.7987604924069567,0.0,0.0,0.062230311870929464,0.1390091957221139,0.0
2019-11-11,1019100056.1609396,897529.360939601,0.0,1018202526.8,0.9991192922073612,Bull,1.0,0.0,0.0,0.0,0.791755649430143,0.0,0.0,0.07190177211454118,0.1354146721567901,4.719850588684875e-05,0.7987604924069567,0.0,0.0,0.062230311870929464,0.1390091957221139,0.0
2019-11-12,1020757436.1609396,897529.360939601,0.0,1019859906.8,0.9991207221920271,Bull,1.0,0.0,0.0,0.0,0.791165656198727,0.0,0.0,0.07145174496529515,0.13645553298525165,4.7788042753292284e-05,0.7987604924069567,0.0,0.0,0.062230311870929464,0.1390091957221139,0.0
2019-11-13,1012566557.2609397,897529.360939601,0.0,1011669027.9000001,0.9991136095158352,Bull,1.0,0.0,0.0,0.0,0.7917389253587643,0.0,0.0,0.07059002639130245,0.1367369868253706,4.76709403978081e-05,0.7987604924069567,0.0,0.0,0.062230311870929464,0.1390091957221139,0.0
2019-11-14,1007775158.5609397,897529.360939601,0.0,1006877629.2,0.999109395232344,Bull,1.0,0.0,0.0,0.0,0.7912394271939004,0.0,0.0,0.07051007300226396,0.1373119776018296,4.7917434350094597e-05,0.7987604924069567,0.0,0.0,0.062230311870929464,0.1390091957221139,0.0
2019-11-15,1011996990.6609397,897529.360939601,0.0,1011099461.3000001,0.9991131106424008,Bull,1.0,0.0,0.0,0.0,0.7905458896448861,0.0,0.0,0.0704332133966603,0.1380855884845406,4.841911631377272e-05,0.7987604924069567,0.0,0.0,0.062230311870929464,0.1390091957221139,0.0
2019-11-18,1019390395.9609396,897529.360939601,0.0,1018492866.6,0.9991195430479864,Bull,1.0,0.0,0.0,0.0,0.791091636526366,0.0,0.0,0.0700040929194063,0.13797520612053066,4.860748168349295e-05,0.7987604924069567,0.0,0.0,0.062230311870929464,0.1390091957221139,0.0
2019-11-19,1022209569.3609396,897529.360939601,0.0,1021312040.0,0.9991219712788438,Bull,1.0,0.0,0.0,0.0,0.7905918847005472,0.0,0.0,0.06984947327839831,0.13863145508273209,4.915821716618743e-05,0.7987604924069567,0.0,0.0,0.062230311870929464,0.1390091957221139,0.0
2019-11-20,1021504771.0609396,897529.360939601,0.0,1020607241.6999999,0.9991213654734011,Bull,1.0,0.0,0.0,0.0,0.7900650242306638,0.0,0.0,0.07079927774090203,0.138208360841398,4.870266043723851e-05,0.7987604924069567,0.0,0.0,0.062230311870929464,0.1390091957221139,0.0
2019-11-21,1011889476.3109396,897529.360939601,0.0,1010991946.9499999,0.9991130164094484,Bull,1.0,0.0,0.0,0.0,0.7897371260973954,0.0,0.0,0.07092770671126712,0.13839950239483084,4.868120595500994e-05,0.7987604924069567,0.0,0.0,0.062230311870929464,0.1390091957221139,0.0
2019-11-22,1015327430.0109396,897529.360939601,0.0,1014429900.65,0.9991160197839529,Bull,1.0,0.0,0.0,0.0,0.7895038654095685,0.0,0.0,0.07155819674764148,0.1380054314089498,4.852621779308094e-05,0.7987604924069567,0.0,0.0,0.062230311870929464,0.1390091957221139,0.0
2019-11-25,1014939792.7609396,897529.360939601,0.0,1014042263.4,0.9991156821642612,Bull,1.0,0.0,0.0,0.0,0.789893774111616,0.0,0.0,0.07104056862709193,0.1381327257044715,4.8613721081701263e-05,0.7987604924069567,0.0,0.0,0.062230311870929464,0.1390091957221139,0.0
2019-11-26,1018697778.3109397,897529.360939601,0.0,1017800248.95,0.999118944420957,Bull,1.0,0.0,0.0,0.0,0.7912827691511455,0.0,0.0,0.06979263282372518,0.13799470558685362,4.8836859232665064e-05,0.7987604924069567,0.0,0.0,0.062230311870929464,0.1390091957221139,0.0
2019-11-27,1022989130.4109396,897529.360939601,0.0,1022091601.05,0.9991226403739216,Bull,1.0,0.0,0.0,0.0,0.791063264499126,0.0,0.0,0.0700766976587549,0.1379338213919414,4.885682409931648e-05,0.7987604924069567,0.0,0.0,0.062230311870929464,0.1390091957221139,0.0
2019-11-28,1019885877.8609396,897529.360939601,0.0,1018988348.5,0.9991199707923968,Bull,1.0,0.0,0.0,0.0,0.7912049632380783,0.0,0.0,0.06988379930260988,0.13798239886912905,4.880938257955509e-05,0.7987604924069567,0.0,0.0,0.062230311870929464,0.1390091957221139,0.0
2019-11-29,1011777821.6109396,897529.360939601,0.0,1010880292.25,0.9991129185264107,Bull,1.0,0.0,0.0,0.0,0.7920252797932407,0.0,0.0,0.07012142239591557,0.13691839951525397,4.781682200047634e-05,0.7987604924069567,0.0,0.0,0.062230311870929464,0.1390091957221139,0.0
2019-12-02,1012497004.0609396,897529.360939601,0.0,1011599474.6999999,0.9991135486254875,Bull,1.0,0.0,0.0,0.0,0.7910669083340741,0.0,0.0,0.07035497360909979,0.13764356777455913,4.8098907754465684e-05,0.7987604924069567,0.0,0.0,0.062230311870929464,0.1390091957221139,0.0
2019-12-03,1012791455.1109396,897529.360939601,0.0,1011893925.75,0.9991138063454126,Bull,1.0,0.0,0.0,0.0,0.791045285489935,0.0,0.0,0.07041676708477758,0.13760355036243302,4.82034082669589e-05,0.7987604924069567,0.0,0.0,0.062230311870929464,0.1390091957221139,0.0
2019-12-04,1013284343.4109396,897529.360939601,0.0,1012386814.05,0.9991142374134407,Bull,1.0,0.0,0.0,0.0,0.7919167105146616,0.0,0.0,0.07013589074195177,0.1370136634428345,4.7972713992962695e-05,0.7987604924069567,0.0,0.0,0.062230311870929464,0.1390091957221139,0.0
2019-12-05,1011203627.4609395,897529.360939601,0.0,1010306098.0999999,0.9991124148128372,Bull,1.0,0.0,0.0,0.0,0.7897366627384329,0.0,0.0,0.0702344197264496,0.13909226211259118,4.907023536356599e-05,0.7987604924069567,0.0,0.0,0.062230311870929464,0.1390091957221139,0.0
2019-12-06,1010718153.1109396,897529.360939601,0.0,1009820623.75,0.9991119884824695,Bull,1.0,0.0,0.0,0.0,0.7895734347836583,0.0,0.0,0.07010559747235737,0.13938376348182283,4.9192744631096556e-05,0.7987604924069567,0.0,0.0,0.062230311870929464,0.1390091957221139,0.0
2019-12-09,1015817183.4109396,897529.360939601,0.0,1014919654.05,0.9991164459751253,Bull,1.0,0.0,0.0,0.0,0.7899421442700497,0.0,0.0,0.06954637227417391,0.1395783634255001,4.9566005401615034e-05,0.7987604924069567,0.0,0.0,0.062230311870929464,0.1390091957221139,0.0
2019-12-10,1012036354.9109396,897529.360939601,0.0,1011138825.55,0.9991131451389228,Bull,1.0,0.0,0.0,0.0,0.7906676392276611,0.0,0.0,0.06926885547127318,0.1391274130783481,4.9237361640417655e-05,0.7987604924069567,0.0,0.0,0.062230311870929464,0.1390091957221139,0.0
2019-12-11,1013003899.2609396,897529.360939601,0.0,1012106369.9,0.9991139921952972,Bull,1.0,0.0,0.0,0.0,0.7897529027120972,0.0,0.0,0.069195784982802,0.1401154527673129,4.985173308497968e-05,0.7987604924069567,0.0,0.0,0.062230311870929464,0.1390091957221139,0.0
2019-12-12,1019063510.2109396,897529.360939601,0.0,1018165980.85,0.9991192606231639,Bull,1.0,0.0,0.0,0.0,0.7873114607782637,0.0,0.0,0.06935426427482468,0.14240221394048516,5.132162959026394e-05,0.7987604924069567,0.0,0.0,0.062230311870929464,0.1390091957221139,0.0
2019-12-13,1023224122.3109397,897529.360939601,0.0,1022326592.95,0.9991228418668311,Bull,1.0,0.0,0.0,0.0,0.7867777209276539,0.0,0.0,0.06891627988669641,0.1433767996679602,5.204138452066151e-05,0.7987604924069567,0.0,0.0,0.062230311870929464,0.1390091957221139,0.0
2019-12-16,1020844242.9609396,897529.360939601,0.0,1019946713.6,0.999120796960821,Bull,1.0,0.0,0.0,0.0,0.7868105434677297,0.0,0.0,0.06862124215621439,0.14363689760810114,5.211372877579678e-05,0.7987604924069567,0.0,0.0,0.062230311870929464,0.1390091957221139,0.0
2019-12-17,1030896156.1109396,897529.360939601,0.0,1029998626.75,0.9991293697666644,Bull,1.0,0.0,0.0,0.0,0.7868171512152877,0.0,0.0,0.06811374703820652,0.14414555638716392,5.291512600627993e-05,0.7987604924069567,0.0,0.0,0.062230311870929464,0.1390091957221139,0.0
2019-12-18,1037735656.0609396,897529.360939601,0.0,1036838126.6999999,0.9991351079095167,Bull,1.0,0.0,0.0,0.0,0.7880332259220141,0.0,0.0,0.0677807489693401,0.14326847028109563,5.266273706681883e-05,0.7987604924069567,0.0,0.0,0.062230311870929464,0.1390091957221139,0.0
2019-12-19,1034513986.2609396,897529.360939601,0.0,1033616456.9,0.9991324144739855,Bull,1.0,0.0,0.0,0.0,0.7882570634422651,0.0,0.0,0.06791353324659515,0.1429097160245731,5.210176055213292e-05,0.7987604924069567,0.0,0.0,0.062230311870929464,0.1390091957221139,0.0
2019-12-20,1029826371.2109396,897529.360939601,0.0,1028928841.85,0.9991284653549081,Bull,1.0,0.0,0.0,0.0,0.7881563480410686,0.0,0.0,0.06838900417473777,0.14253111408227334,5.199905682841689e-05,0.7987604924069567,0.0,0.0,0.062230311870929464,0.1390091957221139,0.0
2019-12-23,1035830827.4609396,897529.360939601,0.0,1034933298.1,0.9991335174266442,Bull,1.0,0.0,0.0,0.0,0.7888081976695284,0.0,0.0,0.0682763035479043,0.14199722203725054,5.1794171960983755e-05,0.7987604924069567,0.0,0.0,0.062230311870929464,0.1390091957221139,0.0
2019-12-24,1032326343.8609396,897529.360939601,0.0,1031428814.5,0.9991305759401791,Bull,1.0,0.0,0.0,0.0,0.7881838619528683,0.0,0.0,0.0683421482165563,0.14255259577084223,5.196999991237942e-05,0.7987604924069567,0.0,0.0,0.062230311870929464,0.1390091957221139,0.0
2019-12-25,1033638142.1609396,897529.360939601,0.0,1032740612.8,0.999131679333095,Bull,1.0,0.0,0.0,0.0,0.7880715983419737,0.0,0.0,0.06841659292115118,0.14259139053428177,5.2097535688282916e-05,0.7987604924069567,0.0,0.0,0.062230311870929464,0.1390091957221139,0.0
2019-12-26,1034859946.4109396,897529.360939601,0.0,1033962417.05,0.9991327045132509,Bull,1.0,0.0,0.0,0.0,0.7883151917119904,0.0,0.0,0.06834258127902781,0.14242304044249166,5.189107974102218e-05,0.7987604924069567,0.0,0.0,0.062230311870929464,0.1390091957221139,0.0
2019-12-27,1036721585.1109396,897529.360939601,0.0,1035824055.75,0.9991342619138739,Bull,1.0,0.0,0.0,0.0,0.7877028099715051,0.0,0.0,0.06826230013569845,0.14311653401537183,5.261779129848309e-05,0.7987604924069567,0.0,0.0,0.062230311870929464,0.1390091957221139,0.0
2019-12-30,1033995238.5109396,897529.360939601,0.0,1033097709.15,0.9991319792127552,Bull,1.0,0.0,0.0,0.0,0.7873176575961448,0.0,0.0,0.06856085730345457,0.14320104627680394,5.2418036351940675e-05,0.7987604924069567,0.0,0.0,0.062230311870929464,0.1390091957221139,0.0
2019-12-31,1027832690.5609396,897529.360939601,0.0,1026935161.1999999,0.9991267748446007,Bull,1.0,0.0,0.0,0.0,0.7882722729492355,0.0,0.0,0.06799482118228699,0.1428075807940041,5.2099919074158945e-05,0.7987604924069567,0.0,0.0,0.062230311870929464,0.1390091957221139,0.0
2020-01-02,1030925737.1609396,897529.360939601,0.0,1030028207.8,0.999129394748247,Bull,1.0,0.0,0.0,0.0,0.7876879764747107,0.0,0.0,0.0679815213392612,0.14340712882689446,5.276810738066531e-05,0.7987604924069567,0.0,0.0,0.062230311870929464,0.1390091957221139,0.0
2020-01-03,1034066704.0609397,897529.360939601,0.0,1033169174.7,0.9991320392026792,Bull,1.0,0.0,0.0,0.0,0.788319526679161,0.0,0.0,0.06778856695096623,0.14297153115887132,5.2414413680614825e-05,0.7987604924069567,0.0,0.0,0.062230311870929464,0.1390091957221139,0.0
2020-01-06,1026211178.6609396,897529.360939601,0.0,1025313649.3,0.9991253950652625,Bull,1.0,0.0,0.0,0.0,0.7889388813289256,0.0,0.0,0.06791292226122454,0.1422217990164983,5.179245861397966e-05,0.7987604924069567,0.0,0.0,0.062230311870929464,0.1390091957221139,0.0
2020-01-07,1025067127.9109396,897529.360939601,0.0,1024169598.55,0.9991244189414514,Bull,1.0,0.0,0.0,0.0,0.7892261653134279,0.0,0.0,0.06790969889149354,0.14193743613310075,5.1118603429211364e-05,0.7987604924069567,0.0,0.0,0.062230311870929464,0.1390091957221139,0.0
2020-01-08,1018888382.2109396,897529.360939601,0.0,1017990852.85,0.9991191092404136,Bull,1.0,0.0,0.0,0.0,0.7890327997513291,0.0,0.0,0.06790586801064924,0.14212950361231938,5.093786611579519e-05,0.7987604924069567,0.0,0.0,0.062230311870929464,0.1390091957221139,0.0
2020-01-09,1025629178.4609396,897529.360939601,0.0,1024731649.1,0.9991248987647889,Bull,1.0,0.0,0.0,0.0,0.7888620625186448,0.0,0.0,0.06709637503026715,0.1431143956144673,5.2065601409792285e-05,0.7987604924069567,0.0,0.0,0.062230311870929464,0.1390091957221139,0.0
2020-01-10,1029864462.0609397,897529.360939601,0.0,1028966932.7,0.999128497589728,Bull,1.0,0.0,0.0,0.0,0.7889279246261854,0.0,0.0,0.06710805406538094,0.14304037611435044,5.2142783811121e-05,0.7987604924069567,0.0,0.0,0.062230311870929464,0.1390091957221139,0.0
2020-01-13,1039737356.0609396,897529.360939601,0.0,1038839826.6999999,0.9991367729978079,Bull,1.0,0.0,0.0,0.0,0.7901011461319963,0.0,0.0,0.0662817389394258,0.1427014227536361,5.2465172749648516e-05,0.7987604924069567,0.0,0.0,0.062230311870929464,0.1390091957221139,0.0
2020-01-14,1043730941.3609396,897529.360939601,0.0,1042833412.0,0.9991400759282183,Bull,1.0,0.0,0.0,0.0,0.7903149454632715,0.0,0.0,0.06574654183435716,0.14302574934240292,5.2839288186751386e-05,0.7987604924069567,0.0,0.0,0.062230311870929464,0.1390091957221139,0.0
2020-01-15,1042834232.0109396,897529.360939601,0.0,1041936702.65,0.9991393364991396,Bull,1.0,0.0,0.0,0.0,0.7917892195174296,0.0,0.0,0.06560112614262777,0.1416969212019978,5.2069637084401326e-05,0.7987604924069567,0.0,0.0,0.062230311870929464,0.1390091957221139,0.0
2020-01-16,1042289126.0609396,897529.360939601,0.0,1041391596.6999999,0.9991388863814289,Bull,1.0,0.0,0.0,0.0,0.7924292080273604,0.0,0.0,0.06532246983839231,0.1413352555607369,5.195295493933227e-05,0.7987604924069567,0.0,0.0,0.062230311870929464,0.1390091957221139,0.0
2020-01-17,1048630547.4109397,897529.360939601,0.0,1047733018.0500001,0.9991440938248884,Bull,1.0,0.0,0.0,0.0,0.7931372208290901,0.0,0.0,0.06547463276701006,0.14048055376959276,5.168645919558548e-05,0.7987604924069567,0.0,0.0,0.062230311870929464,0.1390091957221139,0.0
2020-01-20,1057004056.9609396,897529.360939601,0.0,1056106527.6,0.9991508742515898,Bull,1.0,0.0,0.0,0.0,0.7943952741432376,0.0,0.0,0.064763327585345,0.13994061709213113,5.165543087600247e-05,0.7987604924069567,0.0,0.0,0.062230311870929464,0.1390091957221139,0.0
2020-01-30,1012389685.9609396,897529.360939601,0.0,1011492156.6,0.9991134546574447,Bull,1.0,0.0,0.0,0.0,0.7951629869044906,0.0,0.0,0.06609510243724638,0.13780770580211424,4.765951359352509e-05,0.7987604924069567,0.0,0.0,0.062230311870929464,0.1390091957221139,0.0
2020-01-31,1019716642.1109396,897529.360939601,4390600.0,1014428512.75,0.9948141188026582,Bull,0.5,0.0,0.0,0.0,0.7959285052657795,0.0,0.0,0.06528656810207979,0.1335511203564175,4.792507838141491e-05,0.39938024620347834,0.0,0.0,0.031115155935464732,0.06950459786105695,0.0
2020-02-03,1012851525.0649239,150361.31492391415,4390600.0,1008310563.75,0.995516656486613,Bull,0.5,0.0,0.0,0.0,0.8336045144384604,0.0,0.0,0.05451440673544004,0.10735043321678406,4.73020959285508e-05,0.39938024620347834,0.0,0.0,0.031115155935464732,0.06950459786105695,0.0
2020-02-04,1019236764.3724355,44170586.822435334,4390600.0,970675577.5500001,0.9523553422326406,Bull,0.5,0.0,0.0,0.0,0.8111071209828485,0.0,0.0,0.04804300797582601,0.09315676525705181,4.84480169143077e-05,0.39938024620347834,0.0,0.0,0.031115155935464732,0.06950459786105695,0.0
2020-02-05,1023770409.6167221,242450761.56672212,4390600.0,776929048.05,0.758889923709424,Bull,0.5,0.0,0.0,0.0,0.6312573522142987,0.0,0.0,0.044966722585032266,0.08261749822566708,4.835068442594639e-05,0.39938024620347834,0.0,0.0,0.031115155935464732,0.06950459786105695,0.0
2020-02-06,1030155487.2209712,434037515.2709713,4390600.0,591727371.9499999,0.5744058826947478,Bull,0.5,0.0,0.0,0.0,0.45945944842448105,0.0,0.0,0.04133676957337389,0.07356006053457573,4.9604162317138546e-05,0.39938024620347834,0.0,0.0,0.031115155935464732,0.06950459786105695,0.0
2020-02-07,1027791699.1086581,485484356.6086581,4390600.0,537916742.5,0.5233713630558632,Sideways,0.5,0.0,0.0,0.0,0.41487421319883666,0.0,0.0,0.038526288969194925,0.06992233938289705,4.8521504934559454e-05,0.39953518465260873,0.0,0.0,0.0380873432454327,0.06237747210195857,0.0
2020-02-10,1027468010.5213279,502217481.52132785,4390600.0,520859929.0,0.5069354215083742,Bull,0.5,0.0,0.0,0.0,0.40397284854581283,0.0,0.0,0.03870290811275292,0.06421124485084931,4.8419998959147456e-05,0.39953518465260873,0.0,0.0,0.0380873432454327,0.06237747210195857,0.0
2020-02-11,1028987246.3713279,502217481.52132785,4390600.0,522379164.85,0.5076634007779436,Sideways,0.5,0.0,0.0,0.0,0.4043235388165962,0.0,0.0,0.0386457656693344,0.06464487313577019,4.9223156242815153e-05,0.39953518465260873,0.0,0.0,0.0380873432454327,0.06237747210195857,0.0
2020-02-12,1027589180.6213279,502217481.52132785,4390600.0,520981099.09999996,0.5069935621402618,Sideways,0.5,0.0,0.0,0.0,0.4031070070721632,0.0,0.0,0.038468680622053976,0.06536780579899173,5.006864705298955e-05,0.39953518465260873,0.0,0.0,0.0380873432454327,0.06237747210195857,0.0
2020-02-13,1029675908.2713279,502217481.52132785,4390600.0,523067826.75,0.5079926825015774,Bull,1.0,0.0,0.0,0.0,0.40409644763715047,0.0,0.0,0.03850531966564419,0.0653409480201912,4.996717859154039e-05,0.7191633323746958,0.0,0.0,0.06855721784177886,0.11227944978352543,0.1
2020-02-14,1031855322.004522,296664846.9545219,4390600.0,730799875.0500001,0.7082387031064782,Bull,1.0,0.0,0.0,0.0,0.5318985746798279,0.0,0.0,0.05112189555559498,0.08431530869171476,0.040902924179340557,0.7191633323746958,0.0,0.0,0.06855721784177886,0.11227944978352543,0.1
2020-02-17,1032878585.2583313,91498385.10833126,4390600.0,936989600.15,0.9071633525209076,Bull,1.0,0.0,0.0,0.0,0.6607910260616905,0.0,0.0,0.0630890222045819,0.10258746914914345,0.08069583510549184,0.7191633323746958,0.0,0.0,0.06855721784177886,0.11227944978352543,0.1
2020-02-18,1032797057.8713404,20220053.271340393,4390600.0,1008186404.6,0.9761708720181054,Bull,1.0,0.0,0.0,0.0,0.7082365785468004,0.0,0.0,0.06684256066945529,0.10834698757821198,0.09274474522363764,0.7191633323746958,0.0,0.0,0.06855721784177886,0.11227944978352543,0.1
2020-02-19,1043519182.7213404,20220053.271340393,4390600.0,1018908529.45,0.9764157155145347,Bull,1.0,0.0,0.0,0.0,0.70740896925814,0.0,0.0,0.0665481776951141,0.10847035864239239,0.0939882099188882,0.7191633323746958,0.0,0.0,0.06855721784177886,0.11227944978352543,0.1
2020-02-20,1039033955.0713403,20220053.271340393,4390600.0,1014423301.8,0.976313908557829,Bull,1.0,0.0,0.0,0.0,0.7084039921962533,0.0,0.0,0.06587773158510518,0.1084654639532565,0.09356672082321402,0.7191633323746958,0.0,0.0,0.06855721784177886,0.11227944978352543,0.1
2020-02-21,1032410761.2713404,20220053.271340393,4390600.0,1007800108.0,0.9761619558856263,Bull,1.0,0.0,0.0,0.0,0.7077658286903061,0.0,0.0,0.06615855099756028,0.10862561124595396,0.09361196495180593,0.7191633323746958,0.0,0.0,0.06855721784177886,0.11227944978352543,0.1
2020-02-24,1019598068.9713404,20220053.271340393,4390600.0,994987415.7,0.975862397134422,Bull,1.0,0.0,0.0,0.0,0.7088420797316312,0.0,0.0,0.06623139259976193,0.108604462258071,0.09218446254495796,0.7191633323746958,0.0,0.0,0.06855721784177886,0.11227944978352543,0.1
2020-02-25,1017823941.3213403,20220053.271340393,4390600.0,993213288.05,0.9758203238573945,Bull,1.0,0.0,0.0,0.0,0.707491648423167,0.0,0.0,0.06641875599058734,0.1090956357892776,0.09281428365436241,0.7191633323746958,0.0,0.0,0.06855721784177886,0.11227944978352543,0.1
2020-02-26,1010285007.7213404,20220053.271340393,4390600.0,985674354.45,0.9756398906415045,Bull,0.55,0.0,0.0,0.0,0.7088518576210807,0.0,0.0,0.06620557514840289,0.10881488803634935,0.09176756983567147,0.3595816661873479,0.0,0.0,0.03427860892088943,0.056139724891762714,0.1
2020-02-27,1006271776.9998833,213431506.14988324,4390600.0,788449670.85,0.7835355108544314,Bull,0.55,0.0,0.0,0.0,0.5535673001887885,0.0,0.0,0.05207430159298413,0.08457357340750488,0.0933203356651539,0.3595816661873479,0.0,0.0,0.03427860892088943,0.056139724891762714,0.1
2020-03-02,991990407.1399279,385498465.58992773,4390600.0,602101341.5500001,0.6069628669958187,Bull,0.55,0.0,0.0,0.0,0.40698246539903465,0.0,0.0,0.038899569715856,0.06322369606458628,0.09785713581634167,0.3595816661873479,0.0,0.0,0.03427860892088943,0.056139724891762714,0.1
2020-03-03,998172941.938952,425734614.688952,4390600.0,568047727.25,0.5690874831234823,Bull,0.55,0.0,0.0,0.0,0.37169680890096835,0.0,0.0,0.03778904277522176,0.05840551025832709,0.1011961211889651,0.3595816661873479,0.0,0.0,0.03427860892088943,0.056139724891762714,0.1
2020-03-04,1001841612.7889521,425734614.688952,4390600.0,571716398.1,0.5706654533029841,Bull,0.55,0.0,0.0,0.0,0.37237143410471235,0.0,0.0,0.03822460507843491,0.058585707811245,0.10148370630859184,0.3595816661873479,0.0,0.0,0.03427860892088943,0.056139724891762714,0.1
2020-03-05,1007455303.0889521,425734614.688952,4390600.0,577330088.4,0.5730577690442961,Bull,0.55,0.0,0.0,0.0,0.37273678271247757,0.0,0.0,0.03812576089701583,0.058912390274806686,0.10328283515999595,0.3595816661873479,0.0,0.0,0.03427860892088943,0.056139724891762714,0.1
2020-03-06,996876498.2389519,430125214.688952,0.0,566751283.55,0.5685270788820916,Bull,0.55,4390600.0,0.0,0.0,0.3714454139546205,0.0,0.0,0.03818426863031111,0.05831645153908038,0.10058094475807974,0.3595816661873479,0.0,0.0,0.03427860892088943,0.056139724891762714,0.1
2020-03-09,981775265.438952,430125214.688952,0.0,551650050.75,0.5618903532911446,Bear,0.55,0.0,0.0,0.0,0.3701567696223422,0.0,0.0,0.03806879365950377,0.05753791319517875,0.0961268768141199,0.3545397290528227,0.0,0.0,0.05335547727835525,0.042104793668822034,0.1
2020-03-10,982206992.1729405,438644702.67294043,0.0,543562289.5,0.5534091019831522,Bear,0.55,0.0,0.0,0.0,0.35716948901360596,0.0,0.0,0.05026700114481246,0.04621612385346098,0.09975648797127283,0.34942640105788847,0.0,0.0,0.06899500369049506,0.03157859525161653,0.1
2020-03-11,979049038.0880606,441147948.8880605,0.0,537901089.2,0.5494117947865431,Bear,0.55,0.0,0.0,0.0,0.3526348280513266,0.0,0.0,0.06440617124055471,0.035024394760618444,0.09734640073404333,0.3452427450694893,0.0,0.0,0.08107330849179832,0.023683946438712397,0.1
2020-03-12,955677332.7830938,440730927.3830938,0.0,514946405.40000004,0.5388287319742,Bear,0.55,0.0,0.0,0.0,0.34317742416774194,0.0,0.0,0.07705529625312749,0.026217792491774836,0.0923782190615558,0.33955586120006515,0.0,0.0,0.0926811789709006,0.017762959829034298,0.1
2020-03-13,939344145.6275051,433282799.8275051,0.0,506061345.8,0.5387390214285506,Crisis,0.55,0.0,0.0,0.0,0.33541441362742064,0.0,0.0,0.08807155544120057,0.020005447510876306,0.0952476048490531,0.32781166385775,0.0,0.0,0.10886611627047428,0.013322219871775723,0.1
2020-03-16,915730313.5780895,425263454.3280895,0.0,490466859.25,0.5356018600427986,Crisis,0.49999999999999994,0.0,0.0,0.0,0.3235323815942842,0.0,0.0,0.10416309101671554,0.0146879488431973,0.09321843858860158,0.35442638654812497,0.0,0.0,0.13447176355872856,0.011101849893146436,0.0
2020-03-17,901304700.5132191,447704499.313219,0.0,453600201.20000005,0.5032706485850034,Crisis,0.5,0.0,0.0,0.0,0.3375935918527226,0.0,0.0,0.13129300216965242,0.011875617639523245,0.022508436923105182,0.3470697899110938,0.0,0.0,0.14460382266904645,0.008326387419859829,0.0
2020-03-18,895636729.8897035,450014372.2397035,0.0,445622357.65000004,0.4975481049162397,Crisis,0.5,0.0,0.0,0.0,0.3415879981693873,0.0,0.0,0.14163164122983374,0.00902240800351627,0.0053060575135024214,0.34155234243332033,0.0,0.0,0.15220286700178481,0.006244790564894871,0.0
2020-03-19,872399453.1397035,450014372.2397035,0.0,422385080.90000004,0.4841647703696583,Crisis,0.5000000000000001,0.0,0.0,0.0,0.32674107013035136,0.0,0.0,0.1440112090256906,0.008721979332535768,0.004690511881080603,0.33562829930614496,0.0,0.0,0.15790215025133864,0.006469550442516472,0.0
2020-03-20,897013387.1397035,450014372.2397035,0.0,446999014.9,0.49831922389178684,Crisis,0.5000000000000001,0.0,0.0,0.0,0.34402514981857063,0.0,0.0,0.13987539294155363,0.009157053972395985,0.0052616271592666125,0.33562829930614496,0.0,0.0,0.15790215025133864,0.006469550442516472,0.0
2020-03-23,878058141.7180274,448463449.2680273,0.0,429594692.45,0.48925540580882926,Crisis,0.5000000000000001,0.0,0.0,0.0,0.3284929878170027,0.0,0.0,0.15249263532596313,0.007015025210002602,0.0012547574558608298,0.33562829930614496,0.0,0.0,0.15790215025133864,0.006469550442516472,0.0
2020-03-24,895194108.7680273,448463449.2680273,0.0,446730659.5,0.49903217092748076,Crisis,0.5000000000000001,0.0,0.0,0.0,0.33793979041744654,0.0,0.0,0.15250837629828257,0.007216032742764533,0.0013679714689871043,0.33562829930614496,0.0,0.0,0.15790215025133864,0.006469550442516472,0.0
2020-03-25,912189902.7180274,448463449.2680273,0.0,463726453.45,0.5083661330477863,Crisis,0.5000000000000001,0.0,0.0,0.0,0.3459177880721832,0.0,0.0,0.15369036598877645,0.007329559316627005,0.0014284196701997206,0.33562829930614496,0.0,0.0,0.15790215025133864,0.006469550442516472,0.0
2020-03-26,912541081.1180272,448463449.2680273,0.0,464077631.84999996,0.5085553313188063,Crisis,0.5000000000000001,0.0,0.0,0.0,0.3457180595787291,0.0,0.0,0.1540112581318654,0.007360107001178731,0.0014659066070330515,0.33562829930614496,0.0,0.0,0.15790215025133864,0.006469550442516472,0.0
2020-03-27,918255144.9180273,448463449.2680273,0.0,469791695.65,0.511613464133586,Crisis,1.0000000000000002,0.0,0.0,0.0,0.34876263685796066,0.0,0.0,0.15414974888339567,0.007257460017384289,0.001443618374845411,0.6041309387510609,0.0,0.0,0.28422387045240954,0.011645190796529651,0.1
2020-03-30,913329126.2463889,269109827.496389,0.0,644219298.75,0.7053528462380482,Crisis,1.0000000000000002,0.0,0.0,0.0,0.4512942672089996,0.0,0.0,0.2034315940011714,0.008969165402254013,0.04165781962562308,0.6041309387510609,0.0,0.0,0.28422387045240954,0.011645190796529651,0.1
2020-03-31,915596625.8091426,84369714.6091426,0.0,831226911.2,0.9078527462521148,Crisis,1.0000000000000002,0.0,0.0,0.0,0.5560190665295445,0.0,0.0,0.25947944029396586,0.010728905855587645,0.0816253335730169,0.6041309387510609,0.0,0.0,0.28422387045240954,0.011645190796529651,0.1
2020-04-01,905091583.1911123,21390125.891112246,0.0,883701457.3000001,0.976366893374816,Crisis,1.0000000000000002,0.0,0.0,0.0,0.5915199712855503,0.0,0.0,0.2767881224977676,0.011488671636231948,0.09657012795526601,0.6041309387510609,0.0,0.0,0.28422387045240954,0.011645190796529651,0.1
2020-04-06,918203864.2411122,21390125.891112246,0.0,896813738.35,0.9767043826277174,Crisis,1.0000000000000002,0.0,0.0,0.0,0.5881618226431108,0.0,0.0,0.2781003325563729,0.01149619426697177,0.09894603316126199,0.6041309387510609,0.0,0.0,0.28422387045240954,0.011645190796529651,0.1
2020-04-07,929867384.9585084,5345357.808508375,0.0,924522027.15,0.9942514837115758,Crisis,1.0000000000000002,0.0,0.0,0.0,0.5981492803673485,0.0,0.0,0.2822789617593827,0.011650048356608808,0.1021731932282358,0.6041309387510609,0.0,0.0,0.28422387045240954,0.011645190796529651,0.1
2020-04-08,936298328.9585084,5345357.808508375,0.0,930952971.15,0.994290967266326,Crisis,1.0000000000000002,0.0,0.0,0.0,0.5961143621508415,0.0,0.0,0.2816774225084484,0.011732158074252834,0.10476702453278323,0.6041309387510609,0.0,0.0,0.28422387045240954,0.011645190796529651,0.1
2020-04-09,939544726.6085083,5345357.808508375,0.0,934199368.8,0.9943106936188087,Crisis,1.0000000000000002,0.0,0.0,0.0,0.600136281787624,0.0,0.0,0.27923311426270975,0.011640212211586438,0.1033010853568885,0.6041309387510609,0.0,0.0,0.28422387045240954,0.011645190796529651,0.1
2020-04-10,953752982.6085083,5345357.808508375,0.0,948407624.8,0.9943954483959894,Crisis,1.0000000000000002,0.0,0.0,0.0,0.6038932043229259,0.0,0.0,0.27636883428567594,0.011474040133609722,0.10265936965377784,0.6041309387510609,0.0,0.0,0.28422387045240954,0.011645190796529651,0.1
2020-04-13,946279762.8085084,5345357.808508375,0.0,940934405.0,0.9943511865955543,Crisis,0.55,0.0,0.0,0.0,0.6018256094897008,0.0,0.0,0.2789064189819393,0.011491738941690303,0.10212741918222398,0.30206546937553047,0.0,0.0,0.14211193522620477,0.0058225953982648255,0.1
2020-04-14,967306801.8965278,193704277.49652782,0.0,773602524.4,0.7997488727291631,Crisis,0.55,0.0,0.0,0.0,0.4698972999143878,0.0,0.0,0.2158286280947007,0.009038083866317308,0.10498486085375736,0.30206546937553047,0.0,0.0,0.14211193522620477,0.0058225953982648255,0.1
2020-04-15,974655558.6392717,374226510.0392717,0.0,600429048.6,0.6160422964583162,Crisis,0.55,0.0,0.0,0.0,0.3475984778386604,0.0,0.0,0.16041195129310817,0.006664918639636286,0.10136694868691137,0.29752063654368976,0.0,0.0,0.1459589514196536,0.006520412036656736,0.1
2020-04-16,969371180.3808644,416085715.7808644,0.0,553285464.6,0.5707673962234106,Crisis,0.55,0.0,0.0,0.0,0.31473411916385735,0.0,0.0,0.14883545428213976,0.00658488732612419,0.10061293545128927,0.29752063654368976,0.0,0.0,0.1459589514196536,0.006520412036656736,0.1
2020-04-17,975325646.2521794,427342182.5021793,0.0,547983463.75,0.5618466671677306,Crisis,0.55,0.0,0.0,0.0,0.30410736648804415,0.0,0.0,0.14696414530961557,0.006743132435071354,0.10403202293499957,0.2917131763743037,0.0,0.0,0.14884421356474017,0.009442610060956137,0.1
2020-04-20,974033633.4021792,427342182.5021793,0.0,546691450.9,0.5612654760087433,Bear,0.55,0.0,0.0,0.0,0.30348940813006087,0.0,0.0,0.14755116771276622,0.0067318003969711075,0.10349309976894527,0.2955120238776737,0.0,0.0,0.14370725214526675,0.01078072397705957,0.1
2020-04-21,956325872.7521794,427342182.5021793,0.0,528983690.25,0.5531416699285306,Crisis,0.55,0.0,0.0,0.0,0.2988065035066247,0.0,0.0,0.1486002878820222,0.0066581906664048155,0.09907668787347892,0.2897565984638039,0.0,0.0,0.14715543910895007,0.013087962427246035,0.1
2020-04-22,956096103.5021794,427342182.5021793,0.0,528753921.0,0.5530342808250914,Crisis,0.55,0.0,0.0,0.0,0.2972000199134294,0.0,0.0,0.1493843552722673,0.006659790764418156,0.0997901148749766,0.2897565984638039,0.0,0.0,0.14715543910895007,0.013087962427246035,0.1
2020-04-23,955889985.2021793,427342182.5021793,0.0,528547802.7,0.5529379017274748,Bear,0.55,0.0,0.0,0.0,0.2966261673303631,0.0,0.0,0.14830681584138097,0.00668602046149508,0.10131889809423561,0.2897565984638039,0.0,0.0,0.14715543910895007,0.013087962427246035,0.1
2020-04-24,957513415.0521793,427342182.5021793,0.0,530171232.55,0.5536958795727248,Crisis,0.55,0.0,0.0,0.0,0.29722880961880915,0.0,0.0,0.14923185174613265,0.006674684552228148,0.10056053365555491,0.2848174488478529,0.0,0.0,0.14971639072287082,0.015466160429276257,0.1
2020-04-27,971762564.1521792,427342182.5021793,0.0,544420381.65,0.5602401262750671,Bear,0.55,0.0,0.0,0.0,0.30020223294413245,0.0,0.0,0.1488632154977171,0.0067109500206870825,0.10446372781253054,0.2848174488478529,0.0,0.0,0.14971639072287082,0.015466160429276257,0.1
2020-04-28,976189895.7673693,435015643.5673692,0.0,541174252.2,0.554373953824415,Bear,0.55,0.0,0.0,0.0,0.2917524279188714,0.0,0.0,0.148155805163615,0.013191900526563985,0.10127382021536453,0.2880286294866475,0.0,0.0,0.1448840336751494,0.017087336838203113,0.1
2020-04-29,982575247.5173693,435015643.5673692,0.0,547559603.95,0.557269893917535,Bear,0.5,0.0,0.0,0.0,0.2931000599472246,0.0,0.0,0.14752264558489975,0.013288753235938994,0.10335843514947159,0.32003181054071944,0.0,0.0,0.16098225963905488,0.01898592982022568,0.0
2020-04-30,987350095.1754714,478208764.4754714,0.0,509141330.70000005,0.5156644367462341,Bear,0.5,0.0,0.0,0.0,0.31408751790811007,0.0,0.0,0.15698808432530012,0.01783865731726073,0.02675017719556315,0.32003181054071944,0.0,0.0,0.16098225963905488,0.01898592982022568,0.0
2020-05-04,978805491.2270119,488802949.1770119,0.0,490002542.04999995,0.5006127840943578,Bear,0.5,0.0,0.0,0.0,0.3143264977644512,0.0,0.0,0.16167706599359216,0.018231405687793852,0.006377814648520561,0.32003181054071944,0.0,0.0,0.16098225963905488,0.01898592982022568,0.0
2020-05-05,980993236.427012,488802949.1770119,0.0,492190287.25,0.5017264839079449,Bear,0.5,0.0,0.0,0.0,0.3153936803651143,0.0,0.0,0.16160631298276573,0.01827841348357156,0.0064480770764933125,0.32003181054071944,0.0,0.0,0.16098225963905488,0.01898592982022568,0.0
2020-05-06,978849103.5770118,488802949.1770119,0.0,490046154.4,0.5006350341530912,Bear,0.5,0.0,0.0,0.0,0.31495803926610483,0.0,0.0,0.16086228145338613,0.018340416244338492,0.006474297189261718,0.32506994725001853,0.0,0.0,0.15630020508509482,0.01862984766488667,0.0
2020-05-07,980641325.2770119,488802949.1770119,0.0,491838376.1,0.5015476743865198,Bear,0.5,0.0,0.0,0.0,0.3158807997536686,0.0,0.0,0.16070003979842903,0.018383632766962494,0.006583202067459654,0.32506994725001853,0.0,0.0,0.15630020508509482,0.01862984766488667,0.0
2020-05-08,982731675.4770119,488802949.1770119,0.0,493928726.3,0.502607923022579,Bear,0.5,0.0,0.0,0.0,0.31596618288433653,0.0,0.0,0.16156139459220473,0.018453918249045204,0.006626427296992452,0.32506994725001853,0.0,0.0,0.15630020508509482,0.01862984766488667,0.0
2020-05-11,987547100.427012,488802949.1770119,0.0,498744151.25,0.5050332799664388,Bear,0.5,0.0,0.0,0.0,0.31834921201637983,0.0,0.0,0.16144323640974875,0.01851633202314432,0.006724499517165873,0.32506994725001853,0.0,0.0,0.15630020508509482,0.01862984766488667,0.0
2020-05-12,984533952.4770119,488802949.1770119,0.0,495731003.3,0.503518443475493,Bear,0.5,0.0,0.0,0.0,0.3178670806757242,0.0,0.0,0.16071401052438006,0.01835462347899265,0.0065827287963960025,0.32506994725001853,0.0,0.0,0.15630020508509482,0.01862984766488667,0.0
2020-05-13,985458586.7270119,488802949.1770119,0.0,496655637.55,0.5039842812669932,Bear,1.0,0.0,0.0,0.0,0.3181997110517489,0.0,0.0,0.1607544975848732,0.018391944871267107,0.006638127759104026,0.5851259050500334,0.0,0.0,0.2813403691531707,0.03353372579679601,0.1
2020-05-14,982493566.7583083,292521934.6083083,0.0,689971632.15,0.7022658015222728,Bear,1.0,0.0,0.0,0.0,0.42650252004457356,0.0,0.0,0.208468438806974,0.024248301267361494,0.043046541403363704,0.5851259050500334,0.0,0.0,0.2813403691531707,0.03353372579679601,0.1
2020-05-15,979876074.7042633,94770880.20426336,0.0,885105194.5,0.9032827898845616,Bear,1.0,0.0,0.0,0.0,0.5323186451484961,0.0,0.0,0.25776086029677714,0.03072036431656435,0.08248292012272392,0.5851259050500334,0.0,0.0,0.2813403691531707,0.03353372579679601,0.1
2020-05-18,979942717.8486063,24168513.348606363,0.0,955774204.5,0.9753368100926689,Bear,1.0,0.0,0.0,0.0,0.5713068165138324,0.0,0.0,0.27699312934935755,0.032498277113499646,0.0945385871159793,0.5851259050500334,0.0,0.0,0.2813403691531707,0.03353372579679601,0.1
2020-05-19,988624473.7486064,24168513.348606363,0.0,964455960.4000001,0.9755533936389763,Bear,1.0,0.0,0.0,0.0,0.5727372479997724,0.0,0.0,0.27457240560790097,0.032503443777956845,0.09574029625334614,0.5957861521312906,0.0,0.0,0.2790635535211124,0.025150294347597007,0.1
2020-05-20,988939433.2240614,5965959.224061361,0.0,982973474.0,0.9939673158702838,Bear,1.0,0.0,0.0,0.0,0.5902350077163433,0.0,0.0,0.27739474307912093,0.02703118017333965,0.09930638490147989,0.5957861521312906,0.0,0.0,0.2790635535211124,0.025150294347597007,0.1
2020-05-21,994426004.9240613,5965959.224061361,0.0,988460045.6999999,0.9940006001507201,Bear,1.0,0.0,0.0,0.0,0.5895404412164069,0.0,0.0,0.2765750278433263,0.027106592010391402,0.10077853908059553,0.5957861521312906,0.0,0.0,0.2790635535211124,0.025150294347597007,0.1
2020-05-22,980439726.5740614,5965959.224061361,0.0,974473767.35,0.9939150168415675,Bear,1.0,0.0,0.0,0.0,0.5913838063009182,0.0,0.0,0.2776059482524856,0.026988961465752234,0.09793630082241134,0.6051086790635087,0.0,0.0,0.27602860017579356,0.018862720760697758,0.1
2020-05-25,984120111.1240613,5965959.224061361,0.0,978154151.9,0.9939377732894341,Bear,1.0,0.0,0.0,0.0,0.590281963892077,0.0,0.0,0.27713700484027404,0.027066309995002345,0.09945249456208073,0.6051086790635087,0.0,0.0,0.27602860017579356,0.018862720760697758,0.1
2020-05-26,993327160.0240613,5965959.224061361,0.0,987361200.8,0.9939939634551854,Bear,1.0,0.0,0.0,0.0,0.5898552806970537,0.0,0.0,0.2758135597473883,0.02712052089600313,0.10120460211474021,0.6051086790635087,0.0,0.0,0.27602860017579356,0.018862720760697758,0.1
2020-05-27,995189101.4324707,1549536.8324706615,0.0,993639564.6,0.9984429724659964,Bear,1.0,0.0,0.0,0.0,0.6040311371323732,0.0,0.0,0.2736993397615928,0.020935166964761758,0.09977732860726861,0.6051086790635087,0.0,0.0,0.27602860017579356,0.018862720760697758,0.1
2020-05-28,992672346.3324707,1549536.8324706615,0.0,991122809.5,0.9984390248824846,Bear,1.0,0.0,0.0,0.0,0.6042219587520512,0.0,0.0,0.2745713638613975,0.02086383294197599,0.09878186932705983,0.6051086790635087,0.0,0.0,0.27602860017579356,0.018862720760697758,0.1
2020-05-29,997647978.1324706,1549536.8324706615,0.0,996098441.3,0.9984468100307573,Bear,1.0,0.0,0.0,0.0,0.6061343224811357,0.0,0.0,0.2723163941138425,0.02090832684194571,0.09908776659383335,0.6051086790635087,0.0,0.0,0.27602860017579356,0.018862720760697758,0.1
2020-06-01,1006005886.8324707,1549536.8324706615,0.0,1004456350.0,0.9984597139512279,Bull,1.0,0.0,0.0,0.0,0.6066655056280345,0.0,0.0,0.27072674580218903,0.020845106648458577,0.10022235587254588,0.6338315092976315,0.0,0.0,0.23393833692644161,0.03223015377592687,0.1
2020-06-02,1014558071.1041474,111717.20414746273,0.0,1014446353.9,0.9998898858455427,Bull,1.0,0.0,0.0,0.0,0.6279758370130771,0.0,0.0,0.2425632470028792,0.02925845335565105,0.10009234847393535,0.6553736319732237,0.0,0.0,0.20334598894219474,0.04128037908458161,0.1
2020-06-03,1027957488.0904284,1952076.590428343,0.0,1026005411.5,0.9981010142802164,Bull,1.0,0.0,0.0,0.0,0.6437424009909907,0.0,0.0,0.213843473632698,0.03841987675323569,0.10209526290329206,0.6715302239799178,0.0,0.0,0.17756908266182456,0.05090069335825772,0.1
2020-06-04,1030944472.2540591,156199.35405909782,0.0,1030788272.9,0.9998484890716591,Bull,1.0,0.0,0.0,0.0,0.6643583057412366,0.0,0.0,0.18589895494659647,0.04800840523620658,0.1015828231476195,0.6836476679849383,0.0,0.0,0.15228340102415602,0.06406893099090567,0.1
2020-06-05,1032889070.2381911,1499703.2881912296,0.0,1031389366.9499999,0.9985480499974259,Bull,1.0,0.0,0.0,0.0,0.6758945244613808,0.0,0.0,0.16016502136270075,0.06038896314936886,0.1020995410239754,0.6927357509887038,0.0,0.0,0.1273090049096692,0.07995524410162709,0.1
2020-06-08,1039719518.4453274,126697.79532748158,0.0,1039592820.65,0.9998781423325428,Bull,1.0,0.0,0.0,0.0,0.6869260006948268,0.0,0.0,0.13575468912140276,0.07549295613625377,0.10170449638005949,0.6995518132415278,0.0,0.0,0.10569270979229255,0.0947554769661797,0.1
2020-06-09,1039417469.2270995,1202971.9770994848,0.0,1038214497.25,0.9988426479131681,Bull,1.0,0.0,0.0,0.0,0.694068233994995,0.0,0.0,0.1136912775651847,0.08999502391426728,0.10108811243872114,0.7046638599311458,0.0,0.0,0.08815370010428422,0.10718243996456996,0.1
2020-06-10,1047180881.0905288,105177.49052886385,0.0,1047075703.6,0.9998995612960205,Bull,1.0,0.0,0.0,0.0,0.7007911592463062,0.0,0.0,0.0947090438632885,0.10304509177786587,0.10135426640855995,0.7084978949483594,0.0,0.0,0.07580382105963226,0.11569828399200843,0.1
2020-06-11,1028364453.3319004,625254.9819003646,0.0,1027739198.35,0.9993919908648393,Bull,1.0,0.0,0.0,0.0,0.7067417548274904,0.0,0.0,0.08158780647090393,0.11274514557980335,0.0983172839866417,0.7904149124569662,0.0,0.0,0.07374372439299264,0.13584136315004125,0.0
2020-06-12,1018993710.8492541,14639.79925400985,0.0,1018979071.0500001,0.9999856330818353,Bull,1.0,0.0,0.0,0.0,0.7687610852839578,0.0,0.0,0.07668447721318652,0.1300807832165405,0.024459287368150534,0.7904149124569662,0.0,0.0,0.07374372439299264,0.13584136315004125,0.0
2020-06-15,1009873888.0290254,1666301.5290253852,0.0,1008207586.5,0.9983499904802197,Bull,1.0,0.0,0.0,0.0,0.7842298190774069,0.0,0.0,0.07446939750742272,0.13361767404775365,0.006033099847636507,0.7904149124569662,0.0,0.0,0.07374372439299264,0.13584136315004125,0.0
2020-06-16,1023247430.2290254,1666301.5290253852,0.0,1021581128.6999999,0.9983715556181241,Bull,1.0,0.0,0.0,0.0,0.7832371966188263,0.0,0.0,0.0741401324438411,0.13475127904219464,0.006242947513261975,0.7904149124569662,0.0,0.0,0.07374372439299264,0.13584136315004125,0.0
2020-06-17,1024323657.3290255,1666301.5290253852,0.0,1022657355.8000001,0.9983732665773136,Bull,1.0,0.0,0.0,0.0,0.7833408415971603,0.0,0.0,0.07402484503552176,0.13476111677430502,0.006246463170326597,0.7904149124569662,0.0,0.0,0.07374372439299264,0.13584136315004125,0.0
2020-06-18,1018379966.7290255,1666301.5290253852,0.0,1016713665.2,0.9983637722819927,Bull,1.0,0.0,0.0,0.0,0.7829649160922306,0.0,0.0,0.07368006289539022,0.13539533818882427,0.006323455105547549,0.7904149124569662,0.0,0.0,0.07374372439299264,0.13584136315004125,0.0
2020-06-19,1013940401.4290254,1666301.5290253852,0.0,1012274099.9,0.9983566080149514,Bull,1.0,0.0,0.0,0.0,0.7823054972285013,0.0,0.0,0.07377810361888057,0.13591168653086388,0.006361320636705581,0.7904149124569662,0.0,0.0,0.07374372439299264,0.13584136315004125,0.0
2020-06-22,1016932424.2790254,1666301.5290253852,0.0,1015266122.75,0.9983614432097523,Bull,1.0,0.0,0.0,0.0,0.7823630201525572,0.0,0.0,0.07381994929822629,0.13581684161356197,0.0063616321454068835,0.7904149124569662,0.0,0.0,0.07374372439299264,0.13584136315004125,0.0
2020-06-23,1019169297.6790254,1666301.5290253852,0.0,1017502996.15,0.9983650395152012,Bull,1.0,0.0,0.0,0.0,0.7821891298780694,0.0,0.0,0.07365645744132478,0.13612748177947318,0.006391970416333774,0.7904149124569662,0.0,0.0,0.07374372439299264,0.13584136315004125,0.0
2020-06-24,1020576260.1290255,1666301.5290253852,0.0,1018909958.6,0.9983672934653459,Bull,1.0,0.0,0.0,0.0,0.781122430281903,0.0,0.0,0.07401651689453367,0.13677566827034804,0.006452678018561239,0.7904149124569662,0.0,0.0,0.07374372439299264,0.13584136315004125,0.0
2020-06-29,1015293917.6790254,1666301.5290253852,0.0,1013627616.15,0.9983587988660125,Bull,1.0,0.0,0.0,0.0,0.7811209269951718,0.0,0.0,0.07480947012233746,0.13611240803639743,0.006315993712105812,0.7904149124569662,0.0,0.0,0.07374372439299264,0.13584136315004125,0.0
2020-06-30,1019875436.1790254,1666301.5290253852,0.0,1018209134.65,0.9983661715245655,Bull,1.0,0.0,0.0,0.0,0.7798648799993104,0.0,0.0,0.0753582224589523,0.13671757849408983,0.00642549057221305,0.7904149124569662,0.0,0.0,0.07374372439299264,0.13584136315004125,0.0
2020-07-01,1026155213.8290255,1666301.5290253852,0.0,1024488912.3000001,0.9983761700895055,Bull,1.0,0.0,0.0,0.0,0.779222871476076,0.0,0.0,0.07589134562734433,0.13678778620267013,0.006474166783415006,0.7904149124569662,0.0,0.0,0.07374372439299264,0.13584136315004125,0.0
2020-07-02,1033786065.0290254,1666301.5290253852,469086.0,1031650677.5,0.9979344009352985,Bull,1.0,0.0,0.0,0.0,0.7777692645503255,0.0,0.0,0.07630437541038554,0.13727840295082275,0.006582358023764757,0.7904149124569662,0.0,0.0,0.07374372439299264,0.13584136315004125,0.0
2020-07-03,1036120556.8290254,1666301.5290253852,469086.0,1033985169.3,0.997939054953643,Bull,1.0,0.0,0.0,0.0,0.7775325120134049,0.0,0.0,0.07515496096160322,0.13854087640082116,0.006710705577813722,0.7904149124569662,0.0,0.0,0.07374372439299264,0.13584136315004125,0.0
2020-07-06,1048988018.6790254,1666301.5290253852,469086.0,1046852631.15,0.9979643356349156,Bull,1.0,0.0,0.0,0.0,0.7769423641047122,0.0,0.0,0.07493431631277002,0.13920716671663144,0.006880488500801897,0.7904149124569662,0.0,0.0,0.07374372439299264,0.13584136315004125,0.0
2020-07-07,1047503813.2790254,1666301.5290253852,469086.0,1045368425.75,0.9979614513074268,Bull,1.0,0.0,0.0,0.0,0.7766473643693511,0.0,0.0,0.07450120850224749,0.13992264098895268,0.006890237446875478,0.7904149124569662,0.0,0.0,0.07374372439299264,0.13584136315004125,0.0
2020-07-08,1048139375.7290254,1666301.5290253852,469086.0,1046003988.1999999,0.997962687426431,Bull,1.0,0.0,0.0,0.0,0.7759809974072295,0.0,0.0,0.07420368111435909,0.14079964307929324,0.006978365825549292,0.7904149124569662,0.0,0.0,0.07374372439299264,0.13584136315004125,0.0
2020-07-09,1047363220.3290254,1666301.5290253852,469086.0,1045227832.8,0.9979611776625548,Bull,1.0,0.0,0.0,0.0,0.7757807101005021,0.0,0.0,0.07381173837259061,0.14134824206782137,0.007020487121640649,0.7928111843427246,0.0,0.0,0.06373928792257227,0.14344952773470315,0.0
2020-07-10,1042855832.9372456,1676593.4872455085,469086.0,1040710153.45,0.9979424965374148,Bull,1.0,0.0,0.0,0.0,0.7871684920607798,0.0,0.0,0.06669915227312696,0.14231228834573792,0.0017625638577701743,0.7928111843427246,0.0,0.0,0.06373928792257227,0.14344952773470315,0.0
2020-07-13,1046177767.6372455,1676593.4872455085,469086.0,1044032088.15,0.997949029740814,Bull,1.0,0.0,0.0,0.0,0.7854575135981366,0.0,0.0,0.06671906262894571,0.14395870822235027,0.0018137452913814397,0.7928111843427246,0.0,0.0,0.06373928792257227,0.14344952773470315,0.0
2020-07-14,1046173733.4872456,1676593.4872455085,2796086.0,1041701054.0,0.9957247258805317,Bull,1.0,0.0,0.0,0.0,0.7842930650389945,0.0,0.0,0.06476094536818726,0.1448585403638865,0.0018121751094634163,0.7928111843427246,0.0,0.0,0.06373928792257227,0.14344952773470315,0.0
2020-07-15,1050440760.5872456,1676593.4872455085,2796086.0,1045968081.1,0.9957420926004955,Bull,1.0,0.0,0.0,0.0,0.7847362859750102,0.0,0.0,0.06431966707216175,0.14486718881217764,0.0018189507411458684,0.7928111843427246,0.0,0.0,0.06373928792257227,0.14344952773470315,0.0
2020-07-16,1046822165.9372456,1676593.4872455085,2796086.0,1042349486.45,0.9957273741111118,Bull,1.0,0.0,0.0,0.0,0.7860964958773438,0.0,0.0,0.0638874511604574,0.14394498407003847,0.0017984430032721146,0.7928111843427246,0.0,0.0,0.06373928792257227,0.14344952773470315,0.0
2020-07-17,1050729195.2872456,1676593.4872455085,3233086.0,1045819515.8000001,0.9953273597904516,Bull,1.0,0.0,0.0,0.0,0.7855178760635498,0.0,0.0,0.06294447731788728,0.14505126600040333,0.001813740408611194,0.7928111843427246,0.0,0.0,0.06373928792257227,0.14344952773470315,0.0
2020-07-20,1050127041.0372456,1676593.4872455085,3233086.0,1045217361.5500001,0.9953246804478093,Bull,1.0,0.0,0.0,0.0,0.7857133273465869,0.0,0.0,0.0628861056037293,0.14491046707043392,0.0018147804270592126,0.7928111843427246,0.0,0.0,0.06373928792257227,0.14344952773470315,0.0
2020-07-21,1055750383.9872456,1676593.4872455085,4330686.0,1049743104.5,0.9943099433555895,Bull,1.0,0.0,0.0,0.0,0.7839822907514086,0.0,0.0,0.0618536360397752,0.14658919603279033,0.0018848205316153973,0.7928111843427246,0.0,0.0,0.06373928792257227,0.14344952773470315,0.0
2020-07-22,1060175007.5872456,1676593.4872455085,4330686.0,1054167728.1,0.9943336907168592,Bull,1.0,0.0,0.0,0.0,0.7844613598208777,0.0,0.0,0.061638879932398596,0.14634715861968842,0.0018862923438943918,0.7928111843427246,0.0,0.0,0.06373928792257227,0.14344952773470315,0.0
2020-07-23,1057644778.2372456,1676593.4872455085,4330686.0,1051637498.75,0.9943201350672219,Bull,1.0,0.0,0.0,0.0,0.7844300050653656,0.0,0.0,0.06145655076020212,0.14654901455508523,0.0018845646865689866,0.7928111843427246,0.0,0.0,0.06373928792257227,0.14344952773470315,0.0
2020-07-24,1048925354.5372455,1676593.4872455085,4330686.0,1042918075.05,0.9942729199353793,Bull,1.0,0.0,0.0,0.0,0.7833777889871978,0.0,0.0,0.061787046828124616,0.14724403345949993,0.0018640506605568684,0.7928111843427246,0.0,0.0,0.06373928792257227,0.14344952773470315,0.0
2020-07-27,1048410752.3372456,1676593.4872455085,4330686.0,1042403472.85,0.9942701088539455,Bull,1.0,0.0,0.0,0.0,0.7767577459831716,0.0,0.0,0.06103104137129028,0.15449517246833538,0.0019861490311482233,0.7928111843427246,0.0,0.0,0.06373928792257227,0.14344952773470315,0.0
2020-07-28,1054662411.3455602,1009286.4455602597,4330686.0,1049322438.9,0.994936794572258,Bull,1.0,0.0,0.0,0.0,0.7867845482815056,0.0,0.0,0.06184272739633044,0.1457740394898992,0.000535479404522894,0.7928111843427246,0.0,0.0,0.06373928792257227,0.14344952773470315,0.0
2020-07-29,1061940462.5955603,1009286.4455602597,4330686.0,1056600490.1500001,0.9949714954522889,Bull,1.0,0.0,0.0,0.0,0.7894645883450916,0.0,0.0,0.06167040649334591,0.14330765740674042,0.0005288432071110235,0.7928111843427246,0.0,0.0,0.06373928792257227,0.14344952773470315,0.0
2020-07-30,1071266213.0955602,1009286.4455602597,4330686.0,1065926240.65,0.9950152703592419,Bull,1.0,0.0,0.0,0.0,0.7885278003952582,0.0,0.0,0.061812180007672114,0.14413802854270188,0.0005372614136096713,0.7928111843427246,0.0,0.0,0.06373928792257227,0.14344952773470315,0.0
2020-07-31,1067482760.3455602,1009286.4455602597,4330686.0,1062142787.9,0.9949976031052421,Bull,1.0,0.0,0.0,0.0,0.7879015653870912,0.0,0.0,0.062255525305614276,0.14430134679658452,0.0005391656159521356,0.7928111843427246,0.0,0.0,0.06373928792257227,0.14344952773470315,0.0
2020-08-03,1056774167.4955602,1009286.4455602597,4330686.0,1051434195.05,0.9949469123964154,Bull,1.0,0.0,0.0,0.0,0.7891410678843108,0.0,0.0,0.06204106990557701,0.14323590096711553,0.0005288736394120346,0.7928111843427246,0.0,0.0,0.06373928792257227,0.14344952773470315,0.0
2020-08-04,1061337840.8955603,1009286.4455602597,4330686.0,1055997868.45,0.9949686402954837,Bull,1.0,0.0,0.0,0.0,0.7878956504032608,0.0,0.0,0.0620925754841572,0.14443770314516188,0.0005427112629037795,0.7928111843427246,0.0,0.0,0.06373928792257227,0.14344952773470315,0.0
2020-08-05,1068301941.3955601,1009286.4455602597,4330686.0,1062961968.9499999,0.9950014389765272,Bull,1.0,0.0,0.0,0.0,0.7878780673659254,0.0,0.0,0.06168967540572691,0.14488525575251124,0.0005484404523637001,0.7928111843427246,0.0,0.0,0.06373928792257227,0.14344952773470315,0.0
2020-08-06,1077900414.5455604,1478372.4455602597,3861600.0,1072560442.1,0.9950459500956667,Bull,1.0,469086.0,0.0,0.0,0.7882686383957098,0.0,0.0,0.06111464390499647,0.14510950908757514,0.0005531587073852062,0.7928111843427246,0.0,0.0,0.06373928792257227,0.14344952773470315,0.0
2020-08-07,1075928556.1455603,3805377.4455602597,10561188.55,1061561990.15,0.9866472862779778,Bull,1.0,2327005.0,257902.0,5.0,0.7809159682126047,0.0,0.0,0.06084325917932384,0.14434099654009896,0.0005470623459503843,0.7928111843427246,0.0,0.0,0.06373928792257227,0.14344952773470315,0.0
2020-08-10,1080465256.2467597,1936647.94675976,10561188.55,1067967419.75,0.9884329121880571,Bull,1.0,0.0,0.0,0.0,0.7822726041983591,0.0,0.0,0.06056622332060875,0.14503974014339804,0.000554344525691264,0.7928111843427246,0.0,0.0,0.06373928792257227,0.14344952773470315,0.0
2020-08-11,1075552642.1467597,1936647.94675976,10561188.55,1063054805.65,0.9883800792197259,Bull,1.0,0.0,0.0,0.0,0.7825051258952324,0.0,0.0,0.060729709956016564,0.14459840820955258,0.00054683515892451,0.7928111843427246,0.0,0.0,0.06373928792257227,0.14344952773470315,0.0
2020-08-12,1072404665.4467596,2373656.94675976,22980409.65,1047050598.8499999,0.976357743104188,Bull,1.0,437009.0,453748.0,9.0,0.7717422121669124,0.0,0.0,0.06120087138249993,0.14287796849164947,0.0005366910631260897,0.7928111843427246,0.0,0.0,0.06373928792257227,0.14344952773470315,0.0
2020-08-13,1079938343.9155107,441989.93981075974,35353467.9257,1044142886.05,0.9668541652704655,Bull,1.0,8.0,480295.0,8.0,0.7597944740761927,0.0,0.0,0.06323731385663521,0.14364153368012664,0.00018084365751095077,0.7928111843427246,0.0,0.0,0.06373928792257227,0.14344952773470315,0.0
2020-08-14,1073517474.1237522,335584.2480522599,35353467.9257,1037828421.95,0.9667550337707516,Bull,1.0,0.0,0.0,0.0,0.7585213949262006,0.0,0.0,0.06342272169866077,0.14474985619292013,6.106095297005251e-05,0.7928111843427246,0.0,0.0,0.06373928792257227,0.14344952773470315,0.0
2020-08-17,1077061309.4616,1315138.98590001,35353467.9257,1040392702.5500001,0.9659549492777437,Bull,1.0,0.0,0.0,0.0,0.7574631503176158,0.0,0.0,0.06361754841444604,0.1448118121316294,6.243841405241531e-05,0.7928111843427246,0.0,0.0,0.06373928792257227,0.14344952773470315,0.0
2020-08-18,1079048169.7069676,2369650.73126751,35353467.9257,1041325051.0500001,0.9650403756606974,Bull,1.0,0.0,0.0,0.0,0.7588666326845933,0.0,0.0,0.0633613974977289,0.14275080976397062,6.153571440469794e-05,0.7928111843427246,0.0,0.0,0.06373928792257227,0.14344952773470315,0.0
2020-08-19,1074739877.4011402,1780953.8754402602,35353467.9257,1037605455.6,0.9654479911074519,Bull,1.0,0.0,0.0,0.0,0.7589977563431709,0.0,0.0,0.0636049721773611,0.14278431760723015,6.09449796897715e-05,0.7928111843427246,0.0,0.0,0.06373928792257227,0.14344952773470315,0.0
2020-08-20,1053794185.2842677,1261250.4085677601,35353467.9257,1017179466.9499999,0.9652543932718791,Bull,1.0,0.0,0.0,0.0,0.7600090967800832,0.0,0.0,0.06418653750851154,0.141001157602628,5.760138065634305e-05,0.7928111843427246,0.0,0.0,0.06373928792257227,0.14344952773470315,0.0
2020-08-21,1067138033.4011737,1534455.9254737603,35353467.9257,1030250109.55,0.9654328468327524,Bull,1.0,0.0,0.0,0.0,0.7593817146289977,0.0,0.0,0.06370872171364333,0.14228299924431595,5.941124579538416e-05,0.7928111843427246,0.0,0.0,0.06373928792257227,0.14344952773470315,0.0
2020-08-24,1059782436.8497083,1705151.2740083854,34255867.9257,1023821417.65,0.9660675456119037,Bull,1.0,1097600.0,0.0,0.0,0.7575979651414629,0.0,0.0,0.06384517958339726,0.14456419985164068,6.020103540274815e-05,0.7928111843427246,0.0,0.0,0.06373928792257227,0.14344952773470315,0.0
2020-08-25,1061000927.8087847,562588.8830847605,34255867.9257,1026182471.0,0.9671833870299312,Bull,1.0,0.0,0.0,0.0,0.7571520909591316,0.0,0.0,0.06337411988778024,0.1465958190264951,6.135715652430836e-05,0.7928111843427246,0.0,0.0,0.06373928792257227,0.14344952773470315,0.0
2020-08-26,1062314288.8428625,2990729.217162511,34255867.9257,1025067691.7,0.9649382508227073,Bull,1.0,0.0,0.0,0.0,0.7568516682344371,0.0,0.0,0.06340289376448646,0.14462188978682328,6.179903696062489e-05,0.7928111843427246,0.0,0.0,0.06373928792257227,0.14344952773470315,0.0
2020-08-27,1056494843.4877422,12794154.562042262,25229279.3757,1018471409.55,0.9640098253464089,Bull,1.0,9026588.55,0.0,0.0,0.755325228957692,0.0,0.0,0.06364725811440287,0.14497538813759206,6.19501367218546e-05,0.7928111843427246,0.0,0.0,0.06373928792257227,0.14344952773470315,0.0
2020-08-28,1058932225.7362423,189411.06054238696,25229279.3757,1033513535.3,0.9759959232343037,Bull,1.0,0.0,0.0,0.0,0.7705077015034835,0.0,0.0,0.06331340039574865,0.14211391092132428,6.0910413747353074e-05,0.7928111843427246,0.0,0.0,0.06373928792257227,0.14344952773470315,0.0
2020-08-31,1048050773.5792253,18379.553525386975,25229279.3757,1022803114.65,0.9759098895151793,Bull,1.0,0.0,0.0,0.0,0.7706328118930074,0.0,0.0,0.06398583130756184,0.14123094389263474,6.030242197538202e-05,0.7928111843427246,0.0,0.0,0.06373928792257227,0.14344952773470315,0.0
2020-09-01,1047801503.9946522,79810.96895213699,25229279.3757,1022492413.65,0.9758455296655297,Bull,1.0,0.0,0.0,0.0,0.7683777037736617,0.0,0.0,0.06399074609492278,0.14341542689822953,6.165289871575686e-05,0.7928111843427246,0.0,0.0,0.06373928792257227,0.14344952773470315,0.0
2020-09-02,1043311662.1401093,39306.11440938698,25229279.3757,1018043076.65,0.9757804054080286,Bull,1.0,0.0,0.0,0.0,0.7681304692848125,0.0,0.0,0.06404318328325842,0.14354483462093998,6.191821901759273e-05,0.7928111843427246,0.0,0.0,0.06373928792257227,0.14344952773470315,0.0
2020-09-03,1042376527.3820723,100239.70637238698,25229279.3757,1017047008.3,0.9757002211612655,Bull,1.0,0.0,0.0,0.0,0.7676475700288894,0.0,0.0,0.06389821552033688,0.14409207810657693,6.235750546229916e-05,0.7928111843427246,0.0,0.0,0.06373928792257227,0.14344952773470315,0.0
2020-09-04,1034050096.4204923,8077379.244792387,17659179.3757,1008313537.8,0.9751109170536486,Bull,1.0,7570100.0,0.0,0.0,0.7668842549747522,0.0,0.0,0.06436390290024738,0.14380106004026014,6.169913838880006e-05,0.7928111843427246,0.0,0.0,0.06373928792257227,0.14344952773470315,0.0
2020-09-07,1039419809.3882126,1099825.7625125106,17659179.3757,1020660804.25,0.9819524267588725,Bull,1.0,0.0,0.0,0.0,0.7722986872094372,0.0,0.0,0.06428086072298951,0.14531183515628776,6.104367015801416e-05,0.7928111843427246,0.0,0.0,0.06373928792257227,0.14344952773470315,0.0
2020-09-08,1044187549.8405497,2866888.1148497607,17659179.3757,1023661482.3499999,0.9803425471854321,Bull,1.0,0.0,0.0,0.0,0.7720763693008097,0.0,0.0,0.06408973178258937,0.14411491501021934,6.153109181373705e-05,0.7928111843427246,0.0,0.0,0.06373928792257227,0.14344952773470315,0.0
2020-09-09,1040307767.4959968,514265.52029676037,17659179.3757,1022134322.6,0.98253070344775,Bull,1.0,0.0,0.0,0.0,0.775190667412856,0.0,0.0,0.06410122281458079,0.14317762940338052,6.118381693256455e-05,0.7928111843427246,0.0,0.0,0.06373928792257227,0.14344952773470315,0.0
2020-09-10,1044184960.5943005,370216.51860051043,17659179.3757,1026155564.7,0.9827335227237529,Bull,1.0,0.0,0.0,0.0,0.7743003349136852,0.0,0.0,0.06427290425807568,0.14409860865489016,6.167489710189523e-05,0.7928111843427246,0.0,0.0,0.06373928792257227,0.14344952773470315,0.0
2020-09-11,1045370040.0010358,5917847.801035761,12856221.1,1026595971.1,0.9820407432940997,Bull,1.0,4802958.2757,0.0,0.0,0.7742302152634851,0.0,0.0,0.06413901052677343,0.14360991252423042,6.160497961079523e-05,0.7928111843427246,0.0,0.0,0.06373928792257227,0.14344952773470315,0.0
2020-09-14,1046261201.8791674,1828145.3791673863,12856221.1,1031576835.4,0.9859649134912074,Bull,1.0,0.0,0.0,0.0,0.77698846515565,0.0,0.0,0.06371850536009771,0.1451942877430183,6.36552324413647e-05,0.7928111843427246,0.0,0.0,0.06373928792257227,0.14344952773470315,0.0
2020-09-15,1047748797.1516925,47254.65169251198,12856221.1,1034845321.4,0.9876845711617416,Bull,1.0,0.0,0.0,0.0,0.7802191456791017,0.0,0.0,0.06316122736661936,0.14424068098273346,6.351713328702102e-05,0.7928111843427246,0.0,0.0,0.06373928792257227,0.14344952773470315,0.0
2020-09-16,1053812736.9016926,12903475.751692511,0.0,1040909261.1500001,0.987755437659987,Bull,1.0,12856221.1,0.0,0.0,0.7788106296408931,0.0,0.0,0.06328334974966356,0.14559702556936666,6.443270006361122e-05,0.7928111843427246,0.0,0.0,0.06373928792257227,0.14344952773470315,0.0
2020-09-17,1045193510.8094327,435699.45943276305,0.0,1044757811.35,0.9995831399114836,Bull,1.0,0.0,0.0,0.0,0.7907398034933735,0.0,0.0,0.06356641072957606,0.1452133011067583,6.362458177577106e-05,0.7928111843427246,0.0,0.0,0.06373928792257227,0.14344952773470315,0.0
2020-09-18,1048476012.6594328,435699.45943276305,0.0,1048040313.2,0.99958444499047,Bull,1.0,0.0,0.0,0.0,0.7921090737149429,0.0,0.0,0.06279037307969805,0.1446213343645214,6.366383130758549e-05,0.7928111843427246,0.0,0.0,0.06373928792257227,0.14344952773470315,0.0
2020-09-21,1039097756.4594327,435699.45943276305,0.0,1038662057.0,0.9995806944469621,Bull,1.0,0.0,0.0,0.0,0.7913064501281128,0.0,0.0,0.06346265266195338,0.1447486524391048,6.293921779105803e-05,0.7928111843427246,0.0,0.0,0.06373928792257227,0.14344952773470315,0.0
2020-09-22,1027035952.6094327,435699.45943276305,0.0,1026600253.15,0.9995757700026706,Bull,1.0,0.0,0.0,0.0,0.7914680601830124,0.0,0.0,0.06349018243648301,0.14455579634071367,6.173104246148053e-05,0.7928111843427246,0.0,0.0,0.06373928792257227,0.14344952773470315,0.0
2020-09-23,1020082876.5594326,435699.45943276305,0.0,1019647177.0999999,0.9995728783715081,Bull,1.0,0.0,0.0,0.0,0.790528638045437,0.0,0.0,0.06365237716664776,0.14532936823723136,6.24949221920262e-05,0.7928111843427246,0.0,0.0,0.06373928792257227,0.14344952773470315,0.0
2020-09-24,997074051.6594328,435699.45943276305,0.0,996638352.2,0.9995630219654121,Bull,1.0,0.0,0.0,0.0,0.7901597688644921,0.0,0.0,0.06427045202244257,0.14507247456621902,6.032651225843478e-05,0.7928111843427246,0.0,0.0,0.06373928792257227,0.14344952773470315,0.0
2020-09-25,1007321375.5094327,435699.45943276305,0.0,1006885676.05,0.9995674672750666,Bull,1.0,0.0,0.0,0.0,0.7914214821926359,0.0,0.0,0.06420334321535937,0.1438825815909064,6.006027616499584e-05,0.7928111843427246,0.0,0.0,0.06373928792257227,0.14344952773470315,0.0
2020-09-28,1027802865.5594327,435699.45943276305,0.0,1027367166.1,0.9995760865492473,Bull,1.0,0.0,0.0,0.0,0.7926081872291619,0.0,0.0,0.0635798966803146,0.14332709601837715,6.090662139371137e-05,0.7928111843427246,0.0,0.0,0.06373928792257227,0.14344952773470315,0.0
2020-09-29,1026978894.8594327,435699.45943276305,0.0,1026543195.4,0.9995757464329466,Bull,1.0,0.0,0.0,0.0,0.7922668610549848,0.0,0.0,0.06345524754812,0.14379263365505923,6.1004174782554993e-05,0.7928111843427246,0.0,0.0,0.06373928792257227,0.14344952773470315,0.0
2020-09-30,1023147748.7094327,435699.45943276305,0.0,1022712049.25,0.9995741578281511,Bull,1.0,0.0,0.0,0.0,0.7911810882358608,0.0,0.0,0.06336680120909137,0.14496440048574247,6.186789745649608e-05,0.7928111843427246,0.0,0.0,0.06373928792257227,0.14344952773470315,0.0
2020-10-05,1027936512.5094327,435699.45943276305,0.0,1027500813.05,0.9995761416642658,Bull,1.0,0.0,0.0,0.0,0.7917377222676792,0.0,0.0,0.06341734066908321,0.1443591099198729,6.196880763043765e-05,0.7928111843427246,0.0,0.0,0.06373928792257227,0.14344952773470315,0.0
2020-10-06,1038225183.7094327,435699.45943276305,0.0,1037789484.25,0.9995803420430662,Bull,1.0,0.0,0.0,0.0,0.791640770370703,0.0,0.0,0.06328395903984183,0.1445929094723385,6.270316018284862e-05,0.7928111843427246,0.0,0.0,0.06373928792257227,0.14344952773470315,0.0
2020-10-07,1036040344.3594327,435699.45943276305,0.0,1035604644.9,0.9995794570531883,Bull,1.0,0.0,0.0,0.0,0.7909504194131136,0.0,0.0,0.06290324537534661,0.1456622812244889,6.351104023915506e-05,0.7928111843427246,0.0,0.0,0.06373928792257227,0.14344952773470315,0.0
2020-10-08,1038268323.9594327,435699.45943276305,0.0,1037832624.5,0.9995803594799356,Bull,1.0,0.0,0.0,0.0,0.7895631173392423,0.0,0.0,0.06266116233990203,0.1472914048045014,6.467499628990288e-05,0.7928111843427246,0.0,0.0,0.06373928792257227,0.14344952773470315,0.0
2020-10-12,1040797227.0094327,435699.45943276305,0.0,1040361527.55,0.9995813791119672,Bull,1.0,0.0,0.0,0.0,0.789044355844116,0.0,0.0,0.06236248359971058,0.1481095414165654,6.499825157526759e-05,0.7928111843427246,0.0,0.0,0.06373928792257227,0.14344952773470315,0.0
2020-10-13,1035016686.8094327,435699.45943276305,0.0,1034580987.35,0.9995790411256307,Bull,1.0,0.0,0.0,0.0,0.7879488782581892,0.0,0.0,0.06255831507373713,0.14900629329505266,6.555449865176188e-05,0.7928111843427246,0.0,0.0,0.06373928792257227,0.14344952773470315,0.0
2020-10-14,1031358682.7594328,435699.45943276305,0.0,1030922983.3000001,0.99957754807642,Bull,1.0,0.0,0.0,0.0,0.788141891747278,0.0,0.0,0.06239410311437692,0.14897629948575206,6.525372901301099e-05,0.7928111843427246,0.0,0.0,0.06373928792257227,0.14344952773470315,0.0
2020-10-15,1023415371.3094327,435699.45943276305,0.0,1022979671.85,0.9995742691856628,Bull,1.0,0.0,0.0,0.0,0.7882547931812216,0.0,0.0,0.06252886344488129,0.14872553634332647,6.507621623348012e-05,0.7928111843427246,0.0,0.0,0.06373928792257227,0.14344952773470315,0.0
2020-10-16,1019997931.9594327,435699.45943276305,0.0,1019562232.5,0.9995728428011655,Bull,1.0,0.0,0.0,0.0,0.7882806006826084,0.0,0.0,0.06263934268696253,0.1485885365560014,6.436287559317426e-05,0.7928111843427246,0.0,0.0,0.06373928792257227,0.14344952773470315,0.0
2020-10-19,1022931364.6094327,435699.45943276305,0.0,1022495665.15,0.9995740677483292,Bull,1.0,0.0,0.0,0.0,0.7868881950426193,0.0,0.0,0.06255698301364795,0.15006285398102898,6.603571103305782e-05,0.7928111843427246,0.0,0.0,0.06373928792257227,0.14344952773470315,0.0
2020-10-20,1020916349.3094327,435699.45943276305,0.0,1020480649.85,0.999573227072201,Bull,1.0,0.0,0.0,0.0,0.7871378006568037,0.0,0.0,0.06285715773227366,0.14951273931821016,6.55293649134451e-05,0.7928111843427246,0.0,0.0,0.06373928792257227,0.14344952773470315,0.0
2020-10-21,1018973125.2594327,435699.45943276305,0.0,1018537425.8,0.9995724131985112,Bull,1.0,0.0,0.0,0.0,0.7868900620866276,0.0,0.0,0.06288919541787177,0.14972720694783376,6.594874617806111e-05,0.7928111843427246,0.0,0.0,0.06373928792257227,0.14344952773470315,0.0
2020-10-22,1025234089.3594327,435699.45943276305,0.0,1024798389.9,0.9995750244125174,Bull,1.0,0.0,0.0,0.0,0.7876310866765371,0.0,0.0,0.06285462088005932,0.14902352700294974,6.578985297118128e-05,0.7928111843427246,0.0,0.0,0.06373928792257227,0.14344952773470315,0.0
2020-10-23,1022099431.9594327,435699.45943276305,0.0,1021663732.5,0.9995737210629327,Bull,1.0,0.0,0.0,0.0,0.7868776826909747,0.0,0.0,0.06314943339344484,0.14948056443696764,6.604054154555003e-05,0.7928111843427246,0.0,0.0,0.06373928792257227,0.14344952773470315,0.0
2020-10-26,1026788945.7594327,435699.45943276305,0.0,1026353246.3,0.999575667948869,Bull,1.0,0.0,0.0,0.0,0.78774791025994,0.0,0.0,0.06296396184143092,0.1487978621419595,6.593370553860782e-05,0.7928111843427246,0.0,0.0,0.06373928792257227,0.14344952773470315,0.0
2020-10-27,1023576153.6594326,435699.45943276305,0.0,1023140454.1999999,0.9995743360590464,Bull,1.0,0.0,0.0,0.0,0.7877036323261846,0.0,0.0,0.06338424333944244,0.14842080821916773,6.565217425176455e-05,0.7928111843427246,0.0,0.0,0.06373928792257227,0.14344952773470315,0.0
2020-10-28,1022201974.0594327,435699.45943276305,0.0,1021766274.6,0.9995737638250664,Bull,1.0,0.0,0.0,0.0,0.7884477285827863,0.0,0.0,0.06314534860822632,0.14791597339569307,6.471323836061573e-05,0.7928111843427246,0.0,0.0,0.06373928792257227,0.14344952773470315,0.0
2020-10-29,1012028564.8094327,435699.45943276305,0.0,1011592865.35,0.9995694790892441,Bull,1.0,0.0,0.0,0.0,0.7883097306647922,0.0,0.0,0.06342903968534475,0.1477665801144254,6.41286246818743e-05,0.7928111843427246,0.0,0.0,0.06373928792257227,0.14344952773470315,0.0
2020-10-30,1007244871.7094327,435699.45943276305,0.0,1006809172.25,0.9995674344226809,Bull,1.0,0.0,0.0,0.0,0.7884993952881719,0.0,0.0,0.06375182619795378,0.14725316967688365,6.304325967153528e-05,0.7928111843427246,0.0,0.0,0.06373928792257227,0.14344952773470315,0.0
2020-11-02,1021274350.6094327,435699.45943276305,0.0,1020838651.15,0.9995733766747664,Bull,1.0,0.0,0.0,0.0,0.7902326643848505,0.0,0.0,0.0634837249768497,0.14579432050863528,6.266680443096295e-05,0.7859799604039223,0.0,0.0,0.07667572752161375,0.13734431207446401,0.0
2020-11-03,1028548997.0594327,435699.45943276305,0.0,1028113297.6,0.9995763940651555,Bull,1.0,0.0,0.0,0.0,0.7899633366256157,0.0,0.0,0.06310579290395191,0.14644319369386005,6.40708417279144e-05,0.7859799604039223,0.0,0.0,0.07667572752161375,0.13734431207446401,0.0
2020-11-04,1029057211.0594326,435699.45943276305,0.0,1028621511.5999999,0.9995766032687491,Bull,1.0,0.0,0.0,0.0,0.7881701842067524,0.0,0.0,0.06280029847268385,0.14853984633432774,6.627425498509154e-05,0.7859799604039223,0.0,0.0,0.07667572752161375,0.13734431207446401,0.0
2020-11-05,1035632554.7594327,435699.45943276305,0.0,1035196855.3,0.999579291460634,Bull,1.0,0.0,0.0,0.0,0.789397505459746,0.0,0.0,0.06265832384447739,0.14745770524322066,6.575691318994792e-05,0.7859799604039223,0.0,0.0,0.07667572752161375,0.13734431207446401,0.0
2020-11-06,1041768733.5594326,435699.45943276305,0.0,1041333034.0999999,0.9995817694989327,Bull,1.0,0.0,0.0,0.0,0.7895802183365038,0.0,0.0,0.0624481210697504,0.14748762854019215,6.580155248639859e-05,0.7859799604039223,0.0,0.0,0.07667572752161375,0.13734431207446401,0.0
2020-11-09,1050984306.4094328,435699.45943276305,0.0,1050548606.95,0.9995854367598301,Bull,1.0,0.0,0.0,0.0,0.7891322466873292,0.0,0.0,0.06227343224904751,0.148112582700505,6.717512294850224e-05,0.7859799604039223,0.0,0.0,0.07667572752161375,0.13734431207446401,0.0
2020-11-10,1058783207.5094327,435699.45943276305,0.0,1058347508.05,0.9995884903950663,Bull,1.0,0.0,0.0,0.0,0.7920534176421841,0.0,0.0,0.06180745929465168,0.14566154705341416,6.606640481628229e-05,0.7859799604039223,0.0,0.0,0.07667572752161375,0.13734431207446401,0.0
2020-11-11,1076876453.909433,435699.45943276305,0.0,1076440754.45,0.9995954044144515,Bull,1.0,0.0,0.0,0.0,0.7931540812775851,0.0,0.0,0.060953881721254925,0.14542058137819616,6.68600374152626e-05,0.7859799604039223,0.0,0.0,0.07667572752161375,0.13734431207446401,0.0
2020-11-12,1060946083.8131512,929353.413151266,0.0,1060016730.4,0.999124033325227,Bull,1.0,0.0,0.0,0.0,0.791832915185116,0.0,0.0,0.06560229691394734,0.1416215228015883,6.729842457533839e-05,0.7859799604039223,0.0,0.0,0.07667572752161375,0.13734431207446401,0.0
2020-11-13,1066198491.9131513,929353.413151266,0.0,1065269138.5,0.999128348595313,Bull,1.0,0.0,0.0,0.0,0.7923128712967747,0.0,0.0,0.06524122902779919,0.14150671863104614,6.752963969289206e-05,0.7859799604039223,0.0,0.0,0.07667572752161375,0.13734431207446401,0.0
2020-11-16,1079340951.1631513,929353.413151266,0.0,1078411597.75,0.9991389621489394,Bull,1.0,0.0,0.0,0.0,0.7900502587537812,0.0,0.0,0.06469216230955865,0.1443258497994792,7.069128612027121e-05,0.7859799604039223,0.0,0.0,0.07667572752161375,0.13734431207446401,0.0
2020-11-17,1080953436.8631513,929353.413151266,0.0,1080024083.45,0.9991402465809738,Bull,1.0,0.0,0.0,0.0,0.7895958829890424,0.0,0.0,0.06434134684083069,0.1451326159388133,7.040081228737909e-05,0.7894849703029417,0.0,0.0,0.0662735461317965,0.14424148356526184,0.0
2020-11-18,1087048397.6131513,929353.413151266,0.0,1086119044.2,0.9991450671237897,Bull,1.0,0.0,0.0,0.0,0.7896891215560121,0.0,0.0,0.06411287680753473,0.14527168279419897,7.138596604381875e-05,0.7894849703029417,0.0,0.0,0.0662735461317965,0.14424148356526184,0.0
2020-11-19,1082583754.5131512,929353.413151266,0.0,1081654401.1,0.9991415413271473,Bull,1.0,0.0,0.0,0.0,0.7892306692559192,0.0,0.0,0.06422357596827893,0.14561566192252054,7.163418042872352e-05,0.7894849703029417,0.0,0.0,0.0662735461317965,0.14424148356526184,0.0
2020-11-20,1076261434.3131514,929353.413151266,0.0,1075332080.9,0.9991364984533294,Bull,1.0,0.0,0.0,0.0,0.7883349285310652,0.0,0.0,0.06445097611833324,0.14627858527744353,7.200852648730181e-05,0.7894849703029417,0.0,0.0,0.0662735461317965,0.14424148356526184,0.0
2020-11-23,1080940655.7131512,929353.413151266,0.0,1080011302.3,0.9991402364151637,Bull,1.0,0.0,0.0,0.0,0.7869819659422126,0.0,0.0,0.06458698692754758,0.1474978752601471,7.340828525655628e-05,0.7894849703029417,0.0,0.0,0.0662735461317965,0.14424148356526184,0.0
2020-11-24,1072142785.5131512,929353.413151266,0.0,1071213432.0999999,0.99913318130224,Bull,1.0,0.0,0.0,0.0,0.7864486367796925,0.0,0.0,0.064611543290705,0.14799978337218744,7.32178596551654e-05,0.7894849703029417,0.0,0.0,0.0662735461317965,0.14424148356526184,0.0
2020-11-25,1072285706.9131513,929353.413151266,0.0,1071356353.5,0.9991332968376249,Bull,1.0,0.0,0.0,0.0,0.7875984432648993,0.0,0.0,0.06470635536095946,0.14675654910389066,7.194910787545234e-05,0.7894849703029417,0.0,0.0,0.0662735461317965,0.14424148356526184,0.0
2020-11-26,1076770419.7131512,929353.413151266,0.0,1075841066.3,0.9991369066273209,Bull,1.0,0.0,0.0,0.0,0.7870437381867925,0.0,0.0,0.06472020286233802,0.147299598035255,7.336754293551766e-05,0.7894849703029417,0.0,0.0,0.0662735461317965,0.14424148356526184,0.0
2020-11-27,1071196805.9131513,929353.413151266,0.0,1070267452.5,0.999132415810035,Bull,1.0,0.0,0.0,0.0,0.7862310154874409,0.0,0.0,0.0650192379360463,0.14780817971635826,7.398267018957607e-05,0.7894849703029417,0.0,0.0,0.0662735461317965,0.14424148356526184,0.0
2020-11-30,1066241620.6131513,929353.413151266,0.0,1065312267.2,0.99912838385298,Bull,1.0,0.0,0.0,0.0,0.786765917764112,0.0,0.0,0.06554339902789762,0.14674656942206227,7.249763890810038e-05,0.7894849703029417,0.0,0.0,0.0662735461317965,0.14424148356526184,0.0
2020-12-01,1069625714.5131513,929353.413151266,0.0,1068696361.1,0.9991311414819769,Bull,1.0,0.0,0.0,0.0,0.7865175170016505,0.0,0.0,0.06496618308361135,0.1475733968043634,7.404459235167932e-05,0.7894849703029417,0.0,0.0,0.0662735461317965,0.14424148356526184,0.0
2020-12-02,1069926061.1631513,929353.413151266,0.0,1068996707.75,0.9991313853855088,Bull,1.0,0.0,0.0,0.0,0.785554897911619,0.0,0.0,0.0645496941395361,0.14895178815136678,7.500518298690437e-05,0.7894849703029417,0.0,0.0,0.0662735461317965,0.14424148356526184,0.0
2020-12-03,1067405089.4631512,929353.413151266,0.0,1066475736.05,0.9991293339123775,Bull,1.0,0.0,0.0,0.0,0.7853152419121362,0.0,0.0,0.06443523708004051,0.14930357890662996,7.52760135708289e-05,0.7894849703029417,0.0,0.0,0.0662735461317965,0.14424148356526184,0.0
2020-12-04,1074957323.9631512,929353.413151266,0.0,1074027970.55,0.999135450875645,Bull,1.0,0.0,0.0,0.0,0.7839937007386623,0.0,0.0,0.06436943910005113,0.15069556380412452,7.674723280719564e-05,0.7894849703029417,0.0,0.0,0.0662735461317965,0.14424148356526184,0.0
2020-12-07,1073112128.5131513,929353.413151266,0.0,1072182775.1,0.9991339643002275,Bull,1.0,0.0,0.0,0.0,0.7819921169493295,0.0,0.0,0.06469398505092862,0.1523702841999853,7.757809998415254e-05,0.7894849703029417,0.0,0.0,0.0662735461317965,0.14424148356526184,0.0
2020-12-08,1061763046.2631513,929353.413151266,0.0,1060833692.85,0.9991247073286058,Bull,1.0,0.0,0.0,0.0,0.7777111811869787,0.0,0.0,0.06518836782236778,0.15614505570097814,8.010261828129296e-05,0.7894849703029417,0.0,0.0,0.0662735461317965,0.14424148356526184,0.0
2020-12-09,1056299484.5131513,929353.413151266,0.0,1055370131.1,0.9991201799993497,Bull,1.0,0.0,0.0,0.0,0.7765512462387152,0.0,0.0,0.06553520191473512,0.15695269422233243,8.103762356700672e-05,0.7894849703029417,0.0,0.0,0.0662735461317965,0.14424148356526184,0.0
2020-12-10,1056091005.9131513,929353.413151266,0.0,1055161652.5,0.9991200063176869,Bull,1.0,0.0,0.0,0.0,0.778395515061893,0.0,0.0,0.06555770252028224,0.15508758154642324,7.920718908847429e-05,0.7894849703029417,0.0,0.0,0.0662735461317965,0.14424148356526184,0.0
2020-12-11,1063618296.9631512,929353.413151266,0.0,1062688943.55,0.9991262340862274,Bull,1.0,0.0,0.0,0.0,0.7797713201418662,0.0,0.0,0.06509149024389013,0.15418477706545275,7.864663501825602e-05,0.7894849703029417,0.0,0.0,0.0662735461317965,0.14424148356526184,0.0
2020-12-14,1059498544.9631512,929353.413151266,0.0,1058569191.55,0.9991228365366149,Bull,1.0,0.0,0.0,0.0,0.7796667069313717,0.0,0.0,0.0652447333020209,0.15413258543519717,7.881086802521667e-05,0.7894849703029417,0.0,0.0,0.0662735461317965,0.14424148356526184,0.0
2020-12-15,1054457185.2131513,929353.413151266,0.0,1053527831.8000001,0.9991186428181402,Bull,1.0,0.0,0.0,0.0,0.7801011205909897,0.0,0.0,0.06564258935369499,0.15329787900997074,7.705386348481837e-05,0.7894849703029417,0.0,0.0,0.0662735461317965,0.14424148356526184,0.0
2020-12-16,1066291808.7631513,929353.413151266,0.0,1065362455.35,0.9991284248781492,Bull,1.0,0.0,0.0,0.0,0.7792168133728546,0.0,0.0,0.06538688511625508,0.15444576113833797,7.896525070155802e-05,0.7894849703029417,0.0,0.0,0.0662735461317965,0.14424148356526184,0.0
2020-12-17,1063328034.0131513,929353.413151266,0.0,1062398680.6,0.9991259955691718,Bull,1.0,0.0,0.0,0.0,0.7793770634187476,0.0,0.0,0.06563788197757305,0.15403205291394986,7.899725890134961e-05,0.7894849703029417,0.0,0.0,0.0662735461317965,0.14424148356526184,0.0
2020-12-18,1059350833.1631513,929353.413151266,0.0,1058421479.75,0.9991227142283201,Bull,1.0,0.0,0.0,0.0,0.7796130931279545,0.0,0.0,0.06534180918451159,0.1540888956613113,7.891625454277121e-05,0.7894849703029417,0.0,0.0,0.0662735461317965,0.14424148356526184,0.0
2020-12-21,1067721661.4131513,929353.413151266,0.0,1066792308.0,0.9991295920587382,Bull,1.0,0.0,0.0,0.0,0.7792261673316954,0.0,0.0,0.0654551673209495,0.15436827401427286,7.998339182045943e-05,0.7894849703029417,0.0,0.0,0.0662735461317965,0.14424148356526184,0.0
2020-12-22,1060711541.9131513,929353.413151266,0.0,1059782188.5,0.9991238396336528,Bull,1.0,0.0,0.0,0.0,0.7799049089330393,0.0,0.0,0.0655098933633452,0.1536308351147768,7.820222249150538e-05,0.7894849703029417,0.0,0.0,0.0662735461317965,0.14424148356526184,0.0
2020-12-23,1058645935.5131512,929353.413151266,0.0,1057716582.0999999,0.999122130089036,Bull,1.0,0.0,0.0,0.0,0.7793123313698785,0.0,0.0,0.0656043703283431,0.15412627066943768,7.915772137676997e-05,0.7894849703029417,0.0,0.0,0.0662735461317965,0.14424148356526184,0.0
2020-12-24,1060458241.9131513,929353.413151266,0.0,1059528888.5,0.99912363035486,Bull,1.0,0.0,0.0,0.0,0.7792604233139411,0.0,0.0,0.06507394376557789,0.15470934499412028,7.991828122067705e-05,0.7894849703029417,0.0,0.0,0.0662735461317965,0.14424148356526184,0.0
2020-12-25,1064564840.7131512,929353.413151266,0.0,1063635487.3,0.9991270109836347,Bull,1.0,0.0,0.0,0.0,0.7797558265628199,0.0,0.0,0.06498392334059862,0.15430713444373728,8.012663647886172e-05,0.7894849703029417,0.0,0.0,0.0662735461317965,0.14424148356526184,0.0
2020-12-28,1068044461.4131513,929353.413151266,0.0,1067115108.0,0.9991298551261418,Bull,1.0,0.0,0.0,0.0,0.7785782222022398,0.0,0.0,0.065307955352074,0.1551620798451897,8.159772663835555e-05,0.7894849703029417,0.0,0.0,0.0662735461317965,0.14424148356526184,0.0
2020-12-29,1069522512.4131513,929353.413151266,0.0,1068593159.0,0.9991310576426724,Bull,1.0,0.0,0.0,0.0,0.7790558864628481,0.0,0.0,0.06517525268610032,0.1548185270325909,8.139146113305281e-05,0.7894849703029417,0.0,0.0,0.0662735461317965,0.14424148356526184,0.0
2020-12-30,1088017121.7631514,929353.413151266,0.0,1087087768.3500001,0.9991458283196452,Bull,1.0,0.0,0.0,0.0,0.7801256996530719,0.0,0.0,0.06459328497157495,0.15434462991526002,8.221377973817605e-05,0.7894849703029417,0.0,0.0,0.0662735461317965,0.14424148356526184,0.0
2020-12-31,1086597280.3631513,929353.413151266,0.0,1085667926.95,0.9991447121855113,Bull,1.0,0.0,0.0,0.0,0.7796822173775895,0.0,0.0,0.06400724652720986,0.15537242090609346,8.282737461842452e-05,0.7894849703029417,0.0,0.0,0.0662735461317965,0.14424148356526184,0.0
2021-01-04,1083443182.9131513,929353.413151266,0.0,1082513829.5,0.9991422222892644,Bull,1.0,0.0,0.0,0.0,0.7763801025894937,0.0,0.0,0.0641749388399387,0.15850148185736995,8.56990024620819e-05,0.7894849703029417,0.0,0.0,0.0662735461317965,0.14424148356526184,0.0
2021-01-05,1088074658.6631513,929353.413151266,0.0,1087145305.25,0.9991458734878605,Bull,1.0,0.0,0.0,0.0,0.7767708295756333,0.0,0.0,0.06414504689021268,0.15814411137137846,8.588565063615775e-05,0.7894849703029417,0.0,0.0,0.0662735461317965,0.14424148356526184,0.0
2021-01-06,1081199605.5131512,929353.413151266,0.0,1080270252.1,0.9991404423305258,Bull,1.0,0.0,0.0,0.0,0.7737507929471994,0.0,0.0,0.0644292687906948,0.16087404130844765,8.63392841839735e-05,0.7894849703029417,0.0,0.0,0.0662735461317965,0.14424148356526184,0.0
2021-01-07,1089655368.4198349,463961.66983476747,0.0,1089191406.75,0.9995742124681974,Bull,1.0,0.0,0.0,0.0,0.7844715691986124,0.0,0.0,0.06430629539467562,0.15070691592897104,8.943194593839081e-05,0.7894849703029417,0.0,0.0,0.0662735461317965,0.14424148356526184,0.0
2021-01-08,1102165707.269835,463961.66983476747,0.0,1101701745.6000001,0.9995790454495412,Bull,1.0,0.0,0.0,0.0,0.7836218183011853,0.0,0.0,0.06421130646072037,0.15165487267249753,9.104801513791978e-05,0.7894849703029417,0.0,0.0,0.0662735461317965,0.14424148356526184,0.0
2021-01-11,1104701042.9698348,463961.66983476747,0.0,1104237081.3,0.9995800115580704,Bull,1.0,0.0,0.0,0.0,0.7827313432921338,0.0,0.0,0.0641815271662924,0.152575396821276,9.174427836832185e-05,0.7894849703029417,0.0,0.0,0.0662735461317965,0.14424148356526184,0.0
2021-01-12,1093609844.6698349,463961.66983476747,0.0,1093145883.0,0.9995757521093138,Bull,1.0,0.0,0.0,0.0,0.7807613813661125,0.0,0.0,0.06483244490305902,0.15388979974920494,9.212609093731853e-05,0.7894849703029417,0.0,0.0,0.0662735461317965,0.14424148356526184,0.0
2021-01-13,1100143289.119835,463961.66983476747,0.0,1099679327.45,0.9995782715993241,Bull,1.0,0.0,0.0,0.0,0.7777494858279306,0.0,0.0,0.06505179889544781,0.15668159021167657,9.539666426903791e-05,0.7894849703029417,0.0,0.0,0.0662735461317965,0.14424148356526184,0.0
2021-01-14,1099193307.4698348,463961.66983476747,0.0,1098729345.8,0.9995779071190828,Bull,1.0,0.0,0.0,0.0,0.7793332073426118,0.0,0.0,0.06478187186556734,0.1553682130699169,9.461484098678801e-05,0.7894849703029417,0.0,0.0,0.0662735461317965,0.14424148356526184,0.0
2021-01-15,1090724340.0198348,463961.66983476747,0.0,1090260378.35,0.9995746297640828,Bull,1.0,0.0,0.0,0.0,0.7778729668163187,0.0,0.0,0.06450704125546562,0.15710018903299064,9.44326593079668e-05,0.7894849703029417,0.0,0.0,0.0662735461317965,0.14424148356526184,0.0
2021-01-18,1085273211.2198348,463961.66983476747,0.0,1084809249.55,0.9995724932072051,Bull,1.0,0.0,0.0,0.0,0.7769124316652902,0.0,0.0,0.06479382267342823,0.15777188474738482,9.435412110182243e-05,0.7894849703029417,0.0,0.0,0.0662735461317965,0.14424148356526184,0.0
2021-01-19,1088871328.5698347,463961.66983476747,0.0,1088407366.8999999,0.9995739058806478,Bull,1.0,0.0,0.0,0.0,0.773739325110686,0.0,0.0,0.06433193542895954,0.16140410293549978,9.854240550252336e-05,0.7894849703029417,0.0,0.0,0.0662735461317965,0.14424148356526184,0.0
2021-01-20,1073656243.8909576,184012.29095751524,0.0,1073472231.6,0.9998286115393036,Bull,1.0,0.0,0.0,0.0,0.78255976843677,0.0,0.0,0.06618319448549378,0.1509874328234839,9.82157935559025e-05,0.7894849703029417,0.0,0.0,0.0662735461317965,0.14424148356526184,0.0
2021-01-21,1080065929.5909574,184012.29095751524,0.0,1079881917.3,0.9998296286495889,Bull,1.0,0.0,0.0,0.0,0.7786403998675314,0.0,0.0,0.06578191020885883,0.15530440818879096,0.00010291038440782475,0.7894849703029417,0.0,0.0,0.0662735461317965,0.14424148356526184,0.0
2021-01-22,1072252080.7909576,184012.29095751524,3577650.0,1068490418.5,0.996491811619351,Bull,1.0,0.0,0.0,0.0,0.7798154776097045,0.0,0.0,0.06620952411454503,0.1503646883865853,0.00010212150851619353,0.7894849703029417,0.0,0.0,0.0662735461317965,0.14424148356526184,0.0
2021-01-25,1077302854.4909575,184012.29095751524,3577650.0,1073541192.1999999,0.9965082592371529,Bull,1.0,0.0,0.0,0.0,0.782408947202019,0.0,0.0,0.06635367176649397,0.14764538990770407,0.00010025036093590571,0.7894849703029417,0.0,0.0,0.0662735461317965,0.14424148356526184,0.0
2021-01-26,1068738849.1409575,184012.29095751524,3577650.0,1064977186.8499999,0.9964802792618784,Bull,1.0,0.0,0.0,0.0,0.7839347166273904,0.0,0.0,0.06663816895703288,0.14581022307297725,9.717060447786069e-05,0.7894849703029417,0.0,0.0,0.0662735461317965,0.14424148356526184,0.0
2021-01-27,1067649745.7909576,184012.29095751524,3577650.0,1063888083.5,0.9964766888150469,Bull,1.0,0.0,0.0,0.0,0.7837173537470501,0.0,0.0,0.0664827583014268,0.14617869822502402,9.787854154602193e-05,0.7894849703029417,0.0,0.0,0.0662735461317965,0.14424148356526184,0.0
2021-01-28,1061295686.0409576,184012.29095751524,3577650.0,1057534023.75,0.9964555944771716,Bull,0.5,0.0,0.0,0.0,0.7854171412488256,0.0,0.0,0.0668739173573358,0.1440696989642708,9.48369067394058e-05,0.39474248515147087,0.0,0.0,0.03313677306589825,0.07212074178263092,0.0
2021-01-29,1046820648.3184192,33684.518419271335,3577650.0,1043209313.8,0.9965501879197546,Bull,0.5,0.0,0.0,0.0,0.8277408505381634,0.0,0.0,0.05384341633931472,0.11487316398770743,9.275705456897367e-05,0.39474248515147087,0.0,0.0,0.03313677306589825,0.07212074178263092,0.0
2021-02-01,1055407455.1219476,583312.5219476474,3577650.0,1051246492.6,0.9960574823479271,Bull,0.5,0.0,0.0,0.0,0.8435230756420367,0.0,0.0,0.053578359453095054,0.09886087074109605,9.517651169935449e-05,0.39474248515147087,0.0,0.0,0.03313677306589825,0.07212074178263092,0.0
2021-02-02,1059725549.4485523,170004435.14855227,3577650.0,886143464.3,0.8362009057544391,Bull,1.0,0.0,0.0,0.0,0.7005860287942822,0.0,0.0,0.045309184085431976,0.09020632752484269,9.936534988214147e-05,0.7105364732726476,0.0,0.0,0.05964619151861686,0.12981733520873567,0.1
2021-02-03,1063094836.8466727,38674317.64667266,3577650.0,1020842869.2,0.9602556929238792,Bull,1.0,0.0,0.0,0.0,0.7100280172923714,0.0,0.0,0.055592876525769365,0.11942561058483554,0.07520918852090298,0.7105364732726476,0.0,0.0,0.05964619151861686,0.12981733520873567,0.1
2021-02-04,1059830302.5939355,7747104.793935532,3577650.0,1048505547.8,0.9893145584097585,Bull,1.0,0.0,0.0,0.0,0.7112210756336541,0.0,0.0,0.05863221673121802,0.12676680377148594,0.09269446227340032,0.7105364732726476,0.0,0.0,0.05964619151861686,0.12981733520873567,0.1
2021-02-05,1066942825.2939355,7747104.793935532,3577650.0,1055618070.5,0.9893857903858947,Bull,1.0,0.0,0.0,0.0,0.7101229349297791,0.0,0.0,0.05849844857694715,0.12710034388453822,0.09366406299463029,0.7105364732726476,0.0,0.0,0.05964619151861686,0.12981733520873567,0.1
2021-02-17,1090832143.5939355,7747104.793935532,3577650.0,1079507388.8,0.9896182424945563,Bull,1.0,0.0,0.0,0.0,0.7040803604022711,0.0,0.0,0.057231720174941755,0.12961966772830444,0.09868649418903912,0.7105364732726476,0.0,0.0,0.05964619151861686,0.12981733520873567,0.1
2021-02-18,1092998453.3439355,7747104.793935532,3577650.0,1081673698.55,0.9896388190127,Bull,1.0,0.0,0.0,0.0,0.7039870881755712,0.0,0.0,0.05703512187897269,0.12917868233759602,0.09943792662056015,0.7105364732726476,0.0,0.0,0.05964619151861686,0.12981733520873567,0.1
2021-02-19,1091415607.3939354,7747104.793935532,3577650.0,1080090852.6,0.9896237925156883,Bull,1.0,0.0,0.0,0.0,0.7063844399668092,0.0,0.0,0.057010179787122715,0.12798341809820096,0.0982457546635555,0.7105364732726476,0.0,0.0,0.05964619151861686,0.12981733520873567,0.1
2021-02-22,1090692692.0939355,7747104.793935532,3577650.0,1079367937.3,0.9896169151255666,Bull,1.0,0.0,0.0,0.0,0.7057168741291137,0.0,0.0,0.05700624974449273,0.12802212851718106,0.09887166273477924,0.7105364732726476,0.0,0.0,0.05964619151861686,0.12981733520873567,0.1
2021-02-23,1102129119.9939356,7747104.793935532,3577650.0,1090804365.2,0.9897246569494527,Bull,1.0,0.0,0.0,0.0,0.7080371083964226,0.0,0.0,0.05678164097537351,0.12641985178720863,0.0984860557904479,0.7105364732726476,0.0,0.0,0.05964619151861686,0.12981733520873567,0.1
2021-02-24,1095433254.9939356,7747104.793935532,3577650.0,1084108500.2,0.9896618486408848,Bull,1.0,0.0,0.0,0.0,0.711133331628053,0.0,0.0,0.05752363251045254,0.12530996240456468,0.09569492209781447,0.7105364732726476,0.0,0.0,0.05964619151861686,0.12981733520873567,0.1
2021-02-25,1109047423.8439355,7747104.793935532,3577650.0,1097722669.05,0.989788755151079,Bull,1.0,0.0,0.0,0.0,0.7106414947688531,0.0,0.0,0.05743938323142821,0.12476950671811135,0.09693837043268642,0.7105364732726476,0.0,0.0,0.05964619151861686,0.12981733520873567,0.1
2021-02-26,1082810028.2439356,7747104.793935532,3577650.0,1071485273.45,0.9895413281198534,Sideways,1.0,0.0,0.0,0.0,0.7136616334291213,0.0,0.0,0.05878196390850288,0.12393716025851888,0.09316057052371039,0.7129023549544857,0.0,0.0,0.0783963321976389,0.10870131284787547,0.1
2021-03-02,1087389666.0513783,4506773.101378161,3577650.0,1079305242.95,0.9925652934235295,Bull,1.0,0.0,0.0,0.0,0.7142030747543499,0.0,0.0,0.06834983108666798,0.11217073677269694,0.09784165080981473,0.7129023549544857,0.0,0.0,0.0783963321976389,0.10870131284787547,0.1
2021-03-03,1099671256.951378,4506773.101378161,3577650.0,1091586833.85,0.99264832735213,Sideways,1.0,0.0,0.0,0.0,0.71164316508511,0.0,0.0,0.06806406871768352,0.11253872393017529,0.10040236961916134,0.7146767662158643,0.0,0.0,0.09239271334353119,0.0929305204406046,0.1
2021-03-04,1088548172.207948,165761.05794791598,3577650.0,1084804761.15,0.9965610974750387,Sideways,1.0,0.0,0.0,0.0,0.7164602642877008,0.0,0.0,0.08538161412873611,0.09695138230395113,0.09776783675465064,0.7160075746618982,0.0,0.0,0.1026589899254002,0.08133343541270166,0.1
2021-03-05,1087881181.4100602,1517843.310060293,3577650.0,1082785688.1,0.9953161306610196,Sideways,1.0,0.0,0.0,0.0,0.7178779736659742,0.0,0.0,0.09440295664172273,0.08478228282288316,0.09825291753043974,0.7160075746618982,0.0,0.0,0.1026589899254002,0.08133343541270166,0.1
2021-03-08,1086777325.0100603,1517843.310060293,3577650.0,1081681831.7,0.9953113731830823,Sideways,1.0,0.0,0.0,0.0,0.718352475464809,0.0,0.0,0.09407980609004106,0.08480407888446406,0.09807501274376822,0.7160075746618982,0.0,0.0,0.1026589899254002,0.08133343541270166,0.1
2021-03-09,1099811553.2100604,5095493.3100602925,0.0,1094716059.9,0.995366939640534,Bull,0.55,3577650.0,0.0,0.0,0.7211651010439165,0.0,0.0,0.09389935912073062,0.08348125615885751,0.0968212233170292,0.3580037873309491,0.0,0.0,0.0513294949627001,0.04066671770635083,0.1
2021-03-10,1102455353.5940542,209501906.99405408,0.0,892953446.6,0.8099678990980737,Bull,0.55,0.0,0.0,0.0,0.5609192649698019,0.0,0.0,0.08578769171166377,0.06472633995324166,0.09853460246336625,0.3580037873309491,0.0,0.0,0.0513294949627001,0.04066671770635083,0.1
2021-03-11,1107626815.504406,423517418.9044059,0.0,684109396.6,0.6176352784384884,Bull,1.0,0.0,0.0,0.0,0.4070614671735586,0.0,0.0,0.05970287020352204,0.04755004055767237,0.10332090050373538,0.7170056809964237,0.0,0.0,0.09299090865140593,0.09000341035217045,0.1
2021-03-12,1110243434.3132508,205563347.66325083,0.0,904680086.65,0.8148484005308227,Bull,1.0,0.0,0.0,0.0,0.5672607170512707,0.0,0.0,0.0763157856929006,0.06943747435686132,0.10183442342979016,0.7170056809964237,0.0,0.0,0.09299090865140593,0.09000341035217045,0.1
2021-03-15,1112988611.4961336,51245208.54613358,0.0,1061743402.95,0.9539571132922491,Bull,1.0,0.0,0.0,0.0,0.6814551336068498,0.0,0.0,0.0879522027349514,0.08435881466369,0.10019096228675775,0.7170056809964237,0.0,0.0,0.09299090865140593,0.09000341035217045,0.1
2021-03-16,1121972983.9659214,12877510.515921455,0.0,1109095473.45,0.988522441538296,Bull,1.0,0.0,0.0,0.0,0.7088405735392969,0.0,0.0,0.09134801057127148,0.08806406340618367,0.10026979402154397,0.7170056809964237,0.0,0.0,0.09299090865140593,0.09000341035217045,0.1
2021-03-17,1114719387.2159214,12877510.515921455,0.0,1101841876.7,0.9884477558535304,Bull,1.0,0.0,0.0,0.0,0.7091990017994266,0.0,0.0,0.09192268581236393,0.0878840012325218,0.09944206700921793,0.7170056809964237,0.0,0.0,0.09299090865140593,0.09000341035217045,0.1
2021-03-18,1117822284.8659213,12877510.515921455,0.0,1104944774.35,0.9884798230539249,Bull,1.0,0.0,0.0,0.0,0.7077534461973037,0.0,0.0,0.09198707289355348,0.08809718801751386,0.10064211594555388,0.7170056809964237,0.0,0.0,0.09299090865140593,0.09000341035217045,0.1
2021-03-19,1102932841.8159213,12877510.515921455,0.0,1090055331.3,0.988324302235194,Bull,1.0,0.0,0.0,0.0,0.7083355410957918,0.0,0.0,0.09321945643645972,0.0878965575459579,0.09887274715698453,0.7170056809964237,0.0,0.0,0.09299090865140593,0.09000341035217045,0.1
2021-03-22,1109468650.3659213,12877510.515921455,0.0,1096591139.85,0.9883930830207107,Bull,1.0,0.0,0.0,0.0,0.7086108648412051,0.0,0.0,0.0920959776252354,0.08777354814656708,0.0999126924077033,0.7170056809964237,0.0,0.0,0.09299090865140593,0.09000341035217045,0.1
2021-03-23,1111725357.4659214,12877510.515921455,0.0,1098847846.95,0.9884166440664136,Bull,1.0,0.0,0.0,0.0,0.7094297540786069,0.0,0.0,0.09177518468461089,0.08772670277334176,0.09948500252985397,0.7170056809964237,0.0,0.0,0.09299090865140593,0.09000341035217045,0.1
2021-03-24,1109535360.8159213,12877510.515921455,0.0,1096657850.3,0.9883937808827908,Bull,0.55,0.0,0.0,0.0,0.7118425227287867,0.0,0.0,0.09228944260478465,0.08651819796838918,0.09774361758083032,0.35850284049821185,0.0,0.0,0.04649545432570296,0.045001705176085226,0.1
2021-03-25,1113814192.641772,231300695.8917721,0.0,882513496.75,0.7923345766108731,Bull,0.55,0.0,0.0,0.0,0.5538957941330713,0.0,0.0,0.07160853266811637,0.06776300795825342,0.09906724185143209,0.35850284049821185,0.0,0.0,0.04649545432570296,0.045001705176085226,0.1
2021-03-26,1118690013.7367053,432895645.58670545,0.0,685794368.15,0.6130334227792691,Bull,0.55,0.0,0.0,0.0,0.4065064607406346,0.0,0.0,0.05271594389496341,0.05140101305448286,0.1024100050891882,0.35850284049821185,0.0,0.0,0.04649545432570296,0.045001705176085226,0.1
2021-03-29,1124429286.6065366,485258686.3065366,0.0,639170600.3,0.5684400147820592,Bull,1.0,0.0,0.0,0.0,0.3715777908639641,0.0,0.0,0.04817341619006983,0.0468593717965276,0.10182943593149771,0.7170056809964237,0.0,0.0,0.09299090865140593,0.09000341035217045,0.1
2021-03-30,1127347862.1685772,262222117.11857727,0.0,865125745.05,0.7673991090787503,Bull,1.0,0.0,0.0,0.0,0.5299829494515482,0.0,0.0,0.06867968849567231,0.06666327450644696,0.10207319662508287,0.7170056809964237,0.0,0.0,0.09299090865140593,0.09000341035217045,0.1
2021-03-31,1125811902.8129296,65520434.012929775,0.0,1060291468.8,0.941801615483704,Bull,1.0,0.0,0.0,0.0,0.6719687515381558,0.0,0.0,0.08705326329835854,0.0835445954737154,0.09923500517347428,0.7170056809964237,0.0,0.0,0.09299090865140593,0.09000341035217045,0.1
2021-04-01,1125177449.669611,16551650.219611026,0.0,1108625799.45,0.9852897423206703,Bull,1.0,0.0,0.0,0.0,0.7035580918213815,0.0,0.0,0.09145455237324174,0.0890379557725914,0.10123914235345571,0.7170056809964237,0.0,0.0,0.09299090865140593,0.09000341035217045,0.1
2021-04-06,1131366717.3196108,16551650.219611026,0.0,1114815067.1,0.9853702164238802,Bull,1.0,0.0,0.0,0.0,0.7002563845761343,0.0,0.0,0.09203434961096246,0.08979024965545461,0.10328923258132901,0.7177542607473177,0.0,0.0,0.08199293948064978,0.1002527997720325,0.1
2021-04-07,1133650933.3577447,4011830.2577449046,0.0,1129639103.1,0.996461141485711,Bull,1.0,0.0,0.0,0.0,0.7131344219913238,0.0,0.0,0.08475051461866609,0.09748644556103828,0.10108975931468286,0.7177542607473177,0.0,0.0,0.08199293948064978,0.1002527997720325,0.1
2021-04-08,1130525555.2577448,4011830.2577449046,0.0,1126513725.0,0.9964513581855032,Bull,0.9999999999999999,0.0,0.0,0.0,0.71131246990402,0.0,0.0,0.08416757989898445,0.09807518236482644,0.10289612601767242,0.7183156955604882,0.0,0.0,0.07095723209883473,0.11072707234067693,0.1
2021-04-09,1127518078.157745,4011830.2577449046,0.0,1123506247.9,0.9964418927417114,Bull,0.9999999999999999,0.0,0.0,0.0,0.7111125874008609,0.0,0.0,0.08484334030040838,0.09812339344551203,0.10236257159492997,0.7183156955604882,0.0,0.0,0.07095723209883473,0.11072707234067693,0.1
2021-04-12,1129105252.907745,4011830.2577449046,0.0,1125093422.65,0.9964468943462859,Bull,0.9999999999999999,0.0,0.0,0.0,0.7125393939830827,0.0,0.0,0.084611332516585,0.09741722458268223,0.10187894326393578,0.7183156955604882,0.0,0.0,0.07095723209883473,0.11072707234067693,0.1
2021-04-13,1133385686.7077448,4011830.2577449046,0.0,1129373856.45,0.996460313285411,Bull,0.9999999999999999,0.0,0.0,0.0,0.7135615139090266,0.0,0.0,0.08460915037541626,0.09704931100683925,0.10124033799412892,0.7183156955604882,0.0,0.0,0.07095723209883473,0.11072707234067693,0.1
2021-04-14,1136412519.5077448,4011830.2577449046,0.0,1132400689.25,0.9964697412349148,Bull,0.9999999999999999,0.0,0.0,0.0,0.7133033782495879,0.0,0.0,0.0844958132295071,0.09732011756426824,0.1013504321915516,0.7183156955604882,0.0,0.0,0.07095723209883473,0.11072707234067693,0.1
2021-04-15,1146236886.9577448,4011830.2577449046,0.0,1142225056.7,0.9964999989937572,Bull,0.9999999999999999,0.0,0.0,0.0,0.7120707909394725,0.0,0.0,0.08418870575359298,0.09729062226917415,0.10294988003151757,0.7183156955604882,0.0,0.0,0.07095723209883473,0.11072707234067693,0.1
2021-04-16,1152155859.657745,4011830.2577449046,0.0,1148144029.4,0.9965179795562238,Bull,0.9999999999999999,0.0,0.0,0.0,0.7122934562375841,0.0,0.0,0.08395791176094441,0.09693002822827702,0.10333658332941818,0.7183156955604882,0.0,0.0,0.07095723209883473,0.11072707234067693,0.1
2021-04-19,1164325587.5577447,4011830.2577449046,0.0,1160313757.3,0.9965543742226263,Bull,0.9999999999999999,0.0,0.0,0.0,0.7136848714653782,0.0,0.0,0.08332961246992104,0.0960891018762837,0.10345078841104337,0.7183156955604882,0.0,0.0,0.07095723209883473,0.11072707234067693,0.1
2021-04-20,1166323984.3577447,4011830.2577449046,0.0,1162312154.1,0.9965602780088982,Bull,0.9999999999999999,0.0,0.0,0.0,0.7130159503304206,0.0,0.0,0.08406600679998177,0.09575255374817451,0.10372576713032136,0.7183156955604882,0.0,0.0,0.07095723209883473,0.11072707234067693,0.1
2021-04-21,1158046308.7577448,4011830.2577449046,0.0,1154034478.5,0.9965356909931794,Bull,0.9999999999999999,0.0,0.0,0.0,0.7133614366304375,0.0,0.0,0.08450214750476881,0.09557130760921292,0.10310079924876019,0.7183156955604882,0.0,0.0,0.07095723209883473,0.11072707234067693,0.1
2021-04-22,1159079228.6003535,839658.0003536528,0.0,1158239570.6,0.999275581875997,Bull,0.9999999999999999,0.0,0.0,0.0,0.7181473449447907,0.0,0.0,0.07434340800331181,0.10671945191302368,0.10006537701487081,0.7183156955604882,0.0,0.0,0.07095723209883473,0.11072707234067693,0.1
2021-04-23,1160761545.6503534,839658.0003536528,0.0,1159921887.6499999,0.9992766317909997,Bull,0.9999999999999999,0.0,0.0,0.0,0.7156716560459112,0.0,0.0,0.07417406298703723,0.10753074175115529,0.10190017100689606,0.7183156955604882,0.0,0.0,0.07095723209883473,0.11072707234067693,0.1
2021-04-26,1175286210.9003537,839658.0003536528,0.0,1174446552.9,0.9992855714696846,Bull,0.9999999999999999,0.0,0.0,0.0,0.7145279550728942,0.0,0.0,0.07311801942623654,0.10776643070029052,0.10387316627026315,0.7183156955604882,0.0,0.0,0.07095723209883473,0.11072707234067693,0.1
2021-04-27,1170163600.5503535,839658.0003536528,0.0,1169323942.55,0.9992824439249702,Bull,0.9999999999999999,0.0,0.0,0.0,0.7132991422374044,0.0,0.0,0.07301816597253084,0.10827652641084515,0.10468860930418981,0.7183156955604882,0.0,0.0,0.07095723209883473,0.11072707234067693,0.1
2021-04-28,1166745635.4003537,839658.0003536528,0.0,1165905977.4,0.9992803418544047,Bull,0.9999999999999999,0.0,0.0,0.0,0.7141511843874067,0.0,0.0,0.07267599503031687,0.10794023665388362,0.10451292578279743,0.7183156955604882,0.0,0.0,0.07095723209883473,0.11072707234067693,0.1
2021-04-29,1164223607.3003535,839658.0003536528,0.0,1163383949.3,0.9992787828771995,Bull,0.9999999999999998,0.0,0.0,0.0,0.7130801540994898,0.0,0.0,0.07276858111170709,0.10832815896290553,0.1051018887030971,0.7981285506227647,0.0,0.0,0.07884136899870525,0.12303008037852992,0.0
2021-05-03,1148180214.7003145,90723.20031452179,0.0,1148089491.5,0.9999209852258792,Bull,0.9999999999999998,0.0,0.0,0.0,0.777668157026252,0.0,0.0,0.07760349713329336,0.11896303232820599,0.025686298738127805,0.7981285506227647,0.0,0.0,0.07884136899870525,0.12303008037852992,0.0
2021-05-04,1139802393.838863,243433.7888629008,0.0,1139558960.05,0.9997864245678209,Bull,0.9999999999999998,0.0,0.0,0.0,0.7932237771539702,0.0,0.0,0.07846754883429735,0.12180326234656691,0.0062918362329864065,0.7981285506227647,0.0,0.0,0.07884136899870525,0.12303008037852992,0.0
2021-05-05,1136786010.488863,243433.7888629008,0.0,1136542576.7,0.9997858578601277,Bull,1.0,0.0,0.0,0.0,0.7937341490611525,0.0,0.0,0.07888934168131953,0.12096801749070013,0.006194349626955571,0.7985964129670736,0.0,0.0,0.09432617642258233,0.10707741061034405,0.0
2021-05-06,1147422373.9582813,182518.0082812768,0.0,1147239855.95,0.9998409321515567,Bull,1.0,0.0,0.0,0.0,0.7972335878324608,0.0,0.0,0.09049413917370179,0.11052224784716533,0.0015909572982288496,0.7989473097253053,0.0,0.0,0.10636894549089981,0.09468374478379495,0.0
2021-05-07,1157784826.7841444,124458.6841444048,0.0,1157660368.1,0.9998925027507138,Bull,1.0,0.0,0.0,0.0,0.7977495876029465,0.0,0.0,0.10213331291311356,0.099572733493331,0.000436868741322951,0.7989473097253053,0.0,0.0,0.10636894549089981,0.09468374478379495,0.0
2021-05-10,1168583383.9841444,124458.6841444048,0.0,1168458925.3,0.9998934961031877,Bull,1.0,0.0,0.0,0.0,0.7998535561178937,0.0,0.0,0.10163074507793225,0.09798029953980034,0.0004288953675613792,0.7989473097253053,0.0,0.0,0.10636894549089981,0.09468374478379495,0.0
2021-05-11,1147081471.5841446,124458.6841444048,0.0,1146957012.9,0.9998914996996922,Bull,1.0,0.0,0.0,0.0,0.7998673029151927,0.0,0.0,0.10355419640416227,0.09606793652399816,0.00040206385633888124,0.799210482293979,0.0,0.0,0.12977670911817485,0.07101280858784621,0.0
2021-05-12,1106250786.9471874,7464093.447187404,0.0,1098786693.5,0.993252801683617,Sideways,0.5,0.0,0.0,0.0,0.7973120597130098,0.0,0.0,0.11794260536533191,0.07790313102314138,9.500558213389772e-05,0.39970393086024214,0.0,0.0,0.07366626591931556,0.02662980322044233,0.0
2021-05-13,1097663085.364894,217748473.01489392,0.0,879914612.35,0.8016254022585553,Sideways,0.49999999999999994,0.0,0.0,0.0,0.6384184926079071,0.0,0.0,0.10631322265994483,0.056800215686650286,9.347130405309466e-05,0.3997779481451815,0.0,0.0,0.08024969943948665,0.019972352415331743,0.0
2021-05-14,1107400109.5986357,436613451.2986356,0.0,670786658.3,0.605731074510295,Sideways,0.49999999999999994,0.0,0.0,0.0,0.48249219380487074,0.0,0.0,0.09065603220536622,0.032487851218508064,9.499728154996166e-05,0.3997779481451815,0.0,0.0,0.08024969943948665,0.019972352415331743,0.0
2021-05-17,1090679529.8322473,521617613.73224735,0.0,569061916.1,0.5217498821010467,Sideways,0.49999999999999994,0.0,0.0,0.0,0.41503017496773087,0.0,0.0,0.08354828114727289,0.023080565199451234,9.086078659167844e-05,0.3997779481451815,0.0,0.0,0.08024969943948665,0.019972352415331743,0.0
2021-05-18,1105800999.844276,539152602.7942761,0.0,566648397.05,0.5124325236907888,Sideways,0.49999999999999994,0.0,0.0,0.0,0.4105679476813055,0.0,0.0,0.08034908632973951,0.021415878628555204,9.961105118869656e-05,0.3997779481451815,0.0,0.0,0.08024969943948665,0.019972352415331743,0.0
2021-05-19,1101926373.5442762,539152602.7942761,0.0,562773770.75,0.5107181244241155,Sideways,0.49999999999999994,0.0,0.0,0.0,0.40893950046826216,0.0,0.0,0.08033431463780379,0.021344983262672517,9.932605537696772e-05,0.3997779481451815,0.0,0.0,0.08024969943948665,0.019972352415331743,0.0
2021-05-20,1100302516.1442761,539152602.7942761,0.0,561149913.35,0.5099960284707917,Sideways,0.49999999999999994,0.0,0.0,0.0,0.4079171925579304,0.0,0.0,0.08075061057876343,0.021230070509933294,9.815482416459239e-05,0.3997779481451815,0.0,0.0,0.08024969943948665,0.019972352415331743,0.0
2021-05-21,1106131528.444276,539152602.7942761,0.0,566978925.65,0.5125782161253736,Sideways,0.49999999999999994,0.0,0.0,0.0,0.4102109595304412,0.0,0.0,0.08084870352242672,0.021417570506574227,0.00010098256593146837,0.3997779481451815,0.0,0.0,0.08024969943948665,0.019972352415331743,0.0
2021-05-24,1103207017.694276,539152602.7942761,0.0,564054414.9,0.5112861012059954,Sideways,0.49999999999999994,0.0,0.0,0.0,0.4093515157688641,0.0,0.0,0.08039071414298904,0.02144189587321434,0.00010197542092791176,0.3997779481451815,0.0,0.0,0.08024969943948665,0.019972352415331743,0.0
2021-05-25,1106387487.344276,539152602.7942761,0.0,567234884.55,0.5126909794610618,Sideways,0.9999999999999999,0.0,0.0,0.0,0.4103095341756521,0.0,0.0,0.08053191220904941,0.02174428062065923,0.00010525245570114091,0.7196003066613268,0.0,0.0,0.14444945899107597,0.035950234347597136,0.1
2021-05-26,1106655305.425999,317885196.8259989,0.0,788770108.6,0.7127513912711679,Sideways,0.9999999999999999,0.0,0.0,0.0,0.538208334320255,0.0,0.0,0.10605470323464523,0.027467450660527845,0.04102090305573978,0.7196003066613268,0.0,0.0,0.14444945899107597,0.035950234347597136,0.1
2021-05-27,1105860674.4671235,97977881.8671236,0.0,1007882792.6,0.9114012423722946,Sideways,0.9999999999999999,0.0,0.0,0.0,0.6648039934635152,0.0,0.0,0.13190043137241195,0.03308979227209863,0.08160702526426891,0.7196003066613268,0.0,0.0,0.14444945899107597,0.035950234347597136,0.1
2021-05-28,1115109707.2744033,24363688.224403486,0.0,1090746019.05,0.9781513082834208,Sideways,0.9999999999999999,0.0,0.0,0.0,0.7035861260392863,0.0,0.0,0.1410914988665631,0.03543848622445501,0.09803519715311636,0.7196003066613268,0.0,0.0,0.14444945899107597,0.035950234347597136,0.1
2021-05-31,1121590827.3623517,6307547.562351738,0.0,1115283279.8,0.9943762489773698,Sideways,0.9999999999999999,0.0,0.0,0.0,0.7148998192911886,0.0,0.0,0.14303148357344073,0.03593770474638334,0.10050724136635707,0.7196003066613268,0.0,0.0,0.14444945899107597,0.035950234347597136,0.1
2021-06-01,1126050614.3623517,6307547.562351738,0.0,1119743066.8,0.9943985221606371,Sideways,0.9999999999999999,0.0,0.0,0.0,0.7144825077472992,0.0,0.0,0.14250087691738922,0.03595202514313688,0.10146311235281176,0.7196003066613268,0.0,0.0,0.14444945899107597,0.035950234347597136,0.1
2021-06-02,1130463942.4623518,6307547.562351738,0.0,1124156394.9,0.9944203903146059,Sideways,0.9999999999999999,0.0,0.0,0.0,0.7151794626363549,0.0,0.0,0.14289354479378247,0.0358116685365648,0.10053571434790366,0.7196003066613268,0.0,0.0,0.14444945899107597,0.035950234347597136,0.1
2021-06-03,1132086945.5123518,6307547.562351738,0.0,1125779397.95,0.9944283894559909,Sideways,0.9999999999999999,0.0,0.0,0.0,0.7139202524627839,0.0,0.0,0.14283143237449847,0.03573435782504447,0.10194234679366403,0.7196003066613268,0.0,0.0,0.14444945899107597,0.035950234347597136,0.1
2021-06-04,1128366132.7123518,6307547.562351738,0.0,1122058585.15,0.9944100169444205,Sideways,0.9999999999999999,0.0,0.0,0.0,0.7139397947132144,0.0,0.0,0.14369626604287136,0.03568283275501685,0.10109112343331797,0.7196003066613268,0.0,0.0,0.14444945899107597,0.035950234347597136,0.1
2021-06-07,1125411907.6623516,6307547.562351738,0.0,1119104360.1,0.9943953431455569,Sideways,0.9999999999999999,0.0,0.0,0.0,0.7131539613501187,0.0,0.0,0.14418116504297956,0.03586793397614445,0.1011922827763143,0.7196003066613268,0.0,0.0,0.14444945899107597,0.035950234347597136,0.1
2021-06-08,1128644038.8123517,6307547.562351738,0.0,1122336491.25,0.9944113933663363,Sideways,0.9999999999999999,0.0,0.0,0.0,0.7143689804080471,0.0,0.0,0.1443608386674774,0.03555682626227221,0.10012474802853961,0.7196003066613268,0.0,0.0,0.14444945899107597,0.035950234347597136,0.1
2021-06-09,1122200521.9623518,6307547.562351738,0.0,1115892974.4,0.9943793043766171,Sideways,0.9999999999999999,0.0,0.0,0.0,0.7142407784648044,0.0,0.0,0.1451337767293108,0.03549900327112526,0.09950574591137662,0.7196003066613268,0.0,0.0,0.14444945899107597,0.035950234347597136,0.1
2021-06-10,1128928149.0623517,6307547.562351738,0.0,1122620601.5,0.9944127998158336,Bull,1.0,0.0,0.0,0.0,0.7121749972908105,0.0,0.0,0.1447897283239521,0.03583434431464926,0.10161372988642187,0.7197002299959951,0.0,0.0,0.13273796355050665,0.0475618064534982,0.1
2021-06-11,1130452365.0623517,6307547.562351738,0.0,1124144817.5,0.9944203331716646,Bull,1.0,0.0,0.0,0.0,0.7119017504604113,0.0,0.0,0.14459450486530168,0.03591606444890809,0.1020080133970436,0.7187452074551745,0.0,0.0,0.12177983168849801,0.05947496085632759,0.1
2021-06-15,1133378339.0507648,1346235.5507647379,0.0,1132032103.5,0.9988121922712125,Bull,1.0,0.0,0.0,0.0,0.7161211093726808,0.0,0.0,0.12682966935859316,0.053659310315507976,0.10220210322443063,0.7189234171077159,0.0,0.0,0.10754681577646069,0.07352976711582344,0.1
2021-06-16,1135359902.6575496,106542.75754949317,0.0,1135253359.9,0.9999061594853754,Bull,1.0,0.0,0.0,0.0,0.7187805452612912,0.0,0.0,0.11277516468592418,0.06828962324503177,0.1000608262931282,0.7189234171077159,0.0,0.0,0.10754681577646069,0.07352976711582344,0.1
2021-06-17,1132633225.5575495,106542.75754949317,0.0,1132526682.8,0.9999059335757194,Bull,1.0,0.0,0.0,0.0,0.7184374998353377,0.0,0.0,0.11247453908769971,0.06825660615945958,0.10073728849322248,0.7191925628307869,0.0,0.0,0.09250093159217185,0.08830650557704121,0.1
2021-06-18,1122542155.090857,41729.19085699851,0.0,1122500425.9,0.9999628261703423,Bull,0.9999999999999999,0.0,0.0,0.0,0.7179286517171118,0.0,0.0,0.09736070890910471,0.0838418402134594,0.10083162533066631,0.7193944221230901,0.0,0.0,0.0798231473703838,0.10078243050652598,0.1
2021-06-21,1118421209.8931007,58449.34310075035,0.0,1118362760.55,0.999947739418223,Bull,0.9999999999999999,0.0,0.0,0.0,0.7238694629435551,0.0,0.0,0.08462992221780816,0.09454353964738081,0.09690481460947889,0.7193944221230901,0.0,0.0,0.0798231473703838,0.10078243050652598,0.1
2021-06-22,1121400107.3931007,58449.34310075035,0.0,1121341658.05,0.9999478782437103,Bull,0.9999999999999999,0.0,0.0,0.0,0.7235565635322071,0.0,0.0,0.084792215885412,0.09439739598927317,0.09720170283681803,0.7193944221230901,0.0,0.0,0.0798231473703838,0.10078243050652598,0.1
2021-06-23,1130604011.743101,58449.34310075035,0.0,1130545562.4,0.9999483025511199,Bull,0.9999999999999999,0.0,0.0,0.0,0.7206682480666263,0.0,0.0,0.0844144360082865,0.09515643751708677,0.09970918095912011,0.7193944221230901,0.0,0.0,0.0798231473703838,0.10078243050652598,0.1
2021-06-24,1131566635.493101,58449.34310075035,0.0,1131508186.15,0.9999483465301402,Bull,1.0,0.0,0.0,0.0,0.720443728702507,0.0,0.0,0.08441977432320857,0.09483268296721907,0.10025216053720563,0.7976918342858783,0.0,0.0,0.09872852818689454,0.10357963752722715,0.0
2021-06-25,1138874906.1799877,205835.5299875103,0.0,1138669070.65,0.9998192641449288,Bull,1.0,0.0,0.0,0.0,0.7792842004280129,0.0,0.0,0.09456745373488722,0.10088996550587008,0.025077644476158414,0.7982688757144087,0.0,0.0,0.10990191876622134,0.09182920551936995,0.0
2021-06-28,1142339595.808383,75314.40838289075,0.0,1142264281.4,0.999934070036039,Bull,1.0,0.0,0.0,0.0,0.7943542224480608,0.0,0.0,0.10515051779764152,0.09404173714557994,0.006387592644756728,0.7987016567858065,0.0,0.0,0.12187437250653832,0.07942397070765511,0.0
2021-06-29,1137765881.5291445,244366.27914464276,0.0,1137521515.25,0.9997852227043263,Bull,1.0,0.0,0.0,0.0,0.7964691418168416,0.0,0.0,0.11802559927313148,0.08368962503254752,0.001600856581805792,0.7987016567858065,0.0,0.0,0.12187437250653832,0.07942397070765511,0.0
2021-06-30,1141485250.1791446,244366.27914464276,0.0,1141240883.9,0.9997859225258441,Bull,1.0,0.0,0.0,0.0,0.7967894318014704,0.0,0.0,0.11712932775873969,0.0842353416173443,0.00163182134828958,0.799026242589355,0.0,0.0,0.10947078495551593,0.09150297245512916,0.0
2021-07-01,1136000642.4791446,244366.27914464276,0.0,1135756276.2,0.99978488896044,Bull,1.0,0.0,0.0,0.0,0.7963478561294988,0.0,0.0,0.11756850745130801,0.08424607911412955,0.0016224462655036191,0.799026242589355,0.0,0.0,0.10947078495551593,0.09150297245512916,0.0
2021-07-02,1133956203.4291444,244366.27914464276,0.0,1133711837.1499999,0.9997845011311676,Bull,1.0,0.0,0.0,0.0,0.7957555454269215,0.0,0.0,0.11800129457853532,0.08439796855521156,0.0016296925704992389,0.799026242589355,0.0,0.0,0.10947078495551593,0.09150297245512916,0.0
2021-07-05,1142228485.5791445,244366.27914464276,0.0,1141984119.3,0.9997860618236809,Bull,1.0,0.0,0.0,0.0,0.7955751679921088,0.0,0.0,0.1179708803459562,0.08457432223030163,0.0016656912553142326,0.799026242589355,0.0,0.0,0.10947078495551593,0.09150297245512916,0.0
2021-07-06,1146602839.7791445,244366.27914464276,0.0,1146358473.5,0.9997868780098333,Bull,1.0,0.0,0.0,0.0,0.7968089226745502,0.0,0.0,0.11697947654292881,0.08434219473817756,0.001656284054176771,0.799026242589355,0.0,0.0,0.10947078495551593,0.09150297245512916,0.0
2021-07-07,1145097474.4791446,244366.27914464276,0.0,1144853108.2,0.999786597835913,Bull,1.0,0.0,0.0,0.0,0.7968803779041251,0.0,0.0,0.11726992941022832,0.08399983594737362,0.0016364545741857969,0.799026242589355,0.0,0.0,0.10947078495551593,0.09150297245512916,0.0
2021-07-08,1144917571.4291446,244366.27914464276,0.0,1144673205.15,0.9997865643036298,Bull,1.0,0.0,0.0,0.0,0.7968378055471744,0.0,0.0,0.11738172542172144,0.08392237345092257,0.0016446598838111492,0.799026242589355,0.0,0.0,0.10947078495551593,0.09150297245512916,0.0
2021-07-09,1148155578.8291445,244366.27914464276,0.0,1147911212.55,0.9997871662310837,Bull,1.0,0.0,0.0,0.0,0.7975697104427597,0.0,0.0,0.11759129380156165,0.08302272075114386,0.0016034412356184325,0.799026242589355,0.0,0.0,0.10947078495551593,0.09150297245512916,0.0
2021-07-12,1149977487.8791444,244366.27914464276,0.0,1149733121.6,0.9997875034235711,Bull,1.0,0.0,0.0,0.0,0.7978998991469219,0.0,0.0,0.11660436957535666,0.08364337651287028,0.0016398581884223683,0.799026242589355,0.0,0.0,0.10947078495551593,0.09150297245512916,0.0
2021-07-13,1158258043.0791445,244366.27914464276,0.0,1158013676.8,0.9997890225925002,Bull,1.0,0.0,0.0,0.0,0.7979532560317791,0.0,0.0,0.11647335479869556,0.0837324640907959,0.001629947671229768,0.799026242589355,0.0,0.0,0.10947078495551593,0.09150297245512916,0.0
2021-07-14,1158914073.3791444,244366.27914464276,0.0,1158669707.1,0.9997891420211751,Bull,1.0,0.0,0.0,0.0,0.7981781638071239,0.0,0.0,0.11608789908618697,0.08389405412647193,0.0016290250013922855,0.7992696819420162,0.0,0.0,0.09622381078674783,0.104506507271236,0.0
2021-07-15,1159898817.2966094,67422.14660927537,0.0,1159831395.15,0.9999418723895533,Bull,1.0,0.0,0.0,0.0,0.7980916795031773,0.0,0.0,0.1012503834375134,0.10012442315500884,0.0004753862938537646,0.7994522614565122,0.0,0.0,0.08169984255405588,0.118847895989432,0.0
2021-07-16,1162139321.9854681,145234.4354681501,0.0,1161994087.55,0.999875028378508,Bull,1.0,0.0,0.0,0.0,0.8007428799157665,0.0,0.0,0.08669958764312417,0.11231587945669061,0.0001166813629267211,0.7994522614565122,0.0,0.0,0.08169984255405588,0.118847895989432,0.0
2021-07-19,1163196396.0354683,145234.4354681501,0.0,1163051161.6000001,0.9998751419485452,Bull,1.0,0.0,0.0,0.0,0.8021222080639511,0.0,0.0,0.0867076276575092,0.11093045030038547,0.00011485592669935186,0.7994522614565122,0.0,0.0,0.08169984255405588,0.118847895989432,0.0
2021-07-20,1154131663.585468,145234.4354681501,0.0,1153986429.1499999,0.9998741612936803,Bull,1.0,0.0,0.0,0.0,0.8016258095508759,0.0,0.0,0.08722358390832345,0.11091247562026575,0.00011229221421530005,0.7994522614565122,0.0,0.0,0.08169984255405588,0.118847895989432,0.0
2021-07-21,1159067977.3854682,145234.4354681501,326550.0,1158596192.95,0.9995929622380454,Bull,1.0,0.0,0.0,0.0,0.8024277791264435,0.0,0.0,0.08701646665065091,0.11003763583193531,0.00011108062901575784,0.7995891960923842,0.0,0.0,0.0980393587713031,0.1023714451363128,0.0
2021-07-22,1169024109.6854682,145234.4354681501,326550.0,1168552325.25,0.9995964288233584,Bull,1.0,0.0,0.0,0.0,0.8032462867704641,0.0,0.0,0.08637931344903489,0.10985868378245342,0.00011214482140601284,0.7995891960923842,0.0,0.0,0.0980393587713031,0.1023714451363128,0.0
2021-07-23,1170025128.035468,145234.4354681501,3235300.0,1166644593.6,0.9971107163816693,Bull,1.0,0.0,0.0,0.0,0.8036801270916765,0.0,0.0,0.08355376107532325,0.10976469387083698,0.00011213434383267606,0.7995891960923842,0.0,0.0,0.0980393587713031,0.1023714451363128,0.0
2021-07-26,1164316152.9854681,145234.4354681501,3235300.0,1160935618.55,0.997096549397859,Bull,1.0,0.0,0.0,0.0,0.8041525200429697,0.0,0.0,0.08349235708079479,0.10934130706128657,0.0001103652128079716,0.7996918970692881,0.0,0.0,0.12352951907847731,0.0767785838522346,0.0
2021-07-27,1166175996.4013128,8794688.801312897,3235300.0,1154146007.6,0.9896842424827503,Bull,1.0,0.0,0.0,0.0,0.8015652101265867,0.0,0.0,0.10321083641870825,0.08479852123964424,0.00010967469781120939,0.7997689228019661,0.0,0.0,0.142647139308858,0.05758393788917596,0.0
2021-07-28,1162943425.443882,11020403.843881777,3235300.0,1148687721.6000001,0.9877417047708571,Bull,0.9999999999999999,0.0,0.0,0.0,0.8008474025677718,0.0,0.0,0.12318011079973436,0.06360735043647187,0.00010684096687899949,0.7998266921014745,0.0,0.0,0.15698535448164347,0.04318795341688197,0.0
2021-07-29,1167556596.1088047,423517.80880464986,3235300.0,1163897778.3,0.9968662608553635,Bull,0.9999999999999999,0.0,0.0,0.0,0.7994484219529999,0.0,0.0,0.14832103263957064,0.04898563392182672,0.00011117234096624806,0.7998700190761059,0.0,0.0,0.16773901586123258,0.032390965062661474,0.0
2021-07-30,1161216380.8148136,3271883.9648137754,3235300.0,1154709196.85,0.9943962347824893,Bull,0.9999999999999999,0.0,0.0,0.0,0.7997269606189775,0.0,0.0,0.1578880586160442,0.03667158912288121,0.00010962642458649687,0.7998700190761059,0.0,0.0,0.16773901586123258,0.032390965062661474,0.0
2021-08-02,1172044822.7148137,3271883.9648137754,3235300.0,1165537638.75,0.9944480075858011,Bull,0.9999999999999999,0.0,0.0,0.0,0.7991143091102553,0.0,0.0,0.1583945395279238,0.03682683389191721,0.00011232505570483081,0.7998700190761059,0.0,0.0,0.16773901586123258,0.032390965062661474,0.0
2021-08-03,1174434391.0648136,3271883.9648137754,3235300.0,1167927207.1,0.9944593039727712,Bull,0.9999999999999999,0.0,0.0,0.0,0.7987574821012113,0.0,0.0,0.15869068669815092,0.03689848520248968,0.00011264997091923439,0.7998700190761059,0.0,0.0,0.16773901586123258,0.032390965062661474,0.0
2021-08-04,1176947697.4648137,3271883.9648137754,3235300.0,1170440513.5,0.9944711358212175,Bull,1.0000000000000002,0.0,0.0,0.0,0.7984459424358527,0.0,0.0,0.1588791077146318,0.03703244425719524,0.00011364141353783363,0.7999025143070796,0.0,0.0,0.14764426456152555,0.05245322113139499,0.0
2021-08-05,1183266344.8779938,123696.8779937774,3235300.0,1179907348.0,0.9971612503875109,Bull,1.0,0.0,0.0,0.0,0.7997129742565018,0.0,0.0,0.1605673150617583,0.036768560340052596,0.00011240072919822087,0.7999268857303097,0.0,0.0,0.13494936868719562,0.06512374558249477,0.0
2021-08-06,1180760378.9105935,3226081.910593529,3235300.0,1174298997.0,0.994527778856744,Bull,1.0,0.0,0.0,0.0,0.8003811898498325,0.0,0.0,0.14583881969250845,0.048196061636574486,0.00011170767782849817,0.7999451642977322,0.0,0.0,0.12159961408149599,0.07845522162077179,0.0
2021-08-09,1180035657.5847306,13235128.634730535,3235300.0,1163565228.95,0.9860424314054697,Bull,1.0,0.0,0.0,0.0,0.8005603668651581,0.0,0.0,0.13728441082160078,0.04808668249580041,0.00011097122291035287,0.7999451642977322,0.0,0.0,0.12159961408149599,0.07845522162077179,0.0
2021-08-10,1176765238.2893097,2378169.089309916,3235300.0,1171151769.1999998,0.9952297459963464,Bull,1.0,0.0,0.0,0.0,0.7995727512887968,0.0,0.0,0.12641603878124297,0.06913116342411849,0.00010979250218830474,0.7999451642977322,0.0,0.0,0.12159961408149599,0.07845522162077179,0.0
2021-08-11,1182136422.78931,2378169.089309916,14341156.9,1165417096.8,0.9858566865321179,Bull,1.0,0.0,0.0,0.0,0.7910205021799418,0.0,0.0,0.1261360339851195,0.06859208331359541,0.00010806705346119654,0.7999451642977322,0.0,0.0,0.12159961408149599,0.07845522162077179,0.0
2021-08-12,1177686051.3893101,2378169.089309916,20250356.9,1155057525.4,0.980785604140751,Bull,1.0,0.0,0.0,0.0,0.7854373194866188,0.0,0.0,0.1265141926613061,0.06872582884421405,0.00010826314861213557,0.7999451642977322,0.0,0.0,0.12159961408149599,0.07845522162077179,0.0
2021-08-13,1173478267.18931,2378169.089309916,20250356.9,1150849741.2,0.9807167063745378,Bull,1.0,0.0,0.0,0.0,0.7857756014592171,0.0,0.0,0.12651746875176595,0.06831754131418166,0.00010609484937305207,0.7999451642977322,0.0,0.0,0.12159961408149599,0.07845522162077179,0.0
2021-08-16,1168098603.3893101,2378169.089309916,20250356.9,1145470077.4,0.9806278974021098,Bull,1.0,0.0,0.0,0.0,0.7855517716890693,0.0,0.0,0.12649060581982044,0.0684803917819084,0.00010512811131156927,0.7999451642977322,0.0,0.0,0.12159961408149599,0.07845522162077179,0.0
2021-08-17,1174100584.83931,2378169.089309916,20250356.9,1151472058.85,0.9807269272483949,Bull,1.0,0.0,0.0,0.0,0.7871537760765939,0.0,0.0,0.12584398807724118,0.06762695720049146,0.00010220589406862742,0.7999588732232992,0.0,0.0,0.14119971056112196,0.05884141621557884,0.0
2021-08-18,1173804758.9585607,2356128.9085604143,20250356.9,1151198273.15,0.9807408466901959,Bull,0.9999999999999999,0.0,0.0,0.0,0.7894877031953793,0.0,0.0,0.12977839699266197,0.06137017204114363,0.00010457446101079702,0.7999691549174743,0.0,0.0,0.15589978292084147,0.04413106216168413,0.0
2021-08-19,1163283563.5235636,3256656.3235636665,17341606.9,1142685300.3,0.9822929989991676,Bull,1.0,2908750.0,0.0,0.0,0.7983588261893186,0.0,0.0,0.13602186514242348,0.04781258993424553,9.971773317989487e-05,0.7999768661881058,0.0,0.0,0.16692483719063111,0.0330982966212631,0.0
2021-08-20,1165273096.9918199,1354076.9918199165,17341606.9,1146577413.1,0.9839559636791725,Bull,1.0,0.0,0.0,0.0,0.8012294847536107,0.0,0.0,0.14616058711016103,0.03646677341963753,9.911839576333307e-05,0.7999768661881058,0.0,0.0,0.16692483719063111,0.0330982966212631,0.0
2021-08-23,1163911899.1197598,872742.9897599183,19087216.080000002,1143951940.05,0.9828509708639845,Bull,1.0,0.0,0.0,0.0,0.7994743766720914,0.0,0.0,0.14829653355252798,0.03497519875068429,0.0001048618886810107,0.7999826496410793,0.0,0.0,0.1551383428574062,0.044879007501514454,0.0
2021-08-24,1176228705.8697598,1199292.9897599183,18760666.080000002,1156268746.8,0.9830305458707536,Bull,1.0,326550.0,0.0,0.0,0.8005662862170155,0.0,0.0,0.14764747632271238,0.034711999287425056,0.00010478404360048588,0.7999826496410793,0.0,0.0,0.1551383428574062,0.044879007501514454,0.0
2021-08-25,1176728032.9197598,1199292.9897599183,20952420.080000002,1154576319.85,0.9811751632917286,Bull,1.0,0.0,0.0,0.0,0.8010042197356853,0.0,0.0,0.14503198294387656,0.03503201151562179,0.00010694909654504817,0.7999869872308095,0.0,0.0,0.1370118029802754,0.06300120978891509,0.0
2021-08-26,1180000700.9618678,3260142.3818677915,29267207.78,1147473350.8,0.9724344653902718,Bull,1.0,5.0,92386.0,5.0,0.7930457160213505,0.0,0.0,0.14410288049947095,0.03517879266187101,0.00010707620757937418,0.7999902404231072,0.0,0.0,0.12495325467879252,0.07505650489810033,0.0
2021-08-27,1200205342.8094747,440542.2794746626,29267207.78,1170497592.75,0.9752477771929143,Bull,1.0,0.0,0.0,0.0,0.7991562847943925,0.0,0.0,0.1411067706160715,0.0348769068982931,0.00010781488415731996,0.7999902404231072,0.0,0.0,0.12495325467879252,0.07505650489810033,0.0
2021-08-30,1214633199.8704817,591617.9904817851,29267207.78,1184774374.1,0.97541741344328,Bull,1.0,0.0,0.0,0.0,0.8010478177311062,0.0,0.0,0.1394616910010881,0.03479939458637155,0.00010851012471423804,0.7999902404231072,0.0,0.0,0.12495325467879252,0.07505650489810033,0.0
2021-08-31,1224366678.4615235,12306223.98152354,18161350.88,1193899103.6,0.9751156451759961,Bull,1.0,11105856.9,0.0,0.0,0.8041662444106947,0.0,0.0,0.1361075917301166,0.03473309977157828,0.000108709263606591,0.7999902404231072,0.0,0.0,0.12495325467879252,0.07505650489810033,0.0
2021-09-01,1213757530.832506,635159.6025056653,18161350.88,1194961020.3500001,0.9845137846686616,Bull,1.0,0.0,0.0,0.0,0.801209958040786,0.0,0.0,0.12696827503455171,0.056225397796866416,0.00011015379645743273,0.7999926803173304,0.0,0.0,0.11125862002753502,0.08874869965513466,0.0
2021-09-02,1207667795.5457811,3341220.4657810386,18161350.88,1186165224.2,0.9821949617062833,Bull,1.0,0.0,0.0,0.0,0.8052879092966861,0.0,0.0,0.1207304695362085,0.05606806793204178,0.00010851494134674231,0.7999945102379978,0.0,0.0,0.10043224175801384,0.09957324800398842,0.0
2021-09-03,1220573921.534725,32302135.954724792,12252150.88,1176019634.7,0.9634972646484997,Bull,1.0,5909200.0,0.0,0.0,0.802582963159049,0.0,0.0,0.1045354957605245,0.05626828395091685,0.00011052177800946253,0.7999945102379978,0.0,0.0,0.10043224175801384,0.09957324800398842,0.0
2021-09-06,1219958935.5760298,10801120.1460298,12252150.88,1196905664.55,0.981103240155256,Bull,1.0,0.0,0.0,0.0,0.8003390409931962,0.0,0.0,0.10154800820529694,0.07910622823909436,0.00010996271766857316,0.7999945102379978,0.0,0.0,0.10043224175801384,0.09957324800398842,0.0
2021-09-07,1218331849.7604256,11989773.230425676,12252150.88,1194089925.6499999,0.9801023636415706,Bull,1.0,0.0,0.0,0.0,0.8001600515013195,0.0,0.0,0.10098225702971876,0.07885068425231648,0.00010937085821584854,0.7999945102379978,0.0,0.0,0.10043224175801384,0.09957324800398842,0.0
2021-09-08,1219347876.1917856,12417799.861785302,12252150.88,1194677925.45,0.9797679142896991,Bull,1.0,2.0,268034.0,2.0,0.8005763527458353,0.0,0.0,0.10099365603900136,0.07809096309527937,0.00010694240958311227,0.7999945102379978,0.0,0.0,0.10043224175801384,0.09957324800398842,0.0
2021-09-09,1211909251.7416103,13244186.8116103,12252150.88,1186412914.05,0.9789618425183486,Bull,1.0,0.0,0.0,0.0,0.7998791680622309,0.0,0.0,0.10060010667035821,0.07837476268417105,0.00010780510158846095,0.7999945102379978,0.0,0.0,0.10043224175801384,0.09957324800398842,0.0
2021-09-10,1219955325.9863021,13167530.90630205,12252150.88,1194535644.2,0.9791634322627749,Bull,1.0,0.0,0.0,0.0,0.799953755200834,0.0,0.0,0.10032629670356819,0.07877349928556238,0.00010988107281028841,0.7999945102379978,0.0,0.0,0.10043224175801384,0.09957324800398842,0.0
2021-09-13,1221976271.286302,13167530.90630205,12252150.88,1196556589.5,0.9791978924766319,Bull,1.0,0.0,0.0,0.0,0.8002180258956075,0.0,0.0,0.1005046520835635,0.07836621074417212,0.00010900375328875105,0.7999945102379978,0.0,0.0,0.10043224175801384,0.09957324800398842,0.0
2021-09-14,1227264065.9706802,13330568.090680175,12252150.88,1201681347.0,0.979154674466537,Bull,1.0,0.0,0.0,0.0,0.8010207210152974,0.0,0.0,0.09991362364465207,0.07811130681495095,0.00010902299163641978,0.7999945102379978,0.0,0.0,0.10043224175801384,0.09957324800398842,0.0
2021-09-15,1224409498.5939724,22218298.4639723,3937363.1799999997,1198253836.95,0.9786381421623993,Bull,1.0,8314787.7,0.0,0.0,0.8000673288429375,0.0,0.0,0.10063920619817267,0.07782343252761588,0.00010817459367319223,0.7999945102379978,0.0,0.0,0.10043224175801384,0.09957324800398842,0.0
2021-09-16,1229578972.5920906,3809338.9020905495,8219077.89,1217550555.8,0.9902174508020958,Bull,1.0,7.0,426555.0,7.0,0.7979069890336142,0.0,0.0,0.10013923688075929,0.09206468435399476,0.0001065405337274411,0.7999945102379978,0.0,0.0,0.10043224175801384,0.09957324800398842,0.0
2021-09-17,1222951214.7920907,3809338.9020905495,8219077.89,1210922798.0,0.9901644344871634,Bull,1.0,0.0,0.0,0.0,0.7967951102331267,0.0,0.0,0.10043319677382306,0.09282790566531289,0.00010822181490085058,0.7999958826784983,0.0,0.0,0.089849600541197,0.11015451678030466,0.0
2021-09-22,1208437533.102055,10450143.112055175,8219077.89,1189768312.1,0.9845509424437262,Bull,1.0,0.0,0.0,0.0,0.79905463513806,0.0,0.0,0.0936559788154494,0.09173630987398157,0.00010401861623523768,0.7999958826784983,0.0,0.0,0.089849600541197,0.11015451678030466,0.0
2021-09-23,1222902878.1043687,12929025.864368424,8219077.89,1201754774.3500001,0.982706636697797,Bull,1.0,0.0,0.0,0.0,0.8011152740670782,0.0,0.0,0.09030668091254161,0.09117976741770632,0.0001049143004707609,0.7999958826784983,0.0,0.0,0.089849600541197,0.11015451678030466,0.0
2021-09-24,1227863802.957046,14224362.517045923,8219077.89,1205420362.55,0.9817215554746415,Bull,1.0,0.0,0.0,0.0,0.7997544273111474,0.0,0.0,0.08996356088840929,0.09189716296567735,0.00010640430940740949,0.7999958826784983,0.0,0.0,0.089849600541197,0.11015451678030466,0.0
2021-09-27,1226443213.4420552,14028797.802055173,8219077.89,1204195337.75,0.9818598403511763,Bull,1.0,0.0,0.0,0.0,0.7995620400539079,0.0,0.0,0.08995654979439659,0.09223419295747483,0.000107057545397069,0.7999958826784983,0.0,0.0,0.089849600541197,0.11015451678030466,0.0
2021-09-28,1225252772.2439675,15875434.653967297,6027323.89,1203350013.7,0.9821238857482003,Bull,1.0,2191754.0,0.0,0.0,0.8001684108859008,0.0,0.0,0.09018539072360303,0.09166435085415736,0.00010573328453910613,0.7999958826784983,0.0,0.0,0.089849600541197,0.11015451678030466,0.0
2021-09-29,1218305557.1649535,641091.2749534231,6027323.89,1211637142.0,0.9945264838317974,Bull,0.9999999999999999,0.0,0.0,0.0,0.8010151363594822,0.0,0.0,0.0905978794489366,0.10281164627655134,0.00010182174682734714,0.7999969120088737,0.0,0.0,0.11738720040589774,0.0826158875852285,0.0
2021-09-30,1220389325.9562206,1733224.2162206694,6027323.89,1212628777.85,0.9936409243008251,Bull,0.9999999999999999,0.0,0.0,0.0,0.8001547596992259,0.0,0.0,0.09017917287482731,0.10320390986811877,0.00010308185865312367,0.7999969120088737,0.0,0.0,0.11738720040589774,0.0826158875852285,0.0
2021-10-01,1211948436.9509642,1487261.210964173,6027323.89,1204433851.85,0.9937995834873391,Bull,1.0,0.0,0.0,0.0,0.8013253470529403,0.0,0.0,0.09058248408338991,0.1017930682846299,9.868406637900474e-05,0.7999976840066553,0.0,0.0,0.13804040030442333,0.061961915688921385,0.0
2021-10-04,1211083070.0655713,4633590.825571289,6027323.89,1200422155.35,0.9911972060554077,Bear,1.0,0.0,0.0,0.0,0.8008086970429616,0.0,0.0,0.09738919064702478,0.09290176106079025,9.755730463113735e-05,0.7826244549187116,0.0,0.0,0.1709041083145974,0.046471436766691035,0.0
2021-10-05,1207431219.4669585,1015828.4269584082,6027323.89,1200388067.15,0.9941668293784323,Bear,1.0,0.0,0.0,0.0,0.7867843748229308,0.0,0.0,0.09772531809479934,0.10955924268580665,9.789377489525361e-05,0.7684286544416014,0.0,0.0,0.19671776798338034,0.03485357757501828,0.0
2021-10-06,1210325673.1836002,6948383.293600065,6027323.89,1197349966.0,0.9892791605837218,Bear,1.0,0.0,0.0,0.0,0.7735393346960575,0.0,0.0,0.10465579868831319,0.11098665671253825,9.737048681286855e-05,0.7567525431528022,0.0,0.0,0.21710727366593416,0.02614018318126371,0.0
2021-10-07,1218970031.3903847,38739.15038468223,6027323.89,1212903968.35,0.9950236159346217,Bull,0.9999999999999999,0.0,0.0,0.0,0.7605489015119957,0.0,0.0,0.11090141391401097,0.12347243666714744,0.0001008638414676696,0.7675644073646015,0.0,0.0,0.2128304552494506,0.019605137385947782,0.0
2021-10-08,1211053235.5890944,5597721.459094177,1745609.18,1203709904.95,0.9939364097107405,Bull,0.9999999999999999,4281714.71,0.0,0.0,0.7603975431369489,0.0,0.0,0.11154464232473618,0.12189389835385146,0.00010032589520385417,0.7675644073646015,0.0,0.0,0.2128304552494506,0.019605137385947782,0.0
2021-10-12,1210700076.742748,1441869.7627478195,1745609.18,1207512597.8000002,0.9973672431314918,Bear,1.0,0.0,0.0,0.0,0.772395670706396,0.0,0.0,0.11152266576480066,0.11335098810699074,9.791855330425467e-05,0.7557712066570088,0.0,0.0,0.22952494030353035,0.014703853039460838,0.0
2021-10-13,1211172937.7911198,200957.9611195624,1745609.18,1209226370.65,0.9983928247730917,Bear,1.0,0.0,0.0,0.0,0.760537650659481,0.0,0.0,0.185177436683018,0.05258076531675535,9.697211383718644e-05,0.7474216166889109,0.0,0.0,0.2415504935314934,0.011027889779595628,0.0
2021-10-14,1207037467.9234955,7704775.893495575,1745609.18,1197587082.85,0.9921705950936607,Bear,1.0,0.0,0.0,0.0,0.7511873135221261,0.0,0.0,0.21932914846084933,0.021556083130344995,9.804998034037935e-05,0.7474216166889109,0.0,0.0,0.2415504935314934,0.011027889779595628,0.0
2021-10-15,1215474482.0902233,3682174.7102232017,1745609.18,1210046698.2,0.995534432050857,Bull,1.0,0.0,0.0,0.0,0.748701483749002,0.0,0.0,0.23271899506566796,0.014012017735421113,0.0001019355007658672,0.7605662125166832,0.0,0.0,0.21598717180637594,0.023446615676940844,0.0
2021-10-18,1220945088.7626395,683818.3826394523,1745609.18,1218515661.2,0.9980102073508469,Bull,1.0,0.0,0.0,0.0,0.7524169757142894,0.0,0.0,0.2245744731058131,0.020918057851302043,0.00010070067944218773,0.7704246593875124,0.0,0.0,0.19493533135660437,0.03464000925588323,0.0
2021-10-19,1220724339.7613683,1410213.9313680772,1745609.18,1217568516.65,0.9974147946357937,Bull,1.0,0.0,0.0,0.0,0.7631925868145809,0.0,0.0,0.2027067798520117,0.03141249727804724,0.00010293069115387879,0.7778184945406343,0.0,0.0,0.1783482024298773,0.0438333030294884,0.0
2021-10-20,1223606256.703762,1196459.1737618293,1745609.18,1220664188.3500001,0.9975955759153378,Bull,1.0,0.0,0.0,0.0,0.7730762107234096,0.0,0.0,0.18389248891727097,0.040524310601008015,0.00010256567364903875,0.7833638709054758,0.0,0.0,0.16586146666873203,0.05077466242579229,0.0
2021-10-21,1221933787.5226316,216377.3926315843,1745609.18,1219971800.95,0.9983943593403621,Bull,0.9999999999999999,0.0,0.0,0.0,0.7803176495210385,0.0,0.0,0.16996943870508477,0.04800513792071043,0.00010213319352844931,0.7875229031791067,0.0,0.0,0.1511232811928181,0.06135381562807512,0.0
2021-10-22,1222397348.0588834,256573.7788834588,1745609.18,1220395165.1,0.9983620849946517,Bull,0.9999999999999999,0.0,0.0,0.0,0.7831843439616849,0.0,0.0,0.15700901208986814,0.058066225448470836,0.0001025034946279712,0.7875229031791067,0.0,0.0,0.1511232811928181,0.06135381562807512,0.0
2021-10-25,1224112271.3088837,256573.7788834588,1745609.18,1222110088.3500001,0.9983643796359114,Bull,0.9999999999999999,0.0,0.0,0.0,0.7839713814190202,0.0,0.0,0.15634824066860986,0.05794239765618896,0.00010235989209226929,0.7875229031791067,0.0,0.0,0.1511232811928181,0.06135381562807512,0.0
2021-10-26,1232136107.5588834,256573.7788834588,1745609.18,1230133924.6,0.9983750310159726,Bull,1.0000000000000002,0.0,0.0,0.0,0.7853289654152572,0.0,0.0,0.15489214124088108,0.05805040495218325,0.00010351940765107756,0.7906421773843302,0.0,0.0,0.1398158332508636,0.06954198936480634,0.0
2021-10-27,1230351338.3186393,1099925.088639211,1745609.18,1227505804.05,0.9976872181302879,Bull,1.0000000000000002,0.0,0.0,0.0,0.7871426428271057,0.0,0.0,0.1436974907034338,0.06674300863704434,0.00010407596270427052,0.7906421773843302,0.0,0.0,0.1398158332508636,0.06954198936480634,0.0
2021-10-28,1229339411.9686394,1099925.088639211,1745609.18,1226493877.7,0.9976853143721451,Bull,1.0,0.0,0.0,0.0,0.7875756022086265,0.0,0.0,0.14340238203027464,0.06660369724003344,0.00010363289321049605,0.7929816330382475,0.0,0.0,0.12662183453903872,0.08039653242271373,0.0
2021-10-29,1225956881.4697158,6455.239715835312,1745609.18,1224204817.05,0.998570859671985,Bull,1.0,0.0,0.0,0.0,0.7905108912869543,0.0,0.0,0.13163627729429772,0.07632095501420075,0.00010273607653232238,0.7929816330382475,0.0,0.0,0.12662183453903872,0.08039653242271373,0.0
2021-11-01,1226953216.919716,6455.239715835312,1745609.18,1225201152.5,0.9985720201915159,Bull,1.0,0.0,0.0,0.0,0.7896979600676985,0.0,0.0,0.13211775132466763,0.07665206684580048,0.00010424195334936635,0.7947362247786857,0.0,0.0,0.11579940938440704,0.0894643658369073,0.0
2021-11-02,1230661845.6568997,791020.9768995834,1745609.18,1228125215.5,0.9979388081576985,Bull,1.0,0.0,0.0,0.0,0.7928185300806151,0.0,0.0,0.1192147140319345,0.08580240816975716,0.00010315587539177908,0.7947362247786857,0.0,0.0,0.11579940938440704,0.0894643658369073,0.0
2021-11-03,1229860409.8068995,791020.9768995834,1745609.18,1227323779.6499999,0.9979374649865361,Bull,1.0,0.0,0.0,0.0,0.7924654878540447,0.0,0.0,0.11928898501825484,0.08607887460709616,0.00010411750714059098,0.7947362247786857,0.0,0.0,0.11579940938440704,0.0894643658369073,0.0
2021-11-04,1228620012.9068997,791020.9768995834,1745609.18,1226083382.75,0.9979353826811773,Bull,1.0,0.0,0.0,0.0,0.7920783664002897,0.0,0.0,0.11987091082095211,0.08588192353333873,0.00010418192659677877,0.7947362247786857,0.0,0.0,0.11579940938440704,0.0894643658369073,0.0
2021-11-05,1233231600.7069,791020.9768995834,1745609.18,1230694970.5500002,0.9979431031807443,Bull,1.0,0.0,0.0,0.0,0.7914993582636783,0.0,0.0,0.11955150996413735,0.08678621269407209,0.000106022258856368,0.7947362247786857,0.0,0.0,0.11579940938440704,0.0894643658369073,0.0
2021-11-08,1235230649.1568997,791020.9768995834,1745609.18,1232694019.0,0.9979464319812409,Bull,1.0,0.0,0.0,0.0,0.7905630577305736,0.0,0.0,0.11994002909587896,0.0873359158256257,0.00010742932916259299,0.7960521685840143,0.0,0.0,0.10407137560981033,0.0998764558061754,0.0
2021-11-09,1240711397.64013,1060419.4601299602,1745609.18,1237905369.0,0.9977383711913446,Bull,1.0,0.0,0.0,0.0,0.792533759962451,0.0,0.0,0.10779614038718825,0.09729950110042848,0.00010896974127678235,0.7970391264380108,0.0,0.0,0.09387895027326817,0.10908192328872113,0.0
2021-11-10,1246633669.7401302,1060419.4601299602,1745609.18,1243827641.1000001,0.9977491153109037,Bull,1.0,0.0,0.0,0.0,0.7931536465769585,0.0,0.0,0.10778755881670574,0.0966996182809095,0.00010829163632981429,0.7970391264380108,0.0,0.0,0.09387895027326817,0.10908192328872113,0.0
2021-11-11,1245554699.59013,1060419.4601299602,1745609.18,1242748670.95,0.9977471654668773,Bull,1.0,0.0,0.0,0.0,0.7932433005753392,0.0,0.0,0.10847448132503569,0.09592232283280347,0.00010706073369871349,0.7970391264380108,0.0,0.0,0.09387895027326817,0.10908192328872113,0.0
2021-11-12,1255977688.59013,1060419.4601299602,1745609.18,1253171659.95,0.9977658610772936,Bull,1.0,0.0,0.0,0.0,0.7946680653781187,0.0,0.0,0.10755708578839605,0.09543370164047188,0.00010700827030682985,0.7970391264380108,0.0,0.0,0.09387895027326817,0.10908192328872113,0.0
2021-11-15,1262378762.64013,1060419.4601299602,1745609.18,1259572734.0,0.9977771896017471,Bull,1.0,0.0,0.0,0.0,0.7945181063584822,0.0,0.0,0.10735145743150669,0.09579937779298281,0.00010824801877545147,0.7970391264380108,0.0,0.0,0.09387895027326817,0.10908192328872113,0.0
2021-11-16,1265230440.19013,1060419.4601299602,1745609.18,1262424411.55,0.9977821995495869,Bull,1.0,0.0,0.0,0.0,0.7938905274829283,0.0,0.0,0.10803059716098844,0.0957529918279507,0.0001080830777193838,0.7970391264380108,0.0,0.0,0.09387895027326817,0.10908192328872113,0.0
2021-11-17,1273507194.89013,1060419.4601299602,1745609.18,1270701166.25,0.9977966134377654,Bull,1.0,0.0,0.0,0.0,0.7944928150463185,0.0,0.0,0.1077616997773144,0.09543385423156978,0.00010824438256267002,0.7970391264380108,0.0,0.0,0.09387895027326817,0.10908192328872113,0.0
2021-11-18,1283155334.64013,1060419.4601299602,1745609.18,1280349306.0,0.9978131808640947,Bull,1.0,0.0,0.0,0.0,0.794976514894113,0.0,0.0,0.10747646545745575,0.09525121136972714,0.00010898914279869469,0.7970391264380108,0.0,0.0,0.09387895027326817,0.10908192328872113,0.0
2021-11-19,1271301395.64013,1060419.4601299602,1745609.18,1268495367.0,0.9977927904037915,Bull,1.0,0.0,0.0,0.0,0.7946386045547664,0.0,0.0,0.10666880447473913,0.09637557263775921,0.00010980873652679987,0.7970391264380108,0.0,0.0,0.09387895027326817,0.10908192328872113,0.0
2021-11-22,1267590432.64013,1060419.4601299602,1745609.18,1264784404.0,0.9977863286374877,Bull,1.0,0.0,0.0,0.0,0.794847158874101,0.0,0.0,0.1064082660509423,0.09642081294778827,0.00011009076465601438,0.7970391264380108,0.0,0.0,0.09387895027326817,0.10908192328872113,0.0
2021-11-23,1261376633.7901301,1060419.4601299602,1745609.18,1258570605.15,0.9977754236403614,Bull,1.0,0.0,0.0,0.0,0.7938592077301847,0.0,0.0,0.10783036276112781,0.09597751913021625,0.00010833401883258291,0.7970391264380108,0.0,0.0,0.09387895027326817,0.10908192328872113,0.0
2021-11-24,1266209735.74013,1060419.4601299602,1745609.18,1263403707.1,0.9977839148121146,Bull,1.0,0.0,0.0,0.0,0.7950424236088859,0.0,0.0,0.10742920083495364,0.09520460678620214,0.00010768358207283895,0.7970391264380108,0.0,0.0,0.09387895027326817,0.10908192328872113,0.0
2021-11-25,1270960137.69013,1060419.4601299602,1745609.18,1268154109.05,0.997792197759066,Bull,1.0,0.0,0.0,0.0,0.795947039604668,0.0,0.0,0.10692286561164532,0.09481501144403344,0.0001072810987194338,0.7970391264380108,0.0,0.0,0.09387895027326817,0.10908192328872113,0.0
2021-11-26,1253696423.49013,1060419.4601299602,1745609.18,1250890394.85,0.9977617957684537,Bull,1.0,0.0,0.0,0.0,0.7952031497981287,0.0,0.0,0.10790730312796896,0.09454657266231978,0.00010477018003635877,0.7970391264380108,0.0,0.0,0.09387895027326817,0.10908192328872113,0.0
2021-11-29,1249548868.7901301,1060419.4601299602,1745609.18,1246742840.15,0.9977543666276558,Bull,1.0,0.0,0.0,0.0,0.7950604934018466,0.0,0.0,0.10772855977240613,0.09486039558802428,0.00010491786537883626,0.7970391264380108,0.0,0.0,0.09387895027326817,0.10908192328872113,0.0
2021-11-30,1246428518.34013,1060419.4601299602,1745609.18,1243622489.7,0.9977487448346682,Bull,1.0,0.0,0.0,0.0,0.7953049654384535,0.0,0.0,0.10734350027402795,0.09499461722656884,0.00010566189561787707,0.7970391264380108,0.0,0.0,0.09387895027326817,0.10908192328872113,0.0
2021-12-01,1262119150.2401302,1060419.4601299602,1745609.18,1259313121.6000001,0.9977767323793509,Bull,1.0,0.0,0.0,0.0,0.7951437242744174,0.0,0.0,0.10714852078289946,0.09537720743489002,0.00010727988714396644,0.7970391264380108,0.0,0.0,0.09387895027326817,0.10908192328872113,0.0
2021-12-02,1265702393.09013,1060419.4601299602,1745609.18,1262896364.45,0.9977830265191493,Bull,1.0,0.0,0.0,0.0,0.7937802124219073,0.0,0.0,0.10777035798042191,0.09612401830335826,0.0001084378134617515,0.7970391264380108,0.0,0.0,0.09387895027326817,0.10908192328872113,0.0
2021-12-03,1267808405.6901302,1060419.4601299602,1745609.18,1265002377.0500002,0.9977867092318239,Bull,1.0,0.0,0.0,0.0,0.7946773128559352,0.0,0.0,0.10707035810044777,0.09593050452587547,0.00010853374956533561,0.7970391264380108,0.0,0.0,0.09387895027326817,0.10908192328872113,0.0
2021-12-06,1273774516.74013,1060419.4601299602,1745609.18,1270968488.1,0.9977970758534946,Bull,1.0,0.0,0.0,0.0,0.7955787894811113,0.0,0.0,0.10689898267746539,0.09521174933722017,0.00010755435769794895,0.7970391264380108,0.0,0.0,0.09387895027326817,0.10908192328872113,0.0
2021-12-07,1281257246.2401302,1060419.4601299602,1745609.18,1278451217.6000001,0.9978099412523407,Bull,1.0,0.0,0.0,0.0,0.7962449934185953,0.0,0.0,0.10650008060475477,0.09495704344855503,0.00010782378043550847,0.7970391264380108,0.0,0.0,0.09387895027326817,0.10908192328872113,0.0
2021-12-08,1288767192.3401299,1060419.4601299602,1745609.18,1285961163.6999998,0.9978227032339061,Bull,1.0,0.0,0.0,0.0,0.7972126151306032,0.0,0.0,0.10573174178384694,0.0947698705599622,0.00010847575949396465,0.7970391264380108,0.0,0.0,0.09387895027326817,0.10908192328872113,0.0
2021-12-09,1297579213.24013,1060419.4601299602,1745609.18,1294773184.6,0.9978374895254963,Bull,1.0,0.0,0.0,0.0,0.7983605347786114,0.0,0.0,0.10547433143464857,0.09389484569174664,0.00010777762048976301,0.7970391264380108,0.0,0.0,0.09387895027326817,0.10908192328872113,0.0
2021-12-10,1297868417.0439363,392344.16393621266,1745609.18,1295730463.7,0.9983527194930857,Bull,1.0,0.0,0.0,0.0,0.8072608131464625,0.0,0.0,0.0971437461180873,0.09384086892059487,0.00010729130794103145,0.7970391264380108,0.0,0.0,0.09387895027326817,0.10908192328872113,0.0
2021-12-13,1295802333.676183,954637.1461829627,1745609.18,1293102087.35,0.997916158772054,Bull,1.0,0.0,0.0,0.0,0.8036334402915424,0.0,0.0,0.10048330413991846,0.09369253075472485,0.00010688358586843749,0.7970391264380108,0.0,0.0,0.09387895027326817,0.10908192328872113,0.0
2021-12-14,1287279649.6654794,81782.2354793388,1745609.18,1285452258.25,0.9985804239071484,Bull,1.0,0.0,0.0,0.0,0.8018080286736617,0.0,0.0,0.10328758015754527,0.09337970970894897,0.00010510536699244792,0.7970391264380108,0.0,0.0,0.09387895027326817,0.10908192328872113,0.0
2021-12-15,1283429348.6258886,844163.9458884664,1745609.18,1280839575.5,0.9979821459368516,Bull,1.0,0.0,0.0,0.0,0.8020982819211454,0.0,0.0,0.10198449968448833,0.09379355406581812,0.00010581026539980178,0.7970391264380108,0.0,0.0,0.09387895027326817,0.10908192328872113,0.0
2021-12-16,1290860930.8948874,12384757.264887342,1745609.18,1276730564.45,0.9890535331059315,Bull,1.0,0.0,0.0,0.0,0.7979119902063799,0.0,0.0,0.09661699181920291,0.09441675480526601,0.00010779627508250209,0.7970391264380108,0.0,0.0,0.09387895027326817,0.10908192328872113,0.0
2021-12-17,1300188232.0948875,12384757.264887342,1745609.18,1286057865.65,0.989132060961573,Bull,1.0,0.0,0.0,0.0,0.7990607359797878,0.0,0.0,0.09632412977481868,0.09364044143349445,0.00010675377347198633,0.7970391264380108,0.0,0.0,0.09387895027326817,0.10908192328872113,0.0
2021-12-20,1290220644.3963313,939295.5663312133,1745609.18,1287535739.65,0.9979190344240791,Bull,1.0,0.0,0.0,0.0,0.797000531743254,0.0,0.0,0.09594289204535068,0.10486989228366181,0.00010571835181246759,0.7970391264380108,0.0,0.0,0.09387895027326817,0.10908192328872113,0.0
2021-12-21,1296628496.7463312,939295.5663312133,1745609.18,1293943592.0,0.9979293184184456,Bull,1.0,0.0,0.0,0.0,0.7966903739908282,0.0,0.0,0.09588945508446908,0.10524194119011145,0.00010754815303683828,0.7970391264380108,0.0,0.0,0.09387895027326817,0.10908192328872113,0.0
2021-12-22,1294753610.8963313,939295.5663312133,1745609.18,1292068706.15,0.9979263199393802,Bull,1.0,0.0,0.0,0.0,0.7963957755917479,0.0,0.0,0.09602830913437409,0.10539433823670262,0.0001078969765554765,0.7970391264380108,0.0,0.0,0.09387895027326817,0.10908192328872113,0.0
2021-12-23,1297732297.1463313,939295.5663312133,1745609.18,1295047392.4,0.997931079659314,Bull,1.0,0.0,0.0,0.0,0.7962453771646283,0.0,0.0,0.09583139779557853,0.10574546098741822,0.00010884371168892374,0.7970391264380108,0.0,0.0,0.09387895027326817,0.10908192328872113,0.0
2021-12-24,1299239636.4963312,939295.5663312133,1745609.18,1296554731.75,0.9979334799594234,Bull,1.0,0.0,0.0,0.0,0.7961852476572908,0.0,0.0,0.09572021704584993,0.10591895146541629,0.00010906379086626651,0.7970391264380108,0.0,0.0,0.09387895027326817,0.10908192328872113,0.0
2021-12-27,1300952051.0463312,939295.5663312133,1745609.18,1298267146.3,0.9979362000742673,Bull,1.0,0.0,0.0,0.0,0.7952662401876288,0.0,0.0,0.09596664219837088,0.1065929369867771,0.00011038070149050092,0.797779344828508,0.0,0.0,0.0836709096204668,0.11854974555102515,0.0
2021-12-28,1311019610.5463312,939295.5663312133,1745609.18,1308334705.8,0.997952048371563,Bull,1.0,0.0,0.0,0.0,0.7959232244933104,0.0,0.0,0.09529948979781845,0.10661823734410131,0.00011109673633280313,0.797779344828508,0.0,0.0,0.0836709096204668,0.11854974555102515,0.0
2021-12-29,1317644577.4463313,939295.5663312133,1745609.18,1314959672.7,0.9979623452391579,Bull,1.0,0.0,0.0,0.0,0.7960599092153313,0.0,0.0,0.09523433112986883,0.10655673191636442,0.0001113729775934036,0.797779344828508,0.0,0.0,0.0836709096204668,0.11854974555102515,0.0
2021-12-30,1315077739.6463313,939295.5663312133,1745609.18,1312392834.9,0.9979583680375783,Bull,1.0,0.0,0.0,0.0,0.7959916006041721,0.0,0.0,0.09542021449906615,0.10643553288160966,0.00011102005273031564,0.797779344828508,0.0,0.0,0.0836709096204668,0.11854974555102515,0.0
2022-01-03,1310083252.9963312,939295.5663312133,1745609.18,1307398348.25,0.9979505846363653,Bull,1.0,0.0,0.0,0.0,0.7953620473102239,0.0,0.0,0.09497449854077972,0.10750217566546849,0.00011186311989319842,0.797779344828508,0.0,0.0,0.0836709096204668,0.11854974555102515,0.0
2022-01-04,1315599755.3463311,939295.5663312133,1745609.18,1312914850.6,0.9979591781349758,Bull,1.0,0.0,0.0,0.0,0.7939230349925382,0.0,0.0,0.09452988988072696,0.10939132469062704,0.00011492857108368545,0.7983345086213811,0.0,0.0,0.07246804464158665,0.12919744673703235,0.0
2022-01-05,1320159605.749698,10882481.01969784,1745609.18,1307531515.55,0.9904344216072823,Bull,1.0,0.0,0.0,0.0,0.798230691925745,0.0,0.0,0.08329492852309624,0.10879487553964107,0.00011392561880015272,0.7983345086213811,0.0,0.0,0.07246804464158665,0.12919744673703235,0.0
2022-01-06,1326212478.7936568,2394651.7136567105,1745609.18,1322072217.9,0.9968781315514217,Bull,1.0,0.0,0.0,0.0,0.8002568101797567,0.0,0.0,0.07762858640392731,0.11888095046685974,0.00011178450087790644,0.7983345086213811,0.0,0.0,0.07246804464158665,0.12919744673703235,0.0
2022-01-07,1334976526.8936567,2394651.7136567105,1745609.18,1330836266.0,0.9968986264475446,Bull,1.0,0.0,0.0,0.0,0.8026491810259045,0.0,0.0,0.07707820918726667,0.11706243282317189,0.00010880341120152932,0.7983345086213811,0.0,0.0,0.07246804464158665,0.12919744673703235,0.0
2022-01-10,1348899230.1936567,2394651.7136567105,1745609.18,1344758969.3,0.9969306373663936,Bull,1.0,0.0,0.0,0.0,0.8032486749543518,0.0,0.0,0.07696824023325641,0.11660492976737682,0.00010879241140862066,0.7983345086213811,0.0,0.0,0.07246804464158665,0.12919744673703235,0.0
2022-01-11,1368229523.8436568,2394651.7136567105,1745609.18,1364089262.95,0.9969740012026448,Bull,1.0,0.0,0.0,0.0,0.8054339522320703,0.0,0.0,0.0758907757729872,0.11554187162684278,0.0001074015707446403,0.7983345086213811,0.0,0.0,0.07246804464158665,0.12919744673703235,0.0
2022-01-12,1375990372.6936567,2394651.7136567105,1745609.18,1371850111.8,0.9969910684145619,Bull,1.0,0.0,0.0,0.0,0.8052946690541247,0.0,0.0,0.07572959961631887,0.11585858677769434,0.00010821296642396662,0.7983345086213811,0.0,0.0,0.07246804464158665,0.12919744673703235,0.0
2022-01-13,1390301361.6936567,2394651.7136567105,1745609.18,1386161100.8,0.9970220406828826,Bull,1.0,0.0,0.0,0.0,0.8063903134168348,0.0,0.0,0.07528267099767276,0.11524105810039717,0.00010799816797783193,0.7983345086213811,0.0,0.0,0.07246804464158665,0.12919744673703235,0.0
2022-01-14,1381646203.4936566,2394651.7136567105,1745609.18,1377505942.6,0.9970033856111734,Bull,1.0,0.0,0.0,0.0,0.80520757758888,0.0,0.0,0.07572474033905624,0.11596297199302194,0.00010809569021530315,0.7983345086213811,0.0,0.0,0.07246804464158665,0.12919744673703235,0.0
2022-01-17,1376593749.5936568,2394651.7136567105,1745609.18,1372453488.7,0.9969923872639412,Bull,1.0,0.0,0.0,0.0,0.803490455355106,0.0,0.0,0.07568652700243242,0.11770502375724766,0.00011038114915519022,0.7983345086213811,0.0,0.0,0.07246804464158665,0.12919744673703235,0.0
2022-01-18,1378321033.8936567,2394651.7136567105,1745609.18,1374180773.0,0.9969961563439537,Bull,1.0,0.0,0.0,0.0,0.8047275966373865,0.0,0.0,0.07591729170990312,0.11624273014784568,0.0001085378488184214,0.7983345086213811,0.0,0.0,0.07246804464158665,0.12919744673703235,0.0
2022-01-19,1371950751.1436567,2394651.7136567105,1745609.18,1367810490.25,0.9969822088072728,Bull,1.0,0.0,0.0,0.0,0.8054696856492984,0.0,0.0,0.07602197084192487,0.11538387939074377,0.00010667292530581203,0.7983345086213811,0.0,0.0,0.07246804464158665,0.12919744673703235,0.0
2022-01-20,1369031960.4936566,2394651.7136567105,1745609.18,1364891699.6,0.9969757748444646,Bull,1.0,0.0,0.0,0.0,0.8048750002904739,0.0,0.0,0.07589596371624038,0.11609707047502961,0.00010774036272083324,0.7983345086213811,0.0,0.0,0.07246804464158665,0.12919744673703235,0.0
2022-01-21,1352406097.8436568,2394651.7136567105,5156809.18,1344854636.95,0.9944162771036769,Bull,1.0,0.0,0.0,0.0,0.8047407422114535,0.0,0.0,0.07713067854864025,0.11244026497844087,0.00010459136514212327,0.7983345086213811,0.0,0.0,0.07246804464158665,0.12919744673703235,0.0
2022-01-24,1350496931.8185363,11839159.338536212,5156809.18,1333500963.3,0.9874150261891746,Bull,1.0,0.0,0.0,0.0,0.7986941975851405,0.0,0.0,0.07495004069627957,0.11366482691174751,0.0001059609960070817,0.7983345086213811,0.0,0.0,0.07246804464158665,0.12919744673703235,0.0
2022-01-25,1343061376.2932994,13725213.31329946,5156809.18,1324179353.8,0.9859410576265608,Bull,1.0,0.0,0.0,0.0,0.7992265452249795,0.0,0.0,0.07418276019147634,0.1124288901946836,0.00010286201542127486,0.7983345086213811,0.0,0.0,0.07246804464158665,0.12919744673703235,0.0
2022-01-26,1349794500.3595095,707703.0795095861,5156809.18,1343929988.1,0.9956552554792988,Bull,1.0,0.0,0.0,0.0,0.7993787852985145,0.0,0.0,0.07337413211686765,0.12280021140688613,0.00010212665703059577,0.7983345086213811,0.0,0.0,0.07246804464158665,0.12919744673703235,0.0
2022-02-07,1375510210.1595097,707703.0795095861,5156809.18,1369645697.9,0.995736482204062,Bull,1.0,0.0,0.0,0.0,0.8018791062060474,0.0,0.0,0.0726116020530431,0.12114290302554463,0.00010287091942675664,0.7983345086213811,0.0,0.0,0.07246804464158665,0.12919744673703235,0.0
2022-02-08,1402021045.3095095,707703.0795095861,5156809.18,1396156533.05,0.9958171011204651,Bull,1.0,0.0,0.0,0.0,0.8053991320798763,0.0,0.0,0.07096270083309368,0.1193533439172156,0.00010192429027943262,0.7983345086213811,0.0,0.0,0.07246804464158665,0.12919744673703235,0.0
2022-02-09,1410363388.6095097,707703.0795095861,5156809.18,1404498876.3500001,0.9958418430974081,Bull,1.0,0.0,0.0,0.0,0.8058262753619078,0.0,0.0,0.07084982551802908,0.11906250641230504,0.00010323580516617663,0.7983345086213811,0.0,0.0,0.07246804464158665,0.12919744673703235,0.0
2022-02-10,1414163900.0595095,707703.0795095861,5156809.18,1408299387.8,0.9958530179852118,Bull,1.0,0.0,0.0,0.0,0.8043874813606339,0.0,0.0,0.07125199561080567,0.12010881482185508,0.00010472619191719417,0.7987508814660358,0.0,0.0,0.08413582301770797,0.11711329551625627,0.0
2022-02-11,1414668485.5095096,707703.0795095861,5156809.18,1408803973.25,0.9958544971351381,Bull,1.0,0.0,0.0,0.0,0.8045274104201774,0.0,0.0,0.07123958795456078,0.11998319870599748,0.00010430005440239811,0.7987508814660358,0.0,0.0,0.08413582301770797,0.11711329551625627,0.0
2022-02-14,1400021466.1095095,707703.0795095861,5156809.18,1394156953.85,0.9958111268994994,Bull,0.9999999999999998,0.0,0.0,0.0,0.8040714954023044,0.0,0.0,0.07228089172175918,0.11935652705694252,0.00010221271849327969,0.7990631610995267,0.0,0.0,0.09662504530644417,0.10431179359402896,0.0
2022-02-15,1393914491.6966636,6093459.716663718,5156809.18,1382664222.8,0.991929010736541,Bull,1.0,0.0,0.0,0.0,0.8000867552804634,0.0,0.0,0.07261076673132508,0.1191295814694323,0.00010190725532030137,0.7992973708246451,0.0,0.0,0.1065465879880681,0.09415604118728679,0.0
2022-02-16,1401420558.8540895,2876436.7240894753,5156809.18,1393387312.95,0.9942677836047603,Bull,1.0,0.0,0.0,0.0,0.7981158160435218,0.0,0.0,0.0728132603416618,0.1232338136534938,0.00010489356608283144,0.7992973708246451,0.0,0.0,0.1065465879880681,0.09415604118728679,0.0
2022-02-17,1407194069.5643966,4639303.384396606,5156809.18,1397397957.0,0.9930385489988391,Bull,1.0,0.0,0.0,0.0,0.7994532035998734,0.0,0.0,0.07898505430342395,0.11449557917045135,0.00010471192509048369,0.7994730281184839,0.0,0.0,0.11730599352801226,0.0832209783535039,0.0
2022-02-18,1399929965.1433942,781878.8633941188,5156809.18,1393991277.1000001,0.9957578677567732,Bull,1.0,0.0,0.0,0.0,0.7984889994018389,0.0,0.0,0.07971627351270329,0.11744737529291954,0.00010521954931146297,0.7994730281184839,0.0,0.0,0.11730599352801226,0.0832209783535039,0.0
2022-02-21,1399058772.8134484,2704861.3334483798,5156809.18,1391197102.3,0.9943807432066353,Bull,1.0,0.0,0.0,0.0,0.7984474090774681,0.0,0.0,0.08071090521302692,0.11511739401492273,0.00010503490121754479,0.7994730281184839,0.0,0.0,0.11730599352801226,0.0832209783535039,0.0
2022-02-22,1386940289.7757876,449402.3457875062,5156809.18,1381334078.25,0.9959578566091739,Bull,1.0,0.0,0.0,0.0,0.7988510654839455,0.0,0.0,0.10618387906505171,0.09082063656854551,0.00010227549163124494,0.799604771088863,0.0,0.0,0.12924343953067374,0.07115178938046339,0.0
2022-02-23,1393364310.041617,52445.86161688418,5156809.18,1388155055.0,0.9962613833266181,Bull,0.9999999999999999,0.0,0.0,0.0,0.7982196737669996,0.0,0.0,0.12198281438321285,0.0759557276135765,0.00010316756282906835,0.7997035783166471,0.0,0.0,0.14693257964800527,0.053363842035347525,0.0
2022-02-24,1372221455.0986621,998580.7186621324,5156809.18,1366066065.2,0.9955142882544279,Bull,0.5,0.0,0.0,0.0,0.7988756560588693,0.0,0.0,0.13797372085716822,0.05856576553397628,9.914580441406818e-05,0.3998888418687427,0.0,0.0,0.08009971736800198,0.020011440763255325,0.0
2022-02-25,1363996987.8772466,3058326.89724664,5156809.18,1355781851.8,0.9939771596636502,Bull,0.5,0.0,0.0,0.0,0.6380365275984914,0.0,0.0,0.31258463456252944,0.04325596062482641,0.00010003687780304678,0.3998888418687427,0.0,0.0,0.08009971736800198,0.020011440763255325,0.0
2022-03-01,1376739127.025865,2966864.7958650235,5156809.18,1368615453.05,0.994099336746959,Bull,0.5,0.0,0.0,0.0,0.5444078608190227,0.0,0.0,0.4155153207825208,0.03407348500462766,0.00010267014078793188,0.39991663140155703,0.0,0.0,0.08507478802600149,0.015008580572441496,0.0
2022-03-02,1387050670.9084783,10504025.12847818,5156809.18,1371389836.6,0.9887092558066238,Bull,0.5,0.0,0.0,0.0,0.486961616303178,0.0,0.0,0.4755699368704065,0.026076444616338432,0.00010125801670101157,0.39991663140155703,0.0,0.0,0.08507478802600149,0.015008580572441496,0.0
2022-03-03,1386287213.7216644,286568952.2416644,5156809.18,1094561452.3,0.7895632603878027,Bull,0.5,0.0,0.0,0.0,0.4505120916634188,0.0,0.0,0.3172445764823309,0.02170491778483737,0.00010167445721554467,0.39991663140155703,0.0,0.0,0.08507478802600149,0.015008580572441496,0.0
2022-03-04,1382341024.6185567,564403308.7385569,1745609.18,816192106.6999999,0.5904419330426948,Bull,0.5,3411200.0,0.0,0.0,0.41538675802408925,0.0,0.0,0.15792882950879714,0.017026551032509985,9.979447729844083e-05,0.39991663140155703,0.0,0.0,0.08507478802600149,0.015008580572441496,0.0
2022-03-07,1365726899.6156466,656252208.6356465,1745609.18,707729081.8000001,0.5182068845529619,Bear,0.5,0.0,0.0,0.0,0.39981392469729476,0.0,0.0,0.10309074240217665,0.015208018532728068,9.419892076242012e-05,0.384825472167344,0.0,0.0,0.10391809240332493,0.011256435429331121,0.0
2022-03-08,1360436837.5156465,656252208.6356465,1745609.18,702439019.6999999,0.5163334307991503,Bear,0.5,0.0,0.0,0.0,0.3965364321397946,0.0,0.0,0.10476414344988715,0.014942443073742631,9.041213572591559e-05,0.3728851823149397,0.0,0.0,0.11867249111306198,0.008442326571998343,0.0
2022-03-09,1361261864.9094737,672760745.1294737,1745609.18,686755510.6,0.5044991917449112,Bear,0.5,0.0,0.0,0.0,0.3786900771177348,0.0,0.0,0.1154959997431908,0.010220296592915432,9.281829107025083e-05,0.36413038539130543,0.0,0.0,0.12953786967969583,0.006331744928998757,0.0
2022-03-10,1376194921.6094737,672760745.1294737,1745609.18,701688567.3,0.5098758586315434,Bear,0.5,0.0,0.0,0.0,0.3848967242812659,0.0,0.0,0.11447927726382584,0.010403141135891142,9.671595056050506e-05,0.35758736072861014,0.0,0.0,0.13766383057464082,0.0047488086967490675,0.0
2022-03-11,1373731044.272174,678488396.8921738,1745609.18,693497038.2,0.5048273758473781,Bear,0.5,0.0,0.0,0.0,0.3669639266739334,0.0,0.0,0.13160531004508658,0.006163651928304544,9.44872000536104e-05,0.3527468965601471,0.0,0.0,0.1436914969172911,0.0035616065225618004,0.0
2022-03-14,1376670979.6221738,678488396.8921738,1745609.18,696436973.55,0.5058848365795701,Bear,0.5,0.0,0.0,0.0,0.3682577980173138,0.0,0.0,0.1313820097011412,0.0061504892057242435,9.453965539080337e-05,0.3527468965601471,0.0,0.0,0.1436914969172911,0.0035616065225618004,0.0
2022-03-15,1379603016.0990293,684440535.7190293,1745609.18,693416871.2,0.5026205822314801,Bear,0.5,0.0,0.0,0.0,0.3568812299295947,0.0,0.0,0.14145011117168527,0.004198744082467417,9.049704773263422e-05,0.3527468965601471,0.0,0.0,0.1436914969172911,0.0035616065225618004,0.0
2022-03-16,1389559581.0990293,684440535.7190293,1745609.18,703373436.2,0.5061844384129888,Bear,0.5,0.0,0.0,0.0,0.3597907876714285,0.0,0.0,0.1421169719428722,0.004186074551333294,9.060424735470737e-05,0.3527468965601471,0.0,0.0,0.1436914969172911,0.0035616065225618004,0.0
2022-03-17,1391622020.0990293,684440535.7190293,1745609.18,705435875.2,0.5069162926509315,Bear,0.5,0.0,0.0,0.0,0.3628387722436789,0.0,0.0,0.13966867237855918,0.0043126653023016406,9.618272639180795e-05,0.3527468965601471,0.0,0.0,0.1436914969172911,0.0035616065225618004,0.0
2022-03-18,1397474131.7990294,684440535.7190293,1745609.18,711287986.9,0.5089811472820094,Bear,0.5,0.0,0.0,0.0,0.3665358987651465,0.0,0.0,0.13806502432472004,0.004285159820662206,9.506437148069168e-05,0.3527468965601471,0.0,0.0,0.1436914969172911,0.0035616065225618004,0.0
2022-03-21,1395326708.9490292,684440535.7190293,1745609.18,709140564.05,0.50822546397333,Bull,0.5,0.0,0.0,0.0,0.36514030067822023,0.0,0.0,0.1386685990879775,0.004320135177904203,9.642902922810393e-05,0.36456017242011035,0.0,0.0,0.13276862268796835,0.0026712048919213505,0.0
2022-03-22,1397444275.8490293,684440535.7190293,1745609.18,711258130.95,0.5089706568212669,Bull,0.5,0.0,0.0,0.0,0.3664987504699118,0.0,0.0,0.13806797403980653,0.004307291606560114,9.664070498836113e-05,0.3734201293150827,0.0,0.0,0.12457646701597626,0.0020034036689410128,0.0
2022-03-23,1406631472.3990295,684440535.7190293,1745609.18,720445327.5,0.5121777392562321,Bull,0.5,0.0,0.0,0.0,0.3709672630955986,0.0,0.0,0.1367927589959509,0.004319823720165037,9.789344451759688e-05,0.3800650969863121,0.0,0.0,0.1184323502619822,0.0015025527517057596,0.0
2022-03-24,1409385171.5490606,696974693.5690606,1745609.18,710664868.8,0.504237509480042,Bull,0.5,0.0,0.0,0.0,0.37748195421643155,0.0,0.0,0.12440602011392496,0.0022520458310991342,9.748931858633303e-05,0.3800650969863121,0.0,0.0,0.1184323502619822,0.0015025527517057596,0.0
2022-03-25,1408405482.0490606,696974693.5690606,1745609.18,709685179.3,0.5038926561599955,Bull,0.5,0.0,0.0,0.0,0.37706241992709105,0.0,0.0,0.12447622665096465,0.0022568784632785717,9.713111866120576e-05,0.3800650969863121,0.0,0.0,0.1184323502619822,0.0015025527517057596,0.0
2022-03-28,1409471672.5490606,696974693.5690606,1745609.18,710751369.8,0.5042679350302872,Bull,1.0000000000000002,0.0,0.0,0.0,0.37791278829795666,0.0,0.0,0.12402916880467851,0.0022306939977827477,9.52839298693499e-05,0.6841171745753618,0.0,0.0,0.21317823047156798,0.0027045949530703673,0.1
2022-03-29,1404836297.7533424,415049882.17334247,1745609.18,988040806.4,0.70331383662289,Bull,1.0000000000000002,0.0,0.0,0.0,0.5000638206198631,0.0,0.0,0.16015204074653167,0.0023379236465149097,0.040760051609980384,0.6841171745753618,0.0,0.0,0.21317823047156798,0.0027045949530703673,0.1
2022-03-30,1416948629.222156,132307664.34215626,1745609.18,1282895355.6999998,0.9053929897262785,Bull,1.0,0.0,0.0,0.0,0.6263529865491346,0.0,0.0,0.1948151078360094,0.0025422940011435055,0.08168260133999092,0.6930878809315213,0.0,0.0,0.19159765053738517,0.015314468531093585,0.1
2022-03-31,1432523324.944114,31325807.664113753,1745609.18,1399451908.1000001,0.976913871998975,Bull,0.9999999999999999,0.0,0.0,0.0,0.6814046871719042,0.0,0.0,0.1899630499982374,0.011857607973442718,0.09368852685539054,0.6998159106986408,0.0,0.0,0.17422967016458304,0.02595441913677599,0.1
2022-04-01,1433003969.4368107,6800326.956810754,1745609.18,1424458033.3,0.9940363485942265,Bull,1.0000000000000002,0.0,0.0,0.0,0.6968532918247674,0.0,0.0,0.17785603210866652,0.02217188554787253,0.09715513911292006,0.7048619330239808,0.0,0.0,0.16086916004353125,0.03426890693248807,0.1
2022-04-06,1468767088.1159837,574248.8859837535,1745609.18,1466447230.05,0.9984205405440018,Bull,1.0,0.0,0.0,0.0,0.7098539574354,0.0,0.0,0.16229625645123136,0.030241350285820468,0.09602897637154993,0.7086464497679855,0.0,0.0,0.14926270920602872,0.042090841025985724,0.1
2022-04-07,1441432907.7659838,574248.8859837535,1745609.18,1439113049.7,0.9983905889386283,Bear,1.0,0.0,0.0,0.0,0.7086974663865845,0.0,0.0,0.16537391280281508,0.030260721650654517,0.0940584880985742,0.6988480187646676,0.0,0.0,0.16958385046584312,0.03156813076948929,0.1
2022-04-08,1462039131.865984,574248.8859837535,1745609.18,1459719273.8000002,0.9984132722473557,Bear,1.0,0.0,0.0,0.0,0.7099125469202145,0.0,0.0,0.16436468406512358,0.030001454163554275,0.0941345870984632,0.6915456254986151,0.0,0.0,0.18477827642426803,0.023676098077116976,0.1
2022-04-11,1459999899.3151188,6228984.135118631,1745609.18,1452025306.0,0.99453794940749,Bear,1.0,0.0,0.0,0.0,0.6986838536622608,0.0,0.0,0.17559809430142004,0.02494777569305742,0.09530822575075164,0.6838869163707622,0.0,0.0,0.1983560100714002,0.017757073557837733,0.1
2022-04-12,1452120795.4340382,1123501.5540381363,1745609.18,1449251684.7,0.9980241927923217,Bear,0.55,0.0,0.0,0.0,0.685487314712322,0.0,0.0,0.1931963930839138,0.01971654155083033,0.09962394344525546,0.3388486733628051,0.0,0.0,0.10449242405300577,0.00665890258418915,0.1
2022-04-13,1460066633.538871,281621448.20887095,1745609.18,1176699576.15,0.8059218320043016,Bear,0.55,0.0,0.0,0.0,0.5311630019722338,0.0,0.0,0.1581170302073435,0.014151854117725033,0.10248994570699921,0.3388486733628051,0.0,0.0,0.10449242405300577,0.00665890258418915,0.1
2022-04-14,1440790019.76865,526946648.1886501,1745609.18,912097762.4,0.6330539147865953,Bear,0.55,0.0,0.0,0.0,0.40365615698350393,0.0,0.0,0.1189055987683124,0.008684922735659467,0.10180723629911949,0.3388486733628051,0.0,0.0,0.10449242405300577,0.00665890258418915,0.1
2022-04-15,1432370906.1907613,615095162.1607614,1745609.18,815530134.85,0.5693568134658753,Bear,0.55,0.0,0.0,0.0,0.3543347485322399,0.0,0.0,0.11030243585452898,0.0071093666842768225,0.09761026239482955,0.33593464266572587,0.0,0.0,0.10907118039613228,0.004994176938141862,0.1
2022-04-18,1420226235.8539999,635493567.1239998,1745609.18,782987059.5500001,0.5513115021982256,Bear,0.55,0.0,0.0,0.0,0.3346466552663082,0.0,0.0,0.11207404565673917,0.005557565267236344,0.09903323600794181,0.32996538585802926,0.0,0.0,0.11628898143836437,0.0037456327036063967,0.1
2022-04-19,1421413282.3539999,635493567.1239998,1745609.18,784174106.05,0.5516862096232354,Bear,0.55,0.0,0.0,0.0,0.33458756292355796,0.0,0.0,0.11106973739442047,0.005571919228785947,0.10045699007647112,0.32438193026127643,0.0,0.0,0.12280884521101884,0.002809224527704798,0.1
2022-04-20,1431958611.1039999,635493567.1239998,1745609.18,794719434.8,0.5549877130787276,Bear,0.55,0.0,0.0,0.0,0.3360330606406421,0.0,0.0,0.11265618904699179,0.00555812153946533,0.10074034185162843,0.3200546653697888,0.0,0.0,0.1278384162344326,0.0021069183957785984,0.1
2022-04-21,1424358493.8803449,640764774.4003448,1745609.18,781848110.3,0.5489124498215546,Bear,0.55,0.0,0.0,0.0,0.3207360452181063,0.0,0.0,0.12369315783699081,0.003075595096895607,0.10140765166956202,0.3151537240147573,0.0,0.0,0.1332660871884088,0.0015801887968339488,0.1
2022-04-22,1427739270.280345,640764774.4003448,1745609.18,785228886.7,0.5499805903257222,Bear,0.55,0.0,0.0,0.0,0.3232976050377637,0.0,0.0,0.12424033133526532,0.003041731841659903,0.09940092211103324,0.3151537240147573,0.0,0.0,0.1332660871884088,0.0015801887968339488,0.1
2022-04-25,1412636010.730345,640764774.4003448,1745609.18,770125627.15,0.5451691881703047,Bear,0.55,0.0,0.0,0.0,0.3205246954704959,0.0,0.0,0.12604181023811364,0.0030193552816162664,0.09558332718007889,0.3151537240147573,0.0,0.0,0.1332660871884088,0.0015801887968339488,0.1
2022-04-26,1427207328.6303449,640764774.4003448,1745609.18,784696945.05,0.5498128613192128,Bear,0.55,0.0,0.0,0.0,0.3244532772224405,0.0,0.0,0.12764578512557856,0.002988528656234728,0.09472527031495905,0.3151537240147573,0.0,0.0,0.1332660871884088,0.0015801887968339488,0.1
2022-04-27,1415904353.3803449,640764774.4003448,1745609.18,773393969.8,0.5462190775482758,Bear,0.55,0.0,0.0,0.0,0.32166994099046636,0.0,0.0,0.129483039982399,0.002949457701736573,0.09211663887367391,0.3151537240147573,0.0,0.0,0.1332660871884088,0.0015801887968339488,0.1
2022-04-28,1418632725.080345,640764774.4003448,1745609.18,776122341.5,0.5470918073288095,Bear,0.5,0.0,0.0,0.0,0.3207913038057303,0.0,0.0,0.13010062205462453,0.002956579194775345,0.09324330227367932,0.3501708044608414,0.0,0.0,0.1480734302093431,0.0017557653298154985,0.0
2022-04-29,1427536451.0988166,693094475.9688165,1745609.18,732696365.95,0.5132593044373909,Bear,0.5,0.0,0.0,0.0,0.34413469132214386,0.0,0.0,0.14333070083254676,0.0020743778540440344,0.023719534428656153,0.3501708044608414,0.0,0.0,0.1480734302093431,0.0017557653298154985,0.0
2022-05-03,1416816426.8963492,707275465.9663492,1745609.18,707795351.75,0.49956743746999244,Bear,0.5,0.0,0.0,0.0,0.3469288204307074,0.0,0.0,0.14477598939852365,0.0018942468121145946,0.0059683808286467785,0.3501708044608414,0.0,0.0,0.1480734302093431,0.0017557653298154985,0.0
2022-05-04,1411434549.7463493,707275465.9663492,1745609.18,702413474.6,0.4976592607331538,Bear,0.5,0.0,0.0,0.0,0.3472436073554233,0.0,0.0,0.1424953782207925,0.0019014696788330065,0.0060188054781050064,0.3501708044608414,0.0,0.0,0.1480734302093431,0.0017557653298154985,0.0
2022-05-05,1407816558.7963493,707275465.9663492,1745609.18,698795483.65,0.496368279861301,Bear,0.5,0.0,0.0,0.0,0.344556064935566,0.0,0.0,0.1437314391109325,0.0019279855624944639,0.006152790252308021,0.3445143238079007,0.0,0.0,0.1541688521947377,0.0013168239973616238,0.0
2022-05-06,1401255909.1463492,707275465.9663492,1745609.18,692234834.0,0.49401028711572914,Bear,0.49999999999999994,0.0,0.0,0.0,0.3416749794772827,0.0,0.0,0.14449380636214212,0.0018980473035937237,0.005943453972710548,0.3397935379689277,0.0,0.0,0.15921884403305103,0.0009876179980212176,0.0
2022-05-09,1384475752.0463493,707275465.9663492,1745609.18,675454676.9,0.4878775781386074,Bear,0.49999999999999994,0.0,0.0,0.0,0.3348223153889381,0.0,0.0,0.14540442452852767,0.0018891988509975991,0.005761639370144023,0.3397935379689277,0.0,0.0,0.15921884403305103,0.0009876179980212176,0.0
2022-05-10,1389719757.5463493,707275465.9663492,1745609.18,680698682.4,0.48981003450783683,Bear,0.5,0.0,0.0,0.0,0.33399239658181207,0.0,0.0,0.14819376272207263,0.0018737590696685138,0.0057501161342836315,0.3328804889537106,0.0,0.0,0.16226019912181955,0.004859311924469909,0.0
2022-05-11,1390179420.1463492,707275465.9663492,1745609.18,681158345.0,0.48997872873725323,Bear,0.5,0.0,0.0,0.0,0.3336511016334643,0.0,0.0,0.14872368055789115,0.0018761607042963025,0.00572778584160147,0.3328804889537106,0.0,0.0,0.16226019912181955,0.004859311924469909,0.0
2022-05-12,1374439505.6463492,707275465.9663492,1745609.18,665418430.5,0.48413802700401704,Crisis,0.9999999999999999,0.0,0.0,0.0,0.32788793442609165,0.0,0.0,0.14887792380776546,0.0018525733504746655,0.005519595419685215,0.5873980950358096,0.0,0.0,0.29780126881445634,0.014800636149733926,0.1
2022-05-13,1378711073.817727,430682071.13772696,1745609.18,946283393.5,0.6863536613800374,Bear,0.9999999999999999,0.0,0.0,0.0,0.4290517823012746,0.0,0.0,0.2073630258211712,0.006833157562093753,0.04310569569549784,0.5873980950358096,0.0,0.0,0.29780126881445634,0.014800636149733926,0.1
2022-05-16,1378445100.289248,152245581.50924802,1745609.18,1224453909.6,0.8882863084957572,Bear,0.9999999999999999,0.0,0.0,0.0,0.531464698482569,0.0,0.0,0.2647535980384134,0.011956950622510447,0.08011106135226426,0.5873980950358096,0.0,0.0,0.29780126881445634,0.014800636149733926,0.1
2022-05-17,1382671141.759826,36509572.07982589,1745609.18,1344415960.5,0.9723324078268273,Bear,0.9999999999999999,0.0,0.0,0.0,0.5735029730140564,0.0,0.0,0.28802799738274776,0.014119734917698306,0.09668170251232483,0.5873980950358096,0.0,0.0,0.29780126881445634,0.014800636149733926,0.1
2022-05-18,1423067969.409826,36509572.07982589,1745609.18,1384812788.15,0.9731178115998977,Bear,0.9999999999999999,0.0,0.0,0.0,0.5801696798027159,0.0,0.0,0.28323109553730985,0.013867854820865968,0.09584918143900582,0.5873980950358096,0.0,0.0,0.29780126881445634,0.014800636149733926,0.1
2022-05-19,1400259826.8598258,36509572.07982589,1745609.18,1362004645.6,0.9726799408752477,Bear,0.9999999999999999,0.0,0.0,0.0,0.5777981557996896,0.0,0.0,0.2866881505129307,0.013824648560697341,0.09436898600193012,0.5873980950358096,0.0,0.0,0.29780126881445634,0.014800636149733926,0.1
2022-05-20,1415203657.559826,36509572.07982589,1745609.18,1376948476.3,0.9729684268017031,Bear,0.9999999999999999,0.0,0.0,0.0,0.5791590997674844,0.0,0.0,0.2847275710796175,0.013828433734932389,0.09525332221966885,0.5873980950358096,0.0,0.0,0.29780126881445634,0.014800636149733926,0.1
2022-05-23,1413313029.659826,36509572.07982589,1745609.18,1375057848.4,0.9729322659191547,Bear,0.9999999999999999,0.0,0.0,0.0,0.5824032122580222,0.0,0.0,0.2810643443198219,0.013874704038297738,0.0955900053030129,0.5873980950358096,0.0,0.0,0.29780126881445634,0.014800636149733926,0.1
2022-05-24,1410476681.810618,8265591.230617771,1745609.18,1400465481.4,0.9929022574143044,Bear,0.9999999999999999,0.0,0.0,0.0,0.5895328807085142,0.0,0.0,0.2925033822398171,0.014359684396909064,0.09650631006906399,0.5873980950358096,0.0,0.0,0.29780126881445634,0.014800636149733926,0.1
2022-05-25,1423835904.060618,8265591.230617771,1745609.18,1413824703.65,0.9929688523922827,Bear,0.5499999999999999,0.0,0.0,0.0,0.5871347261758677,0.0,0.0,0.29392333681605415,0.014334376554063269,0.09757641284629744,0.2936990475179048,0.0,0.0,0.14890063440722817,0.007400318074866963,0.1
2022-05-26,1424229633.223947,289064298.3439469,1745609.18,1133419725.7,0.7958124864558132,Bear,0.5499999999999999,0.0,0.0,0.0,0.45690618318828163,0.0,0.0,0.23118427837698766,0.011131702100673177,0.09659032278987056,0.2936990475179048,0.0,0.0,0.14890063440722817,0.007400318074866963,0.1
2022-05-27,1432141160.1006215,551172653.0706214,1745609.18,879222897.85,0.6139219529087665,Bear,0.5499999999999999,0.0,0.0,0.0,0.3375711915269813,0.0,0.0,0.1657210941296631,0.00850020957371597,0.10212945767840621,0.2936990475179048,0.0,0.0,0.14890063440722817,0.007400318074866963,0.1
2022-05-30,1444329855.2151592,613597743.8351593,1745609.18,828986502.1999999,0.5739592650575704,Bear,0.5499999999999999,0.0,0.0,0.0,0.3096940775577657,0.0,0.0,0.15222921495813468,0.007832282881333096,0.10420368966033705,0.2936990475179048,0.0,0.0,0.14890063440722817,0.007400318074866963,0.1
2022-05-31,1443399755.1183572,638955160.888357,1745609.18,802698985.0500001,0.5561168915289026,Bear,0.5499999999999999,0.0,0.0,0.0,0.29737166265128256,0.0,0.0,0.14870197894858314,0.007643759090907777,0.1023994908381291,0.2936990475179048,0.0,0.0,0.14890063440722817,0.007400318074866963,0.1
2022-06-01,1437037558.8183572,638955160.888357,1745609.18,796336788.75,0.5541516878687633,Bear,0.5499999999999999,0.0,0.0,0.0,0.2933114977847826,0.0,0.0,0.15098074414868135,0.007639153154094838,0.1022202927812046,0.2936990475179048,0.0,0.0,0.14890063440722817,0.007400318074866963,0.1
2022-06-02,1432200280.518357,638955160.888357,1745609.18,791499510.45,0.552645828391775,Bear,0.5499999999999999,0.0,0.0,0.0,0.2927881080279018,0.0,0.0,0.15101903200418185,0.0075848330347124,0.10125385532497895,0.2936990475179048,0.0,0.0,0.14890063440722817,0.007400318074866963,0.1
2022-06-06,1434965539.618357,638955160.888357,1745609.18,794264769.55,0.5535079049781518,Bear,0.5499999999999999,0.0,0.0,0.0,0.29220887747695984,0.0,0.0,0.1516454534914298,0.007623528020686451,0.10203004598907585,0.2936990475179048,0.0,0.0,0.14890063440722817,0.007400318074866963,0.1
2022-06-07,1429277951.268357,638955160.888357,1745609.18,788577181.2,0.5517311594292824,Bear,0.5499999999999999,0.0,0.0,0.0,0.29209453684604864,0.0,0.0,0.15140477036531957,0.00757655289539045,0.10065529932252376,0.30011569178807457,0.0,0.0,0.141535018057872,0.008349290154053411,0.1
2022-06-08,1435519307.268357,638955160.888357,1745609.18,794818537.1999999,0.5536801443043329,Bear,0.5499999999999999,0.0,0.0,0.0,0.2926366333584038,0.0,0.0,0.15104638363422976,0.0076265083615161535,0.10237061895018325,0.30011569178807457,0.0,0.0,0.141535018057872,0.008349290154053411,0.1
2022-06-09,1433828993.118357,638955160.888357,1745609.18,793128223.05,0.5531539861842718,Bear,0.5499999999999999,0.0,0.0,0.0,0.2922254502182556,0.0,0.0,0.15124809237421993,0.007611786379255543,0.10206865721254073,0.30011569178807457,0.0,0.0,0.141535018057872,0.008349290154053411,0.1
2022-06-10,1426385130.868357,638955160.888357,1745609.18,785684360.8,0.5508220352252899,Bear,0.5499999999999999,0.0,0.0,0.0,0.2913792017356342,0.0,0.0,0.1509668709662634,0.0075740413764850655,0.1009019211469073,0.30011569178807457,0.0,0.0,0.141535018057872,0.008349290154053411,0.1
2022-06-13,1414709245.218357,638955160.888357,1745609.18,774008475.15,0.5471148773262831,Bear,0.5,0.0,0.0,0.0,0.29028814686696525,0.0,0.0,0.1530660810565191,0.007423256782618311,0.09633739262018044,0.33975353738267833,0.0,0.0,0.15328872082227715,0.006957741795044509,0.0
2022-06-14,1415603591.389302,687611117.2593019,1745609.18,726246864.95,0.5130298265471669,Bear,0.5,0.0,0.0,0.0,0.3298300935304681,0.0,0.0,0.1520389615490958,0.0071451499992828,0.02401562146832013,0.33975353738267833,0.0,0.0,0.15328872082227715,0.006957741795044509,0.0
2022-06-15,1418165273.1245668,701411453.2945669,1745609.18,715008210.65,0.5041783381669339,Bear,0.5,0.0,0.0,0.0,0.3372392976428434,0.0,0.0,0.1539687962594897,0.007010995254519014,0.005959249010081828,0.33975353738267833,0.0,0.0,0.15328872082227715,0.006957741795044509,0.0
2022-06-16,1415748602.974567,701411453.2945669,1745609.18,712591540.5,0.5033319750433131,Bear,0.5,0.0,0.0,0.0,0.33637373153639977,0.0,0.0,0.15407410577110672,0.007008659573565726,0.005875478162240808,0.33975353738267833,0.0,0.0,0.15328872082227715,0.006957741795044509,0.0
2022-06-17,1410380327.474567,701411453.2945669,1745609.18,707223265.0,0.501441526957737,Crisis,0.5,0.0,0.0,0.0,0.333078465325142,0.0,0.0,0.15565127768981782,0.006940574687061863,0.0057712092557153025,0.33606515303700873,0.0,0.0,0.15871654061670787,0.005218306346283382,0.0
2022-06-20,1400775851.724567,701411453.2945669,1745609.18,697618789.25,0.49802314081237603,Crisis,0.5,0.0,0.0,0.0,0.3292169397996427,0.0,0.0,0.1562607605852984,0.006924555408388959,0.005620885019045986,0.33606515303700873,0.0,0.0,0.15871654061670787,0.005218306346283382,0.0
2022-06-21,1419511248.324567,701411453.2945669,1745609.18,716354185.85,0.5046484743925099,Crisis,0.5,0.0,0.0,0.0,0.3362135287151146,0.0,0.0,0.15563420174426562,0.006972963413768459,0.005827780519361192,0.33606515303700873,0.0,0.0,0.15871654061670787,0.005218306346283382,0.0
2022-06-22,1414268038.824567,701411453.2945669,1745609.18,711110976.35,0.502812024898068,Crisis,0.5,0.0,0.0,0.0,0.33420530152320765,0.0,0.0,0.15617916401729487,0.0068441764462448505,0.00558338291132061,0.33606515303700873,0.0,0.0,0.15871654061670787,0.005218306346283382,0.0
2022-06-23,1417961183.3745668,701411453.2945669,1745609.18,714804120.9,0.5041069736470905,Crisis,0.5,0.0,0.0,0.0,0.33486157905252895,0.0,0.0,0.15703539886054818,0.006734951641816073,0.00547504409219729,0.33606515303700873,0.0,0.0,0.15871654061670787,0.005218306346283382,0.0
2022-06-24,1427060182.224567,701411453.2945669,1745609.18,723903119.75,0.5072688095196844,Crisis,1.0,0.0,0.0,0.0,0.3364872594240991,0.0,0.0,0.15853669159721387,0.006706199303439054,0.005538659194932397,0.6049172754666158,0.0,0.0,0.28568977311007415,0.009392951423310088,0.1
2022-06-27,1422999175.7174911,413171994.4374911,1745609.18,1008081572.1,0.7084203485864387,Crisis,1.0,0.0,0.0,0.0,0.44572434258803895,0.0,0.0,0.20903806908392414,0.007989674339949971,0.045668262574525685,0.6049172754666158,0.0,0.0,0.28568977311007415,0.009392951423310088,0.1
2022-06-28,1424170838.936101,128163659.20610103,1745609.18,1294261570.55,0.9087825246561381,Crisis,1.0,0.0,0.0,0.0,0.5551381540297587,0.0,0.0,0.2634606675982044,0.008832507769501091,0.08135119525867378,0.6049172754666158,0.0,0.0,0.28568977311007415,0.009392951423310088,0.1
2022-06-29,1420840088.8014832,32130469.371483035,1745609.18,1386964010.25,0.9761577120335487,Crisis,1.0,0.0,0.0,0.0,0.5905434516264081,0.0,0.0,0.28276440337413195,0.009113763119481658,0.0937360939135271,0.6049172754666158,0.0,0.0,0.28568977311007415,0.009392951423310088,0.1
2022-06-30,1392671727.5514832,32130469.371483035,4823753.18,1355717505.0,0.9734652310229246,Crisis,1.0,0.0,0.0,0.0,0.5948374542337191,0.0,0.0,0.2791713167636107,0.009063298802074226,0.09039316122352048,0.6049172754666158,0.0,0.0,0.28568977311007415,0.009392951423310088,0.1
2022-07-01,1382867556.351483,32130469.371483035,4823753.18,1345913333.8,0.9732771064143105,Crisis,1.0,0.0,0.0,0.0,0.5928310922001484,0.0,0.0,0.2861731032609568,0.008792562920544476,0.08548034803266084,0.6049172754666158,0.0,0.0,0.28568977311007415,0.009392951423310088,0.1
2022-07-04,1391858497.651483,32130469.371483035,4823753.18,1354904275.1,0.9734497273869169,Crisis,1.0,0.0,0.0,0.0,0.5910857508059727,0.0,0.0,0.28956786963621306,0.008649622084654283,0.08414648486007698,0.6049172754666158,0.0,0.0,0.28568977311007415,0.009392951423310088,0.1
2022-07-05,1393852740.2149072,3547017.734907037,4823753.18,1385481969.3,0.9939945084058044,Crisis,1.0,0.0,0.0,0.0,0.602341226642459,0.0,0.0,0.2852116213788165,0.009237704693262468,0.09720395569126633,0.6049172754666158,0.0,0.0,0.28568977311007415,0.009392951423310088,0.1
2022-07-06,1372475507.0149074,3547017.734907037,4823753.18,1364104736.1000001,0.9939009688172044,Crisis,1.0,0.0,0.0,0.0,0.60101046021147,0.0,0.0,0.28960006788353043,0.00919987273759258,0.0940905679846113,0.6049172754666158,0.0,0.0,0.28568977311007415,0.009392951423310088,0.1
2022-07-07,1377818255.0649073,3547017.734907037,4823753.18,1369447484.15,0.993924618951639,Crisis,0.55,0.0,0.0,0.0,0.5983255637088103,0.0,0.0,0.2875611486083374,0.009437819503550863,0.0986000871309403,0.3024586377333079,0.0,0.0,0.14284488655503708,0.004696475711655044,0.1
2022-07-08,1372758851.4364703,274915892.4064703,8835653.18,1089007305.85,0.7932983311019633,Crisis,0.55,0.0,0.0,0.0,0.46697313601672064,0.0,0.0,0.21745414330246976,0.007424829196573349,0.10144622258619969,0.3024586377333079,0.0,0.0,0.14284488655503708,0.004696475711655044,0.1
2022-07-11,1360248623.3641183,523532474.6341183,8835653.18,827880495.55,0.6086243950775083,Crisis,0.55,0.0,0.0,0.0,0.34215751999729405,0.0,0.0,0.16123655354826322,0.005446430801508597,0.09978389073044248,0.3024586377333079,0.0,0.0,0.14284488655503708,0.004696475711655044,0.1
2022-07-12,1343082157.7591064,582406562.8791063,8835653.18,751839941.7,0.5597870073372303,Crisis,0.55,0.0,0.0,0.0,0.3097343965867895,0.0,0.0,0.14921812403076065,0.0048939671799131486,0.09594051953976702,0.3024586377333079,0.0,0.0,0.14284488655503708,0.004696475711655044,0.1
2022-07-13,1362855706.5591063,582406562.8791063,8835653.18,771613490.5,0.5661740173859965,Crisis,0.55,0.0,0.0,0.0,0.3139809214141789,0.0,0.0,0.1469876811139229,0.004994659351859113,0.1002107555060356,0.3024586377333079,0.0,0.0,0.14284488655503708,0.004696475711655044,0.1
2022-07-14,1361666366.8091063,582406562.8791063,14428903.18,764830900.75,0.5616874437034711,Crisis,0.55,0.0,0.0,0.0,0.3133789679699286,0.0,0.0,0.14143648157463767,0.005023256920143132,0.10184873723876171,0.3024586377333079,0.0,0.0,0.14284488655503708,0.004696475711655044,0.1
2022-07-15,1355877588.8091063,582406562.8791063,14428903.18,759042122.75,0.559816113943355,Crisis,0.55,0.0,0.0,0.0,0.308211099732865,0.0,0.0,0.1425459065001266,0.005111080865409652,0.10394802684495363,0.3024586377333079,0.0,0.0,0.14284488655503708,0.004696475711655044,0.1
2022-07-18,1357851692.7591064,582406562.8791063,14536903.18,760908226.7,0.5603765350499078,Crisis,0.55,0.0,0.0,0.0,0.3111415841309792,0.0,0.0,0.1387834186935996,0.005046206471987363,0.10540532575334166,0.3024586377333079,0.0,0.0,0.14284488655503708,0.004696475711655044,0.1
2022-07-19,1355506754.9591062,582406562.8791063,14536903.18,758563288.9,0.559616015283439,Crisis,0.55,0.0,0.0,0.0,0.3124564207079717,0.0,0.0,0.13592178668674976,0.0050593624671438076,0.10617844542157374,0.3024586377333079,0.0,0.0,0.14284488655503708,0.004696475711655044,0.1
2022-07-20,1354451717.1591065,582406562.8791063,14536903.18,757508251.1,0.5592729821989041,Crisis,0.55,0.0,0.0,0.0,0.31208875572664263,0.0,0.0,0.13459032735574863,0.0050965271870146035,0.10749737192949822,0.29434397829998094,0.0,0.0,0.14624155170319036,0.009414469996828757,0.1
2022-07-21,1364597541.4651346,591785430.8851346,14536903.18,758275207.4,0.5556768089922386,Crisis,0.55,0.0,0.0,0.0,0.3015952285522385,0.0,0.0,0.14247336235946706,0.00835579696835569,0.10325242111217738,0.28825798372498573,0.0,0.0,0.14823410788320648,0.013507908391807873,0.1
2022-07-22,1365898687.0651348,591785430.8851346,14536903.18,759576353.0,0.5561000681771492,Crisis,0.5499999999999999,0.0,0.0,0.0,0.30243381658679425,0.0,0.0,0.14192999952034907,0.008380123729816693,0.1033561283401892,0.2836934877937392,0.0,0.0,0.14847108291385355,0.01783542929240721,0.1
2022-07-25,1372483895.9057684,598004799.5757684,14536903.18,759942193.15,0.5536984407736729,Crisis,0.5,0.0,0.0,0.0,0.2903713437650143,0.0,0.0,0.1473270474088556,0.015305097613649687,0.10069495198615332,0.315214986437488,0.0,0.0,0.16496786990428172,0.019817143658230233,0.0
2022-07-26,1370874793.7992222,678281051.3692223,14536903.18,678056839.25,0.4946161694102225,Crisis,0.5,0.0,0.0,0.0,0.29063484940576784,0.0,0.0,0.16067732880954877,0.018475319638643406,0.024828671556262522,0.315214986437488,0.0,0.0,0.16496786990428172,0.019817143658230233,0.0
2022-07-27,1382843323.339414,698168190.7094138,14536903.18,670138229.45,0.4846089344609845,Crisis,0.5,0.0,0.0,0.0,0.29335874325252825,0.0,0.0,0.16554283203044576,0.019410008022587803,0.006297351155422682,0.315214986437488,0.0,0.0,0.16496786990428172,0.019817143658230233,0.0
2022-07-28,1386714121.6830783,704743856.8030782,14536903.18,667433361.7,0.4813056644219682,Crisis,0.5,0.0,0.0,0.0,0.2959490750709992,0.0,0.0,0.16408616342915017,0.019641899923064997,0.0016285259987538479,0.315214986437488,0.0,0.0,0.16496786990428172,0.019817143658230233,0.0
2022-07-29,1388140567.935921,705445232.655921,14536903.18,668158432.1,0.48133340926237045,Crisis,0.5,0.0,0.0,0.0,0.29687319974573595,0.0,0.0,0.1641184655663176,0.01989135728599686,0.00045038666432005057,0.315214986437488,0.0,0.0,0.16496786990428172,0.019817143658230233,0.0
2022-08-01,1389258606.0859108,705186238.0559107,14536903.18,669535464.85,0.4819372447411684,Crisis,0.5,0.0,0.0,0.0,0.2976729912187614,0.0,0.0,0.16429820841137552,0.019816396946831336,0.00014964816420013857,0.315214986437488,0.0,0.0,0.16496786990428172,0.019817143658230233,0.0
2022-08-02,1386594627.7443676,704738956.6143675,14536903.18,667318767.95,0.4812644983599539,Crisis,0.5,0.0,0.0,0.0,0.296538230945609,0.0,0.0,0.16515382031482864,0.019500075551269806,7.23715482463996e-05,0.315214986437488,0.0,0.0,0.16496786990428172,0.019817143658230233,0.0
2022-08-03,1386536042.1339867,708519243.1039867,10525003.18,667491795.85,0.48140962482495464,Crisis,0.5,4011900.0,0.0,0.0,0.2964971579226163,0.0,0.0,0.16505290381617438,0.019786719685826126,7.284340033783266e-05,0.315214986437488,0.0,0.0,0.16496786990428172,0.019817143658230233,0.0
2022-08-04,1386848500.0839868,708519250.1039867,12440042.18,665889207.8,0.48014560188778665,Crisis,0.5,7.0,38300.0,7.0,0.29497703445994705,0.0,0.0,0.1652626079821409,0.019833312721854093,7.264672384467275e-05,0.315214986437488,0.0,0.0,0.16496786990428172,0.019817143658230233,0.0
2022-08-05,1392430871.38116,711774917.9511601,9361898.18,671294055.25,0.4821022494166189,Crisis,1.0,3078144.0,0.0,0.0,0.29716804169930777,0.0,0.0,0.16460429362116566,0.020253788234403533,7.612586174196066e-05,0.5673869755874784,0.0,0.0,0.2969421658277071,0.03567085858481442,0.1
2022-08-08,1400435429.201141,435044737.9711411,9361898.18,956028793.05,0.6826653861473309,Crisis,1.0,0.0,0.0,0.0,0.4008224737431847,0.0,0.0,0.21769543503616437,0.025971386642758297,0.03817609072522345,0.5673869755874784,0.0,0.0,0.2969421658277071,0.03567085858481442,0.1
2022-08-09,1411572346.8308814,155014791.45088133,9361898.18,1247195657.2,0.8835506447828033,Crisis,1.0,0.0,0.0,0.0,0.51072582912137,0.0,0.0,0.26437242188671917,0.03173794109850714,0.07671445267620693,0.5673869755874784,0.0,0.0,0.2969421658277071,0.03567085858481442,0.1
2022-08-10,1423498755.4425375,32449842.41253748,16019646.18,1375029266.85,0.965950452427709,Crisis,1.0,4.0,199732.0,4.0,0.5530157043272369,0.0,0.0,0.2871411713127415,0.03395788005797895,0.0918356967297518,0.5766735638627355,0.0,0.0,0.2960489092023714,0.0272775269348931,0.1
2022-08-11,1447268113.8164124,1831779.2164124846,22145802.0,1423290532.6,0.9834325229807045,Crisis,1.0,9.0,246502.0,9.0,0.5673942683879004,0.0,0.0,0.287195852677181,0.02903228475696934,0.09981011715865377,0.5766735638627355,0.0,0.0,0.2960489092023714,0.0272775269348931,0.1
2022-08-12,1448061032.1664126,1831779.2164124846,22145802.0,1424083450.95,0.9834415948749479,Crisis,1.0,0.0,0.0,0.0,0.5662920503586633,0.0,0.0,0.2866695469174773,0.029197664366912637,0.1012823332318947,0.5923077286192364,0.0,0.0,0.2868597621020384,0.02083250927872526,0.1
2022-08-15,1449371277.5327108,35542.53271086048,22145802.0,1427189933.0,0.9846958851216712,Crisis,1.0,0.0,0.0,0.0,0.5737704657813129,0.0,0.0,0.28595419712299786,0.023128994288520686,0.10184222792883976,0.6030357957301382,0.0,0.0,0.28133982231081794,0.015624381959043945,0.1
2022-08-16,1441986372.2687228,1240943.268722863,22145802.0,1418599627.0,0.9837815767759804,Crisis,1.0,0.0,0.0,0.0,0.5861153359377917,0.0,0.0,0.2789020116516418,0.01769704658155008,0.10106718260499688,0.6030357957301382,0.0,0.0,0.28133982231081794,0.015624381959043945,0.1
2022-08-17,1447366154.2158413,5809943.915841363,16552552.0,1425003658.3,0.98454952407813,Crisis,1.0,5593250.0,0.0,0.0,0.5899968752293031,0.0,0.0,0.2783756541676841,0.016119383427644234,0.10005761125349863,0.6030357957301382,0.0,0.0,0.28133982231081794,0.015624381959043945,0.1
2022-08-18,1442715880.7014258,110028.55142586492,16552552.0,1426053300.1499999,0.9884505461024489,Crisis,1.0,0.0,0.0,0.0,0.5951868012519004,0.0,0.0,0.2777192691642103,0.01606542931289513,0.09947904637344314,0.6030357957301382,0.0,0.0,0.28133982231081794,0.015624381959043945,0.1
2022-08-19,1437331324.101426,218028.55142586492,16444552.0,1420668743.55,0.98840727932939,Crisis,1.0,108000.0,0.0,0.0,0.5960320207211646,0.0,0.0,0.27600956950410516,0.016152190946310825,0.1002134981578094,0.6030357957301382,0.0,0.0,0.28133982231081794,0.015624381959043945,0.1
2022-08-22,1430999827.1514258,218028.55142586492,16444552.0,1414337246.6,0.9883559870271998,Crisis,1.0,0.0,0.0,0.0,0.594500314017143,0.0,0.0,0.2795252608773884,0.015990078800742363,0.09834033333192621,0.6030357957301382,0.0,0.0,0.28133982231081794,0.015624381959043945,0.1
2022-08-23,1412557966.301426,218028.55142586492,16444552.0,1395895385.75,0.9882039668821135,Crisis,0.55,0.0,0.0,0.0,0.5928924021028719,0.0,0.0,0.2815914882710881,0.01598249455143596,0.09773758195671763,0.3015178978650691,0.0,0.0,0.14066991115540897,0.007812190979521972,0.1
2022-08-24,1413445644.018898,207909208.41889814,16444552.0,1189091883.6,0.841271745136951,Crisis,0.55,0.0,0.0,0.0,0.5063803738252778,0.0,0.0,0.2244875855981326,0.012261737883829282,0.09814204782971146,0.3015178978650691,0.0,0.0,0.14066991115540897,0.007812190979521972,0.1
2022-08-25,1422202193.3216853,460200222.2216854,14529513.0,947472458.1,0.6662009540901425,Crisis,0.55,1915039.0,0.0,0.0,0.38954141731849395,0.0,0.0,0.1666363623350112,0.009287708922139372,0.10073546551449797,0.3015178978650691,0.0,0.0,0.14066991115540897,0.007812190979521972,0.1
2022-08-26,1425186780.154611,583909867.1046113,14529513.0,826747400.05,0.5800975784804223,Crisis,0.55,0.0,0.0,0.0,0.32413309362853154,0.0,0.0,0.14681780866455998,0.008224044850267606,0.10092263133706324,0.3015178978650691,0.0,0.0,0.14066991115540897,0.007812190979521972,0.1
2022-08-29,1411760029.006217,615014280.4062171,14529513.0,782216235.6,0.5540716690715681,Crisis,0.55,0.0,0.0,0.0,0.3067427726402169,0.0,0.0,0.14359841321099426,0.007842869731758953,0.09588761348859798,0.3015178978650691,0.0,0.0,0.14066991115540897,0.007812190979521972,0.1
2022-08-30,1414344127.5562172,615014280.4062171,14529513.0,784800334.1500001,0.5548864090849106,Crisis,0.55,0.0,0.0,0.0,0.30624882990705077,0.0,0.0,0.14401558717675225,0.007841974088133757,0.0967800179129738,0.3015178978650691,0.0,0.0,0.14066991115540897,0.007812190979521972,0.1
2022-08-31,1418976829.1062171,615014280.4062171,14529513.0,789433035.7,0.5563396240918513,Crisis,0.55,0.0,0.0,0.0,0.30809043300260647,0.0,0.0,0.14261642322057375,0.007873278668713006,0.09775948919995808,0.3015178978650691,0.0,0.0,0.14066991115540897,0.007812190979521972,0.1
2022-09-01,1404602354.456217,615014280.4062171,14529513.0,775058561.05,0.5517992751407989,Crisis,0.55,0.0,0.0,0.0,0.30756000776977616,0.0,0.0,0.14203792223973438,0.0077881472754864215,0.09441319785580189,0.3015178978650691,0.0,0.0,0.14066991115540897,0.007812190979521972,0.1
2022-09-02,1399711646.006217,615014280.4062171,14529513.0,770167852.6,0.5502332246770341,Crisis,0.55,0.0,0.0,0.0,0.30701155757768933,0.0,0.0,0.14224894146455908,0.007730520804677179,0.0932422048301085,0.3015178978650691,0.0,0.0,0.14066991115540897,0.007812190979521972,0.1
2022-09-05,1404165388.906217,615014280.4062171,14529513.0,774621595.5,0.5516597984966686,Crisis,0.5,0.0,0.0,0.0,0.3091855837852419,0.0,0.0,0.14166457995019396,0.007722915039550428,0.09308671972168225,0.3350198865167434,0.0,0.0,0.15629990128378773,0.008680212199468858,0.0
2022-09-06,1409523608.1330323,670573687.0330322,14529513.0,724420408.1,0.5139469845840485,Crisis,0.5,0.0,0.0,0.0,0.32958192783682344,0.0,0.0,0.15265093735109153,0.008396241064507965,0.023317878331625626,0.3350198865167434,0.0,0.0,0.15629990128378773,0.008680212199468858,0.0
2022-09-07,1400132568.6938791,684800661.593879,14529513.0,700802394.1,0.5005257428971509,Crisis,0.5,0.0,0.0,0.0,0.33057854980959095,0.0,0.0,0.15584802816461613,0.008414203242904325,0.005684961680039518,0.3350198865167434,0.0,0.0,0.15629990128378773,0.008680212199468858,0.0
2022-09-08,1407418754.1438792,690128817.413879,9201357.18,708088579.55,0.5031115135173285,Crisis,0.5,5328155.82,0.0,0.0,0.33201723237960323,0.0,0.0,0.15687868258818755,0.00843032677024215,0.0057852717792956304,0.3350198865167434,0.0,0.0,0.15629990128378773,0.008680212199468858,0.0
2022-09-12,1411643661.543879,690128817.413879,9201357.18,712313486.9499999,0.5045986507465777,Crisis,1.0,0.0,0.0,0.0,0.3350141397814082,0.0,0.0,0.155009515475516,0.008583610956569551,0.005991384533083956,0.6030357957301382,0.0,0.0,0.28133982231081794,0.015624381959043945,0.1
2022-09-13,1409599486.212045,413154493.0820449,2543609.1799999997,993901383.95,0.7050948823916414,Crisis,1.0,6657748.0,0.0,0.0,0.442660691957812,0.0,0.0,0.20663337554323175,0.011438710185209644,0.044362104705388095,0.6030357957301382,0.0,0.0,0.28133982231081794,0.015624381959043945,0.1
2022-09-14,1396592742.9556038,136231251.7756039,2543609.1799999997,1257817882.0,0.9006332650261986,Crisis,1.0,0.0,0.0,0.0,0.5493997701693566,0.0,0.0,0.257407681525829,0.014078155639267141,0.07974765769174592,0.6030357957301382,0.0,0.0,0.28133982231081794,0.015624381959043945,0.1
2022-09-15,1402300717.3194852,32468298.98948512,2543609.1799999997,1367288809.15,0.9750325249519869,Crisis,1.0,0.0,0.0,0.0,0.5901204348891916,0.0,0.0,0.27457819513635484,0.015182157248479483,0.09515173767796087,0.6030357957301382,0.0,0.0,0.28133982231081794,0.015624381959043945,0.1
2022-09-16,1404840197.669485,33266298.98948512,1745609.18,1369828289.5,0.9750776577808872,Crisis,1.0,798000.0,0.0,0.0,0.5951588592688525,0.0,0.0,0.27205428819165806,0.014981668402509411,0.09288284191786714,0.6030357957301382,0.0,0.0,0.28133982231081794,0.015624381959043945,0.1
2022-09-19,1392855225.169485,33266298.98948512,1745609.18,1357843317.0,0.9748632108084135,Crisis,1.0,0.0,0.0,0.0,0.5938283836350292,0.0,0.0,0.2732225813014363,0.015043451481075758,0.09276879439087223,0.6030357957301382,0.0,0.0,0.28133982231081794,0.015624381959043945,0.1
2022-09-20,1394843550.3194852,33266298.98948512,1745609.18,1359831642.15,0.974899042862932,Crisis,1.0,0.0,0.0,0.0,0.5925663791904718,0.0,0.0,0.272908097766814,0.01515607251806689,0.09426849338757928,0.6030357957301382,0.0,0.0,0.28133982231081794,0.015624381959043945,0.1
2022-09-21,1395313140.969485,33266298.98948512,1745609.18,1360301232.8,0.9749074905543007,Crisis,1.0,0.0,0.0,0.0,0.5934797777541393,0.0,0.0,0.27360675449149885,0.01502365267300127,0.0927973056356614,0.6030357957301382,0.0,0.0,0.28133982231081794,0.015624381959043945,0.1
2022-09-22,1373801306.969485,33266298.98948512,1745609.18,1338789398.8,0.9745145764588629,Crisis,1.0,0.0,0.0,0.0,0.5960687652906629,0.0,0.0,0.27155695522153595,0.015075142158428603,0.09181371378823538,0.6030357957301382,0.0,0.0,0.28133982231081794,0.015624381959043945,0.1
2022-09-23,1372796322.319485,33266298.98948512,1745609.18,1337784414.1499999,0.9744959193142878,Crisis,0.55,0.0,0.0,0.0,0.5983076300512187,0.0,0.0,0.2708272843941046,0.014943149006503448,0.09041785586246119,0.3015178978650691,0.0,0.0,0.14066991115540897,0.007812190979521972,0.1
2022-09-26,1356119479.701277,293060850.721277,1745609.18,1061313019.8,0.7826102608848179,Crisis,0.55,0.0,0.0,0.0,0.4632141040687452,0.0,0.0,0.2165948534746377,0.011668993946968298,0.09113230939446673,0.3015178978650691,0.0,0.0,0.14066991115540897,0.007812190979521972,0.1
2022-09-27,1359470294.6403527,528104981.06035256,1745609.18,829619704.4000001,0.6102521751823019,Crisis,0.55,0.0,0.0,0.0,0.34328812202804526,0.0,0.0,0.16005675214666162,0.008777315728812404,0.09812998527878256,0.3015178978650691,0.0,0.0,0.14066991115540897,0.007812190979521972,0.1
2022-09-28,1352378364.886278,589049428.1062778,1745609.18,761583327.6,0.563143678850587,Crisis,0.55,0.0,0.0,0.0,0.3119052245674387,0.0,0.0,0.14784523709591676,0.00793823701912205,0.09545498016810951,0.3015178978650691,0.0,0.0,0.14066991115540897,0.007812190979521972,0.1
2022-09-29,1353636412.436278,589049428.1062778,1745609.18,762841375.1500001,0.5635496859729389,Crisis,0.55,0.0,0.0,0.0,0.31170085354797017,0.0,0.0,0.14812744261150626,0.00790448594740627,0.09581690386605615,0.3015178978650691,0.0,0.0,0.14066991115540897,0.007812190979521972,0.1
2022-09-30,1343534706.036278,589049428.1062778,1745609.18,752739668.75,0.5602681236056396,Crisis,0.55,0.0,0.0,0.0,0.31004049756103014,0.0,0.0,0.14793633473479706,0.007853835075932217,0.09443745623388013,0.3015178978650691,0.0,0.0,0.14066991115540897,0.007812190979521972,0.1
2022-10-03,1328867754.1862779,589049428.1062778,1745609.18,738072716.9,0.5554147239820363,Crisis,0.55,0.0,0.0,0.0,0.3088473744712964,0.0,0.0,0.14519390615971978,0.00784457292093998,0.09352887043008017,0.3015178978650691,0.0,0.0,0.14066991115540897,0.007812190979521972,0.1
2022-10-04,1335785598.9862778,589049428.1062778,1745609.18,744990561.6999999,0.5577171682831213,Crisis,0.55,0.0,0.0,0.0,0.3069024041067023,0.0,0.0,0.14514410107964615,0.008002481841481368,0.09766818125529157,0.3015178978650691,0.0,0.0,0.14066991115540897,0.007812190979521972,0.1
2022-10-05,1337237697.4362779,589049428.1062778,1745609.18,746442660.15,0.5581974405754961,Crisis,0.55,0.0,0.0,0.0,0.3053261667187303,0.0,0.0,0.14399235107502306,0.008180669764973695,0.10069825301676907,0.3015178978650691,0.0,0.0,0.14066991115540897,0.007812190979521972,0.1
2022-10-06,1341981903.286278,589049428.1062778,1745609.18,751186866.0,0.5597593113293668,Crisis,0.55,0.0,0.0,0.0,0.30837421502227164,0.0,0.0,0.1418681574869093,0.008208754509299828,0.10130818431088612,0.3015178978650691,0.0,0.0,0.14066991115540897,0.007812190979521972,0.1
2022-10-07,1332718727.786278,589049428.1062778,1745609.18,741923690.5,0.5566993807705979,Crisis,0.55,0.0,0.0,0.0,0.30699901784948314,0.0,0.0,0.1421918189104862,0.008128046656921552,0.09938049735370702,0.3015178978650691,0.0,0.0,0.14066991115540897,0.007812190979521972,0.1
2022-10-11,1311186050.286278,589049428.1062778,1745609.18,720391013.0,0.5494193694653122,Crisis,0.55,0.0,0.0,0.0,0.3051665039546734,0.0,0.0,0.14471119484421938,0.007833670894956053,0.0917079997714634,0.3015178978650691,0.0,0.0,0.14066991115540897,0.007812190979521972,0.1
2022-10-12,1314140147.2362778,589049428.1062778,1745609.18,723345109.9499999,0.5504322438297329,Crisis,0.5,0.0,0.0,0.0,0.3060661458337467,0.0,0.0,0.1453771124805691,0.007777252693705588,0.0912117328217115,0.3350198865167434,0.0,0.0,0.15629990128378773,0.008680212199468858,0.0
2022-10-13,1303038232.126548,639080932.1965481,1745609.18,662211690.75,0.5082058794769788,Crisis,0.5,0.0,0.0,0.0,0.32260441818653796,0.0,0.0,0.15508109817331497,0.00835739100473484,0.02216297211239103,0.3350198865167434,0.0,0.0,0.15629990128378773,0.008680212199468858,0.0
2022-10-14,1299725012.603297,648330008.0732969,1745609.18,649649395.35,0.4998360338151671,Crisis,0.5,0.0,0.0,0.0,0.33142060141415125,0.0,0.0,0.1536551948015449,0.008854988469405413,0.005905249130065507,0.3350198865167434,0.0,0.0,0.15629990128378773,0.008680212199468858,0.0
2022-10-17,1293788173.203297,648330008.0732969,1745609.18,643712555.95,0.4975409184304327,Crisis,0.5,0.0,0.0,0.0,0.32791063849316604,0.0,0.0,0.15501277887202203,0.008729674790608311,0.005887826274636244,0.3350198865167434,0.0,0.0,0.15629990128378773,0.008680212199468858,0.0
2022-10-18,1295132798.753297,648330008.0732969,1745609.18,645057181.5,0.4980625786953555,Crisis,0.5,0.0,0.0,0.0,0.32858953298816423,0.0,0.0,0.1547852082759167,0.008820948717380258,0.005866888713894257,0.3350198865167434,0.0,0.0,0.15629990128378773,0.008680212199468858,0.0
2022-10-19,1287143648.803297,648330008.0732969,1745609.18,637068031.5500001,0.4949471118800957,Crisis,0.5,0.0,0.0,0.0,0.3261613277898844,0.0,0.0,0.15422598727388562,0.00875718107336329,0.00580261574296234,0.3350198865167434,0.0,0.0,0.15629990128378773,0.008680212199468858,0.0
2022-10-20,1291541566.903297,648330008.0732969,1745609.18,641465949.65,0.4966669026286393,Crisis,0.5,0.0,0.0,0.0,0.325831285987181,0.0,0.0,0.1564552819499999,0.008679240596860564,0.005701094094597819,0.3350198865167434,0.0,0.0,0.15629990128378773,0.008680212199468858,0.0
2022-10-21,1297576835.903297,648330008.0732969,1745609.18,647501218.65,0.49900799762601156,Crisis,0.5,0.0,0.0,0.0,0.32943761542446154,0.0,0.0,0.1553644411813654,0.008612746228796642,0.0055931947913879666,0.3350198865167434,0.0,0.0,0.15629990128378773,0.008680212199468858,0.0
2022-10-24,1302200175.5532968,648330008.0732969,1745609.18,652124558.3,0.5007867227655044,Crisis,0.5,0.0,0.0,0.0,0.3319030871089839,0.0,0.0,0.15470624546214756,0.008556134616758072,0.005621255577614845,0.3350198865167434,0.0,0.0,0.15629990128378773,0.008680212199468858,0.0
2022-10-25,1310690730.103297,648330008.0732969,1745609.18,660615112.85,0.5040205882877773,Crisis,1.0,0.0,0.0,0.0,0.3337628036901759,0.0,0.0,0.15650083981583812,0.008336901870923298,0.00542004291083994,0.6030357957301382,0.0,0.0,0.28133982231081794,0.015624381959043945,0.1
2022-10-26,1313440740.7267675,385535040.6967675,1745609.18,926160090.85,0.7051403707315542,Crisis,1.0,0.0,0.0,0.0,0.44349118524196607,0.0,0.0,0.20644608591169608,0.011294913839653873,0.04390818573823815,0.6030357957301382,0.0,0.0,0.28133982231081794,0.015624381959043945,0.1
2022-10-27,1306375046.7462873,120451125.01628733,1745609.18,1184178312.55,0.9064612153296745,Crisis,1.0,0.0,0.0,0.0,0.549333642231895,0.0,0.0,0.2578911016703079,0.014474403845278238,0.0847620675821935,0.6030357957301382,0.0,0.0,0.28133982231081794,0.015624381959043945,0.1
2022-10-28,1301048201.5834424,28635393.903442457,1745609.18,1270667198.5,0.9766488258878747,Crisis,1.0,0.0,0.0,0.0,0.59124850068106,0.0,0.0,0.2762135942101389,0.015176609118685005,0.09401012187799068,0.6030357957301382,0.0,0.0,0.28133982231081794,0.015624381959043945,0.1
2022-10-31,1311602370.3834424,28635393.903442457,1745609.18,1281221367.3,0.9768367275254614,Crisis,1.0,0.0,0.0,0.0,0.5888434900237428,0.0,0.0,0.2769325583742368,0.015254699481940324,0.09580597964554145,0.6030357957301382,0.0,0.0,0.28133982231081794,0.015624381959043945,0.1
2022-11-01,1318716429.0834424,28635393.903442457,1745609.18,1288335426.0,0.9769616860657766,Crisis,1.0,0.0,0.0,0.0,0.590224409762586,0.0,0.0,0.2746435791747333,0.015256653785669146,0.09683704334278805,0.6030357957301382,0.0,0.0,0.28133982231081794,0.015624381959043945,0.1
2022-11-02,1308097343.9334424,28635393.903442457,1745609.18,1277716340.85,0.9767746618978012,Crisis,1.0,0.0,0.0,0.0,0.5890717112328356,0.0,0.0,0.2738884851815962,0.015442275831903074,0.09837218965146635,0.6030357957301382,0.0,0.0,0.28133982231081794,0.015624381959043945,0.1
2022-11-03,1297214758.3834424,28635393.903442457,1745609.18,1266833755.3,0.9765798200435967,Crisis,1.0,0.0,0.0,0.0,0.5898858306650661,0.0,0.0,0.27395247988302257,0.015369390358189808,0.09737211913731819,0.6030357957301382,0.0,0.0,0.28133982231081794,0.015624381959043945,0.1
2022-11-04,1315467165.9334424,28635393.903442457,1745609.18,1285086162.85,0.976904780392687,Crisis,1.0,0.0,0.0,0.0,0.5933226864664216,0.0,0.0,0.2716370345484393,0.015179170196795539,0.0967658891810307,0.6030357957301382,0.0,0.0,0.28133982231081794,0.015624381959043945,0.1
2022-11-07,1316113778.5334425,28635393.903442457,1745609.18,1285732775.45,0.9769161271776242,Crisis,0.55,0.0,0.0,0.0,0.5945160579671858,0.0,0.0,0.26733326991839534,0.015432632293108308,0.09963416699893472,0.3015178978650691,0.0,0.0,0.14066991115540897,0.007812190979521972,0.1
2022-11-08,1325058026.4518795,291038824.7718794,1745609.18,1032273592.5,0.7790402924950607,Crisis,0.55,0.0,0.0,0.0,0.4573701154226463,0.0,0.0,0.2092069135585642,0.011961438430315859,0.10050182508353434,0.3015178978650691,0.0,0.0,0.14066991115540897,0.007812190979521972,0.1
2022-11-09,1335357433.6409574,517667863.91095734,1745609.18,815943960.55,0.6110303803269095,Crisis,0.55,0.0,0.0,0.0,0.34071039639887873,0.0,0.0,0.15730694622132152,0.009077719339119873,0.10393531836758937,0.3015178978650691,0.0,0.0,0.14066991115540897,0.007812190979521972,0.1
2022-11-10,1327995171.5662405,578036480.9362407,1745609.18,748213081.4499999,0.563415513452173,Crisis,0.55,0.0,0.0,0.0,0.31109961112489826,0.0,0.0,0.14455737800129828,0.008105451157103918,0.09965307316887252,0.3015178978650691,0.0,0.0,0.14066991115540897,0.007812190979521972,0.1
2022-11-11,1353241793.9662406,578036480.9362407,1745609.18,773459703.8499999,0.5715606089751729,Crisis,0.55,0.0,0.0,0.0,0.3141059164335889,0.0,0.0,0.14303689175360249,0.008376921294142943,0.10604087949383853,0.3015178978650691,0.0,0.0,0.14066991115540897,0.007812190979521972,0.1
2022-11-14,1354161422.5662405,578036480.9362407,1745609.18,774379332.4499999,0.5718515677270523,Crisis,0.55,0.0,0.0,0.0,0.31324953242732784,0.0,0.0,0.14237320365738682,0.008448032715568219,0.10778079892676941,0.3015178978650691,0.0,0.0,0.14066991115540897,0.007812190979521972,0.1
2022-11-15,1363464263.0662405,578036480.9362407,1745609.18,783682172.9499999,0.5747728005628899,Crisis,0.55,0.0,0.0,0.0,0.31231190613854193,0.0,0.0,0.1402229637981436,0.008748890838674273,0.11348903978753011,0.29677902654351673,0.0,0.0,0.1367541711449591,0.016466802311524188,0.1
2022-11-16,1355967175.5834684,603044222.5534683,1745609.18,751177343.85,0.5539790028669173,Crisis,1.0000000000000002,0.0,0.0,0.0,0.29981790943801107,0.0,0.0,0.13563197053119153,0.014523950398375781,0.10400517249933891,0.5847649493535263,0.0,0.0,0.267859540546014,0.04737551010045983,0.1
2022-11-17,1350384920.9357488,337027160.8557488,1745609.18,1011612150.9,0.7491287374558386,Crisis,1.0000000000000002,0.0,0.0,0.0,0.42455576333207456,0.0,0.0,0.1924126195218102,0.029095889172676453,0.10306446542927741,0.5777887338773984,0.0,0.0,0.2639143574970804,0.058296908625521324,0.1
2022-11-18,1344958887.5922577,83451122.01225755,1745609.18,1259762156.4,0.9366547691693561,Crisis,1.0,0.0,0.0,0.0,0.5347319632107839,0.0,0.0,0.25063145283455907,0.05105304751948409,0.10023830560452893,0.5683415504080488,0.0,0.0,0.2630451119114281,0.06861333768052313,0.1
2022-11-21,1344101846.129695,19462233.99969492,1745609.18,1322894002.95,0.9842215504422063,Crisis,1.0,0.0,0.0,0.0,0.5632583982605053,0.0,0.0,0.25723348345631103,0.06403577247352049,0.09969389625186945,0.5683415504080488,0.0,0.0,0.2630451119114281,0.06861333768052313,0.1
2022-11-22,1347615399.829695,19462233.99969492,1745609.18,1326407556.65,0.9842626886110273,Crisis,1.0,0.0,0.0,0.0,0.5626933372428287,0.0,0.0,0.25660310801115865,0.06440175736413219,0.10056448599290765,0.5683415504080488,0.0,0.0,0.2630451119114281,0.06861333768052313,0.1
2022-11-23,1354026335.7296948,19462233.99969492,1745609.18,1332818492.55,0.9843372003778156,Crisis,1.0,0.0,0.0,0.0,0.5626050043845491,0.0,0.0,0.25561718473775286,0.06454350088612046,0.10157151036939306,0.5683415504080488,0.0,0.0,0.2630451119114281,0.06861333768052313,0.1
2022-11-24,1369555397.429695,19462233.99969492,1745609.18,1348347554.25,0.9845147971235799,Crisis,1.0,0.0,0.0,0.0,0.561451990692091,0.0,0.0,0.2559487558209521,0.06441886189165924,0.10269518871887764,0.5683415504080488,0.0,0.0,0.2630451119114281,0.06861333768052313,0.1
2022-11-25,1374625552.0296948,19462233.99969492,1745609.18,1353417708.85,0.9845719125849359,Crisis,1.0,0.0,0.0,0.0,0.5615127026485871,0.0,0.0,0.2573172013845695,0.06418126003094561,0.10156074852083367,0.5683415504080488,0.0,0.0,0.2630451119114281,0.06861333768052313,0.1
2022-11-28,1361566868.879695,19462233.99969492,1745609.18,1340359025.7,0.9844239429847872,Crisis,1.0,0.0,0.0,0.0,0.5639037591534114,0.0,0.0,0.2574941473777722,0.0634919973274103,0.09953403912619325,0.5683415504080488,0.0,0.0,0.2630451119114281,0.06861333768052313,0.1
2022-11-29,1378745059.329695,19462233.99969492,1745609.18,1357537216.15,0.9846180096630732,Crisis,1.0,0.0,0.0,0.0,0.5647300498966367,0.0,0.0,0.2562078446698024,0.06327667280448111,0.10040344229215294,0.5683415504080488,0.0,0.0,0.2630451119114281,0.06861333768052313,0.1
2022-11-30,1392922233.679695,19462233.99969492,1745609.18,1371714390.5,0.9847745676916435,Crisis,1.0,0.0,0.0,0.0,0.5621683476409103,0.0,0.0,0.25793866399193327,0.06314824896407441,0.10151930709472554,0.5683415504080488,0.0,0.0,0.2630451119114281,0.06861333768052313,0.1
2022-12-01,1391310217.2796948,19462233.99969492,1745609.18,1370102374.1,0.9847569270200857,Crisis,1.0,0.0,0.0,0.0,0.5623034420243366,0.0,0.0,0.25426859919974437,0.06430815995510895,0.10387672584089579,0.5683415504080488,0.0,0.0,0.2630451119114281,0.06861333768052313,0.1
2022-12-02,1380227953.7296948,19462233.99969492,1745609.18,1359020110.55,0.984634535822589,Crisis,1.0,0.0,0.0,0.0,0.5590826924384427,0.0,0.0,0.2578961678309195,0.06424938703811163,0.10340628851511527,0.5683415504080488,0.0,0.0,0.2630451119114281,0.06861333768052313,0.1
2022-12-05,1378751631.0296948,19462233.99969492,1745609.18,1357543787.85,0.9846180829799953,Crisis,1.0,0.0,0.0,0.0,0.5581728576271944,0.0,0.0,0.25802551525129475,0.0644004315220191,0.10401927857948708,0.5683415504080488,0.0,0.0,0.2630451119114281,0.06861333768052313,0.1
2022-12-06,1366339767.8296947,19462233.99969492,1745609.18,1345131924.6499999,0.984478353277105,Crisis,1.0,0.0,0.0,0.0,0.5608648322278198,0.0,0.0,0.25835060086167266,0.06379584496648037,0.10146707522113224,0.5683415504080488,0.0,0.0,0.2630451119114281,0.06861333768052313,0.1
2022-12-07,1376405544.129695,19462233.99969492,1745609.18,1355197700.95,0.984591864461644,Crisis,1.0,0.0,0.0,0.0,0.5626437674949004,0.0,0.0,0.2592844830668396,0.06294482056506187,0.09971879333484214,0.5683415504080488,0.0,0.0,0.2630451119114281,0.06861333768052313,0.1
2022-12-08,1374720271.429695,19462233.99969492,1745609.18,1353512428.25,0.9845729755933263,Crisis,1.0,0.0,0.0,0.0,0.5651469207201057,0.0,0.0,0.25891740115960254,0.06227957918374129,0.09822907452987682,0.5683415504080488,0.0,0.0,0.2630451119114281,0.06861333768052313,0.1
2022-12-09,1380793368.129695,19462233.99969492,1745609.18,1359585524.95,0.9846408277522211,Crisis,1.0,0.0,0.0,0.0,0.5629879480106131,0.0,0.0,0.25838442466106115,0.06296380183065445,0.10030465324989234,0.5683415504080488,0.0,0.0,0.2630451119114281,0.06861333768052313,0.1
2022-12-12,1382749144.9796948,19462233.99969492,1745609.18,1361541301.8,0.9846625519482738,Crisis,1.0,0.0,0.0,0.0,0.5649846211342059,0.0,0.0,0.25884441968340965,0.062273334474753535,0.09856017665590477,0.5683415504080488,0.0,0.0,0.2630451119114281,0.06861333768052313,0.1
2022-12-13,1366806724.5296948,19462233.99969492,1745609.18,1345598881.35,0.9844836561021513,Crisis,1.0,0.0,0.0,0.0,0.5638855278643718,0.0,0.0,0.25892519670019465,0.06272313302343388,0.098949798514151,0.5612561628060366,0.0,0.0,0.27440157564420753,0.0643422615497559,0.1
2022-12-14,1384648800.7477515,3583172.217751178,1745609.18,1379320019.3500001,0.9961515285357027,Crisis,1.0,0.0,0.0,0.0,0.5625589094717345,0.0,0.0,0.26863035579789707,0.06384001484872087,0.10112224841735008,0.5588072855406276,0.0,0.0,0.2842521720484108,0.05694054241096162,0.1
2022-12-15,1383270950.7226658,4772567.742665677,1745609.18,1376752773.8,0.995287852376817,Crisis,1.0,0.0,0.0,0.0,0.5607693658243535,0.0,0.0,0.2751836867543081,0.05880930265867329,0.10052549713948208,0.6208969839340307,0.0,0.0,0.31583574672045645,0.06326726934551291,0.0
2022-12-16,1366848034.3723385,4613385.742338432,1745609.18,1360489039.45,0.9953476942846404,Crisis,1.0,0.0,0.0,0.0,0.5982221643428569,0.0,0.0,0.31067433198233946,0.06183862278355891,0.024612575175885127,0.6208969839340307,0.0,0.0,0.31583574672045645,0.06326726934551291,0.0
2022-12-19,1367154668.983287,42829.75328705739,1745609.18,1365366230.05,0.9986918532526995,Crisis,1.0,0.0,0.0,0.0,0.6165448571205546,0.0,0.0,0.313579516441121,0.06245525977210689,0.006112219918916982,0.6242984370889648,0.0,0.0,0.3225753966810653,0.053126166229969914,0.0
2022-12-20,1362310861.9332871,42829.75328705739,1745609.18,1360522423.0,0.9986872020305636,Crisis,1.0,0.0,0.0,0.0,0.6175677273879063,0.0,0.0,0.3136785530679608,0.0615336795311444,0.00590724204355209,0.6242984370889648,0.0,0.0,0.3225753966810653,0.053126166229969914,0.0
2022-12-21,1364543415.283287,42829.75328705739,1745609.18,1362754976.35,0.9986893499222845,Crisis,1.0,0.0,0.0,0.0,0.6156840939909447,0.0,0.0,0.3153794120289365,0.06168363648768612,0.005942207414717288,0.6242984370889648,0.0,0.0,0.3225753966810653,0.053126166229969914,0.0
2022-12-22,1372046780.783287,42829.75328705739,1745609.18,1370258341.85,0.9986965175252508,Crisis,1.0,0.0,0.0,0.0,0.6156833379746303,0.0,0.0,0.3145295087924284,0.062371051190503554,0.006112619567688549,0.6242984370889648,0.0,0.0,0.3225753966810653,0.053126166229969914,0.0
2022-12-23,1363682470.6332872,42829.75328705739,1745609.18,1361894031.7,0.9986885224590027,Crisis,1.0,0.0,0.0,0.0,0.6153545636692858,0.0,0.0,0.31566138692102985,0.06169471399080867,0.005977857877878491,0.6242984370889648,0.0,0.0,0.3225753966810653,0.053126166229969914,0.0
2022-12-26,1370090936.1332872,42829.75328705739,1745609.18,1368302497.2,0.9986946567661161,Crisis,1.0,0.0,0.0,0.0,0.6152170085723415,0.0,0.0,0.31585845040427313,0.0616280261208777,0.005991171668623792,0.6242984370889648,0.0,0.0,0.3225753966810653,0.053126166229969914,0.0
2022-12-27,1372144479.6332872,42829.75328705739,1745609.18,1370356040.7,0.9986966103352578,Crisis,1.0,0.0,0.0,0.0,0.6156912068951965,0.0,0.0,0.31516608230321014,0.061812732739826,0.006026588397025091,0.6242984370889648,0.0,0.0,0.3225753966810653,0.053126166229969914,0.0
2022-12-28,1362103006.1332872,42829.75328705739,1745609.18,1360314567.2,0.9986870016986718,Crisis,1.0,0.0,0.0,0.0,0.6148885682130587,0.0,0.0,0.31652099588554305,0.06137568129837855,0.005901756301691454,0.6242984370889648,0.0,0.0,0.3225753966810653,0.053126166229969914,0.0
2022-12-29,1355481739.6332872,42829.75328705739,1745609.18,1353693300.7,0.9986805879555626,Crisis,1.0,0.0,0.0,0.0,0.613537000450476,0.0,0.0,0.31786278442715454,0.06139514651264456,0.005885656565287516,0.6242984370889648,0.0,0.0,0.3225753966810653,0.053126166229969914,0.0
2022-12-30,1366454001.3832872,42829.75328705739,1745609.18,1364665562.45,0.9986911824829254,Crisis,1.0,0.0,0.0,0.0,0.6157696941120694,0.0,0.0,0.3157215680610298,0.06129148871108451,0.005908431598741664,0.6242984370889648,0.0,0.0,0.3225753966810653,0.053126166229969914,0.0
2023-01-03,1367141378.3332872,42829.75328705739,1745609.18,1365352939.4,0.9986918405355651,Crisis,1.0,0.0,0.0,0.0,0.6142495594887031,0.0,0.0,0.31689085479086737,0.06156641978213953,0.005985006473855167,0.6242984370889648,0.0,0.0,0.3225753966810653,0.053126166229969914,0.0
2023-01-04,1368124073.3332872,42829.75328705739,1745609.18,1366335634.4,0.9986927801592367,Crisis,1.0,0.0,0.0,0.0,0.6131905364080465,0.0,0.0,0.31815411225058043,0.06138332161306961,0.005964809887540079,0.6242984370889648,0.0,0.0,0.3225753966810653,0.053126166229969914,0.0
2023-01-05,1377201903.0832872,42829.75328705739,1745609.18,1375413464.15,0.9987013967020498,Crisis,1.0,0.0,0.0,0.0,0.6153403958074185,0.0,0.0,0.3159710998262276,0.06142018814425388,0.0059697129241497995,0.6242984370889648,0.0,0.0,0.3225753966810653,0.053126166229969914,0.0
2023-01-06,1380450322.733287,42829.75328705739,1745609.18,1378661883.8,0.9987044525226043,Crisis,1.0,0.0,0.0,0.0,0.6142890981552828,0.0,0.0,0.31682052790863097,0.061550929143008665,0.006043897315681954,0.6242984370889648,0.0,0.0,0.3225753966810653,0.053126166229969914,0.0
2023-01-09,1410170248.3332872,42829.75328705739,1745609.18,1408381809.4,0.9987317567255436,Crisis,1.0,0.0,0.0,0.0,0.614836832946062,0.0,0.0,0.3152419365856128,0.062409485736930476,0.006243501456938355,0.629034325240638,0.0,0.0,0.3286397685501819,0.04232590620918013,0.0
2023-01-10,1412617695.0380445,1905607.9580441844,1745609.18,1408966477.9,0.9974152828816533,Crisis,1.0,0.0,0.0,0.0,0.6237643992391511,0.0,0.0,0.3245740171672221,0.047483654095238775,0.0015932123800412872,0.629034325240638,0.0,0.0,0.3286397685501819,0.04232590620918013,0.0
2023-01-11,1392247308.0380442,1905607.9580441844,1745609.18,1388596090.8999999,0.9973774651120069,Crisis,1.0,0.0,0.0,0.0,0.6258754718857672,0.0,0.0,0.3216751057189059,0.04821984543436123,0.001607042072972614,0.6331006639608814,0.0,0.0,0.3162116879265613,0.050687648112557354,0.0
2023-01-12,1379937368.0380445,1905607.9580441844,1745609.18,1376286150.9,0.9973540703928936,Crisis,1.0,0.0,0.0,0.0,0.6245747240872155,0.0,0.0,0.32272580648582166,0.048440930398920175,0.0016126094209361604,0.6304634337451805,0.0,0.0,0.3071193531448831,0.06241721310993639,0.0
2023-01-13,1382901845.3517885,84070.32178844,1745609.18,1381072165.85,0.9986769274276851,Crisis,0.9999999999999999,0.0,0.0,0.0,0.6268676036291464,0.0,0.0,0.3119548950274615,0.05940927787185105,0.0004451508992262578,0.6228475753088853,0.0,0.0,0.30354348073785387,0.07360894395326072,0.0
2023-01-16,1398076796.0017886,84070.32178844,1745609.18,1396247116.5,0.9986912882704146,Crisis,0.9999999999999999,0.0,0.0,0.0,0.6280500606340631,0.0,0.0,0.31097919745421754,0.05921570276880132,0.00044632741333273777,0.6228475753088853,0.0,0.0,0.30354348073785387,0.07360894395326072,0.0
2023-01-17,1394816335.7017887,84070.32178844,1745609.18,1392986656.2,0.9986882290843919,Crisis,0.9999999999999999,0.0,0.0,0.0,0.6283051995939398,0.0,0.0,0.310581536014229,0.05935412274788562,0.0004473707283375343,0.6228475753088853,0.0,0.0,0.30354348073785387,0.07360894395326072,0.0
2023-01-30,1415749024.0017886,84070.32178844,3568209.1799999997,1412096744.5,0.997420249323948,Crisis,0.9999999999999999,0.0,0.0,0.0,0.6272712390715928,0.0,0.0,0.3099123450283556,0.05976391194029395,0.00047275328370571026,0.6228475753088853,0.0,0.0,0.30354348073785387,0.07360894395326072,0.0
2023-01-31,1381349338.6517887,84070.32178844,3568209.1799999997,1377697059.15,0.9973560058997435,Crisis,0.9999999999999999,0.0,0.0,0.0,0.6248453124771636,0.0,0.0,0.3120016696288023,0.060034270607418457,0.00047475318635912015,0.6228475753088853,0.0,0.0,0.30354348073785387,0.07360894395326072,0.0
2023-02-01,1389538200.1017885,84070.32178844,3568209.1799999997,1385885920.6,0.9973715875522378,Crisis,0.9999999999999999,0.0,0.0,0.0,0.6266641108076142,0.0,0.0,0.31019650986811703,0.0600336140409017,0.00047735283560495926,0.6228475753088853,0.0,0.0,0.30354348073785387,0.07360894395326072,0.0
2023-02-02,1391289087.6517887,84070.32178844,3568209.1799999997,1387636808.15,0.9973748953152842,Crisis,0.9999999999999999,0.0,0.0,0.0,0.6250417802224915,0.0,0.0,0.31087744728164723,0.06096576243774074,0.0004899053734047474,0.6228475753088853,0.0,0.0,0.30354348073785387,0.07360894395326072,0.0
2023-02-03,1392073793.5517886,84070.32178844,3568209.1799999997,1388421514.05,0.9973763750752968,Crisis,0.9999999999999999,0.0,0.0,0.0,0.6237287262154741,0.0,0.0,0.3122268388452571,0.06093139630449084,0.000489413710074741,0.6228475753088853,0.0,0.0,0.30354348073785387,0.07360894395326072,0.0
2023-02-06,1382562178.0517886,84070.32178844,3568209.1799999997,1378909898.55,0.9973583253181892,Crisis,0.9999999999999999,0.0,0.0,0.0,0.6231030779128766,0.0,0.0,0.3133115507400883,0.06046328427542786,0.00048041238979641763,0.6228475753088853,0.0,0.0,0.30354348073785387,0.07360894395326072,0.0
2023-02-07,1385985606.5017886,84070.32178844,3568209.1799999997,1382333327.0,0.9973648503385205,Crisis,0.9999999999999999,0.0,0.0,0.0,0.6228571371523013,0.0,0.0,0.31384099370114105,0.06018749372913661,0.00047922575594160245,0.6228475753088853,0.0,0.0,0.30354348073785387,0.07360894395326072,0.0
2023-02-08,1387160857.5017886,84070.32178844,3568209.1799999997,1383508578.0,0.9973670829291087,Bull,1.0000000000000002,0.0,0.0,0.0,0.621766339019473,0.0,0.0,0.3140377683266905,0.06107139596814262,0.0004915796148026191,0.6671356814816641,0.0,0.0,0.2352744556201621,0.09758986289817388,0.0
2023-02-09,1388153169.944421,5619989.364420833,3568209.1799999997,1378964971.4,0.9933809908421065,Bull,1.0,0.0,0.0,0.0,0.6492274706515876,0.0,0.0,0.25558944623827456,0.08840054732930748,0.00016352662293678198,0.7003517611112481,0.0,0.0,0.18405750072678648,0.11559073816196543,0.0
2023-02-10,1396239239.7641356,11077963.234135607,3568209.1799999997,1381593067.35,0.9895102701621465,Crisis,1.0,0.0,0.0,0.0,0.6802507695675757,0.0,0.0,0.2009384151439507,0.10824004633011888,8.10391205013793e-05,0.6752638208334361,0.0,0.0,0.21169131372312353,0.11304486544344039,0.0
2023-02-13,1408974506.5641358,11077963.234135607,3568209.1799999997,1394328334.15,0.9896050834518992,Crisis,1.0,0.0,0.0,0.0,0.6808545361756216,0.0,0.0,0.2016304756945354,0.10704008432897427,7.998725276784839e-05,0.6564478656250771,0.0,0.0,0.23319290966174766,0.11035922471317527,0.0
2023-02-14,1413917224.6381998,52803.65819986723,3568209.1799999997,1410296211.8,0.9974390206335265,Bull,1.0,0.0,0.0,0.0,0.6633121765950524,0.0,0.0,0.2240898508617262,0.10995601248141107,8.098069533688497e-05,0.6923358992188078,0.0,0.0,0.1824180992349857,0.1252460015462065,0.0
2023-02-15,1399863768.5503893,4938047.070389376,3568209.1799999997,1391357512.3,0.9939235113862559,Crisis,1.0,0.0,0.0,0.0,0.6809125171423345,0.0,0.0,0.19313679378956508,0.11979547850835286,7.872194600344301e-05,0.6692519244141059,0.0,0.0,0.2142830391052304,0.11646503648066375,0.0
2023-02-16,1404646502.3419425,5730509.911942502,3568209.1799999997,1395347783.25,0.9933800290133931,Crisis,1.0,0.0,0.0,0.0,0.6711258894520876,0.0,0.0,0.2038132722522578,0.11836045561841119,8.041169063652701e-05,0.6519389433105794,0.0,0.0,0.23851789504343357,0.10954316164598704,0.0
2023-02-17,1404211773.0053256,3287576.4253255017,3568209.1799999997,1397355987.4,0.9951176982438678,Crisis,1.0,0.0,0.0,0.0,0.6574476906885317,0.0,0.0,0.22723096767455309,0.1103599563677866,7.908351299628281e-05,0.6389542074829346,0.0,0.0,0.257001249499072,0.10404454301799348,0.0
2023-02-20,1414706545.8994887,676434.9694886319,3568209.1799999997,1410461901.75,0.9969996292433991,Crisis,1.0,0.0,0.0,0.0,0.6505653800907691,0.0,0.0,0.2412937163466357,0.10506136444395858,7.916836203566794e-05,0.6292156556122009,0.0,0.0,0.2712291269746001,0.09955521741319898,0.0
2023-02-21,1408233114.491248,7784075.66124776,3568209.1799999997,1396880829.65,0.9919386323724186,Crisis,0.9999999999999999,0.0,0.0,0.0,0.6342685528827985,0.0,0.0,0.25622945255790075,0.10136105913939374,7.956779232569054e-05,0.6219117417091506,0.0,0.0,0.2824687920664844,0.09561946622436489,0.0
2023-02-22,1414074639.6020274,8135002.422027262,3568209.1799999997,1402371428.0,0.9917237667133886,Crisis,1.0,0.0,0.0,0.0,0.6253656654565832,0.0,0.0,0.2706012747019435,0.09567917860267806,7.764795218369926e-05,0.628933806281863,0.0,0.0,0.29935159404986333,0.07171459966827366,0.0
2023-02-23,1419199324.4357164,26346.85571651347,3568209.1799999997,1415604768.3999999,0.9974671943723298,Bull,1.0,0.0,0.0,0.0,0.6269729368380235,0.0,0.0,0.29183532775755644,0.07857923695414736,7.969282260261035e-05,0.6717003547113973,0.0,0.0,0.2376087619560158,0.09069088333258693,0.0
2023-02-24,1408587927.078324,7888365.848324152,3568209.1799999997,1397131352.05,0.9918666241502672,Crisis,1.0,0.0,0.0,0.0,0.6524086174415299,0.0,0.0,0.2515808869205899,0.08779771402450996,7.94057636373456e-05,0.653775266033548,0.0,0.0,0.2595600717505235,0.0866646622159286,0.0
2023-03-01,1404133563.2783241,7888365.848324152,3568209.1799999997,1392676988.25,0.9918408224630885,Bull,0.9999999999999999,0.0,0.0,0.0,0.6526967677563724,0.0,0.0,0.2505799371240139,0.08848399699948827,8.012058321384951e-05,0.6903314495251609,0.0,0.0,0.22045641229589039,0.08921213817894863,0.0
2023-03-02,1397277658.731134,8794196.601133786,3568209.1799999997,1384915252.95,0.9911525059433355,Bull,1.0,0.0,0.0,0.0,0.6700142216545266,0.0,0.0,0.23170212303687654,0.08935571911554104,8.044213639118105e-05,0.7161098826097971,0.0,0.0,0.2009906974035456,0.08289941998665734,0.0
2023-03-03,1399644175.553912,615383.973911671,3568209.1799999997,1395460582.4,0.9970109594802864,Bull,1.0,0.0,0.0,0.0,0.6947536733864288,0.0,0.0,0.21767239511387146,0.08450422762141821,8.066335856777284e-05,0.7347933449357581,0.0,0.0,0.1866386939759669,0.07856796108827509,0.0
2023-03-06,1407718129.383637,7672487.2536368,3568209.1799999997,1396477432.95,0.9920149522841205,Bull,1.0000000000000002,0.0,0.0,0.0,0.7167353050939034,0.0,0.0,0.19481968319899357,0.08037795183439315,8.201215683039421e-05,0.7502756749412431,0.0,0.0,0.17156616890122095,0.07815815615753607,0.0
2023-03-07,1416648853.1470613,9487819.117061421,1745609.18,1405415424.85,0.9920704214935786,Bull,0.9999999999999999,1822600.0,0.0,0.0,0.7360946380844237,0.0,0.0,0.1771185565446208,0.07877463759074196,8.258927379222204e-05,0.7627067562059322,0.0,0.0,0.1572700205256153,0.08002322326845242,0.0
2023-03-08,1416494788.3550088,786107.0250089262,1745609.18,1413963072.1499999,0.998212689361216,Bull,0.9999999999999999,0.0,0.0,0.0,0.7562524274402933,0.0,0.0,0.16289562227614113,0.07898299444498932,8.164519979230254e-05,0.7627067562059322,0.0,0.0,0.1572700205256153,0.08002322326845242,0.0
2023-03-09,1410891572.855009,786107.0250089262,1745609.18,1408359856.65,0.9982055912348488,Bull,0.9999999999999999,0.0,0.0,0.0,0.7550813805587029,0.0,0.0,0.16381195015029779,0.07923075178186477,8.150874398327563e-05,0.7627067562059322,0.0,0.0,0.1572700205256153,0.08002322326845242,0.0
2023-03-10,1395721207.955009,786107.0250089262,1745609.18,1393189491.75,0.9981860874574526,Bull,0.9999999999999999,0.0,0.0,0.0,0.7553744155645051,0.0,0.0,0.1639062290492718,0.07882591406717843,7.952877649730324e-05,0.7627067562059322,0.0,0.0,0.1572700205256153,0.08002322326845242,0.0
2023-03-13,1393282202.955009,786107.0250089262,1745609.18,1390750486.75,0.9981829121195696,Bull,0.9999999999999999,0.0,0.0,0.0,0.7540634155246768,0.0,0.0,0.16474157174561418,0.07929764678374183,8.027806553674309e-05,0.7627067562059322,0.0,0.0,0.1572700205256153,0.08002322326845242,0.0
2023-03-14,1378476834.355009,786107.0250089262,1745609.18,1375945118.15,0.998163395900524,Bull,0.9999999999999999,0.0,0.0,0.0,0.75314030840117,0.0,0.0,0.16567155450737528,0.07927227884908919,7.925414288961787e-05,0.7627067562059322,0.0,0.0,0.1572700205256153,0.08002322326845242,0.0
2023-03-15,1374098485.255009,786107.0250089262,1745609.18,1371566769.05,0.9981575438498943,Bull,0.9999999999999999,0.0,0.0,0.0,0.7515378847523808,0.0,0.0,0.1669472039025114,0.07959254825879761,7.990693620452031e-05,0.7627067562059322,0.0,0.0,0.1572700205256153,0.08002322326845242,0.0
2023-03-16,1365446931.455009,786107.0250089262,1745609.18,1362915215.25,0.998145869937024,Bull,0.9999999999999999,0.0,0.0,0.0,0.7493337834519227,0.0,0.0,0.16901081593415554,0.07972224880538083,7.90217455650383e-05,0.7627067562059322,0.0,0.0,0.1572700205256153,0.08002322326845242,0.0
2023-03-17,1368536852.555009,786107.0250089262,1745609.18,1366005136.35,0.9981500562441689,Bull,0.9999999999999999,0.0,0.0,0.0,0.7489910369869259,0.0,0.0,0.16824450110359382,0.08083340963268174,8.110852096731411e-05,0.7627067562059322,0.0,0.0,0.1572700205256153,0.08002322326845242,0.0
2023-03-20,1366206148.005009,786107.0250089262,1745609.18,1363674431.8,0.998146900298534,Bull,0.9999999999999999,0.0,0.0,0.0,0.7474415799483404,0.0,0.0,0.1702319963496075,0.08039269927190909,8.062472867718068e-05,0.7627067562059322,0.0,0.0,0.1572700205256153,0.08002322326845242,0.0
2023-03-21,1374356428.7298865,2887157.649886299,1745609.18,1369723661.9,0.9966291372943423,Bull,0.9999999999999999,0.0,0.0,0.0,0.7577500203949485,0.0,0.0,0.15876885750929579,0.0800291305084854,8.11288816126417e-05,0.7627067562059322,0.0,0.0,0.1572700205256153,0.08002322326845242,0.0
2023-03-22,1393360002.6798866,2887157.649886299,1745609.18,1388727235.8500001,0.9966751113703737,Bull,1.0,0.0,0.0,0.0,0.7587903943105355,0.0,0.0,0.1573673706567386,0.08043456090633039,8.278549676906489e-05,0.7632059943072472,0.0,0.0,0.14586585182463083,0.09092815386812204,0.0
2023-03-23,1403467204.9798865,2887157.649886299,1745609.18,1398834438.15,0.9966990558714531,Bull,1.0,0.0,0.0,0.0,0.7586885424695476,0.0,0.0,0.15744436294339115,0.08048278548953966,8.336496897458801e-05,0.7632059943072472,0.0,0.0,0.14586585182463083,0.09092815386812204,0.0
2023-03-24,1405942110.5798864,2887157.649886299,1745609.18,1401309343.75,0.9967048665837489,Bull,1.0,0.0,0.0,0.0,0.7570159793499724,0.0,0.0,0.15903286367016847,0.08057188069662233,8.414286698561628e-05,0.7632059943072472,0.0,0.0,0.14586585182463083,0.09092815386812204,0.0
2023-03-27,1404952422.0798864,2887157.649886299,1745609.18,1400319655.25,0.9967025453979231,Bull,1.0,0.0,0.0,0.0,0.7575406743485317,0.0,0.0,0.15894488417580196,0.08013378120899699,8.320566459250034e-05,0.7632059943072472,0.0,0.0,0.14586585182463083,0.09092815386812204,0.0
2023-03-28,1401437649.2298865,2887157.649886299,1745609.18,1396804882.4,0.9966942754588959,Bull,1.0,0.0,0.0,0.0,0.7575310845854504,0.0,0.0,0.15944127098539693,0.07964021807272839,8.170181532008911e-05,0.7632059943072472,0.0,0.0,0.14586585182463083,0.09092815386812204,0.0
2023-03-29,1409529911.6798863,2887157.649886299,1745609.18,1404897144.85,0.9967132539781542,Bull,1.0,0.0,0.0,0.0,0.7567583248933909,0.0,0.0,0.1605584940941622,0.07931452825059995,8.190674000128595e-05,0.7632059943072472,0.0,0.0,0.14586585182463083,0.09092815386812204,0.0
2023-03-30,1406655825.6298864,2887157.649886299,1745609.18,1402023058.8,0.996706538482637,Bull,1.0,0.0,0.0,0.0,0.7558749193846935,0.0,0.0,0.16087659530977738,0.07987198997287749,8.303381528861058e-05,0.7632059943072472,0.0,0.0,0.14586585182463083,0.09092815386812204,0.0
2023-03-31,1410869527.0187232,760533.9387230536,1745609.18,1408363383.9,0.9982236889586673,Bull,1.0,0.0,0.0,0.0,0.7609184005614669,0.0,0.0,0.14905169895076292,0.08817030747191776,8.328197451984566e-05,0.7632059943072472,0.0,0.0,0.14586585182463083,0.09092815386812204,0.0
2023-04-06,1416714459.0187232,760533.9387230536,1745609.18,1414208315.9,0.99823101747655,Bull,1.0,0.0,0.0,0.0,0.7611560742077164,0.0,0.0,0.1496197759898762,0.08737328768828785,8.187959066948928e-05,0.7632059943072472,0.0,0.0,0.14586585182463083,0.09092815386812204,0.0
2023-04-07,1412970164.0687232,760533.9387230536,1745609.18,1410464020.95,0.9982263297679927,Bull,1.0,0.0,0.0,0.0,0.7606150846492524,0.0,0.0,0.1499239017121219,0.08760482220202033,8.25212045980108e-05,0.7632059943072472,0.0,0.0,0.14586585182463083,0.09092815386812204,0.0
2023-04-10,1418232040.0687232,760533.9387230536,1745609.18,1415725896.95,0.9982329103786136,Bull,1.0,0.0,0.0,0.0,0.760130230098145,0.0,0.0,0.15074014262831112,0.08727979378748336,8.274386467415697e-05,0.7632059943072472,0.0,0.0,0.14586585182463083,0.09092815386812204,0.0
2023-04-11,1424859866.6187232,760533.9387230536,1745609.18,1422353723.5,0.998241130108696,Bull,1.0,0.0,0.0,0.0,0.7602096871957517,0.0,0.0,0.15118258647511082,0.08676611145865189,8.274497918155537e-05,0.7632059943072472,0.0,0.0,0.14586585182463083,0.09092815386812204,0.0
2023-04-12,1424085087.468723,760533.9387230536,1745609.18,1421578944.35,0.9982401731885433,Bull,1.0,0.0,0.0,0.0,0.7604007680993169,0.0,0.0,0.15115880497184672,0.0865978101204634,8.278999691624073e-05,0.7632059943072472,0.0,0.0,0.14586585182463083,0.09092815386812204,0.0
2023-04-13,1428050023.0687232,760533.9387230536,1745609.18,1425543879.95,0.9982450592918743,Bull,1.0,0.0,0.0,0.0,0.7610322554490092,0.0,0.0,0.15152620461782426,0.0856051945136357,8.140471140513094e-05,0.7632059943072472,0.0,0.0,0.14586585182463083,0.09092815386812204,0.0
2023-04-14,1435811714.5687232,760533.9387230536,1745609.18,1433305571.45,0.998254546126561,Bull,1.0,0.0,0.0,0.0,0.7599657116446885,0.0,0.0,0.15224454417107158,0.08596179342155133,8.249688924956221e-05,0.7632059943072472,0.0,0.0,0.14586585182463083,0.09092815386812204,0.0
2023-04-17,1432157734.5687232,760533.9387230536,1745609.18,1429651591.45,0.9982500928087521,Bull,1.0,0.0,0.0,0.0,0.7597501414728334,0.0,0.0,0.1524507355090663,0.08596682266780865,8.239315904370985e-05,0.7632059943072472,0.0,0.0,0.14586585182463083,0.09092815386812204,0.0
2023-04-18,1440193196.918723,760533.9387230536,1745609.18,1437687053.8,0.9982598562997763,Bull,1.0,0.0,0.0,0.0,0.7610465430228355,0.0,0.0,0.15192892208360315,0.08520304794005011,8.134325328757356e-05,0.7632059943072472,0.0,0.0,0.14586585182463083,0.09092815386812204,0.0
2023-04-19,1436627914.5687232,760533.9387230536,1745609.18,1434121771.45,0.998255537781698,Bull,1.0,0.0,0.0,0.0,0.76225793077308,0.0,0.0,0.151143172005804,0.08477362075799627,8.081424481777058e-05,0.7632059943072472,0.0,0.0,0.14586585182463083,0.09092815386812204,0.0
2023-04-20,1432330203.0687232,760533.9387230536,1745609.18,1429824059.95,0.9982503035170565,Bull,1.0,0.0,0.0,0.0,0.7620235596593304,0.0,0.0,0.1512256039396017,0.08492085116923556,8.028874888878001e-05,0.7632059943072472,0.0,0.0,0.14586585182463083,0.09092815386812204,0.0
2023-04-21,1435971711.518723,760533.9387230536,1745609.18,1433465568.3999999,0.998254740606225,Bull,1.0,0.0,0.0,0.0,0.762164086952997,0.0,0.0,0.15151969795413556,0.08449177586630895,7.917983278357744e-05,0.7724044957304355,0.0,0.0,0.14821895405918775,0.07937655021037689,0.0
2023-04-24,1438435324.0187232,760533.9387230536,1745609.18,1435929180.9,0.9982577297172309,Bull,1.0,0.0,0.0,0.0,0.7626995198052574,0.0,0.0,0.1514520648668138,0.08402703130393004,7.911374122964651e-05,0.7724044957304355,0.0,0.0,0.14821895405918775,0.07937655021037689,0.0
2023-04-25,1434466170.0187232,760533.9387230536,1745609.18,1431960026.9,0.998252908872232,Bull,1.0,0.0,0.0,0.0,0.763150815111737,0.0,0.0,0.15187113126352536,0.08315413949319075,7.682300377886334e-05,0.7724044957304355,0.0,0.0,0.14821895405918775,0.07937655021037689,0.0
2023-04-26,1441031453.0187232,760533.9387230536,1745609.18,1438525309.9,0.9982608685511526,Bull,1.0,0.0,0.0,0.0,0.7632303289397459,0.0,0.0,0.15253379760694513,0.08242033839802441,7.640360643715212e-05,0.7724044957304355,0.0,0.0,0.14821895405918775,0.07937655021037689,0.0
2023-04-27,1436131265.418723,760533.9387230536,1745609.18,1433625122.3,0.9982549345041991,Bull,1.0,0.0,0.0,0.0,0.7635411530298295,0.0,0.0,0.1520066481780489,0.0826303297320115,7.680356430917238e-05,0.7724044957304355,0.0,0.0,0.14821895405918775,0.07937655021037689,0.0
2023-04-28,1434827522.418723,760533.9387230536,1745609.18,1432321379.3,0.9982533488662815,Bull,1.0,0.0,0.0,0.0,0.7612596721442335,0.0,0.0,0.1532114463691245,0.08370357978465887,7.865056826465529e-05,0.7724044957304355,0.0,0.0,0.14821895405918775,0.07937655021037689,0.0
2023-05-02,1435998934.8187232,760533.9387230536,1745609.18,1433492791.7,0.9982547736924056,Bull,1.0,0.0,0.0,0.0,0.7641039384465242,0.0,0.0,0.15022260446678665,0.0838490176284148,7.92131506799199e-05,0.7724044957304355,0.0,0.0,0.14821895405918775,0.07937655021037689,0.0
2023-05-03,1431158029.5187232,760533.9387230536,1745609.18,1428651886.4,0.998248870448244,Bull,1.0,0.0,0.0,0.0,0.7627146086495262,0.0,0.0,0.15168031448840083,0.08377523482876247,7.871248155445313e-05,0.7724044957304355,0.0,0.0,0.14821895405918775,0.07937655021037689,0.0
2023-05-04,1438975171.018723,760533.9387230536,1745609.18,1436469027.8999999,0.9982583833486516,Bull,1.0,0.0,0.0,0.0,0.7616119443701924,0.0,0.0,0.15303425968364728,0.08353340795651297,7.877133829887685e-05,0.7724044957304355,0.0,0.0,0.14821895405918775,0.07937655021037689,0.0
2023-05-05,1440050910.5187232,760533.9387230536,1745609.18,1437544767.4,0.9982596843622561,Bull,1.0,0.0,0.0,0.0,0.7619960929053091,0.0,0.0,0.15250051119435384,0.08368412472069553,7.895554189750412e-05,0.7724044957304355,0.0,0.0,0.14821895405918775,0.07937655021037689,0.0
2023-05-08,1447332072.718723,760533.9387230536,1745609.18,1444825929.6,0.998268439450792,Bull,1.0,0.0,0.0,0.0,0.7626445584989908,0.0,0.0,0.15175128371710184,0.08379324433278769,7.935290191162657e-05,0.7724044957304355,0.0,0.0,0.14821895405918775,0.07937655021037689,0.0
2023-05-09,1451508408.6187232,760533.9387230536,1745609.18,1449002265.5,0.9982734215634975,Bull,1.0,0.0,0.0,0.0,0.7637908322935633,0.0,0.0,0.15060436350349932,0.08379882560635621,7.940016007876496e-05,0.7724044957304355,0.0,0.0,0.14821895405918775,0.07937655021037689,0.0
2023-05-10,1452786749.8187232,760533.9387230536,1745609.18,1450280606.7,0.9982749408204364,Bull,1.0,0.0,0.0,0.0,0.7647887116527174,0.0,0.0,0.15045773237350527,0.08295050874812632,7.798804608738166e-05,0.7724044957304355,0.0,0.0,0.14821895405918775,0.07937655021037689,0.0
2023-05-11,1450686053.718723,760533.9387230536,1745609.18,1448179910.6,0.9982724428126273,Bull,1.0,0.0,0.0,0.0,0.7650415524124067,0.0,0.0,0.15025925109104582,0.08289433105925223,7.73082499225191e-05,0.7724044957304355,0.0,0.0,0.14821895405918775,0.07937655021037689,0.0
2023-05-12,1439042127.768723,760533.9387230536,1745609.18,1436535984.6499999,0.9982584643837988,Bull,1.0,0.0,0.0,0.0,0.7638193583354592,0.0,0.0,0.15104491786979374,0.08331625439340101,7.793378514490876e-05,0.7724044957304355,0.0,0.0,0.14821895405918775,0.07937655021037689,0.0
2023-05-15,1444508361.668723,760533.9387230536,1745609.18,1442002218.55,0.9982650546128871,Bull,1.0,0.0,0.0,0.0,0.7647171161224009,0.0,0.0,0.1504695339727269,0.08300097332873474,7.743118902460957e-05,0.7724044957304355,0.0,0.0,0.14821895405918775,0.07937655021037689,0.0
2023-05-16,1456516754.168723,760533.9387230536,1745609.18,1454010611.05,0.9982793585370369,Bull,1.0,0.0,0.0,0.0,0.7650355602575656,0.0,0.0,0.14986508007906807,0.08329996867715081,7.87495232524549e-05,0.7724044957304355,0.0,0.0,0.14821895405918775,0.07937655021037689,0.0
2023-05-17,1474524682.5687232,760533.9387230536,1745609.18,1472018539.45,0.9983003722159759,Bull,1.0,0.0,0.0,0.0,0.7653284497646272,0.0,0.0,0.14925623328095264,0.08363552774522803,8.016142516793106e-05,0.7724044957304355,0.0,0.0,0.14821895405918775,0.07937655021037689,0.0
2023-05-18,1483710437.1187232,760533.9387230536,1745609.18,1481204294.0,0.9983108947298437,Bull,1.0,0.0,0.0,0.0,0.7658761208195726,0.0,0.0,0.1481323407192648,0.08422091458941529,8.151860159107437e-05,0.7793033717978266,0.0,0.0,0.13437072678403325,0.08632590141814023,0.0
2023-05-19,1488603732.7687232,760533.9387230536,1745609.18,1486097589.65,0.9983164471084176,Bull,1.0,0.0,0.0,0.0,0.7660726387733537,0.0,0.0,0.14797725892457084,0.08418459341554663,8.195599494640964e-05,0.7793033717978266,0.0,0.0,0.13437072678403325,0.08632590141814023,0.0
2023-05-22,1485337326.7687232,760533.9387230536,1745609.18,1482831183.65,0.9983127448064776,Bull,1.0,0.0,0.0,0.0,0.7667679005466317,0.0,0.0,0.14723086537907432,0.08423197730590723,8.200157486445842e-05,0.78447752884837,0.0,0.0,0.12240750314959795,0.09311496800203217,0.0
2023-05-23,1487507606.758379,764813.0783787994,1745609.18,1484997184.5,0.9983123298012239,Bull,1.0,0.0,0.0,0.0,0.7793587604075423,0.0,0.0,0.1282591088161004,0.09061237696372591,8.208361385531599e-05,0.78447752884837,0.0,0.0,0.12240750314959795,0.09311496800203217,0.0
2023-05-24,1481907730.808379,764813.0783787994,1745609.18,1479397308.55,0.998305952384087,Bull,1.0,0.0,0.0,0.0,0.7790662229153897,0.0,0.0,0.12864977760525093,0.09050819913520194,8.175272824436432e-05,0.7883581466362775,0.0,0.0,0.11235666240011574,0.09928519096360686,0.0
2023-05-26,1478593280.8326633,290419.6526633017,1745609.18,1476557252.0,0.9986229960198949,Bull,1.0,0.0,0.0,0.0,0.7809073779570858,0.0,0.0,0.11685904585113208,0.10077067976130119,8.58924503758603e-05,0.7912686099772082,0.0,0.0,0.09988715599963903,0.10884423402315291,0.0
2023-05-29,1483167480.4287148,56335.04871467734,1745609.18,1481365536.2,0.9987850702955045,Bull,1.0,0.0,0.0,0.0,0.7884708582350868,0.0,0.0,0.10306159082979353,0.10716557779034944,8.704344027465003e-05,0.7912686099772082,0.0,0.0,0.09988715599963903,0.10884423402315291,0.0
2023-05-30,1485632025.3787148,56335.04871467734,1745609.18,1483830081.15,0.998787085766911,Bull,1.0,0.0,0.0,0.0,0.7887638130655427,0.0,0.0,0.1029485076972623,0.10698779865053201,8.696635357403833e-05,0.7912686099772082,0.0,0.0,0.09988715599963903,0.10884423402315291,0.0
2023-05-31,1480834203.3787148,56335.04871467734,1745609.18,1479032259.15,0.9987831559909925,Bull,1.0,0.0,0.0,0.0,0.7888632680719125,0.0,0.0,0.1030069400422876,0.1068263412872719,8.660658952054256e-05,0.7912686099772082,0.0,0.0,0.09988715599963903,0.10884423402315291,0.0
2023-06-01,1472297828.2787147,56335.04871467734,1745609.18,1470495884.05,0.9987761007357993,Bull,1.0,0.0,0.0,0.0,0.7873838511365002,0.0,0.0,0.10471169422306267,0.10659399001048495,8.656536575144154e-05,0.7912686099772082,0.0,0.0,0.09988715599963903,0.10884423402315291,0.0
2023-06-02,1478139089.9287148,56335.04871467734,1745609.18,1476337145.7,0.9987809373008317,Bull,1.0,0.0,0.0,0.0,0.7867387133074756,0.0,0.0,0.10442359656928081,0.107530137781327,8.848964274823963e-05,0.7912686099772082,0.0,0.0,0.09988715599963903,0.10884423402315291,0.0
2023-06-05,1484427638.8787148,56335.04871467734,1745609.18,1482625694.65,0.9987861016721059,Bull,1.0,0.0,0.0,0.0,0.7884885823967281,0.0,0.0,0.10347301274720454,0.10673669490530524,8.781162286796402e-05,0.7912686099772082,0.0,0.0,0.09988715599963903,0.10884423402315291,0.0
2023-06-06,1484893675.8287146,56335.04871467734,1745609.18,1483091731.6,0.9987864826566056,Bull,1.0,0.0,0.0,0.0,0.7874178809115442,0.0,0.0,0.10428154050395586,0.1069987720914284,8.828914967722082e-05,0.7912686099772082,0.0,0.0,0.09988715599963903,0.10884423402315291,0.0
2023-06-07,1493875510.7287147,56335.04871467734,1745609.18,1492073566.5,0.9987937788552168,Bull,1.0,0.0,0.0,0.0,0.7875772499450646,0.0,0.0,0.10359631635202846,0.10753064686202723,8.956569609654567e-05,0.7934514574829061,0.0,0.0,0.0896168507760904,0.11693169174100354,0.0
2023-06-08,1495268315.6287148,56335.04871467734,1745609.18,1493466371.4,0.9987949024199332,Bull,1.0,0.0,0.0,0.0,0.7886931456205818,0.0,0.0,0.10363210293454587,0.10638217792578314,8.747593902235706e-05,0.7934514574829061,0.0,0.0,0.0896168507760904,0.11693169174100354,0.0
2023-06-09,1497159657.0287147,56335.04871467734,1745609.18,1495357712.8,0.9987964248032899,Bull,1.0,0.0,0.0,0.0,0.7883852648972105,0.0,0.0,0.10327863115605872,0.10704349348956996,8.903526045081202e-05,0.7950885931121796,0.0,0.0,0.07904881209512138,0.12586259479269907,0.0
2023-06-12,1496118408.331198,718062.2511978063,1745609.18,1493654736.9,0.998353291144953,Bull,1.0,0.0,0.0,0.0,0.7910468050587658,0.0,0.0,0.08486580961304008,0.1223506100724868,9.006640066029466e-05,0.7963164448341347,0.0,0.0,0.06775588339152333,0.135927671774342,0.0
2023-06-13,1504557172.6430936,245996.4130935577,1745609.18,1502565567.05,0.998676284537865,Bull,1.0,0.0,0.0,0.0,0.791433777792682,0.0,0.0,0.07276327014391874,0.1343866179872737,9.261861399072016e-05,0.7963164448341347,0.0,0.0,0.06775588339152333,0.135927671774342,0.0
2023-06-14,1500700921.1930935,245996.4130935577,1745609.18,1498709315.6,0.9986728830741902,Bull,1.0,0.0,0.0,0.0,0.7910837521550683,0.0,0.0,0.07281564131587534,0.1346807329466509,9.27566565957277e-05,0.7963164448341347,0.0,0.0,0.06775588339152333,0.135927671774342,0.0
2023-06-15,1498861634.2930937,245996.4130935577,1745609.18,1496870028.7,0.9986712545390937,Bull,1.0,0.0,0.0,0.0,0.7893793206989498,0.0,0.0,0.07394178185918403,0.13525618066514422,9.397131581557154e-05,0.7963164448341347,0.0,0.0,0.06775588339152333,0.135927671774342,0.0
2023-06-16,1487692208.1930935,245996.4130935577,1745609.18,1485700602.6,0.9986612784673299,Bull,1.0,0.0,0.0,0.0,0.7894844754389918,0.0,0.0,0.07317272981634843,0.13591006855213472,9.400465985491557e-05,0.7963164448341347,0.0,0.0,0.06775588339152333,0.135927671774342,0.0
2023-06-19,1497636157.1430936,245996.4130935577,1745609.18,1495644551.55,0.9986701672608567,Bull,1.0,0.0,0.0,0.0,0.7891151304763021,0.0,0.0,0.07476215065052147,0.1346997727303971,9.311340363604488e-05,0.7963164448341347,0.0,0.0,0.06775588339152333,0.135927671774342,0.0
2023-06-20,1494759447.5430937,245996.4130935577,1745609.18,1492767841.95,0.998667607957677,Bull,1.0,0.0,0.0,0.0,0.7919789661780149,0.0,0.0,0.07235679304638205,0.1342392251340597,9.262359922030766e-05,0.7963164448341347,0.0,0.0,0.06775588339152333,0.135927671774342,0.0
2023-06-21,1498584876.5430937,245996.4130935577,1745609.18,1496593270.95,0.9986710091471843,Bull,1.0,0.0,0.0,0.0,0.793681785774913,0.0,0.0,0.0710003161418801,0.13389655343571055,9.23537946807914e-05,0.7963164448341347,0.0,0.0,0.06775588339152333,0.135927671774342,0.0
2023-06-26,1491940231.5930936,245996.4130935577,1745609.18,1489948626.0,0.9986650902288713,Bull,1.0,0.0,0.0,0.0,0.7940014290888057,0.0,0.0,0.07090364463665133,0.1336687259831134,9.129052030091424e-05,0.7963164448341347,0.0,0.0,0.06775588339152333,0.135927671774342,0.0
2023-06-27,1489080927.5930936,245996.4130935577,1745609.18,1487089322.0,0.9986625269613031,Bull,1.0,0.0,0.0,0.0,0.7938467615126297,0.0,0.0,0.07167776983922672,0.13304804079401794,8.995481542867708e-05,0.7963164448341347,0.0,0.0,0.06775588339152333,0.135927671774342,0.0
2023-06-28,1490414323.5930936,245996.4130935577,1745609.18,1488422718.0,0.9986637235287082,Bull,1.0,0.0,0.0,0.0,0.7941907154692384,0.0,0.0,0.07124763786756998,0.13313526102032658,9.01091715733309e-05,0.7963164448341347,0.0,0.0,0.06775588339152333,0.135927671774342,0.0
2023-06-29,1495890244.5430937,245996.4130935577,1985411.18,1493658836.95,0.9985083079448952,Bull,1.0,0.0,0.0,0.0,0.794210699136473,0.0,0.0,0.07161120302159575,0.1325965261980729,8.987958875356296e-05,0.7963164448341347,0.0,0.0,0.06775588339152333,0.135927671774342,0.0
2023-06-30,1493321151.1430936,245996.4130935577,2828211.1799999997,1490246943.55,0.9979413620501254,Bull,1.0,0.0,0.0,0.0,0.7937086357095503,0.0,0.0,0.07126605011824565,0.13287610628705698,9.056993527244297e-05,0.7963164448341347,0.0,0.0,0.06775588339152333,0.135927671774342,0.0
2023-07-03,1495964666.9930937,245996.4130935577,2828211.1799999997,1492890459.4,0.9979449998646874,Bull,1.0,0.0,0.0,0.0,0.7935299780749971,0.0,0.0,0.07003708196570908,0.1342851903071902,9.274951679098752e-05,0.7963164448341347,0.0,0.0,0.06775588339152333,0.135927671774342,0.0
2023-07-04,1498228415.8430936,245996.4130935577,2828211.1799999997,1495154208.25,0.9979481048679992,Bull,1.0,0.0,0.0,0.0,0.7939288800504052,0.0,0.0,0.06953579233869678,0.13439005552881375,9.337695008359223e-05,0.7963164448341347,0.0,0.0,0.06775588339152333,0.135927671774342,0.0
2023-07-05,1491795944.2930937,245996.4130935577,6208211.18,1485341736.7,0.9956735318809624,Bull,1.0,0.0,0.0,0.0,0.7954433991053006,0.0,0.0,0.0653739543756524,0.1347634713508121,9.270704919735869e-05,0.7963164448341347,0.0,0.0,0.06775588339152333,0.135927671774342,0.0
2023-07-06,1466792278.2930937,245996.4130935577,6208211.18,1460338070.7,0.9955997807674551,Bull,1.0,0.0,0.0,0.0,0.7956326454472956,0.0,0.0,0.0658543144993967,0.13402190815236828,9.09126683944501e-05,0.7963164448341347,0.0,0.0,0.06775588339152333,0.135927671774342,0.0
2023-07-07,1459377554.7930937,245996.4130935577,6208211.18,1452923347.2,0.9955774243807602,Bull,1.0,0.0,0.0,0.0,0.7947654418766513,0.0,0.0,0.06622926307353223,0.13449220138775347,9.051804282321496e-05,0.7963164448341347,0.0,0.0,0.06775588339152333,0.135927671774342,0.0
2023-07-10,1458941422.1930935,245996.4130935577,6208211.18,1452487214.6,0.9955761023061559,Bull,1.0,0.0,0.0,0.0,0.7950565711242652,0.0,0.0,0.06616029850938379,0.13426903028466727,9.02023878396555e-05,0.7963164448341347,0.0,0.0,0.06775588339152333,0.135927671774342,0.0
2023-07-11,1483336176.0930936,245996.4130935577,6208211.18,1476881968.5,0.9956488571524675,Bull,1.0,0.0,0.0,0.0,0.7956163528677623,0.0,0.0,0.0660668846209341,0.13387417040082836,9.144926294272934e-05,0.7963164448341347,0.0,0.0,0.06775588339152333,0.135927671774342,0.0
2023-07-12,1489814456.5430937,245996.4130935577,6208211.18,1483360248.95,0.9956677775781088,Bull,1.0,0.0,0.0,0.0,0.7966918254398532,0.0,0.0,0.06533444454946091,0.13354995256367,9.155502512473744e-05,0.7963164448341347,0.0,0.0,0.06775588339152333,0.135927671774342,0.0
2023-07-13,1490451483.5430937,245996.4130935577,6208211.18,1483997275.95,0.9956696291933296,Bull,1.0,0.0,0.0,0.0,0.7954736796474329,0.0,0.0,0.06511436371568011,0.13498815776393092,9.34280662856436e-05,0.7963164448341347,0.0,0.0,0.06775588339152333,0.135927671774342,0.0
2023-07-14,1508608332.4930937,245996.4130935577,6208211.18,1502154124.9,0.9957217473521258,Bull,1.0,0.0,0.0,0.0,0.7950283377514692,0.0,0.0,0.06586010289085742,0.13473891507949134,9.439163030783002e-05,0.7963164448341347,0.0,0.0,0.06775588339152333,0.135927671774342,0.0
2023-07-17,1511448371.5430937,245996.4130935577,6208211.18,1504994163.95,0.9957297862668611,Bull,1.0,0.0,0.0,0.0,0.7964335974777811,0.0,0.0,0.06497046266935634,0.13423151185301038,9.421426671333706e-05,0.7963164448341347,0.0,0.0,0.06775588339152333,0.135927671774342,0.0
2023-07-18,1514349577.4430935,245996.4130935577,9128511.18,1504975069.85,0.9938095485132818,Bull,1.0,0.0,0.0,0.0,0.7969743167807982,0.0,0.0,0.06494973252217655,0.13179219182467783,9.330738562926683e-05,0.7963164448341347,0.0,0.0,0.06775588339152333,0.135927671774342,0.0
2023-07-19,1505350405.0430937,245996.4130935577,9128511.18,1495975897.45,0.9937725412225035,Bull,1.0,0.0,0.0,0.0,0.7970791009390608,0.0,0.0,0.06514376963096025,0.1314569347688421,9.273588364033001e-05,0.7963164448341347,0.0,0.0,0.06775588339152333,0.135927671774342,0.0
2023-07-20,1515673586.0430937,245996.4130935577,9128511.18,1506299078.45,0.9938149561492542,Bull,1.0,0.0,0.0,0.0,0.7973978629562508,0.0,0.0,0.06515446393560906,0.13117003016396658,9.259909342776497e-05,0.7963164448341347,0.0,0.0,0.06775588339152333,0.135927671774342,0.0
2023-07-21,1508232248.9930937,245996.4130935577,9128511.18,1498857741.4,0.9937844402946879,Bull,1.0,0.0,0.0,0.0,0.7980094194402226,0.0,0.0,0.06605753196599114,0.12962618995219166,9.129893628247869e-05,0.7963164448341347,0.0,0.0,0.06775588339152333,0.135927671774342,0.0
2023-07-24,1499982142.4430935,245996.4130935577,9128511.18,1490607634.85,0.9937502538678061,Bull,1.0,0.0,0.0,0.0,0.7973413822794052,0.0,0.0,0.06592638485611281,0.13039038563582103,9.210109646704754e-05,0.7963164448341347,0.0,0.0,0.06775588339152333,0.135927671774342,0.0
2023-07-25,1512881821.8430936,245996.4130935577,9128511.18,1503507314.25,0.993803542710512,Bull,1.0,0.0,0.0,0.0,0.7971409245837818,0.0,0.0,0.06566507612535996,0.13090411104201877,9.343095935133782e-05,0.7963164448341347,0.0,0.0,0.06775588339152333,0.135927671774342,0.0
2023-07-26,1526718151.5930936,1088796.4130935576,8285711.18,1517343644.0,0.9938596999169025,Bull,1.0,842800.0,0.0,0.0,0.7993838566250795,0.0,0.0,0.06501854968870277,0.12936539713889483,9.189646422530598e-05,0.7963164448341347,0.0,0.0,0.06775588339152333,0.135927671774342,0.0
2023-07-27,1534294185.3684776,169151.58847755776,8285711.18,1525839322.6,0.9944894122332562,Bull,1.0,0.0,0.0,0.0,0.7999362405882033,0.0,0.0,0.06473197966017691,0.12972838057924205,9.28114056339209e-05,0.7963164448341347,0.0,0.0,0.06775588339152333,0.135927671774342,0.0
2023-07-28,1534807684.6684778,169151.58847755776,8285711.18,1526352821.9,0.9944912559059125,Bull,1.0,0.0,0.0,0.0,0.7999903402654741,0.0,0.0,0.06472309266646468,0.12968497746542978,9.284550854381495e-05,0.7963164448341347,0.0,0.0,0.06775588339152333,0.135927671774342,0.0
2023-07-31,1540163602.4684777,169151.58847755776,8285711.18,1531708739.7,0.9945104125594666,Bull,1.0,0.0,0.0,0.0,0.8020867963118117,0.0,0.0,0.06379737830612124,0.1285354358996104,9.08020419232458e-05,0.7963164448341347,0.0,0.0,0.06775588339152333,0.135927671774342,0.0
2023-08-01,1551070272.0684776,169151.58847755776,8285711.18,1542615409.3,0.9945490137225037,Bull,1.0,0.0,0.0,0.0,0.8028207243243617,0.0,0.0,0.06336134588469577,0.12827571618316463,9.122733028162438e-05,0.7963164448341347,0.0,0.0,0.06775588339152333,0.135927671774342,0.0
2023-08-02,1527126425.0184777,169151.58847755776,8285711.18,1518671562.25,0.994463547595036,Bull,1.0,0.0,0.0,0.0,0.8018711104649919,0.0,0.0,0.06382680464639372,0.1286766090748658,8.902340878447902e-05,0.7963164448341347,0.0,0.0,0.06775588339152333,0.135927671774342,0.0
2023-08-04,1526026468.2684777,408953.58847755776,8045909.18,1517571605.5,0.9944595569314921,Bull,1.0,239802.0,0.0,0.0,0.8019071300175548,0.0,0.0,0.06429842603669526,0.12816504435989282,8.895651734928962e-05,0.7963164448341347,0.0,0.0,0.06775588339152333,0.135927671774342,0.0
2023-08-07,1535109267.5684776,3788953.5884775575,4665909.18,1526654404.8,0.9944923381370306,Bull,1.0,3380000.0,0.0,0.0,0.8023842542173009,0.0,0.0,0.06335939861405422,0.12865826828915927,9.041701651625815e-05,0.7963164448341347,0.0,0.0,0.06775588339152333,0.135927671774342,0.0
2023-08-08,1527709492.2509077,503055.82090768265,4665909.18,1522540527.25,0.9966165262262711,Bull,1.0,0.0,0.0,0.0,0.8046341817506434,0.0,0.0,0.06412102595217202,0.1277723290914402,8.898943201543705e-05,0.7963164448341347,0.0,0.0,0.06775588339152333,0.135927671774342,0.0
2023-08-09,1540692601.5509076,503055.82090768265,7848649.18,1532340896.55,0.9945792528681577,Bull,1.0,0.0,318274.0,0.0,0.8035261513580354,0.0,0.0,0.06406975661506632,0.12689513781217446,8.820708288155533e-05,0.7963164448341347,0.0,0.0,0.06775588339152333,0.135927671774342,0.0
2023-08-10,1539772534.2509077,503055.82090768265,16263599.18,1523005879.25,0.9891109533207354,Bull,1.0,0.0,54290.0,0.0,0.798200254849932,0.0,0.0,0.06465214685000888,0.12617240253250445,8.614908829019581e-05,0.7963164448341347,0.0,0.0,0.06775588339152333,0.135927671774342,0.0
2023-08-11,1526978287.7009077,3423356.8209076826,28385970.380000003,1495168960.5,0.9791684482633991,Bull,1.0,2920301.0,564100.0,1.0,0.7868013056747053,0.0,0.0,0.06515141754228157,0.12712891962090772,8.680542550449338e-05,0.7963164448341347,0.0,0.0,0.06775588339152333,0.135927671774342,0.0
2023-08-14,1507282603.6720624,581860.5920623078,28385970.380000003,1478314772.7,0.9807814202184179,Bull,1.0,0.0,0.0,0.0,0.7884588595428156,0.0,0.0,0.06528291360908503,0.12695462651384332,8.50205526739307e-05,0.7963164448341347,0.0,0.0,0.06775588339152333,0.135927671774342,0.0
2023-08-15,1493541750.9720623,581860.5920623078,28385970.380000003,1464573920.0,0.9806046058282544,Bull,1.0,0.0,0.0,0.0,0.7864583090733911,0.0,0.0,0.06573113870844603,0.1283284513976638,8.670664875335138e-05,0.7963164448341347,0.0,0.0,0.06775588339152333,0.135927671774342,0.0
2023-08-16,1474220113.1720624,581860.5920623078,28385970.380000003,1445252282.2,0.9803504030956866,Bull,1.0,0.0,0.0,0.0,0.7840648569859066,0.0,0.0,0.06686545592428433,0.12933268804055906,8.740214493665735e-05,0.7963164448341347,0.0,0.0,0.06775588339152333,0.135927671774342,0.0
2023-08-17,1470814536.0120623,581860.5920623078,34540390.77,1435692284.65,0.976120543751701,Bull,1.0,0.0,0.0,0.0,0.7789407206678601,0.0,0.0,0.06688423155425846,0.13020689917795958,8.869235162286304e-05,0.7963164448341347,0.0,0.0,0.06775588339152333,0.135927671774342,0.0
2023-08-18,1473052647.2614725,65161.19147230778,34540390.77,1438447095.3000002,0.9765075932446767,Bull,1.0,0.0,0.0,0.0,0.7798715799029315,0.0,0.0,0.06732250893025754,0.1292265081997513,8.699621173638398e-05,0.7963164448341347,0.0,0.0,0.06775588339152333,0.135927671774342,0.0
2023-08-21,1473433562.7114723,65161.19147230778,34540390.77,1438828010.75,0.9765136665559663,Bull,1.0,0.0,0.0,0.0,0.7810314898978239,0.0,0.0,0.06708887492564672,0.1283064298142501,8.687191824546823e-05,0.7963164448341347,0.0,0.0,0.06775588339152333,0.135927671774342,0.0
2023-08-22,1473499513.8114722,65161.19147230778,34540390.77,1438893961.85,0.9765147177606059,Bull,1.0,0.0,0.0,0.0,0.7802947005227904,0.0,0.0,0.0667886206120537,0.12934378207360908,8.76145521528267e-05,0.7963164448341347,0.0,0.0,0.06775588339152333,0.135927671774342,0.0
2023-08-23,1473376212.8614724,65161.19147230778,34540390.77,1438770660.9,0.9765127523714638,Bull,1.0,0.0,0.0,0.0,0.7793880143278564,0.0,0.0,0.06679420988402562,0.13024131129911354,8.921686046818173e-05,0.7963164448341347,0.0,0.0,0.06775588339152333,0.135927671774342,0.0
2023-08-24,1483163879.0114722,65161.19147230778,34540390.77,1448558327.05,0.9766677489580337,Bull,1.0,0.0,0.0,0.0,0.778494368282191,0.0,0.0,0.0664726948890571,0.13160986642292016,9.08193638654263e-05,0.7963164448341347,0.0,0.0,0.06775588339152333,0.135927671774342,0.0
2023-08-25,1470439434.9114723,65161.19147230778,34540390.77,1435833882.95,0.9764658433799719,Bull,1.0,0.0,0.0,0.0,0.7795723888614384,0.0,0.0,0.06661763665628126,0.1301878509613864,8.79669008657861e-05,0.7963164448341347,0.0,0.0,0.06775588339152333,0.135927671774342,0.0
2023-08-28,1484509733.2114723,65161.19147230778,34540390.77,1449904181.25,0.9766889019402997,Bull,1.0,0.0,0.0,0.0,0.7804943311105573,0.0,0.0,0.06632452303765003,0.12978220734410953,8.78404479827174e-05,0.7963164448341347,0.0,0.0,0.06775588339152333,0.135927671774342,0.0
2023-08-29,1490596605.2614722,65161.19147230778,34540390.77,1455991053.3,0.9767840931347069,Bull,1.0,0.0,0.0,0.0,0.780164330976729,0.0,0.0,0.0665568401603848,0.12997403141543812,8.889058215502751e-05,0.7963164448341347,0.0,0.0,0.06775588339152333,0.135927671774342,0.0
2023-08-30,1492896858.2114723,65161.19147230778,34540390.77,1458291306.25,0.9768198641646747,Bull,1.0,0.0,0.0,0.0,0.7802322376412976,0.0,0.0,0.06615788589596552,0.1303400157416881,8.972488572350232e-05,0.7963164448341347,0.0,0.0,0.06775588339152333,0.135927671774342,0.0
2023-08-31,1472988956.6614723,15107832.39147231,19497719.57,1438383404.7,0.9765065774560145,Bull,1.0,15042671.200000001,0.0,0.0,0.7786421951862549,0.0,0.0,0.06661204047475423,0.13116249047643208,8.985131857333887e-05,0.7963164448341347,0.0,0.0,0.06775588339152333,0.135927671774342,0.0
2023-09-01,1479010995.685906,15904.065906059346,19497719.57,1459497372.05,0.9868063025272802,Bull,1.0,0.0,0.0,0.0,0.7790627151596234,0.0,0.0,0.06753878117969958,0.1401148474247106,8.995876324658205e-05,0.7963164448341347,0.0,0.0,0.06775588339152333,0.135927671774342,0.0
2023-09-04,1486337093.9132843,19418.643284309772,19497719.57,1466819955.7,0.9868689691637186,Bull,1.0,0.0,0.0,0.0,0.7790278601279085,0.0,0.0,0.07045508076790928,0.13729557099508524,9.04572728155596e-05,0.7963164448341347,0.0,0.0,0.06775588339152333,0.135927671774342,0.0
2023-09-05,1483038027.7385623,4596.91856231069,19497719.57,1463535711.25,0.9868497529235304,Bull,1.0,0.0,0.0,0.0,0.7818416922309714,0.0,0.0,0.06866519812393622,0.13625213664151667,9.072592710597653e-05,0.7963164448341347,0.0,0.0,0.06775588339152333,0.135927671774342,0.0
2023-09-06,1472784112.9885623,4596.91856231069,19497719.57,1453281796.5,0.9867581974054647,Bull,1.0,0.0,0.0,0.0,0.7805603593640392,0.0,0.0,0.06939448836979253,0.13671250132609467,9.084834553822967e-05,0.7963164448341347,0.0,0.0,0.06775588339152333,0.135927671774342,0.0
2023-09-07,1474392488.4614651,2700.7414651867,19497719.57,1454892068.15,0.986773928608512,Bull,1.0,0.0,0.0,0.0,0.7836654263992464,0.0,0.0,0.06821046687842543,0.13480887996615348,8.915536468662333e-05,0.7963164448341347,0.0,0.0,0.06775588339152333,0.135927671774342,0.0
2023-09-08,1477583240.7114654,6157121.131465186,13343299.18,1458082820.4,0.9868024895151926,Bull,1.0,6154420.39,0.0,0.0,0.7845831209088405,0.0,0.0,0.06820549747943415,0.13392517900021447,8.869212670339888e-05,0.7963164448341347,0.0,0.0,0.06775588339152333,0.135927671774342,0.0
2023-09-11,1481020932.1938238,160954.76382381137,13343299.18,1467516678.25,0.9908817940042076,Bull,1.0,0.0,0.0,0.0,0.7855474240506833,0.0,0.0,0.06907761921261699,0.13616971618440776,8.703455649952328e-05,0.7963164448341347,0.0,0.0,0.06775588339152333,0.135927671774342,0.0
2023-09-12,1491505495.5938237,3343694.7638238114,10160559.18,1478001241.6499999,0.9909458905892617,Bull,1.0,3182740.0,0.0,0.0,0.7851189922594134,0.0,0.0,0.06916112632822079,0.13657774014362375,8.803185800379811e-05,0.7963164448341347,0.0,0.0,0.06775588339152333,0.135927671774342,0.0
2023-09-13,1492498077.4998872,133649.6698870621,10160559.18,1482203868.65,0.9931026987538026,Bull,1.0,0.0,0.0,0.0,0.7865449117471903,0.0,0.0,0.06981891740494243,0.1366506282819754,8.82413196944369e-05,0.7963164448341347,0.0,0.0,0.06775588339152333,0.135927671774342,0.0
2023-09-14,1514050409.649887,133649.6698870621,10160559.18,1503756200.8,0.9932008810378595,Bull,1.0,0.0,0.0,0.0,0.7874261934750826,0.0,0.0,0.06909677467356697,0.13658828575451548,8.962713469453083e-05,0.7963164448341347,0.0,0.0,0.06775588339152333,0.135927671774342,0.0
2023-09-15,1508924491.549887,8548599.669887062,1745609.18,1498630282.6999998,0.993177783972932,Bull,1.0,8414950.0,0.0,0.0,0.7856813176133701,0.0,0.0,0.06992172278390765,0.13748411611167843,9.062746397570741e-05,0.7963164448341347,0.0,0.0,0.06775588339152333,0.135927671774342,0.0
2023-09-18,1509292397.746732,15048.716732062516,1745609.18,1507531739.85,0.9988334547372261,Bull,1.0,0.0,0.0,0.0,0.7875832354450576,0.0,0.0,0.07032613439149606,0.14083553347074443,8.85514299280445e-05,0.7963164448341347,0.0,0.0,0.06775588339152333,0.135927671774342,0.0
2023-09-19,1508355129.446732,15048.716732062516,1745609.18,1506594471.55,0.9988327298642343,Bull,0.9999999999999999,0.0,0.0,0.0,0.7877454044829842,0.0,0.0,0.07069177405132139,0.14030790618760178,8.764514232698718e-05,0.7972373336256009,0.0,0.0,0.0898030980322166,0.1129595683421824,0.0
2023-09-20,1505130931.124719,267131.6447188142,1745609.18,1503118190.3,0.9986627470188159,Bull,1.0,0.0,0.0,0.0,0.7900405976053035,0.0,0.0,0.07070042731796222,0.1378346864780559,8.703561749416006e-05,0.7979280002192007,0.0,0.0,0.10560565367812146,0.09646634610267782,0.0
2023-09-21,1481677261.8481514,118408.51815131545,1745609.18,1479813244.15,0.9987419543066847,Bull,1.0,0.0,0.0,0.0,0.7953141513963298,0.0,0.0,0.0847905297833175,0.11855162694532995,8.564618170742047e-05,0.7984460001644005,0.0,0.0,0.1292042402585911,0.07234975957700837,0.0
2023-09-22,1487801594.989054,172971.95905406808,1745609.18,1485883013.85,0.9987104590117958,Bull,1.0,0.0,0.0,0.0,0.8195191603212191,0.0,0.0,0.09559688635839002,0.08350874902840394,8.566330378274509e-05,0.7984460001644005,0.0,0.0,0.1292042402585911,0.07234975957700837,0.0
2023-09-25,1496976130.4218569,80715.49185670272,1745609.18,1495149805.75,0.9987799907862644,Bull,1.0,0.0,0.0,0.0,0.8192904554893449,0.0,0.0,0.10413292291846418,0.07527013805373554,8.647432471987393e-05,0.7984460001644005,0.0,0.0,0.1292042402585911,0.07234975957700837,0.0
2023-09-26,1482821679.5005264,308719.6205262104,1745609.18,1480767350.7,0.9986145813559872,Bull,1.0,0.0,0.0,0.0,0.8144089861882623,0.0,0.0,0.11116441193085583,0.07295590663095751,8.527660591163829e-05,0.7988345001233004,0.0,0.0,0.13980087595180132,0.061364623924898276,0.0
2023-09-27,1479592388.777777,285780.59777684,1745609.18,1477560999.0,0.9986270612141666,Bull,1.0,0.0,0.0,0.0,0.8156205439775682,0.0,0.0,0.11844410753205152,0.06447664283999517,8.576686455167983e-05,0.7988345001233004,0.0,0.0,0.13980087595180132,0.061364623924898276,0.0
2023-09-28,1481515076.3849752,88270.85497533693,1745609.18,1479681196.35,0.9987621590463661,Bull,0.9999999999999999,0.0,0.0,0.0,0.8127038094596677,0.0,0.0,0.1236335714159173,0.06233851512693025,8.626304385092256e-05,0.7991258750924752,0.0,0.0,0.15485065696385097,0.04602346794367371,0.0
2023-10-02,1482602752.90676,189352.62675996358,1745609.18,1480667791.1,0.9986948885647444,Bull,1.0,0.0,0.0,0.0,0.8165283915239924,0.0,0.0,0.13129208051068667,0.050786024680162786,8.839184990252184e-05,0.7993444063193565,0.0,0.0,0.16613799272288823,0.03451760095775529,0.0
2023-10-03,1477505195.45126,421219.2212600978,1745609.18,1475338367.05,0.9985334546315431,Bull,1.0,0.0,0.0,0.0,0.8191747283029615,0.0,0.0,0.1407379145874953,0.03853353624425757,8.72754968287039e-05,0.7993444063193565,0.0,0.0,0.16613799272288823,0.03451760095775529,0.0
2023-10-04,1455223877.6295311,120915.84953110642,1745609.18,1453357352.6,0.9987173622847835,Bull,1.0,0.0,0.0,0.0,0.8151847085771915,0.0,0.0,0.14784494901943324,0.03560105135464873,8.665333351003629e-05,0.7993444063193565,0.0,0.0,0.16613799272288823,0.03451760095775529,0.0
2023-10-05,1467959653.4481788,53729.96817873418,1745609.18,1466160314.3,0.998774258445079,Bull,1.0,0.0,0.0,0.0,0.8119701461141535,0.0,0.0,0.1516751495703557,0.035040745077136996,8.821768343279031e-05,0.7993444063193565,0.0,0.0,0.16613799272288823,0.03451760095775529,0.0
2023-10-06,1480888176.2481787,53729.96817873418,1745609.18,1479088837.1,0.998784959474295,Bull,1.0,0.0,0.0,0.0,0.8130062798868812,0.0,0.0,0.15082941682057657,0.034861241265895675,8.802150094157746e-05,0.7993444063193565,0.0,0.0,0.16613799272288823,0.03451760095775529,0.0
2023-10-11,1505773155.1581628,647498.4281627373,1745609.18,1503380047.55,0.9984107117330622,Bull,1.0,0.0,0.0,0.0,0.8097478649909441,0.0,0.0,0.15394682738626148,0.034627559816288005,8.845953956856734e-05,0.7993444063193565,0.0,0.0,0.16613799272288823,0.03451760095775529,0.0
2023-10-12,1516101583.6081629,647498.4281627373,1745609.18,1513708476.0,0.9984215387451364,Bull,0.9999999999999999,0.0,0.0,0.0,0.8103584807794307,0.0,0.0,0.15329612640261386,0.03467768952188365,8.924204120808329e-05,0.7995083047395173,0.0,0.0,0.1507793495949859,0.04971234566549669,0.0
2023-10-13,1501065808.7688231,255892.0388231147,1745609.18,1499064307.55,0.9986666132776252,Bull,1.0,0.0,0.0,0.0,0.8012245702514862,0.0,0.0,0.16242385815181049,0.03492874842243157,8.943645189687725e-05,0.7996312285546381,0.0,0.0,0.13843926551868535,0.061929505926676634,0.0
2023-10-16,1506941657.0544834,990744.5244833657,1745609.18,1504205303.35,0.9981841674548754,Bull,1.0,0.0,0.0,0.0,0.8010350949548121,0.0,0.0,0.15123418941477987,0.045827089374504686,8.779371077882194e-05,0.7996312285546381,0.0,0.0,0.13843926551868535,0.061929505926676634,0.0
2023-10-17,1502791229.6703904,636274.4903903636,1745609.18,1500409346.0,0.9984150269023644,Bull,1.0,0.0,0.0,0.0,0.8018615774489856,0.0,0.0,0.15040266108657965,0.046062852000528884,8.793636627024012e-05,0.7996312285546381,0.0,0.0,0.13843926551868535,0.061929505926676634,0.0
2023-10-18,1501433454.6478329,1273294.3678328637,1745609.18,1498414551.1,0.9979893191146849,Bull,1.0,0.0,0.0,0.0,0.8023409544864297,0.0,0.0,0.15009523019643825,0.04546695012601272,8.618430580418316e-05,0.7996312285546381,0.0,0.0,0.13843926551868535,0.061929505926676634,0.0
2023-10-19,1488929207.8695035,415824.2395033669,1745609.18,1486767774.45,0.998548330297989,Bull,1.0,0.0,0.0,0.0,0.7989718504832118,0.0,0.0,0.15362254887006502,0.045867157175135155,8.677376957691038e-05,0.7996312285546381,0.0,0.0,0.13843926551868535,0.061929505926676634,0.0
2023-10-20,1473646622.7262845,84704.24628437238,1745609.18,1471816309.3,0.9987579699243646,Bull,1.0,0.0,0.0,0.0,0.7982866388440151,0.0,0.0,0.153837016625191,0.04654698008475037,8.733437040822016e-05,0.7996312285546381,0.0,0.0,0.13843926551868535,0.061929505926676634,0.0
2023-10-23,1465037774.4198942,132210.53989400342,1745609.18,1463159954.7,0.9987182448448213,Bull,1.0,0.0,0.0,0.0,0.7975564692607787,0.0,0.0,0.143421489649439,0.05765428132625835,8.600460834526384e-05,0.7996312285546381,0.0,0.0,0.13843926551868535,0.061929505926676634,0.0
2023-10-24,1465246395.6198943,132210.53989400342,1745609.18,1463368575.9,0.9987184273406113,Bull,1.0,0.0,0.0,0.0,0.7971718131446677,0.0,0.0,0.14376715112878988,0.05769261760527087,8.684546188299272e-05,0.7996312285546381,0.0,0.0,0.13843926551868535,0.061929505926676634,0.0
2023-10-25,1461510157.6698942,132210.53989400342,1745609.18,1459632337.95,0.998715151098992,Bull,1.0,0.0,0.0,0.0,0.7965694126998686,0.0,0.0,0.14410142748222263,0.05795676448465154,8.754643224922394e-05,0.7996312285546381,0.0,0.0,0.13843926551868535,0.061929505926676634,0.0
2023-10-26,1451403474.5198941,132210.53989400342,1745609.18,1449525654.8,0.9987062041996866,Bear,1.0,0.0,0.0,0.0,0.7967265650804047,0.0,0.0,0.14468595651492744,0.05720910929158857,8.457331276584146e-05,0.7595162577360728,0.0,0.0,0.191329449139014,0.049154293124913255,0.0
2023-10-27,1462889115.3396053,1062393.50960513,1745609.18,1460081112.65,0.9980805088641641,Bull,1.0,0.0,0.0,0.0,0.7706301187347956,0.0,0.0,0.14434908140729333,0.08301647659180728,8.483213026791203e-05,0.7595162577360728,0.0,0.0,0.191329449139014,0.049154293124913255,0.0
2023-10-30,1454483058.7579267,3061580.777926756,1745609.18,1449675868.8,0.996694915125356,Bull,1.0,0.0,0.0,0.0,0.7616760897483794,0.0,0.0,0.1528164241320275,0.08211714758781413,8.525365713499015e-05,0.7595162577360728,0.0,0.0,0.191329449139014,0.049154293124913255,0.0
2023-10-31,1456587044.8724911,878798.192491007,1745609.18,1453962637.5,0.9981982488573342,Bear,1.0,0.0,0.0,0.0,0.7598447627253797,0.0,0.0,0.16940189113215698,0.06886797486845785,8.362013133973899e-05,0.7321371933020546,0.0,0.0,0.2309970868542605,0.036865719843684946,0.0
2023-11-01,1465508376.0677629,2938449.137762768,1745609.18,1460824317.75,0.9968037996955493,Bear,1.0,0.0,0.0,0.0,0.7387216173099117,0.0,0.0,0.21313675520443237,0.04486156549743258,8.386168377267419e-05,0.711602894976541,0.0,0.0,0.26074781514069534,0.02764928988276371,0.0
2023-11-02,1482967011.4971414,82843.06714140438,1745609.18,1481138559.25,0.998767031071517,Bull,1.0,0.0,0.0,0.0,0.7195902545213543,0.0,0.0,0.24676853710356822,0.03232202714449417,8.621230210031981e-05,0.7291940723846732,0.0,0.0,0.23613010333782258,0.03467582427750427,0.0
2023-11-03,1496141414.1971414,82843.06714140438,1745609.18,1494312961.95,0.9987778880861188,Bull,1.0,0.0,0.0,0.0,0.7219476058214871,0.0,0.0,0.2444617845140449,0.03228187492284463,8.662282774221974e-05,0.7440217040256069,0.0,0.0,0.21748126637173373,0.03849702960265947,0.0
2023-11-06,1505353602.2417326,899046.1117327781,1745609.18,1502708946.9499998,0.998243166729867,Bull,1.0,0.0,0.0,0.0,0.7373366598366577,0.0,0.0,0.2238293378367943,0.0369893159434965,8.785311291849092e-05,0.7549029676407393,0.0,0.0,0.20259516002605854,0.042501872333202254,0.0
2023-11-07,1503863583.2711565,66458.54115653085,1745609.18,1502051515.55,0.9987950584472463,Bull,1.0,0.0,0.0,0.0,0.7491821918443611,0.0,0.0,0.20839184051409615,0.04113305268383941,8.797340494955348e-05,0.7595448392273008,0.0,0.0,0.19110698603627785,0.049348174736421335,0.0
2023-11-08,1505526082.1038628,1738818.423862659,1745609.18,1502041654.5,0.9976855747334556,Bull,1.0,0.0,0.0,0.0,0.7535516441632355,0.0,0.0,0.19656258600745016,0.04748267124014416,8.867332262583156e-05,0.7595448392273008,0.0,0.0,0.19110698603627785,0.049348174736421335,0.0
2023-11-09,1502090000.3538628,1738818.423862659,1745609.18,1498605572.75,0.9976802804072713,Bull,1.0000000000000002,0.0,0.0,0.0,0.7537162370319275,0.0,0.0,0.19626507062196613,0.04760999672666258,8.897602671512006e-05,0.7618919123999183,0.0,0.0,0.18080364614788555,0.0573044414521963,0.0
2023-11-10,1502098611.4202352,1538994.6902351608,1745609.18,1498814007.55,0.9978133234094867,Bull,1.0000000000000002,0.0,0.0,0.0,0.7592022580140423,0.0,0.0,0.18392780467241046,0.05459511737545786,8.814334757610601e-05,0.7618919123999183,0.0,0.0,0.18080364614788555,0.0573044414521963,0.0
2023-11-13,1504439786.1202352,1538994.6902351608,1745609.18,1501155182.25,0.9978167262654587,Bull,1.0,0.0,0.0,0.0,0.7596488691629586,0.0,0.0,0.18272908130736548,0.05534877551646,9.000027867461543e-05,0.761857934490269,0.0,0.0,0.16394556319140444,0.07419650231832667,0.0
2023-11-14,1507128152.277791,91425.44779116462,1745609.18,1505291117.6499999,0.9987811025724556,Bull,1.0,0.0,0.0,0.0,0.7605513611550704,0.0,0.0,0.168637351519099,0.06950172076720192,9.066913108448984e-05,0.761857934490269,0.0,0.0,0.16394556319140444,0.07419650231832667,0.0
2023-11-15,1524214155.527791,91425.44779116462,1745609.18,1522377120.8999999,0.9987947660628076,Bull,1.0,0.0,0.0,0.0,0.7610256844113465,0.0,0.0,0.16812899884876284,0.06954836340782639,9.171939487177333e-05,0.765879453929487,0.0,0.0,0.14044513483652993,0.09367541123398307,0.0
2023-11-16,1533265672.1931336,532140.0131335439,1745609.18,1530987923.0,0.9985144458429859,Bull,1.0,0.0,0.0,0.0,0.7652337714714111,0.0,0.0,0.1460526404922945,0.08713675811243948,9.127576684073286e-05,0.7744095904471153,0.0,0.0,0.11426304648186258,0.11132736307102217,0.0
2023-11-17,1535331828.6169105,581190.0869103037,1745609.18,1533005029.3500001,0.9984844974724413,Bull,1.0,0.0,0.0,0.0,0.7669264112180414,0.0,0.0,0.12600650647246614,0.10545993835473373,9.164142719997429e-05,0.7808071928353365,0.0,0.0,0.09975196755357323,0.11944083961109035,0.0
2023-11-20,1534202423.560335,1210878.9303348055,1745609.18,1531245935.45,0.9980729478294826,Bull,1.0,0.0,0.0,0.0,0.768445328559759,0.0,0.0,0.11362561896848966,0.1159104543631993,9.154593803473847e-05,0.7808071928353365,0.0,0.0,0.09975196755357323,0.11944083961109035,0.0
2023-11-21,1553511269.310335,1210878.9303348055,1745609.18,1550554781.2,0.9980968994762122,Bull,1.0,0.0,0.0,0.0,0.7696942434996505,0.0,0.0,0.11244160467374469,0.11586842242857397,9.262887424298048e-05,0.7808071928353365,0.0,0.0,0.09975196755357323,0.11944083961109035,0.0
2023-11-22,1546959916.2103348,1210878.9303348055,1745609.18,1544003428.1,0.9980888398727373,Bull,1.0,0.0,0.0,0.0,0.7697736480575297,0.0,0.0,0.11291779325990595,0.1153057025788813,9.169597642031802e-05,0.7808071928353365,0.0,0.0,0.09975196755357323,0.11944083961109035,0.0
2023-11-23,1545000637.8603349,1210878.9303348055,1745609.18,1542044149.75,0.9980864162525982,Bull,1.0,0.0,0.0,0.0,0.7691677081737399,0.0,0.0,0.11341898230066665,0.11540797824325462,9.174753493714345e-05,0.7808071928353365,0.0,0.0,0.09975196755357323,0.11944083961109035,0.0
2023-11-24,1545604427.3603349,1210878.9303348055,1745609.18,1542647939.25,0.9980871637930127,Bull,1.0,0.0,0.0,0.0,0.769064236753043,0.0,0.0,0.11365605383261869,0.11527503211432141,9.18410930294951e-05,0.7808071928353365,0.0,0.0,0.09975196755357323,0.11944083961109035,0.0
2023-11-27,1541022278.510335,1210878.9303348055,1745609.18,1538065790.4,0.9980814760749644,Bull,1.0,0.0,0.0,0.0,0.7684104291760624,0.0,0.0,0.11471183931933951,0.11486874814757121,9.04594319913105e-05,0.7808071928353365,0.0,0.0,0.09975196755357323,0.11944083961109035,0.0
2023-11-28,1549751169.1103349,1210878.9303348055,1745609.18,1546794681.0,0.9980922820583952,Bull,1.0,0.0,0.0,0.0,0.769280872157304,0.0,0.0,0.11370883501327686,0.11501039879990589,9.217608790836134e-05,0.7808071928353365,0.0,0.0,0.09975196755357323,0.11944083961109035,0.0
2023-11-29,1544276256.4603348,1210878.9303348055,1745609.18,1541319768.35,0.9980855186382833,Bull,1.0,0.0,0.0,0.0,0.7680397295420467,0.0,0.0,0.11462320893654597,0.11533020679099885,9.237336869179794e-05,0.7808071928353365,0.0,0.0,0.09975196755357323,0.11944083961109035,0.0
2023-11-30,1553544965.9603348,1210878.9303348055,1745609.18,1550588477.85,0.9980969407547806,Bull,1.0,0.0,0.0,0.0,0.7697564628332312,0.0,0.0,0.11343115510729239,0.11481695342479983,9.236938945715966e-05,0.7808071928353365,0.0,0.0,0.09975196755357323,0.11944083961109035,0.0
2023-12-01,1537175085.4103348,1210878.9303348055,1745609.18,1534218597.3,0.9980766744540712,Bull,1.0,0.0,0.0,0.0,0.7662778355437432,0.0,0.0,0.11526806652132375,0.11643722416449508,9.35482245092555e-05,0.7808071928353365,0.0,0.0,0.09975196755357323,0.11944083961109035,0.0
2023-12-04,1540362357.1517062,368921.92170630675,1745609.18,1538247826.05,0.9986272508595859,Bull,1.0,0.0,0.0,0.0,0.7723975599157169,0.0,0.0,0.10816467906167532,0.11797172214466352,9.32897375301462e-05,0.7808071928353365,0.0,0.0,0.09975196755357323,0.11944083961109035,0.0
2023-12-05,1540286426.8517063,368921.92170630675,1745609.18,1538171895.75,0.998627183188241,Bull,1.0,0.0,0.0,0.0,0.7726950812536023,0.0,0.0,0.10871614336190079,0.11712393023467754,9.202833806029976e-05,0.784712436931585,0.0,0.0,0.11585936089471678,0.0994282021736983,0.0
2023-12-06,1552311867.6962974,809109.7662974359,1745609.18,1549757148.75,0.9983542489112779,Bull,1.0,0.0,0.0,0.0,0.7850547136243522,0.0,0.0,0.109734392646753,0.10347302197616454,9.212066400820514e-05,0.7885343276986887,0.0,0.0,0.12710468747757991,0.0843609848237314,0.0
2023-12-07,1541391073.212024,741921.9820240694,1745609.18,1538903542.05,0.9983861777810609,Bull,1.0,0.0,0.0,0.0,0.7915653355299853,0.0,0.0,0.11749808542915285,0.08923108638055598,9.167044136667558e-05,0.7885343276986887,0.0,0.0,0.12710468747757991,0.0843609848237314,0.0
2023-12-08,1547824146.162024,741921.9820240694,1745609.18,1545336615.0,0.9983928851554668,Bull,1.0,0.0,0.0,0.0,0.7921597993158914,0.0,0.0,0.116562724807831,0.08957794097204,9.242005970426677e-05,0.7885343276986887,0.0,0.0,0.12710468747757991,0.0843609848237314,0.0
2023-12-11,1544360881.912024,741921.9820240694,1745609.18,1541873350.75,0.9983892811640345,Bull,1.0,0.0,0.0,0.0,0.7921748181262807,0.0,0.0,0.11623992947668194,0.08988158248876665,9.295107230524728e-05,0.7885343276986887,0.0,0.0,0.12710468747757991,0.0843609848237314,0.0
2023-12-12,1546596925.962024,741921.9820240694,1745609.18,1544109394.8,0.9983916099144728,Bull,1.0,0.0,0.0,0.0,0.7921931850717284,0.0,0.0,0.11614829758455815,0.0899568579663763,9.326929180999937e-05,0.7885343276986887,0.0,0.0,0.12710468747757991,0.0843609848237314,0.0
2023-12-13,1540443752.962024,741921.9820240694,1745609.18,1537956221.8,0.9983851853355626,Bull,1.0,0.0,0.0,0.0,0.791769332346449,0.0,0.0,0.11617165485977451,0.09035052382300852,9.367430633058458e-05,0.7885343276986887,0.0,0.0,0.12710468747757991,0.0843609848237314,0.0
2023-12-14,1555096599.862024,741921.9820240694,1745609.18,1552609068.7,0.9984004008739749,Bull,1.0,0.0,0.0,0.0,0.7924463784496336,0.0,0.0,0.11527129569693913,0.09058774870480646,9.497802259557682e-05,0.7913646658110731,0.0,0.0,0.10381872483007903,0.10481660935884785,0.0
2023-12-15,1545602223.562024,741921.9820240694,1745609.18,1543114692.4,0.998390574803722,Bull,1.0,0.0,0.0,0.0,0.7916515800424497,0.0,0.0,0.11512231108850993,0.09152070166798872,9.598200477358901e-05,0.7886514348121578,0.0,0.0,0.08536404362255928,0.12598452156528284,0.0
2023-12-18,1547373675.7507787,896335.920778445,1745609.18,1544731730.65,0.9982926263111612,Bull,1.0,0.0,0.0,0.0,0.7927118703598528,0.0,0.0,0.1139325314646198,0.091552675491435,9.554899525369258e-05,0.7867100680045409,0.0,0.0,0.07152303271691947,0.14176689927853964,0.0
2023-12-19,1539128492.2975085,282413.3175084442,1745609.18,1537100469.8,0.9986823566013769,Bull,1.0,0.0,0.0,0.0,0.7878193899132997,0.0,0.0,0.09324010355092581,0.11752780934487078,9.505379228059973e-05,0.7867100680045409,0.0,0.0,0.07152303271691947,0.14176689927853964,0.0
2023-12-20,1525502687.163395,477036.08339482173,1745609.18,1523280041.9,0.9985430079657691,Bull,1.0,0.0,0.0,0.0,0.7848429255318387,0.0,0.0,0.09471428743837025,0.11888867946685838,9.71155287018723e-05,0.7812483237888016,0.0,0.0,0.061852587685144095,0.1568990885260543,0.0
2023-12-21,1516566881.8941107,167329.56411057385,1745609.18,1514653943.15,0.9987386387194995,Bull,1.0,0.0,0.0,0.0,0.7833153007181023,0.0,0.0,0.07849254880953646,0.13683471693699384,9.607225486687967e-05,0.7812483237888016,0.0,0.0,0.061852587685144095,0.1568990885260543,0.0
2023-12-22,1516955103.132598,992609.3025979493,1745609.18,1514216884.6499999,0.9981949245057131,Bull,1.0,0.0,0.0,0.0,0.781875107708,0.0,0.0,0.07906265633856169,0.13716078318358293,9.637727556872893e-05,0.7782509127977107,0.0,0.0,0.05388944076385807,0.16785964643843118,0.0
2023-12-25,1523662842.1291492,146888.04914932325,1745609.18,1521770344.8999999,0.9987579291318118,Bull,1.0,0.0,0.0,0.0,0.7793560767293074,0.0,0.0,0.06711314155112302,0.15219213436744328,9.65764839381226e-05,0.7782509127977107,0.0,0.0,0.05388944076385807,0.16785964643843118,0.0
2023-12-26,1532594311.6499424,424497.96994244866,1745609.18,1530424204.5,0.9985840302724299,Bull,1.0,0.0,0.0,0.0,0.7815073730833294,0.0,0.0,0.06482413463550175,0.15215523653415666,9.728601944208163e-05,0.7782509127977107,0.0,0.0,0.05388944076385807,0.16785964643843118,0.0
2023-12-27,1542081649.8429196,247003.9129194487,1745609.18,1540089036.75,0.9987078420308532,Bull,1.0,0.0,0.0,0.0,0.7784712222418849,0.0,0.0,0.06722970862830802,0.15290873218290288,9.817897775738528e-05,0.7782509127977107,0.0,0.0,0.05388944076385807,0.16785964643843118,0.0
2023-12-28,1552130376.9429195,247003.9129194487,1745609.18,1550137763.85,0.9987162076572174,Bull,1.0,0.0,0.0,0.0,0.7795943445377846,0.0,0.0,0.06710570294046272,0.15191877789572544,9.738228324459797e-05,0.7782509127977107,0.0,0.0,0.05388944076385807,0.16785964643843118,0.0
2023-12-29,1549175820.3327029,885243.4027027001,1745609.18,1546544967.75,0.9983017727567308,Bull,1.0,0.0,0.0,0.0,0.7797553395137378,0.0,0.0,0.06657669106780259,0.15187214189121004,9.760028398037359e-05,0.7782509127977107,0.0,0.0,0.05388944076385807,0.16785964643843118,0.0
2024-01-02,1546675400.2453413,576659.7653413289,1745609.18,1544353131.3,0.998498541487779,Bull,1.0,0.0,0.0,0.0,0.7804458395785724,0.0,0.0,0.06645576698491205,0.15149998504070783,9.694988358657168e-05,0.7782509127977107,0.0,0.0,0.05388944076385807,0.16785964643843118,0.0
2024-01-03,1526201099.5352292,679286.4552290831,1745609.18,1523776203.9,0.9984111558850485,Bull,1.0,0.0,0.0,0.0,0.7789817175875762,0.0,0.0,0.06847603505974781,0.15085780639924473,9.559683847982459e-05,0.7782509127977107,0.0,0.0,0.05388944076385807,0.16785964643843118,0.0
2024-01-04,1527154712.865923,168732.68592295423,1745609.18,1525240371.0,0.9987464650111773,Bull,1.0,0.0,0.0,0.0,0.7789141211290191,0.0,0.0,0.057404007112995474,0.16233293058747553,9.540618168710178e-05,0.7782509127977107,0.0,0.0,0.05388944076385807,0.16785964643843118,0.0
2024-01-05,1528334381.9159229,168732.68592295423,1745609.18,1526420040.05,0.9987474325719722,Bull,1.0,0.0,0.0,0.0,0.7795897639601395,0.0,0.0,0.05728353757915801,0.16177915836064855,9.49726720261568e-05,0.7782509127977107,0.0,0.0,0.05388944076385807,0.16785964643843118,0.0
2024-01-08,1540300894.815923,168732.68592295423,1745609.18,1538386552.95,0.9987571636994006,Bull,1.0,0.0,0.0,0.0,0.7801320878240511,0.0,0.0,0.057278938353498614,0.16125112361872818,9.501390312279853e-05,0.7782509127977107,0.0,0.0,0.05388944076385807,0.16785964643843118,0.0
2024-01-09,1533222838.6659229,168732.68592295423,1745609.18,1531308496.8,0.998751426199998,Bull,1.0,0.0,0.0,0.0,0.7787416588699535,0.0,0.0,0.05761380392484974,0.1623006087076824,9.535469751233977e-05,0.7782509127977107,0.0,0.0,0.05388944076385807,0.16785964643843118,0.0
2024-01-10,1527576455.715923,168732.68592295423,1745609.18,1525662113.8500001,0.9987468110949473,Bull,1.0,0.0,0.0,0.0,0.7787401143810389,0.0,0.0,0.05786898565320599,0.16204314950899765,9.456155170465835e-05,0.7758199650513767,0.0,0.0,0.0662049128274305,0.15797512212119283,0.0
2024-01-11,1532874148.315923,168732.68592295423,1745609.18,1530959806.45,0.9987511421808333,Bull,1.0,0.0,0.0,0.0,0.7781710962772124,0.0,0.0,0.05833016369819563,0.1621544405801876,9.544162523761722e-05,0.7715761183023789,0.0,0.0,0.07973481618931269,0.14868906550830843,0.0
2024-01-12,1526570887.5364218,660766.2564218296,1745609.18,1524164512.1,0.998423672653482,Bull,1.0,0.0,0.0,0.0,0.7757348327342226,0.0,0.0,0.058450741284604195,0.16414295074392452,9.514789073071102e-05,0.7677417336499939,0.0,0.0,0.09199619764938552,0.1402620687006207,0.0
2024-01-15,1522444638.2049327,2132524.9749325886,1745609.18,1518566504.05,0.9974526928220488,Bull,1.0,0.0,0.0,0.0,0.7687715038557964,0.0,0.0,0.05867083620545841,0.16991422447059057,9.612829020341701e-05,0.7645569080169805,0.0,0.0,0.10444470994730376,0.13099838203571568,0.0
2024-01-16,1503103771.4124644,413717.2824643394,1745609.18,1500944444.95,0.9985634215657411,Bull,1.0,0.0,0.0,0.0,0.7655734533010018,0.0,0.0,0.06332942662405101,0.1695654051619436,9.513647874465986e-05,0.7645569080169805,0.0,0.0,0.10444470994730376,0.13099838203571568,0.0
2024-01-17,1477154895.8122191,654371.5822192207,7553609.18,1468946915.05,0.9944433851957645,Bull,1.0,0.0,0.0,0.0,0.7628107710602892,0.0,0.0,0.06941594296623783,0.16212148819255806,9.51829766794298e-05,0.7645569080169805,0.0,0.0,0.10444470994730376,0.13099838203571568,0.0
2024-01-18,1485119075.178534,58538.29853397608,7553609.18,1477506927.7,0.9948743857608732,Bull,1.0,0.0,0.0,0.0,0.7659026785870758,0.0,0.0,0.07777989114180198,0.15109677314798756,9.504288400782383e-05,0.7645569080169805,0.0,0.0,0.10444470994730376,0.13099838203571568,0.0
2024-01-19,1500607811.9893095,222013.8593094796,7553609.18,1492832188.95,0.9948183509527372,Bull,1.0,0.0,0.0,0.0,0.7651354536318912,0.0,0.0,0.0771653986303684,0.1524188386683072,9.866002217043951e-05,0.7690790496411883,0.0,0.0,0.0915459081043248,0.13937504225448683,0.0
2024-01-22,1502671921.3893094,222013.8593094796,7553609.18,1494896298.35,0.9948254686012097,Bull,1.0,0.0,0.0,0.0,0.7645295569826258,0.0,0.0,0.07695572024336803,0.15324023609032497,9.995528489088368e-05,0.7690790496411883,0.0,0.0,0.0915459081043248,0.13937504225448683,0.0
2024-01-23,1505005590.0893095,222013.8593094796,7553609.18,1497229967.05,0.9948334922537743,Bull,1.0,0.0,0.0,0.0,0.7644804940436963,0.0,0.0,0.07696403306590135,0.15328850040105826,0.00010046474311834785,0.7690790496411883,0.0,0.0,0.0915459081043248,0.13937504225448683,0.0
2024-01-24,1508605145.8393095,222013.8593094796,7553609.18,1500829522.8,0.9948458196230111,Bull,1.0,0.0,0.0,0.0,0.7650208710894398,0.0,0.0,0.07685887875948588,0.1528657121686393,0.00010035760544603532,0.7690790496411883,0.0,0.0,0.0915459081043248,0.13937504225448683,0.0
2024-01-25,1512437840.7893095,222013.8593094796,7553609.18,1504662217.75,0.9948588809208505,Bull,1.0,0.0,0.0,0.0,0.7635147287424061,0.0,0.0,0.076886796180207,0.15435586422392436,0.00010149177431311265,0.7734060089563202,0.0,0.0,0.08129606582591759,0.14529792521776236,0.0
2024-01-26,1523858481.6393094,222013.8593094796,7553609.18,1516082858.6,0.9948974113193604,Bull,1.0,0.0,0.0,0.0,0.7653503410273071,0.0,0.0,0.07624756589929968,0.15319903574566804,0.00010046864708545691,0.7734060089563202,0.0,0.0,0.08129606582591759,0.14529792521776236,0.0
2024-01-29,1525781669.4893095,222013.8593094796,7553609.18,1518006046.45,0.9949038429319235,Bull,1.0,0.0,0.0,0.0,0.7646581878523312,0.0,0.0,0.07617892017204785,0.15396468885265105,0.00010204605489336751,0.7734060089563202,0.0,0.0,0.08129606582591759,0.14529792521776236,0.0
2024-01-30,1511798825.6393094,222013.8593094796,7553609.18,1504023202.6,0.9948567078453567,Bull,1.0,0.0,0.0,0.0,0.7627432189017418,0.0,0.0,0.07702056518714388,0.15499029766802025,0.00010262608845088246,0.7734060089563202,0.0,0.0,0.08129606582591759,0.14529792521776236,0.0
2024-01-31,1510522094.3393095,222013.8593094796,7553609.18,1502746471.3,0.9948523606053505,Bull,1.0,0.0,0.0,0.0,0.7645201785711788,0.0,0.0,0.07716106929967124,0.15307048527557765,0.00010062745892272672,0.7734060089563202,0.0,0.0,0.08129606582591759,0.14529792521776236,0.0
2024-02-01,1523366417.8893094,222013.8593094796,7553609.18,1515590794.85,0.9948957631282939,Bull,1.0,0.0,0.0,0.0,0.7662830039718128,0.0,0.0,0.07673268796482921,0.15177986549051037,0.00010020570114149112,0.7734060089563202,0.0,0.0,0.08129606582591759,0.14529792521776236,0.0
2024-02-02,1526907372.8393095,222013.8593094796,7553609.18,1519131749.8,0.9949076000433146,Bull,1.0000000000000002,0.0,0.0,0.0,0.7661768294592664,0.0,0.0,0.07635610520578036,0.15227321849107928,0.00010144688718868447,0.7772435294212245,0.0,0.0,0.07105974159779552,0.15169672898098008,0.0
2024-02-05,1519497501.3893094,222013.8593094796,7553609.18,1511721878.35,0.9948827668145555,Bull,1.0000000000000002,0.0,0.0,0.0,0.7640223016415206,0.0,0.0,0.07677992223964102,0.15397850262081786,0.00010204031257585777,0.7772435294212245,0.0,0.0,0.07105974159779552,0.15169672898098008,0.0
2024-02-15,1530976099.7393095,222013.8593094796,7553609.18,1523200476.7,0.9949211336214632,Bull,1.0000000000000002,0.0,0.0,0.0,0.7583552916976928,0.0,0.0,0.07643953424219167,0.1600184026659301,0.00010790501564859817,0.7772435294212245,0.0,0.0,0.07105974159779552,0.15169672898098008,0.0
2024-02-16,1532125772.2754881,141600.79548810236,7553609.18,1524430562.3,0.994977429324187,Bull,1.0000000000000002,0.0,0.0,0.0,0.7596778171620742,0.0,0.0,0.0826522223511232,0.15253982683999726,0.00010756297099241516,0.7772435294212245,0.0,0.0,0.07105974159779552,0.15169672898098008,0.0
2024-02-19,1545918301.097578,300784.3175781034,7553609.18,1538063907.6,0.9949192699950562,Bull,1.0000000000000002,0.0,0.0,0.0,0.761471875172333,0.0,0.0,0.08292339893316814,0.15041726321171392,0.00010673267784128861,0.7772435294212245,0.0,0.0,0.07105974159779552,0.15169672898098008,0.0
2024-02-20,1552162676.263932,426149.333931855,7553609.18,1544182917.75,0.9948589418905889,Bull,1.0000000000000002,0.0,0.0,0.0,0.7665524277480322,0.0,0.0,0.07689078073135297,0.15130868921890298,0.00010704419230072223,0.7772435294212245,0.0,0.0,0.07105974159779552,0.15169672898098008,0.0
2024-02-21,1545583117.013932,6234149.333931855,1745609.18,1537603358.5,0.9948370563665648,Bull,1.0000000000000002,5808000.0,0.0,0.0,0.7654658267655854,0.0,0.0,0.07779426332781052,0.15147008104766305,0.00010688522550580557,0.7772435294212245,0.0,0.0,0.07105974159779552,0.15169672898098008,0.0
2024-02-22,1548098998.1836653,2317698.0536652296,1745609.18,1544035690.95,0.9973752923821845,Bull,1.0000000000000002,0.0,0.0,0.0,0.7671394996982636,0.0,0.0,0.07718918501995117,0.15293750611413465,0.00010910154983509771,0.7772435294212245,0.0,0.0,0.07105974159779552,0.15169672898098008,0.0
2024-02-23,1545326830.3336651,2317698.0536652296,1745609.18,1541263523.1,0.9973705839089146,Bull,1.0000000000000002,0.0,0.0,0.0,0.7665443644981113,0.0,0.0,0.0764854383421787,0.1542311278893271,0.00010965317929761988,0.7772435294212245,0.0,0.0,0.07105974159779552,0.15169672898098008,0.0
2024-02-26,1537917506.4336653,2317698.0536652296,1745609.18,1533854199.2,0.9973579160022128,Bull,1.0000000000000002,0.0,0.0,0.0,0.7652033313080435,0.0,0.0,0.07685392714859383,0.15518979334168495,0.00011086420389047971,0.7772435294212245,0.0,0.0,0.07105974159779552,0.15169672898098008,0.0
2024-02-27,1538741813.2836652,2317698.0536652296,1745609.18,1534678506.05,0.9973593313715222,Bull,1.0,0.0,0.0,0.0,0.7666281931551919,0.0,0.0,0.0761612500474735,0.15446015565977542,0.00010973250908134822,0.7829326470659184,0.0,0.0,0.06098503496183921,0.15608231797224248,0.0
2024-02-29,1549028177.761846,1615545.3818458552,1745609.18,1545667023.2,0.9978301527305317,Bull,1.0,0.0,0.0,0.0,0.7751436613211845,0.0,0.0,0.06799308205753815,0.1545835662886274,0.00010984306318161731,0.7829326470659184,0.0,0.0,0.06098503496183921,0.15608231797224248,0.0
2024-03-01,1543273328.561846,1615545.3818458552,1745609.18,1539912174.0,0.9978220613940252,Bull,1.0,0.0,0.0,0.0,0.775049177526213,0.0,0.0,0.06804420063285746,0.15461862496021067,0.00011005827474403432,0.7829326470659184,0.0,0.0,0.06098503496183921,0.15608231797224248,0.0
2024-03-04,1548336772.161846,1615545.3818458552,1745609.18,1544975617.6,0.9978291837910992,Bull,1.0,0.0,0.0,0.0,0.7712273835185902,0.0,0.0,0.06789614629717731,0.15859175756521562,0.00011389641011611027,0.7829326470659184,0.0,0.0,0.06098503496183921,0.15608231797224248,0.0
2024-03-05,1549465998.7618458,1615545.3818458552,1745609.18,1546104844.1999998,0.99783076584802,Bull,1.0,0.0,0.0,0.0,0.7704098671115636,0.0,0.0,0.06753565427290405,0.15977030163799674,0.00011494282555558944,0.7829326470659184,0.0,0.0,0.06098503496183921,0.15608231797224248,0.0
2024-03-06,1559694860.761846,1615545.3818458552,1745609.18,1556333706.2,0.997844992218411,Bull,1.0,0.0,0.0,0.0,0.7706986709008237,0.0,0.0,0.0675584068723102,0.15947244314090164,0.00011547130437554218,0.7829326470659184,0.0,0.0,0.06098503496183921,0.15608231797224248,0.0
2024-03-07,1562308886.211846,1615545.3818458552,1745609.18,1558947731.65,0.9978485979363557,Bull,1.0,0.0,0.0,0.0,0.7679327962852773,0.0,0.0,0.0669022630047481,0.1628956362253522,0.0001179024209781156,0.7829326470659184,0.0,0.0,0.06098503496183921,0.15608231797224248,0.0
2024-03-08,1574768450.361846,1615545.3818458552,1745609.18,1571407295.8,0.9978656198242518,Bull,1.0,0.0,0.0,0.0,0.7673655422308796,0.0,0.0,0.06649371212379795,0.16388818936567956,0.00011817610389466365,0.7829326470659184,0.0,0.0,0.06098503496183921,0.15608231797224248,0.0
2024-03-11,1571548306.6871567,1658127.65715673,1745609.18,1568144569.85,0.9978341506763276,Bull,1.0,0.0,0.0,0.0,0.7678736089212841,0.0,0.0,0.073007300833063,0.15683564988184928,0.00011759104013134709,0.7829326470659184,0.0,0.0,0.06098503496183921,0.15608231797224248,0.0
2024-03-12,1575795674.1656094,124403.08560910681,1745609.18,1573925661.9,0.9988132901389012,Bull,1.0,0.0,0.0,0.0,0.7741759175382718,0.0,0.0,0.06695810994396162,0.15755945016885906,0.0001198124878087195,0.7829326470659184,0.0,0.0,0.06098503496183921,0.15608231797224248,0.0
2024-03-13,1585012477.0656092,124403.08560910681,1745609.18,1583142464.8,0.9988201908233105,Bull,1.0,0.0,0.0,0.0,0.7749287040780547,0.0,0.0,0.06636881508639733,0.15740365051376998,0.00011902114508855763,0.7829326470659184,0.0,0.0,0.06098503496183921,0.15608231797224248,0.0
2024-03-14,1607377505.6156094,124403.08560910681,1745609.18,1605507493.3500001,0.9988366066720008,Bull,1.0,0.0,0.0,0.0,0.7777183573756865,0.0,0.0,0.06593746623286748,0.15506357350978445,0.0001172095536622834,0.7829326470659184,0.0,0.0,0.06098503496183921,0.15608231797224248,0.0
2024-03-15,1604298739.3656092,124403.08560910681,1745609.18,1602428727.1,0.9988343740353816,Bull,1.0,0.0,0.0,0.0,0.7793629991845662,0.0,0.0,0.06609822559726757,0.15325761590838452,0.00011553334516319155,0.7829326470659184,0.0,0.0,0.06098503496183921,0.15608231797224248,0.0
2024-03-18,1601090500.4656093,124403.08560910681,1745609.18,1599220488.2,0.9988320383731804,Bull,1.0,0.0,0.0,0.0,0.7773815332974894,0.0,0.0,0.06636314435011681,0.15496987829722592,0.00011748242834824083,0.7829326470659184,0.0,0.0,0.06098503496183921,0.15608231797224248,0.0
2024-03-19,1592561506.6156092,124403.08560910681,1745609.18,1590691494.35,0.9988257833321721,Bull,1.0,0.0,0.0,0.0,0.7767402321426143,0.0,0.0,0.06652113564212256,0.1554466492952553,0.00011776625217984016,0.7829326470659184,0.0,0.0,0.06098503496183921,0.15608231797224248,0.0
2024-03-20,1583625057.715609,124403.08560910681,1745609.18,1581755045.4499998,0.9988191571884403,Bull,1.0,0.0,0.0,0.0,0.7764100406592607,0.0,0.0,0.06683033934349752,0.15546129356852584,0.00011748361715643633,0.7829326470659184,0.0,0.0,0.06098503496183921,0.15608231797224248,0.0
2024-03-21,1608522905.4156094,124403.08560910681,1745609.18,1606652893.15,0.9988374351031538,Bull,1.0,0.0,0.0,0.0,0.7754077290106934,0.0,0.0,0.06605805838527717,0.15725097799253596,0.00012066971464720829,0.7829326470659184,0.0,0.0,0.06098503496183921,0.15608231797224248,0.0
2024-03-22,1605678708.6156092,124403.08560910681,1745609.18,1603808696.35,0.9988353758098832,Bull,1.0,0.0,0.0,0.0,0.7746866727917623,0.0,0.0,0.06669877318877646,0.15732935776286483,0.00012057206647955049,0.7829326470659184,0.0,0.0,0.06098503496183921,0.15608231797224248,0.0
2024-03-25,1607036199.7656093,124403.08560910681,1745609.18,1605166187.5,0.9988363595879906,Bull,1.0,0.0,0.0,0.0,0.7742816482176845,0.0,0.0,0.06693744672067095,0.15749645218752117,0.00012081246211399427,0.7829326470659184,0.0,0.0,0.06098503496183921,0.15608231797224248,0.0
2024-03-26,1616941274.6156094,124403.08560910681,1745609.18,1615071262.3500001,0.9988434878279338,Bull,1.0,0.0,0.0,0.0,0.7749144523803871,0.0,0.0,0.06717863023554942,0.15663104404345637,0.00011936116854081872,0.7829326470659184,0.0,0.0,0.06098503496183921,0.15608231797224248,0.0
2024-03-27,1615083304.9656093,124403.08560910681,1745609.18,1613213292.7,0.9988421573922163,Bull,1.0,0.0,0.0,0.0,0.7738216281832052,0.0,0.0,0.06803921485792333,0.1568609800009013,0.00012033435018643721,0.7829326470659184,0.0,0.0,0.06098503496183921,0.15608231797224248,0.0
2024-03-28,1607295028.5656092,124403.08560910681,1745609.18,1605425016.3,0.9988365469734091,Bull,1.0,0.0,0.0,0.0,0.7741653798372385,0.0,0.0,0.06767960957179033,0.15687120007147326,0.00012035749290697407,0.7829326470659184,0.0,0.0,0.06098503496183921,0.15608231797224248,0.0
2024-03-29,1617693140.5156093,124403.08560910681,1745609.18,1615823128.25,0.9988440253477163,Bull,1.0,0.0,0.0,0.0,0.7742649683553593,0.0,0.0,0.06760243785489722,0.15685626256604107,0.00012035657141869505,0.7829326470659184,0.0,0.0,0.06098503496183921,0.15608231797224248,0.0
2024-04-01,1620391702.9156094,124403.08560910681,1745609.18,1618521690.65,0.9988459504808347,Bull,1.0,0.0,0.0,0.0,0.7747149275025501,0.0,0.0,0.0679117893543862,0.15609917006170532,0.00012006356219298183,0.7829326470659184,0.0,0.0,0.06098503496183921,0.15608231797224248,0.0
2024-04-02,1621111663.9156094,124403.08560910681,1745609.18,1619241651.65,0.998846463012244,Bull,1.0,0.0,0.0,0.0,0.772872609295607,0.0,0.0,0.06759071718436789,0.15826025789014106,0.0001228786421281155,0.7829326470659184,0.0,0.0,0.06098503496183921,0.15608231797224248,0.0
2024-04-03,1596538449.9656093,124403.08560910681,1745609.18,1594668437.7,0.9988287082809377,Bull,1.0,0.0,0.0,0.0,0.7712452134970653,0.0,0.0,0.06787146279022227,0.1595889218988045,0.00012311009484565426,0.7829326470659184,0.0,0.0,0.06098503496183921,0.15608231797224248,0.0
2024-04-08,1611068072.7156093,124403.08560910681,1745609.18,1609198060.45,0.9988392717245913,Bull,1.0,0.0,0.0,0.0,0.7716241985694435,0.0,0.0,0.06804461081226532,0.1590473762962042,0.00012308604667818064,0.7829326470659184,0.0,0.0,0.06098503496183921,0.15608231797224248,0.0
2024-04-09,1622547142.4156094,124403.08560910681,1745609.18,1620677130.15,0.9988474835542681,Bull,1.0,0.0,0.0,0.0,0.770023469573848,0.0,0.0,0.0670111192197025,0.16168574899428215,0.00012714576643539952,0.7829326470659184,0.0,0.0,0.06098503496183921,0.15608231797224248,0.0
2024-04-10,1621757525.7156093,124403.08560910681,1745609.18,1619887513.45,0.9988469224061198,Bull,1.0,0.0,0.0,0.0,0.7696734213699514,0.0,0.0,0.067529947148958,0.16151674701458044,0.00012680687262989936,0.7829326470659184,0.0,0.0,0.06098503496183921,0.15608231797224248,0.0
2024-04-11,1617916600.4156091,124403.08560910681,1745609.18,1616046588.1499999,0.998844185006119,Bull,1.0,0.0,0.0,0.0,0.7694609152475503,0.0,0.0,0.06785374473059944,0.16140356056234245,0.00012596446562674986,0.7829326470659184,0.0,0.0,0.06098503496183921,0.15608231797224248,0.0
2024-04-12,1610514566.6156092,124403.08560910681,1745609.18,1608644554.35,0.9988388728022877,Bull,1.0,0.0,0.0,0.0,0.769193852715814,0.0,0.0,0.06777206630882399,0.16174625514093458,0.00012669863671509516,0.7829326470659184,0.0,0.0,0.06098503496183921,0.15608231797224248,0.0
2024-04-15,1603389196.4156091,124403.08560910681,1745609.18,1601519184.1499999,0.9988337128192022,Bull,1.0,0.0,0.0,0.0,0.7698822200558408,0.0,0.0,0.06846696999419254,0.1603603171175121,0.00012420565165662935,0.7829326470659184,0.0,0.0,0.06098503496183921,0.15608231797224248,0.0
2024-04-16,1572334047.7156093,124403.08560910681,1745609.18,1570464035.45,0.9988106774967278,Bull,1.0,0.0,0.0,0.0,0.7706617351513138,0.0,0.0,0.06894800768164004,0.1590816851949525,0.0001192494688214711,0.7829326470659184,0.0,0.0,0.06098503496183921,0.15608231797224248,0.0
2024-04-17,1577099770.6156092,124403.08560910681,1745609.18,1575229758.35,0.9988142714237545,Bull,1.0,0.0,0.0,0.0,0.7701698909485455,0.0,0.0,0.06813842852697477,0.16038414608434445,0.00012180586388964801,0.7829326470659184,0.0,0.0,0.06098503496183921,0.15608231797224248,0.0
2024-04-18,1584516585.9156091,124403.08560910681,1745609.18,1582646573.6499999,0.9988198215896057,Bull,1.0,0.0,0.0,0.0,0.7695053396651155,0.0,0.0,0.06798641362138284,0.16120541259743193,0.00012265570567549175,0.7829326470659184,0.0,0.0,0.06098503496183921,0.15608231797224248,0.0
2024-04-19,1555606318.2156093,124403.08560910681,1745609.18,1553736305.95,0.9987978884864942,Bull,1.0,0.0,0.0,0.0,0.7739549472459317,0.0,0.0,0.06884248202517067,0.15588539154183975,0.00011506767355208848,0.7871994852994388,0.0,0.0,0.07146815246009351,0.14133236224046775,0.0
2024-04-22,1580511196.3156092,124403.08560910681,1745609.18,1578641184.05,0.9988168307380748,Bull,1.0,0.0,0.0,0.0,0.776872752886726,0.0,0.0,0.06885968302768496,0.15297148831568338,0.00011290650798045069,0.790399613974579,0.0,0.0,0.08069434541645361,0.12890604060896732,0.0
2024-04-23,1589320759.2877874,2057342.2077874802,1745609.18,1585517807.8999999,0.9976071844745225,Bull,1.0,0.0,0.0,0.0,0.7796504894677628,0.0,0.0,0.08231642306026808,0.13552594637757281,0.00011432556891877768,0.790399613974579,0.0,0.0,0.08069434541645361,0.12890604060896732,0.0
2024-04-24,1590341520.4377875,2057342.2077874802,1745609.18,1586538569.05,0.9976087203038372,Bull,1.0,0.0,0.0,0.0,0.7759756650950592,0.0,0.0,0.08210626354272314,0.13940672311628352,0.00012006854977126893,0.790399613974579,0.0,0.0,0.08069434541645361,0.12890604060896732,0.0
2024-04-25,1571451633.8877876,2057342.2077874802,1745609.18,1567648682.5,0.9975799755424994,Bull,1.0,0.0,0.0,0.0,0.776343386071477,0.0,0.0,0.08260807854380942,0.1385107853822389,0.00011772554497417657,0.790399613974579,0.0,0.0,0.08069434541645361,0.12890604060896732,0.0
2024-04-26,1577117283.1877875,2057342.2077874802,1745609.18,1573314331.8,0.9975886692585724,Bull,1.0,0.0,0.0,0.0,0.7748623040449494,0.0,0.0,0.08234454176895652,0.14026097003570834,0.00012085340895811186,0.790399613974579,0.0,0.0,0.08069434541645361,0.12890604060896732,0.0
2024-04-29,1613860026.7876568,586714.1076567369,1745609.18,1611527703.5,0.9985548168682886,Sideways,1.0,0.0,0.0,0.0,0.7871139271157735,0.0,0.0,0.08025287066425442,0.13106564168456905,0.0001223774036916437,0.790399613974579,0.0,0.0,0.08069434541645361,0.12890604060896732,0.0
2024-04-30,1611227461.3876567,586714.1076567369,1745609.18,1608895138.1,0.9985524556007455,Sideways,1.0,0.0,0.0,0.0,0.7874722958155509,0.0,0.0,0.08013319229849933,0.13082510387357701,0.00012186361311822177,0.790399613974579,0.0,0.0,0.08069434541645361,0.12890604060896732,0.0
2024-05-02,1616670494.4376566,586714.1076567369,1745609.18,1614338171.1499999,0.9985573292172515,Sideways,1.0,0.0,0.0,0.0,0.7897604833779789,0.0,0.0,0.080022985787837,0.12865441703527097,0.0001194430161646316,0.7927997104809343,0.0,0.0,0.08920929508521658,0.11799099443384913,0.0
2024-05-03,1619684893.7376568,586714.1076567369,1745609.18,1617352570.45,0.9985600141751804,Sideways,1.0,0.0,0.0,0.0,0.7895888733633786,0.0,0.0,0.07977848067830985,0.12907288374936302,0.0001197763841288394,0.7945997828607008,0.0,0.0,0.1010534314596633,0.10434678567963596,0.0
2024-05-06,1659262085.6677463,430351.13774636015,1745609.18,1657086125.35,0.9986885975780789,Sideways,1.0,0.0,0.0,0.0,0.8052067764884329,0.0,0.0,0.0838872901407764,0.10947468851908268,0.00011984242978707951,0.7945997828607008,0.0,0.0,0.1010534314596633,0.10434678567963596,0.0
2024-05-07,1658796836.5056596,3589881.775659613,1745609.18,1653461345.55,0.9967835175241236,Sideways,1.0,0.0,0.0,0.0,0.8017092065062319,0.0,0.0,0.08868988459726788,0.10626382696227103,0.00012059945835284781,0.7945997828607008,0.0,0.0,0.1010534314596633,0.10434678567963596,0.0
2024-05-08,1665389705.3056595,3589881.775659613,1745609.18,1660054214.35,0.996796250788232,Bull,1.0,0.0,0.0,0.0,0.8016288380412285,0.0,0.0,0.08880678169729371,0.10623981848592416,0.00012081256378552699,0.7945997828607008,0.0,0.0,0.1010534314596633,0.10434678567963596,0.0
2024-05-09,1649450062.5556595,3589881.775659613,1745609.18,1644114571.6,0.9967652910040861,Bull,1.0,0.0,0.0,0.0,0.799941842165031,0.0,0.0,0.08956948946431932,0.107132979658811,0.00012097971592472283,0.7945997828607008,0.0,0.0,0.1010534314596633,0.10434678567963596,0.0
2024-05-10,1671811609.7056596,3589881.775659613,1745609.18,1666476118.75,0.9968085573011429,Bull,1.0,0.0,0.0,0.0,0.8017058327439025,0.0,0.0,0.08852414897756107,0.10645735976874493,0.00012121581093439033,0.7945997828607008,0.0,0.0,0.1010534314596633,0.10434678567963596,0.0
2024-05-13,1672013458.7556596,3589881.775659613,1745609.18,1666677967.8,0.9968089425789488,Bull,1.0,0.0,0.0,0.0,0.8004847453776331,0.0,0.0,0.0886709967695696,0.10753101242008255,0.00012218801166352062,0.7945997828607008,0.0,0.0,0.1010534314596633,0.10434678567963596,0.0
2024-05-14,1657547575.5556598,3589881.775659613,1745609.18,1652212084.6000001,0.996781093324654,Bull,1.0,0.0,0.0,0.0,0.7985748066122713,0.0,0.0,0.08888124972860116,0.1092001235254571,0.00012491345832447108,0.7959498371455256,0.0,0.0,0.08712581691935808,0.11692434593511636,0.0
2024-05-15,1666061679.0056596,3589881.775659613,1745609.18,1660726188.05,0.9967975429584072,Bull,1.0,0.0,0.0,0.0,0.7982695087517718,0.0,0.0,0.08827218214860605,0.11012896599932943,0.00012688605869992038,0.7969623778591441,0.0,0.0,0.0746142121702724,0.12842340997058344,0.0
2024-05-16,1671567551.5447161,272539.2647161153,1745609.18,1669549403.1,0.9987926611503967,Bull,1.0,0.0,0.0,0.0,0.8068193246834046,0.0,0.0,0.08155207360541618,0.11029314958263481,0.00012811327894113604,0.7969623778591441,0.0,0.0,0.0746142121702724,0.12842340997058344,0.0
2024-05-17,1676784571.7725232,3594737.242522994,1745609.18,1671444225.3500001,0.9968151266940166,Bull,1.0,0.0,0.0,0.0,0.8062107966087575,0.0,0.0,0.08065842343541549,0.10981866907645975,0.00012723757338396099,0.7969623778591441,0.0,0.0,0.0746142121702724,0.12842340997058344,0.0
2024-05-20,1694699131.8722367,3386147.09223675,1745609.18,1689567375.6,0.996971877676855,Bull,1.0,0.0,0.0,0.0,0.8011596867345057,0.0,0.0,0.08706105834668192,0.10862529905035576,0.00012583354531161517,0.7969623778591441,0.0,0.0,0.0746142121702724,0.12842340997058344,0.0
2024-05-21,1676532850.0194206,1356267.4394203722,1745609.18,1673430973.4,0.9981498265188274,Bull,1.0,0.0,0.0,0.0,0.796121903238901,0.0,0.0,0.07858360782997711,0.1233175955947449,0.00012671985520447095,0.7976678507894327,0.0,0.0,0.06346065912770432,0.13887149008286306,0.0
2024-05-22,1683486078.5190647,138796.83906449855,1745609.18,1681601672.5,0.9988806524490406,Bull,1.0,0.0,0.0,0.0,0.7945500646353294,0.0,0.0,0.06737151049076262,0.13682916831877526,0.00012990900417328478,0.7976678507894327,0.0,0.0,0.06346065912770432,0.13887149008286306,0.0
2024-05-23,1689086610.1690648,138796.83906449855,1745609.18,1687202204.15,0.9988843638877251,Bull,1.0,0.0,0.0,0.0,0.79414421147755,0.0,0.0,0.0671918179427402,0.13741835297407717,0.00012998149335753998,0.7976678507894327,0.0,0.0,0.06346065912770432,0.13887149008286306,0.0
2024-05-24,1669552604.0190647,138796.83906449855,1745609.18,1667668198.0,0.9988713107843812,Bull,1.0,0.0,0.0,0.0,0.7923761999564367,0.0,0.0,0.0679059166671848,0.13845805124290672,0.00013114291785291948,0.7954941614077354,0.0,0.0,0.05509549434577824,0.14941034424648633,0.0
2024-05-27,1673389635.3690646,138796.83906449855,1745609.18,1671505229.35,0.9988738988342969,Bull,1.0,0.0,0.0,0.0,0.7918837916417141,0.0,0.0,0.06681247310064872,0.1400434453798412,0.0001341887120930301,0.7954941614077354,0.0,0.0,0.05509549434577824,0.14941034424648633,0.0
2024-05-28,1668579552.2690647,138796.83906449855,1745609.18,1666695146.25,0.9988706525760177,Bull,1.0,0.0,0.0,0.0,0.7908347219379172,0.0,0.0,0.06725001504867141,0.14065017138730704,0.000135744202122091,0.7954941614077354,0.0,0.0,0.05509549434577824,0.14941034424648633,0.0
2024-05-29,1642359334.7690647,138796.83906449855,1745609.18,1640474928.75,0.9988526225782802,Bull,1.0,0.0,0.0,0.0,0.7900221354009864,0.0,0.0,0.06773852569580531,0.14095682053194036,0.00013514094954817475,0.7954941614077354,0.0,0.0,0.05509549434577824,0.14941034424648633,0.0
2024-05-30,1627356844.2690647,138796.83906449855,1745609.18,1625472438.25,0.9988420449849701,Bull,1.0,0.0,0.0,0.0,0.7900005108144792,0.0,0.0,0.06890984014656518,0.1398000080936058,0.00013168593031988256,0.7954941614077354,0.0,0.0,0.05509549434577824,0.14941034424648633,0.0
2024-05-31,1634108855.2190647,138796.83906449855,1745609.18,1632224449.2,0.9988468295652115,Bull,1.0,0.0,0.0,0.0,0.7914245400907682,0.0,0.0,0.06964560508714893,0.13764688887255705,0.00012979551473733762,0.7954941614077354,0.0,0.0,0.05509549434577824,0.14941034424648633,0.0
2024-06-03,1638197233.5690649,138796.83906449855,1745609.18,1636312827.5500002,0.9988497074830488,Bull,1.0,0.0,0.0,0.0,0.7890751498424519,0.0,0.0,0.0694008619171599,0.14023967645182475,0.0001340192716121712,0.7954941614077354,0.0,0.0,0.05509549434577824,0.14941034424648633,0.0
2024-06-04,1627093654.6690645,138796.83906449855,1745609.18,1625209248.6499999,0.9988418576806214,Bull,1.0,0.0,0.0,0.0,0.790054337045188,0.0,0.0,0.06970815704094728,0.1389482094968792,0.000131154097606879,0.7888005143462328,0.0,0.0,0.06534517006330426,0.14585431559046297,0.0
2024-06-05,1632193222.2190645,138796.83906449855,1745609.18,1630308816.1999998,0.998845476140072,Bull,1.0,0.0,0.0,0.0,0.7893522339520417,0.0,0.0,0.069518852581518,0.13984235866981531,0.00013203093669695236,0.7888005143462328,0.0,0.0,0.06534517006330426,0.14585431559046297,0.0
2024-06-06,1645297844.7690647,138796.83906449855,1745609.18,1643413438.75,0.9988546717999688,Bull,1.0,0.0,0.0,0.0,0.7861790452485256,0.0,0.0,0.06907521356168306,0.14346399392088846,0.00013641906887169354,0.7888005143462328,0.0,0.0,0.06534517006330426,0.14585431559046297,0.0
2024-06-07,1655272769.3190646,138796.83906449855,1745609.18,1653388363.3,0.9988615737212666,Bull,1.0,0.0,0.0,0.0,0.7887754438424702,0.0,0.0,0.06845663270749905,0.14149435328193583,0.00013514388936152453,0.7888005143462328,0.0,0.0,0.06534517006330426,0.14585431559046297,0.0
2024-06-11,1652894040.8190649,138796.83906449855,1745609.18,1651009634.8000002,0.9988599353784766,Bull,1.0,0.0,0.0,0.0,0.7881922571119075,0.0,0.0,0.0684658527439073,0.14206688039339657,0.00013494512926519547,0.7888005143462328,0.0,0.0,0.06534517006330426,0.14585431559046297,0.0
2024-06-12,1654840425.1690645,138796.83906449855,1745609.18,1652956019.1499999,0.9988612762956451,Bull,1.0,0.0,0.0,0.0,0.7857183685956686,0.0,0.0,0.06856697375422634,0.1444380958820127,0.0001378380637375936,0.7888005143462328,0.0,0.0,0.06534517006330426,0.14585431559046297,0.0
2024-06-13,1664396758.9690647,138796.83906449855,1745609.18,1662512352.95,0.9988678144144958,Bull,1.0,0.0,0.0,0.0,0.7849872909865981,0.0,0.0,0.0680550472053072,0.1456847645811276,0.00014071164146285925,0.7888005143462328,0.0,0.0,0.06534517006330426,0.14585431559046297,0.0
2024-06-14,1675632895.9190645,138796.83906449855,1745609.18,1673748489.8999999,0.9988754064069438,Bull,1.0,0.0,0.0,0.0,0.7848232707192685,0.0,0.0,0.06835369505990663,0.14555694185403525,0.00014149877373346355,0.7888005143462328,0.0,0.0,0.06534517006330426,0.14585431559046297,0.0
2024-06-17,1678382190.7190645,138796.83906449855,1745609.18,1676497784.6999998,0.9988772485614511,Bull,1.0,0.0,0.0,0.0,0.7855312049844573,0.0,0.0,0.06788626609007654,0.1453185104970082,0.00014126698990914573,0.7888005143462328,0.0,0.0,0.06534517006330426,0.14585431559046297,0.0
2024-06-18,1693051659.0190647,138796.83906449855,1745609.18,1691167253.0,0.9988869766560127,Bull,1.0,0.0,0.0,0.0,0.7848789467947572,0.0,0.0,0.06740343650595895,0.14646038629658126,0.00014420705871518285,0.7888005143462328,0.0,0.0,0.06534517006330426,0.14585431559046297,0.0
2024-06-19,1701503168.9190645,138796.83906449855,1745609.18,1699618762.8999999,0.9988925051369362,Bull,1.0,0.0,0.0,0.0,0.7822460088308607,0.0,0.0,0.0668223850986012,0.14967486082426096,0.0001492503832134089,0.7888005143462328,0.0,0.0,0.06534517006330426,0.14585431559046297,0.0
2024-06-20,1704841432.3690646,138796.83906449855,1745609.18,1702957026.35,0.9988946737313592,Bull,1.0,0.0,0.0,0.0,0.7815778646923142,0.0,0.0,0.06635238788325722,0.1508124128838866,0.000152008271901207,0.7888005143462328,0.0,0.0,0.06534517006330426,0.14585431559046297,0.0
2024-06-21,1701021797.4690647,138796.83906449855,1745609.18,1699137391.45,0.9988921917274262,Bull,1.0,0.0,0.0,0.0,0.7824303859187934,0.0,0.0,0.06607628436463,0.15023499427240442,0.00015052717159825613,0.7888005143462328,0.0,0.0,0.06534517006330426,0.14585431559046297,0.0
2024-06-24,1704424321.9190648,138796.83906449855,1745609.18,1702539915.9,0.9988944032334959,Bull,1.0,0.0,0.0,0.0,0.7859611592444831,0.0,0.0,0.06651137192900437,0.14627812851161545,0.00014374354839301215,0.7888005143462328,0.0,0.0,0.06534517006330426,0.14585431559046297,0.0
2024-06-25,1704200902.6690648,138796.83906449855,1745609.18,1702316496.65,0.9988942582907253,Bull,1.0,0.0,0.0,0.0,0.7862020519714407,0.0,0.0,0.06633038383148367,0.1462177960413794,0.00014402644642165375,0.7888005143462328,0.0,0.0,0.06534517006330426,0.14585431559046297,0.0
2024-06-26,1696218838.2690647,138796.83906449855,1745609.18,1694334432.25,0.99888905489283,Bull,1.0,0.0,0.0,0.0,0.7842700789760836,0.0,0.0,0.06640841232193169,0.14806417918120135,0.00014638441361338844,0.7888005143462328,0.0,0.0,0.06534517006330426,0.14585431559046297,0.0
2024-06-27,1696779949.3190646,138796.83906449855,1745609.18,1694895543.3,0.9988894222731587,Bull,1.0,0.0,0.0,0.0,0.7843786071576996,0.0,0.0,0.06639010559100923,0.14797528701394758,0.00014542251050233315,0.7888005143462328,0.0,0.0,0.06534517006330426,0.14585431559046297,0.0
2024-06-28,1702591846.3190646,138796.83906449855,1745609.18,1700707440.3,0.9988932132952835,Bull,1.0,0.0,0.0,0.0,0.7843049954614643,0.0,0.0,0.06605552601649428,0.14838538698878243,0.0001473048285425656,0.7888005143462328,0.0,0.0,0.06534517006330426,0.14585431559046297,0.0
2024-07-01,1707229535.6190646,138796.83906449855,1745609.18,1705345129.6,0.9988962198815396,Bull,1.0,0.0,0.0,0.0,0.7839496105687302,0.0,0.0,0.06669835404335915,0.14810135059449736,0.0001469046749528361,0.7888005143462328,0.0,0.0,0.06534517006330426,0.14585431559046297,0.0
2024-07-02,1703197801.6690648,138796.83906449855,1745609.18,1701313395.65,0.9988936070624223,Bull,1.0,0.0,0.0,0.0,0.7841467058853695,0.0,0.0,0.06714434453117056,0.1474574766089317,0.00014508003695040708,0.7888005143462328,0.0,0.0,0.06534517006330426,0.14585431559046297,0.0
2024-07-03,1738910031.0690646,138796.83906449855,1745609.18,1737025625.05,0.9989163292031238,Bull,1.0,0.0,0.0,0.0,0.7868256554991706,0.0,0.0,0.06576228669501427,0.14618237600465253,0.00014601100428634874,0.7888005143462328,0.0,0.0,0.06534517006330426,0.14585431559046297,0.0
2024-07-04,1744668538.2190647,138796.83906449855,4847825.18,1739681916.2,0.99714179403719,Bull,1.0,0.0,0.0,0.0,0.7844378953477508,0.0,0.0,0.06304670348001008,0.14950547584600773,0.00015171936342143384,0.7888005143462328,0.0,0.0,0.06534517006330426,0.14585431559046297,0.0
2024-07-05,1745628358.1690648,138796.83906449855,4847825.18,1740641736.15,0.9971433655991387,Bull,1.0,0.0,0.0,0.0,0.7842880930199718,0.0,0.0,0.0638245818353104,0.1488799140915593,0.00015077665229732077,0.7888005143462328,0.0,0.0,0.06534517006330426,0.14585431559046297,0.0
2024-07-08,1759332754.9690647,138796.83906449855,5247725.18,1753946232.95,0.9969383153903939,Bull,1.0,0.0,0.0,0.0,0.7822308082783342,0.0,0.0,0.06217328682766629,0.15237978673608785,0.00015443354830552077,0.7888005143462328,0.0,0.0,0.06534517006330426,0.14585431559046297,0.0
2024-07-09,1749654807.1690648,138796.83906449855,5247725.18,1744268285.15,0.9969213801505338,Bull,1.0,0.0,0.0,0.0,0.7818237514880393,0.0,0.0,0.06187506218736043,0.15306776451140378,0.00015480196373033966,0.7888005143462328,0.0,0.0,0.06534517006330426,0.14585431559046297,0.0
2024-07-10,1750418914.6190646,138796.83906449855,6047225.18,1744232892.6,0.9964659762486565,Bull,1.0,0.0,0.0,0.0,0.7820360207304462,0.0,0.0,0.06073117646991072,0.15354281638260855,0.00015596266569103642,0.7888005143462328,0.0,0.0,0.06534517006330426,0.14585431559046297,0.0
2024-07-11,1764267452.9690647,138796.83906449855,6047225.18,1758081430.95,0.9964937164098027,Bull,1.0,0.0,0.0,0.0,0.7803734511074388,0.0,0.0,0.06024358711664317,0.1557168951553612,0.00015978303035948084,0.7888005143462328,0.0,0.0,0.06534517006330426,0.14585431559046297,0.0
2024-07-12,1759177562.3190646,138796.83906449855,6047225.18,1752991540.3,0.9964835715555002,Bull,1.0,0.0,0.0,0.0,0.7847585257284059,0.0,0.0,0.06033398917394193,0.15123786006528506,0.00015319658786730272,0.7888005143462328,0.0,0.0,0.06534517006330426,0.14585431559046297,0.0
2024-07-15,1763986123.0690646,138796.83906449855,6047225.18,1757800101.05,0.996493157209025,Bull,1.0,0.0,0.0,0.0,0.7845673403836716,0.0,0.0,0.06067859525661884,0.1510944425890842,0.0001527789796504246,0.7888005143462328,0.0,0.0,0.06534517006330426,0.14585431559046297,0.0
2024-07-16,1762380074.8690646,138796.83906449855,7402225.18,1754839052.85,0.9957211148000383,Bull,1.0,0.0,0.0,0.0,0.7834435503094191,0.0,0.0,0.0607757665485169,0.15134746119948997,0.00015433674261223598,0.7888005143462328,0.0,0.0,0.06534517006330426,0.14585431559046297,0.0
2024-07-17,1756601469.9690647,138796.83906449855,7402225.18,1749060447.95,0.9957070387632105,Bull,1.0,0.0,0.0,0.0,0.7846755633047912,0.0,0.0,0.06115467955397523,0.14972405778792372,0.0001527381165203767,0.7888005143462328,0.0,0.0,0.06534517006330426,0.14585431559046297,0.0
2024-07-18,1773732620.4190648,138796.83906449855,7402225.18,1766191598.4,0.9957485012497075,Bull,1.0,0.0,0.0,0.0,0.7884623828306113,0.0,0.0,0.06153576855017332,0.14560424554800283,0.0001461043209200115,0.7888005143462328,0.0,0.0,0.06534517006330426,0.14585431559046297,0.0
2024-07-19,1756003733.3690646,138796.83906449855,7402225.18,1748462711.35,0.9957055774564918,Bull,0.5,0.0,0.0,0.0,0.7895303324270394,0.0,0.0,0.062316211475275544,0.14371766141738543,0.00014137213679136555,0.3944002571731164,0.0,0.0,0.03267258503165213,0.07292715779523148,0.0
2024-07-22,1738174938.073367,1714981.0433671856,7402225.18,1729057731.85,0.9947547246116246,Bull,0.5,0.0,0.0,0.0,0.6353524364320261,0.0,0.0,0.15706462797272056,0.20220145412381102,0.00013620608306688572,0.3944002571731164,0.0,0.0,0.03267258503165213,0.07292715779523148,0.0
2024-07-23,1764955216.417397,263478.9873970677,7402225.18,1757289512.25,0.9956567146315716,Bull,0.5,0.0,0.0,0.0,0.6180801654924343,0.0,0.0,0.22512038623082856,0.15231598937999555,0.00014017352831319205,0.3944002571731164,0.0,0.0,0.03267258503165213,0.07292715779523148,0.0
2024-07-26,1749079897.9046822,268482600.0246821,7402225.18,1473195072.7,0.8422685976008417,Bull,0.5,0.0,0.0,0.0,0.574123013993226,0.0,0.0,0.15134608791577683,0.11666705462938232,0.00013244106245661284,0.3944002571731164,0.0,0.0,0.03267258503165213,0.07292715779523148,0.0
2024-07-29,1758472874.3277636,577858363.5977635,7402225.18,1173212285.55,0.6671767888364503,Sideways,0.5,0.0,0.0,0.0,0.4717905505748303,0.0,0.0,0.10374530233782615,0.09150815025310818,0.00013278567068557333,0.3958001928798373,0.0,0.0,0.04141853979008143,0.06278126733008128,0.0
2024-07-30,1752515379.5937731,751286235.2637732,7402225.18,993826919.15,0.5670859900700932,Bull,0.5,0.0,0.0,0.0,0.4127630647770266,0.0,0.0,0.0839079654947654,0.07028138037142372,0.0001335794268774198,0.3958001928798373,0.0,0.0,0.04141853979008143,0.06278126733008128,0.0
2024-07-31,1755137936.131092,801891970.6510919,7002325.18,946243640.3000001,0.5391277920787445,Bull,0.5,399900.00000000006,0.0,0.0,0.4013524383461255,0.0,0.0,0.07293272931138962,0.06470933005434003,0.00013329436688930765,0.3958001928798373,0.0,0.0,0.04141853979008143,0.06278126733008128,0.0
2024-08-01,1763401186.6740642,825440115.7440641,7002325.18,930958745.75,0.5279336051178877,Sideways,0.5,0.0,0.0,0.0,0.3985838566183934,0.0,0.0,0.06514541379926678,0.06406709990542939,0.00013723479479813334,0.396850144659878,0.0,0.0,0.04555519501933714,0.05759466032078489,0.0
2024-08-02,1749922561.5617578,844230366.0317577,7002325.18,898689870.35,0.5135597940676552,Sideways,0.5,0.0,0.0,0.0,0.3957770964058501,0.0,0.0,0.060952411462600435,0.056705137804178206,0.00012514839502643393,0.3976376084949085,0.0,0.0,0.052759420789806666,0.04960297071528486,0.0
2024-08-05,1711776803.3617578,844230366.0317577,7002325.18,860544112.15,0.5027198116366443,Crisis,0.5,0.0,0.0,0.0,0.38734302909575974,0.0,0.0,0.06259717960283341,0.05267626002579026,0.00010334291226086612,0.37947820637118135,0.0,0.0,0.083319565592355,0.03720222803646365,0.0
2024-08-06,1726221397.5700982,848794086.490098,7002325.18,870424985.9,0.5042371662900522,Crisis,0.5,0.0,0.0,0.0,0.3829355764159197,0.0,0.0,0.07820369982090786,0.042985505859474665,0.00011238419375005,0.365858654778386,0.0,0.0,0.10623967419426625,0.027901671027347738,0.0
2024-08-07,1729404397.416402,855316377.286402,6202825.18,867885194.95,0.5018405158715649,Crisis,0.5,799500.0,0.0,0.0,0.3697839243992747,0.0,0.0,0.09900686054447064,0.03292870660273244,0.00012102432508710987,0.3535080257513491,0.0,0.0,0.12342975564569968,0.02306221860295124,0.0
2024-08-08,1719911387.3641486,859725813.1341487,16494142.33,843691431.9,0.49054354666085437,Crisis,0.5,3102218.0,430649.0,2.0,0.3490307037387508,0.0,0.0,0.11620918465241988,0.025187169710173055,0.00011648855951064231,0.3452002028754639,0.0,0.0,0.13632231673427475,0.018477480390261355,0.0
2024-08-09,1733016662.6038747,848999554.4738748,15139142.33,868877965.8000001,0.5013673466327221,Crisis,0.5,1355000.0,0.0,0.0,0.3497384525370489,0.0,0.0,0.13080676308062472,0.020699974082245616,0.00012215693280289564,0.33792546001800383,0.0,0.0,0.14599173755070607,0.016082802431290143,0.0
2024-08-12,1737950111.1430311,850679556.4630312,15139142.33,872131412.35,0.5018161377350518,Crisis,0.5,0.0,0.0,0.0,0.342279567483536,0.0,0.0,0.14199550287303397,0.017416207637912424,0.00012485974056946977,0.33248554765928595,0.0,0.0,0.15324380316302955,0.014270649177684499,0.0
2024-08-13,1730764518.7430313,850679558.4630312,19208607.53,860876352.75,0.49739658019752564,Crisis,0.5,2.0,33912.0,2.0,0.3367380405817824,0.0,0.0,0.14299963820597966,0.017532714399552212,0.00012618701021131003,0.3281674199102085,0.0,0.0,0.15868285237227214,0.01314972771751935,0.0
2024-08-14,1739890360.7881477,846895690.3581476,21623197.63,871371472.8,0.5008197599331948,Crisis,0.5,3.0,130016.0,3.0,0.33138184209424676,0.0,0.0,0.15486952860520473,0.014440134025812432,0.00012825520793098477,0.3281674199102085,0.0,0.0,0.15868285237227214,0.01314972771751935,0.0
2024-08-15,1731249815.9881477,846895690.3581476,21623197.63,862730928.0,0.49832838682936,Crisis,0.5,0.0,0.0,0.0,0.3282807442065258,0.0,0.0,0.15552007429171807,0.01439979936446715,0.00012776896664895552,0.3281674199102085,0.0,0.0,0.15868285237227214,0.01314972771751935,0.0
2024-08-16,1740043313.3381476,846895690.3581476,21623197.63,871524425.35,0.5008636386631338,Crisis,0.5,0.0,0.0,0.0,0.3310628079969248,0.0,0.0,0.15501757797196924,0.014650554848025183,0.0001326978462145491,0.3281674199102085,0.0,0.0,0.15868285237227214,0.01314972771751935,0.0
2024-08-19,1741202418.2381477,846895690.3581476,21623197.63,872683530.25,0.5011959098546585,Crisis,0.5,0.0,0.0,0.0,0.33009917412794887,0.0,0.0,0.15630342408746684,0.014660759560528347,0.00013255207871439622,0.3281674199102085,0.0,0.0,0.15868285237227214,0.01314972771751935,0.0
2024-08-20,1743373382.2881477,846895690.3581476,21623197.63,874854494.3,0.5018170537580242,Crisis,0.5,0.0,0.0,0.0,0.33310135981186934,0.0,0.0,0.15393242935014867,0.014650476059510297,0.0001327885364959285,0.3281674199102085,0.0,0.0,0.15868285237227214,0.01314972771751935,0.0
2024-08-21,1747696987.0381477,846895690.3581476,21623197.63,879178099.05,0.5030495020420893,Crisis,0.9999999999999999,0.0,0.0,0.0,0.33217626016158386,0.0,0.0,0.15628338437711006,0.014459142624503716,0.00013071487889165396,0.5907013558383752,0.0,0.0,0.28562913427008985,0.02366950989153483,0.1
2024-08-22,1749317306.6029985,497682297.6229985,21623197.63,1230011811.35,0.7031381938011929,Crisis,0.9999999999999999,0.0,0.0,0.0,0.4372368057315423,0.0,0.0,0.20820922460733385,0.017988674713970306,0.039703488748346526,0.5907013558383752,0.0,0.0,0.28562913427008985,0.02366950989153483,0.1
2024-08-23,1750231798.081496,148692357.35149592,21623197.63,1579916243.1,0.902689715060493,Crisis,0.9999999999999999,0.0,0.0,0.0,0.5381675410836877,0.0,0.0,0.26203094955919976,0.021814510536176536,0.08067671388142908,0.5907013558383752,0.0,0.0,0.28562913427008985,0.02366950989153483,0.1
2024-08-26,1757021538.0722187,20965016.54221855,21623197.63,1714433323.9,0.9757611314093817,Crisis,0.9999999999999999,0.0,0.0,0.0,0.5806339317953582,0.0,0.0,0.2769812375401836,0.02310728646192112,0.09503867561191867,0.5907013558383752,0.0,0.0,0.28562913427008985,0.02366950989153483,0.1
2024-08-27,1754760485.1222186,20965016.54221855,21623197.63,1712172270.95,0.9757298990185248,Crisis,0.9999999999999999,0.0,0.0,0.0,0.5775026161928979,0.0,0.0,0.2801148670530752,0.023034938581480938,0.09507747719107076,0.5907013558383752,0.0,0.0,0.28562913427008985,0.02366950989153483,0.1
2024-08-28,1756117653.2222185,31608239.69221855,10979974.48,1713529439.05,0.9757486555105944,Crisis,1.0,10643223.15,0.0,0.0,0.5755295706956296,0.0,0.0,0.2800336293514677,0.02334239959651091,0.0968430558669862,0.5780260168787815,0.0,0.0,0.2928203557188934,0.0291536274023251,0.1
2024-08-29,1741055325.5722187,31608239.69221855,10979974.48,1698467111.4,0.9755388507494893,Crisis,1.0,0.0,0.0,0.0,0.5769944795234081,0.0,0.0,0.2794325331620944,0.02322269683573182,0.09588914122825502,0.5780260168787815,0.0,0.0,0.2928203557188934,0.0291536274023251,0.1
2024-08-30,1752520449.8722186,35677704.89221855,6910509.28,1709932235.7,0.9756988774793904,Crisis,1.0,4069465.1999999997,0.0,0.0,0.5769434734834179,0.0,0.0,0.2792880391413908,0.023179415682688265,0.09628794917189343,0.5685195126590862,0.0,0.0,0.2942347587488566,0.037245728592057305,0.1
2024-09-02,1751518328.2222185,35677704.89221855,6910509.28,1708930114.05,0.9756849737247995,Bull,1.0,0.0,0.0,0.0,0.5761650893338328,0.0,0.0,0.2808443349258468,0.02312873313813269,0.09554681632698721,0.6055952765022465,0.0,0.0,0.2387219970946077,0.055682726403145776,0.1
2024-09-03,1742290766.3672872,3435640.287287187,6910509.28,1731944616.8,0.9940617549223089,Bull,0.55,0.0,0.0,0.0,0.5977255271640824,0.0,0.0,0.25067296942095546,0.047536841495571774,0.09812641684169922,0.31709822868834253,0.0,0.0,0.1022260365613325,0.030675734750325045,0.1
2024-09-04,1697680001.2044356,338576395.47443545,6910509.28,1352193096.45,0.796494684210613,Bull,0.55,0.0,0.0,0.0,0.4776652525061749,0.0,0.0,0.18796805038264255,0.039138706913470114,0.09172267440832545,0.32782367151625685,0.0,0.0,0.09654038160981698,0.025635946873926174,0.1
2024-09-05,1705845332.451063,651868200.2710627,6910509.28,1047066622.9000001,0.61381099621471,Bull,0.55,0.0,0.0,0.0,0.36670488877276075,0.0,0.0,0.11964273437776925,0.029089624396778986,0.09837374866740102,0.3358677536371927,0.0,0.0,0.09215140889724192,0.021980837465565426,0.1
2024-09-06,1716449059.323015,732718812.043015,6910509.28,976819738.0,0.5690933457618996,Bull,0.55,0.0,0.0,0.0,0.34439416351403385,0.0,0.0,0.0993019857328163,0.02402692918615707,0.10137026732889244,0.3419008152278945,0.0,0.0,0.08891515042696473,0.019184034345140794,0.1
2024-09-09,1709755573.073015,732718812.043015,6910509.28,970126251.75,0.5674063983346763,Bull,0.55,0.0,0.0,0.0,0.34435562663017966,0.0,0.0,0.10024076113520639,0.023748306857114727,0.0990617037121756,0.34642561142092093,0.0,0.0,0.08918636282022353,0.014388025758855595,0.1
2024-09-10,1712969696.723015,732718812.043015,6910509.28,973340375.4000001,0.5682180935611658,Bull,0.55,0.0,0.0,0.0,0.3469483882505012,0.0,0.0,0.09908278022938338,0.02374507854856526,0.09844184653271593,0.34642561142092093,0.0,0.0,0.08918636282022353,0.014388025758855595,0.1
2024-09-11,1707501009.4230149,732718812.043015,6910509.28,967871688.1,0.566835206983014,Bull,0.55,0.0,0.0,0.0,0.34448547020113507,0.0,0.0,0.10054201962551768,0.02375202109760659,0.09805569605875471,0.34642561142092093,0.0,0.0,0.08918636282022353,0.014388025758855595,0.1
2024-09-12,1726592632.9230149,732718812.043015,6910509.28,986963311.5999999,0.5716248828938485,Bull,0.55,0.0,0.0,0.0,0.34547049502359134,0.0,0.0,0.09809042200839246,0.024371006337935767,0.10369295952392889,0.34642561142092093,0.0,0.0,0.08918636282022353,0.014388025758855595,0.1
2024-09-13,1728658780.373015,735469122.043015,4160199.2800000003,989029459.05,0.5721368903333163,Bull,0.55,2750310.0,0.0,0.0,0.3436701133822407,0.0,0.0,0.09961046214270454,0.024355529545810668,0.1045007852625604,0.34642561142092093,0.0,0.0,0.08918636282022353,0.014388025758855595,0.1
2024-09-16,1729799879.6230152,737883712.143015,1745609.18,990170558.3000001,0.5724191393259858,Bull,0.55,2414590.1,0.0,0.0,0.3444503409434001,0.0,0.0,0.09871997449624978,0.02438721409160556,0.10486160979473026,0.34642561142092093,0.0,0.0,0.08918636282022353,0.014388025758855595,0.1
2024-09-18,1725377045.3730152,737883712.143015,1745609.18,985747724.05,0.57132307787072,Bull,0.55,0.0,0.0,0.0,0.3437043083657074,0.0,0.0,0.09986124508962053,0.024326624787642172,0.10343089962774989,0.34642561142092093,0.0,0.0,0.08918636282022353,0.014388025758855595,0.1
2024-09-19,1731366564.1230152,737883712.143015,1745609.18,991737242.8,0.5728060500592733,Bull,0.55,0.0,0.0,0.0,0.34323022929636376,0.0,0.0,0.09846407082855473,0.024555978428251107,0.10655577150610379,0.34642561142092093,0.0,0.0,0.08918636282022353,0.014388025758855595,0.1
2024-09-20,1738932315.423015,737883712.143015,1745609.18,999302994.1,0.5746646866223244,Bull,0.5,0.0,0.0,0.0,0.342703156882234,0.0,0.0,0.0998255644917222,0.0247612857717959,0.10737467947657231,0.38491734602324545,0.0,0.0,0.09909595868913726,0.015986695287617328,0.0
2024-09-23,1743123093.5988333,835869053.0188332,1745609.18,905508431.4000001,0.519474748929232,Bull,0.5,0.0,0.0,0.0,0.3749868461959763,0.0,0.0,0.09897769161201105,0.018292167728768675,0.027218043392475973,0.38491734602324545,0.0,0.0,0.09909595868913726,0.015986695287617328,0.0
2024-09-24,1747071768.371445,861170268.291445,1745609.18,884155890.9,0.5060787466814698,Bull,0.5,0.0,0.0,0.0,0.3833517334690317,0.0,0.0,0.0990834510258058,0.016730852463632397,0.006912709722999948,0.38491734602324545,0.0,0.0,0.09909595868913726,0.015986695287617328,0.0
2024-09-25,1748464196.471445,861170268.291445,1745609.18,885548319.0,0.5064720917861026,Bull,0.5,0.0,0.0,0.0,0.3844153745649644,0.0,0.0,0.09797678462373806,0.01696603228128181,0.007113900316118448,0.3886880095174341,0.0,0.0,0.08912719525230062,0.022184795230265317,0.0
2024-09-26,1750178575.0714452,861170268.291445,1745609.18,887262697.6,0.5069555245605611,Bull,0.5,0.0,0.0,0.0,0.38515338217557754,0.0,0.0,0.09752861932562056,0.017089341868317093,0.007184181191046019,0.39151600713807555,0.0,0.0,0.08227239150948804,0.026211601352436414,0.0
2024-09-27,1747108503.4226816,870186385.0426815,1745609.18,875176509.2,0.5009285384882972,Bull,0.5,0.0,0.0,0.0,0.3895946976770713,0.0,0.0,0.08564201920308592,0.023894852505276877,0.001796969102863129,0.39363700535355667,0.0,0.0,0.07612877309430469,0.030234221552138663,0.0
2024-09-30,1738048959.9226816,870186385.0426815,1745609.18,866116965.6999999,0.4983271390344089,Sideways,0.5,0.0,0.0,0.0,0.38768399581216345,0.0,0.0,0.08554068580819142,0.023389991270331346,0.0017124661437226745,0.3952277540151675,0.0,0.0,0.08049965082006254,0.024272595164769963,0.0
2024-10-01,1736770054.7226815,870186385.0426815,1745609.18,864838060.5,0.4979577222374973,Sideways,0.5,0.0,0.0,0.0,0.38697406065497547,0.0,0.0,0.08589939675337245,0.023362678259948984,0.001721586569200393,0.3952277540151675,0.0,0.0,0.08049965082006254,0.024272595164769963,0.0
2024-10-04,1728829210.3226817,870186385.0426815,1745609.18,856897216.1,0.49565174569213943,Sideways,0.5,0.0,0.0,0.0,0.386910119349008,0.0,0.0,0.08355643179642822,0.023469987525503843,0.001715207021199355,0.3952277540151675,0.0,0.0,0.08049965082006254,0.024272595164769963,0.0
2024-10-07,1732430778.5726817,870186385.0426815,1745609.18,860498784.35,0.49670024049038736,Bull,1.0,0.0,0.0,0.0,0.3866847337484515,0.0,0.0,0.08422645326136376,0.024001622757047734,0.0017874307235243377,0.7135574679204761,0.0,0.0,0.13009687804612124,0.05634565403340264,0.1
2024-10-08,1723165900.9805315,526875131.40053135,1745609.18,1194545160.4,0.6932270187799499,Bull,1.0,0.0,0.0,0.0,0.514069776970365,0.0,0.0,0.10214077466356998,0.03683786335597711,0.04017860379003764,0.7151681009403571,0.0,0.0,0.11954998737896076,0.06528191168068218,0.1
2024-10-09,1717642869.7432315,179885448.66323137,1745609.18,1536011811.9,0.89425563308723,Bull,1.0,0.0,0.0,0.0,0.6445120411238283,0.0,0.0,0.11363322576431585,0.05600756810080141,0.08010279809828447,0.7151681009403571,0.0,0.0,0.11954998737896076,0.06528191168068218,0.1
2024-10-11,1723406729.6244438,43048677.394443765,1745609.18,1678612443.05,0.974008290785655,Bull,1.0000000000000002,0.0,0.0,0.0,0.6967428363887531,0.0,0.0,0.11664124117921099,0.06377473066033054,0.09684948255736034,0.716376075705268,0.0,0.0,0.10763037953545128,0.07599354475928091,0.1
2024-10-14,1728221330.0362196,9320079.20621977,1745609.18,1717155641.6499999,0.9935970652636328,Bull,0.9999999999999999,0.0,0.0,0.0,0.7118958493726121,0.0,0.0,0.10950073159670697,0.07277088750974059,0.09942959678457314,0.7172820567789507,0.0,0.0,0.09830466338953699,0.08441327983151212,0.1
2024-10-15,1751150227.0362198,9320079.20621977,1745609.18,1740084538.65,0.9936809028629439,Bull,0.9999999999999999,0.0,0.0,0.0,0.711189148379239,0.0,0.0,0.10845106094719532,0.07334927524601423,0.1006914182904954,0.7172820567789507,0.0,0.0,0.09830466338953699,0.08441327983151212,0.1
2024-10-16,1731856811.2362196,9320079.20621977,1745609.18,1720791122.85,0.9936105061836371,Bull,0.9999999999999999,0.0,0.0,0.0,0.7116964375190965,0.0,0.0,0.10962701925944843,0.07288246879365348,0.09940458061143871,0.7172820567789507,0.0,0.0,0.09830466338953699,0.08441327983151212,0.1
2024-10-17,1742551154.8362198,9320079.20621977,1745609.18,1731485466.45,0.9936497196334763,Bull,0.9999999999999999,0.0,0.0,0.0,0.711859943398097,0.0,0.0,0.10979832613177017,0.0725477697737269,0.09944368032988214,0.7172820567789507,0.0,0.0,0.09830466338953699,0.08441327983151212,0.1
2024-10-18,1769855883.3862197,9320079.20621977,1745609.18,1758790195.0,0.9937476895773864,Bull,1.0,0.0,0.0,0.0,0.7098061524627872,0.0,0.0,0.10931449380490636,0.07320223144503786,0.10142481186465493,0.7179615425842132,0.0,0.0,0.08690075436984064,0.0951377030459462,0.1
2024-10-21,1753666484.7987173,741669.5687172711,1745609.18,1751179206.05,0.9985816694506751,Bull,1.0,0.0,0.0,0.0,0.7144808986834305,0.0,0.0,0.09228550662446827,0.09034785198519972,0.10146741215757661,0.7184711569381599,0.0,0.0,0.07356002772198716,0.10796881533985296,0.1
2024-10-22,1761610187.2400887,1265875.1600886555,1745609.18,1758598702.9,0.9982904933441565,Bull,1.0,0.0,0.0,0.0,0.7173576265926592,0.0,0.0,0.07850465500353736,0.1027038225088,0.09972438923915992,0.71885336770362,0.0,0.0,0.06306945502006597,0.11807717727631414,0.1
2024-10-23,1740629491.4543574,171983.42435740714,1745609.18,1738711898.85,0.9988983338419969,Bull,1.0,0.0,0.0,0.0,0.7170667307303455,0.0,0.0,0.06753223507765803,0.11474239692050922,0.09955697111348412,0.71885336770362,0.0,0.0,0.06306945502006597,0.11807717727631414,0.1
2024-10-24,1739407752.0043576,171983.42435740714,1745609.18,1737490159.4,0.9988975600447061,Bull,1.0,0.0,0.0,0.0,0.7181802874918258,0.0,0.0,0.06808754293726023,0.11411999272238653,0.09850973689323349,0.71885336770362,0.0,0.0,0.06306945502006597,0.11807717727631414,0.1
2024-10-25,1744914694.5543575,171983.42435740714,1745609.18,1742997101.95,0.9989010393400078,Bull,1.0,0.0,0.0,0.0,0.7169928168147627,0.0,0.0,0.06758336116260286,0.11469420288830372,0.09963065847433857,0.71885336770362,0.0,0.0,0.06306945502006597,0.11807717727631414,0.1
2024-10-28,1747143598.9543576,171983.42435740714,1745609.18,1745226006.3500001,0.9989024413302346,Bull,1.0,0.0,0.0,0.0,0.7178567675265053,0.0,0.0,0.06805239138394718,0.11434374948891589,0.0986495329308662,0.71885336770362,0.0,0.0,0.06306945502006597,0.11807717727631414,0.1
2024-10-29,1726936727.4543576,171983.42435740714,1745609.18,1725019134.8500001,0.998889598805867,Bull,1.0,0.0,0.0,0.0,0.7204590157069802,0.0,0.0,0.06898544579314858,0.11299690191177397,0.09644823539396415,0.71885336770362,0.0,0.0,0.06306945502006597,0.11807717727631414,0.1
2024-10-30,1728483665.5543573,171983.42435740714,1745609.18,1726566072.9499998,0.9988905925797439,Bull,1.0,0.0,0.0,0.0,0.7213323433693681,0.0,0.0,0.06850513103461911,0.11307263348497851,0.09598048469077809,0.71885336770362,0.0,0.0,0.06306945502006597,0.11807717727631414,0.1
2024-11-01,1715325219.9543574,171983.42435740714,1745609.18,1713407627.35,0.9988820821952303,Bull,1.0,0.0,0.0,0.0,0.7209379381613158,0.0,0.0,0.06903064131660744,0.11316775252984695,0.09574575018746014,0.71885336770362,0.0,0.0,0.06306945502006597,0.11807717727631414,0.1
2024-11-04,1731158140.9543576,171983.42435740714,1745609.18,1729240548.3500001,0.9988923065091556,Bull,1.0,0.0,0.0,0.0,0.7201869481794911,0.0,0.0,0.06813571632166092,0.11357486375658839,0.09699477825141514,0.71885336770362,0.0,0.0,0.06306945502006597,0.11807717727631414,0.1
2024-11-05,1737878508.5543575,171983.42435740714,1745609.18,1735960915.95,0.9988965899544079,Bull,1.0,0.0,0.0,0.0,0.7186685143997423,0.0,0.0,0.06964295801130473,0.11354611328046578,0.09703900426289505,0.71885336770362,0.0,0.0,0.06306945502006597,0.11807717727631414,0.1
2024-11-06,1730592344.9543574,171983.42435740714,1745609.18,1728674752.35,0.9988919443623171,Bull,1.0,0.0,0.0,0.0,0.7166396846524299,0.0,0.0,0.06836404907541661,0.1149368310682352,0.0989513795662354,0.71885336770362,0.0,0.0,0.06306945502006597,0.11807717727631414,0.1
2024-11-07,1736728118.3543575,171983.42435740714,1745609.18,1734810525.75,0.998895859067351,Bull,1.0,0.0,0.0,0.0,0.7139366620751696,0.0,0.0,0.06854843814747827,0.11585091982655824,0.10055983901814496,0.7987259641151333,0.0,0.0,0.07007717224451775,0.13119686364034905,0.0
2024-11-08,1739961616.810386,24057832.280385826,1745609.18,1714158175.3500001,0.9851701088052233,Bull,1.0,0.0,0.0,0.0,0.7628695153535969,0.0,0.0,0.06879025309731508,0.12809477970472297,0.025415560649588255,0.7987259641151333,0.0,0.0,0.07007717224451775,0.13119686364034905,0.0
2024-11-11,1739724082.5493546,4798865.669354333,1745609.18,1733179607.7,0.9962382110387502,Bull,1.0,0.0,0.0,0.0,0.7896640171163616,0.0,0.0,0.06969352279260657,0.13046551592675382,0.006415155203028227,0.7987259641151333,0.0,0.0,0.07007717224451775,0.13119686364034905,0.0
2024-11-12,1724546699.2993546,4798865.669354333,1745609.18,1718002224.45,0.9962051043024736,Bull,1.0,0.0,0.0,0.0,0.7915760848950129,0.0,0.0,0.0702709297748997,0.128242395575517,0.006115694057044053,0.7987259641151333,0.0,0.0,0.07007717224451775,0.13119686364034905,0.0
2024-11-13,1727592825.6993544,4798865.669354333,1745609.18,1721048350.85,0.9962117955388561,Bull,1.0,0.0,0.0,0.0,0.7920198732569391,0.0,0.0,0.07092614543036059,0.12719142886637544,0.006074347985180986,0.7987259641151333,0.0,0.0,0.07007717224451775,0.13119686364034905,0.0
2024-11-14,1711879202.4993546,4798865.669354333,1745609.18,1705334727.65,0.9961770229816452,Bull,1.0,0.0,0.0,0.0,0.7919366189335496,0.0,0.0,0.07102983658103403,0.12719355412583913,0.006017013341222529,0.7987259641151333,0.0,0.0,0.07007717224451775,0.13119686364034905,0.0
2024-11-15,1736389922.5493546,4798865.669354333,1745609.18,1729845447.7,0.9962309877727544,Bull,1.0,0.0,0.0,0.0,0.7946408982114908,0.0,0.0,0.06927476279256106,0.12628442330398706,0.006030903464715511,0.7987259641151333,0.0,0.0,0.07007717224451775,0.13119686364034905,0.0
2024-11-18,1742699558.4493544,4798865.669354333,1745609.18,1736155083.6,0.9962446338970914,Bull,1.0,0.0,0.0,0.0,0.797519100100461,0.0,0.0,0.06880445881715339,0.12406097135433637,0.005860103625140609,0.7987259641151333,0.0,0.0,0.07007717224451775,0.13119686364034905,0.0
2024-11-19,1761395560.7993546,4798865.669354333,1745609.18,1754851085.95,0.9962844945252476,Bull,1.0,0.0,0.0,0.0,0.7974832667981337,0.0,0.0,0.06841904378668294,0.12442690607244337,0.005955277867987598,0.7987259641151333,0.0,0.0,0.07007717224451775,0.13119686364034905,0.0
2024-11-20,1746939429.3493545,4798865.669354333,1745609.18,1740394954.5,0.9962537482757533,Bull,1.0,0.0,0.0,0.0,0.7963373721652921,0.0,0.0,0.06903273117197649,0.12493449763240393,0.005949147306080775,0.7987259641151333,0.0,0.0,0.07007717224451775,0.13119686364034905,0.0
2024-11-21,1744814121.0493546,4798865.669354333,1745609.18,1738269646.2,0.9962491850734114,Bull,1.0,0.0,0.0,0.0,0.7973151004551327,0.0,0.0,0.0693563850384364,0.12371461085504025,0.005863088724802124,0.7987259641151333,0.0,0.0,0.07007717224451775,0.13119686364034905,0.0
2024-11-22,1752483425.6493545,4798865.669354333,1745609.18,1745938950.8,0.9962655995751117,Bull,1.0,0.0,0.0,0.0,0.7950724842283264,0.0,0.0,0.06957726288042906,0.12558007498327925,0.006035777483076989,0.7987259641151333,0.0,0.0,0.07007717224451775,0.13119686364034905,0.0
2024-11-25,1762766044.0993545,4798865.669354333,1745609.18,1756221569.25,0.9962873831889029,Bull,1.0,0.0,0.0,0.0,0.7953384250524964,0.0,0.0,0.07053857227181287,0.12439483999252757,0.0060155458720660086,0.7987259641151333,0.0,0.0,0.07007717224451775,0.13119686364034905,0.0
2024-11-26,1753022036.6493545,4798865.669354333,1745609.18,1746477561.8,0.9962667469589468,Bull,1.0,0.0,0.0,0.0,0.7965604154463406,0.0,0.0,0.07038131718858642,0.12346051303135494,0.0058645012926647885,0.7987259641151333,0.0,0.0,0.07007717224451775,0.13119686364034905,0.0
2024-11-27,1755366808.7493544,4798865.669354333,1745609.18,1748822333.8999999,0.9962717337386496,Bull,1.0,0.0,0.0,0.0,0.7977302674975824,0.0,0.0,0.0713443477316439,0.12150964626701898,0.005687472242404431,0.7987259641151333,0.0,0.0,0.07007717224451775,0.13119686364034905,0.0
2024-11-28,1750557938.7993546,4798865.669354333,1745609.18,1744013463.95,0.9962614920053185,Bull,1.0,0.0,0.0,0.0,0.7981928121204298,0.0,0.0,0.07075144287137813,0.12164807304010526,0.005669163973405333,0.7987259641151333,0.0,0.0,0.07007717224451775,0.13119686364034905,0.0
2024-11-29,1741065946.3993545,4798865.669354333,1745609.18,1734521471.55,0.9962411103020601,Bull,1.0,0.0,0.0,0.0,0.7973460019828429,0.0,0.0,0.07054615033624181,0.12260592451507106,0.005743033467904319,0.7987259641151333,0.0,0.0,0.07007717224451775,0.13119686364034905,0.0
2024-12-02,1755278786.4993546,4798865.669354333,1745609.18,1748734311.65,0.9962715467766767,Bull,1.0,0.0,0.0,0.0,0.7946963310779538,0.0,0.0,0.07116732735609001,0.12450329923706416,0.005904589105568736,0.7987259641151333,0.0,0.0,0.07007717224451775,0.13119686364034905,0.0
2024-12-03,1777136221.5493546,4798865.669354333,1745609.18,1770591746.7,0.9963174039389907,Bull,1.0,0.0,0.0,0.0,0.797391685294984,0.0,0.0,0.0683152470406323,0.12463985445465102,0.005970617148723353,0.7987259641151333,0.0,0.0,0.07007717224451775,0.13119686364034905,0.0
2024-12-04,1781777206.7493546,4798865.669354333,1745609.18,1775232731.9,0.9963269959765092,Bull,1.0,0.0,0.0,0.0,0.7970635871422843,0.0,0.0,0.06816228176000265,0.12505098794393965,0.006050139130282656,0.7987259641151333,0.0,0.0,0.07007717224451775,0.13119686364034905,0.0
2024-12-05,1787012635.1493545,4798865.669354333,1745609.18,1780468160.3,0.9963377568123308,Bull,1.0,0.0,0.0,0.0,0.7965862872486217,0.0,0.0,0.06835598002908957,0.125354457821882,0.0060410317127375796,0.7987259641151333,0.0,0.0,0.07007717224451775,0.13119686364034905,0.0
2024-12-06,1785212263.9993546,4798865.669354333,1745609.18,1778667789.15,0.9963340634717055,Bull,1.0,0.0,0.0,0.0,0.7968351539122713,0.0,0.0,0.06847449038141057,0.1250019420660224,0.006022477112001224,0.7987259641151333,0.0,0.0,0.07007717224451775,0.13119686364034905,0.0
2024-12-09,1792058136.8993547,4798865.669354333,1745609.18,1785513662.0500002,0.996348067780503,Bull,1.0,0.0,0.0,0.0,0.7969994570160613,0.0,0.0,0.06866936817848965,0.12468345496123198,0.0059957876247200385,0.7987259641151333,0.0,0.0,0.07007717224451775,0.13119686364034905,0.0
2024-12-10,1784163283.4993546,4798865.669354333,1745609.18,1777618808.65,0.9963319081219301,Bull,1.0,0.0,0.0,0.0,0.7971498583136909,0.0,0.0,0.06888691250216755,0.12434063745829811,0.005954499847773514,0.7987259641151333,0.0,0.0,0.07007717224451775,0.13119686364034905,0.0
2024-12-11,1768518583.2993546,4798865.669354333,1745609.18,1761974108.45,0.9962994593830362,Bull,1.0,0.0,0.0,0.0,0.7964938122516556,0.0,0.0,0.06955821734737035,0.12434474937195321,0.005902680412057059,0.7987259641151333,0.0,0.0,0.07007717224451775,0.13119686364034905,0.0
2024-12-12,1777612012.5493546,4798865.669354333,1745609.18,1771067537.7,0.9963183896130581,Bull,1.0,0.0,0.0,0.0,0.7961326362046663,0.0,0.0,0.06905893925859799,0.12515160700390643,0.005975207145887295,0.7987259641151333,0.0,0.0,0.07007717224451775,0.13119686364034905,0.0
2024-12-13,1771776787.6993546,4798865.669354333,1745609.18,1765232312.8500001,0.9963062644827555,Bull,1.0,0.0,0.0,0.0,0.7952318952544506,0.0,0.0,0.06944526017849512,0.1256602984900258,0.005968810559783953,0.7987259641151333,0.0,0.0,0.07007717224451775,0.13119686364034905,0.0
2024-12-16,1775816163.9993544,4798865.669354333,1745609.18,1769271689.1499999,0.9963146664716602,Bull,1.0,0.0,0.0,0.0,0.7947890202617353,0.0,0.0,0.06971583123851159,0.12588803082889455,0.005921784142518833,0.7987259641151333,0.0,0.0,0.07007717224451775,0.13119686364034905,0.0
2024-12-17,1768802684.6993546,4798865.669354333,1745609.18,1762258209.8500001,0.996300053756156,Bull,1.0,0.0,0.0,0.0,0.7925664756034003,0.0,0.0,0.07068821247365535,0.1270316932146626,0.0060136724644377065,0.7987259641151333,0.0,0.0,0.07007717224451775,0.13119686364034905,0.0
2024-12-18,1754403391.3493545,4798865.669354333,1745609.18,1747858916.5,0.9962696863893309,Bull,1.0,0.0,0.0,0.0,0.7907861574714291,0.0,0.0,0.07134619131334938,0.1280743078290463,0.00606302977550609,0.7987259641151333,0.0,0.0,0.07007717224451775,0.13119686364034905,0.0
2024-12-19,1738270499.3493545,4798865.669354333,1745609.18,1731726024.5,0.9962350653412089,Bull,1.0,0.0,0.0,0.0,0.7912742723384186,0.0,0.0,0.07148973652059014,0.1274922401795073,0.005978816302692872,0.7987259641151333,0.0,0.0,0.07007717224451775,0.13119686364034905,0.0
2024-12-20,1722773673.5993545,4798865.669354333,1745609.18,1716229198.75,0.9962011987124918,Bull,1.0,0.0,0.0,0.0,0.7918351201060002,0.0,0.0,0.07099916946400094,0.1274479656641546,0.0059189434783360854,0.7987259641151333,0.0,0.0,0.07007717224451775,0.13119686364034905,0.0
2024-12-23,1752374061.4993544,4798865.669354333,1745609.18,1745829586.6499999,0.9962653665144102,Bull,1.0,0.0,0.0,0.0,0.7905729245185533,0.0,0.0,0.07127331015909699,0.12832020568006042,0.006098926156699414,0.7987259641151333,0.0,0.0,0.07007717224451775,0.13119686364034905,0.0
2024-12-24,1758846715.2993546,4798865.669354333,1745609.18,1752302240.45,0.9962791101734862,Bull,1.0,0.0,0.0,0.0,0.7913137218516035,0.0,0.0,0.07068069031748535,0.1282044637764931,0.006080234227904195,0.7987259641151333,0.0,0.0,0.07007717224451775,0.13119686364034905,0.0
2024-12-25,1750165132.0993545,4798865.669354333,1745609.18,1743620657.25,0.996260652935358,Bull,1.0,0.0,0.0,0.0,0.7894289698210983,0.0,0.0,0.07143097397331934,0.1292312341571437,0.0061694749837965775,0.7987259641151333,0.0,0.0,0.07007717224451775,0.13119686364034905,0.0
2024-12-26,1755444645.2993546,4798865.669354333,1745609.18,1748900170.45,0.9962718990502611,Bull,1.0,0.0,0.0,0.0,0.7904954304117984,0.0,0.0,0.07089542830829458,0.12874515901437583,0.006135881315792328,0.7987259641151333,0.0,0.0,0.07007717224451775,0.13119686364034905,0.0
2024-12-27,1749844370.2993546,4798865.669354333,1745609.18,1743299895.45,0.996259967480288,Bull,1.0,0.0,0.0,0.0,0.7898749276848817,0.0,0.0,0.07061742295336833,0.12958066662877535,0.006186950213262627,0.7987259641151333,0.0,0.0,0.07007717224451775,0.13119686364034905,0.0
2024-12-30,1747520063.2993546,4798865.669354333,1745609.18,1740975588.45,0.9962549930116406,Bull,1.0,0.0,0.0,0.0,0.7910291375082209,0.0,0.0,0.07009218524721314,0.12903542839689428,0.006098241859312183,0.7987259641151333,0.0,0.0,0.07007717224451775,0.13119686364034905,0.0
2024-12-31,1735754116.1993546,4798865.669354333,1745609.18,1729209641.3500001,0.9962296071844067,Bull,1.0,0.0,0.0,0.0,0.7911579920990832,0.0,0.0,0.07041521541520135,0.12856371643734027,0.006092683232781915,0.7987259641151333,0.0,0.0,0.07007717224451775,0.13119686364034905,0.0
2025-01-02,1734581349.7493546,4798865.669354333,1745609.18,1728036874.9,0.9962270579870467,Bull,1.0,0.0,0.0,0.0,0.7927604981448128,0.0,0.0,0.0699860516876546,0.12753336707555726,0.005947141079022107,0.7987259641151333,0.0,0.0,0.07007717224451775,0.13119686364034905,0.0
2025-01-03,1739635842.8493545,4798865.669354333,1745609.18,1733091368.0,0.9962380202292019,Bull,1.0,0.0,0.0,0.0,0.792012865027703,0.0,0.0,0.06976230140281685,0.12844067390220415,0.006022179896478032,0.7987259641151333,0.0,0.0,0.07007717224451775,0.13119686364034905,0.0
2025-01-06,1768570234.4993544,4798865.669354333,1745609.18,1762025759.6499999,0.9962995674575473,Bull,1.0,0.0,0.0,0.0,0.7904377402606966,0.0,0.0,0.06930994178735554,0.1303035613201055,0.006248324089389753,0.7987259641151333,0.0,0.0,0.07007717224451775,0.13119686364034905,0.0
2025-01-07,1759744871.3493545,4798865.669354333,1745609.18,1753200396.5,0.9962810092781595,Bull,1.0,0.0,0.0,0.0,0.7889212914344029,0.0,0.0,0.06859289773491078,0.13241464930159205,0.006352170807253821,0.7987259641151333,0.0,0.0,0.07007717224451775,0.13119686364034905,0.0
2025-01-08,1762871248.3493545,4798865.669354333,1745609.18,1756326773.5,0.9962876047496478,Bull,1.0,0.0,0.0,0.0,0.7925761310182251,0.0,0.0,0.06730412110986281,0.13020746705973357,0.006199885561826375,0.7987259641151333,0.0,0.0,0.07007717224451775,0.13119686364034905,0.0
2025-01-09,1758883871.4493546,4798865.669354333,1745609.18,1752339396.6000001,0.9962791887767088,Bull,1.0,0.0,0.0,0.0,0.7933817685474076,0.0,0.0,0.06784416068450827,0.1290119283503441,0.00604133119444888,0.7987259641151333,0.0,0.0,0.07007717224451775,0.13119686364034905,0.0
2025-01-10,1749555023.7493546,4798865.669354333,1745609.18,1743010548.9,0.9962593489427217,Bull,1.0,0.0,0.0,0.0,0.792810360389508,0.0,0.0,0.06773836683685709,0.1296672564854985,0.006043365230858119,0.7987259641151333,0.0,0.0,0.07007717224451775,0.13119686364034905,0.0
2025-01-13,1739913271.1493547,4798865.669354333,1745609.18,1733368796.3000002,0.996238620074993,Bull,1.0,0.0,0.0,0.0,0.7942138951484442,0.0,0.0,0.06886176569068492,0.12737186598594338,0.005791093249920429,0.7987259641151333,0.0,0.0,0.07007717224451775,0.13119686364034905,0.0
2025-01-14,1758060867.1493545,4798865.669354333,1745609.18,1751516392.3,0.996277446946438,Bull,1.0,0.0,0.0,0.0,0.794420556419421,0.0,0.0,0.06920152895347079,0.12683519903469678,0.005820162538849534,0.7987259641151333,0.0,0.0,0.07007717224451775,0.13119686364034905,0.0
2025-01-15,1757036821.1493545,4798865.669354333,1745609.18,1750492346.3,0.9962752773473048,Bull,1.0,0.0,0.0,0.0,0.7960712202861132,0.0,0.0,0.06854352655012613,0.12593589237091515,0.00572463814015028,0.7987259641151333,0.0,0.0,0.07007717224451775,0.13119686364034905,0.0
2025-01-16,1771588391.1493547,4798865.669354333,1745609.18,1765043916.3000002,0.9963058716787433,Bull,1.0,0.0,0.0,0.0,0.7944658721695942,0.0,0.0,0.06848938534829832,0.12744326003035192,0.0059073541304988765,0.7987259641151333,0.0,0.0,0.07007717224451775,0.13119686364034905,0.0
2025-01-17,1764736520.6493545,4798865.669354333,4823609.18,1755114045.8,0.9945473589191582,Bull,1.0,0.0,0.0,0.0,0.792769985450979,0.0,0.0,0.06900208533973853,0.12680759840435382,0.005967689724086888,0.7987259641151333,0.0,0.0,0.07007717224451775,0.13119686364034905,0.0
2025-01-20,1761616603.4993546,4798865.669354333,4823609.18,1751994128.65,0.9945377020004013,Bull,1.0,0.0,0.0,0.0,0.7919799494842302,0.0,0.0,0.0681331566480345,0.12832644716843622,0.006098148699700273,0.7987259641151333,0.0,0.0,0.07007717224451775,0.13119686364034905,0.0
2025-01-21,1775419717.6993546,4798865.669354333,4823609.18,1765797242.8500001,0.9945801689857181,Bull,1.0,0.0,0.0,0.0,0.793313056517775,0.0,0.0,0.06761837711004241,0.12758560566936208,0.006063129688538726,0.7987259641151333,0.0,0.0,0.07007717224451775,0.13119686364034905,0.0
2025-01-22,1777732142.5493546,4798865.669354333,4823609.18,1768109667.7,0.9945872189521446,Bull,1.0,0.0,0.0,0.0,0.7915644511450536,0.0,0.0,0.06772589476125615,0.1290869386379613,0.006209934407873548,0.7987259641151333,0.0,0.0,0.07007717224451775,0.13119686364034905,0.0
2025-02-03,1778783776.7993546,4798865.669354333,4823609.18,1769161301.95,0.9945904190408861,Bull,1.0,0.0,0.0,0.0,0.7964553198810769,0.0,0.0,0.06895919650263167,0.12349899007695948,0.005676912580218032,0.7987259641151333,0.0,0.0,0.07007717224451775,0.13119686364034905,0.0
2025-02-04,1766346019.2493546,4798865.669354333,4823609.18,1756723544.4,0.99455232737839,Bull,1.0,0.0,0.0,0.0,0.7940097405128016,0.0,0.0,0.06968623285504935,0.12511082063859372,0.005745533371945355,0.7987259641151333,0.0,0.0,0.07007717224451775,0.13119686364034905,0.0
2025-02-05,1775283765.1993546,4798865.669354333,4823609.18,1765661290.3500001,0.9945797539311841,Bull,1.0,0.0,0.0,0.0,0.7926469097136042,0.0,0.0,0.06961788443219462,0.12637528962858877,0.005939670156796539,0.7987259641151333,0.0,0.0,0.07007717224451775,0.13119686364034905,0.0
2025-02-07,1776026038.8993545,4798865.669354333,4823609.18,1766403564.05,0.9945820192730295,Bull,1.0,0.0,0.0,0.0,0.7917673689747562,0.0,0.0,0.06930163032760293,0.12744576658362095,0.0060672533870493785,0.7987259641151333,0.0,0.0,0.07007717224451775,0.13119686364034905,0.0
2025-02-10,1770723398.1493545,4798865.669354333,4823609.18,1761100923.3,0.994565794488619,Bull,1.0,0.0,0.0,0.0,0.7929302932165649,0.0,0.0,0.06927310054647719,0.12637885749625405,0.005983543229322783,0.7987259641151333,0.0,0.0,0.07007717224451775,0.13119686364034905,0.0
2025-02-11,1764703506.4493544,4798865.669354333,4823609.18,1755081031.6,0.9945472569107571,Bull,1.0,0.0,0.0,0.0,0.7921376177308107,0.0,0.0,0.06877189259071889,0.12758517177370476,0.006052574815522721,0.7987259641151333,0.0,0.0,0.07007717224451775,0.13119686364034905,0.0
2025-02-12,1773020474.8993547,4798865.669354333,4823609.18,1763398000.0500002,0.994572834896393,Bull,1.0,0.0,0.0,0.0,0.7924782708049434,0.0,0.0,0.06929023197375864,0.12679379803144192,0.006010534086249022,0.7987259641151333,0.0,0.0,0.07007717224451775,0.13119686364034905,0.0
2025-02-13,1774444264.7493546,4798865.669354333,4823609.18,1764821789.9,0.9945771895795703,Bull,1.0,0.0,0.0,0.0,0.79381416361306,0.0,0.0,0.06856794683105262,0.12614597395180396,0.006049105183653757,0.79904447308635,0.0,0.0,0.1025578791833883,0.09839764773026179,0.0
2025-02-14,1769676979.0847437,160397.4547437206,4823609.18,1764692972.45,0.9971836630675269,Bull,1.0,0.0,0.0,0.0,0.7972032688019964,0.0,0.0,0.09413226366664675,0.10436254874916126,0.0014855818497224776,0.7992833548147624,0.0,0.0,0.12691840938754118,0.07379823579769634,0.0
2025-02-17,1773338137.4750075,8077110.595007351,4823609.18,1760437417.7,0.9927251777298511,Bull,1.0,0.0,0.0,0.0,0.7997730876748758,0.0,0.0,0.1100164688714081,0.08251886479380606,0.0004167563897612368,0.7992833548147624,0.0,0.0,0.12691840938754118,0.07379823579769634,0.0
2025-02-18,1782342081.2727334,5752156.142733228,4823609.18,1771766315.95,0.9940663661404541,Bull,1.0,0.0,0.0,0.0,0.7995864716005244,0.0,0.0,0.11837845395499824,0.07596198924020278,0.0001394513447286817,0.7992833548147624,0.0,0.0,0.12691840938754118,0.07379823579769634,0.0
2025-02-19,1773719129.3727334,5752156.142733228,4823609.18,1763143364.05,0.9940375197247416,Bull,1.0,0.0,0.0,0.0,0.7997508402312022,0.0,0.0,0.11795103099214291,0.07619611118914599,0.000139537312250518,0.7992833548147624,0.0,0.0,0.12691840938754118,0.07379823579769634,0.0
2025-02-20,1769465315.3227334,8830156.142733227,1745609.18,1758889550.0,0.9940231858566809,Bull,0.9999999999999999,3078000.0,0.0,0.0,0.799642291797016,0.0,0.0,0.11815297999320665,0.07608894553292984,0.00013896853352853104,0.7994625161110718,0.0,0.0,0.10651915172644619,0.09401833216248195,0.0
2025-02-21,1779162048.1153505,431006.53535060957,1745609.18,1776985432.3999999,0.9987766062581785,Bull,1.0,0.0,0.0,0.0,0.7982314392915397,0.0,0.0,0.11072864341316446,0.08967575503816944,0.0001407685153048871,0.7995968870833039,0.0,0.0,0.09140320026058318,0.10899991265611292,0.0
2025-02-24,1771170668.1084158,191851.82841561362,1745609.18,1769233207.1000001,0.9989061127516949,Bull,1.0,0.0,0.0,0.0,0.7980566653181941,0.0,0.0,0.09702537598114792,0.103684643894949,0.00013942755740401852,0.7995968870833039,0.0,0.0,0.09140320026058318,0.10899991265611292,0.0
2025-02-25,1765494762.7084157,191851.82841561362,1745609.18,1763557301.7,0.9989025960034889,Bull,1.0,0.0,0.0,0.0,0.7989670269743906,0.0,0.0,0.09713299842188343,0.10266606496296687,0.0001365056442480101,0.7995968870833039,0.0,0.0,0.09140320026058318,0.10899991265611292,0.0
2025-02-26,1783718946.808416,191851.82841561362,1745609.18,1781781485.8000002,0.9989138081355908,Bull,1.0,0.0,0.0,0.0,0.8002091015257392,0.0,0.0,0.09640027668465909,0.10216811360673055,0.00013631631846209013,0.7995968870833039,0.0,0.0,0.09140320026058318,0.10899991265611292,0.0
2025-02-27,1775515384.7584157,191851.82841561362,1745609.18,1773577923.75,0.9989087895125847,Bull,1.0,0.0,0.0,0.0,0.8003163959873791,0.0,0.0,0.09697770094142456,0.10148039355035837,0.00013429903342259382,0.7996976653124779,0.0,0.0,0.11855240019543739,0.08174993449208469,0.0
2025-03-03,1784990198.7303305,5772718.0503303725,1745609.18,1777471871.5,0.9957880288442602,Bull,1.0,0.0,0.0,0.0,0.8028092381231574,0.0,0.0,0.10856967177626388,0.08428057482164802,0.0001285441231908212,0.7997732489843584,0.0,0.0,0.13891430014657807,0.06131245086906353,0.0
2025-03-04,1768469668.9907703,5277164.910770251,1745609.18,1761446894.9,0.9960288976317145,Bull,0.5,0.0,0.0,0.0,0.8005284850081241,0.0,0.0,0.1280870144237584,0.06728506690640959,0.00012833129342247398,0.3999149683691344,0.0,0.0,0.07709286255496678,0.022992169075898822,0.0
2025-03-05,1767592889.5707057,293414048.2907054,1745609.18,1472433232.1000001,0.8330160416393219,Bull,0.5,0.0,0.0,0.0,0.6530499974914195,0.0,0.0,0.129727326554075,0.0501071262068217,0.0001315913870056874,0.3999362262768508,0.0,0.0,0.07159152177730725,0.02847225194584197,0.0
2025-03-06,1768749432.6801758,645558087.7501757,1745609.18,1121445735.75,0.6340331281693642,Bull,0.5,0.0,0.0,0.0,0.5017347677139676,0.0,0.0,0.0952663485775198,0.03690217438040146,0.00012983749747527137,0.3999362262768508,0.0,0.0,0.07159152177730725,0.02847225194584197,0.0
2025-03-07,1765687817.0721087,822177218.1421087,1745609.18,941764989.75,0.5333700446048552,Bear,0.5,0.0,0.0,0.0,0.4243076168426685,0.0,0.0,0.07853936503336967,0.030395407093533923,0.00012765563528311692,0.3846459539112322,0.0,0.0,0.09399985712938635,0.02135418895938148,0.0
2025-03-10,1766008779.567068,865974200.787068,1745609.18,898288969.6,0.508654871931165,Bear,0.5,0.0,0.0,0.0,0.3947948773906545,0.0,0.0,0.09023624448745161,0.023497051928684422,0.0001266981243744732,0.3748306452969189,0.0,0.0,0.10915371298354505,0.01601564171953611,0.0
2025-03-11,1761708857.2148428,876921401.5348427,1745609.18,883041846.5,0.5012416455100515,Bear,0.5,0.0,0.0,0.0,0.3789277347196706,0.0,0.0,0.10452578429509672,0.017665802083326094,0.0001223244119579967,0.36656150459954584,0.0,0.0,0.12142676411080207,0.012011731289652078,0.0
2025-03-12,1761612379.6411881,878433791.361188,1745609.18,881432979.1,0.5003558043112376,Bear,0.5,0.0,0.0,0.0,0.3702783521723776,0.0,0.0,0.11646387274014765,0.013489914282301048,0.0001236651164113484,0.36054261677894084,0.0,0.0,0.1304485847538201,0.009008798467239058,0.0
2025-03-13,1765612450.6411881,878433791.361188,1745609.18,885433050.1,0.5014877697415715,Bear,0.5,0.0,0.0,0.0,0.37159230490345685,0.0,0.0,0.11644010548596889,0.013334183269635575,0.00012117608251023792,0.35642298641740205,0.0,0.0,0.1368204147321687,0.006756598850429295,0.0
2025-03-14,1764782844.532605,880107023.7026048,1745609.18,882930211.6500001,0.5003053006693525,Bear,0.5,0.0,0.0,0.0,0.3599997096630108,0.0,0.0,0.13179757539041667,0.008386867566088552,0.00012114804983647945,0.35642298641740205,0.0,0.0,0.1368204147321687,0.006756598850429295,0.0
2025-03-17,1761976683.4826047,880107023.7026048,1745609.18,880124050.6,0.49950947640260823,Bear,0.5,0.0,0.0,0.0,0.36022721330538326,0.0,0.0,0.13068657613838017,0.00847235956068052,0.00012332739816425914,0.35642298641740205,0.0,0.0,0.1368204147321687,0.006756598850429295,0.0
2025-03-18,1769272683.332605,880107023.7026048,1745609.18,887420050.45,0.5015733633429835,Bear,0.5,0.0,0.0,0.0,0.36105638574984483,0.0,0.0,0.13192098775885663,0.008472181897798572,0.00012380793648348036,0.35642298641740205,0.0,0.0,0.1368204147321687,0.006756598850429295,0.0
2025-03-19,1763088257.332605,880107023.7026048,1745609.18,881235624.45,0.49982502054844996,Bear,0.5,0.0,0.0,0.0,0.36070583636700354,0.0,0.0,0.13060004174060005,0.008397254044672044,0.00012188839617429278,0.35642298641740205,0.0,0.0,0.1368204147321687,0.006756598850429295,0.0
2025-03-20,1769564989.4826047,880107023.7026048,1745609.18,887712356.6,0.5016556961039076,Bear,0.5,0.0,0.0,0.0,0.3612643561550777,0.0,0.0,0.1317185304780191,0.008547241887070957,0.00012556758373987047,0.35642298641740205,0.0,0.0,0.1368204147321687,0.006756598850429295,0.0
2025-03-21,1767193992.032605,880107023.7026048,1745609.18,885341359.15,0.5009870807288628,Bear,0.5,0.0,0.0,0.0,0.3594548544268025,0.0,0.0,0.13291964609376408,0.008489107629177144,0.0001234725791190751,0.35642298641740205,0.0,0.0,0.1368204147321687,0.006756598850429295,0.0
2025-03-24,1767816164.3826048,880107023.7026048,1745609.18,885963531.5,0.5011627053480504,Bear,0.5,0.0,0.0,0.0,0.36004376151990286,0.0,0.0,0.1325194354028417,0.008476842955689096,0.00012266546961670817,0.35642298641740205,0.0,0.0,0.1368204147321687,0.006756598850429295,0.0
2025-03-25,1766687947.832605,880107023.7026048,1745609.18,884835314.95,0.5008441451335688,Bear,0.5,0.0,0.0,0.0,0.3602228484836529,0.0,0.0,0.13192618440961018,0.008570443930732384,0.0001246683095734057,0.35642298641740205,0.0,0.0,0.1368204147321687,0.006756598850429295,0.0
2025-03-26,1768506188.1326048,880107023.7026048,1745609.18,886653555.25,0.5013573383004287,Bear,0.5,0.0,0.0,0.0,0.3606860182511113,0.0,0.0,0.13199184801636513,0.008554677445587546,0.00012479458736474133,0.35642298641740205,0.0,0.0,0.1368204147321687,0.006756598850429295,0.0
2025-03-27,1773927242.832605,880107023.7026048,1745609.18,892074609.95,0.5028811714540988,Bear,0.5,0.0,0.0,0.0,0.36170531375651677,0.0,0.0,0.13268886925945444,0.00836674675354797,0.00012024168457969156,0.35642298641740205,0.0,0.0,0.1368204147321687,0.006756598850429295,0.0
2025-03-28,1768060197.3826048,880107023.7026048,1745609.18,886207564.5,0.5012315563756942,Bear,0.5,0.0,0.0,0.0,0.3596816247780641,0.0,0.0,0.13312233392756295,0.008311029240833115,0.00011656842923397384,0.35642298641740205,0.0,0.0,0.1368204147321687,0.006756598850429295,0.0
2025-03-31,1755939452.282605,880107023.7026048,1745609.18,874086819.4,0.4977887012355381,Crisis,0.5,0.0,0.0,0.0,0.35763067945404975,0.0,0.0,0.13198205649900804,0.008067191600248966,0.00010877368223130511,0.34864515171203186,0.0,0.0,0.1462873991501462,0.005067449137821971,0.0
2025-04-01,1760410020.1326048,880107023.7026048,1745609.18,878557387.25,0.49906406871270914,Bear,0.5,0.0,0.0,0.0,0.3584723047659459,0.0,0.0,0.13226662955625576,0.008212064141120398,0.00011307024938713217,0.34864515171203186,0.0,0.0,0.1462873991501462,0.005067449137821971,0.0
2025-04-02,1759223352.2326047,880107023.7026048,1745609.18,877370719.35,0.4987261669966702,Bear,1.0,0.0,0.0,0.0,0.35786423511888393,0.0,0.0,0.13254445474707952,0.008203620070006778,0.00011385706069999706,0.6275612730816573,0.0,0.0,0.2633173184702632,0.009121408448079548,0.1
2025-04-07,1687443658.2955863,567460978.2655863,1745609.18,1118237070.85,0.6626811303314759,Crisis,1.0,0.0,0.0,0.0,0.43692049641212505,0.0,0.0,0.1844485879394496,0.00797893306470416,0.03333311291519707,0.616920954811243,0.0,0.0,0.27623798885269735,0.006841056336059661,0.1
2025-04-08,1721522343.8095949,230993567.57959494,1745609.18,1488783167.05,0.8648061829714268,Crisis,1.0000000000000002,0.0,0.0,0.0,0.5597846989992863,0.0,0.0,0.2349261404908789,0.006943563667926514,0.06315177981333504,0.6089407161084324,0.0,0.0,0.28592849163952305,0.0051307922520447465,0.1
2025-04-09,1658604906.0318503,57986011.80185023,1745609.18,1598873285.05,0.9639868296755759,Crisis,1.0000000000000002,0.0,0.0,0.0,0.5933604690730978,0.0,0.0,0.2813629685423338,0.005553221244254012,0.08371017081589038,0.6089407161084324,0.0,0.0,0.28592849163952305,0.0051307922520447465,0.1
2025-04-10,1768926686.690819,7411717.760818849,1745609.18,1759769359.75,0.9948232298095124,Crisis,1.0000000000000002,0.0,0.0,0.0,0.6035687446986954,0.0,0.0,0.2779164923559811,0.005454154811836089,0.10788383794299986,0.6089407161084324,0.0,0.0,0.28592849163952305,0.0051307922520447465,0.1
2025-04-11,1766865435.690819,7411717.760818849,1745609.18,1757708108.75,0.994817190513867,Crisis,1.0000000000000002,0.0,0.0,0.0,0.6006646501265952,0.0,0.0,0.2745742206510022,0.005587861871404937,0.11399045786486463,0.6089407161084324,0.0,0.0,0.28592849163952305,0.0051307922520447465,0.1
2025-04-14,1746414755.5908191,7411717.760818849,1745609.18,1737257428.65,0.9947564993301256,Crisis,1.0000000000000002,0.0,0.0,0.0,0.6013533871538488,0.0,0.0,0.27270583833270473,0.005624093571447854,0.11507318027212417,0.6089407161084324,0.0,0.0,0.28592849163952305,0.0051307922520447465,0.1
2025-04-15,1760958624.3840897,554393.3040896002,1745609.18,1758658621.9,0.998693891808563,Crisis,1.0000000000000002,0.0,0.0,0.0,0.6042884013087971,0.0,0.0,0.28270499551011363,0.005352170045049444,0.10634832494460285,0.6089407161084324,0.0,0.0,0.28592849163952305,0.0051307922520447465,0.1
2025-04-16,1747450306.9340897,554393.3040896002,1745609.18,1745150304.45,0.99868379519866,Crisis,1.0000000000000002,0.0,0.0,0.0,0.6044074330806345,0.0,0.0,0.286291918010387,0.005295687072347197,0.10268875703529133,0.6089407161084324,0.0,0.0,0.28592849163952305,0.0051307922520447465,0.1
2025-04-17,1734788637.2340896,554393.3040896002,1745609.18,1732488634.75,0.9986741886390513,Crisis,0.55,0.0,0.0,0.0,0.6071673298652511,0.0,0.0,0.2833168199577494,0.005275195953894833,0.10291484286215595,0.3044703580542162,0.0,0.0,0.14296424581976153,0.0025653961260223733,0.1
2025-04-18,1732408620.3691256,347369684.33912575,1745609.18,1383293326.85,0.7984798220152359,Crisis,0.55,0.0,0.0,0.0,0.4724020171843894,0.0,0.0,0.21981794336653646,0.004086564749655623,0.10217329671465455,0.3044703580542162,0.0,0.0,0.14296424581976153,0.0025653961260223733,0.1
2025-04-21,1724125993.5632784,667798589.9332786,1745609.18,1054581794.4499999,0.6116616757633119,Crisis,0.55,0.0,0.0,0.0,0.3483422886101029,0.0,0.0,0.16263022600831115,0.0029436363809532294,0.09774552476394459,0.3044703580542162,0.0,0.0,0.14296424581976153,0.0025653961260223733,0.1
2025-04-22,1713328506.3113735,746825710.9313735,1745609.18,964757186.1999999,0.5630894382753407,Crisis,0.55,0.0,0.0,0.0,0.3147717056089116,0.0,0.0,0.1482127911049012,0.0026396280592661135,0.09746531350226183,0.3044703580542162,0.0,0.0,0.14296424581976153,0.0025653961260223733,0.1
2025-04-23,1733650223.1613736,746825710.9313735,1745609.18,985078903.0500001,0.5682108708489497,Crisis,0.55,0.0,0.0,0.0,0.3127376248141448,0.0,0.0,0.14839400506687625,0.002724107744979883,0.10435513322294876,0.3044703580542162,0.0,0.0,0.14296424581976153,0.0025653961260223733,0.1
2025-04-24,1727295402.3613737,746825710.9313735,1745609.18,978724082.25,0.5666222933911553,Crisis,0.55,0.0,0.0,0.0,0.31250924509614797,0.0,0.0,0.1482811797274819,0.002718180106067185,0.10311368846145832,0.3044703580542162,0.0,0.0,0.14296424581976153,0.0025653961260223733,0.1
2025-04-25,1734942662.4113734,746825710.9313735,1745609.18,986371342.3,0.568532530596173,Crisis,0.55,0.0,0.0,0.0,0.31214155028461293,0.0,0.0,0.14643025703621926,0.0027705526552209876,0.10719017062011979,0.3044703580542162,0.0,0.0,0.14296424581976153,0.0025653961260223733,0.1
2025-04-28,1737493252.6613734,746825710.9313735,1745609.18,988921932.55,0.5691659124633934,Crisis,0.55,0.0,0.0,0.0,0.31176997765042463,0.0,0.0,0.14611901347595033,0.002789852560621551,0.10848706877639691,0.3044703580542162,0.0,0.0,0.14296424581976153,0.0025653961260223733,0.1
2025-04-29,1748782532.9113734,746825710.9313735,1745609.18,1000211212.8,0.5719471655145413,Crisis,0.55,0.0,0.0,0.0,0.3127402936084318,0.0,0.0,0.14664682153078024,0.002782621571533397,0.10977742880379582,0.3044703580542162,0.0,0.0,0.14296424581976153,0.0025653961260223733,0.1
2025-04-30,1751613204.9113734,746825710.9313735,1745609.18,1003041884.8,0.5726389147944058,Crisis,0.55,0.0,0.0,0.0,0.31471382109607465,0.0,0.0,0.14595042974281247,0.002791369684979847,0.10918329427053877,0.2987623394076025,0.0,0.0,0.14659818436482114,0.004639476227576402,0.1
2025-05-02,1760780371.8330247,776863176.5030248,1745609.18,982171586.15,0.5578047108325782,Crisis,0.5499999999999999,0.0,0.0,0.0,0.2998221950875216,0.0,0.0,0.14618972594068083,0.004237041779511319,0.10755574802486448,0.29406069625441295,0.0,0.0,0.1493236382736158,0.006615665471971202,0.1
2025-05-05,1756875950.4830248,776863176.5030248,1745609.18,978267164.8000001,0.5568219910637636,Crisis,0.5499999999999999,0.0,0.0,0.0,0.29972136886228484,0.0,0.0,0.14791431343149397,0.004208521380218779,0.10497778738976597,0.29406069625441295,0.0,0.0,0.1493236382736158,0.006615665471971202,0.1
2025-05-06,1766814836.7330248,776863176.5030248,1745609.18,988206051.05,0.5593150060236466,Crisis,0.5,0.0,0.0,0.0,0.3025754538254311,0.0,0.0,0.14842896637935968,0.004161726428331481,0.10414885939052433,0.32673410694934774,0.0,0.0,0.1659151536373509,0.007350739413301336,0.0
2025-05-07,1766781843.283254,856068434.8532537,1745609.18,908967799.25,0.5144765341038614,Crisis,0.5,0.0,0.0,0.0,0.32144243015007606,0.0,0.0,0.1605369112651263,0.006460022239525683,0.026037170449133302,0.32673410694934774,0.0,0.0,0.1659151536373509,0.007350739413301336,0.0
2025-05-08,1764489564.1643336,875931016.8843335,1745609.18,886812938.1,0.5025889390963878,Crisis,0.5,0.0,0.0,0.0,0.3255123463266385,0.0,0.0,0.1632647230398525,0.007140761983461939,0.0066711077464347715,0.32673410694934774,0.0,0.0,0.1659151536373509,0.007350739413301336,0.0
2025-05-09,1774864456.1643336,875931016.8843335,1745609.18,897187830.1,0.5054965335431395,Bear,0.5,0.0,0.0,0.0,0.3284935804957139,0.0,0.0,0.1630309283590772,0.007187450261733598,0.006784574426614731,0.33699422674856344,0.0,0.0,0.1560448830930822,0.006960890158354353,0.0
2025-05-12,1782283664.7643335,875931016.8843335,1745609.18,904607038.7,0.5075550298664796,Bear,0.5,0.0,0.0,0.0,0.3310683088025843,0.0,0.0,0.16234671602528528,0.007237400114815962,0.006902604923794054,0.34575347948361257,0.0,0.0,0.1480151020218835,0.006231418494503903,0.0
2025-05-13,1779896492.3143337,875931016.8843335,1745609.18,902219866.25,0.5068945695133523,Bear,0.5,0.0,0.0,0.0,0.3311356692903201,0.0,0.0,0.16135045000655135,0.007335286100274123,0.0070731641162067455,0.3518161277466413,0.0,0.0,0.1421265137827544,0.006057358470604332,0.0
2025-05-14,1783900906.0770109,884939823.1970106,1745609.18,897215473.7,0.5029514087041264,Bear,0.5,0.0,0.0,0.0,0.34794997389457244,0.0,0.0,0.14654608846794,0.006561799458772555,0.0018935468828413591,0.3518161277466413,0.0,0.0,0.1421265137827544,0.006057358470604332,0.0
2025-05-15,1791807369.0770106,884939823.1970106,1745609.18,905121936.6999999,0.5051446669550439,Bear,0.5,0.0,0.0,0.0,0.3464226107183298,0.0,0.0,0.15032921766515128,0.006518557854808109,0.0018742807167546928,0.3518161277466413,0.0,0.0,0.1421265137827544,0.006057358470604332,0.0
2025-05-16,1794176870.9770105,884939823.1970106,1745609.18,907491438.5999999,0.5057982037778861,Bear,0.5,0.0,0.0,0.0,0.3482719561866465,0.0,0.0,0.14910202239666914,0.006527784517488672,0.001896440677081718,0.3518161277466413,0.0,0.0,0.1421265137827544,0.006057358470604332,0.0
2025-05-19,1799032307.1270106,884939823.1970106,1745609.18,912346874.75,0.5071320126579522,Bear,1.0,0.0,0.0,0.0,0.35047629342294284,0.0,0.0,0.14840211537187883,0.00641945114284413,0.0018341527202863307,0.6332690299439543,0.0,0.0,0.25582772480895793,0.010903245247087799,0.1
2025-05-20,1799042373.9104056,523148104.5304056,1745609.18,1274148660.2,0.7082371592118231,Bear,1.0,0.0,0.0,0.0,0.466573590690645,0.0,0.0,0.19166963769202056,0.008240828684749108,0.041753102144408326,0.6332690299439543,0.0,0.0,0.25582772480895793,0.010903245247087799,0.1
2025-05-21,1814252358.7849333,162059988.25493336,1745609.18,1650446761.35,0.9097117902910488,Bear,1.0,0.0,0.0,0.0,0.5799126875902935,0.0,0.0,0.23665742966846937,0.01011987109240763,0.08302180193987843,0.6332690299439543,0.0,0.0,0.25582772480895793,0.010903245247087799,0.1
2025-05-22,1793263437.565832,40630472.13583176,1745609.18,1750887356.25,0.9763692938649589,Bear,1.0,0.0,0.0,0.0,0.6186002753481535,0.0,0.0,0.25233777175217076,0.010633128184380327,0.09479811858025419,0.6332690299439543,0.0,0.0,0.25582772480895793,0.010903245247087799,0.1
2025-05-23,1796901545.015832,40630472.13583176,1745609.18,1754525463.7,0.9764171379153338,Bear,1.0,0.0,0.0,0.0,0.618348131973035,0.0,0.0,0.25320975501525944,0.010567774318337898,0.09429147660870156,0.6332690299439543,0.0,0.0,0.25582772480895793,0.010903245247087799,0.1
2025-05-26,1804072812.965832,40630472.13583176,1745609.18,1761696731.65,0.9765108808185147,Bear,1.0,0.0,0.0,0.0,0.6193348037949516,0.0,0.0,0.2532998650141815,0.010514126627082676,0.09336208538229882,0.6332690299439543,0.0,0.0,0.25582772480895793,0.010903245247087799,0.1
2025-05-27,1782953661.815832,40630472.13583176,1745609.18,1740577580.5,0.9762326513451425,Bear,1.0,0.0,0.0,0.0,0.6202901141994108,0.0,0.0,0.25263797351931844,0.010544441172325851,0.09276012245408734,0.6332690299439543,0.0,0.0,0.25582772480895793,0.010903245247087799,0.1
2025-05-28,1776874674.4158318,40630472.13583176,1745609.18,1734498593.1,0.9761513392441347,Bear,1.0,0.0,0.0,0.0,0.6178031905716147,0.0,0.0,0.25430521719184107,0.010598243236367336,0.09344468824431156,0.6332690299439543,0.0,0.0,0.25582772480895793,0.010903245247087799,0.1
2025-05-29,1762104925.1428516,8862371.062851513,1745609.18,1751496944.9,0.9939799383728574,Bear,1.0,0.0,0.0,0.0,0.6311187427217728,0.0,0.0,0.2522732861460916,0.010914928915734564,0.09967298058925836,0.6332690299439543,0.0,0.0,0.25582772480895793,0.010903245247087799,0.1
2025-06-02,1741694492.5428514,8862371.062851513,1745609.18,1731086512.3,0.9939093909475686,Bear,0.55,0.0,0.0,0.0,0.6315026642210841,0.0,0.0,0.25509353213337377,0.010806315390319197,0.09650687920279138,0.31663451497197714,0.0,0.0,0.12791386240447897,0.005451622623543899,0.1
2025-06-03,1742384826.211502,352180681.73150206,1745609.18,1388458535.3,0.7968724901713875,Bear,0.55,0.0,0.0,0.0,0.4918690018458463,0.0,0.0,0.19721217427446147,0.00854036363043585,0.09925095042064389,0.31663451497197714,0.0,0.0,0.12791386240447897,0.005451622623543899,0.1
2025-06-04,1754279869.5733387,674260644.3933388,1745609.18,1078273616.0,0.6146531318644435,Bear,1.0,0.0,0.0,0.0,0.3607703234683567,0.0,0.0,0.1432822118976563,0.006407529491137491,0.10419306700729294,0.6440620579630627,0.0,0.0,0.23693248413691995,0.01900545790001731,0.1
2025-06-05,1763883765.8723867,331127877.0423866,1745609.18,1431010279.65,0.8112837746665507,Bear,1.0,0.0,0.0,0.0,0.5050571624312188,0.0,0.0,0.19188633998941587,0.01266690608093984,0.10167336616497602,0.6496897543218028,0.0,0.0,0.22136436236231782,0.028945883315879394,0.1
2025-06-06,1775058809.8326056,80860185.7526055,1745609.18,1692453014.9,0.9534630658572966,Bear,1.0,0.0,0.0,0.0,0.6150516021511176,0.0,0.0,0.21353292516305092,0.02470337870334291,0.10017515983978512,0.6538298728066175,0.0,0.0,0.20873150445975142,0.03743862273363102,0.1
2025-06-09,1782915570.5612845,18295438.781284623,1745609.18,1762874522.6,0.9887593959623251,Bear,1.0,0.0,0.0,0.0,0.6430546917255668,0.0,0.0,0.21045259023784071,0.03441318311033899,0.10083893088857857,0.647041311919585,0.0,0.0,0.19952416718021854,0.05343452090019642,0.1
2025-06-10,1802902408.291657,2814342.6616568817,1745609.18,1798342456.45,0.9974707716731169,Bull,1.0,0.0,0.0,0.0,0.6428116969171631,0.0,0.0,0.2022663558065466,0.04938858564417396,0.10300413330523331,0.6652809839396888,0.0,0.0,0.15647913280228412,0.0782398832580271,0.1
2025-06-18,1770010755.1061993,28866868.176199257,1745609.18,1739398277.75,0.9827049201436279,Bull,1.0,0.0,0.0,0.0,0.6826476134476953,0.0,0.0,0.17779649027111033,0.018221618092973044,0.10403919833184919,0.6766570960413382,0.0,0.0,0.1299156362013414,0.09342726775732045,0.1
2025-06-19,1760468336.8724751,4561491.242475018,1745609.18,1754161236.45,0.9964173735531763,Bear,0.9999999999999999,0.0,0.0,0.0,0.6804703108595453,0.0,0.0,0.1421836421350712,0.07426978222867706,0.09949363832988262,0.6527350969224025,0.0,0.0,0.16038428069276128,0.08688062238483614,0.1
2025-06-20,1752768948.5490434,7813687.619043272,1745609.18,1743209651.75,0.9945461740368252,Bear,1.0000000000000002,0.0,0.0,0.0,0.659106770864657,0.0,0.0,0.15178760453295184,0.08395679882497785,0.09969499981423856,0.6317750153138577,0.0,0.0,0.18538531785098095,0.08283966683516146,0.1
2025-06-23,1736378423.1505942,7295174.070594129,1745609.18,1727337639.9,0.9947933105306677,Bear,1.0,0.0,0.0,0.0,0.6384670559822146,0.0,0.0,0.17403896291896662,0.08321384214037107,0.09907344948911526,0.6165919675915269,0.0,0.0,0.2059229091583774,0.07748512325009566,0.1
2025-06-24,1745437991.6736357,645779.493635755,1745609.18,1743046603.0,0.9986299205786493,Bear,0.55,0.0,0.0,0.0,0.6257339408275108,0.0,0.0,0.1893269778567932,0.0799645193159618,0.10360448257838357,0.30861583917640445,0.0,0.0,0.09749668441380492,0.04388747640979066,0.1
2025-06-25,1768153248.1782844,332734469.59828436,1745609.18,1433673169.4,0.8108308320430389,Bull,0.55,0.0,0.0,0.0,0.485610780787607,0.0,0.0,0.15836353567683872,0.06398011038723797,0.10287640519135519,0.320420962952213,0.0,0.0,0.07649751331035369,0.05308152373743331,0.1
2025-06-26,1765965901.6979613,654943738.0179613,1745609.18,1109276554.5,0.6281415475992147,Bull,0.55,0.0,0.0,0.0,0.3753069602661882,0.0,0.0,0.09641279021089524,0.05597149973561922,0.10045029738651198,0.3293660591982109,0.0,0.0,0.06074813498276528,0.05988580581902392,0.1
2025-06-27,1772851160.2285979,757582665.848598,1745609.18,1013522885.1999999,0.5716909055519994,Bull,0.55,0.0,0.0,0.0,0.34315342361936113,0.0,0.0,0.0702254666341796,0.05872644152855746,0.09958557376990122,0.33607713672702233,0.0,0.0,0.04893610123707396,0.06498676203590374,0.1
2025-06-30,1774878919.6902277,782688960.0102278,1745609.18,990444350.5,0.5580348831191616,Bull,0.55,0.0,0.0,0.0,0.3379439937258851,0.0,0.0,0.05633826560825458,0.06343085083215091,0.10032177295287101,0.34080575538046687,0.0,0.0,0.04007707592780547,0.0691171686917277,0.1
2025-07-01,1783172072.113289,778985555.4332892,1745609.18,1002440907.5,0.562167231742239,Bull,0.55,0.0,0.0,0.0,0.3409649337875971,0.0,0.0,0.0519402481950243,0.06775664664645102,0.10150540311316661,0.3447674612678696,0.0,0.0,0.033432806945854106,0.07179973178627631,0.1
2025-07-02,1783735625.1859524,778674462.3559523,1745609.18,1003315553.65,0.5624799659116555,Bull,0.55,0.0,0.0,0.0,0.34411798193805226,0.0,0.0,0.047048227783896654,0.07077660400870163,0.1005371521810049,0.3477411658619894,0.0,0.0,0.028449605209390577,0.07380922892862003,0.1
2025-07-03,1793618485.2634504,778657097.8834503,1745609.18,1013215778.2,0.5649003879725163,Bull,0.55,0.0,0.0,0.0,0.34593885115365675,0.0,0.0,0.04293861857065317,0.07363826872056349,0.10238464952764284,0.3477411658619894,0.0,0.0,0.028449605209390577,0.07380922892862003,0.1
2025-07-04,1793598961.5134504,778657097.8834503,1745609.18,1013196254.45,0.5648956518100671,Bull,0.55,0.0,0.0,0.0,0.3486003771558892,0.0,0.0,0.0431288719830249,0.07295225008916731,0.1002141525819857,0.3477411658619894,0.0,0.0,0.028449605209390577,0.07380922892862003,0.1
2025-07-07,1791606687.1134503,778657097.8834503,1745609.18,1011203980.0500001,0.5644118138893547,Bull,0.55,0.0,0.0,0.0,0.3509438899577993,0.0,0.0,0.04184685206818078,0.07259989647033703,0.0990211753930376,0.3477411658619894,0.0,0.0,0.028449605209390577,0.07380922892862003,0.1
2025-07-08,1786822591.7634504,778657097.8834503,1745609.18,1006419884.6999999,0.5632455562959635,Bull,0.55,0.0,0.0,0.0,0.3504146900683973,0.0,0.0,0.04176838839178965,0.07246455277477344,0.0985979250610031,0.3477411658619894,0.0,0.0,0.028449605209390577,0.07380922892862003,0.1
2025-07-09,1785599560.5634503,778657097.8834503,4775169.18,1002167293.5,0.5612497424583616,Bull,0.55,0.0,0.0,0.0,0.3489994662091853,0.0,0.0,0.03846086295985043,0.07326407492994641,0.1005253383593794,0.3477411658619894,0.0,0.0,0.028449605209390577,0.07380922892862003,0.1
2025-07-10,1796418069.0634503,778657097.8834503,4775169.18,1012985802.0,0.5638920134710697,Bull,0.5,0.0,0.0,0.0,0.3500245476420839,0.0,0.0,0.03903456617788186,0.0736576759489978,0.10117522370210606,0.3863790731799882,0.0,0.0,0.03161067245487842,0.08201025436513337,0.0
2025-07-11,1800140726.582534,857740832.9025341,4775169.18,937624724.5,0.5208619029913444,Bull,0.5,0.0,0.0,0.0,0.3779287443774235,0.0,0.0,0.037258031558081606,0.08007490629560571,0.025600220760233498,0.3863790731799882,0.0,0.0,0.03161067245487842,0.08201025436513337,0.0
2025-07-14,1801735101.7291481,880302329.3491482,4775169.18,916657603.2,0.5087638034693736,Bull,0.5,0.0,0.0,0.0,0.3852810507681135,0.0,0.0,0.036151485275215396,0.08096018657793137,0.006371080848113275,0.3863790731799882,0.0,0.0,0.03161067245487842,0.08201025436513337,0.0
2025-07-15,1800794854.3791482,880302329.3491482,4775169.18,915717355.85,0.5085073147689039,Bull,0.5,0.0,0.0,0.0,0.384078427461109,0.0,0.0,0.03578003337987885,0.08210263353455304,0.006546220393363037,0.3863790731799882,0.0,0.0,0.03161067245487842,0.08201025436513337,0.0
2025-07-16,1803699469.4791481,880302329.3491482,4775169.18,918621970.95,0.5092987975514952,Bull,0.5,0.0,0.0,0.0,0.38430064580002554,0.0,0.0,0.03572241445444683,0.08262618164601224,0.006649555651010661,0.3863790731799882,0.0,0.0,0.03161067245487842,0.08201025436513337,0.0
2025-07-17,1808902144.1291482,880302329.3491482,4775169.18,923824645.5999999,0.5107101280178717,Bull,0.5,0.0,0.0,0.0,0.38560711969071526,0.0,0.0,0.03549014533945763,0.08287894427377954,0.00673391871391929,0.3863790731799882,0.0,0.0,0.03161067245487842,0.08201025436513337,0.0
2025-07-18,1808961059.3791482,880302329.3491482,4775169.18,923883560.85,0.5107260634825855,Bull,0.5,0.0,0.0,0.0,0.38418257112097287,0.0,0.0,0.0355753373829324,0.08410222498223097,0.006865929996449301,0.3863790731799882,0.0,0.0,0.03161067245487842,0.08201025436513337,0.0
2025-07-21,1806497444.4791481,880302329.3491482,5839689.18,920355425.95,0.5094695421588921,Bull,0.5,0.0,0.0,0.0,0.3837387249390054,0.0,0.0,0.03558062049655002,0.08331664152638513,0.006833555196951452,0.3863790731799882,0.0,0.0,0.03161067245487842,0.08201025436513337,0.0
2025-07-22,1804175804.2291481,880302329.3491482,5839689.18,918033785.6999999,0.5088383202723633,Bull,0.5,0.0,0.0,0.0,0.3839939179297454,0.0,0.0,0.03528009845315253,0.08285021318300255,0.006714090706462816,0.3863790731799882,0.0,0.0,0.03161067245487842,0.08201025436513337,0.0
2025-07-23,1806077662.579148,880302329.3491482,5839689.18,919935644.05,0.5093555294495458,Bull,1.0,0.0,0.0,0.0,0.3838522885333669,0.0,0.0,0.03567537616737251,0.08300855666744067,0.006819308081365668,0.6954823317239788,0.0,0.0,0.056899210418781154,0.14761845785724007,0.1
2025-07-24,1807421491.253794,747626590.423794,5839689.18,1053955211.65,0.583126413374049,Bull,1.0,0.0,0.0,0.0,0.38414878046423834,0.0,0.0,0.043858502504034336,0.10990518866863841,0.045213941737137935,0.6954823317239788,0.0,0.0,0.056899210418781154,0.14761845785724007,0.1
2025-07-25,1806087053.9903371,656276139.110337,5839689.18,1143971225.7,0.633397611246108,Bull,1.0,0.0,0.0,0.0,0.3843394614707835,0.0,0.0,0.05013518025055533,0.12783569844537254,0.07108727107939665,0.6954823317239788,0.0,0.0,0.056899210418781154,0.14761845785724007,0.1
2025-07-28,1803819328.4355254,601332617.9555254,5839689.18,1196647021.3,0.6633962739150082,Bull,1.0,0.0,0.0,0.0,0.3827278100511141,0.0,0.0,0.0537174086520292,0.1391846156886182,0.08776643952324668,0.6954823317239788,0.0,0.0,0.056899210418781154,0.14761845785724007,0.1
2025-07-29,1799743274.852393,576169006.6723927,5839689.18,1217734579.0,0.676615712927097,Bull,1.0,0.0,0.0,0.0,0.3849697002239524,0.0,0.0,0.05561793251218544,0.14282189776265813,0.093206182428301,0.6954823317239788,0.0,0.0,0.056899210418781154,0.14761845785724007,0.1
2025-07-30,1808016766.2323244,561920319.7523242,5839689.18,1240256757.3,0.6859763584408215,Bull,1.0,0.0,0.0,0.0,0.3839706413490163,0.0,0.0,0.05652436520982351,0.14668005571244944,0.09880129616953234,0.6954823317239788,0.0,0.0,0.056899210418781154,0.14761845785724007,0.1
2025-07-31,1810329706.073274,559323704.9932739,5839689.18,1245166311.9,0.6878118984197906,Bull,1.0,0.0,0.0,0.0,0.3815334077449225,0.0,0.0,0.05615977004571396,0.1486704599151655,0.10144826071398869,0.6954823317239788,0.0,0.0,0.056899210418781154,0.14761845785724007,0.1
2025-08-01,1812840827.9547877,561190247.6747878,5839689.18,1245810891.1,0.6872147139942231,Bull,1.0,0.0,0.0,0.0,0.3854238498634619,0.0,0.0,0.056536844503678706,0.14652019962484236,0.09873382000224014,0.6954823317239788,0.0,0.0,0.056899210418781154,0.14761845785724007,0.1
2025-08-04,1818862657.5864584,558240454.8564583,5839689.18,1254782513.55,0.6898720518101322,Bull,1.0,0.0,0.0,0.0,0.3885786871274001,0.0,0.0,0.05708787277967648,0.14584806548945833,0.09835742641359724,0.6954823317239788,0.0,0.0,0.056899210418781154,0.14761845785724007,0.1
2025-08-05,1831005612.9559975,554238638.0259974,5839689.18,1270927285.75,0.694114358119416,Bull,0.55,0.0,0.0,0.0,0.38842935855439775,0.0,0.0,0.05667978255536569,0.1478585855140719,0.10114663149558062,0.3477411658619894,0.0,0.0,0.028449605209390577,0.07380922892862003,0.1
2025-08-06,1831959796.298629,752626858.068629,2810129.1799999997,1076522809.05,0.5876345164479336,Bull,0.55,3029560.0,0.0,0.0,0.36136432163388266,0.0,0.0,0.035953736612057814,0.09147908176729534,0.09883737643469785,0.3477411658619894,0.0,0.0,0.028449605209390577,0.07380922892862003,0.1
2025-08-07,1831666164.0794065,797830993.7994065,18093730.68,1015741439.6,0.5545450691395561,Bull,0.55,0.0,402177.0,0.0,0.3356061009670705,0.0,0.0,0.03383050973764324,0.08046471725598278,0.1046437411788596,0.3477411658619894,0.0,0.0,0.028449605209390577,0.07380922892862003,0.1
2025-08-08,1830735247.8294065,798895513.7994065,17029210.68,1014810523.35,0.5543185583787718,Bull,0.55,1064520.0,0.0,0.0,0.3350285761292961,0.0,0.0,0.034294144975052315,0.08050563300987677,0.10449020426454658,0.3477411658619894,0.0,0.0,0.028449605209390577,0.07380922892862003,0.1
2025-08-11,1832850322.2794068,798895513.7994065,17029210.68,1016925597.8000001,0.5548328662950013,Bull,0.55,0.0,0.0,0.0,0.33363157938588134,0.0,0.0,0.03413295632465891,0.08102598351583278,0.10604234706862825,0.3477411658619894,0.0,0.0,0.028449605209390577,0.07380922892862003,0.1
2025-08-12,1838824900.0294065,798895513.7994065,17029210.68,1022900175.55,0.5562792713616407,Bull,0.55,0.0,0.0,0.0,0.33533224155281943,0.0,0.0,0.03418367893484299,0.08083912720434817,0.10592422366963006,0.3477411658619894,0.0,0.0,0.028449605209390577,0.07380922892862003,0.1
2025-08-13,1846794826.4294064,798895517.7994065,23643665.93,1024255642.6999999,0.554612579611941,Bull,0.55,4.0,52934.0,4.0,0.332725153821243,0.0,0.0,0.03403615772604761,0.08117496207732117,0.10667630598732927,0.3477411658619894,0.0,0.0,0.028449605209390577,0.07380922892862003,0.1
2025-08-14,1857018882.9566047,799789243.3766048,23643665.93,1033585973.65,0.5565834484162071,Bull,0.55,0.0,0.0,0.0,0.34840481676734736,0.0,0.0,0.03240527091689581,0.07495876928207458,0.10081459144988936,0.3477411658619894,0.0,0.0,0.028449605209390577,0.07380922892862003,0.1
2025-08-15,1851085920.8066049,799789243.3766048,23643665.93,1027653011.5,0.5551622428483511,Bull,0.55,0.0,0.0,0.0,0.3459087740351827,0.0,0.0,0.03266320559212816,0.07519902152318468,0.10139124169785557,0.3477411658619894,0.0,0.0,0.028449605209390577,0.07380922892862003,0.1
2025-08-18,1856840197.0566049,799789243.3766048,23643665.93,1033407287.75,0.556540777923765,Bull,0.55,0.0,0.0,0.0,0.34648139822146873,0.0,0.0,0.03267717927271385,0.0751775517469286,0.10220464868265385,0.3477411658619894,0.0,0.0,0.028449605209390577,0.07380922892862003,0.1
2025-08-19,1856324808.1066048,799789243.3766048,23643665.93,1032891898.8,0.5564176561608949,Bull,0.55,0.0,0.0,0.0,0.3472792024244597,0.0,0.0,0.03283988865191048,0.07505733877581111,0.10124122630871353,0.3477411658619894,0.0,0.0,0.028449605209390577,0.07380922892862003,0.1
2025-08-20,1841060230.1066048,799789243.3766048,23643665.93,1017627320.8,0.5527398311901373,Bull,0.55,0.0,0.0,0.0,0.34935425266492076,0.0,0.0,0.033112170369608215,0.0735458285317258,0.09672757962388247,0.3508058743964921,0.0,0.0,0.03239833825804348,0.06679578734546447,0.1
2025-08-21,1845225922.9066048,799789243.3766048,23643665.93,1021793013.5999999,0.5537495441156977,Bull,0.5,0.0,0.0,0.0,0.348540200750557,0.0,0.0,0.03315333869992264,0.07380559654477231,0.0982504081204457,0.39233822866374335,0.0,0.0,0.03944688508468251,0.06821488625157412,0.0
2025-08-22,1835982651.5053363,874610293.0753362,23643665.93,937728692.5,0.510750301333811,Bull,0.5,0.0,0.0,0.0,0.37881934337982415,0.0,0.0,0.03774425643030026,0.06964894243153927,0.024537759092147424,0.39233822866374335,0.0,0.0,0.03944688508468251,0.06821488625157412,0.0
2025-08-25,1835163766.5840974,890265022.9040973,23643665.93,921255077.75,0.5020015622174082,Bull,0.5,0.0,0.0,0.0,0.3871958953683046,0.0,0.0,0.038443163103267945,0.06986793349710803,0.0064945702487276226,0.39233822866374335,0.0,0.0,0.03944688508468251,0.06821488625157412,0.0
2025-08-26,1826394347.7340972,890265022.9040973,23643665.93,912485658.9,0.4996104264295762,Bull,0.5,0.0,0.0,0.0,0.38398016823150033,0.0,0.0,0.03883827175002143,0.07027001050415263,0.0065219759439018,0.39233822866374335,0.0,0.0,0.03944688508468251,0.06821488625157412,0.0
2025-08-27,1828163067.9340973,905547750.8040973,8360938.03,914254379.1,0.5000945457962602,Bull,0.5,15282727.899999999,0.0,0.0,0.3844924949142114,0.0,0.0,0.038427097249802034,0.07053473634915834,0.006640217283088451,0.39425367149780755,0.0,0.0,0.03352846937077433,0.07221785913141814,0.0
2025-08-28,1827938296.2340972,905547750.8040973,8360938.03,914029607.4,0.5000330751224349,Bull,0.5,0.0,0.0,0.0,0.3853336892449429,0.0,0.0,0.03829368865689302,0.0698779057603604,0.006527791460238579,0.39425367149780755,0.0,0.0,0.03352846937077433,0.07221785913141814,0.0
2025-08-29,1829643320.4840972,912161667.0540973,1747021.78,915734631.65,0.5004989887360722,Bull,0.5,6613916.25,0.0,0.0,0.3856169799605116,0.0,0.0,0.038548770249568994,0.06981278731758703,0.006520451208404636,0.39425367149780755,0.0,0.0,0.03352846937077433,0.07221785913141814,0.0
2025-09-01,1834340170.1340973,912161667.0540973,1747021.78,920431481.3,0.501777966969296,Bull,0.5,0.0,0.0,0.0,0.3879551311619459,0.0,0.0,0.038512485933748904,0.06897084960569293,0.006339500267908264,0.39425367149780755,0.0,0.0,0.03352846937077433,0.07221785913141814,0.0
2025-09-02,1843017633.6840973,912161667.0540973,1747021.78,929108944.85,0.5041237413408569,Bull,0.5,0.0,0.0,0.0,0.39064989487420576,0.0,0.0,0.03851807964424933,0.06864611476728034,0.006309652055121484,0.39425367149780755,0.0,0.0,0.03352846937077433,0.07221785913141814,0.0
2025-09-03,1847279144.2840974,912161667.0540973,1747021.78,933370455.45,0.5052676842793689,Bull,1.0,0.0,0.0,0.0,0.39225338936569615,0.0,0.0,0.03828360224756791,0.06842190060505632,0.0063087920610485106,0.7096566086960536,0.0,0.0,0.0603512448673938,0.12999214643655266,0.1
2025-09-04,1854394464.2759795,540728798.1959796,1747021.78,1311918644.3,0.707464711297129,Bull,1.0,0.0,0.0,0.0,0.522273099363536,0.0,0.0,0.04708275487334831,0.09357847175614425,0.044530385304100285,0.7096566086960536,0.0,0.0,0.0603512448673938,0.12999214643655266,0.1
2025-09-05,1856475925.753074,167683419.07307377,1746148.18,1687046358.5,0.9087359200823758,Bull,1.0,873.6,0.0,0.0,0.6492455096130967,0.0,0.0,0.05579706074452901,0.11956524559291472,0.08412810413183533,0.7096566086960536,0.0,0.0,0.0603512448673938,0.12999214643655266,0.1
2025-09-08,1861618911.827671,40447092.89767106,1746148.18,1819425670.75,0.9773351888457948,Bull,1.0,0.0,0.0,0.0,0.6930109393245281,0.0,0.0,0.05907412054169128,0.1282152316371049,0.09703489734247064,0.7096566086960536,0.0,0.0,0.0603512448673938,0.12999214643655266,0.1
2025-09-09,1881065153.1438923,8998023.663892318,1746148.18,1870320981.3,0.9942882510869253,Bull,1.0,0.0,0.0,0.0,0.7055676296388625,0.0,0.0,0.059262593756353836,0.12951598172600012,0.09994204596570883,0.7096566086960536,0.0,0.0,0.0603512448673938,0.12999214643655266,0.1
2025-09-10,1901523440.0938923,8998023.663892318,1746148.18,1890779268.25,0.994349703181486,Bull,1.0,0.0,0.0,0.0,0.7029072795358244,0.0,0.0,0.058631199410560504,0.1306184266588562,0.10219279757624493,0.7096566086960536,0.0,0.0,0.0603512448673938,0.12999214643655266,0.1
2025-09-11,1896022580.6938922,8998023.663892318,1746148.18,1885278408.85,0.9943333101866538,Bull,1.0,0.0,0.0,0.0,0.7010038658735692,0.0,0.0,0.05859582113169813,0.13218935394127787,0.1025442692401086,0.7096566086960536,0.0,0.0,0.0603512448673938,0.12999214643655266,0.1
2025-09-12,1908615789.0938923,8998023.663892318,1746148.18,1897871617.25,0.9943706994853097,Bull,1.0,0.0,0.0,0.0,0.6992525289144748,0.0,0.0,0.05879192692483793,0.13261967204000114,0.10370657160599583,0.7096566086960536,0.0,0.0,0.0603512448673938,0.12999214643655266,0.1
2025-09-15,1897054126.8438923,8998023.663892318,1746148.18,1886309955.0,0.9943363915178491,Bull,1.0,0.0,0.0,0.0,0.6978105085500987,0.0,0.0,0.05951037369071865,0.13342792723637933,0.10358758204065245,0.7096566086960536,0.0,0.0,0.0603512448673938,0.12999214643655266,0.1
2025-09-16,1904319869.8438923,8998562.663892318,1745609.18,1893575698.0,0.9943580004525326,Bull,1.0,539.0,0.0,0.0,0.6950652403309245,0.0,0.0,0.05917514267665426,0.13469900937442172,0.10541860807053212,0.7096566086960536,0.0,0.0,0.0603512448673938,0.12999214643655266,0.1
2025-09-17,1893232996.8938923,8998562.663892318,1745609.18,1882488825.05,0.9943249606036237,Bull,1.0,0.0,0.0,0.0,0.6957655646247043,0.0,0.0,0.05936723064958249,0.13453283373883376,0.10465933159050322,0.7096566086960536,0.0,0.0,0.0603512448673938,0.12999214643655266,0.1
2025-09-18,1909346640.0438924,8998562.663892318,1745609.18,1898602468.2,0.9943728542431429,Bull,1.0,0.0,0.0,0.0,0.6948953062653408,0.0,0.0,0.05882703415102139,0.13481784533063232,0.10583266849614838,0.7096566086960536,0.0,0.0,0.0603512448673938,0.12999214643655266,0.1
2025-09-19,1907902676.8938923,8998562.663892318,1745609.18,1897158505.05,0.9943685954351801,Bull,1.0,0.0,0.0,0.0,0.6951707606015183,0.0,0.0,0.05821030671271319,0.1350383345650752,0.10594919355587343,0.7096566086960536,0.0,0.0,0.0603512448673938,0.12999214643655266,0.1
2025-09-22,1915901210.5438924,8998562.663892318,1745609.18,1905157038.7,0.9943921055090089,Bull,1.0,0.0,0.0,0.0,0.6933987678429755,0.0,0.0,0.058599054785360476,0.13541825568675697,0.10697602719391598,0.7096566086960536,0.0,0.0,0.0603512448673938,0.12999214643655266,0.1
2025-09-23,1926370296.8736572,1058694.393656943,1745609.18,1923565993.3000002,0.9985442551838511,Bull,1.0,0.0,0.0,0.0,0.7018835088426812,0.0,0.0,0.05967352184912728,0.13304983492320213,0.10393738956884038,0.7096566086960536,0.0,0.0,0.0603512448673938,0.12999214643655266,0.1
2025-09-24,1930664540.373657,1058694.393656943,1745609.18,1927860236.8,0.9985474930962817,Bull,1.0,0.0,0.0,0.0,0.7021404332301251,0.0,0.0,0.0599405010968932,0.1326403394503936,0.10382621931886966,0.7096566086960536,0.0,0.0,0.0603512448673938,0.12999214643655266,0.1
2025-09-25,1919719589.7236571,1058694.393656943,1745609.18,1916915286.15,0.9985392118783032,Bull,1.0,0.0,0.0,0.0,0.7019872555157857,0.0,0.0,0.060073408958962,0.13293972795096443,0.10353881945259111,0.7096566086960536,0.0,0.0,0.0603512448673938,0.12999214643655266,0.1
2025-09-26,1904386164.823657,1058694.393656943,1745609.18,1901581861.25,0.9985274501435392,Bull,1.0,0.0,0.0,0.0,0.7049135495973877,0.0,0.0,0.06110352099243232,0.1318226600450261,0.100687719508693,0.7096566086960536,0.0,0.0,0.0603512448673938,0.12999214643655266,0.1
2025-09-30,1933990689.573657,1058694.393656943,1745609.18,1931186386.0,0.9985499911717387,Bull,1.0,0.0,0.0,0.0,0.705008557357934,0.0,0.0,0.06089574300172173,0.1310518201387376,0.1015938706733453,0.7096566086960536,0.0,0.0,0.0603512448673938,0.12999214643655266,0.1
2025-10-01,1936646466.023657,1058694.393656943,1745609.18,1933842162.45,0.9985519796086403,Bull,1.0,0.0,0.0,0.0,0.7040387527463903,0.0,0.0,0.06102874328047659,0.13155137216298096,0.10193311141879241,0.7096566086960536,0.0,0.0,0.0603512448673938,0.12999214643655266,0.1
2025-10-02,1934303988.023657,1058694.393656943,1745609.18,1931499684.45,0.9985502260290936,Bull,1.0,0.0,0.0,0.0,0.6982841336278528,0.0,0.0,0.06109613624937356,0.13420434513255272,0.10496561101931452,0.7096566086960536,0.0,0.0,0.0603512448673938,0.12999214643655266,0.1
2025-10-03,1936309793.873657,1058694.393656943,1745609.18,1933505490.3,0.9985517278368732,Bull,1.0,0.0,0.0,0.0,0.694132852373363,0.0,0.0,0.06107597057773108,0.13599024847838032,0.10735265640739886,0.7885073429956151,0.0,0.0,0.06705693874154867,0.14443571826283627,0.0
2025-10-07,1937301344.6692982,2725537.0892980844,1745609.18,1932830198.4,0.997692074967273,Bull,1.0,0.0,0.0,0.0,0.7571407011284493,0.0,0.0,0.0663110054372719,0.1461524304306581,0.028087937970893595,0.7885073429956151,0.0,0.0,0.06705693874154867,0.14443571826283627,0.0
2025-10-08,1941793794.835468,14320098.755467849,1745609.18,1925728086.9,0.9917263573618386,Bull,1.0,0.0,0.0,0.0,0.7744963141297037,0.0,0.0,0.06699212879657097,0.143254835163159,0.006983079272404896,0.7885073429956151,0.0,0.0,0.06705693874154867,0.14443571826283627,0.0
2025-10-09,1937815996.635468,14320098.755467849,1745609.18,1921750288.7,0.991709373870707,Bull,1.0,0.0,0.0,0.0,0.7730090428094379,0.0,0.0,0.06699036452655527,0.1446052672114014,0.007104699323312424,0.7885073429956151,0.0,0.0,0.06705693874154867,0.14443571826283627,0.0
2025-10-13,1932486919.6263244,1720445.5463242251,1745609.18,1929020864.9,0.9982064278463554,Bull,1.0,0.0,0.0,0.0,0.7856932429812226,0.0,0.0,0.06723455599126328,0.14346539538472505,0.0018132334891444238,0.7885073429956151,0.0,0.0,0.06705693874154867,0.14443571826283627,0.0
2025-10-14,1944603733.3263242,1720445.5463242251,1745609.18,1941137678.6,0.998217603583227,Bull,1.0,0.0,0.0,0.0,0.7875482816133234,0.0,0.0,0.06701349882584633,0.14187029227188278,0.0017855308721745303,0.7885073429956151,0.0,0.0,0.06705693874154867,0.14443571826283627,0.0
2025-10-15,1949630872.3763242,1720445.5463242251,1745609.18,1946164817.6499999,0.998222199506874,Bull,1.0,0.0,0.0,0.0,0.7856055417214165,0.0,0.0,0.0667090893167267,0.14406881014232495,0.001838758326405918,0.7885073429956151,0.0,0.0,0.06705693874154867,0.14443571826283627,0.0
2025-10-16,1961700791.9263244,1720445.5463242251,1745609.18,1958234737.2,0.9982331379277669,Bull,1.0,0.0,0.0,0.0,0.7835465242844885,0.0,0.0,0.06683037522315675,0.1459626265016841,0.0018936119184375152,0.7885073429956151,0.0,0.0,0.06705693874154867,0.14443571826283627,0.0
2025-10-17,1949588787.8763242,1720445.5463242251,1745609.18,1946122733.1499999,0.9982221611306558,Bull,1.0,0.0,0.0,0.0,0.7842899706125093,0.0,0.0,0.06742652646417406,0.14465473527225184,0.0018509287817205663,0.7885073429956151,0.0,0.0,0.06705693874154867,0.14443571826283627,0.0
2025-10-20,1948428824.1263244,1720445.5463242251,1745609.18,1944962769.4,0.9982211027247154,Bull,1.0,0.0,0.0,0.0,0.781510235603698,0.0,0.0,0.0676147870369724,0.14719013414749518,0.001905945936549763,0.7885073429956151,0.0,0.0,0.06705693874154867,0.14443571826283627,0.0
2025-10-21,1951790714.7763243,1720445.5463242251,1745609.18,1948324660.05,0.9982241668125152,Bull,1.0,0.0,0.0,0.0,0.7814991630518143,0.0,0.0,0.0676452649356571,0.1471694674154233,0.0019102714096205142,0.7885073429956151,0.0,0.0,0.06705693874154867,0.14443571826283627,0.0
2025-10-22,1958196675.1763241,1720445.5463242251,1745609.18,1954730620.4499998,0.9982299761968434,Bull,1.0,0.0,0.0,0.0,0.7827550418611456,0.0,0.0,0.06805491077039046,0.14552751703264943,0.0018925065326578113,0.7885073429956151,0.0,0.0,0.06705693874154867,0.14443571826283627,0.0
2025-10-23,1954097618.9763243,1720445.5463242251,1745609.18,1950631564.25,0.9982262632671647,Bull,1.0,0.0,0.0,0.0,0.7828519923438556,0.0,0.0,0.06848439847652331,0.14501872744128932,0.001871145005496422,0.7885073429956151,0.0,0.0,0.06705693874154867,0.14443571826283627,0.0
2025-10-27,1951498401.9263244,1720445.5463242251,1745609.18,1948032347.2,0.9982239008123691,Bull,1.0,0.0,0.0,0.0,0.7804932331466513,0.0,0.0,0.06718160766649177,0.1485888995418954,0.0019601604573306823,0.7885073429956151,0.0,0.0,0.06705693874154867,0.14443571826283627,0.0
2025-10-28,1935194158.9763243,1720445.5463242251,1745609.18,1931728104.25,0.998208936963639,Bull,1.0,0.0,0.0,0.0,0.779627096977228,0.0,0.0,0.06784797245846087,0.1487839081491991,0.0019499593787509807,0.7885073429956151,0.0,0.0,0.06705693874154867,0.14443571826283627,0.0
2025-10-29,1939777210.5263243,1720445.5463242251,1745609.18,1936311155.8,0.9982131686528146,Bull,1.0,0.0,0.0,0.0,0.7776844926385571,0.0,0.0,0.06763714888907316,0.15089258622673557,0.0019989408984488013,0.7885073429956151,0.0,0.0,0.06705693874154867,0.14443571826283627,0.0
2025-10-30,1939391454.9763243,1720445.5463242251,1745609.18,1935925400.25,0.998212813242303,Bull,1.0,0.0,0.0,0.0,0.777980560024907,0.0,0.0,0.06731116591497699,0.15092259958605067,0.0019984877163683884,0.7885073429956151,0.0,0.0,0.06705693874154867,0.14443571826283627,0.0
2025-10-31,1931864326.1263244,1720445.5463242251,1745609.18,1928398271.4,0.9982058498211029,Bull,1.0,0.0,0.0,0.0,0.7761680782245322,0.0,0.0,0.06768177155700018,0.15233406715992978,0.002021932879640835,0.7885073429956151,0.0,0.0,0.06705693874154867,0.14443571826283627,0.0
2025-11-03,1933042827.9763243,1720445.5463242251,1745609.18,1929576773.25,0.9982069436454479,Bull,1.0,0.0,0.0,0.0,0.7768056928267869,0.0,0.0,0.06857825293957928,0.1508304657198061,0.001992532159275663,0.7885073429956151,0.0,0.0,0.06705693874154867,0.14443571826283627,0.0
2025-11-04,1935803996.5763245,1720445.5463242251,1745609.18,1932337941.8500001,0.9982095012033995,Bull,1.0,0.0,0.0,0.0,0.7777063661985482,0.0,0.0,0.0683907049650417,0.15014575365793764,0.0019666763818719573,0.7885073429956151,0.0,0.0,0.06705693874154867,0.14443571826283627,0.0
2025-11-05,1937285071.7263243,1720445.5463242251,1745609.18,1933819017.0,0.9982108700588728,Bull,1.0,0.0,0.0,0.0,0.7798186178422261,0.0,0.0,0.06831725590187006,0.14815411226198008,0.001920884052796593,0.7885073429956151,0.0,0.0,0.06705693874154867,0.14443571826283627,0.0
2025-11-06,1934159936.5763245,1720445.5463242251,1745609.18,1930693881.8500001,0.9982079792571551,Bull,1.0,0.0,0.0,0.0,0.7793117845870134,0.0,0.0,0.06818955222154942,0.14874597211917126,0.0019606703294209986,0.7885073429956151,0.0,0.0,0.06705693874154867,0.14443571826283627,0.0
2025-11-07,1930157899.1263242,1720445.5463242251,1745609.18,1926691844.3999999,0.9982042636367247,Bull,1.0,0.0,0.0,0.0,0.779494877119134,0.0,0.0,0.06950959818402881,0.1472883384974267,0.0019114498361351613,0.7885073429956151,0.0,0.0,0.06705693874154867,0.14443571826283627,0.0
2025-11-10,1932164992.9763243,1720445.5463242251,1745609.18,1928698938.25,0.998206129011278,Bull,1.0,0.0,0.0,0.0,0.77855627946802,0.0,0.0,0.06867995253116878,0.14901716522483754,0.0019527317872517899,0.7885073429956151,0.0,0.0,0.06705693874154867,0.14443571826283627,0.0
2025-11-11,1932121442.9763243,1720445.5463242251,1745609.18,1928655388.25,0.9982060885774421,Bull,1.0,0.0,0.0,0.0,0.7799686938563035,0.0,0.0,0.06835139710295025,0.1479619725971351,0.0019240250210532718,0.7885073429956151,0.0,0.0,0.06705693874154867,0.14443571826283627,0.0
2025-11-12,1926634428.5263243,1720445.5463242251,1745609.18,1923168373.8,0.9982009795553298,Bull,1.0,0.0,0.0,0.0,0.7781502560123672,0.0,0.0,0.06899731367391772,0.14909107599603724,0.0019623338730076797,0.7885073429956151,0.0,0.0,0.06705693874154867,0.14443571826283627,0.0
2025-11-13,1919034430.8763244,1720445.5463242251,1745609.18,1915568376.15,0.9981938548519207,Bull,1.0,0.0,0.0,0.0,0.7796422784695846,0.0,0.0,0.06762135056677528,0.14897101135879728,0.0019592144567635987,0.7885073429956151,0.0,0.0,0.06705693874154867,0.14443571826283627,0.0
2025-11-14,1905563092.3763244,1720445.5463242251,1745609.18,1902097037.65,0.9981810863465025,Bull,1.0,0.0,0.0,0.0,0.7810773327866605,0.0,0.0,0.06804891452756555,0.14716201269950885,0.001892826332767618,0.7885073429956151,0.0,0.0,0.06705693874154867,0.14443571826283627,0.0
2025-11-17,1906608024.9763243,1720445.5463242251,1745609.18,1903141970.25,0.9981820832174629,Bull,1.0,0.0,0.0,0.0,0.7807197655472389,0.0,0.0,0.06800086766739061,0.14755812223306547,0.0019033277697680215,0.7885073429956151,0.0,0.0,0.06705693874154867,0.14443571826283627,0.0
2025-11-18,1885046289.1763244,1720445.5463242251,1745609.18,1881580234.45,0.9981612893294844,Bull,1.0,0.0,0.0,0.0,0.7817262063595737,0.0,0.0,0.0688476462064537,0.14574986915575988,0.0018375676076970817,0.7913805072467113,0.0,0.0,0.07604484866304315,0.13257464409024555,0.0
2025-11-19,1877187755.3763244,1720445.5463242251,1745609.18,1873721700.65,0.99815359187359,Bull,1.0,0.0,0.0,0.0,0.7819493795684457,0.0,0.0,0.06899112762113503,0.14539155671473342,0.0018215279692757823,0.7913805072467113,0.0,0.0,0.07604484866304315,0.13257464409024555,0.0
2025-11-20,1909167622.1763244,1720445.5463242251,1745609.18,1905701567.45,0.9981845204758013,Bull,1.0,0.0,0.0,0.0,0.7804099546542566,0.0,0.0,0.06851436117007396,0.14736029290047156,0.0018999117509992003,0.7913805072467113,0.0,0.0,0.07604484866304315,0.13257464409024555,0.0
2025-11-21,1901389168.2263243,1720445.5463242251,1745609.18,1897923113.5,0.9981770934723703,Bull,1.0,0.0,0.0,0.0,0.7853441780637395,0.0,0.0,0.06799307693574255,0.14306290082305834,0.0017769376498298402,0.7913805072467113,0.0,0.0,0.07604484866304315,0.13257464409024555,0.0
2025-11-24,1920963574.0763245,1720445.5463242251,1745609.18,1917497519.3500001,0.9981956686877881,Bull,0.5,0.0,0.0,0.0,0.7874424532372205,0.0,0.0,0.06809363892435932,0.14089530569581027,0.0017642708303980278,0.39569025362335564,0.0,0.0,0.03802242433152157,0.06628732204512278,0.0
2025-11-25,1899084259.1990833,368711012.86908334,1745609.18,1528627637.1499999,0.804928812265908,Bull,0.5,0.0,0.0,0.0,0.6350714199793531,0.0,0.0,0.05496096315601034,0.11373515890816366,0.001161270222380802,0.39569025362335564,0.0,0.0,0.03802242433152157,0.06628732204512278,0.0
2025-11-26,1904109710.365619,749512442.3356189,1745609.18,1152851658.85,0.6054544297390482,Bull,1.0,0.0,0.0,0.0,0.4773155422202455,0.0,0.0,0.043854615910742835,0.08377143351124006,0.0005128380968197976,0.7122424565220402,0.0,0.0,0.06844036379673883,0.119317179681221,0.1
2025-11-27,1900347468.407043,367987062.32704276,1745609.18,1530614796.9,0.8054394379692207,Bull,1.0,0.0,0.0,0.0,0.5942713191533593,0.0,0.0,0.05624718730496132,0.1028980769311163,0.05202285457978386,0.7122424565220402,0.0,0.0,0.06844036379673883,0.119317179681221,0.1
2025-11-28,1899564324.8276842,90799913.79768418,1745609.18,1807018801.85,0.9512806585341197,Bull,1.0,0.0,0.0,0.0,0.6809914962828887,0.0,0.0,0.06488503621017452,0.11609606851297609,0.0893080575280804,0.7122424565220402,0.0,0.0,0.06844036379673883,0.119317179681221,0.1
2025-12-01,1887531043.1355758,22168164.355575815,1745609.18,1863617269.6,0.9873306594757508,Bull,1.0,0.0,0.0,0.0,0.7065883363615777,0.0,0.0,0.0678795723471432,0.11762190656805707,0.09524084419897282,0.7122424565220402,0.0,0.0,0.06844036379673883,0.119317179681221,0.1
2025-12-02,1903001788.8855758,22168164.355575815,1745609.18,1879088015.35,0.9874336568282576,Bull,1.0,0.0,0.0,0.0,0.7080145027814337,0.0,0.0,0.06707087757113744,0.11704508177600709,0.09530319469967928,0.7122424565220402,0.0,0.0,0.06844036379673883,0.119317179681221,0.1
2025-12-03,1902897207.985576,22168164.355575815,1745609.18,1878983434.45,0.9874329661974274,Bull,1.0,0.0,0.0,0.0,0.7060176602351627,0.0,0.0,0.06646013219698761,0.11818977875220298,0.09676539501307406,0.7122424565220402,0.0,0.0,0.06844036379673883,0.119317179681221,0.1
2025-12-04,1914209656.7855759,22168164.355575815,1745609.18,1890295883.25,0.9875072338858989,Bull,1.0,0.0,0.0,0.0,0.7080465707847081,0.0,0.0,0.06582100322886085,0.1173027203180349,0.0963369395542951,0.7122424565220402,0.0,0.0,0.06844036379673883,0.119317179681221,0.1
2025-12-05,1925183114.2355757,22168164.355575815,1745609.18,1901269340.6999998,0.9875784420927298,Bull,1.0,0.0,0.0,0.0,0.7074361813321749,0.0,0.0,0.06533446043128383,0.11766543053747192,0.09714236979179926,0.7122424565220402,0.0,0.0,0.06844036379673883,0.119317179681221,0.1
2025-12-08,1931745144.635576,22168164.355575815,1745609.18,1907831371.1000001,0.9876206374314003,Bull,1.0,0.0,0.0,0.0,0.7051388092692578,0.0,0.0,0.06456793762177676,0.11904106534890835,0.09887282519145746,0.7122424565220402,0.0,0.0,0.06844036379673883,0.119317179681221,0.1
2025-12-09,1931366046.8855758,22168164.355575815,1745609.18,1907452273.35,0.9876182075510036,Bull,1.0,0.0,0.0,0.0,0.7054748505842007,0.0,0.0,0.0647715642520102,0.11887751696279171,0.09849427575200101,0.7122424565220402,0.0,0.0,0.06844036379673883,0.119317179681221,0.1
2025-12-10,1935410942.2855759,22168164.355575815,1745609.18,1911497168.75,0.9876440847713016,Bull,1.0,0.0,0.0,0.0,0.7039077794719737,0.0,0.0,0.06474552626638516,0.11946842654870281,0.09952235248423992,0.7122424565220402,0.0,0.0,0.06844036379673883,0.119317179681221,0.1
2025-12-11,1940140621.2855759,22168164.355575815,1745609.18,1916226847.75,0.9876742060481523,Bull,1.0,0.0,0.0,0.0,0.7074565279915179,0.0,0.0,0.06528454618720975,0.11787470325138759,0.09705842861803698,0.7122424565220402,0.0,0.0,0.06844036379673883,0.119317179681221,0.1
2025-12-12,1950199834.735576,22168164.355575815,1745609.18,1926286061.2,0.9877377830160577,Bull,1.0,0.0,0.0,0.0,0.7075748272674323,0.0,0.0,0.06478802723164599,0.11745180976853949,0.09792311874844006,0.7122424565220402,0.0,0.0,0.06844036379673883,0.119317179681221,0.1
2025-12-15,1952532767.3355758,22168164.355575815,1745609.18,1928618993.8,0.987752434204621,Bull,1.0,0.0,0.0,0.0,0.711162479334387,0.0,0.0,0.06500787189001112,0.11610970314693643,0.09547237983328645,0.7122424565220402,0.0,0.0,0.06844036379673883,0.119317179681221,0.1
2025-12-16,1953611426.935576,22168164.355575815,1745609.18,1929697653.4,0.987759196529124,Bull,1.0,0.0,0.0,0.0,0.7139073738874036,0.0,0.0,0.06537001076018553,0.11502927189185132,0.09345253998968372,0.7122424565220402,0.0,0.0,0.06844036379673883,0.119317179681221,0.1
2025-12-17,1964296506.3355758,22168164.355575815,1745609.18,1940382732.8,0.9878257821777694,Bull,1.0,0.0,0.0,0.0,0.717025219083388,0.0,0.0,0.0645851578877302,0.11376032044004704,0.09245508476660412,0.7122424565220402,0.0,0.0,0.06844036379673883,0.119317179681221,0.1
2025-12-18,1965124628.435576,22168164.355575815,1745609.18,1941210854.9,0.9878309125082751,Bull,1.0,0.0,0.0,0.0,0.7176840259860578,0.0,0.0,0.0645491884659663,0.11371238076533313,0.09188531729091788,0.7122424565220402,0.0,0.0,0.06844036379673883,0.119317179681221,0.1
2025-12-19,1987507478.5355759,22168164.355575815,1745609.18,1963593705.0,0.9879679579604924,Bull,1.0,0.0,0.0,0.0,0.7172748381557762,0.0,0.0,0.06424931799204511,0.11352158542127537,0.09292221639139568,0.7122424565220402,0.0,0.0,0.06844036379673883,0.119317179681221,0.1
2025-12-22,2003093974.2855759,22168164.355575815,1745609.18,1979180200.75,0.9880615818116547,Bull,1.0,0.0,0.0,0.0,0.7150943585963713,0.0,0.0,0.06371223798699588,0.1142602408764323,0.09499474435185526,0.7122424565220402,0.0,0.0,0.06844036379673883,0.119317179681221,0.1
2025-12-23,1994363085.985576,22168164.355575815,1745609.18,1970449312.45,0.9880093180105376,Bull,1.0,0.0,0.0,0.0,0.7129413006294901,0.0,0.0,0.06394101500178001,0.11530347789522973,0.09582352448403779,0.7122424565220402,0.0,0.0,0.06844036379673883,0.119317179681221,0.1
2025-12-24,1983204860.585576,22168164.355575815,1745609.18,1959291087.0500002,0.9879418541115743,Bull,1.0,0.0,0.0,0.0,0.7109240780267653,0.0,0.0,0.06420839446833601,0.11622525972023953,0.09658412189623349,0.7122424565220402,0.0,0.0,0.06844036379673883,0.119317179681221,0.1
2025-12-26,1997019033.5355759,22168164.355575815,1745609.18,1973105260.0,0.9880252650906195,Bull,1.0,0.0,0.0,0.0,0.7092592940851244,0.0,0.0,0.06482622239749111,0.11641551537363375,0.09752423323437016,0.7913805072467113,0.0,0.0,0.07604484866304315,0.13257464409024555,0.0
2025-12-29,2001451426.2724636,4333853.9424634725,1745609.18,1995371963.15,0.9969624728121501,Bull,1.0,0.0,0.0,0.0,0.7689139955877695,0.0,0.0,0.0732308554062542,0.12991634300327135,0.02490127881485509,0.7913805072467113,0.0,0.0,0.07604484866304315,0.13257464409024555,0.0
2025-12-30,1995439407.816888,5349131.886888104,1745609.18,1988344666.75,0.9964445219237952,Bull,1.0,0.0,0.0,0.0,0.7826609570964805,0.0,0.0,0.07536335075417129,0.13209967637573541,0.006320537697407931,0.7935353804350335,0.0,0.0,0.0658200664898626,0.14064455307510396,0.0
2025-12-31,1979561929.566888,5349131.886888104,1745609.18,1972467188.5,0.9964160044902256,Bull,1.0,0.0,0.0,0.0,0.780748541086639,0.0,0.0,0.07517218722859455,0.13407895758940522,0.006416318585586753,0.7935353804350335,0.0,0.0,0.0658200664898626,0.14064455307510396,0.0
2026-01-02,1995395914.566888,5349131.886888104,1745609.18,1988301173.5,0.9964444444257429,Bull,1.0,0.0,0.0,0.0,0.7791249406448987,0.0,0.0,0.07498511894692185,0.13575235772635927,0.00658202710756314,0.7935353804350335,0.0,0.0,0.0658200664898626,0.14064455307510396,0.0
2026-01-05,2017306795.116888,5349131.886888104,1745609.18,2010212054.05,0.9964830629212861,Bull,1.0,0.0,0.0,0.0,0.775914728408628,0.0,0.0,0.07430203495215758,0.13939228315726102,0.006874016403239503,0.7935353804350335,0.0,0.0,0.0658200664898626,0.14064455307510396,0.0
2026-01-06,2024607349.4155254,3461856.685525234,1745609.18,2019399883.5500002,0.9974279131867082,Bull,1.0,0.0,0.0,0.0,0.786247952725027,0.0,0.0,0.06775565644350814,0.1416270666422195,0.0017972373759536334,0.7935353804350335,0.0,0.0,0.0658200664898626,0.14064455307510396,0.0
2026-01-07,2009252707.6655252,3461856.685525234,1745609.18,2004045241.8,0.997408257385615,Bull,1.0,0.0,0.0,0.0,0.7856463180453153,0.0,0.0,0.06836815472534748,0.14159445893222097,0.0017993256827313077,0.7935353804350335,0.0,0.0,0.0658200664898626,0.14064455307510396,0.0
2026-01-08,2008104848.9155252,3461856.685525234,1745609.18,2002897383.05,0.9974067759119563,Bull,1.0,0.0,0.0,0.0,0.7850762792099204,0.0,0.0,0.06835215804300566,0.1421824662961166,0.0017958723629135094,0.7935353804350335,0.0,0.0,0.0658200664898626,0.14064455307510396,0.0
2026-01-09,2014923215.7655253,3461856.685525234,1745609.18,2009715749.9,0.9974155512106962,Bull,1.0,0.0,0.0,0.0,0.7860093811556437,0.0,0.0,0.06842508881789763,0.14119597599251985,0.00178510524463507,0.7935353804350335,0.0,0.0,0.0658200664898626,0.14064455307510396,0.0
2026-01-12,2007897389.0155253,3461856.685525234,1745609.18,2002689923.15,0.9974065079749526,Bull,1.0,0.0,0.0,0.0,0.7845173920577374,0.0,0.0,0.06836479829644253,0.1427042793957159,0.0018200382250568002,0.7935353804350335,0.0,0.0,0.0658200664898626,0.14064455307510396,0.0
2026-01-13,2009331078.8655252,3461856.685525234,1745609.18,2004123613.0,0.9974083584729773,Bull,1.0,0.0,0.0,0.0,0.7840993102488321,0.0,0.0,0.06816069359626219,0.14331192257404576,0.001836432053837233,0.7935353804350335,0.0,0.0,0.0658200664898626,0.14064455307510396,0.0
2026-01-14,2013856561.4155252,3461856.685525234,1745609.18,2008649095.55,0.9974141823378597,Bull,1.0,0.0,0.0,0.0,0.7842057750329233,0.0,0.0,0.06826722549860553,0.1430910003825948,0.0018501814237360686,0.7935353804350335,0.0,0.0,0.0658200664898626,0.14064455307510396,0.0
2026-01-15,2031888848.2155254,3461856.685525234,1745609.18,2026681382.3500001,0.9974371305447645,Bull,1.0,0.0,0.0,0.0,0.7853814364656282,0.0,0.0,0.06859971701818948,0.14162066505395632,0.0018353120069904748,0.7935353804350335,0.0,0.0,0.0658200664898626,0.14064455307510396,0.0
2026-01-16,2039787216.4155252,3461856.685525234,1745609.18,2034579750.55,0.9974470543674275,Bull,1.0,0.0,0.0,0.0,0.7834544150925078,0.0,0.0,0.06833913796408624,0.14376793698870832,0.0018855643221251076,0.7935353804350335,0.0,0.0,0.0658200664898626,0.14064455307510396,0.0
2026-01-19,2041479808.6155252,3461856.685525234,1745609.18,2036272342.75,0.9974491710162655,Bull,1.0,0.0,0.0,0.0,0.7824617397677318,0.0,0.0,0.06822874241134963,0.1448458117254343,0.0019128771117497998,0.7935353804350335,0.0,0.0,0.0658200664898626,0.14064455307510396,0.0
2026-01-20,2026106050.6655252,3461856.685525234,1745609.18,2020898584.8,0.9974298157473965,Bull,1.0,0.0,0.0,0.0,0.7812075701960846,0.0,0.0,0.06834953182954646,0.14594487781272358,0.001927835909041867,0.7935353804350335,0.0,0.0,0.0658200664898626,0.14064455307510396,0.0
2026-01-21,2017522233.9155252,3461856.685525234,1745609.18,2012314768.05,0.9974188805565632,Bull,1.0,0.0,0.0,0.0,0.7820848719905936,0.0,0.0,0.06839176177613188,0.14505171000373382,0.0018905367861039902,0.7935353804350335,0.0,0.0,0.0658200664898626,0.14064455307510396,0.0
2026-01-22,2018572989.265525,3461856.685525234,5818609.18,2009292523.3999999,0.9954024620784696,Bull,1.0,0.0,0.0,0.0,0.7804823911634945,0.0,0.0,0.06810771804195369,0.14487531615411503,0.0019370367189064117,0.7935353804350335,0.0,0.0,0.0658200664898626,0.14064455307510396,0.0
2026-01-23,2018747740.6155252,3461856.685525234,5818609.18,2009467274.75,0.9954028600608139,Bull,1.0,0.0,0.0,0.0,0.7794245378425759,0.0,0.0,0.06824067080218559,0.1457706894623072,0.001966961953745288,0.7935353804350335,0.0,0.0,0.0658200664898626,0.14064455307510396,0.0
2026-01-26,2018594018.3155253,3461856.685525234,5818609.18,2009313552.45,0.9954025099741108,Bull,1.0,0.0,0.0,0.0,0.7787606810416503,0.0,0.0,0.06889181219116389,0.14578179035998814,0.0019682263813084254,0.7935353804350335,0.0,0.0,0.0658200664898626,0.14064455307510396,0.0
2026-01-27,2016674727.8155253,3461856.685525234,5818609.18,2007394261.95,0.9953981344946103,Bull,1.0,0.0,0.0,0.0,0.7777377235489773,0.0,0.0,0.06811098394077002,0.14753626149829785,0.0020131655065652107,0.7935353804350335,0.0,0.0,0.0658200664898626,0.14064455307510396,0.0
2026-01-28,2025293248.4801922,3939584.8501921073,5818609.18,2015535054.45,0.9951818364883629,Bull,1.0,0.0,0.0,0.0,0.7843436033977063,0.0,0.0,0.06613225028054989,0.1440187489978949,0.0006872338122118677,0.7935353804350335,0.0,0.0,0.0658200664898626,0.14064455307510396,0.0
2026-01-29,2030080477.0301921,3939584.8501921073,5818609.18,2020322283.0,0.9951931984270558,Bull,1.0,0.0,0.0,0.0,0.7858812993137674,0.0,0.0,0.06582620812919258,0.14280776219478333,0.0006779287893124899,0.7935353804350335,0.0,0.0,0.0658200664898626,0.14064455307510396,0.0
2026-01-30,2003060919.5801923,3939584.8501921073,5818609.18,1993302725.5500002,0.9951283588358175,Bull,1.0,0.0,0.0,0.0,0.785369511317561,0.0,0.0,0.06661519811787131,0.14247724430658507,0.0006664050938000238,0.7935353804350335,0.0,0.0,0.0658200664898626,0.14064455307510396,0.0
2026-02-02,1989794706.7301922,3939584.8501921073,5818609.18,1980036512.7,0.9950958789883265,Bull,1.0,0.0,0.0,0.0,0.785537928819078,0.0,0.0,0.06765984427671672,0.141254019346485,0.0006440865460467725,0.7935353804350335,0.0,0.0,0.0658200664898626,0.14064455307510396,0.0
2026-02-03,2009461323.380192,3939584.8501921073,5818609.18,1999703129.35,0.995143875666252,Bull,1.0,0.0,0.0,0.0,0.7844853299780306,0.0,0.0,0.06728703778809582,0.1427081211583705,0.0006633867417550617,0.7935353804350335,0.0,0.0,0.0658200664898626,0.14064455307510396,0.0
2026-02-04,2009857588.7801921,3939584.8501921073,5818609.18,2000099394.75,0.9951448331042626,Bull,1.0,0.0,0.0,0.0,0.7850595253903645,0.0,0.0,0.06683284465021386,0.1425821916934537,0.0006702713702305656,0.7935353804350335,0.0,0.0,0.0658200664898626,0.14064455307510396,0.0
2026-02-05,2024928845.1801922,3939584.8501921073,5818609.18,2015170651.15,0.9951809694185457,Bull,1.0,0.0,0.0,0.0,0.78788045068716,0.0,0.0,0.06688388104222401,0.139773800286209,0.0006428374029528754,0.7935353804350335,0.0,0.0,0.0658200664898626,0.14064455307510396,0.0
2026-02-06,2026178618.5301921,3939584.8501921073,5818609.18,2016420424.5,0.9951839418593457,Bull,1.0,0.0,0.0,0.0,0.787580058295942,0.0,0.0,0.0674756404739757,0.13949357545043525,0.0006346676389926765,0.7935353804350335,0.0,0.0,0.0658200664898626,0.14064455307510396,0.0
2026-02-09,2033400763.380192,3939584.8501921073,5818609.18,2023642569.35,0.995201047326268,Bull,1.0,0.0,0.0,0.0,0.7843247863735585,0.0,0.0,0.06724522900871652,0.14296121809099926,0.0006698138529936915,0.7935353804350335,0.0,0.0,0.0658200664898626,0.14064455307510396,0.0
2026-02-10,2049354355.880192,3939584.8501921073,5818609.18,2039596161.85,0.9952384056948507,Bull,1.0,0.0,0.0,0.0,0.7831559765371432,0.0,0.0,0.06657389416746436,0.1448214649401271,0.0006870700501159774,0.7935353804350335,0.0,0.0,0.0658200664898626,0.14064455307510396,0.0
2026-02-11,2066824463.9801922,8012584.850192107,1745609.18,2057066269.95,0.9952786537026951,Bull,1.0,4073000.0,0.0,0.0,0.7816345307036595,0.0,0.0,0.06610788791268607,0.14683065992725175,0.0007055751590977761,0.7935353804350335,0.0,0.0,0.0658200664898626,0.14064455307510396,0.0
2026-02-23,2112942741.8801923,8012584.850192107,1745609.18,2103184547.8500001,0.9953817044651627,Bull,1.0,0.0,0.0,0.0,0.7844040044242608,0.0,0.0,0.0662887342963986,0.14399793897361185,0.000691026770891452,0.7935353804350335,0.0,0.0,0.0658200664898626,0.14064455307510396,0.0
2026-02-24,2126885505.8801923,8012584.850192107,1745609.18,2117127311.8500001,0.9954119796278579,Bull,1.0,0.0,0.0,0.0,0.7816186660043204,0.0,0.0,0.06631743909582379,0.1467504476085239,0.0007254269191897495,0.7935353804350335,0.0,0.0,0.0658200664898626,0.14064455307510396,0.0
2026-02-25,2125811607.580192,8012584.850192107,1745609.18,2116053413.55,0.9954096618931817,Bull,1.0,0.0,0.0,0.0,0.7788525604273436,0.0,0.0,0.06583546702866544,0.14996818102940654,0.0007534534077660872,0.7935353804350335,0.0,0.0,0.0658200664898626,0.14064455307510396,0.0
2026-02-26,2133052386.830192,8012584.850192107,1745609.18,2123294192.8,0.9954252440819359,Bull,1.0,0.0,0.0,0.0,0.780835249562294,0.0,0.0,0.06428229369638808,0.14955124964091893,0.0007564511823349098,0.7935353804350335,0.0,0.0,0.0658200664898626,0.14064455307510396,0.0
2026-03-02,2108589716.7801921,8012584.850192107,1745609.18,2098831522.75,0.9953721703408983,Bull,1.0,0.0,0.0,0.0,0.7786212792771326,0.0,0.0,0.06620733227001357,0.1497948356128335,0.0007487231809186402,0.7935353804350335,0.0,0.0,0.0658200664898626,0.14064455307510396,0.0
2026-03-03,2104563782.7301922,8012584.850192107,1745609.18,2094805588.7,0.9953633175148852,Bull,1.0,0.0,0.0,0.0,0.7811289456703316,0.0,0.0,0.06642816014758096,0.14709283346043725,0.0007133782365352407,0.7935353804350335,0.0,0.0,0.0658200664898626,0.14064455307510396,0.0
2026-03-04,2032714576.680192,8012584.850192107,1745609.18,2022956382.6499999,0.9951994273361638,Sideways,1.0,0.0,0.0,0.0,0.780596105746154,0.0,0.0,0.06773218511811818,0.1462003585792931,0.0006707778925986027,0.7951515353262751,0.0,0.0,0.07435359228375975,0.1304948723899652,0.0
2026-03-05,2055317934.8799334,1303180.149933232,1745609.18,2052269145.55,0.9985166337148167,Sideways,1.0,0.0,0.0,0.0,0.7906012096590422,0.0,0.0,0.07154732487097692,0.13613514252545328,0.00023295665934427334,0.7951515353262751,0.0,0.0,0.07435359228375975,0.1304948723899652,0.0
2026-03-06,2061036566.7299335,1303180.149933232,1745609.18,2057987777.4,0.9985207495203393,Sideways,1.0,0.0,0.0,0.0,0.7913881799719313,0.0,0.0,0.07210789095110408,0.13479273220308807,0.00023194639421583876,0.7951515353262751,0.0,0.0,0.07435359228375975,0.1304948723899652,0.0
2026-03-09,2027534090.8299334,1303180.149933232,1745609.18,2024485301.5,0.9984963067483194,Sideways,0.5,0.0,0.0,0.0,0.7946276261330393,0.0,0.0,0.07243108792310714,0.13122541376904376,0.00021217892312918183,0.39818182574735317,0.0,0.0,0.047756877725545016,0.054061296527101836,0.0
2026-03-10,2032105244.0604122,394554977.2804123,1745609.18,1635804657.6,0.8049802845503455,Sideways,0.5,0.0,0.0,0.0,0.6405330685526758,0.0,0.0,0.06197838442084929,0.10224746016836862,0.00022137140845182842,0.39818182574735317,0.0,0.0,0.047756877725545016,0.054061296527101836,0.0
2026-03-11,2041913551.6265185,799187503.0965185,1745609.18,1240980439.35,0.6077536624219362,Crisis,1.0000000000000002,0.0,0.0,0.0,0.4815793198329588,0.0,0.0,0.05278847378927407,0.07314805265924375,0.0002378161404596133,0.6725454647589268,0.0,0.0,0.1343118559813536,0.0931426792597197,0.1
2026-03-12,2027457108.240065,395063984.41006494,1745609.18,1630647514.65,0.8042821266218965,Crisis,0.9999999999999999,0.0,0.0,0.0,0.5771433141023312,0.0,0.0,0.0953177254475943,0.08221214610290228,0.04960894096906864,0.639409098569195,0.0,0.0,0.17192361832491102,0.08866728310589388,0.1
2026-03-13,2025746142.9839203,100240012.80392025,1745609.18,1923760521.0,0.9496552801854552,Crisis,1.0,0.0,0.0,0.0,0.624087068055711,0.0,0.0,0.1527124714374715,0.0863823932757151,0.08647334741655754,0.6145568239268964,0.0,0.0,0.20098822832294377,0.08445494775015992,0.1
2026-03-16,2026817138.5061426,23088360.526142504,1745609.18,2001983168.8,0.9877473062397497,Crisis,1.0,0.0,0.0,0.0,0.6157099449631568,0.0,0.0,0.1912192731336653,0.0845214877777593,0.09629660036516831,0.5959176179451723,0.0,0.0,0.22486828940897138,0.07921409264585641,0.1
2026-03-17,2044599290.9601393,4530792.580139264,1745609.18,2038322889.2,0.9969302533812423,Crisis,0.9999999999999999,0.0,0.0,0.0,0.5992607424922984,0.0,0.0,0.2151036156299705,0.08097625815093162,0.10158963710804174,0.5819382134588791,0.0,0.0,0.24126587736833768,0.07679590917278316,0.1
2026-03-18,2053990584.2437408,13232752.013740893,1745609.18,2039012223.05,0.9927076777719234,Crisis,1.0,0.0,0.0,0.0,0.5821249777005367,0.0,0.0,0.22854681204531452,0.07867153882766997,0.10336434919840211,0.5714536600941593,0.0,0.0,0.25286613149233156,0.07568020841350906,0.1
2026-03-19,2023027846.1943944,691398.364394391,1745609.18,2020590838.6499999,0.9987953662877261,Crisis,1.0000000000000002,0.0,0.0,0.0,0.5772339421064938,0.0,0.0,0.24812189359837733,0.075811116633173,0.09762841394968202,0.5635902450706196,0.0,0.0,0.26365308584539204,0.07275666908398849,0.1
2026-03-20,2025797431.4552133,6874642.975213265,1745609.18,2017177179.3,0.9957447610400902,Crisis,1.0,0.0,0.0,0.0,0.5681632879123562,0.0,0.0,0.2557548410098546,0.0733598521216634,0.09846677999621603,0.5576926838029647,0.0,0.0,0.27412844102716366,0.06817887516987169,0.1
2026-03-23,1985374423.7199185,2013226.5899182633,1745609.18,1981615587.95,0.998106737084446,Crisis,1.0,0.0,0.0,0.0,0.559938077507353,0.0,0.0,0.273114176107919,0.06937419378151032,0.09568028968766361,0.5541243235263191,0.0,0.0,0.28434633077037275,0.06152934570330823,0.1
2026-03-24,2005754467.2199185,2013226.5899182633,1745609.18,2001995631.45,0.9981259741252735,Crisis,0.55,0.0,0.0,0.0,0.563129236359396,0.0,0.0,0.27140575224769664,0.0688080232428907,0.09478296227529004,0.27706216176315956,0.0,0.0,0.14217316538518637,0.030764672851654115,0.1
2026-03-25,2024440182.299029,377030644.76902914,1745609.18,1645663928.35,0.8128982731814398,Crisis,0.55,0.0,0.0,0.0,0.43959139229264194,0.0,0.0,0.22421260157192133,0.05299716975492848,0.09609710956194811,0.27706216176315956,0.0,0.0,0.14217316538518637,0.030764672851654115,0.1
2026-03-26,2018938104.4892366,758803960.2592365,1745609.18,1258388535.05,0.623292280358617,Crisis,0.55,0.0,0.0,0.0,0.3250273168805301,0.0,0.0,0.16255926780035157,0.03649324357005953,0.09921245210767572,0.27706216176315956,0.0,0.0,0.14217316538518637,0.030764672851654115,0.1
2026-03-27,2014263143.918051,868910687.3880512,1745609.18,1143606847.35,0.5677544420167014,Crisis,0.55,0.0,0.0,0.0,0.28796021468265426,0.0,0.0,0.14796433172096282,0.03194716648333711,0.09988272912974736,0.27706216176315956,0.0,0.0,0.14217316538518637,0.030764672851654115,0.1
2026-03-30,2004499344.318051,868910687.3880512,1745609.18,1133843047.75,0.5656489990700115,Crisis,0.55,0.0,0.0,0.0,0.28639607659503,0.0,0.0,0.1472517318784248,0.031631938508601194,0.10036925208795551,0.27706216176315956,0.0,0.0,0.14217316538518637,0.030764672851654115,0.1
2026-03-31,1813812190.7180512,868910687.3880512,1745609.18,943155894.15,0.5199854201975695,Crisis,0.55,0.0,0.0,0.0,0.3177322641777217,0.0,0.0,0.16320813230547768,0.034224215890524615,0.00482080782384554,0.277740030807996,0.0,0.0,0.1460048740388898,0.026255095153114295,0.1
2026-04-01,1828344415.1530194,818890714.5230193,1745609.18,1007708091.45,0.551158787752614,Crisis,0.55,0.0,0.0,0.0,0.28849353386509236,0.0,0.0,0.15098495541218712,0.02925819093856172,0.08242210753677272,0.277740030807996,0.0,0.0,0.1460048740388898,0.026255095153114295,0.1
2026-04-02,1815931733.9031808,819644394.7731808,1745609.18,994541729.9499999,0.5476757255694422,Crisis,0.55,0.0,0.0,0.0,0.2817468137143521,0.0,0.0,0.14758897319555817,0.026673497189174902,0.09166644147035709,0.277740030807996,0.0,0.0,0.1460048740388898,0.026255095153114295,0.1
2026-04-07,1826383463.853181,819644394.7731808,1745609.18,1004993459.9,0.5502642132883379,Crisis,0.55,0.0,0.0,0.0,0.2817700226075685,0.0,0.0,0.14738520432729835,0.027005007971296905,0.0941039783821741,0.277740030807996,0.0,0.0,0.1460048740388898,0.026255095153114295,0.1
2026-04-08,1851124195.103181,819644394.7731808,1745609.18,1029734191.15,0.5562750429571275,Crisis,1.0000000000000002,0.0,0.0,0.0,0.27973806539821944,0.0,0.0,0.1454153647346152,0.028024051620754952,0.10309756120353789,0.555480061615992,0.0,0.0,0.2920097480777796,0.05251019030622859,0.1
2026-04-09,1862335979.5263247,453891765.8963247,1745609.18,1406698604.45,0.7553409373574935,Crisis,1.0000000000000002,0.0,0.0,0.0,0.4041631814692439,0.0,0.0,0.21196384773729282,0.0386328518543144,0.10058105629664243,0.555480061615992,0.0,0.0,0.2920097480777796,0.05251019030622859,0.1
2026-04-10,1858614893.9891098,112190205.85910973,1745609.18,1744679078.95,0.9386985354483136,Sideways,1.0,0.0,0.0,0.0,0.5124254260686993,0.0,0.0,0.271911035273863,0.05009362095456528,0.10426845315118599,0.5927321435557529,0.0,0.0,0.24481181518595932,0.06245604125828778,0.1
2026-04-13,1850854553.419057,26239149.18905699,1745609.18,1822869795.05,0.9848800877857414,Sideways,0.9999999999999999,0.0,0.0,0.0,0.5723703535175323,0.0,0.0,0.2518748969976195,0.0594858195618962,0.1011490177086934,0.6232381569507388,0.0,0.0,0.20461735348931967,0.07214448955994145,0.1
2026-04-14,1871391083.0852911,4178918.705290923,1745609.18,1865466555.2,0.9968341583227363,Sideways,1.0,0.0,0.0,0.0,0.6078185342877144,0.0,0.0,0.21440253917342908,0.07033826397365642,0.10427482088793638,0.6474286177130542,0.0,0.0,0.17255994503161862,0.08001143725532721,0.1
2026-04-15,1888788589.605251,9807852.025250912,1745609.18,1877235128.4,0.993883136911757,Sideways,1.0,0.0,0.0,0.0,0.6313862996436458,0.0,0.0,0.18250104956004742,0.07783298290187389,0.1021628048061899,0.6655714632847907,0.0,0.0,0.1478950396198595,0.08653349709534987,0.1
2026-04-16,1897774898.9852061,3611093.405205911,1745609.18,1892418196.4,0.9971773772600373,Sideways,1.0,0.0,0.0,0.0,0.6531546797582882,0.0,0.0,0.15659106891913666,0.08478613564023871,0.10264549294237374,0.679178597463593,0.0,0.0,0.1294739275344904,0.0913474750019166,0.1
2026-04-17,1895597189.7670157,6372301.087015662,1745609.18,1887479279.5,0.9957174919276951,Sideways,1.0,0.0,0.0,0.0,0.6688830972870556,0.0,0.0,0.13868410515649224,0.08887347001221611,0.09927681947193114,0.6893839480976948,0.0,0.0,0.11696320763856195,0.09365284426374335,0.1
2026-04-20,1899847732.3987327,5374340.568732411,1745609.18,1892727782.65,0.9962523576877695,Sideways,1.0,0.0,0.0,0.0,0.6794894667795753,0.0,0.0,0.12295622223632675,0.09265642556403297,0.10115024310783455,0.6893839480976948,0.0,0.0,0.11696320763856195,0.09365284426374335,0.1
2026-04-21,1897576744.7987328,5374340.568732411,1745609.18,1890456795.0500002,0.9962478725731392,Sideways,1.0000000000000002,0.0,0.0,0.0,0.675832362809665,0.0,0.0,0.12131804451704395,0.09435823899654253,0.10473922624988777,0.6967288374184812,0.0,0.0,0.10710801458497511,0.09616314799654377,0.1
2026-04-22,1894485703.5055885,1323519.7755884118,1745609.18,1891416574.55,0.9983799672122574,Sideways,1.0000000000000002,0.0,0.0,0.0,0.6895037223732454,0.0,0.0,0.11057813717588819,0.09621864639183976,0.10207946127128403,0.6967288374184812,0.0,0.0,0.10710801458497511,0.09616314799654377,0.1
2026-04-23,1879830809.5555885,1323519.7755884118,1745609.18,1876761680.6,0.9983673376667797,Sideways,1.0000000000000002,0.0,0.0,0.0,0.6888544032886315,0.0,0.0,0.11145508358251237,0.09696875329067196,0.10108909750496384,0.6967288374184812,0.0,0.0,0.10710801458497511,0.09616314799654377,0.1
2026-04-24,1900119641.9555886,1323519.7755884118,1745609.18,1897050513.0,0.9983847706808452,Sideways,1.0000000000000002,0.0,0.0,0.0,0.6806620880298385,0.0,0.0,0.11086212433612827,0.09993289149128125,0.10692766682359721,0.6967288374184812,0.0,0.0,0.10710801458497511,0.09616314799654377,0.1
2026-04-27,1917343684.325016,6039350.995016091,1745609.18,1909558724.1499999,0.9959397158482013,Sideways,1.0000000000000002,0.0,0.0,0.0,0.6846073528085805,0.0,0.0,0.10679775445271136,0.09953145153899841,0.10500315704791102,0.6967288374184812,0.0,0.0,0.10710801458497511,0.09616314799654377,0.1
2026-04-28,1900090905.3250163,6039350.995016091,1745609.18,1892305945.15,0.9959028485672982,Sideways,1.0000000000000002,0.0,0.0,0.0,0.6853170821988966,0.0,0.0,0.10652595590702926,0.09935524635738832,0.10470456410398392,0.6967288374184812,0.0,0.0,0.10710801458497511,0.09616314799654377,0.1
2026-04-29,1903078544.7750163,6039350.995016091,1745609.18,1895293584.6000001,0.9959092806776735,Sideways,1.0000000000000002,0.0,0.0,0.0,0.6876064302194633,0.0,0.0,0.1075184209089961,0.0978514525904736,0.10293297695874042,0.6967288374184812,0.0,0.0,0.10710801458497511,0.09616314799654377,0.1
2026-04-30,1891672610.475016,6039350.995016091,1745609.18,1883887650.3,0.9958846154816074,Sideways,1.0000000000000002,0.0,0.0,0.0,0.687902057202824,0.0,0.0,0.10701323203551961,0.09817026422630687,0.10279906201695693,0.6967288374184812,0.0,0.0,0.10710801458497511,0.09616314799654377,0.1
2026-05-04,1901798140.8250163,6039350.995016091,1745609.18,1894013180.65,0.9959065265614158,Sideways,1.0000000000000002,0.0,0.0,0.0,0.6770239979787993,0.0,0.0,0.10601756078725252,0.1020714006565331,0.11079356713883079,0.6967288374184812,0.0,0.0,0.10710801458497511,0.09616314799654377,0.1
2026-05-05,1911360513.753307,2485624.0733071454,1745609.18,1907129280.5,0.9977862714946443,Sideways,1.0000000000000002,0.0,0.0,0.0,0.6909564632088314,0.0,0.0,0.10721551404114091,0.09715582103103321,0.10245847321363874,0.6967288374184812,0.0,0.0,0.10710801458497511,0.09616314799654377,0.1
2026-05-06,1929877514.9033072,2485624.0733071454,1745609.18,1925646281.65,0.9978075120205133,Sideways,1.0000000000000002,0.0,0.0,0.0,0.690658412959841,0.0,0.0,0.10563571958618016,0.09739335711645784,0.10412002235803429,0.6967288374184812,0.0,0.0,0.10710801458497511,0.09616314799654377,0.1
2026-05-07,1953418546.2033072,2485624.0733071454,1745609.18,1949187312.95,0.9978339341245986,Bull,1.0,0.0,0.0,0.0,0.6885440171355955,0.0,0.0,0.10447146639241553,0.0981792152904232,0.10663923530616437,0.7025466280638609,0.0,0.0,0.08757654627543628,0.10987682566070288,0.1
2026-05-08,1960471159.437899,7551976.707899121,1745609.18,1951173573.55,0.9952574737745364,Bull,1.0,0.0,0.0,0.0,0.6980129123360089,0.0,0.0,0.09197079953560595,0.10578375458451587,0.09949000731840575,0.7854555233865508,0.0,0.0,0.08143290802520312,0.13311156858824613,0.0
2026-05-11,1958868028.4809482,14621699.250948148,1745609.18,1942500720.05,0.9916445068309984,Bull,1.0,0.0,0.0,0.0,0.7560128495222942,0.0,0.0,0.08434830606129676,0.1262406636917578,0.025042687555649746,0.789091642539913,0.0,0.0,0.06903584549369621,0.14187251196639072,0.0
2026-05-12,1939859806.496181,2155996.9161809124,1745609.18,1935958200.4,0.9979887174923078,Bull,1.0,0.0,0.0,0.0,0.7791447223858832,0.0,0.0,0.07329627611431204,0.13924441812518773,0.006303300866924826,0.789091642539913,0.0,0.0,0.06903584549369621,0.14187251196639072,0.0
2026-05-13,1944979651.9461808,2155996.9161809124,1745609.18,1941078045.85,0.9979940118693391,Bull,1.0,0.0,0.0,0.0,0.7806728694208546,0.0,0.0,0.07422190759453486,0.13694204961655307,0.006157185237396702,0.789091642539913,0.0,0.0,0.06903584549369621,0.14187251196639072,0.0
2026-05-14,1944016189.546181,2155996.9161809124,1745609.18,1940114583.45,0.9979930176933909,Bull,1.0,0.0,0.0,0.0,0.7787791488523688,0.0,0.0,0.07523337551738309,0.13779898101699237,0.0061815123066466275,0.789091642539913,0.0,0.0,0.06903584549369621,0.14187251196639072,0.0
2026-05-15,1938446612.846181,2155996.9161809124,1745609.18,1934545006.75,0.9979872511988079,Bull,1.0,0.0,0.0,0.0,0.7791302771720158,0.0,0.0,0.07553378000182176,0.13725969971870108,0.006063494306269388,0.789091642539913,0.0,0.0,0.06903584549369621,0.14187251196639072,0.0
2026-05-18,1917813609.1461809,2155996.9161809124,1745609.18,1913912003.05,0.9979655968246477,Bull,1.0,0.0,0.0,0.0,0.7784758309826978,0.0,0.0,0.07542036374660796,0.13800929284146388,0.006060109253878033,0.789091642539913,0.0,0.0,0.06903584549369621,0.14187251196639072,0.0
2026-05-19,1932566239.1961808,2155996.9161809124,1745609.18,1928664633.1,0.9979811268472724,Sideways,1.0,0.0,0.0,0.0,0.7815931596364115,0.0,0.0,0.07620670226613108,0.1343580854998272,0.00582317944490264,0.7898542441267454,0.0,0.0,0.07919454676269091,0.1309512091105637,0.0
2026-05-20,1896537418.4461808,2155996.9161809124,1745609.18,1892635812.35,0.9979427739952648,Sideways,1.0,0.0,0.0,0.0,0.7793540680895056,0.0,0.0,0.07671000771458202,0.13602816242421578,0.00585053576696139,0.7898542441267454,0.0,0.0,0.07919454676269091,0.1309512091105637,0.0
2026-05-21,1902866870.8961809,2155996.9161809124,1745609.18,1898965264.8,0.9979496168881519,Sideways,1.0,0.0,0.0,0.0,0.7758110971287933,0.0,0.0,0.07541268503582522,0.1404857344928704,0.006240100230662874,0.7898542441267454,0.0,0.0,0.07919454676269091,0.1309512091105637,0.0
2026-05-22,1900471743.846181,2155996.9161809124,1745609.18,1896570137.75,0.9979470328307619,Sideways,1.0,0.0,0.0,0.0,0.7735347197400818,0.0,0.0,0.07517975495433837,0.1427907049282412,0.006441853208100567,0.7898542441267454,0.0,0.0,0.07919454676269091,0.1309512091105637,0.0
2026-05-25,1895376331.2136126,80050.9836124396,1745609.18,1893550671.05,0.9990367822297097,Sideways,1.0,0.0,0.0,0.0,0.7807080560632108,0.0,0.0,0.07747226636832522,0.13912424443495983,0.0017322153632137855,0.7898542441267454,0.0,0.0,0.07919454676269091,0.1309512091105637,0.0
2026-05-26,1892104424.5636125,80050.9836124396,1745609.18,1890278764.3999999,0.999035116592979,Sideways,1.0,0.0,0.0,0.0,0.7815877629169833,0.0,0.0,0.07732316361648109,0.13839701265980325,0.0017271773997112863,0.7898542441267454,0.0,0.0,0.07919454676269091,0.1309512091105637,0.0
2026-05-27,1894924106.8136127,80050.9836124396,1745609.18,1893098446.65,0.9990365523574015,Sideways,1.0,0.0,0.0,0.0,0.7790341530523376,0.0,0.0,0.07663773946292632,0.14157337438231635,0.001791285459821253,0.7898542441267454,0.0,0.0,0.07919454676269091,0.1309512091105637,0.0
2026-05-29,1911129321.7636125,80050.9836124396,1745609.18,1909303661.6,0.9990447218077697,Sideways,1.0,0.0,0.0,0.0,0.7758426626156906,0.0,0.0,0.07709174796399441,0.1442740670974356,0.0018362441306491895,0.7898542441267454,0.0,0.0,0.07919454676269091,0.1309512091105637,0.0
2026-06-01,1950723544.5636127,80050.9836124396,1745609.18,1948897884.4,0.9990641112787609,Sideways,1.0,0.0,0.0,0.0,0.7782883887525104,0.0,0.0,0.07745602928773837,0.14147981182117736,0.0018398814173347668,0.7898542441267454,0.0,0.0,0.07919454676269091,0.1309512091105637,0.0
2026-06-02,1977410846.0636127,80050.9836124396,1745609.18,1975585185.9,0.9990767421109038,Bull,1.0,0.0,0.0,0.0,0.7794533639623907,0.0,0.0,0.07796710547376066,0.1398349769095505,0.001821295765201918,0.7923906830950591,0.0,0.0,0.06871048886357631,0.13889882804136466,0.0
2026-06-03,2025593669.8636124,80050.9836124396,1745609.18,2023768009.6999998,0.999098703658698,Bull,1.0,0.0,0.0,0.0,0.7817012035817698,0.0,0.0,0.07659556914514187,0.13896251957528716,0.0018394113564991902,0.7923906830950591,0.0,0.0,0.06871048886357631,0.13889882804136466,0.0
2026-06-04,2053338603.1136127,80050.9836124396,1745609.18,2051512942.95,0.9991108820723263,Bull,1.0,0.0,0.0,0.0,0.78581625091121,0.0,0.0,0.0763488300284616,0.13517380892713998,0.0017719922055148148,0.7923906830950591,0.0,0.0,0.06871048886357631,0.13889882804136466,0.0
2026-06-05,2014349330.6136127,80050.9836124396,1745609.18,2012523670.45,0.99909367251456,Sideways,1.0000000000000002,0.0,0.0,0.0,0.7845754936501379,0.0,0.0,0.07753099108803833,0.13525777076461912,0.0017294170117646912,0.7905047325493482,0.0,0.0,0.08163263994245577,0.12786262750819619,0.0
2026-06-08,1978377044.9136126,80050.9836124396,1745609.18,1976551384.75,0.9990771930111572,Sideways,0.9999999999999999,0.0,0.0,0.0,0.7856233414889162,0.0,0.0,0.07834502548363728,0.1334857784965512,0.0016230475420524353,0.7884280882549721,0.0,0.0,0.09484774970595694,0.11672416203907078,0.0
2026-06-09,2066579913.6505783,1222293.8205779884,1745609.18,2063612010.65,0.9985638576176155,Sideways,1.0,0.0,0.0,0.0,0.789671350171619,0.0,0.0,0.08978481730824214,0.11869611157048873,0.0004115785672655166,0.7864414438865376,0.0,0.0,0.10573106699025245,0.10782748912321,0.0
2026-06-10,2059706911.8969553,4966985.066955115,1745609.18,2052994317.65,0.996740995426008,Sideways,1.0,0.0,0.0,0.0,0.790117384298712,0.0,0.0,0.09905851110248032,0.1074677172375649,9.738278725067209e-05,0.7898310829149032,0.0,0.0,0.11993281014573647,0.09023610693936039,0.0
2026-06-11,2067744064.2592883,2052678.6792882197,1745609.18,2063945776.4,0.9981630764053728,Sideways,1.0,0.0,0.0,0.0,0.7894351117311725,0.0,0.0,0.1148696321297797,0.09382619123585692,3.2141308563643464e-05,0.7923733121861773,0.0,0.0,0.1308260112384484,0.07680067657537423,0.0
2026-06-12,2085840536.567727,239616.33772697183,1745609.18,2083855311.05,0.9990482371576718,Sideways,1.0,0.0,0.0,0.0,0.7912138546150138,0.0,0.0,0.12575290172067433,0.08206478251768408,1.669830429957658e-05,0.7923733121861773,0.0,0.0,0.1308260112384484,0.07680067657537423,0.0
2026-06-15,2110837291.9677272,239616.33772697183,1745609.18,2108852066.45,0.9990595080325322,Sideways,1.0,0.0,0.0,0.0,0.7903672882786588,0.0,0.0,0.12495681263718772,0.0837178453651755,1.756175151019966e-05,0.7942799841396331,0.0,0.0,0.12077647760679772,0.08494353825356923,0.0
2026-06-16,2143495474.3177273,239616.33772697183,1745609.18,2141510248.8000002,0.9990738373178236,Sideways,1.0,0.0,0.0,0.0,0.7911387540203566,0.0,0.0,0.12496620739787707,0.08295146975133946,1.7406148250383285e-05,0.7942799841396331,0.0,0.0,0.12077647760679772,0.08494353825356923,0.0
2026-06-17,2165817930.767727,239616.33772697183,1745609.18,2163832705.25,0.9990833830076274,Sideways,1.0,0.0,0.0,0.0,0.7955235621487606,0.0,0.0,0.12136846604960103,0.08217403571726492,1.7319092000823756e-05,0.7957099881047248,0.0,0.0,0.11048908187047674,0.0938009300247985,0.0
2026-06-18,2173184256.067727,239616.33772697183,1745609.18,2171199030.55,0.9990864900147404,Sideways,1.0,0.0,0.0,0.0,0.796075618401721,0.0,0.0,0.1200933603633959,0.08289987353671746,1.7637712905833536e-05,0.7957099881047248,0.0,0.0,0.11048908187047674,0.0938009300247985,0.0
2026-06-22,2156395087.9677267,239616.33772697183,1745609.18,2154409862.45,0.9990793776479996,Sideways,0.9999999999999998,0.0,0.0,0.0,0.7918109264750626,0.0,0.0,0.12070631279600447,0.08654297676771235,1.916160922020168e-05,0.7967824910785435,0.0,0.0,0.09980555461306123,0.10341195430839512,0.0
2026-06-23,2160723983.177203,1131069.8972029728,1745609.18,2157847304.1000004,0.9986686503692281,Sideways,0.9999999999999998,0.0,0.0,0.0,0.7962121573576799,0.0,0.0,0.1044001926003984,0.09803769553597232,1.8604875177480342e-05,0.7967824910785435,0.0,0.0,0.09980555461306123,0.10341195430839512,0.0
2026-06-24,2134889461.5272028,1131069.8972029728,1745609.18,2132012782.4499998,0.9986525395674841,Sideways,0.9999999999999998,0.0,0.0,0.0,0.7963787507919815,0.0,0.0,0.1056904837773611,0.09656546800906729,1.783698907425366e-05,0.7967824910785435,0.0,0.0,0.09980555461306123,0.10341195430839512,0.0
2026-06-25,2188735494.4272027,1131069.8972029728,1745609.18,2185858815.35,0.9986856890270537,Sideways,0.9999999999999998,0.0,0.0,0.0,0.8003743987385978,0.0,0.0,0.10406008427235988,0.09423377129175531,1.7434724340679897e-05,0.7967824910785435,0.0,0.0,0.09980555461306123,0.10341195430839512,0.0
2026-06-26,2155140804.0272026,1131069.8972029728,1745609.18,2152264124.95,0.9986652013307774,Sideways,1.0,0.0,0.0,0.0,0.8021969895049966,0.0,0.0,0.10440941936578906,0.09204243158002785,1.6360879963903714e-05,0.7975868683089077,0.0,0.0,0.11016264476281454,0.09225048692827775,0.0
2026-06-29,2169588128.5272026,1131069.8972029728,1745609.18,2166711449.45,0.9986740897779729,Sideways,1.0,0.0,0.0,0.0,0.8031069798638758,0.0,0.0,0.1029236826399791,0.09262670520621827,1.6722067899877483e-05,0.7975868683089077,0.0,0.0,0.11016264476281454,0.09225048692827775,0.0
2026-06-30,2173373679.977203,1131069.8972029728,1745609.18,2170497000.9,0.9986763992295917,Sideways,1.0,0.0,0.0,0.0,0.801402859041833,0.0,0.0,0.1018248734853186,0.09543098911650368,1.7677585936534854e-05,0.7975868683089077,0.0,0.0,0.11016264476281454,0.09225048692827775,0.0
2026-07-01,2175239126.627203,1131069.8972029728,1745609.18,2172362447.55,0.9986775343262314,Crisis,1.0,0.0,0.0,0.0,0.800684414982249,0.0,0.0,0.10125484472206604,0.09672012489321914,1.8149728697283665e-05,0.7549106523271338,0.0,0.0,0.1604067929227698,0.08468255475009637,0.0
2026-07-02,2142727606.5473042,16791158.917303983,1745609.18,2124190838.45,0.991348985265013,Sideways,1.0,0.0,0.0,0.0,0.765389848639071,0.0,0.0,0.13733616867623227,0.0886048228528336,1.8145096876149135e-05,0.7661829892453504,0.0,0.0,0.14721519062550287,0.08660182012914674,0.0
2026-07-03,2156038346.3973036,16791158.917303983,1745609.18,2137501578.3,0.9914023940583997,Sideways,1.0,0.0,0.0,0.0,0.7667127215349546,0.0,0.0,0.13697808320222618,0.08769359335186844,1.799596935037543e-05,0.7746372419340128,0.0,0.0,0.13499900440685944,0.09036375365912774,0.0
2026-07-06,2180478996.8973036,16791158.917303983,1745609.18,2161942228.7999997,0.9914987632883965,Sideways,1.0,0.0,0.0,0.0,0.7700946586458158,0.0,0.0,0.13475571212476986,0.08663062119322797,1.7771324582873315e-05,0.7746372419340128,0.0,0.0,0.13499900440685944,0.09036375365912774,0.0
2026-07-07,2190634245.097304,16791158.917303983,1745609.18,2172097477.0,0.9915381729566267,Sideways,1.0,0.0,0.0,0.0,0.773253358378299,0.0,0.0,0.13367178964510035,0.08459604811471778,1.6976818509631256e-05,0.7746372419340128,0.0,0.0,0.13499900440685944,0.09036375365912774,0.0
2026-07-08,2205192214.786024,16791158.917303983,6514830.06872,2181886225.8,0.9894313117787398,Sideways,1.0,0.0,0.0,0.0,0.7798029687706198,0.0,0.0,0.12569262585887334,0.08391887507999235,1.684206925408713e-05,0.7809779314505096,0.0,0.0,0.12246156418387413,0.09656050436561624,0.0
2026-07-09,2189742981.656024,16791158.917303983,12882488.78872,2160069333.95,0.986448798806706,Sideways,1.0,0.0,0.0,0.0,0.7775449302558637,0.0,0.0,0.12457535075358489,0.08431172130547383,1.6796491783791268e-05,0.7857334485878823,0.0,0.0,0.11104055781384077,0.10322599359827703,0.0
2026-07-13,2196919031.1342173,935205.3954973593,12882488.78872,2183101336.95,0.9937104217368067,Sideways,1.0,0.0,0.0,0.0,0.7803362129668153,0.0,0.0,0.1150251768129736,0.0983322539149155,1.6778042102430172e-05,0.7857334485878823,0.0,0.0,0.11104055781384077,0.10322599359827703,0.0
2026-07-14,2191644836.234217,935205.3954973593,12882488.78872,2177827142.0499997,0.9936952858621201,Sideways,1.0,0.0,0.0,0.0,0.7820977804940377,0.0,0.0,0.11450007585680827,0.0970810582455441,1.6371265730103713e-05,0.7857334485878823,0.0,0.0,0.11104055781384077,0.10322599359827703,0.0
2026-07-15,2179573485.0342174,935205.3954973593,12882488.78872,2165755790.85,0.9936603678292588,Sideways,1.0,0.0,0.0,0.0,0.778466916807516,0.0,0.0,0.11578113871028224,0.09939531816088272,1.699415057777623e-05,0.7857334485878823,0.0,0.0,0.11104055781384077,0.10322599359827703,0.0
2026-07-16,2216561175.9342175,935205.3954973593,12882488.78872,2202743481.75,0.9937661570841176,Sideways,1.0,0.0,0.0,0.0,0.77844731311003,0.0,0.0,0.11747341008544657,0.09782865564655881,1.6778242082276603e-05,0.7857334485878823,0.0,0.0,0.11104055781384077,0.10322599359827703,0.0
2026-07-17,2221081404.8342175,935205.3954973593,12882488.78872,2207263710.65,0.9937788438757161,Crisis,0.5,0.0,0.0,0.0,0.7829712305298432,0.0,0.0,0.11889838860710793,0.0918947408031785,1.448393558650372e-05,0.37798894994530013,0.0,0.0,0.0814212657838339,0.040589784270866,0.0
2026-07-20,2222679938.0459285,340440351.90720826,12882488.78872,1869357097.3500001,0.8410374635375741,Sideways,0.5,0.0,0.0,0.0,0.6511704238543826,0.0,0.0,0.11942520173793686,0.07042741391620252,1.4424029052147557e-05,0.3834917124589751,0.0,0.0,0.08606594933787541,0.030442338203149504,0.0
2026-07-21,2236782938.961248,783151976.7225279,13829288.78872,1439801673.45,0.643693068456002,Crisis,0.5,0.0,0.0,0.0,0.49750506142843903,0.0,0.0,0.09791920180762545,0.04825345281385389,1.5352406083688812e-05,0.3717863040890889,0.0,0.0,0.1043241456740929,0.023889550236818213,0.0
2026-07-22,2234217989.503637,1021503797.7649165,13829288.78872,1198884902.95,0.5366015798737478,Crisis,0.5,0.0,0.0,0.0,0.4028077641385113,0.0,0.0,0.10333279970200697,0.030445440113528042,1.5575919701430436e-05,0.3627473657122363,0.0,0.0,0.1178806423206333,0.019371991967130395,0.0
2026-07-23,2229635486.904003,1082652027.565283,13829288.78872,1133154170.55,0.5082239573265224,Crisis,0.5,0.0,0.0,0.0,0.37210894131490885,0.0,0.0,0.11387130384821118,0.022227983134955286,1.5729028447020738e-05,0.35814995278969664,0.0,0.0,0.1265024636303561,0.015347583579947255,0.0
2026-07-24,2236119535.0040035,1082652027.565283,13829288.78872,1139638218.65,0.5096499542221296,Crisis,0.5,0.0,0.0,0.0,0.37205024401725934,0.0,0.0,0.11589049509356217,0.021694233801286097,1.498131002193495e-05,0.3530425794553108,0.0,0.0,0.13544673285972877,0.011510687684960441,0.0
2026-07-27,2251255894.078929,1098777629.7402086,13829288.78872,1138648975.55,0.5057838953558245,Crisis,0.5,0.0,0.0,0.0,0.3605902543931503,0.0,0.0,0.13120898462804595,0.013969757983850672,1.4898350777543412e-05,0.34963085789750675,0.0,0.0,0.14173612633877297,0.00863301576372033,0.0
2026-07-28,2248373281.3789287,1098777629.7402086,13829288.78872,1135766362.85,0.5051502667534964,Crisis,0.5,0.0,0.0,0.0,0.36108784496499874,0.0,0.0,0.13065401658742246,0.013394795361351,1.3609839724315262e-05,0.34528087871827523,0.0,0.0,0.14824435945893452,0.006474761822790246,0.0
2026-07-29,2249642825.3807077,1107100711.4919875,13829288.78872,1128712825.1,0.5017297912209631,Crisis,0.5,0.0,0.0,0.0,0.3500332524860873,0.0,0.0,0.14377015602255241,0.007913700699126402,1.2682013196993553e-05,0.34178699408515095,0.0,0.0,0.15335693454775637,0.004856071367092684,0.0
2026-07-30,2267823481.3807077,1107100711.4919875,13829288.78872,1146893481.1,0.5057243169568658,Crisis,0.5,0.0,0.0,0.0,0.3557861128630538,0.0,0.0,0.14209218779400423,0.007833502098313324,1.2514201494519118e-05,0.34178699408515095,0.0,0.0,0.15335693454775637,0.004856071367092684,0.0
2026-07-31,2292294220.730707,1110535570.2119875,10394430.06872,1171364220.45,0.5110008173717805,Crisis,0.5,3434858.7199999997,0.0,0.0,0.36293073241915863,0.0,0.0,0.139530517988238,0.00852486553570371,1.4701428680153267e-05,0.34178699408515095,0.0,0.0,0.15335693454775637,0.004856071367092684,0.0
2026-08-03,2270084845.597695,1128735284.978975,10394430.06872,1130955130.55,0.4981994980245898,Crisis,0.5,0.0,0.0,0.0,0.3424922694223326,0.0,0.0,0.14989659997065333,0.005796259124638844,1.436950696501893e-05,0.34178699408515095,0.0,0.0,0.15335693454775637,0.004856071367092684,0.0
2026-08-04,2251325347.097695,1128735284.978975,10394430.06872,1112195632.05,0.49401817177770035,Crisis,0.5,0.0,0.0,0.0,0.3399176103252,0.0,0.0,0.14831907810679928,0.005767202868629442,1.4280477071626409e-05,0.34178699408515095,0.0,0.0,0.15335693454775637,0.004856071367092684,0.0
2026-08-05,2261272339.347695,1133504505.867695,5625209.18,1122142624.3,0.4962439086942099,Crisis,0.5,4769220.88872,0.0,0.0,0.34267821739840976,0.0,0.0,0.14762905563878218,0.0059215335397693174,1.5102117248668592e-05,0.34178699408515095,0.0,0.0,0.15335693454775637,0.004856071367092684,0.0
2026-08-06,2253021608.847695,1133504505.867695,5625209.18,1113891893.8,0.49439911691290817,Crisis,0.5,0.0,0.0,0.0,0.33957989608066813,0.0,0.0,0.14888960615498326,0.005914590409461458,1.5024267795333105e-05,0.34178699408515095,0.0,0.0,0.15335693454775637,0.004856071367092684,0.0
2026-08-07,2258101924.097695,1136437305.867695,2692409.1799999997,1118972209.05,0.49553662618534156,Crisis,0.5,2932800.0,0.0,0.0,0.3398920442250127,0.0,0.0,0.14975409054448413,0.0058755762343639835,1.491518148077308e-05,0.34178699408515095,0.0,0.0,0.15335693454775637,0.004856071367092684,0.0
2026-08-10,2245374946.397695,1137384105.867695,1745609.18,1106245231.35,0.49267728453315723,Crisis,0.5,946800.0,0.0,0.0,0.3377731111531113,0.0,0.0,0.14889940788569903,0.0059893115052233594,1.5453989123584897e-05,0.34178699408515095,0.0,0.0,0.15335693454775637,0.004856071367092684,0.0
2026-08-11,2223442564.4476953,1137384113.867695,24965480.28,1061092970.3,0.47722976400048195,Crisis,1.0,8.0,172419.0,8.0,0.32163061539556254,0.0,0.0,0.14951476836667366,0.006068697350566269,1.568288767947632e-05,0.6152165893532717,0.0,0.0,0.27604248218596145,0.008740928460766833,0.1
2026-08-12,2229639222.152844,941839305.8228438,24965480.28,1262834436.05,0.5663851010078039,Crisis,1.0,0.0,0.0,0.0,0.3232314129073013,0.0,0.0,0.1972816927643044,0.007077378188908746,0.038794617147289524,0.6152165893532717,0.0,0.0,0.27604248218596145,0.008740928460766833,0.1
2026-08-13,2222894268.4104886,492442459.4804887,28343045.18,1702108763.75,0.7657173748381279,Crisis,1.0,4.0,8730.0,4.0,0.45681669532402697,0.0,0.0,0.23212035198100445,0.007968080286906922,0.06881224724618946,0.6152165893532717,0.0,0.0,0.27604248218596145,0.008740928460766833,0.1
2026-08-14,2222223238.212647,101974294.58264694,28343045.18,2091905898.45,0.9413572239180334,Crisis,1.0,0.0,0.0,0.0,0.578567106284112,0.0,0.0,0.263573879495158,0.008522636103487496,0.09069360203527593,0.6021508531571806,0.0,0.0,0.27197039430337927,0.025878752539440077,0.1
2026-08-17,2247455141.123226,4491182.143226052,28343045.18,2214620913.8,0.9853904860112953,Crisis,1.0,0.0,0.0,0.0,0.5956309824858047,0.0,0.0,0.27122187617740684,0.021266742603864672,0.0972708847442191,0.5918441228756541,0.0,0.0,0.2706211529997838,0.037534724124562095,0.1
2026-08-18,2252068578.260953,7097700.180953153,28343045.18,2216627832.9,0.9842630256897771,Crisis,1.0,0.0,0.0,0.0,0.5954342446958202,0.0,0.0,0.2719581925311298,0.02091414997511785,0.09595643848770927,0.5918441228756541,0.0,0.0,0.2706211529997838,0.037534724124562095,0.1
2026-08-19,2244161620.632485,8530589.552485155,28343045.18,2207287985.9,0.9835690823720208,Crisis,1.0,0.0,0.0,0.0,0.5928081265043014,0.0,0.0,0.27322408259846714,0.020627703269853304,0.09690916999939889,0.5945843326537197,0.0,0.0,0.2772646242528588,0.028151043093421566,0.1
2026-08-20,2241999962.632485,8530589.552485155,28343045.18,2205126327.9,0.9835532402555489,Crisis,1.0,0.0,0.0,0.0,0.5894630106720642,0.0,0.0,0.2754143667669717,0.02078777911542714,0.09788808370108584,0.5945843326537197,0.0,0.0,0.2772646242528588,0.028151043093421566,0.1
2026-08-21,2261451955.782485,8530589.552485155,28343045.18,2224578321.05,0.9836947078896814,Crisis,1.0,0.0,0.0,0.0,0.5906528801704403,0.0,0.0,0.2736038669395075,0.020777735242109855,0.09866022553762363,0.5945843326537197,0.0,0.0,0.2772646242528588,0.028151043093421566,0.1
2026-08-24,2250196423.7824845,8530589.552485155,28343045.18,2213322789.0499997,0.9836131484599456,Crisis,1.0,0.0,0.0,0.0,0.5919750538092419,0.0,0.0,0.2738498708322392,0.02071205851516596,0.09707616530329868,0.5945843326537197,0.0,0.0,0.2772646242528588,0.028151043093421566,0.1
2026-08-25,2264741286.732485,8530589.552485155,28343045.18,2227867652.0,0.9837183898450117,Crisis,1.0,0.0,0.0,0.0,0.5913935246583452,0.0,0.0,0.27356237272199385,0.020697993309262714,0.09806449915541003,0.5945843326537197,0.0,0.0,0.2772646242528588,0.028151043093421566,0.1
2026-08-26,2256920419.3324847,8530589.552485155,28343045.18,2220046784.6,0.9836619694621794,Sideways,1.0000000000000002,0.0,0.0,0.0,0.588718518038389,0.0,0.0,0.2725483781931178,0.021068133192779257,0.10132694003789344,0.6259382494902899,0.0,0.0,0.23584421218219,0.03821753832752027,0.1
2026-08-27,2257464013.311812,1007265.0818117615,28343045.18,2228113703.05,0.9869985478888085,Sideways,1.0,0.0,0.0,0.0,0.5950332519716944,0.0,0.0,0.24526016660072666,0.045709100739382356,0.10099602857700495,0.6494536871177173,0.0,0.0,0.20471564210869797,0.04583067077358468,0.1
2026-08-28,2290532144.4334936,21453012.05349361,9461999.08,2259617133.3,0.9865031315065262,Bull,1.0,18881046.099999998,0.0,0.0,0.6175417519188936,0.0,0.0,0.21091146927321672,0.0582718737758694,0.09977803653854632,0.6670902653382881,0.0,0.0,0.16784588223681982,0.06506385242489214,0.1
2026-08-31,2318181269.4895673,269477.909567371,9461999.08,2308449792.5,0.9958021069716821,Bull,1.0,0.0,0.0,0.0,0.6587977577940969,0.0,0.0,0.1773696498248971,0.062195848054516806,0.09743885129817134,0.6803176990037161,0.0,0.0,0.14006101087429548,0.0796212901219885,0.1
2026-09-01,2346413996.3667984,1723421.6867984235,9461999.08,2335228575.6,0.9952329721932626,Bull,1.0,0.0,0.0,0.0,0.6697423719911786,0.0,0.0,0.14749272742826747,0.07589236182350269,0.10210551095031392,0.690238274252787,0.0,0.0,0.11724850050276071,0.09251322524445225,0.1
2026-09-02,2364240410.7242913,2301781.2942914274,9461999.08,2352476630.35,0.9950242875805141,Bull,1.0,0.0,0.0,0.0,0.6871502969752145,0.0,0.0,0.1253343351445471,0.08632573873376735,0.0962139167269851,0.6976787056895902,0.0,0.0,0.10282006300877175,0.09950123130163797,0.1
2026-09-03,2389409191.662297,2407969.3322970737,9461999.08,2377539223.25,0.9950322579934335,Bull,1.0,0.0,0.0,0.0,0.6952894293062557,0.0,0.0,0.10853791845488707,0.09462581829389541,0.0965790919383954,0.6976787056895902,0.0,0.0,0.10282006300877175,0.09950123130163797,0.1
2026-09-04,2410040819.2122965,4606924.832297074,7263043.58,2398170850.7999997,0.9950747853241023,Bull,1.0,2198955.5,0.0,0.0,0.6928751403247104,0.0,0.0,0.10780377574057746,0.09531751419674375,0.09907835506207084,0.7032590292671927,0.0,0.0,0.09198575549028595,0.10475521524252134,0.1
2026-09-07,2419612789.603519,4557151.223519078,7263043.58,2407792594.8,0.9951148403354837,Bull,1.0,0.0,0.0,0.0,0.6941342937252415,0.0,0.0,0.09448164639494247,0.10387666203450062,0.10262223818079909,0.7074442719503945,0.0,0.0,0.08241521795614935,0.11014051009345613,0.1
2026-09-08,2443376893.853519,4557151.223519078,7263043.58,2431556699.05,0.9951623530396586,Bull,1.0,0.0,0.0,0.0,0.6969337286170176,0.0,0.0,0.09491208686771793,0.10263236532637592,0.10068417222854704,0.7074442719503945,0.0,0.0,0.08241521795614935,0.11014051009345613,0.1
2026-09-09,2439944497.9035187,4557151.223519078,7263043.58,2428124303.1,0.9951555476718118,Bull,1.0,0.0,0.0,0.0,0.6960059028224467,0.0,0.0,0.09541262114774773,0.10277674357571229,0.10096028012590505,0.7860491910559939,0.0,0.0,0.0915724643957215,0.12237834454828458,0.0
2026-09-10,2441786010.777504,2103612.397503836,7263043.58,2432419354.8,0.9961640143992302,Bull,1.0,0.0,0.0,0.0,0.7614435075774616,0.0,0.0,0.09290576610673816,0.1168481180335496,0.024966622681480737,0.7860491910559939,0.0,0.0,0.0915724643957215,0.12237834454828458,0.0
2026-09-11,2480085004.288241,5800807.508241224,1745609.18,2472538587.6,0.9969571943400356,Bull,1.0,5517434.4,0.0,0.0,0.7820810997390202,0.0,0.0,0.09140291546783368,0.11751056899101699,0.005962610142164841,0.7895368932919955,0.0,0.0,0.0992938758094541,0.11116923089855045,0.0
2026-09-14,2513410358.438241,5800807.508241224,1745609.18,2505863941.75,0.9969975389562211,Bull,1.0,0.0,0.0,0.0,0.7853519164202579,0.0,0.0,0.09076571966614881,0.11509119433236709,0.005788708537447331,0.7895368932919955,0.0,0.0,0.0992938758094541,0.11116923089855045,0.0
2026-09-15,2496696607.538241,5800807.508241224,1745609.18,2489150190.85,0.9969774394432002,Bull,1.0,0.0,0.0,0.0,0.7838416149327928,0.0,0.0,0.09220223206334216,0.11515716372262355,0.005776428724441685,0.7921526699689967,0.0,0.0,0.10781578664906648,0.10003154338193694,0.0
2026-09-16,2512855701.8060946,204914.12609497737,1745609.18,2510905178.5,0.9992237822073536,Bull,1.0,0.0,0.0,0.0,0.791494910380443,0.0,0.0,0.10247066706414072,0.10380062803149669,0.0014575767312732994,0.7921526699689967,0.0,0.0,0.10781578664906648,0.10003154338193694,0.0
2026-09-17,2547757160.1560946,204914.12609497737,1745609.18,2545806636.85,0.999234415533553,Bull,1.0,0.0,0.0,0.0,0.7923362706696585,0.0,0.0,0.10194613680688734,0.10348003495900188,0.0014719730980052403,0.7921526699689967,0.0,0.0,0.10781578664906648,0.10003154338193694,0.0
2026-09-18,2519483400.8060946,204914.12609497737,1745609.18,2517532877.5,0.9992258241092319,Bull,1.0,0.0,0.0,0.0,0.7878797402931468,0.0,0.0,0.10342239203347471,0.1063845072026448,0.001539184579965588,0.7921526699689967,0.0,0.0,0.10781578664906648,0.10003154338193694,0.0
2026-09-21,2514165442.6560946,204914.12609497737,1745609.18,2512214919.35,0.9992241865738024,Bull,1.0,0.0,0.0,0.0,0.7865005762154539,0.0,0.0,0.10308311283055482,0.10806528297237607,0.0015752145554176744,0.7921526699689967,0.0,0.0,0.10781578664906648,0.10003154338193694,0.0
2026-09-22,2511848254.7060947,204914.12609497737,1745609.18,2509897731.4,0.9992234708834659,Bull,1.0,0.0,0.0,0.0,0.7863246387195093,0.0,0.0,0.10266862240457071,0.10865067166723931,0.0015795380921465078,0.7921526699689967,0.0,0.0,0.10781578664906648,0.10003154338193694,0.0
2026-09-23,2500808334.6560946,204914.12609497737,1745609.18,2498857811.35,0.9992200428641155,Bull,1.0,0.0,0.0,0.0,0.784702615612429,0.0,0.0,0.103195833292634,0.10971572519080389,0.001605868768248594,0.7921526699689967,0.0,0.0,0.10781578664906648,0.10003154338193694,0.0
2026-09-24,2483405663.3060946,204914.12609497737,1745609.18,2481455140.0,0.9992145772497362,Bull,1.0,0.0,0.0,0.0,0.7834316232531663,0.0,0.0,0.10373536784845737,0.11043544115740236,0.0016121449907100943,0.7921526699689967,0.0,0.0,0.10781578664906648,0.10003154338193694,0.0
