fill_date,signal_date,code,side,quantity,fill_price,gross,fees_tax
2012-12-05,2012-12-04,2880,BUY,6867,16.358175,112331.58772499999,96.04350750487498
2012-12-05,2012-12-04,2886,BUY,4931,22.71135,111989.66685,95.75116515674999
2012-12-05,2012-12-04,2892,BUY,6341,17.658824999999997,111974.60932499998,95.73829097287498
2012-12-05,2012-12-04,5880,BUY,7017,15.957974999999998,111977.11057499998,95.74042954162498
2012-12-05,2012-12-04,2412,BUY,211,93.14654999999999,19653.922049999997,16.804103352749998
2012-12-05,2012-12-04,3045,BUY,190,104.55225,19864.9275,16.9845130125
2012-12-05,2012-12-04,4904,BUY,276,71.0355,19605.798,16.76295729
2012-12-05,2012-12-04,0050,BUY,1738,53.326649999999994,92681.7177,79.2428686335
2012-12-06,2012-12-05,2880,BUY,6944,16.50825,114633.288,98.01146124
2012-12-06,2012-12-05,2886,BUY,5014,22.861425,114627.18495000001,98.00624313225
2012-12-06,2012-12-05,2892,BUY,6401,17.908949999999997,114635.18894999998,98.01308655224997
2012-12-06,2012-12-05,5880,BUY,7095,16.158074999999997,114641.54212499998,98.01851851687498
2012-12-06,2012-12-05,2412,BUY,164,93.94695,15407.2998,13.173241329
2012-12-06,2012-12-05,3045,BUY,144,107.0535,15415.704,13.180426919999999
2012-12-06,2012-12-05,4904,BUY,214,72.036,15415.704,13.180426919999999
2012-12-06,2012-12-05,0050,BUY,1792,53.776875,96368.15999999999,82.39477679999999
2012-12-07,2012-12-06,2880,BUY,7202,16.50825,118892.4165,101.65301610750001
2012-12-07,2012-12-06,2886,BUY,5189,22.91145,118887.51405,101.64882451275
2012-12-07,2012-12-06,2892,BUY,6639,17.908949999999997,118897.51904999999,101.65737878774999
2012-12-07,2012-12-06,5880,BUY,7358,16.158074999999997,118891.11584999997,101.65190405174997
2012-12-07,2012-12-06,2412,BUY,117,94.047,11003.499,9.407991645
2012-12-07,2012-12-06,3045,BUY,103,107.0535,11026.5105,9.4276664775
2012-12-07,2012-12-06,4904,BUY,154,71.53575,11016.5055,9.4191122025
2012-12-07,2012-12-06,0050,BUY,1722,53.676824999999994,92431.49264999999,79.02892621574999
2012-12-10,2012-12-07,2880,BUY,7614,16.50825,125693.8155,107.4682122525
2012-12-10,2012-12-07,2886,BUY,5469,22.91145,125302.72004999999,107.13382564274998
2012-12-10,2012-12-07,2892,BUY,6978,17.958975,125317.72755,107.14665705524999
2012-12-10,2012-12-07,5880,BUY,7756,16.158074999999997,125322.02969999997,107.15033539349997
2012-12-10,2012-12-07,2412,BUY,62,94.2471,5843.3202,4.996038771
2012-12-10,2012-12-07,3045,BUY,55,107.0535,5887.9425,5.0341908375
2012-12-10,2012-12-07,4904,BUY,81,72.2361,5851.124099999999,5.002711105499999
2012-12-10,2012-12-07,0050,BUY,1529,53.92695,82454.30655,70.49843210024999
2012-12-11,2012-12-10,2880,BUY,3866,16.458225,63627.49784999999,54.40151066174999
2012-12-11,2012-12-10,2886,BUY,2809,22.51125,63234.10125,54.06515656875
2012-12-11,2012-12-10,2892,BUY,3561,17.708849999999998,63061.21485,53.917338696749994
2012-12-11,2012-12-10,5880,BUY,3938,16.058025,63236.50245,54.06720959475
2012-12-11,2012-12-10,2412,BUY,181,94.54724999999999,17113.052249999997,14.631659673749997
2012-12-11,2012-12-10,3045,BUY,159,108.05399999999999,17180.586,14.689401029999999
2012-12-11,2012-12-10,4904,BUY,233,73.6368,17157.374399999997,14.669555111999998
2012-12-11,2012-12-10,0050,BUY,329,53.676824999999994,17659.675424999998,15.099022488374997
2012-12-12,2012-12-11,2880,BUY,945,16.558275,15647.569875,13.378672243125
2012-12-12,2012-12-11,2886,BUY,703,22.51125,15825.40875,13.53072448125
2012-12-12,2012-12-11,2892,BUY,874,18.009,15739.866,13.45758543
2012-12-12,2012-12-11,5880,BUY,966,16.208099999999998,15657.024599999999,13.386756033
2012-12-12,2012-12-11,2412,BUY,43,95.0475,4087.0425,3.4944213375
2012-12-12,2012-12-11,3045,BUY,38,108.05399999999999,4106.052,3.5106744599999997
2012-12-12,2012-12-11,4904,BUY,54,75.0375,4052.0249999999996,3.4644813749999996
2012-12-12,2012-12-11,0050,BUY,95,53.826899999999995,5113.5554999999995,4.3720899525
2012-12-18,2012-12-17,2880,BUY,709,16.70835,11846.22015,10.128518228249998
2012-12-18,2012-12-17,2886,BUY,521,22.661324999999998,11806.550324999998,10.094600527874999
2012-12-18,2012-12-17,2892,BUY,659,17.958975,11834.964525,10.118894668874999
2012-12-18,2012-12-17,5880,BUY,728,16.258125,11835.914999999999,10.119707324999998
2012-12-18,2012-12-17,2412,SELL,76,93.45325000000001,7102.447000000001,27.379933185000002
2012-12-18,2012-12-17,3045,SELL,68,105.44725000000001,7170.4130000000005,27.641942115000003
2012-12-18,2012-12-17,4904,SELL,98,73.96300000000001,7248.374000000001,27.94248177
2012-12-18,2012-12-17,0050,SELL,58,53.723125,3115.9412500000003,5.78007101875
2012-12-28,2012-12-27,2880,BUY,950,16.70835,15872.932499999999,13.571357287499998
2012-12-28,2012-12-27,2886,BUY,703,22.761374999999997,16001.246624999998,13.681065864374998
2012-12-28,2012-12-27,2892,BUY,899,17.658824999999997,15875.283674999997,13.573367542124997
2012-12-28,2012-12-27,5880,BUY,973,16.30815,15867.829950000001,13.56699460725
2012-12-28,2012-12-27,2412,SELL,139,93.45325000000001,12990.001750000001,50.07645674625
2012-12-28,2012-12-27,3045,SELL,123,105.947,13031.481,50.236359254999996
2012-12-28,2012-12-27,4904,SELL,181,72.96350000000001,13206.393500000002,50.91064694250001
2012-12-28,2012-12-27,0050,SELL,158,53.67315000000001,8480.3577,15.7310635335
2013-01-17,2013-01-16,2880,BUY,512,16.858425,8631.5136,7.379944128
2013-01-17,2013-01-16,2886,BUY,373,23.211599999999997,8657.9268,7.402527413999999
2013-01-17,2013-01-16,2892,BUY,493,17.658824999999997,8705.800725,7.443459619874999
2013-01-17,2013-01-16,5880,BUY,527,16.458225,8673.484574999999,7.415829311624998
2013-01-17,2013-01-16,2412,SELL,103,94.1529,9697.7487,37.3848212385
2013-01-17,2013-01-16,3045,SELL,92,105.947,9747.124,37.57516302
2013-01-17,2013-01-16,4904,SELL,134,72.26385,9683.3559,37.329336994500004
2013-01-17,2013-01-16,0050,BUY,139,53.92695,7495.84605,6.408948372749999
2013-01-22,2013-01-21,2880,BUY,591,16.70835,9874.63485,8.44281279675
2013-01-22,2013-01-21,2886,BUY,431,23.11155,9961.07805,8.51672173275
2013-01-22,2013-01-21,2892,BUY,564,17.608800000000002,9931.363200000002,8.491315536000002
2013-01-22,2013-01-21,5880,BUY,605,16.408199999999997,9926.960999999998,8.487551654999997
2013-01-22,2013-01-21,2412,SELL,31,94.7526,2937.3306000000002,11.323409463
2013-01-22,2013-01-21,3045,SELL,27,107.44625,2901.0487500000004,11.18354293125
2013-01-22,2013-01-21,4904,SELL,40,72.46375,2898.55,11.17391025
2013-01-22,2013-01-21,0050,SELL,447,54.27285,24259.963949999998,45.002233127249994
2013-01-23,2013-01-22,2880,BUY,537,16.90845,9079.83765,7.763261190749999
2013-01-23,2013-01-22,2886,BUY,390,23.261625,9072.033749999999,7.756588856249999
2013-01-23,2013-01-22,2892,BUY,514,17.608800000000002,9050.923200000001,7.7385393360000005
2013-01-23,2013-01-22,5880,BUY,553,16.358175,9046.070775,7.734390512625
2013-01-23,2013-01-22,2412,SELL,16,94.85255000000001,1517.6408000000001,5.8505052840000005
2013-01-23,2013-01-22,3045,SELL,14,107.94600000000001,1511.2440000000001,5.825845620000001
2013-01-23,2013-01-22,4904,SELL,22,73.46325,1616.1915000000001,6.230418232500001
2013-01-23,2013-01-22,0050,SELL,588,54.172900000000006,31853.665200000003,59.088548946
2013-01-28,2013-01-25,2880,BUY,423,16.50825,6982.98975,5.9704562362499995
2013-01-28,2013-01-25,2886,BUY,300,23.361675,7008.5025000000005,5.992269637500001
2013-01-28,2013-01-25,2892,BUY,397,17.658824999999997,7010.553524999998,5.994023263874999
2013-01-28,2013-01-25,5880,BUY,428,16.30815,6979.8882,5.967804411
2013-01-28,2013-01-25,2412,BUY,28,94.54724999999999,2647.323,2.263461165
2013-01-28,2013-01-25,3045,BUY,25,107.0535,2676.3375,2.2882685625
2013-01-28,2013-01-25,4904,BUY,36,73.33664999999999,2640.1193999999996,2.2573020869999993
2013-01-28,2013-01-25,0050,SELL,674,53.67315000000001,36175.703100000006,67.10592925050001
2013-03-14,2013-03-13,2880,SELL,225,17.3913,3913.0425000000005,15.084778837500002
2013-03-14,2013-03-13,2886,SELL,159,24.837575,3949.174425,15.224067408375001
2013-03-14,2013-03-13,2892,SELL,211,18.740625,3954.2718750000004,15.243718078125001
2013-03-14,2013-03-13,5880,SELL,232,17.091450000000002,3965.2164000000002,15.285909222
2013-03-14,2013-03-13,2412,SELL,18,92.45375,1664.1675,6.4153657125
2013-03-14,2013-03-13,3045,SELL,16,104.44775,1671.164,6.44233722
2013-03-14,2013-03-13,4904,SELL,24,69.66515000000001,1671.9636000000003,6.445419678000001
2013-03-14,2013-03-13,0050,BUY,800,55.52775,44422.2,37.98098099999999
2013-04-18,2013-04-17,2880,SELL,825,16.591700000000003,13688.152500000002,52.767827887500005
2013-04-18,2013-04-17,2886,SELL,603,22.638675,13651.121025,52.625071551375
2013-04-18,2013-04-17,2892,SELL,782,17.49125,13678.157500000001,52.7292971625
2013-04-18,2013-04-17,5880,SELL,822,16.591700000000003,13638.377400000003,52.57594487700001
2013-04-18,2013-04-17,2412,BUY,40,93.54674999999999,3741.8699999999994,3.1992988499999995
2013-04-18,2013-04-17,3045,BUY,36,102.05099999999999,3673.8359999999993,3.141129779999999
2013-04-18,2013-04-17,4904,BUY,54,70.83539999999999,3825.1115999999997,3.2704704179999995
2013-04-18,2013-04-17,0050,BUY,358,53.57677499999999,19180.485449999996,16.399315059749995
2013-04-23,2013-04-22,2880,SELL,834,16.89155,14087.552699999998,54.307515658499995
2013-04-23,2013-04-22,2886,SELL,606,22.988500000000002,13931.031,53.704124505
2013-04-23,2013-04-22,2892,SELL,796,17.69115,14082.1554,54.286709067
2013-04-23,2013-04-22,5880,SELL,839,16.791600000000003,14088.152400000003,54.30982750200001
2013-04-23,2013-04-22,2412,BUY,111,93.84689999999999,10417.005899999998,8.906540044499998
2013-04-23,2013-04-22,3045,BUY,100,104.05199999999999,10405.199999999999,8.896446
2013-04-23,2013-04-22,4904,BUY,145,71.93595,10430.71275,8.91825940125
2013-04-23,2013-04-22,0050,BUY,458,55.427699999999994,25385.886599999998,21.704933042999997
2013-05-24,2013-05-23,2880,SELL,331,17.29135,5723.43685,22.06384905675
2013-05-24,2013-05-23,2886,SELL,239,23.738125,5673.411875,21.871002778125
2013-05-24,2013-05-23,2892,SELL,313,18.1909,5693.7517,21.9494128035
2013-05-24,2013-05-23,5880,SELL,332,17.091450000000002,5674.361400000001,21.874663197000004
2013-05-24,2013-05-23,2412,BUY,184,97.6488,17967.3792,15.362109215999999
2013-05-24,2013-05-23,3045,BUY,158,115.55775,18258.124499999998,15.610696447499997
2013-05-24,2013-05-23,4904,BUY,245,74.33715,18212.601749999998,15.571774496249997
2013-05-24,2013-05-23,0050,SELL,239,56.971500000000006,13616.188500000002,25.2580296675
2013-05-30,2013-05-29,2880,SELL,6,17.441275,104.64765,0.40341669075
2013-05-30,2013-05-29,2886,SELL,5,23.838075000000003,119.19037500000002,0.45947889562500005
2013-05-30,2013-05-29,2892,SELL,6,18.140925,108.84555,0.41959959525
2013-05-30,2013-05-29,5880,SELL,6,17.241375,103.44825,0.39879300375
2013-05-30,2013-05-29,2412,BUY,123,96.64829999999999,11887.740899999999,10.164018469499998
2013-05-30,2013-05-29,3045,BUY,104,114.55725,11913.954,10.18643067
2013-05-30,2013-05-29,4904,BUY,163,73.73685,12019.10655,10.276336100249999
2013-05-30,2013-05-29,0050,SELL,494,57.371300000000005,28341.4222,52.573338181
2013-06-03,2013-05-31,2880,BUY,436,17.30865,7546.5714,6.452318547
2013-06-03,2013-05-31,2886,BUY,317,23.811899999999998,7548.372299999999,6.453858316499999
2013-06-03,2013-05-31,2892,BUY,421,18.009,7581.789,6.482429594999999
2013-06-03,2013-05-31,5880,BUY,441,17.158575,7566.931575,6.469726496624999
2013-06-03,2013-05-31,2412,SELL,153,95.15240000000001,14558.317200000001,56.122312806000004
2013-06-03,2013-05-31,3045,SELL,133,108.94550000000001,14489.751500000002,55.85799203250001
2013-06-03,2013-05-31,4904,SELL,204,70.46475000000001,14374.809000000001,55.414888695
2013-06-03,2013-05-31,0050,BUY,240,56.478225,13554.774000000001,11.589331770000001
2013-06-17,2013-06-14,2880,BUY,543,16.70835,9072.634049999999,7.757102112749998
2013-06-17,2013-06-14,2886,BUY,400,22.71135,9084.539999999999,7.767281699999999
2013-06-17,2013-06-14,2892,BUY,515,17.608800000000002,9068.532000000001,7.753594860000001
2013-06-17,2013-06-14,5880,BUY,541,16.70835,9039.217349999999,7.728530834249999
2013-06-17,2013-06-14,2412,BUY,13,94.54724999999999,1229.1142499999999,1.05089268375
2013-06-17,2013-06-14,3045,BUY,11,110.55525,1216.1077500000001,1.0397721262500002
2013-06-17,2013-06-14,4904,BUY,18,72.93645000000001,1312.8561000000002,1.1224919655
2013-06-17,2013-06-14,0050,SELL,544,54.82257500000001,29823.480800000005,55.32255688400001
2013-06-26,2013-06-25,2880,SELL,1306,16.441775,21472.95815,82.77825366824999
2013-06-26,2013-06-25,2886,SELL,957,22.338825000000003,21378.255525000004,82.41317504887502
2013-06-26,2013-06-25,2892,SELL,1234,17.3913,21460.8642,82.731631491
2013-06-26,2013-06-25,5880,SELL,1310,16.3918,21473.258,82.77940959
2013-06-26,2013-06-25,2412,BUY,517,96.048,49656.816,42.456577679999995
2013-06-26,2013-06-25,3045,BUY,442,113.55675,50192.0835,42.9142313925
2013-06-26,2013-06-25,4904,BUY,657,76.038,49956.966,42.71320593
2013-06-26,2013-06-25,0050,SELL,1330,53.57320000000001,71252.35600000001,132.17312038000003
2013-06-27,2013-06-26,2880,SELL,355,16.441775,5836.8301249999995,22.500980131874996
2013-06-27,2013-06-26,2886,SELL,265,22.238875,5893.301875,22.718678728125
2013-06-27,2013-06-26,2892,SELL,338,17.3913,5878.259400000001,22.660689987
2013-06-27,2013-06-26,5880,SELL,359,16.441775,5902.5972249999995,22.754512302374998
2013-06-27,2013-06-26,2412,BUY,137,95.8479,13131.1623,11.2271437665
2013-06-27,2013-06-26,3045,BUY,117,111.55574999999999,13052.022749999998,11.159479451249998
2013-06-27,2013-06-26,4904,BUY,171,76.53824999999999,13088.040749999998,11.190274841249998
2013-06-27,2013-06-26,0050,SELL,344,54.022975,18583.9034,34.47314080699999
2013-07-03,2013-07-02,2880,SELL,1999,16.69165,33366.608349999995,128.62827518925
2013-07-03,2013-07-02,2886,SELL,1442,22.988500000000002,33149.417,127.791002535
2013-07-03,2013-07-02,2892,SELL,1869,17.741125,33158.162625,127.82471691937499
2013-07-03,2013-07-02,5880,SELL,2005,16.591700000000003,33266.35850000001,128.24181201750002
2013-07-03,2013-07-02,2412,BUY,25,97.94895,2448.72375,2.09365880625
2013-07-03,2013-07-02,3045,BUY,21,115.05749999999999,2416.2075,2.0658574124999998
2013-07-03,2013-07-02,4904,BUY,31,78.63929999999999,2437.8183,2.0843346465
2013-07-03,2013-07-02,0050,SELL,121,55.1724,6675.8604000000005,12.383721042
2013-07-10,2013-07-09,2880,SELL,596,16.69165,9948.223399999999,38.350401207
2013-07-10,2013-07-09,2886,SELL,419,23.838075000000003,9988.153425000002,38.50433145337501
2013-07-10,2013-07-09,2892,SELL,560,17.69115,9907.044,38.19165462
2013-07-10,2013-07-09,5880,SELL,599,16.541725000000003,9908.493275000003,38.19724157512501
2013-07-10,2013-07-09,2412,BUY,12,99.0495,1188.594,1.01624787
2013-07-10,2013-07-09,3045,BUY,11,110.55525,1216.1077500000001,1.0397721262500002
2013-07-10,2013-07-09,4904,BUY,15,80.03999999999999,1200.6,1.0265129999999998
2013-07-10,2013-07-09,0050,SELL,15,55.722125000000005,835.8318750000001,1.5504681281250001
2013-07-17,2013-07-16,2880,BUY,856,17.408699999999996,14901.847199999997,12.741079355999997
2013-07-17,2013-07-16,2886,BUY,601,24.762375,14882.187375,12.724270205624999
2013-07-17,2013-07-16,2892,BUY,813,18.30915,14885.33895,12.726964802249999
2013-07-17,2013-07-16,5880,BUY,873,17.008499999999998,14848.420499999998,12.695399527499998
2013-07-17,2013-07-16,2412,SELL,110,94.85255000000001,10433.7805,40.2222238275
2013-07-17,2013-07-16,3045,SELL,99,110.44475,10934.03025,42.15068661375
2013-07-17,2013-07-16,4904,SELL,139,79.66015,11072.76085,42.68549307675
2013-07-17,2013-07-16,0050,SELL,701,57.371300000000005,40217.2813,74.6030568115
2013-07-18,2013-07-17,2880,BUY,573,17.458724999999998,10003.849424999999,8.553291258374998
2013-07-18,2013-07-17,2886,BUY,399,25.0125,9979.9875,8.532889312499998
2013-07-18,2013-07-17,2892,BUY,545,18.4092,10033.014,8.57822697
2013-07-18,2013-07-17,5880,BUY,583,17.208599999999997,10032.613799999997,8.577884798999998
2013-07-18,2013-07-17,2412,SELL,59,95.5522,5637.5797999999995,21.732870129
2013-07-18,2013-07-17,3045,SELL,51,109.94500000000001,5607.195000000001,21.615736725
2013-07-18,2013-07-17,4904,SELL,70,80.85955000000001,5660.168500000001,21.819949567500004
2013-07-18,2013-07-17,0050,SELL,473,57.571200000000005,27231.177600000003,50.513834448000004
2013-07-22,2013-07-19,2880,BUY,540,17.358675,9373.684500000001,8.014500247500001
2013-07-22,2013-07-19,2886,BUY,375,25.0125,9379.6875,8.0196328125
2013-07-22,2013-07-19,2892,BUY,510,18.4092,9388.692,8.02733166
2013-07-22,2013-07-19,5880,BUY,546,17.208599999999997,9395.895599999998,8.033490737999998
2013-07-22,2013-07-19,2412,SELL,66,95.7521,6319.6386,24.362206803
2013-07-22,2013-07-19,3045,SELL,57,111.44425000000001,6352.322250000001,24.488202273750005
2013-07-22,2013-07-19,4904,SELL,79,80.45975,6356.32025,24.50361456375
2013-07-22,2013-07-19,0050,SELL,397,56.121925000000005,22280.404225000002,41.330149837375004
2013-07-24,2013-07-23,2880,BUY,701,17.558775,12308.701275000001,10.523939590125
2013-07-24,2013-07-23,2886,BUY,489,25.162574999999997,12304.499174999999,10.520346794624999
2013-07-24,2013-07-23,2892,BUY,662,18.6093,12319.356600000001,10.533049893000001
2013-07-24,2013-07-23,5880,BUY,716,17.208599999999997,12321.357599999998,10.534760747999998
2013-07-24,2013-07-23,2412,SELL,82,96.65165,7925.4353,30.5525530815
2013-07-24,2013-07-23,3045,SELL,68,115.94200000000001,7884.0560000000005,30.393035880000003
2013-07-24,2013-07-23,4904,SELL,95,79.46025,7548.72375,29.10033005625
2013-07-24,2013-07-23,0050,SELL,355,56.7716,20153.918,37.38551789
2013-07-25,2013-07-24,2880,BUY,536,17.458724999999998,9357.8766,8.000984492999999
2013-07-25,2013-07-24,2886,BUY,373,25.0125,9329.6625,7.9768614375
2013-07-25,2013-07-24,2892,BUY,503,18.6093,9360.4779,8.0032086045
2013-07-25,2013-07-24,5880,BUY,545,17.158575,9351.423375,7.995466985625
2013-07-25,2013-07-24,2412,SELL,119,95.5522,11370.7118,43.834093988999996
2013-07-25,2013-07-24,3045,SELL,102,110.9445,11316.339,43.624486845
2013-07-25,2013-07-24,4904,SELL,148,76.7616,11360.7168,43.795563264
2013-07-25,2013-07-24,0050,SELL,31,56.7716,1759.9196,3.2646508579999995
2013-07-26,2013-07-25,2880,BUY,439,17.50875,7686.3412499999995,6.57182176875
2013-07-26,2013-07-25,2886,BUY,306,25.0125,7653.825,6.544020375
2013-07-26,2013-07-25,2892,BUY,410,18.659325,7650.3232499999995,6.541026378749999
2013-07-26,2013-07-25,5880,BUY,446,17.158575,7652.72445,6.543079404749999
2013-07-26,2013-07-25,2412,SELL,143,95.5522,13663.9646,52.674583532999996
2013-07-26,2013-07-25,3045,SELL,125,109.94500000000001,13743.125000000002,52.979746875000004
2013-07-26,2013-07-25,4904,SELL,180,76.66165000000001,13799.097000000002,53.195518935
2013-07-26,2013-07-25,0050,BUY,157,57.028499999999994,8953.474499999998,7.655220697499998
2013-07-29,2013-07-26,2880,BUY,310,17.458724999999998,5412.204749999999,4.627435061249999
2013-07-29,2013-07-26,2886,BUY,217,24.912449999999996,5406.001649999999,4.622131410749999
2013-07-29,2013-07-26,2892,BUY,290,18.709349999999997,5425.711499999999,4.6389833325
2013-07-29,2013-07-26,5880,BUY,315,17.208599999999997,5420.708999999999,4.634706194999999
2013-07-29,2013-07-26,2412,SELL,130,95.952,12473.76,48.0863448
2013-07-29,2013-07-26,3045,SELL,113,109.94500000000001,12423.785000000002,47.89369117500001
2013-07-29,2013-07-26,4904,SELL,162,77.86105,12613.4901,48.6250043355
2013-07-29,2013-07-26,0050,BUY,224,56.72835,12707.1504,10.864613592
2013-08-02,2013-08-01,2880,BUY,524,17.50875,9174.585,7.844270174999999
2013-08-02,2013-08-01,2886,BUY,362,25.462725,9217.506449999999,7.880968014749999
2013-08-02,2013-08-01,2892,BUY,493,17.258625,8508.502124999999,7.274769316874999
2013-08-02,2013-08-01,5880,BUY,537,17.158575,9214.154774999999,7.878102332624999
2013-08-02,2013-08-01,2412,SELL,73,95.05245,6938.82885,26.74918521675
2013-08-02,2013-08-01,3045,SELL,63,108.94550000000001,6863.566500000001,26.4590488575
2013-08-02,2013-08-01,4904,SELL,91,76.26185,6939.82835,26.75303828925
2013-08-02,2013-08-01,0050,SELL,132,56.57170000000001,7467.464400000001,13.852146462
2013-08-09,2013-08-08,2880,BUY,808,17.158575,13864.1286,11.853829953
2013-08-09,2013-08-08,2886,BUY,552,25.11255,13862.1276,11.852119098
2013-08-09,2013-08-08,2892,BUY,815,17.008499999999998,13861.927499999998,11.851948012499998
2013-08-09,2013-08-08,5880,BUY,817,16.958475,13855.074075,11.846088334125
2013-08-09,2013-08-08,2412,SELL,67,93.7531,6281.4577,24.2150194335
2013-08-09,2013-08-08,3045,SELL,59,106.9465,6309.8435,24.3244466925
2013-08-09,2013-08-08,4904,SELL,87,73.36330000000001,6382.607100000001,24.604950370500003
2013-08-09,2013-08-08,0050,SELL,219,54.872550000000004,12017.088450000001,22.29169907475
2013-08-14,2013-08-13,2880,BUY,726,17.30865,12566.0799,10.7439983145
2013-08-14,2013-08-13,2886,BUY,539,23.31165,12564.97935,10.74305734425
2013-08-14,2013-08-13,2892,BUY,732,17.158575,12560.0769,10.7388657495
2013-08-14,2013-08-13,5880,BUY,741,15.8079,11713.6539,10.0151740845
2013-08-14,2013-08-13,2412,SELL,25,93.953,2348.8250000000003,9.054720375
2013-08-14,2013-08-13,3045,SELL,22,109.94500000000001,2418.79,9.32443545
2013-08-14,2013-08-13,4904,SELL,32,74.26285,2376.4112,9.161065176
2013-08-14,2013-08-13,0050,SELL,75,55.522225,4164.166875,7.724529553125
2013-08-16,2013-08-15,2880,BUY,582,16.108050000000002,9374.885100000001,8.0155267605
2013-08-16,2013-08-15,2886,BUY,408,23.011499999999998,9388.692,8.02733166
2013-08-16,2013-08-15,2892,BUY,553,16.90845,9350.37285,7.9945687867499995
2013-08-16,2013-08-15,5880,BUY,595,15.707849999999999,9346.17075,7.990975991249999
2013-08-16,2013-08-15,2412,SELL,2,93.3533,186.7066,0.7197539430000001
2013-08-16,2013-08-15,3045,SELL,2,107.94600000000001,215.89200000000002,0.8322636600000001
2013-08-16,2013-08-15,4904,SELL,3,73.66315,220.98945,0.85191432975
2013-08-16,2013-08-15,0050,SELL,7,54.622675,382.358725,0.7092754348749999
2013-08-22,2013-08-20,2880,SELL,870,15.992,13913.04,53.6347692
2013-08-22,2013-08-20,2886,SELL,607,22.988500000000002,13954.0195,53.7927451725
2013-08-22,2013-08-20,2892,SELL,819,16.991500000000002,13916.038500000002,53.64632841750001
2013-08-22,2013-08-20,5880,SELL,889,15.642175000000002,13905.893575000002,53.60721973162501
2013-08-22,2013-08-20,2412,BUY,338,93.2466,31517.3508,26.947334934
2013-08-22,2013-08-20,3045,BUY,295,107.0535,31580.7825,27.0015690375
2013-08-22,2013-08-20,4904,BUY,433,72.53625,31408.196249999997,26.854007793749997
2013-08-22,2013-08-20,0050,SELL,326,54.27285,17692.949099999998,32.82042058049999
2013-08-23,2013-08-22,2880,SELL,1142,16.241875,18548.22125,71.50339291875
2013-08-23,2013-08-22,2886,SELL,801,23.038475000000002,18453.818475,71.139470221125
2013-08-23,2013-08-22,2892,SELL,1079,17.091450000000002,18441.674550000003,71.09265539025002
2013-08-23,2013-08-22,5880,SELL,1183,15.642175000000002,18504.693025,71.335591611375
2013-08-23,2013-08-22,2412,BUY,383,93.74685,35905.043549999995,30.698812235249996
2013-08-23,2013-08-22,3045,BUY,336,106.053,35633.808,30.466905839999995
2013-08-23,2013-08-22,4904,BUY,480,73.6368,35345.664,30.220542719999997
2013-08-23,2013-08-22,0050,SELL,403,54.472750000000005,21952.51825,40.72192135375
2013-08-27,2013-08-26,2880,BUY,901,16.108050000000002,14513.353050000002,12.40891685775
2013-08-27,2013-08-26,2886,BUY,632,23.011499999999998,14543.267999999998,12.434494139999998
2013-08-27,2013-08-26,2892,BUY,848,17.10855,14508.0504,12.404383092
2013-08-27,2013-08-26,5880,BUY,927,15.657824999999999,14514.803774999998,12.410157227624998
2013-08-27,2013-08-26,2412,SELL,234,93.45325000000001,21868.060500000003,84.30137322750001
2013-08-27,2013-08-26,3045,SELL,209,104.44775,21829.57975,84.15302993625001
2013-08-27,2013-08-26,4904,SELL,302,72.5637,21914.237399999998,84.479385177
2013-08-27,2013-08-26,0050,BUY,35,55.027499999999996,1925.9624999999999,1.6466979374999997
2013-08-28,2013-08-27,2880,SELL,823,16.041975,13202.545425,50.895812613375
2013-08-28,2013-08-27,2886,SELL,576,22.88855,13183.8048,50.823567503999996
2013-08-28,2013-08-27,2892,SELL,775,16.991500000000002,13168.412500000002,50.764230187500004
2013-08-28,2013-08-27,5880,SELL,850,15.542225000000002,13210.891250000002,50.927985768750005
2013-08-28,2013-08-27,2412,BUY,259,93.0465,24099.0435,20.6046821925
2013-08-28,2013-08-27,3045,BUY,230,105.55274999999999,24277.132499999996,20.756948287499995
2013-08-28,2013-08-27,4904,BUY,336,72.13605,24237.712799999998,20.723244444
2013-08-28,2013-08-27,0050,SELL,265,54.322825,14395.548625000001,26.703742699375
2013-08-29,2013-08-28,2880,SELL,1017,16.141925,16416.337725,63.284981929875
2013-08-29,2013-08-28,2886,SELL,722,22.738625000000003,16417.28725,63.28864234875
2013-08-29,2013-08-28,2892,SELL,957,17.091450000000002,16356.517650000002,63.05437554075
2013-08-29,2013-08-28,5880,SELL,1042,15.69215,16351.220299999999,63.033954256499996
2013-08-29,2013-08-28,2412,BUY,311,93.54674999999999,29093.039249999998,24.874548558749996
2013-08-29,2013-08-28,3045,BUY,273,106.053,28952.469,24.754360995
2013-08-29,2013-08-28,4904,BUY,397,72.8364,28916.050799999997,24.723223433999998
2013-08-29,2013-08-28,0050,SELL,281,54.82257500000001,15405.143575000002,28.576541331625002
2013-08-30,2013-08-29,2880,BUY,509,16.158074999999997,8224.460174999998,7.031913449624998
2013-08-30,2013-08-29,2886,BUY,361,22.861425,8252.974425,7.056293133375
2013-08-30,2013-08-29,2892,BUY,479,17.158575,8218.957424999999,7.027208598374998
2013-08-30,2013-08-29,5880,BUY,520,15.757874999999999,8194.095,7.005951225
2013-08-30,2013-08-29,2412,SELL,174,94.25285000000001,16399.9959,63.2219841945
2013-08-30,2013-08-29,3045,SELL,153,106.44675000000001,16286.352750000002,62.78388985125
2013-08-30,2013-08-29,4904,SELL,220,73.96300000000001,16271.860000000002,62.72802030000001
2013-08-30,2013-08-29,0050,BUY,232,55.6278,12905.6496,11.034330408
2013-09-02,2013-08-30,2880,BUY,610,16.258125,9917.45625,8.479425093749999
2013-09-02,2013-08-30,2886,BUY,435,22.861425,9944.719875,8.502735493125
2013-09-02,2013-08-30,2892,BUY,575,17.30865,9952.47375,8.50936505625
2013-09-02,2013-08-30,5880,BUY,622,15.90795,9894.7449,8.460006889499999
2013-09-02,2013-08-30,2412,SELL,244,94.05295,22948.9198,88.468085829
2013-09-02,2013-08-30,3045,SELL,214,107.44625,22993.4975,88.6399328625
2013-09-02,2013-08-30,4904,SELL,305,75.46225,23015.986249999998,88.72662699374999
2013-09-02,2013-08-30,0050,BUY,410,55.977975,22950.96975,19.62307913625
2013-09-03,2013-09-02,2880,BUY,72,16.408199999999997,1181.3903999999998,1.0100887919999997
2013-09-03,2013-09-02,2886,BUY,51,23.31165,1188.89415,1.01650449825
2013-09-03,2013-09-02,2892,BUY,67,17.558775,1176.437925,1.005854425875
2013-09-03,2013-09-02,5880,BUY,73,16.008,1168.5839999999998,0.9991393199999998
2013-09-03,2013-09-02,2412,SELL,172,94.25285000000001,16211.490200000002,62.49529472100001
2013-09-03,2013-09-02,3045,SELL,150,107.44625,16116.937500000002,62.13079406250001
2013-09-03,2013-09-02,4904,SELL,216,75.06245,16213.4892,62.503000866
2013-09-03,2013-09-02,0050,BUY,755,56.628299999999996,42754.3665,36.55498335749999
2013-09-04,2013-09-03,2880,BUY,155,16.358175,2535.517125,2.167867141875
2013-09-04,2013-09-03,2886,BUY,109,23.211599999999997,2530.0643999999998,2.163205062
2013-09-04,2013-09-03,2892,BUY,144,17.608800000000002,2535.6672000000003,2.1679954560000003
2013-09-04,2013-09-03,5880,BUY,158,16.058025,2537.16795,2.16927859725
2013-09-04,2013-09-03,2412,SELL,155,93.953,14562.715,56.139266325
2013-09-04,2013-09-03,3045,SELL,138,104.9475,14482.755000000001,55.831020525
2013-09-04,2013-09-03,4904,SELL,195,74.26285,14481.25575,55.82524091625
2013-09-04,2013-09-03,0050,BUY,522,56.52825,29507.7465,25.2291232575
2013-09-05,2013-09-04,2880,BUY,387,16.6083,6427.4121,5.495437345499999
2013-09-05,2013-09-04,2886,BUY,271,23.6118,6398.797799999999,5.470972118999999
2013-09-05,2013-09-04,2892,BUY,362,17.658824999999997,6392.494649999999,5.465582925749999
2013-09-05,2013-09-04,5880,BUY,399,16.058025,6407.151975000001,5.4781149386250005
2013-09-05,2013-09-04,2412,SELL,128,94.5527,12102.7456,46.656084288
2013-09-05,2013-09-04,3045,SELL,114,106.44675000000001,12134.9295,46.7801532225
2013-09-05,2013-09-04,4904,SELL,164,75.06245,12310.2418,47.455982139
2013-09-05,2013-09-04,0050,BUY,293,56.72835,16621.40655,14.211302600249999
2013-09-25,2013-09-24,2880,SELL,45,17.241375,775.861875,2.990947528125
2013-09-25,2013-09-24,2886,SELL,31,24.437775000000002,757.5710250000001,2.920436301375
2013-09-25,2013-09-24,2892,SELL,43,17.991,773.6129999999999,2.9822781149999997
2013-09-25,2013-09-24,5880,SELL,47,16.49175,775.11225,2.98805772375
2013-09-25,2013-09-24,2412,SELL,147,93.953,13811.091,53.241755805
2013-09-25,2013-09-24,3045,SELL,130,105.947,13773.11,53.09533905
2013-09-25,2013-09-24,4904,SELL,186,74.16290000000001,13794.299400000002,53.17702418700001
2013-09-25,2013-09-24,0050,BUY,1049,58.028999999999996,60872.420999999995,52.045919954999995
2013-09-27,2013-09-26,2880,SELL,42,16.941525,711.54405,2.74300231275
2013-09-27,2013-09-26,2886,SELL,29,24.237875000000003,702.8983750000001,2.7096732356250004
2013-09-27,2013-09-26,2892,SELL,40,17.89105,715.642,2.75879991
2013-09-27,2013-09-26,5880,SELL,44,16.341825000000004,719.0403000000001,2.7719003565
2013-09-27,2013-09-26,2412,SELL,77,93.5532,7203.5964,27.769864122
2013-09-27,2013-09-26,3045,SELL,70,103.94800000000001,7276.360000000001,28.0503678
2013-09-27,2013-09-26,4904,SELL,98,73.5632,7209.1936,27.791441327999998
2013-09-27,2013-09-26,0050,BUY,699,57.42869999999999,40142.66129999999,34.32197541149999
2013-10-17,2013-10-16,2880,SELL,375,17.441275,6540.478125000001,25.213543171875003
2013-10-17,2013-10-16,2886,SELL,260,25.1874,6548.724,25.245331020000002
2013-10-17,2013-10-16,2892,SELL,362,18.1909,6585.105799999999,25.385582858999996
2013-10-17,2013-10-16,5880,SELL,399,16.49175,6580.20825,25.366702803749998
2013-10-17,2013-10-16,2412,SELL,57,93.7531,5343.9267,20.6008374285
2013-10-17,2013-10-16,3045,SELL,53,98.9505,5244.3765,20.2170714075
2013-10-17,2013-10-16,4904,SELL,76,69.965,5317.34,20.4983457
2013-10-17,2013-10-16,0050,BUY,1049,58.679325,61554.611925,52.629193195875
2013-10-21,2013-10-18,2880,SELL,272,17.441275,4744.026800000001,18.288223314000003
2013-10-21,2013-10-18,2886,SELL,188,24.9875,4697.650000000001,18.10944075
2013-10-21,2013-10-18,2892,SELL,261,18.140925,4734.781425,18.252582393375
2013-10-21,2013-10-18,5880,SELL,288,16.441775,4735.2312,18.254316276
2013-10-21,2013-10-18,2412,SELL,21,93.1534,1956.2214000000001,7.541233497
2013-10-21,2013-10-18,3045,SELL,20,94.35280000000002,1887.0560000000003,7.274600880000001
2013-10-21,2013-10-18,4904,SELL,30,63.968,1919.0400000000002,7.3978992
2013-10-21,2013-10-18,0050,BUY,636,59.079525,37574.5779,32.126264104499995
2013-11-08,2013-11-07,2880,SELL,116,16.991500000000002,1971.0140000000001,7.598258970000001
2013-11-08,2013-11-07,2886,SELL,82,24.087950000000003,1975.2119000000002,7.614441874500001
2013-11-08,2013-11-07,2892,SELL,111,17.69115,1963.71765,7.57013154075
2013-11-08,2013-11-07,5880,SELL,121,16.29185,1971.31385,7.5994148917499995
2013-11-08,2013-11-07,2412,SELL,27,92.7536,2504.3472,9.654258456
2013-11-08,2013-11-07,3045,SELL,26,97.5512,2536.3311999999996,9.777556775999999
2013-11-08,2013-11-07,4904,SELL,39,64.1679,2502.5481,9.6473229255
2013-11-08,2013-11-07,0050,BUY,746,56.628299999999996,42244.7118,36.119228588999995
2013-11-11,2013-11-08,2880,SELL,1011,16.991500000000002,17178.4065,66.2227570575
2013-11-11,2013-11-08,2886,SELL,714,24.1879,17270.1606,66.576469113
2013-11-11,2013-11-08,2892,SELL,971,17.7911,17275.1581,66.5957344755
2013-11-11,2013-11-08,5880,SELL,1057,16.341825000000004,17273.309025000002,66.588606291375
2013-11-11,2013-11-08,2412,SELL,7,92.85355000000001,649.9748500000001,2.50565304675
2013-11-11,2013-11-08,3045,SELL,7,97.45125,682.15875,2.6297219812500003
2013-11-11,2013-11-08,4904,SELL,10,64.26785,642.6785,2.4775256175
2013-11-11,2013-11-08,0050,BUY,220,56.478225,12425.2095,10.6235541225
2014-01-15,2014-01-14,2880,BUY,746,17.50875,13061.5275,11.1676060125
2014-01-15,2014-01-14,2886,BUY,529,24.662324999999996,13046.369924999997,11.154646285874998
2014-01-15,2014-01-14,2892,BUY,713,18.30915,13054.423949999999,11.161532477249999
2014-01-15,2014-01-14,5880,BUY,796,16.358175,13021.1073,11.1330467415
2014-01-15,2014-01-14,2412,SELL,5,91.95400000000001,459.77000000000004,1.77241335
2014-01-15,2014-01-14,3045,SELL,5,93.7531,468.76550000000003,1.8070910025
2014-01-15,2014-01-14,4904,SELL,8,61.66915000000001,493.3532000000001,1.9018765860000002
2014-01-15,2014-01-14,0050,SELL,479,57.92102500000001,27744.170975000005,51.46543715862501
2014-03-07,2014-03-06,2880,SELL,585,17.29135,10115.439750000001,38.99502023625001
2014-03-07,2014-03-06,2886,SELL,425,23.988,10194.9,39.3013395
2014-03-07,2014-03-06,2892,SELL,561,18.090950000000003,10149.022950000002,39.124483472250006
2014-03-07,2014-03-06,5880,SELL,625,16.241875,10151.171875,39.132767578125
2014-03-07,2014-03-06,2412,SELL,7,92.45375,647.17625,2.49486444375
2014-03-07,2014-03-06,3045,SELL,7,90.35480000000001,632.4836,2.438224278
2014-03-07,2014-03-06,4904,SELL,11,60.869550000000004,669.56505,2.58117326775
2014-03-07,2014-03-06,0050,BUY,629,59.329649999999994,37318.34985,31.907189121749997
2014-04-25,2014-04-24,2880,SELL,474,17.29135,8196.099900000001,31.595965114500004
2014-04-25,2014-04-24,2886,SELL,346,23.3883,8092.3518,31.196016189
2014-04-25,2014-04-24,2892,SELL,457,17.941025,8199.048424999999,31.607331678374997
2014-04-25,2014-04-24,5880,SELL,502,16.29185,8178.5087,31.5281510385
2014-04-25,2014-04-24,2412,BUY,143,94.54724999999999,13520.256749999999,11.559819521249999
2014-04-25,2014-04-24,3045,BUY,141,96.048,13542.768,11.579066639999999
2014-04-25,2014-04-24,4904,BUY,207,65.4327,13544.5689,11.5806064095
2014-04-25,2014-04-24,0050,BUY,680,61.680825,41942.960999999996,35.861231655
2014-05-02,2014-04-30,2880,SELL,230,16.991500000000002,3908.0450000000005,15.065513475000001
2014-05-02,2014-04-30,2886,SELL,169,23.08845,3901.9480500000004,15.042009732750001
2014-05-02,2014-04-30,2892,SELL,221,17.69115,3909.74415,15.07206369825
2014-05-02,2014-04-30,5880,SELL,244,16.041975,3914.2419,15.089402524499999
2014-05-02,2014-04-30,2412,BUY,192,94.4472,18133.862399999998,15.504452351999998
2014-05-02,2014-04-30,3045,BUY,186,97.4487,18125.4582,15.497266761
2014-05-02,2014-04-30,4904,BUY,278,65.33264999999999,18162.476699999996,15.528917578499996
2014-05-02,2014-04-30,0050,SELL,397,61.119425,24264.411724999998,45.01048374987499
2014-05-05,2014-05-02,2880,SELL,283,17.241375,4879.309125000001,18.809736676875
2014-05-05,2014-05-02,2886,SELL,210,23.238375,4880.05875,18.81262648125
2014-05-05,2014-05-02,2892,SELL,273,17.89105,4884.25665,18.828809385750002
2014-05-05,2014-05-02,5880,SELL,301,16.1919,4873.7619,18.7883521245
2014-05-05,2014-05-02,2412,BUY,204,94.4472,19267.2288,16.473480624
2014-05-05,2014-05-02,3045,BUY,198,97.14854999999999,19235.412899999996,16.446278029499997
2014-05-05,2014-05-02,4904,BUY,294,66.033,19413.702,16.59871521
2014-05-05,2014-05-02,0050,SELL,482,61.519225,29652.26645,55.00495426475
2014-05-06,2014-05-05,2880,SELL,267,17.1914,4590.103800000001,17.694850149000004
2014-05-06,2014-05-05,2886,SELL,199,23.08845,4594.60155,17.71218897525
2014-05-06,2014-05-05,2892,SELL,257,17.89105,4597.99985,17.72528942175
2014-05-06,2014-05-05,5880,SELL,284,16.09195,4570.1138,17.617788699
2014-05-06,2014-05-05,2412,BUY,153,94.047,14389.190999999999,12.302758305
2014-05-06,2014-05-05,3045,BUY,149,96.54825,14385.68925,12.29976430875
2014-05-06,2014-05-05,4904,BUY,218,65.53275,14286.1395,12.214649272499999
2014-05-06,2014-05-05,0050,SELL,353,61.46925,21698.64525,40.25098693875
2014-05-26,2014-05-23,2880,BUY,692,17.50875,12116.055,10.359227025
2014-05-26,2014-05-23,2886,BUY,503,24.2121,12178.6863,10.412776786499998
2014-05-26,2014-05-23,2892,BUY,667,18.2091,12145.4697,10.384376593499999
2014-05-26,2014-05-23,5880,BUY,743,16.358175,12154.124025,10.391776041375
2014-05-26,2014-05-23,2412,BUY,63,96.64829999999999,6088.8429,5.2059606794999995
2014-05-26,2014-05-23,3045,BUY,61,99.94995,6096.9469500000005,5.21288964225
2014-05-26,2014-05-23,4904,BUY,89,69.53475,6188.59275,5.29124680125
2014-05-26,2014-05-23,0050,SELL,898,62.818575,56411.080350000004,104.64255404925
2014-05-28,2014-05-27,2880,BUY,692,17.558775,12150.6723,10.3888248165
2014-05-28,2014-05-27,2886,BUY,497,24.512249999999998,12182.588249999999,10.416112953749998
2014-05-28,2014-05-27,2892,BUY,666,18.30915,12193.8939,10.425779284499999
2014-05-28,2014-05-27,5880,BUY,743,16.408199999999997,12191.292599999997,10.423555172999997
2014-05-28,2014-05-27,2412,SELL,107,96.15190000000001,10288.253300000002,39.661216471500005
2014-05-28,2014-05-27,3045,SELL,103,99.45025000000001,10243.375750000001,39.488213516250006
2014-05-28,2014-05-27,4904,SELL,152,67.96600000000001,10330.832000000002,39.825357360000005
2014-05-28,2014-05-27,0050,SELL,276,63.118425,17420.6853,32.3153712315
2014-05-29,2014-05-28,2880,BUY,285,17.858925,5089.793625,4.351773549375
2014-05-29,2014-05-28,2886,BUY,205,24.862425,5096.797125,4.357761541875
2014-05-29,2014-05-28,2892,BUY,276,18.509249999999998,5108.553,4.367812815
2014-05-29,2014-05-28,5880,BUY,308,16.558275,5099.9487,4.3604561385
2014-05-29,2014-05-28,2412,SELL,146,96.45175,14081.9555,54.2859384525
2014-05-29,2014-05-28,3045,SELL,142,99.05045,14065.1639,54.221206834499995
2014-05-29,2014-05-28,4904,SELL,206,67.46625,13898.0475,53.5769731125
2014-05-29,2014-05-28,0050,BUY,324,63.73185,20649.1194,17.654997086999998
2014-06-03,2014-05-30,2880,BUY,810,18.30915,14830.411499999998,12.680001832499999
2014-06-03,2014-05-30,2886,BUY,593,25.0125,14832.4125,12.6817126875
2014-06-03,2014-05-30,2892,BUY,799,18.6093,14868.8307,12.7128502485
2014-06-03,2014-05-30,5880,BUY,904,16.50825,14923.458,12.75955659
2014-06-03,2014-05-30,2412,SELL,189,95.952,18134.928,69.91014744
2014-06-03,2014-05-30,3045,SELL,184,99.45025000000001,18298.846,70.54205133
2014-06-03,2014-05-30,4904,SELL,267,68.26585,18226.98195,70.26501541725
2014-06-03,2014-05-30,0050,SELL,64,63.118425,4039.5792,7.493419416
2014-06-04,2014-06-03,2880,BUY,646,18.159074999999998,11730.762449999998,10.029801894749998
2014-06-04,2014-06-03,2886,BUY,478,24.6123,11764.6794,10.058800887
2014-06-04,2014-06-03,2892,BUY,636,18.659325,11867.330699999999,10.146567748499999
2014-06-04,2014-06-03,5880,BUY,716,16.558275,11855.7249,10.136644789499998
2014-06-04,2014-06-03,2412,SELL,85,95.952,8155.92,31.4410716
2014-06-04,2014-06-03,3045,SELL,83,99.45025000000001,8254.37075,31.82059924125
2014-06-04,2014-06-03,4904,SELL,121,68.26585,8260.16785,31.84294706175
2014-06-04,2014-06-03,0050,SELL,382,63.368300000000005,24206.6906,44.903411063
2014-06-10,2014-06-09,2880,SELL,168,18.140925,3047.6754,11.748788667
2014-06-10,2014-06-09,2886,SELL,123,24.837575,3055.021725,11.777108749875
2014-06-10,2014-06-09,2892,SELL,164,18.540725000000002,3040.6789000000003,11.7218171595
2014-06-10,2014-06-09,5880,SELL,184,16.541725000000003,3043.6774000000005,11.733376377
2014-06-10,2014-06-09,2412,SELL,96,95.85205,9201.7968,35.472926664
2014-06-10,2014-06-09,3045,SELL,94,98.9505,9301.347,35.856692685
2014-06-10,2014-06-09,4904,SELL,136,68.46575,9311.342,35.89522341
2014-06-10,2014-06-09,0050,BUY,716,63.881924999999995,45739.4583,39.107236846499994
2014-06-23,2014-06-20,2880,SELL,465,18.140925,8435.530125,32.518968631875
2014-06-23,2014-06-20,2886,SELL,343,24.5877,8433.581100000001,32.511455140500004
2014-06-23,2014-06-20,2892,SELL,450,18.740625,8433.28125,32.51029921875
2014-06-23,2014-06-20,5880,SELL,504,16.741625000000003,8437.779,32.527638045
2014-06-23,2014-06-20,2412,SELL,70,96.35180000000001,6744.626000000001,26.000533230000002
2014-06-23,2014-06-20,3045,SELL,68,99.95,6796.6,26.200893
2014-06-23,2014-06-20,4904,SELL,99,68.46575,6778.10925,26.129611158750002
2014-06-23,2014-06-20,0050,BUY,937,64.83239999999999,60747.95879999999,51.93950477399999
2014-07-28,2014-07-25,2880,BUY,680,19.159574999999997,13028.510999999999,11.139376904999999
2014-07-28,2014-07-25,2886,BUY,489,26.6133,13013.903699999999,11.126887663499998
2014-07-28,2014-07-25,2892,BUY,644,20.210099999999997,13015.304399999997,11.128085261999997
2014-07-28,2014-07-25,5880,BUY,733,17.708849999999998,12980.587049999998,11.098401927749999
2014-07-28,2014-07-25,2412,SELL,3,91.5542,274.6626,1.058824323
2014-07-28,2014-07-25,3045,SELL,3,92.25385,276.76155,1.06691577525
2014-07-28,2014-07-25,4904,SELL,4,62.968500000000006,251.87400000000002,0.97097427
2014-07-28,2014-07-25,0050,SELL,483,67.41627500000001,32562.060825000008,60.40262283037501
2014-08-01,2014-07-31,2880,BUY,649,19.059525,12369.631725000001,10.576035124875
2014-08-01,2014-07-31,2886,BUY,475,26.012999999999998,12356.175,10.564529624999999
2014-08-01,2014-07-31,2892,BUY,614,18.509249999999998,11364.679499999998,9.716800972499998
2014-08-01,2014-07-31,5880,BUY,702,17.50875,12291.1425,10.508926837499999
2014-08-01,2014-07-31,2412,SELL,5,91.25435,456.27175,1.75892759625
2014-08-01,2014-07-31,3045,SELL,5,91.05445,455.27225,1.7550745237499998
2014-08-01,2014-07-31,4904,SELL,7,62.46875,437.28125,1.6857192187499999
2014-08-01,2014-07-31,0050,SELL,635,65.91702500000001,41857.310875,77.645311673125
2014-08-04,2014-08-01,2880,BUY,865,19.0095,16443.2175,14.058950962499999
2014-08-04,2014-08-01,2886,BUY,640,25.762874999999998,16488.239999999998,14.097445199999997
2014-08-04,2014-08-01,2892,BUY,886,18.709349999999997,16576.484099999998,14.172893905499997
2014-08-04,2014-08-01,5880,BUY,934,17.608800000000002,16446.6192,14.061859416
2014-08-04,2014-08-01,2412,SELL,1,91.95400000000001,91.95400000000001,0.35448267
2014-08-04,2014-08-01,3045,SELL,1,92.15390000000001,92.15390000000001,0.35525328450000004
2014-08-04,2014-08-01,4904,SELL,2,62.968500000000006,125.93700000000001,0.485487135
2014-08-04,2014-08-01,0050,SELL,753,66.16690000000001,49823.67570000001,92.42291842350001
2014-08-05,2014-08-04,2880,BUY,544,19.10955,10395.5952,8.888233896
2014-08-05,2014-08-04,2886,BUY,399,25.8129,10299.347099999999,8.805941770499999
2014-08-05,2014-08-04,2892,BUY,565,18.4092,10401.197999999999,8.893024289999998
2014-08-05,2014-08-04,5880,BUY,591,17.608800000000002,10406.8008,8.897814684
2014-08-05,2014-08-04,2412,BUY,24,92.04599999999999,2209.104,1.8887839199999998
2014-08-05,2014-08-04,3045,BUY,24,92.54625,2221.11,1.8990490500000001
2014-08-05,2014-08-04,4904,BUY,35,63.331649999999996,2216.6077499999997,1.8951996262499997
2014-08-05,2014-08-04,0050,SELL,673,66.36680000000001,44664.85640000001,82.85330862200001
2014-08-20,2014-08-19,2880,BUY,575,18.259124999999997,10498.996874999999,8.976642328125
2014-08-20,2014-08-19,2886,BUY,417,25.11255,10471.93335,8.95350301425
2014-08-20,2014-08-19,2892,BUY,575,18.259124999999997,10498.996874999999,8.976642328125
2014-08-20,2014-08-19,5880,BUY,638,16.458225,10500.347549999999,8.977797155249998
2014-08-20,2014-08-19,2412,BUY,101,93.2466,9417.9066,8.052310143
2014-08-20,2014-08-19,3045,BUY,99,95.0475,9409.7025,8.045295637499999
2014-08-20,2014-08-19,4904,BUY,146,65.33264999999999,9538.566899999998,8.155474699499997
2014-08-20,2014-08-19,0050,SELL,368,67.66615,24901.143200000002,46.191620636
2014-08-29,2014-08-28,2880,SELL,819,18.840575,15430.430925,59.484311215875
2014-08-29,2014-08-28,2886,SELL,597,25.837075000000002,15424.733775,59.462348702625
2014-08-29,2014-08-28,2892,SELL,823,18.69065,15382.404950000002,59.299171082250005
2014-08-29,2014-08-28,5880,SELL,918,16.791600000000003,15414.688800000002,59.42362532400001
2014-08-29,2014-08-28,2412,BUY,107,93.74685,10030.91295,8.576430572249999
2014-08-29,2014-08-28,3045,BUY,103,96.94845,9985.690349999999,8.537765249249999
2014-08-29,2014-08-28,4904,BUY,155,64.93245,10064.52975,8.60517293625
2014-08-29,2014-08-28,0050,BUY,680,69.084525,46977.477,40.165742834999996
2014-09-01,2014-08-29,2880,SELL,609,18.590700000000002,11321.7363,43.6452934365
2014-09-01,2014-08-29,2886,SELL,437,25.937025000000002,11334.479925000001,43.69442011087501
2014-09-01,2014-08-29,2892,SELL,610,18.640674999999998,11370.811749999999,43.834479296249995
2014-09-01,2014-08-29,5880,SELL,676,16.69165,11283.5554,43.498106066999995
2014-09-01,2014-08-29,2412,SELL,29,92.7536,2689.8544,10.369388712000001
2014-09-01,2014-08-29,3045,SELL,28,93.953,2630.684,10.141286820000001
2014-09-01,2014-08-29,4904,SELL,43,62.66865000000001,2694.7519500000003,10.38826876725
2014-09-01,2014-08-29,0050,BUY,851,69.28462499999999,58961.215874999994,50.41183957312499
2014-09-02,2014-09-01,2880,SELL,419,18.69065,7831.382350000001,30.189978959250002
2014-09-02,2014-09-01,2886,SELL,301,25.88705,7792.002049999999,30.038167902749997
2014-09-02,2014-09-01,2892,SELL,415,18.840575,7818.838625,30.141622899375
2014-09-02,2014-09-01,5880,SELL,468,16.791600000000003,7858.4688000000015,30.294397224000004
2014-09-02,2014-09-01,2412,SELL,39,92.05395,3590.10405,13.839851112749999
2014-09-02,2014-09-01,3045,SELL,39,91.95400000000001,3586.206,13.82482413
2014-09-02,2014-09-01,4904,SELL,59,61.46925,3626.68575,13.98087356625
2014-09-02,2014-09-01,0050,BUY,620,69.73485,43235.606999999996,36.966443985
2014-09-18,2014-09-17,2880,SELL,948,18.490750000000002,17529.231000000003,67.57518550500001
2014-09-18,2014-09-17,2886,SELL,697,25.1874,17555.6178,67.676906619
2014-09-18,2014-09-17,2892,SELL,925,18.89055,17473.75875,67.36133998125
2014-09-18,2014-09-17,5880,SELL,1053,16.591700000000003,17471.060100000002,67.3509366855
2014-09-18,2014-09-17,2412,SELL,5,91.65415,458.27075,1.76663374125
2014-09-18,2014-09-17,3045,SELL,5,90.5547,452.7735,1.7454418425
2014-09-18,2014-09-17,4904,SELL,8,58.27085,466.1668,1.797073014
2014-09-18,2014-09-17,0050,BUY,233,67.73385,15781.987050000002,13.49359892775
2014-09-29,2014-09-26,2880,BUY,380,18.2091,6919.458,5.91613659
2014-09-29,2014-09-26,2886,BUY,274,25.11255,6880.838699999999,5.883117088499999
2014-09-29,2014-09-26,2892,BUY,371,18.6093,6904.050300000001,5.9029630065
2014-09-29,2014-09-26,5880,BUY,421,16.458225,6928.912724999999,5.924220379874999
2014-09-29,2014-09-26,2412,SELL,88,91.45425,8047.974,31.02493977
2014-09-29,2014-09-26,3045,SELL,87,92.45375,8043.47625,31.00760094375
2014-09-29,2014-09-26,4904,SELL,136,59.47025,8087.954,31.179062669999997
2014-09-29,2014-09-26,0050,SELL,1133,65.617175,74344.259275,137.908600955125
2014-09-30,2014-09-29,2880,BUY,594,17.858925,10608.20145,9.07001223975
2014-09-30,2014-09-29,2886,BUY,428,24.912449999999996,10662.528599999998,9.116461952999998
2014-09-30,2014-09-29,2892,BUY,576,18.509249999999998,10661.328,9.115435439999999
2014-09-30,2014-09-29,5880,BUY,650,16.30815,10600.2975,9.0632543625
2014-09-30,2014-09-29,2412,SELL,33,90.95450000000001,3001.4985,11.570776717500001
2014-09-30,2014-09-29,3045,SELL,33,91.45425,3017.99025,11.63435241375
2014-09-30,2014-09-29,4904,SELL,52,58.1709,3024.8868,11.660938614
2014-09-30,2014-09-29,0050,SELL,813,65.26735000000001,53062.35555000001,98.43066954525001
2014-10-01,2014-09-30,2880,BUY,556,17.708849999999998,9846.120599999998,8.418433112999999
2014-10-01,2014-09-30,2886,BUY,395,24.962474999999998,9860.177624999998,8.430451869374998
2014-10-01,2014-09-30,2892,BUY,538,18.30915,9850.322699999999,8.422025908499998
2014-10-01,2014-09-30,5880,BUY,602,16.358175,9847.62135,8.41971625425
2014-10-01,2014-09-30,2412,BUY,25,91.74585,2293.6462500000002,1.96106754375
2014-10-01,2014-09-30,3045,BUY,25,92.54625,2313.65625,1.97817609375
2014-10-01,2014-09-30,4904,BUY,39,58.2291,2270.9349,1.9416493395
2014-10-01,2014-09-30,0050,SELL,828,65.017475,53834.469300000004,99.8629405515
2014-10-08,2014-10-07,2880,BUY,154,17.458724999999998,2688.6436499999995,2.2987903207499993
2014-10-08,2014-10-07,2886,BUY,108,24.912449999999996,2690.5445999999997,2.3004156329999996
2014-10-08,2014-10-07,2892,BUY,145,18.509249999999998,2683.8412499999995,2.2946842687499993
2014-10-08,2014-10-07,5880,BUY,167,16.108050000000002,2690.0443500000006,2.2999879192500003
2014-10-08,2014-10-07,2412,BUY,75,91.04549999999999,6828.412499999999,5.838292687499999
2014-10-08,2014-10-07,3045,BUY,73,92.84639999999999,6777.787199999999,5.795008055999999
2014-10-08,2014-10-07,4904,BUY,114,59.52975,6786.3915,5.802364732499999
2014-10-08,2014-10-07,0050,SELL,691,65.7671,45445.0661,84.30059761549998
2014-10-09,2014-10-08,2880,SELL,1290,17.541225,22628.18025,87.23163486375
2014-10-09,2014-10-08,2886,SELL,897,25.287350000000004,22682.752950000002,87.44201262225
2014-10-09,2014-10-08,2892,SELL,1210,18.69065,22615.686500000003,87.1834714575
2014-10-09,2014-10-08,5880,SELL,1389,16.241875,22559.964375,86.96866266562499
2014-10-09,2014-10-08,2412,BUY,569,91.54575,52089.53175,44.53654964625
2014-10-09,2014-10-08,3045,BUY,560,92.84639999999999,51993.984,44.45485632
2014-10-09,2014-10-08,4904,BUY,872,60.13005,52433.4036,44.830560078
2014-10-09,2014-10-08,0050,SELL,773,66.06694999999999,51069.752349999995,94.73439060924999
2014-10-13,2014-10-09,2880,SELL,1515,17.49125,26499.24375,102.15458465625001
2014-10-13,2014-10-09,2886,SELL,1066,24.9875,26636.675,102.684382125
2014-10-13,2014-10-09,2892,SELL,1446,18.440775,26665.36065,102.79496530575
2014-10-13,2014-10-09,5880,SELL,1655,16.09195,26632.17725,102.66704329875
2014-10-13,2014-10-09,2412,BUY,587,91.04549999999999,53443.70849999999,45.69437076749999
2014-10-13,2014-10-09,3045,BUY,573,93.64679999999998,53659.61639999999,45.87897202199999
2014-10-13,2014-10-09,4904,BUY,886,60.029999999999994,53186.579999999994,45.474525899999996
2014-10-13,2014-10-09,0050,SELL,656,64.11792500000001,42061.35880000001,78.02382057400001
2014-10-14,2014-10-13,2880,SELL,1527,17.341325,26480.203275000003,102.081183625125
2014-10-14,2014-10-13,2886,SELL,1075,24.637675,26485.500625,102.101604909375
2014-10-14,2014-10-13,2892,SELL,1452,18.1909,26413.1868,101.822835114
2014-10-14,2014-10-13,5880,SELL,1651,16.041975,26485.300725,102.100834294875
2014-10-14,2014-10-13,2412,BUY,547,91.14554999999999,49856.615849999995,42.62740655174999
2014-10-14,2014-10-13,3045,BUY,528,94.4472,49868.1216,42.637243968
2014-10-14,2014-10-13,4904,BUY,822,60.6303,49838.1066,42.611581142999995
2014-10-14,2014-10-13,0050,SELL,501,63.968,32047.968,59.448980639999995
2014-10-15,2014-10-14,2880,SELL,1370,17.341325,23757.615250000003,91.58560678875001
2014-10-15,2014-10-14,2886,SELL,960,24.737625,23748.120000000003,91.54900260000001
2014-10-15,2014-10-14,2892,SELL,1295,18.340825000000002,23751.368375000002,91.56152508562501
2014-10-15,2014-10-14,5880,SELL,1472,16.141925,23760.9136,91.598321928
2014-10-15,2014-10-14,2412,BUY,467,91.4457,42705.1419,36.5128963245
2014-10-15,2014-10-14,3045,BUY,449,95.34764999999999,42811.094849999994,36.60348609675
2014-10-15,2014-10-14,4904,BUY,700,61.13055,42791.385,36.586634175
2014-10-15,2014-10-14,0050,SELL,394,64.417775,25380.60335,47.08101921425
2014-10-16,2014-10-15,2880,SELL,1025,16.991500000000002,17416.287500000002,67.1397883125
2014-10-16,2014-10-15,2886,SELL,715,24.237875000000003,17330.080625000002,66.807460809375
2014-10-16,2014-10-15,2892,SELL,966,18.040975000000003,17427.581850000002,67.18332803175001
2014-10-16,2014-10-15,5880,SELL,1099,15.892050000000001,17465.362950000002,67.32897417225001
2014-10-16,2014-10-15,2412,BUY,352,91.34564999999999,32153.668799999996,27.491386823999996
2014-10-16,2014-10-15,3045,BUY,336,95.8479,32204.894399999997,27.535184711999996
2014-10-16,2014-10-15,4904,BUY,516,62.4312,32214.4992,27.543396815999998
2014-10-16,2014-10-15,0050,SELL,296,63.618175,18830.9798,34.931467529
2014-10-17,2014-10-16,2880,SELL,726,17.041475000000002,12372.110850000001,47.69448732675
2014-10-17,2014-10-16,2886,SELL,510,24.487750000000002,12488.7525,48.1441408875
2014-10-17,2014-10-16,2892,SELL,686,18.140925,12444.67455,47.97422039025
2014-10-17,2014-10-16,5880,SELL,779,15.942025000000001,12418.837475,47.874618466125
2014-10-17,2014-10-16,2412,BUY,280,91.4457,25604.796000000002,21.89210058
2014-10-17,2014-10-16,3045,BUY,267,96.048,25644.816,21.926317679999997
2014-10-17,2014-10-16,4904,BUY,407,63.031499999999994,25653.820499999998,21.9340165275
2014-10-17,2014-10-16,0050,SELL,223,64.217875,14320.586125000002,26.564687261875
2014-10-20,2014-10-17,2880,SELL,623,17.29135,10772.511050000001,41.528030097750005
2014-10-20,2014-10-17,2886,SELL,451,24.087950000000003,10863.66545,41.87943030975
2014-10-20,2014-10-17,2892,SELL,600,18.040975000000003,10824.585000000003,41.72877517500001
2014-10-20,2014-10-17,5880,SELL,682,15.892050000000001,10838.3781,41.7819475755
2014-10-20,2014-10-17,2412,BUY,220,91.04549999999999,20030.01,17.125658549999997
2014-10-20,2014-10-17,3045,BUY,205,96.54825,19792.39125,16.92249451875
2014-10-20,2014-10-17,4904,BUY,316,62.73135,19823.1066,16.948756142999997
2014-10-20,2014-10-17,0050,SELL,165,64.217875,10595.949375000002,19.655486090625
2014-10-21,2014-10-20,2880,SELL,584,17.1914,10039.777600000001,38.703342648
2014-10-21,2014-10-20,2886,SELL,416,24.087950000000003,10020.587200000002,38.629363656
2014-10-21,2014-10-20,2892,SELL,556,18.140925,10086.354299999999,38.8828958265
2014-10-21,2014-10-20,5880,SELL,631,15.942025000000001,10059.417775,38.779055522625
2014-10-21,2014-10-20,2412,BUY,189,91.14554999999999,17226.508949999996,14.728665152249995
2014-10-21,2014-10-20,3045,BUY,178,96.64829999999999,17203.397399999998,14.708904776999997
2014-10-21,2014-10-20,4904,BUY,277,62.4312,17293.4424,14.785893252
2014-10-21,2014-10-20,0050,SELL,129,64.3678,8303.4462,15.402892700999999
2014-10-23,2014-10-22,2880,SELL,637,17.441275,11110.092175,42.829405334625
2014-10-23,2014-10-22,2886,SELL,458,24.137925,11055.16965,42.61767900075
2014-10-23,2014-10-22,2892,SELL,606,18.340825000000002,11114.539950000002,42.846551507250005
2014-10-23,2014-10-22,5880,SELL,695,15.992,11114.44,42.8461662
2014-10-23,2014-10-22,2412,BUY,193,91.34564999999999,17629.71045,15.073402434749998
2014-10-23,2014-10-22,3045,BUY,186,96.048,17864.928,15.27451344
2014-10-23,2014-10-22,4904,BUY,289,61.030499999999996,17637.8145,15.0803313975
2014-10-23,2014-10-22,0050,SELL,96,65.26735000000001,6265.6656,11.622809688
2014-11-04,2014-11-03,2880,BUY,963,17.958975,17294.492925,14.786791450874999
2014-11-04,2014-11-03,2886,BUY,693,25.11255,17402.99715,14.87956256325
2014-11-04,2014-11-03,2892,BUY,927,18.709349999999997,17343.56745,14.828750169749998
2014-11-04,2014-11-03,5880,BUY,1073,16.208099999999998,17391.291299999997,14.869554061499997
2014-11-04,2014-11-03,2412,SELL,384,92.45375,35502.24,136.86113519999998
2014-11-04,2014-11-03,3045,SELL,361,98.25085,35468.55685,136.73128665675
2014-11-04,2014-11-03,4904,SELL,537,66.46675,35692.64475,137.59514551125
2014-11-04,2014-11-03,0050,BUY,468,65.78287499999999,30786.385499999997,26.322359602499997
2014-11-05,2014-11-04,2880,BUY,1032,17.958975,18533.6622,15.846281180999998
2014-11-05,2014-11-04,2886,BUY,741,25.062525,18571.331025,15.878488026374999
2014-11-05,2014-11-04,2892,BUY,993,18.659325,18528.709725,15.842046814875
2014-11-05,2014-11-04,5880,BUY,1147,16.208099999999998,18590.6907,15.895040548499999
2014-11-05,2014-11-04,2412,SELL,392,92.45375,36241.87,139.71240885
2014-11-05,2014-11-04,3045,SELL,368,98.45075,36229.876,139.66617197999997
2014-11-05,2014-11-04,4904,SELL,549,66.46675,36490.24575,140.66989736625
2014-11-05,2014-11-04,0050,BUY,430,65.8329,28308.146999999997,24.203465684999998
2014-11-06,2014-11-05,2880,SELL,441,17.841075000000004,7867.9140750000015,30.330808759125006
2014-11-06,2014-11-05,2886,SELL,313,25.1874,7883.6562,30.391494651000002
2014-11-06,2014-11-05,2892,SELL,425,18.3908,7816.089999999999,30.131026949999995
2014-11-06,2014-11-05,5880,SELL,484,16.241875,7861.0675,30.3044152125
2014-11-06,2014-11-05,2412,BUY,154,92.4462,14236.714800000002,12.172391154000001
2014-11-06,2014-11-05,3045,BUY,145,98.54925,14289.64125,12.21764326875
2014-11-06,2014-11-05,4904,BUY,213,66.93345000000001,14256.82485,12.189585246750001
2014-11-06,2014-11-05,0050,SELL,138,65.517225,9041.37705,16.771754427749997
2014-11-07,2014-11-06,2880,SELL,468,17.69115,8279.458200000001,31.917311361000003
2014-11-07,2014-11-06,2886,SELL,335,24.837575,8320.587625,32.075865294375
2014-11-07,2014-11-06,2892,SELL,456,18.290850000000002,8340.627600000002,32.15311939800001
2014-11-07,2014-11-06,5880,SELL,513,16.1919,8306.4447,32.0213443185
2014-11-07,2014-11-06,2412,BUY,211,92.34615,19485.03765,16.659707190749998
2014-11-07,2014-11-06,3045,BUY,198,97.2486,19255.2228,16.463215494
2014-11-07,2014-11-06,4904,BUY,291,67.13354999999999,19535.863049999996,16.703162907749995
2014-11-07,2014-11-06,0050,SELL,219,64.9675,14227.8825,26.392722037499997
2014-11-10,2014-11-07,2880,SELL,612,17.5912,10765.814400000001,41.502214512
2014-11-10,2014-11-07,2886,SELL,436,24.737625,10785.604500000001,41.578505347500005
2014-11-10,2014-11-07,2892,SELL,590,18.3908,10850.572,41.82895506
2014-11-10,2014-11-07,5880,SELL,669,16.141925,10798.947825000001,41.629943865375004
2014-11-10,2014-11-07,2412,BUY,207,92.2461,19094.9427,16.3261760085
2014-11-10,2014-11-07,3045,BUY,196,97.94895,19197.9942,16.414285041
2014-11-10,2014-11-07,4904,BUY,287,66.93345000000001,19209.90015,16.42446462825
2014-11-10,2014-11-07,0050,SELL,123,65.36730000000001,8040.1779000000015,14.914530004500001
2014-11-11,2014-11-10,2880,BUY,741,17.958975,13307.600475,11.377998406124998
2014-11-11,2014-11-10,2886,BUY,527,25.312649999999998,13339.766549999998,11.405500400249998
2014-11-11,2014-11-10,2892,BUY,713,18.709349999999997,13339.766549999998,11.405500400249998
2014-11-11,2014-11-10,5880,BUY,818,16.30815,13340.066700000001,11.4057570285
2014-11-11,2014-11-10,2412,SELL,367,92.65365000000001,34003.88955000001,131.08499421525002
2014-11-11,2014-11-10,3045,SELL,346,98.15090000000001,33960.2114,130.916614947
2014-11-11,2014-11-10,4904,SELL,509,66.7666,33984.1994,131.009088687
2014-11-11,2014-11-10,0050,BUY,643,66.283125,42620.049375,36.440142215625
2014-11-12,2014-11-11,2880,BUY,990,17.858925,17680.33575,15.116687066249998
2014-11-12,2014-11-11,2886,BUY,703,25.2126,17724.4578,15.154411418999999
2014-11-12,2014-11-11,2892,BUY,950,18.559275,17631.31125,15.074771118749998
2014-11-12,2014-11-11,5880,BUY,1087,16.30815,17726.95905,15.156549987750001
2014-11-12,2014-11-11,2412,SELL,410,92.7536,38028.976,146.60170248
2014-11-12,2014-11-11,3045,SELL,388,97.5512,37849.8656,145.91123188799997
2014-11-12,2014-11-11,4904,SELL,568,66.26685,37639.5708,145.100545434
2014-11-12,2014-11-11,0050,BUY,565,65.78287499999999,37167.324375,31.778062340624995
2014-11-14,2014-11-13,2880,SELL,705,17.641175,12437.028375,47.944744385625
2014-11-14,2014-11-13,2886,SELL,496,24.9875,12393.800000000001,47.778099000000005
2014-11-14,2014-11-13,2892,SELL,674,18.540725000000002,12496.448650000002,48.173809545750004
2014-11-14,2014-11-13,5880,SELL,768,16.241875,12473.76,48.0863448
2014-11-14,2014-11-13,2412,BUY,208,92.84639999999999,19312.051199999998,16.511803775999997
2014-11-14,2014-11-13,3045,BUY,195,98.4492,19197.594,16.41394287
2014-11-14,2014-11-13,4904,BUY,288,67.03349999999999,19305.647999999997,16.506329039999997
2014-11-14,2014-11-13,0050,BUY,51,65.33264999999999,3331.9651499999995,2.8488302032499995
2014-11-18,2014-11-17,2880,SELL,724,17.541225,12699.8469,48.9579097995
2014-11-18,2014-11-17,2886,SELL,513,24.88755,12767.31315,49.21799219325
2014-11-18,2014-11-17,2892,SELL,684,18.590700000000002,12716.038800000002,49.02032957400001
2014-11-18,2014-11-17,5880,SELL,782,16.1919,12662.0658,48.812263659
2014-11-18,2014-11-17,2412,BUY,193,92.64629999999998,17880.735899999996,15.288029194499996
2014-11-18,2014-11-17,3045,BUY,184,97.04849999999999,17856.924,15.267670019999999
2014-11-18,2014-11-17,4904,BUY,269,67.03349999999999,18032.011499999997,15.417369832499997
2014-11-18,2014-11-17,0050,BUY,49,65.33264999999999,3201.2998499999994,2.7371113717499993
2014-11-19,2014-11-18,2880,SELL,601,17.49125,10512.241250000001,40.52469001875
2014-11-19,2014-11-18,2886,SELL,422,25.087450000000004,10586.903900000001,40.8125145345
2014-11-19,2014-11-18,2892,SELL,565,18.640674999999998,10531.981375,40.600788200625
2014-11-19,2014-11-18,5880,SELL,649,16.241875,10540.976875,40.635465853125
2014-11-19,2014-11-18,2412,BUY,211,92.74634999999999,19569.47985,16.731905271749998
2014-11-19,2014-11-18,3045,BUY,200,98.04899999999999,19609.8,16.766378999999997
2014-11-19,2014-11-18,4904,BUY,292,67.03349999999999,19573.781999999996,16.735583609999996
2014-11-19,2014-11-18,0050,SELL,209,65.11742500000001,13609.541825000002,25.245700085375002
2014-11-20,2014-11-19,2880,SELL,461,17.69115,8155.62015,31.43991567825
2014-11-20,2014-11-19,2886,SELL,325,24.88755,8088.453750000001,31.18098920625
2014-11-20,2014-11-19,2892,SELL,434,18.7906,8155.120400000001,31.437989142000003
2014-11-20,2014-11-19,5880,SELL,499,16.341825000000004,8154.570675000002,31.435869952125007
2014-11-20,2014-11-19,2412,BUY,197,93.0465,18330.160499999998,15.672287227499998
2014-11-20,2014-11-19,3045,BUY,187,97.04849999999999,18148.069499999998,15.516599422499997
2014-11-20,2014-11-19,4904,BUY,275,67.03349999999999,18434.212499999998,15.761251687499998
2014-11-20,2014-11-19,0050,SELL,323,66.016975,21323.482925,39.555060825874996
2014-11-21,2014-11-20,2880,BUY,929,17.858925,16590.941325,14.185254832875
2014-11-21,2014-11-20,2886,BUY,668,24.962474999999998,16674.933299999997,14.257067971499996
2014-11-21,2014-11-20,2892,BUY,880,18.909449999999996,16640.315999999995,14.227470179999996
2014-11-21,2014-11-20,5880,BUY,1014,16.30815,16536.4641,14.138676805500001
2014-11-21,2014-11-20,2412,SELL,363,93.45325000000001,33923.52975,130.77520718625001
2014-11-21,2014-11-20,3045,SELL,347,97.95100000000001,33988.997,131.027583435
2014-11-21,2014-11-20,4904,SELL,505,67.36630000000001,34019.9815,131.1470286825
2014-11-21,2014-11-20,0050,BUY,556,66.63329999999999,37048.114799999996,31.676138153999997
2014-11-24,2014-11-21,2880,BUY,998,17.8089,17773.2822,15.196156281
2014-11-24,2014-11-21,2886,BUY,707,25.162574999999997,17789.940524999998,15.210399148874998
2014-11-24,2014-11-21,2892,BUY,940,18.859425,17727.859500000002,15.157319872500002
2014-11-24,2014-11-21,5880,BUY,1094,16.30815,17841.116100000003,15.254154265500002
2014-11-24,2014-11-21,2412,SELL,448,93.3533,41822.2784,161.224883232
2014-11-24,2014-11-21,3045,SELL,427,98.3508,41995.791600000004,161.893776618
2014-11-24,2014-11-21,4904,SELL,620,67.5662,41891.043999999994,161.48997461999997
2014-11-24,2014-11-21,0050,BUY,773,66.93345000000001,51739.55685000001,44.23732110675
2014-11-25,2014-11-24,2880,BUY,801,17.758875,14224.858875,12.162254338124999
2014-11-25,2014-11-24,2886,BUY,565,25.062525,14160.326625,12.107079264374999
2014-11-25,2014-11-24,2892,BUY,752,18.859425,14182.287600000001,12.125855898000001
2014-11-25,2014-11-24,5880,BUY,870,16.358175,14231.61225,12.168028473749999
2014-11-25,2014-11-24,2412,SELL,380,93.1534,35398.292,136.46041566
2014-11-25,2014-11-24,3045,SELL,361,98.05095,35396.39295,136.45309482225
2014-11-25,2014-11-24,4904,SELL,526,67.16640000000001,35329.5264,136.195324272
2014-11-25,2014-11-24,0050,BUY,668,66.683325,44544.4611,38.0855142405
2014-11-26,2014-11-25,2880,BUY,720,17.708849999999998,12750.372,10.901568059999999
2014-11-26,2014-11-25,2886,BUY,509,25.11255,12782.28795,10.92885619725
2014-11-26,2014-11-25,2892,BUY,681,18.8094,12809.2014,10.951867197
2014-11-26,2014-11-25,5880,BUY,786,16.358175,12857.52555,10.99318434525
2014-11-26,2014-11-25,2412,SELL,314,92.45375,29030.4775,111.9124907625
2014-11-26,2014-11-25,3045,SELL,297,97.95100000000001,29091.447000000004,112.14752818500001
2014-11-26,2014-11-25,4904,SELL,437,66.26685,28958.61345,111.63545484975
2014-11-26,2014-11-25,0050,BUY,490,66.78337499999999,32723.853749999995,27.978894956249995
2014-11-27,2014-11-26,2880,BUY,470,17.708849999999998,8323.1595,7.1163013725
2014-11-27,2014-11-26,2886,BUY,332,25.0125,8304.15,7.1000482499999995
2014-11-27,2014-11-26,2892,BUY,442,18.709349999999997,8269.532699999998,7.070450458499998
2014-11-27,2014-11-26,5880,BUY,510,16.358175,8342.669249999999,7.132982208749999
2014-11-27,2014-11-26,2412,SELL,245,92.65365000000001,22700.144250000005,87.50905608375001
2014-11-27,2014-11-26,3045,SELL,233,97.25135,22659.56455,87.35262134025
2014-11-27,2014-11-26,4904,SELL,348,65.86705,22921.7334,88.36328225700001
2014-11-27,2014-11-26,0050,BUY,482,67.183575,32382.483150000004,27.68702309325
2014-11-28,2014-11-27,2880,BUY,546,17.708849999999998,9669.032099999999,8.267022445499999
2014-11-28,2014-11-27,2886,BUY,386,25.162574999999997,9712.753949999998,8.304404627249998
2014-11-28,2014-11-27,2892,BUY,516,18.759375,9679.8375,8.2762610625
2014-11-28,2014-11-27,5880,BUY,597,16.258125,9706.100625,8.298716034375
2014-11-28,2014-11-27,2412,SELL,237,92.5537,21935.2269,84.5602996995
2014-11-28,2014-11-27,3045,SELL,224,97.15140000000001,21761.913600000003,83.89217692800001
2014-11-28,2014-11-27,4904,SELL,327,67.06645,21930.729150000003,84.54296087325001
2014-11-28,2014-11-27,0050,BUY,456,67.58377499999999,30818.201399999994,26.349562196999994
2014-12-01,2014-11-28,2880,BUY,311,17.50875,5445.22125,4.6556641687499996
2014-12-01,2014-11-28,2886,BUY,220,24.8124,5458.728,4.66721244
2014-12-01,2014-11-28,2892,BUY,295,18.4092,5430.714,4.6432604699999995
2014-12-01,2014-11-28,5880,BUY,340,16.158074999999997,5493.745499999999,4.697152402499999
2014-12-01,2014-11-28,2412,SELL,175,92.15390000000001,16126.9325,62.1693247875
2014-12-01,2014-11-28,3045,SELL,166,96.95150000000001,16093.949000000002,62.042173395000006
2014-12-01,2014-11-28,4904,SELL,244,66.7666,16291.0504,62.801999292
2014-12-01,2014-11-28,0050,BUY,387,66.33314999999999,25670.929049999995,21.948644337749997
2014-12-03,2014-12-02,2880,SELL,1096,17.341325,19006.092200000003,73.26848543100002
2014-12-03,2014-12-02,2886,SELL,799,23.788100000000004,19006.6919,73.2707972745
2014-12-03,2014-12-02,2892,SELL,1039,18.3908,19108.0412,73.661498826
2014-12-03,2014-12-02,5880,SELL,1181,16.09195,19004.592950000002,73.26270582225001
2014-12-03,2014-12-02,2412,BUY,441,92.64629999999998,40857.01829999999,34.93275064649999
2014-12-03,2014-12-02,3045,BUY,415,98.54925,40897.93875,34.96773763125
2014-12-03,2014-12-02,4904,BUY,586,69.93495,40981.8807,35.0395079985
2014-12-03,2014-12-02,0050,SELL,561,65.7671,36895.3431,68.4408614505
2014-12-08,2014-12-05,2880,BUY,357,17.658824999999997,6304.200524999998,5.3900914488749985
2014-12-08,2014-12-05,2886,BUY,257,24.562275,6312.504675,5.397191497125
2014-12-08,2014-12-05,2892,BUY,339,18.6093,6308.5527,5.3938125585
2014-12-08,2014-12-05,5880,BUY,384,16.358175,6281.539199999999,5.370716015999999
2014-12-08,2014-12-05,2412,SELL,208,92.85355000000001,19313.5384,74.45369053200001
2014-12-08,2014-12-05,3045,SELL,195,99.95,19490.25,75.13491375
2014-12-08,2014-12-05,4904,SELL,286,67.5662,19323.9332,74.493762486
2014-12-08,2014-12-05,0050,BUY,538,67.083525,36090.936449999994,30.857750664749993
2014-12-11,2014-12-10,2880,SELL,959,17.241375,16534.478625,63.740415099375
2014-12-11,2014-12-10,2886,SELL,695,23.988,16671.66,64.2692493
2014-12-11,2014-12-10,2892,SELL,902,18.3908,16588.5016,63.948673668
2014-12-11,2014-12-10,5880,SELL,1027,16.09195,16526.432650000002,63.709397865750006
2014-12-11,2014-12-10,2412,BUY,418,92.2461,38558.8698,32.967833679
2014-12-11,2014-12-10,3045,BUY,389,99.0495,38530.2555,32.943368452499996
2014-12-11,2014-12-10,4904,BUY,563,68.2341,38415.7983,32.8455075465
2014-12-11,2014-12-10,0050,SELL,654,65.017475,42521.42865,78.87725014575
2014-12-12,2014-12-11,2880,SELL,1004,17.3913,17460.8652,67.311635346
2014-12-12,2014-12-11,2886,SELL,721,24.1879,17439.475899999998,67.2291795945
2014-12-12,2014-12-11,2892,SELL,946,18.3908,17397.696799999998,67.06812116399999
2014-12-12,2014-12-11,5880,SELL,1076,16.09195,17314.9382,66.749086761
2014-12-12,2014-12-11,2412,BUY,466,92.14604999999999,42940.05929999999,36.71375070149999
2014-12-12,2014-12-11,3045,BUY,435,98.54925,42868.92375,36.65292980625
2014-12-12,2014-12-11,4904,BUY,630,67.6338,42609.293999999994,36.430946369999994
2014-12-12,2014-12-11,0050,SELL,753,65.217375,49108.683375,91.096607660625
2014-12-15,2014-12-12,2880,SELL,983,17.091450000000002,16800.895350000003,64.76745157425
2014-12-15,2014-12-12,2886,SELL,700,23.988,16791.6,64.731618
2014-12-15,2014-12-12,2892,SELL,919,18.290850000000002,16809.29115,64.79981738325
2014-12-15,2014-12-12,5880,SELL,1050,16.041975,16844.07375,64.93390430625
2014-12-15,2014-12-12,2412,BUY,395,91.74585,36239.61075,30.98486719125
2014-12-15,2014-12-12,3045,BUY,370,97.84889999999999,36204.09299999999,30.954499514999995
2014-12-15,2014-12-12,4904,BUY,540,67.73385,36576.279,31.272718545
2014-12-15,2014-12-12,0050,SELL,554,64.717625,35853.564249999996,66.50836168374998
2014-12-16,2014-12-15,2880,SELL,764,17.1914,13134.2296,50.632455108
2014-12-16,2014-12-15,2886,SELL,547,24.037975000000003,13148.772325000002,50.68851731287501
2014-12-16,2014-12-15,2892,SELL,714,18.340825000000002,13095.349050000003,50.48257058775001
2014-12-16,2014-12-15,5880,SELL,816,16.041975,13090.251600000001,50.462919918000004
2014-12-16,2014-12-15,2412,BUY,282,91.6458,25844.115599999997,22.096718837999997
2014-12-16,2014-12-15,3045,BUY,265,97.54875,25850.41875,22.10210803125
2014-12-16,2014-12-15,4904,BUY,386,68.03399999999999,26261.123999999996,22.453261019999996
2014-12-16,2014-12-15,0050,SELL,341,64.7676,22085.7516,40.969069217999994
2014-12-17,2014-12-16,2880,SELL,211,17.29135,3648.47485,14.06487054675
2014-12-17,2014-12-16,2886,SELL,151,24.087950000000003,3637.2804500000007,14.021716134750003
2014-12-17,2014-12-16,2892,SELL,198,18.240875000000003,3611.6932500000007,13.923077478750002
2014-12-17,2014-12-16,5880,SELL,225,16.09195,3620.6887500000003,13.95775513125
2014-12-17,2014-12-16,2412,BUY,179,92.4462,16547.8698,14.148428679
2014-12-17,2014-12-16,3045,BUY,165,97.84889999999999,16145.068499999998,13.804033567499998
2014-12-17,2014-12-16,4904,BUY,238,69.13454999999999,16454.022899999996,14.068189579499997
2014-12-17,2014-12-16,0050,SELL,534,64.517725,34452.465149999996,63.90932285324999
2014-12-19,2014-12-18,2880,SELL,113,17.241375,1948.2753750000002,7.510601570625001
2014-12-19,2014-12-18,2886,SELL,81,23.938025,1938.980025,7.474767996375
2014-12-19,2014-12-18,2892,SELL,106,18.290850000000002,1938.8301000000004,7.474190035500001
2014-12-19,2014-12-18,5880,SELL,121,16.09195,1947.12595,7.50617053725
2014-12-19,2014-12-18,2412,BUY,147,92.54625,13604.29875,11.631675431249999
2014-12-19,2014-12-18,3045,BUY,136,99.74985,13565.979599999999,11.598912557999999
2014-12-19,2014-12-18,4904,BUY,198,69.4347,13748.070600000001,11.754600363
2014-12-19,2014-12-18,0050,SELL,543,64.66765000000001,35114.533950000005,65.13746047725
2014-12-23,2014-12-22,2880,BUY,1196,17.408699999999996,20820.805199999995,17.801788445999996
2014-12-23,2014-12-22,2886,BUY,863,24.162074999999998,20851.870724999997,17.828349469874997
2014-12-23,2014-12-22,2892,BUY,1128,18.459225,20822.0058,17.802814959
2014-12-23,2014-12-22,5880,BUY,1285,16.208099999999998,20827.408499999998,17.807434267499996
2014-12-23,2014-12-22,2412,SELL,356,92.5537,32949.1172,127.018846806
2014-12-23,2014-12-22,3045,SELL,330,100.9495,33313.335,128.422906425
2014-12-23,2014-12-22,4904,SELL,471,69.965,32953.515,127.035800325
2014-12-23,2014-12-22,0050,BUY,134,66.183075,8868.53205,7.5825949027499995
2014-12-24,2014-12-23,2880,BUY,1297,17.358675,22514.201475,19.249642261125
2014-12-24,2014-12-23,2886,BUY,925,24.262124999999997,22442.465624999997,19.188308109374997
2014-12-24,2014-12-23,2892,BUY,1219,18.359175,22379.834325,19.134758347875
2014-12-24,2014-12-23,5880,BUY,1389,16.158074999999997,22443.566174999996,19.189249079624997
2014-12-24,2014-12-23,2412,SELL,378,92.25385,34871.9553,134.4313876815
2014-12-24,2014-12-23,3045,SELL,346,99.95,34582.700000000004,133.31630850000002
2014-12-24,2014-12-23,4904,SELL,497,69.965,34772.605,134.048392275
2014-12-24,2014-12-23,0050,BUY,134,65.93295,8835.015300000001,7.5539380815
2014-12-25,2014-12-24,2880,BUY,985,17.558775,17295.393375,14.787561335625
2014-12-25,2014-12-24,2886,BUY,713,24.31215,17334.56295,14.82105132225
2014-12-25,2014-12-24,2892,BUY,937,18.509249999999998,17343.16725,14.828407998749999
2014-12-25,2014-12-24,5880,BUY,1070,16.208099999999998,17342.666999999998,14.827980284999997
2014-12-25,2014-12-24,2412,SELL,302,92.9535,28071.957000000002,108.217394235
2014-12-25,2014-12-24,3045,SELL,280,100.9495,28265.86,108.9648903
2014-12-25,2014-12-24,4904,SELL,400,70.26485,28105.94,108.34839869999999
2014-12-25,2014-12-24,0050,BUY,140,66.383175,9293.644499999999,7.946066047499999
2014-12-26,2014-12-25,2880,BUY,886,17.50875,15512.752499999999,13.263403387499999
2014-12-26,2014-12-25,2886,BUY,639,24.262124999999997,15503.497875,13.255490683124998
2014-12-26,2014-12-25,2892,BUY,842,18.4092,15500.5464,13.252967171999998
2014-12-26,2014-12-25,5880,BUY,957,16.158074999999997,15463.277774999997,13.221102497624997
2014-12-26,2014-12-25,2412,SELL,236,92.9535,21937.026,84.56723523000001
2014-12-26,2014-12-25,3045,SELL,217,100.9495,21906.0415,84.4477899825
2014-12-26,2014-12-25,4904,SELL,311,70.46475000000001,21914.53725,84.48054109875001
2014-12-26,2014-12-25,0050,BUY,89,66.383175,5908.102575,5.051427701624999
2014-12-27,2014-12-26,2880,BUY,597,17.608800000000002,10512.4536,8.988147828
2014-12-27,2014-12-26,2886,BUY,432,24.362175,10524.4596,8.998412958
2014-12-27,2014-12-26,2892,BUY,566,18.509249999999998,10476.235499999999,8.9571813525
2014-12-27,2014-12-26,5880,BUY,646,16.258125,10502.74875,8.97985018125
2014-12-27,2014-12-26,2412,SELL,166,92.9535,15430.281,59.483733255000004
2014-12-27,2014-12-26,3045,SELL,153,100.44975000000001,15368.81175,59.24676929625
2014-12-27,2014-12-26,4904,SELL,218,70.7646,15426.6828,59.469862194
2014-12-27,2014-12-26,0050,BUY,41,66.78337499999999,2738.1183749999996,2.3410912106249997
2014-12-30,2014-12-29,2880,BUY,641,17.608800000000002,11287.240800000001,9.650590884000001
2014-12-30,2014-12-29,2886,BUY,462,24.462224999999997,11301.547949999998,9.662823497249999
2014-12-30,2014-12-29,2892,BUY,608,18.659325,11344.8696,9.699863508
2014-12-30,2014-12-29,5880,BUY,698,16.30815,11383.0887,9.7325408385
2014-12-30,2014-12-29,2412,SELL,266,93.1534,24778.8044,95.522290962
2014-12-30,2014-12-29,3045,SELL,245,101.44925,24855.06625,95.81628039374999
2014-12-30,2014-12-29,4904,SELL,348,71.964,25043.471999999998,96.54258456
2014-12-30,2014-12-29,0050,BUY,389,67.183575,26134.410675000003,22.344921127125
2014-12-31,2014-12-30,2880,BUY,611,17.658824999999997,10789.542074999998,9.225058474124998
2014-12-31,2014-12-30,2886,BUY,440,24.4122,10741.367999999999,9.18386964
2014-12-31,2014-12-30,2892,BUY,576,18.509249999999998,10661.328,9.115435439999999
2014-12-31,2014-12-30,5880,BUY,664,16.258125,10795.395,9.230062725
2014-12-31,2014-12-30,2412,SELL,147,93.25335,13708.24245,52.84527464475
2014-12-31,2014-12-30,3045,SELL,133,102.94850000000001,13692.150500000002,52.783240177500005
2014-12-31,2014-12-30,4904,SELL,191,71.964,13745.124,52.98745302
2014-12-31,2014-12-30,0050,SELL,69,66.7666,4606.895399999999,8.545790966999999
2015-01-07,2015-01-06,2880,SELL,903,17.141424999999998,15478.706774999999,59.67041461762499
2015-01-07,2015-01-06,2886,SELL,650,23.788100000000004,15462.265000000003,59.60703157500001
2015-01-07,2015-01-06,2892,SELL,851,18.1909,15480.455899999999,59.677157494499994
2015-01-07,2015-01-06,5880,SELL,968,15.992,15480.256000000001,59.67638688
2015-01-07,2015-01-06,2412,BUY,365,92.54625,33779.38125,28.881370968749998
2015-01-07,2015-01-06,3045,BUY,332,100.55024999999999,33382.683,28.542193964999996
2015-01-07,2015-01-06,4904,BUY,486,70.43520000000001,34231.50720000001,29.267938656000005
2015-01-07,2015-01-06,0050,SELL,425,64.66765000000001,27483.751250000005,50.98235856875001
2015-01-08,2015-01-07,2880,SELL,1177,17.29135,20351.918950000003,78.45664755225
2015-01-08,2015-01-07,2886,SELL,849,23.988,20365.811999999998,78.51020525999999
2015-01-08,2015-01-07,2892,SELL,1106,18.1909,20119.1354,77.559266967
2015-01-08,2015-01-07,5880,SELL,1258,16.09195,20243.6731,78.0393598005
2015-01-08,2015-01-07,2412,BUY,392,93.2466,36552.6672,31.252530456000002
2015-01-08,2015-01-07,3045,BUY,360,101.55075,36558.27,31.257320849999996
2015-01-08,2015-01-07,4904,BUY,517,71.0355,36725.3535,31.400177242499996
2015-01-08,2015-01-07,0050,SELL,339,65.46725,22193.397750000004,41.16875282625001
2015-01-09,2015-01-08,2880,BUY,310,17.458724999999998,5412.204749999999,4.627435061249999
2015-01-09,2015-01-08,2886,BUY,226,24.012,5426.712,4.63983876
2015-01-09,2015-01-08,2892,BUY,291,18.6093,5415.3063,4.6300868865
2015-01-09,2015-01-08,5880,BUY,334,16.208099999999998,5413.505399999999,4.628547116999999
2015-01-09,2015-01-08,2412,SELL,209,93.45325000000001,19531.729250000004,75.29481625875002
2015-01-09,2015-01-08,3045,SELL,186,104.44775,19427.2815,74.8921701825
2015-01-09,2015-01-08,4904,SELL,268,72.7636,19500.6448,75.174985704
2015-01-09,2015-01-08,0050,BUY,514,66.93345000000001,34403.793300000005,29.415243271500003
2015-01-12,2015-01-09,2880,BUY,695,17.408699999999996,12099.046499999997,10.344684757499996
2015-01-12,2015-01-09,2886,BUY,509,23.71185,12069.331649999998,10.319278560749998
2015-01-12,2015-01-09,2892,BUY,653,18.4092,12021.2076,10.278132498
2015-01-12,2015-01-09,5880,BUY,748,16.108050000000002,12048.821400000003,10.301742297000002
2015-01-12,2015-01-09,2412,SELL,252,92.9535,23424.282000000003,90.30060711000002
2015-01-12,2015-01-09,3045,SELL,222,104.9475,23298.345,89.815119975
2015-01-12,2015-01-09,4904,SELL,321,73.46325,23581.703250000002,90.90746602875001
2015-01-12,2015-01-09,0050,BUY,363,65.8329,23897.342699999997,20.432228008499997
2015-01-13,2015-01-12,2880,BUY,804,17.358675,13956.374700000002,11.9327003685
2015-01-13,2015-01-12,2886,BUY,589,23.71185,13966.279649999999,11.941169100749999
2015-01-13,2015-01-12,2892,BUY,761,18.359175,13971.332175,11.945489009625
2015-01-13,2015-01-12,5880,BUY,867,16.108050000000002,13965.679350000002,11.940655844250001
2015-01-13,2015-01-12,2412,SELL,259,93.65315000000001,24256.16585,93.50751935175
2015-01-13,2015-01-12,3045,SELL,225,108.44575,24400.29375,94.06313240625
2015-01-13,2015-01-12,4904,SELL,317,76.5617,24270.0589,93.5610770595
2015-01-13,2015-01-12,0050,BUY,243,65.63279999999999,15948.770399999998,13.636198691999997
2015-01-14,2015-01-13,2880,BUY,587,17.558775,10307.000925,8.812485790875
2015-01-14,2015-01-13,2886,BUY,431,23.811899999999998,10262.928899999999,8.7748042095
2015-01-14,2015-01-13,2892,BUY,556,18.559275,10318.9569,8.822708149499999
2015-01-14,2015-01-13,5880,BUY,635,16.208099999999998,10292.143499999998,8.799782692499997
2015-01-14,2015-01-13,2412,SELL,163,94.05295,15330.63085,59.09958192675
2015-01-14,2015-01-13,3045,SELL,138,108.44575,14965.513500000001,57.6920545425
2015-01-14,2015-01-13,4904,SELL,200,76.46175000000001,15292.350000000002,58.95200925000001
2015-01-14,2015-01-13,0050,BUY,26,66.033,1716.858,1.46791359
2015-01-19,2015-01-16,2880,BUY,376,17.358675,6526.861800000001,5.5804668390000005
2015-01-19,2015-01-16,2886,BUY,275,23.761875,6534.515625,5.587010859375
2015-01-19,2015-01-16,2892,BUY,356,18.359175,6535.866300000001,5.5881656865
2015-01-19,2015-01-16,5880,BUY,402,16.208099999999998,6515.656199999999,5.570886051
2015-01-19,2015-01-16,2412,SELL,150,93.85305000000001,14077.957500000002,54.270526162500005
2015-01-19,2015-01-16,3045,SELL,130,108.44575,14097.9475,54.3475876125
2015-01-19,2015-01-16,4904,SELL,185,75.3623,13942.025500000002,53.746508302500004
2015-01-19,2015-01-16,0050,BUY,323,66.33314999999999,21425.607449999996,18.318894369749994
2015-01-22,2015-01-21,2880,BUY,153,17.50875,2678.83875,2.29040713125
2015-01-22,2015-01-21,2886,BUY,113,23.861925,2696.397525,2.305419883875
2015-01-22,2015-01-21,2892,BUY,146,18.459225,2695.04685,2.3042650567500003
2015-01-22,2015-01-21,5880,BUY,166,16.208099999999998,2690.5445999999997,2.3004156329999996
2015-01-22,2015-01-21,2412,SELL,142,94.9525,13483.255,51.977948024999996
2015-01-22,2015-01-21,3045,SELL,125,106.44675000000001,13305.843750000002,51.29402765625001
2015-01-22,2015-01-21,4904,SELL,175,76.9615,13468.2625,51.9201519375
2015-01-22,2015-01-21,0050,BUY,434,67.53375,29309.6475,25.059748612499998
2015-02-04,2015-02-03,2880,BUY,119,17.708849999999998,2107.35315,1.8017869432499998
2015-02-04,2015-02-03,2886,BUY,86,24.4122,2099.4492,1.795029066
2015-02-04,2015-02-03,2892,BUY,113,18.6093,2102.8509,1.7979375194999998
2015-02-04,2015-02-03,5880,BUY,130,16.108050000000002,2094.0465000000004,1.7904097575000002
2015-02-04,2015-02-03,2412,SELL,163,94.85255000000001,15460.965650000002,59.60202258075001
2015-02-04,2015-02-03,3045,SELL,149,104.44775,15562.71475,59.994265361249994
2015-02-04,2015-02-03,4904,SELL,205,76.36180000000002,15654.169000000004,60.346821495000015
2015-02-04,2015-02-03,0050,BUY,690,69.2346,47771.874,40.84495227
2015-02-05,2015-02-04,2880,BUY,29,17.8089,516.4581000000001,0.44157167550000004
2015-02-05,2015-02-04,2886,BUY,21,24.6123,516.8583,0.4419138465
2015-02-05,2015-02-04,2892,BUY,27,18.709349999999997,505.15244999999993,0.4319053447499999
2015-02-05,2015-02-04,5880,BUY,32,16.158074999999997,517.0583999999999,0.4420849319999999
2015-02-05,2015-02-04,2412,SELL,170,95.85205,16294.8485,62.8166409675
2015-02-05,2015-02-04,3045,SELL,155,104.44775,16189.401249999999,62.41014181874999
2015-02-05,2015-02-04,4904,SELL,211,77.06145,16259.965949999998,62.68216873724999
2015-02-05,2015-02-04,0050,BUY,685,69.084525,47322.899625,40.461079179375
2015-02-10,2015-02-09,2880,BUY,434,17.658824999999997,7663.930049999998,6.552660192749999
2015-02-10,2015-02-09,2886,BUY,315,24.2121,7626.8115,6.520923832499999
2015-02-10,2015-02-09,2892,BUY,410,18.6093,7629.813,6.5234901149999995
2015-02-10,2015-02-09,5880,BUY,473,16.108050000000002,7619.107650000001,6.51433704075
2015-02-10,2015-02-09,2412,SELL,188,95.35230000000001,17926.2324,69.105625902
2015-02-10,2015-02-09,3045,SELL,168,105.947,17799.096,68.61551508000001
2015-02-10,2015-02-09,4904,SELL,237,75.7621,17955.617700000003,69.21890623350001
2015-02-10,2015-02-09,0050,BUY,405,68.484225,27736.111125,23.714375011875
2015-02-11,2015-02-10,2880,BUY,463,17.8089,8245.520700000001,7.049920198500001
2015-02-11,2015-02-10,2886,BUY,338,24.512249999999998,8285.1405,7.083795127499999
2015-02-11,2015-02-10,2892,BUY,442,18.659325,8247.42165,7.05154551075
2015-02-11,2015-02-10,5880,BUY,510,16.158074999999997,8240.618249999998,7.045728603749998
2015-02-11,2015-02-10,2412,SELL,153,95.952,14680.655999999999,56.59392887999999
2015-02-11,2015-02-10,3045,SELL,137,107.44625,14720.136250000001,56.74612524375
2015-02-11,2015-02-10,4904,SELL,195,75.7621,14773.6095,56.9522646225
2015-02-11,2015-02-10,0050,BUY,153,68.73434999999999,10516.355549999998,8.991483995249999
2015-03-02,2015-02-26,2880,BUY,553,18.009,9958.977,8.514925335000001
2015-03-02,2015-02-26,2886,BUY,399,24.962474999999998,9960.027525,8.515823533874999
2015-03-02,2015-02-26,2892,BUY,536,18.559275,9947.7714,8.505344547
2015-03-02,2015-02-26,5880,BUY,616,16.108050000000002,9922.5588,8.483787774
2015-03-02,2015-02-26,2412,SELL,156,98.25085,15327.1326,59.086096173
2015-03-02,2015-02-26,3045,SELL,142,107.94600000000001,15328.332000000002,59.09071986000001
2015-03-02,2015-02-26,4904,SELL,197,77.961,15358.317,59.206312034999996
2015-03-02,2015-02-26,0050,BUY,120,70.33515,8440.218,7.21638639
2015-03-23,2015-03-20,2880,SELL,7,17.89105,125.23734999999999,0.48278998424999997
2015-03-23,2015-03-20,2886,SELL,4,25.68715,102.7486,0.396095853
2015-03-23,2015-03-20,2892,SELL,6,18.490750000000002,110.9445,0.42769104750000003
2015-03-23,2015-03-20,5880,SELL,7,15.942025000000001,111.594175,0.43019554462500004
2015-03-23,2015-03-20,2412,SELL,100,98.9505,9895.050000000001,38.14541775
2015-03-23,2015-03-20,3045,SELL,89,111.44425000000001,9918.538250000001,38.235964953750006
2015-03-23,2015-03-20,4904,SELL,132,75.26235,9934.6302,38.297999421
2015-03-23,2015-03-20,0050,BUY,619,70.585275,43692.285225,37.356903867374996
2015-03-25,2015-03-24,2880,SELL,89,17.841075000000004,1587.8556750000002,6.121183627125001
2015-03-25,2015-03-24,2886,SELL,62,25.837075000000002,1601.89865,6.1753192957500005
2015-03-25,2015-03-24,2892,SELL,86,18.490750000000002,1590.2045000000003,6.130238347500001
2015-03-25,2015-03-24,5880,SELL,100,15.992,1599.2,6.164916
2015-03-25,2015-03-24,2412,SELL,100,99.65015000000001,9965.015000000001,38.415132825
2015-03-25,2015-03-24,3045,SELL,90,110.9445,9985.005000000001,38.492194275
2015-03-25,2015-03-24,4904,SELL,132,75.5622,9974.2104,38.450581092
2015-03-25,2015-03-24,0050,BUY,612,70.53524999999999,43167.573,36.90827491499999
2015-03-27,2015-03-26,2880,BUY,670,17.8089,11931.963000000002,10.201828365
2015-03-27,2015-03-26,2886,BUY,469,25.362675,11895.094575,10.170305861625
2015-03-27,2015-03-26,2892,BUY,643,18.559275,11933.613825,10.203239820375
2015-03-27,2015-03-26,5880,BUY,746,15.857924999999998,11830.01205,10.114660302749998
2015-03-27,2015-03-26,2412,BUY,5,99.84989999999999,499.24949999999995,0.42685832249999994
2015-03-27,2015-03-26,3045,BUY,4,109.55475,438.219,0.374677245
2015-03-27,2015-03-26,4904,BUY,6,74.83739999999999,449.0243999999999,0.3839158619999999
2015-03-27,2015-03-26,0050,SELL,710,69.3653,49249.363000000005,91.357568365
2015-03-30,2015-03-27,2880,BUY,263,17.8089,4683.7407,4.0045982985
2015-03-30,2015-03-27,2886,BUY,186,25.412699999999997,4726.762199999999,4.041381680999999
2015-03-30,2015-03-27,2892,BUY,253,18.509249999999998,4682.840249999999,4.003828413749999
2015-03-30,2015-03-27,5880,BUY,295,15.857924999999998,4678.087874999999,3.999765133124999
2015-03-30,2015-03-27,2412,BUY,189,99.54974999999999,18814.902749999997,16.086741851249997
2015-03-30,2015-03-27,3045,BUY,171,109.55475,18733.86225,16.01745222375
2015-03-30,2015-03-27,4904,BUY,249,74.73734999999999,18609.60015,15.911208128249998
2015-03-30,2015-03-27,0050,SELL,1081,68.715625,74281.590625,137.79235060937498
2015-03-31,2015-03-30,2880,BUY,385,17.758875,6837.166875,5.845777678125
2015-03-31,2015-03-30,2886,BUY,266,25.962974999999997,6906.151349999999,5.904759404249999
2015-03-31,2015-03-30,2892,BUY,367,18.6093,6829.6131000000005,5.8393192005
2015-03-31,2015-03-30,5880,BUY,432,15.8079,6829.0128,5.838805944
2015-03-31,2015-03-30,2412,BUY,131,99.54974999999999,13041.017249999999,11.15006974875
2015-03-31,2015-03-30,3045,BUY,119,110.05499999999999,13096.544999999998,11.197545974999999
2015-03-31,2015-03-30,4904,BUY,175,74.73734999999999,13079.03625,11.18257599375
2015-03-31,2015-03-30,0050,SELL,984,68.9655,67862.05200000001,125.88410646000001
2015-04-01,2015-03-31,2880,BUY,401,17.858925,7161.428925,6.123021730875
2015-04-01,2015-03-31,2886,BUY,277,25.962974999999997,7191.744074999999,6.148941184124999
2015-04-01,2015-03-31,2892,BUY,386,18.6093,7183.1898,6.141627279
2015-04-01,2015-03-31,5880,BUY,453,15.857924999999998,7183.640024999999,6.142012221374999
2015-04-01,2015-03-31,2412,BUY,86,99.74985,8578.4871,7.3346064705
2015-04-01,2015-03-31,3045,BUY,78,110.05499999999999,8584.289999999999,7.339567949999999
2015-04-01,2015-03-31,4904,BUY,114,75.33765,8588.4921,7.3431607455
2015-04-01,2015-03-31,0050,SELL,759,68.66565000000001,52117.22835000001,96.67745858925002
2015-04-07,2015-04-02,2880,BUY,250,18.009,4502.25,3.8494237499999997
2015-04-07,2015-04-02,2886,BUY,174,26.012999999999998,4526.262,3.8699540099999994
2015-04-07,2015-04-02,2892,BUY,242,18.659325,4515.5566499999995,3.8608009357499995
2015-04-07,2015-04-02,5880,BUY,283,15.957974999999998,4516.106924999999,3.861271420874999
2015-04-07,2015-04-02,2412,BUY,80,99.34965,7947.972,6.79551606
2015-04-07,2015-04-02,3045,BUY,71,110.55525,7849.42275,6.71125645125
2015-04-07,2015-04-02,4904,BUY,105,75.53775,7931.46375,6.78140150625
2015-04-07,2015-04-02,0050,SELL,605,69.515225,42056.711125,78.015199136875
2015-04-16,2015-04-15,2880,BUY,460,18.159074999999998,8353.1745,7.141964197499999
2015-04-16,2015-04-15,2886,BUY,321,26.213099999999997,8414.4051,7.194316360499999
2015-04-16,2015-04-15,2892,BUY,446,18.759375,8366.68125,7.15351246875
2015-04-16,2015-04-15,5880,BUY,526,15.957974999999998,8393.894849999999,7.176780096749999
2015-04-16,2015-04-15,2412,SELL,183,97.5512,17851.869599999998,68.818957308
2015-04-16,2015-04-15,3045,SELL,171,104.44775,17860.56525,68.85247903874999
2015-04-16,2015-04-15,4904,SELL,247,72.36380000000001,17873.858600000003,68.90372490300001
2015-04-16,2015-04-15,0050,BUY,331,68.984475,22833.861225,19.522951347375
2015-04-17,2015-04-16,2880,BUY,64,18.30915,1171.7856,1.0018766879999998
2015-04-17,2015-04-16,2886,BUY,44,26.263125,1155.5774999999999,0.9880187624999999
2015-04-17,2015-04-16,2892,BUY,62,18.8094,1166.1828,0.997086294
2015-04-17,2015-04-16,5880,BUY,73,16.008,1168.5839999999998,0.9991393199999998
2015-04-17,2015-04-16,2412,SELL,146,97.35130000000001,14213.2898,54.792232179
2015-04-17,2015-04-16,3045,SELL,138,103.94800000000001,14344.824,55.29929652
2015-04-17,2015-04-16,4904,SELL,200,71.7641,14352.82,55.3301211
2015-04-17,2015-04-16,0050,BUY,596,69.584775,41472.52589999999,35.45900964449999
2015-05-20,2015-05-19,2880,BUY,215,18.6093,4000.9995000000004,3.4208545725
2015-05-20,2015-05-19,2886,BUY,145,27.8139,4033.0155,3.4482282525
2015-05-20,2015-05-19,2892,BUY,208,19.30965,4016.4072,3.434028156
2015-05-20,2015-05-19,5880,BUY,243,16.458225,3999.3486749999997,3.4194431171249997
2015-05-20,2015-05-19,2412,SELL,175,98.9505,17316.3375,66.7544810625
2015-05-20,2015-05-19,3045,SELL,160,108.44575,17351.32,66.8893386
2015-05-20,2015-05-19,4904,SELL,238,72.96350000000001,17365.313000000002,66.943281615
2015-05-20,2015-05-19,0050,BUY,661,71.285625,47119.798124999994,40.287427396874996
2015-05-25,2015-05-22,2880,SELL,162,18.440775,2987.40555,11.51644839525
2015-05-25,2015-05-22,2886,SELL,110,26.936525,2963.01775,11.42243342625
2015-05-25,2015-05-22,2892,SELL,156,19.040475,2970.3141,11.4505608555
2015-05-25,2015-05-22,5880,SELL,182,16.1919,2946.9258,11.360398959
2015-05-25,2015-05-22,2412,SELL,86,98.25085,8449.5731,32.5731043005
2015-05-25,2015-05-22,3045,SELL,80,106.9465,8555.72,32.982300599999995
2015-05-25,2015-05-22,4904,SELL,118,71.7641,8468.1638,32.644771449000004
2015-05-25,2015-05-22,0050,BUY,616,70.485225,43418.8986,37.123158303
2015-05-29,2015-05-28,2880,SELL,345,18.440775,6362.067375,24.525769730624997
2015-05-29,2015-05-28,2886,SELL,234,27.436275000000002,6420.088350000001,24.749440589250003
2015-05-29,2015-05-28,2892,SELL,335,18.9905,6361.8175,24.5248064625
2015-05-29,2015-05-28,5880,SELL,388,16.3918,6360.0184,24.517870931999997
2015-05-29,2015-05-28,2412,SELL,52,97.65115,5077.8598,19.575149529
2015-05-29,2015-05-28,3045,SELL,48,106.44675000000001,5109.444,19.69690662
2015-05-29,2015-05-28,4904,SELL,71,71.964,5109.4439999999995,19.696906619999996
2015-05-29,2015-05-28,0050,BUY,596,71.73585,42754.5666,36.555154443
2015-06-08,2015-06-05,2880,SELL,1075,17.7911,19125.4325,73.72854228749999
2015-06-08,2015-06-05,2886,SELL,712,27.186400000000003,19356.716800000002,74.620143264
2015-06-08,2015-06-05,2892,SELL,1020,18.740625,19115.4375,73.6900115625
2015-06-08,2015-06-05,5880,SELL,1185,16.09195,19068.960750000002,73.51084369125
2015-06-08,2015-06-05,2412,SELL,61,95.85205,5846.97505,22.54008881775
2015-06-08,2015-06-05,3045,SELL,57,103.44825,5896.55025,22.73120121375
2015-06-08,2015-06-05,4904,SELL,83,70.86455000000001,5881.7576500000005,22.67417574075
2015-06-08,2015-06-05,0050,SELL,629,68.26585,42939.21965,79.65225245075
2015-06-09,2015-06-08,2880,BUY,208,17.858925,3714.6564,3.1760312219999998
2015-06-09,2015-06-08,2886,BUY,135,27.31365,3687.34275,3.1526780512499997
2015-06-09,2015-06-08,2892,BUY,198,18.8094,3724.2612,3.184243326
2015-06-09,2015-06-08,5880,BUY,231,16.058025,3709.403775,3.171540227625
2015-06-09,2015-06-08,2412,SELL,31,96.95150000000001,3005.4965,11.5861890075
2015-06-09,2015-06-08,3045,SELL,29,103.94800000000001,3014.492,11.62086666
2015-06-09,2015-06-08,4904,SELL,42,72.16390000000001,3030.8838000000005,11.684057049000002
2015-06-09,2015-06-08,0050,SELL,649,68.46575,44434.27175,82.42557409624999
2015-06-10,2015-06-09,2880,SELL,1195,17.841075000000004,21320.084625000003,82.18892622937501
2015-06-10,2015-06-09,2886,SELL,787,27.086450000000003,21317.036150000004,82.17717435825001
2015-06-10,2015-06-09,2892,SELL,1131,18.7906,21252.1686,81.927109953
2015-06-10,2015-06-09,5880,SELL,1329,16.041975,21319.784775,82.187770307625
2015-06-10,2015-06-09,2412,BUY,516,97.54875,50335.155,43.036557525
2015-06-10,2015-06-09,3045,BUY,478,104.55225,49975.9755,42.7294590525
2015-06-10,2015-06-09,4904,BUY,696,72.2361,50276.3256,42.986258387999996
2015-06-10,2015-06-09,0050,SELL,971,68.515725,66528.768975,123.41086644862499
2015-06-11,2015-06-10,2880,SELL,1252,17.841075000000004,22337.025900000004,86.10923484450001
2015-06-11,2015-06-10,2886,SELL,804,27.68615,22259.6646,85.811007033
2015-06-11,2015-06-10,2892,SELL,1185,18.89055,22385.301750000002,86.29533824625001
2015-06-11,2015-06-10,5880,SELL,1384,16.141925,22340.4242,86.122335291
2015-06-11,2015-06-10,2412,BUY,517,97.54875,50432.70375,43.119961706249995
2015-06-11,2015-06-10,3045,BUY,480,105.55274999999999,50665.31999999999,43.31884859999999
2015-06-11,2015-06-10,4904,BUY,693,73.03649999999999,50614.294499999996,43.275221797499995
2015-06-11,2015-06-10,0050,SELL,848,68.7656,58313.228800000004,108.171039424
2015-06-12,2015-06-11,2880,SELL,781,17.7911,13894.8491,53.56464328049999
2015-06-12,2015-06-11,2886,SELL,506,27.486250000000002,13908.042500000001,53.61550383750001
2015-06-12,2015-06-11,2892,SELL,737,18.7906,13848.6722,53.386631331000004
2015-06-12,2015-06-11,5880,SELL,861,16.041975,13812.140475,53.245801531125
2015-06-12,2015-06-11,2412,BUY,360,97.54875,35117.55,30.025505250000002
2015-06-12,2015-06-11,3045,BUY,331,106.053,35103.543,30.013529264999995
2015-06-12,2015-06-11,4904,BUY,489,71.73585,35078.830649999996,29.992400205749995
2015-06-12,2015-06-11,0050,SELL,678,68.86555000000001,46690.84290000001,86.61151357950001
2015-06-15,2015-06-12,2880,SELL,537,17.7911,9553.8207,36.8299787985
2015-06-15,2015-06-12,2886,SELL,344,27.936025,9609.9926,37.046521473
2015-06-15,2015-06-12,2892,SELL,507,18.7906,9526.834200000001,36.725945841000005
2015-06-15,2015-06-12,5880,SELL,596,16.09195,9590.8022,36.972542481
2015-06-15,2015-06-12,2412,BUY,286,97.04849999999999,27755.870999999996,23.731269704999995
2015-06-15,2015-06-12,3045,BUY,265,105.0525,27838.9125,23.8022701875
2015-06-15,2015-06-12,4904,BUY,384,72.63629999999999,27892.339199999995,23.847950015999995
2015-06-15,2015-06-12,0050,SELL,508,68.7656,34932.9248,64.800575504
2015-06-16,2015-06-15,2880,SELL,520,17.741125,9225.385,35.563859175
2015-06-16,2015-06-15,2886,SELL,334,27.88605,9313.940700000001,35.9052413985
2015-06-16,2015-06-15,2892,SELL,492,18.740625,9220.3875,35.544593812500004
2015-06-16,2015-06-15,5880,SELL,575,16.09195,9252.87125,35.66981866875
2015-06-16,2015-06-15,2412,BUY,236,96.8484,22856.2224,19.542070151999997
2015-06-16,2015-06-15,3045,BUY,218,105.0525,22901.445,19.580735474999997
2015-06-16,2015-06-15,4904,BUY,318,71.63579999999999,22780.1844,19.477057661999996
2015-06-16,2015-06-15,0050,SELL,385,68.61567500000001,26417.034875000005,49.003599693125004
2015-06-23,2015-06-22,2880,BUY,1232,17.8089,21940.5648,18.759182904
2015-06-23,2015-06-22,2886,BUY,781,28.264125,22074.281625,18.873510789375
2015-06-23,2015-06-22,2892,BUY,1154,19.0095,21936.963,18.756103364999998
2015-06-23,2015-06-22,5880,BUY,1354,16.158074999999997,21878.033549999996,18.705718685249995
2015-06-23,2015-06-22,2412,SELL,398,96.95150000000001,38586.69700000001,148.75171693500002
2015-06-23,2015-06-22,3045,SELL,363,106.44675000000001,38640.17025,148.95785631375
2015-06-23,2015-06-22,4904,SELL,539,71.86405,38734.72295,149.32235697225002
2015-06-23,2015-06-22,0050,BUY,424,69.584775,29503.9446,25.225872632999998
2015-06-24,2015-06-23,2880,BUY,1263,17.758875,22429.459125,19.177187551875
2015-06-24,2015-06-23,2886,BUY,799,28.014,22383.185999999998,19.137624029999998
2015-06-24,2015-06-23,2892,BUY,1187,19.0095,22564.2765,19.292456407499998
2015-06-24,2015-06-23,5880,BUY,1393,16.158074999999997,22508.198474999994,19.244509696124993
2015-06-24,2015-06-23,2412,SELL,378,96.95150000000001,36647.667,141.276756285
2015-06-24,2015-06-23,3045,SELL,342,106.9465,36575.703,140.999335065
2015-06-24,2015-06-23,4904,SELL,510,72.06394999999999,36752.614499999996,141.68132889749998
2015-06-24,2015-06-23,0050,BUY,215,69.63479999999998,14971.481999999996,12.800617109999996
2015-06-25,2015-06-24,2880,BUY,906,17.908949999999997,16225.508699999997,13.872809938499996
2015-06-25,2015-06-24,2886,BUY,577,28.2141,16279.535699999999,13.919003023499998
2015-06-25,2015-06-24,2892,BUY,856,18.909449999999996,16186.489199999996,13.839448265999996
2015-06-25,2015-06-24,5880,BUY,1004,16.158074999999997,16222.707299999996,13.870414741499996
2015-06-25,2015-06-24,2412,SELL,297,96.65165,28705.54005,110.65985689275
2015-06-25,2015-06-24,3045,SELL,270,106.9465,28875.555,111.315264525
2015-06-25,2015-06-24,4904,SELL,398,72.46375,28840.572500000002,111.1804069875
2015-06-25,2015-06-24,0050,BUY,231,70.035,16178.085,13.832262674999999
2015-06-26,2015-06-25,2880,BUY,490,18.009,8824.41,7.54487055
2015-06-26,2015-06-25,2886,BUY,316,28.164074999999997,8899.847699999998,7.609369783499998
2015-06-26,2015-06-25,2892,BUY,465,19.0095,8839.4175,7.5577019624999995
2015-06-26,2015-06-25,5880,BUY,546,16.208099999999998,8849.622599999999,7.566427322999998
2015-06-26,2015-06-25,2412,SELL,207,97.5512,20193.0984,77.844394332
2015-06-26,2015-06-25,3045,SELL,188,101.94900000000001,19166.412000000004,73.88651826000002
2015-06-26,2015-06-25,4904,SELL,275,72.5637,19955.017499999998,76.9265924625
2015-06-26,2015-06-25,0050,BUY,303,70.485225,21357.023175,18.260254814624997
2015-06-30,2015-06-29,2880,SELL,913,17.741125,16197.647125,62.441929666875
2015-06-30,2015-06-29,2886,SELL,586,27.836075000000005,16311.939950000002,62.88252850725001
2015-06-30,2015-06-29,2892,SELL,859,18.840575,16184.053925,62.389527880875
2015-06-30,2015-06-29,5880,SELL,1009,16.041975,16186.352775000001,62.398389947625006
2015-06-30,2015-06-29,2412,BUY,368,97.54875,35897.94,30.6927387
2015-06-30,2015-06-29,3045,BUY,344,104.55225,35965.974,30.75090777
2015-06-30,2015-06-29,4904,BUY,487,73.2366,35666.2242,30.494621690999995
2015-06-30,2015-06-29,0050,SELL,360,68.7656,24755.616,45.92166768
2015-07-02,2015-07-01,2880,BUY,492,17.908949999999997,8811.203399999999,7.533578906999998
2015-07-02,2015-07-01,2886,BUY,316,28.014,8852.423999999999,7.5688225199999986
2015-07-02,2015-07-01,2892,BUY,467,18.909449999999996,8830.713149999998,7.550259743249998
2015-07-02,2015-07-01,5880,BUY,547,16.158074999999997,8838.467024999998,7.556889306374998
2015-07-02,2015-07-01,2412,SELL,166,98.25085,16309.6411,62.8736664405
2015-07-02,2015-07-01,3045,SELL,155,105.44725000000001,16344.323750000001,63.00736805625
2015-07-02,2015-07-01,4904,SELL,219,74.56269999999999,16329.231299999998,62.949186661499986
2015-07-02,2015-07-01,0050,BUY,189,70.2351,13274.4339,11.349640984499999
2015-07-07,2015-07-06,2880,SELL,917,17.89105,16406.09285,63.24548793675
2015-07-07,2015-07-06,2886,SELL,589,27.836075000000005,16395.448175,63.204452714625006
2015-07-07,2015-07-06,2892,SELL,868,18.7906,16310.240800000001,62.875978284000006
2015-07-07,2015-07-06,5880,SELL,1014,16.141925,16367.91195,63.09830056725
2015-07-07,2015-07-06,2412,BUY,267,98.4492,26285.936400000002,22.474475622
2015-07-07,2015-07-06,3045,BUY,257,103.05149999999999,26484.2355,22.644021352499998
2015-07-07,2015-07-06,4904,BUY,351,75.13754999999999,26373.280049999998,22.549154442749998
2015-07-07,2015-07-06,0050,BUY,13,69.684825,905.902725,0.774546829875
2015-07-08,2015-07-07,2880,SELL,1181,17.89105,21129.33005,81.45356734275
2015-07-08,2015-07-07,2886,SELL,771,27.486250000000002,21191.89875,81.69476968125
2015-07-08,2015-07-07,2892,SELL,1119,18.89055,21138.52545,81.48901560975
2015-07-08,2015-07-07,5880,SELL,1313,16.09195,21128.73035,81.45125549925001
2015-07-08,2015-07-07,2412,BUY,406,98.54925,40010.9955,34.20940115249999
2015-07-08,2015-07-07,3045,BUY,393,102.05099999999999,40106.043,34.290666765
2015-07-08,2015-07-07,4904,BUY,528,75.93795,40095.2376,34.281428147999996
2015-07-08,2015-07-07,0050,SELL,405,69.1654,28011.987,51.962235885
2015-07-09,2015-07-08,2880,SELL,1261,17.541225,22119.484725000002,85.270613614875
2015-07-09,2015-07-08,2886,SELL,835,25.987000000000002,21699.145,83.650203975
2015-07-09,2015-07-08,2892,SELL,1187,18.590700000000002,22067.160900000003,85.06890526950001
2015-07-09,2015-07-08,5880,SELL,1392,15.942025000000001,22191.2988,85.547456874
2015-07-09,2015-07-08,2412,BUY,421,97.54875,41068.02375,35.11316030625
2015-07-09,2015-07-08,3045,BUY,405,101.0505,40925.4525,34.991261887499995
2015-07-09,2015-07-08,4904,BUY,545,74.4372,40568.274000000005,34.68587427
2015-07-09,2015-07-08,0050,SELL,393,66.7666,26239.2738,48.673852898999996
2015-07-13,2015-07-09,2880,SELL,1081,17.641175,19070.110175,73.515274724625
2015-07-13,2015-07-09,2886,SELL,705,26.88655,18955.01775,73.07159342624999
2015-07-13,2015-07-09,2892,SELL,1020,18.69065,19064.463000000003,73.493504865
2015-07-13,2015-07-09,5880,SELL,1193,15.992,19078.456000000002,73.54744788
2015-07-13,2015-07-09,2412,BUY,354,98.04899999999999,34709.346,29.676490829999995
2015-07-13,2015-07-09,3045,BUY,346,101.0505,34963.473,29.893769414999998
2015-07-13,2015-07-09,4904,BUY,461,73.03649999999999,33669.826499999996,28.787701657499994
2015-07-13,2015-07-09,0050,SELL,330,67.96600000000001,22428.780000000002,41.6053869
2015-07-14,2015-07-13,2880,SELL,1027,17.7911,18271.4597,70.4364771435
2015-07-14,2015-07-13,2886,SELL,673,27.186400000000003,18296.447200000002,70.53280395600001
2015-07-14,2015-07-13,2892,SELL,972,18.840575,18313.0389,70.59676495949999
2015-07-14,2015-07-13,5880,SELL,1140,15.992,18230.88,70.2800424
2015-07-14,2015-07-13,2412,BUY,323,98.2491,31734.4593,27.1329627015
2015-07-14,2015-07-13,3045,BUY,316,101.55075,32090.036999999997,27.436981634999995
2015-07-14,2015-07-13,4904,BUY,431,73.73685,31780.58235,27.172397909249998
2015-07-14,2015-07-13,0050,SELL,262,68.26585,17885.6527,33.1778857585
2015-07-15,2015-07-14,2880,SELL,736,17.841075000000004,13131.031200000003,50.62012527600001
2015-07-15,2015-07-14,2886,SELL,475,27.336325000000002,12984.754375,50.056228115625004
2015-07-15,2015-07-14,2892,SELL,697,18.7906,13097.048200000001,50.48912081100001
2015-07-15,2015-07-14,5880,SELL,817,16.041975,13106.293575000002,50.524761731625006
2015-07-15,2015-07-14,2412,BUY,254,98.4492,25006.096800000003,21.380212764000003
2015-07-15,2015-07-14,3045,BUY,242,103.55175,25059.5235,21.4258925925
2015-07-15,2015-07-14,4904,BUY,338,70.73535,23908.5483,20.4418087965
2015-07-15,2015-07-14,0050,SELL,194,68.26585,13243.5749,24.566831439499996
2015-07-16,2015-07-15,2880,SELL,581,17.991,10452.771,40.295432205000004
2015-07-16,2015-07-15,2886,SELL,377,27.7861,10475.3597,40.3825116435
2015-07-16,2015-07-15,2892,SELL,553,18.89055,10446.47415,40.27115784825
2015-07-16,2015-07-15,5880,SELL,648,15.992,10362.816,39.94865568
2015-07-16,2015-07-15,2412,BUY,233,94.2471,21959.5743,18.7754360265
2015-07-16,2015-07-15,3045,BUY,225,102.55125,23074.03125,19.72829671875
2015-07-16,2015-07-15,4904,BUY,330,70.035,23111.55,19.76037525
2015-07-16,2015-07-15,0050,SELL,146,68.56569999999999,10010.5922,18.569648531
2015-07-17,2015-07-16,2880,SELL,402,18.090950000000003,7272.5619000000015,28.035726124500005
2015-07-17,2015-07-16,2886,SELL,264,27.636175,7295.9502,28.125888021
2015-07-17,2015-07-16,2892,SELL,386,18.940525,7311.04265,28.18406941575
2015-07-17,2015-07-16,5880,SELL,454,16.041975,7283.05665,28.07618338575
2015-07-17,2015-07-16,2412,BUY,190,95.0475,18059.025,15.440466375
2015-07-17,2015-07-16,3045,BUY,176,102.55125,18049.02,15.4319121
2015-07-17,2015-07-16,4904,BUY,256,70.53524999999999,18057.023999999998,15.438755519999997
2015-07-17,2015-07-16,0050,SELL,110,68.315825,7514.740750000001,13.93984409125
2015-07-22,2015-07-21,2880,SELL,414,18.140925,7510.342949999999,28.952372072249997
2015-07-22,2015-07-21,2886,SELL,281,26.88655,7555.12055,29.12498972025
2015-07-22,2015-07-21,2892,SELL,397,18.9905,7539.2285,29.0637258675
2015-07-22,2015-07-21,5880,SELL,469,16.09195,7547.12455,29.094165140250002
2015-07-22,2015-07-21,2412,BUY,157,95.34764999999999,14969.581049999999,12.798991797749999
2015-07-22,2015-07-21,3045,BUY,149,100.55024999999999,14981.987249999998,12.809599098749999
2015-07-22,2015-07-21,4904,BUY,214,70.13504999999999,15008.900699999998,12.832610098499998
2015-07-22,2015-07-21,0050,SELL,84,68.16590000000001,5725.935600000001,10.621610538
2015-08-10,2015-08-07,2880,SELL,840,17.841075000000004,14986.503000000002,57.772969065000005
2015-08-10,2015-08-07,2886,SELL,560,26.636675,14916.538,57.50325399
2015-08-10,2015-08-07,2892,SELL,912,16.441775,14994.898799999999,57.805334873999996
2015-08-10,2015-08-07,5880,SELL,946,15.892050000000001,15033.8793,57.9556047015
2015-08-10,2015-08-07,2412,BUY,166,98.54925,16359.1755,13.987095052499999
2015-08-10,2015-08-07,3045,BUY,155,103.05149999999999,15972.982499999998,13.656900037499998
2015-08-10,2015-08-07,4904,BUY,221,73.03649999999999,16141.066499999997,13.800611857499996
2015-08-10,2015-08-07,0050,SELL,87,64.5677,5617.3899,10.4202582645
2015-08-18,2015-08-17,2880,SELL,193,15.842075000000001,3057.5204750000003,11.786741431125002
2015-08-18,2015-08-17,2886,SELL,127,24.087950000000003,3059.1696500000003,11.79309900075
2015-08-18,2015-08-17,2892,SELL,191,16.041975,3064.017225,11.811786402375
2015-08-18,2015-08-17,5880,SELL,214,14.292850000000001,3058.6699000000003,11.7911724645
2015-08-18,2015-08-17,2412,BUY,221,98.4492,21757.2732,18.602468586
2015-08-18,2015-08-17,3045,BUY,213,101.0505,21523.7565,18.402811807499997
2015-08-18,2015-08-17,4904,BUY,295,72.93645000000001,21516.252750000003,18.39639610125
2015-08-18,2015-08-17,0050,SELL,65,62.968500000000006,4092.9525000000003,7.5924268875
2015-08-26,2015-08-25,2880,SELL,3259,14.992500000000001,48860.5575,188.35744916250002
2015-08-26,2015-08-25,2886,SELL,2168,22.438775,48647.2642,187.53520349099998
2015-08-26,2015-08-25,2892,SELL,3217,15.192400000000001,48873.950800000006,188.409080334
2015-08-26,2015-08-25,5880,SELL,3662,13.243375,48497.23925,186.95685730875
2015-08-26,2015-08-25,2412,BUY,105,95.0475,9979.9875,8.532889312499998
2015-08-26,2015-08-25,3045,BUY,104,97.04849999999999,10093.043999999998,8.629552619999998
2015-08-26,2015-08-25,4904,BUY,143,70.13504999999999,10029.31215,8.57506188825
2015-08-26,2015-08-25,0050,BUY,23,59.329649999999994,1364.5819499999998,1.1667175672499999
2015-08-27,2015-08-26,2880,SELL,911,14.992500000000001,13658.167500000001,52.6522357125
2015-08-27,2015-08-26,2886,SELL,595,22.88855,13618.687249999999,52.50003934874999
2015-08-27,2015-08-26,2892,SELL,890,15.342325,13654.66925,52.638749958750005
2015-08-27,2015-08-26,5880,SELL,1017,13.493250000000002,13722.635250000001,52.900758888750005
2015-08-27,2015-08-26,2412,BUY,41,95.34764999999999,3909.2536499999997,3.3424118707499995
2015-08-27,2015-08-26,3045,BUY,40,97.04849999999999,3881.9399999999996,3.3190586999999994
2015-08-27,2015-08-26,4904,BUY,56,69.63479999999998,3899.548799999999,3.334114223999999
2015-08-27,2015-08-26,0050,BUY,5,60.6303,303.1515,0.25919453249999996
2015-09-02,2015-09-01,2880,SELL,1230,15.142425000000001,18625.18275,71.80007950125
2015-09-02,2015-09-01,2886,SELL,793,23.3883,18546.9219,71.4983839245
2015-09-02,2015-09-01,2892,SELL,1198,15.49225,18559.715500000002,71.5477032525
2015-09-02,2015-09-01,5880,SELL,1365,13.593200000000001,18554.718,71.52843789
2015-09-02,2015-09-01,2412,BUY,3,96.94845,290.84535,0.24867277424999998
2015-09-02,2015-09-01,3045,BUY,3,98.74934999999999,296.24805,0.25329208275
2015-09-02,2015-09-01,4904,BUY,5,69.93495,349.67475,0.29897191125
2015-09-02,2015-09-01,0050,BUY,1,61.13055,61.13055,0.05226662025
2015-09-10,2015-09-09,2880,SELL,1137,15.5922,17728.3314,68.34271754699999
2015-09-10,2015-09-09,2886,SELL,743,23.788100000000004,17674.558300000004,68.13542224650001
2015-09-10,2015-09-09,2892,SELL,1144,15.49225,17723.134000000002,68.32268157
2015-09-10,2015-09-09,5880,SELL,1280,13.843075,17719.136000000002,68.30726928000001
2015-09-10,2015-09-09,2412,BUY,33,97.54875,3219.10875,2.7523379812499997
2015-09-10,2015-09-09,3045,BUY,32,100.55024999999999,3217.6079999999997,2.7510548399999997
2015-09-10,2015-09-09,4904,BUY,46,70.2351,3230.8146,2.762346483
2015-09-10,2015-09-09,0050,BUY,367,63.83189999999999,23426.307299999997,20.029492741499997
2015-10-08,2015-10-07,2880,BUY,720,15.707849999999999,11309.651999999998,9.669752459999998
2015-10-08,2015-10-07,2886,BUY,494,23.011499999999998,11367.680999999999,9.719367254999998
2015-10-08,2015-10-07,2892,BUY,741,15.30765,11342.96865,9.698238195750001
2015-10-08,2015-10-07,5880,BUY,810,14.10705,11426.7105,9.7698374775
2015-10-08,2015-10-07,2412,SELL,145,98.45075,14275.35875,55.031507981249995
2015-10-08,2015-10-07,3045,SELL,142,100.44975000000001,14263.864500000001,54.987197647500004
2015-10-08,2015-10-07,4904,SELL,203,70.1649,14243.4747,54.908594968500005
2015-10-08,2015-10-07,0050,BUY,744,65.13255,48458.61719999999,41.43211770599999
2015-10-16,2015-10-15,2880,BUY,148,15.8079,2339.5692,2.0003316659999997
2015-10-16,2015-10-15,2886,BUY,102,23.011499999999998,2347.173,2.006832915
2015-10-16,2015-10-15,2892,BUY,151,15.557775,2349.224025,2.0085865413749997
2015-10-16,2015-10-15,5880,BUY,165,14.30715,2360.67975,2.0183811862499996
2015-10-16,2015-10-15,2412,SELL,113,99.25035,11215.28955,43.23494121525
2015-10-16,2015-10-15,3045,SELL,111,101.94900000000001,11316.339000000002,43.62448684500001
2015-10-16,2015-10-15,4904,SELL,158,71.36430000000001,11275.559400000002,43.46728148700001
2015-10-16,2015-10-15,0050,BUY,838,65.982975,55293.733049999995,47.27614175775
2015-10-22,2015-10-21,2880,BUY,534,15.8079,8441.4186,7.2174129030000005
2015-10-22,2015-10-21,2886,BUY,363,23.061525,8371.333575,7.157490206625
2015-10-22,2015-10-21,2892,BUY,533,15.8079,8425.6107,7.203897148499999
2015-10-22,2015-10-21,5880,BUY,581,14.457225,8399.647724999999,7.181698804874999
2015-10-22,2015-10-21,2412,SELL,216,99.95,21589.2,83.226366
2015-10-22,2015-10-21,3045,SELL,213,101.44925,21608.69025,83.30150091374999
2015-10-22,2015-10-21,4904,SELL,302,71.26435000000001,21521.833700000003,82.96666891350002
2015-10-22,2015-10-21,0050,BUY,749,65.33264999999999,48934.15484999999,41.838702396749994
2015-10-23,2015-10-22,2880,BUY,290,16.008,4642.32,3.9691835999999996
2015-10-23,2015-10-22,2886,BUY,196,23.661824999999997,4637.717699999999,3.965248633499999
2015-10-23,2015-10-22,2892,BUY,290,16.008,4642.32,3.9691835999999996
2015-10-23,2015-10-22,5880,BUY,319,14.557275,4643.770725,3.970423969875
2015-10-23,2015-10-22,2412,SELL,159,99.95,15892.050000000001,61.263852750000005
2015-10-23,2015-10-22,3045,SELL,156,102.94850000000001,16059.966000000002,61.91116893000001
2015-10-23,2015-10-22,4904,SELL,221,72.36380000000001,15992.399800000003,61.650701229000006
2015-10-23,2015-10-22,0050,BUY,447,66.2331,29606.195699999997,25.313297323499995
2015-10-27,2015-10-26,2880,BUY,654,16.058025,10501.94835,8.97916583925
2015-10-27,2015-10-26,2886,BUY,438,23.811899999999998,10429.6122,8.917318431
2015-10-27,2015-10-26,2892,BUY,661,16.058025,10614.354525,9.075273118875
2015-10-27,2015-10-26,5880,BUY,721,14.707349999999998,10603.999349999998,9.066419444249998
2015-10-27,2015-10-26,2412,SELL,213,99.95,21289.350000000002,82.07044425000001
2015-10-27,2015-10-26,3045,SELL,206,103.44825,21310.339500000002,82.1513587725
2015-10-27,2015-10-26,4904,SELL,303,71.06445,21532.528349999997,83.00789678924998
2015-10-27,2015-10-26,0050,BUY,499,64.53224999999999,32201.592749999996,27.532361801249994
2015-11-03,2015-11-02,2880,BUY,717,15.707849999999999,11262.52845,9.629461824749999
2015-11-03,2015-11-02,2886,BUY,489,23.061525,11277.085724999999,9.641908294874998
2015-11-03,2015-11-02,2892,BUY,708,15.957974999999998,11298.246299999999,9.660000586499999
2015-11-03,2015-11-02,5880,BUY,773,14.607299999999999,11291.442899999998,9.654183679499997
2015-11-03,2015-11-02,2412,SELL,171,100.44975000000001,17176.90725,66.21697744875
2015-11-03,2015-11-02,3045,SELL,170,102.44875,17416.287500000002,67.1397883125
2015-11-03,2015-11-02,4904,SELL,245,70.46475000000001,17263.863750000004,66.55219475625002
2015-11-03,2015-11-02,0050,BUY,449,63.83189999999999,28660.523099999995,24.504747250499996
2015-11-04,2015-11-03,2880,BUY,238,16.158074999999997,3845.621849999999,3.288006681749999
2015-11-04,2015-11-03,2886,BUY,164,23.261625,3814.9064999999996,3.2617450574999993
2015-11-04,2015-11-03,2892,BUY,239,16.058025,3837.867975,3.281377118625
2015-11-04,2015-11-03,5880,BUY,259,14.757375,3822.160125,3.267946906875
2015-11-04,2015-11-03,2412,SELL,139,99.95,13893.050000000001,53.557707750000006
2015-11-04,2015-11-03,3045,SELL,136,102.94850000000001,14000.996000000001,53.97383958
2015-11-04,2015-11-03,4904,SELL,196,70.86455000000001,13889.451800000003,53.54383668900001
2015-11-04,2015-11-03,0050,BUY,414,64.782375,26819.90325,22.931017278749998
2015-11-06,2015-11-05,2880,BUY,418,16.208099999999998,6774.9857999999995,5.792612858999999
2015-11-06,2015-11-05,2886,BUY,290,23.261625,6745.871249999999,5.767719918749999
2015-11-06,2015-11-05,2892,BUY,420,16.058025,6744.3705,5.7664367775
2015-11-06,2015-11-05,5880,BUY,456,14.757375,6729.363,5.753605365
2015-11-06,2015-11-05,2412,SELL,222,99.95,22188.9,85.53820950000001
2015-11-06,2015-11-05,3045,SELL,218,101.94900000000001,22224.882,85.67692011
2015-11-06,2015-11-05,4904,SELL,317,70.1649,22242.2733,85.7439635715
2015-11-06,2015-11-05,0050,BUY,501,65.4327,32781.782699999996,28.028424208499995
2015-11-10,2015-11-09,2880,BUY,976,15.757874999999999,15379.685999999998,13.149631529999997
2015-11-10,2015-11-09,2886,BUY,671,22.861425,15340.016175,13.115713829625
2015-11-10,2015-11-09,2892,BUY,986,15.707849999999999,15487.940099999998,13.242188785499998
2015-11-10,2015-11-09,5880,BUY,1075,14.30715,15380.18625,13.15005924375
2015-11-10,2015-11-09,2412,SELL,93,98.5507,9165.215100000001,35.33190421050001
2015-11-10,2015-11-09,3045,SELL,91,101.44925,9231.88175,35.58890414625
2015-11-10,2015-11-09,4904,SELL,133,69.06545,9185.70485,35.41089219675
2015-11-10,2015-11-09,0050,SELL,343,63.26835,21701.04405,40.25543671275
2015-11-12,2015-11-11,2880,SELL,293,15.542225000000002,4553.871925,17.555176270875002
2015-11-12,2015-11-11,2886,SELL,203,22.48875,4565.2162499999995,17.598908643749997
2015-11-12,2015-11-11,2892,SELL,298,15.3923,4586.905400000001,17.682520317
2015-11-12,2015-11-11,5880,SELL,328,13.993,4589.704,17.69330892
2015-11-12,2015-11-11,2412,BUY,224,98.04899999999999,21962.976,18.778344479999998
2015-11-12,2015-11-11,3045,BUY,219,101.0505,22130.0595,18.9212008725
2015-11-12,2015-11-11,4904,BUY,319,69.0345,22022.0055,18.828814702499997
2015-11-12,2015-11-11,0050,SELL,525,62.16890000000001,32638.672500000004,60.5447374875
2015-11-13,2015-11-12,2880,SELL,560,15.5922,8731.632,33.66044136
2015-11-13,2015-11-12,2886,SELL,388,22.48875,8725.635,33.637322925
2015-11-13,2015-11-12,2892,SELL,565,15.3923,8696.6495,33.525583822499996
2015-11-13,2015-11-12,5880,SELL,626,14.042975000000002,8790.902350000002,33.888928559250004
2015-11-13,2015-11-12,2412,BUY,269,99.0495,26644.315499999997,22.780889752499995
2015-11-13,2015-11-12,3045,BUY,265,100.55024999999999,26645.816249999996,22.782172893749994
2015-11-13,2015-11-12,4904,BUY,389,68.53425,26659.82325,22.79414887875
2015-11-13,2015-11-12,0050,SELL,575,61.7691,35517.2325,65.88446628749999
2015-11-16,2015-11-13,2880,SELL,207,15.442275,3196.550925,12.322703815875
2015-11-16,2015-11-13,2886,SELL,144,22.288850000000004,3209.5944000000004,12.372986412000001
2015-11-16,2015-11-13,2892,SELL,209,15.29235,3196.10115,12.32096993325
2015-11-16,2015-11-13,5880,SELL,232,13.89305,3223.1876,12.425388198
2015-11-16,2015-11-13,2412,BUY,216,98.14904999999999,21200.194799999997,18.126166553999997
2015-11-16,2015-11-13,3045,BUY,212,100.55024999999999,21316.653,18.225738314999997
2015-11-16,2015-11-13,4904,BUY,313,67.13354999999999,21012.801149999996,17.965944983249997
2015-11-16,2015-11-13,0050,SELL,483,61.1694,29544.820200000002,54.805641471
2015-11-17,2015-11-16,2880,SELL,115,15.49225,1781.60875,6.86810173125
2015-11-17,2015-11-16,2886,SELL,79,22.588700000000003,1784.5073000000002,6.8792756415000005
2015-11-17,2015-11-16,2892,SELL,116,15.3923,1785.5068,6.883128714000001
2015-11-17,2015-11-16,5880,SELL,129,13.943025,1798.650225,6.933796617375
2015-11-17,2015-11-16,2412,BUY,158,98.54925,15570.781500000001,13.3130181825
2015-11-17,2015-11-16,3045,BUY,154,100.55024999999999,15484.7385,13.2394514175
2015-11-17,2015-11-16,4904,BUY,230,67.8339,15601.797,13.339536435
2015-11-17,2015-11-16,0050,SELL,533,61.969,33029.477,61.26967983499999
2015-11-18,2015-11-17,2880,SELL,725,15.5922,11304.345,43.578249975
2015-11-18,2015-11-17,2886,SELL,498,22.588700000000003,11249.172600000002,43.36556037300001
2015-11-18,2015-11-17,2892,SELL,728,15.49225,11278.358,43.47807009
2015-11-18,2015-11-17,5880,SELL,800,14.09295,11274.36,43.4626578
2015-11-18,2015-11-17,2412,BUY,118,99.54974999999999,11746.870499999999,10.0435742775
2015-11-18,2015-11-17,3045,BUY,117,100.55024999999999,11764.379249999998,10.058544258749999
2015-11-18,2015-11-17,4904,BUY,173,67.33364999999999,11648.72145,9.959656839749998
2015-11-18,2015-11-17,0050,BUY,259,62.381175,16156.724325,13.813999297874998
2015-11-26,2015-11-25,2880,SELL,1069,15.5922,16668.0618,64.255378239
2015-11-26,2015-11-25,2886,SELL,743,22.638675,16820.535525,64.843164448875
2015-11-26,2015-11-25,2892,SELL,1083,15.442275,16723.983825,64.470957645375
2015-11-26,2015-11-25,5880,SELL,1187,14.042975000000002,16669.011325000003,64.25903865787501
2015-11-26,2015-11-25,2412,BUY,193,99.54974999999999,19213.101749999998,16.427201996249998
2015-11-26,2015-11-25,3045,BUY,192,99.54974999999999,19113.551999999996,16.342086959999996
2015-11-26,2015-11-25,4904,BUY,275,69.73485,19177.083749999998,16.396406606249997
2015-11-26,2015-11-25,0050,BUY,582,62.331149999999994,36276.7293,31.016603551499998
2015-12-16,2015-12-15,2880,BUY,546,15.007499999999999,8194.095,7.005951225
2015-12-16,2015-12-15,2886,BUY,387,21.31065,8247.22155,7.05137442525
2015-12-16,2015-12-15,2892,BUY,550,15.007499999999999,8254.125,7.0572768749999994
2015-12-16,2015-12-15,5880,BUY,609,13.556775,8256.075975,7.058944958624999
2015-12-16,2015-12-15,2412,BUY,195,99.0495,19314.6525,16.5140278875
2015-12-16,2015-12-15,3045,BUY,197,97.74885,19256.52345,16.46432754975
2015-12-16,2015-12-15,4904,BUY,289,66.93345000000001,19343.767050000002,16.53892082775
2015-12-16,2015-12-15,0050,SELL,773,59.970000000000006,46356.810000000005,85.99188255
2015-12-29,2015-12-28,2880,BUY,30,15.4077,462.231,0.39520750499999996
2015-12-29,2015-12-28,2886,BUY,21,21.560775,452.776275,0.387123715125
2015-12-29,2015-12-28,2892,BUY,30,15.357674999999999,460.73024999999996,0.39392436374999995
2015-12-29,2015-12-28,5880,BUY,33,13.956974999999998,460.58017499999994,0.3937960496249999
2015-12-29,2015-12-28,2412,SELL,64,99.3503,6358.4192,24.511706016
2015-12-29,2015-12-28,3045,SELL,64,98.65065000000001,6313.641600000001,24.339088368000002
2015-12-29,2015-12-28,4904,SELL,95,66.5667,6323.836499999999,24.3783897075
2015-12-29,2015-12-28,0050,BUY,726,61.430699999999995,44598.6882,38.131878410999995
2016-01-04,2015-12-31,2880,BUY,748,15.257624999999999,11412.7035,9.7578614925
2016-01-04,2015-12-31,2886,BUY,537,21.31065,11443.81905,9.784465287749999
2016-01-04,2015-12-31,2892,BUY,746,15.30765,11419.5069,9.7636783995
2016-01-04,2015-12-31,5880,BUY,830,13.756874999999999,11418.20625,9.762566343749999
2016-01-04,2015-12-31,2412,BUY,65,99.14954999999999,6444.7207499999995,5.5102362412499994
2016-01-04,2015-12-31,3045,BUY,64,99.14954999999999,6345.571199999999,5.425463375999999
2016-01-04,2015-12-31,4904,BUY,95,67.33364999999999,6396.696749999999,5.469175721249999
2016-01-04,2015-12-31,0050,SELL,1024,60.769600000000004,62228.070400000004,115.433070592
2016-01-13,2016-01-12,2880,BUY,656,14.557275,9549.572400000001,8.164884402
2016-01-13,2016-01-12,2886,BUY,468,20.31015,9505.1502,8.126903421
2016-01-13,2016-01-12,2892,BUY,643,14.8074,9521.1582,8.140590261
2016-01-13,2016-01-12,5880,BUY,721,13.256625,9558.026625,8.172112764375001
2016-01-13,2016-01-12,2412,SELL,63,100.9495,6359.8185,24.517100317500002
2016-01-13,2016-01-12,3045,SELL,64,99.5502,6371.2128,24.561025344
2016-01-13,2016-01-12,4904,SELL,96,66.26685,6361.6176000000005,24.524035848
2016-01-13,2016-01-12,0050,SELL,183,56.971500000000006,10425.784500000002,19.3398302475
2016-01-22,2016-01-21,2880,BUY,705,13.956974999999998,9839.667374999999,8.412915605624999
2016-01-22,2016-01-21,2886,BUY,509,19.459725,9905.000025,8.468775021374999
2016-01-22,2016-01-21,2892,BUY,693,14.257124999999998,9880.187624999999,8.447560419374998
2016-01-22,2016-01-21,5880,BUY,766,12.90645,9886.340699999999,8.452821298499998
2016-01-22,2016-01-21,2412,SELL,73,101.44925,7405.79525,28.54934068875
2016-01-22,2016-01-21,3045,SELL,75,97.75110000000001,7331.3325,28.262286787500003
2016-01-22,2016-01-21,4904,SELL,108,68.26585,7372.7118,28.421803989
2016-01-22,2016-01-21,0050,SELL,62,56.321825000000004,3491.9531500000003,6.47757309325
2016-03-02,2016-03-01,2880,BUY,882,15.557775,13721.95755,11.732273705249998
2016-03-02,2016-03-01,2886,BUY,625,21.960974999999998,13725.609374999998,11.735396015624998
2016-03-02,2016-03-01,2892,BUY,871,15.757874999999999,13725.109124999999,11.734968301874998
2016-03-02,2016-03-01,5880,BUY,966,14.157074999999999,13675.734449999998,11.692752954749999
2016-03-02,2016-03-01,2412,SELL,94,105.44725000000001,9912.041500000001,38.2109199825
2016-03-02,2016-03-01,3045,SELL,95,103.44825,9827.58375,37.885335356249996
2016-03-02,2016-03-01,4904,SELL,142,69.7651,9906.6442,38.190113391000004
2016-03-02,2016-03-01,0050,SELL,129,62.318825000000004,8039.128425000001,14.912583228375
2016-03-03,2016-03-02,2880,BUY,802,15.50775,12437.2155,10.6338192525
2016-03-03,2016-03-02,2886,BUY,574,21.8109,12519.4566,10.704135393
2016-03-03,2016-03-02,2892,BUY,795,15.8079,12567.2805,10.7450248275
2016-03-03,2016-03-02,5880,BUY,879,14.207099999999999,12488.040899999998,10.677274969499997
2016-03-03,2016-03-02,2412,SELL,135,104.9475,14167.9125,54.6173026875
2016-03-03,2016-03-02,3045,SELL,138,102.94850000000001,14206.893000000002,54.767572515000005
2016-03-03,2016-03-02,4904,SELL,205,69.46525,14240.37625,54.89665044375
2016-03-03,2016-03-02,0050,BUY,1,62.381175,62.381175,0.053335904625
2016-03-04,2016-03-03,2880,BUY,2067,15.8079,32674.9293,27.937064551499997
2016-03-04,2016-03-03,2886,BUY,1465,22.411199999999997,32832.407999999996,28.071708839999996
2016-03-04,2016-03-03,2892,BUY,2054,15.90795,32674.9293,27.937064551499997
2016-03-04,2016-03-03,5880,BUY,2268,14.357174999999998,32562.072899999996,27.840572329499995
2016-03-04,2016-03-03,2412,SELL,567,105.44725000000001,59788.59075,230.48501734125
2016-03-04,2016-03-03,3045,SELL,578,103.94800000000001,60081.944,231.61589412
2016-03-04,2016-03-03,4904,SELL,854,70.26485,60006.181899999996,231.32383122449997
2016-03-04,2016-03-03,0050,BUY,619,62.93145,38954.56755,33.30615525525
2016-03-07,2016-03-04,2880,BUY,2005,15.957974999999998,31995.739874999996,27.356357593124994
2016-03-07,2016-03-04,2886,BUY,1410,22.8114,32164.073999999997,27.500283269999997
2016-03-07,2016-03-04,2892,BUY,2005,15.90795,31895.439749999998,27.270600986249995
2016-03-07,2016-03-04,5880,BUY,2222,14.357174999999998,31901.642849999997,27.275904636749996
2016-03-07,2016-03-04,2412,SELL,558,105.947,59118.426,227.90153223
2016-03-07,2016-03-04,3045,SELL,580,102.94850000000001,59710.130000000005,230.18255115000002
2016-03-07,2016-03-04,4904,SELL,844,70.1649,59219.1756,228.289921938
2016-03-07,2016-03-04,0050,BUY,588,63.2316,37180.1808,31.789054584
2016-03-08,2016-03-07,2880,BUY,1842,15.8079,29118.1518,24.896019789
2016-03-08,2016-03-07,2886,BUY,1273,22.91145,29166.275849999998,24.93716585175
2016-03-08,2016-03-07,2892,BUY,1836,15.957974999999998,29298.842099999994,25.050509995499993
2016-03-08,2016-03-07,5880,BUY,2034,14.4072,29304.2448,25.055129303999998
2016-03-08,2016-03-07,2412,SELL,483,105.44725000000001,50931.02175000001,196.33908884625004
2016-03-08,2016-03-07,3045,SELL,495,103.44825,51206.88375,197.40253685625
2016-03-08,2016-03-07,4904,SELL,729,70.26485,51223.07565,197.46495663074998
2016-03-08,2016-03-07,0050,BUY,384,63.031499999999994,24204.095999999998,20.694502079999996
2016-03-09,2016-03-08,2880,BUY,1484,15.757874999999999,23384.686499999996,19.993906957499995
2016-03-09,2016-03-08,2886,BUY,1035,22.71135,23506.24725,20.09784139875
2016-03-09,2016-03-08,2892,BUY,1488,15.8079,23522.1552,20.111442696
2016-03-09,2016-03-08,5880,BUY,1643,14.30715,23506.64745,20.09818356975
2016-03-09,2016-03-08,2412,SELL,383,104.44775,40003.48825,154.21344720375
2016-03-09,2016-03-08,3045,SELL,390,101.94900000000001,39760.11000000001,153.27522405000002
2016-03-09,2016-03-08,4904,SELL,583,68.9655,40206.8865,154.9975474575
2016-03-09,2016-03-08,0050,BUY,266,63.08152499999999,16779.68565,14.346631230749999
2016-03-10,2016-03-09,2880,BUY,900,15.707849999999999,14137.064999999999,12.087190575
2016-03-10,2016-03-09,2886,BUY,618,22.8114,14097.4452,12.053315646
2016-03-10,2016-03-09,2892,BUY,889,15.90795,14142.16755,12.09155325525
2016-03-10,2016-03-09,5880,BUY,995,14.207099999999999,14136.064499999999,12.086335147499998
2016-03-10,2016-03-09,2412,SELL,259,105.44725000000001,27310.837750000002,105.28327952625001
2016-03-10,2016-03-09,3045,SELL,268,102.44875,27456.265,105.84390157499999
2016-03-10,2016-03-09,4904,SELL,389,69.965,27216.385000000002,104.919164175
2016-03-10,2016-03-09,0050,BUY,486,63.08152499999999,30657.621149999995,26.212266083249997
2016-03-11,2016-03-10,2880,BUY,756,15.8079,11950.7724,10.217910402
2016-03-11,2016-03-10,2886,BUY,521,22.861425,11910.802425,10.183736073375
2016-03-11,2016-03-10,2892,BUY,748,15.90795,11899.1466,10.173770343
2016-03-11,2016-03-10,5880,BUY,829,14.4072,11943.5688,10.211751323999998
2016-03-11,2016-03-10,2412,SELL,217,105.947,22990.499,88.628373645
2016-03-11,2016-03-10,3045,SELL,225,102.44875,23050.96875,88.86148453125
2016-03-11,2016-03-10,4904,SELL,330,70.1649,23154.417,89.260277535
2016-03-11,2016-03-10,0050,BUY,293,63.2316,18526.8588,15.840464274
2016-03-14,2016-03-11,2880,BUY,640,15.8079,10117.056,8.65008288
2016-03-14,2016-03-11,2886,BUY,443,22.861425,10127.611275000001,8.659107640125
2016-03-14,2016-03-11,2892,BUY,638,15.957974999999998,10181.188049999999,8.704915782749998
2016-03-14,2016-03-11,5880,BUY,702,14.457225,10148.97195,8.67737101725
2016-03-14,2016-03-11,2412,SELL,176,106.44675000000001,18734.628,72.22199094
2016-03-14,2016-03-11,3045,SELL,181,103.44825,18724.13325,72.18153367875
2016-03-14,2016-03-11,4904,SELL,266,69.965,18610.690000000002,71.74420995000001
2016-03-14,2016-03-11,0050,BUY,190,64.032,12166.08,10.4019984
2016-03-15,2016-03-14,2880,BUY,848,15.8079,13405.0992,11.461359816
2016-03-15,2016-03-14,2886,BUY,589,22.861425,13465.379325,11.512899322874999
2016-03-15,2016-03-14,2892,BUY,842,15.957974999999998,13436.614949999997,11.488305782249997
2016-03-15,2016-03-14,5880,BUY,930,14.4072,13398.696,11.45588508
2016-03-15,2016-03-14,2412,SELL,172,105.44725000000001,18136.927000000003,69.91785358500002
2016-03-15,2016-03-14,3045,SELL,177,102.44875,18133.42875,69.90436783125
2016-03-15,2016-03-14,4904,SELL,259,70.3648,18224.483200000002,70.255382736
2016-03-15,2016-03-14,0050,SELL,58,63.968,3710.1440000000002,6.88231712
2016-03-21,2016-03-18,2880,BUY,229,16.008,3665.832,3.13428636
2016-03-21,2016-03-18,2886,BUY,159,22.961474999999997,3650.8745249999993,3.1214977188749993
2016-03-21,2016-03-18,2892,BUY,228,16.108050000000002,3672.6354000000006,3.140103267
2016-03-21,2016-03-18,5880,BUY,253,14.507249999999999,3670.33425,3.1381357837499997
2016-03-21,2016-03-18,2412,SELL,143,108.44575,15507.742250000001,59.78234637375
2016-03-21,2016-03-18,3045,SELL,151,103.44825,15620.68575,60.21774356625
2016-03-21,2016-03-18,4904,SELL,216,71.5642,15457.8672,59.590078056
2016-03-21,2016-03-18,0050,BUY,595,64.93245,38634.80775,33.032760626249996
2016-03-28,2016-03-25,2880,SELL,519,15.792100000000001,8196.099900000001,31.595965114500004
2016-03-28,2016-03-25,2886,SELL,358,22.938525000000002,8211.991950000001,31.657228967250006
2016-03-28,2016-03-25,2892,SELL,515,15.942025000000001,8210.142875000001,31.650100783125005
2016-03-28,2016-03-25,5880,SELL,571,14.392800000000001,8218.2888,31.681503324
2016-03-28,2016-03-25,2412,BUY,165,110.55525,18241.61625,15.596581893749999
2016-03-28,2016-03-25,3045,BUY,175,104.55225,18296.64375,15.643630406249999
2016-03-28,2016-03-25,4904,BUY,254,72.13605,18322.5567,15.6657859785
2016-03-28,2016-03-25,0050,SELL,123,64.017975,7874.210925000001,14.606661265875001
2016-04-06,2016-04-01,2880,SELL,263,15.542225000000002,4087.6051750000006,15.757717949625002
2016-04-06,2016-04-01,2886,SELL,182,22.638675,4120.23885,15.88352076675
2016-04-06,2016-04-01,2892,SELL,260,15.792100000000001,4105.946,15.82842183
2016-04-06,2016-04-01,5880,SELL,288,14.292850000000001,4116.3408,15.868493784
2016-04-06,2016-04-01,2412,BUY,158,108.55425,17151.5715,14.664593632499997
2016-04-06,2016-04-01,3045,BUY,166,103.55175,17189.5905,14.697099877499998
2016-04-06,2016-04-01,4904,BUY,244,70.63529999999999,17235.013199999998,14.735936285999998
2016-04-06,2016-04-01,0050,SELL,347,63.26835,21954.117449999998,40.72488786974999
2016-04-08,2016-04-07,2880,BUY,267,15.4077,4113.8559000000005,3.5173467945000003
2016-04-08,2016-04-07,2886,BUY,186,22.061025,4103.35065,3.5083648057500003
2016-04-08,2016-04-07,2892,BUY,266,15.457724999999998,4111.754849999999,3.5155503967499993
2016-04-08,2016-04-07,5880,BUY,292,14.057025,4104.6512999999995,3.5094768614999996
2016-04-08,2016-04-07,2412,BUY,173,107.55375,18606.798749999998,15.908812931249997
2016-04-08,2016-04-07,3045,BUY,179,103.05149999999999,18446.2185,15.771516817499998
2016-04-08,2016-04-07,4904,BUY,264,70.63529999999999,18647.719199999996,15.943799915999996
2016-04-08,2016-04-07,0050,SELL,1102,61.7691,68069.5482,126.269011911
2016-04-20,2016-04-19,2880,BUY,558,15.90795,8876.6361,7.5895238654999995
2016-04-20,2016-04-19,2886,BUY,385,23.061525,8878.687125,7.591277491875
2016-04-20,2016-04-19,2892,BUY,562,15.757874999999999,8855.925749999999,7.571816516249998
2016-04-20,2016-04-19,5880,BUY,617,14.4072,8889.2424,7.600302251999999
2016-04-20,2016-04-19,2412,SELL,183,109.94500000000001,20119.935,77.56234942500001
2016-04-20,2016-04-19,3045,SELL,188,106.9465,20105.942,77.50840640999999
2016-04-20,2016-04-19,4904,SELL,275,72.96350000000001,20064.9625,77.35043043750001
2016-04-20,2016-04-19,0050,BUY,569,63.531749999999995,36149.565749999994,30.907878716249993
2016-04-21,2016-04-20,2880,BUY,665,15.557775,10345.920375,8.845761920625
2016-04-21,2016-04-20,2886,BUY,450,23.011499999999998,10355.175,8.853674624999998
2016-04-21,2016-04-20,2892,BUY,661,15.657824999999999,10349.822325,8.849098087875
2016-04-21,2016-04-20,5880,BUY,729,14.207099999999999,10356.9759,8.855214394499999
2016-04-21,2016-04-20,2412,SELL,120,109.44525,13133.43,50.62937265
2016-04-21,2016-04-20,3045,SELL,124,105.44725000000001,13075.459,50.405894445
2016-04-21,2016-04-20,4904,SELL,182,72.16390000000001,13133.829800000003,50.63091387900001
2016-04-25,2016-04-22,2880,BUY,750,15.707849999999999,11780.887499999999,10.072658812499999
2016-04-25,2016-04-22,2886,BUY,511,23.011499999999998,11758.876499999998,10.053839407499998
2016-04-25,2016-04-22,2892,BUY,750,15.707849999999999,11780.887499999999,10.072658812499999
2016-04-25,2016-04-22,5880,BUY,824,14.30715,11789.0916,10.079673318
2016-04-25,2016-04-22,2412,SELL,87,110.44475,9608.69325,37.04151247875
2016-04-25,2016-04-22,3045,SELL,90,105.44725000000001,9490.2525,36.5849233875
2016-04-25,2016-04-22,4904,SELL,132,72.46375,9565.215,36.873903825
2016-04-25,2016-04-22,0050,SELL,219,63.168400000000005,13833.879600000002,25.661846658
2016-04-26,2016-04-25,2880,BUY,658,15.757874999999999,10368.68175,8.86522289625
2016-04-26,2016-04-25,2886,BUY,452,23.011499999999998,10401.197999999999,8.893024289999998
2016-04-26,2016-04-25,2892,BUY,658,15.8079,10401.5982,8.893366461
2016-04-26,2016-04-25,5880,BUY,724,14.357174999999998,10394.594699999998,8.887378468499998
2016-04-26,2016-04-25,2412,SELL,60,111.44425000000001,6686.655000000001,25.777055025000003
2016-04-26,2016-04-25,3045,SELL,63,106.44675000000001,6706.1452500000005,25.85218993875
2016-04-26,2016-04-25,4904,SELL,92,73.26335,6740.2282000000005,25.983579711
2016-04-26,2016-04-25,0050,SELL,359,63.068450000000006,22641.57355,42.00011893525
2016-04-29,2016-04-28,2880,SELL,2002,15.5922,31215.5844,120.336077862
2016-04-29,2016-04-28,2886,SELL,1343,22.988500000000002,30873.555500000002,119.0175564525
2016-04-29,2016-04-28,2892,SELL,1983,15.642175000000002,31018.433025000002,119.576059311375
2016-04-29,2016-04-28,5880,SELL,2193,14.09295,30905.83935,119.14201069424999
2016-04-29,2016-04-28,2412,BUY,555,109.05449999999999,60525.2475,51.749086612499994
2016-04-29,2016-04-28,3045,BUY,571,106.053,60556.263,51.775604865
2016-04-29,2016-04-28,4904,BUY,829,73.03649999999999,60547.25849999999,51.76790601749999
2016-04-29,2016-04-28,0050,SELL,781,61.819075000000005,48280.697575000006,89.56069400162501
2016-05-03,2016-04-29,2880,SELL,1992,15.742125000000001,31358.313000000002,120.886296615
2016-05-03,2016-04-29,2886,SELL,1361,23.08845,31423.38045,121.13713163475
2016-05-03,2016-04-29,2892,SELL,1973,15.942025000000001,31453.615325000002,121.253687077875
2016-05-03,2016-04-29,5880,SELL,2188,14.242875000000002,31163.4105,120.1349474775
2016-05-03,2016-04-29,2412,BUY,551,110.05499999999999,60640.30499999999,51.847460774999995
2016-05-03,2016-04-29,3045,BUY,564,106.55324999999999,60096.032999999996,51.382108214999995
2016-05-03,2016-04-29,4904,BUY,826,73.03649999999999,60328.14899999999,51.58056739499999
2016-05-03,2016-04-29,0050,SELL,698,61.5692,42975.3016,79.719184468
2016-05-04,2016-05-03,2880,SELL,1667,15.792100000000001,26325.4307,101.4845353485
2016-05-04,2016-05-03,2886,SELL,1140,23.1884,26434.776,101.90606148
2016-05-04,2016-05-03,2892,SELL,1621,16.241875,26328.079375,101.494745990625
2016-05-04,2016-05-03,5880,SELL,1862,14.142925000000002,26334.126350000002,101.51805707925001
2016-05-04,2016-05-03,2412,BUY,435,110.55525,48091.53375,41.11826135625
2016-05-04,2016-05-03,3045,BUY,447,107.55375,48076.526249999995,41.105429943749996
2016-05-04,2016-05-03,4904,BUY,650,74.4372,48384.18,41.3684739
2016-05-04,2016-05-03,0050,SELL,548,60.719625,33274.3545,61.7239275975
2016-05-05,2016-05-04,2880,SELL,1258,15.5922,19614.9876,75.615777198
2016-05-05,2016-05-04,2886,SELL,857,22.988500000000002,19701.144500000002,75.94791204750001
2016-05-05,2016-05-04,2892,SELL,1219,16.141925,19677.006575,75.854860346625
2016-05-05,2016-05-04,5880,SELL,1391,14.042975000000002,19533.778225000002,75.30271505737501
2016-05-05,2016-05-04,2412,BUY,330,110.05499999999999,36318.149999999994,31.052018249999993
2016-05-05,2016-05-04,3045,BUY,339,107.0535,36291.1365,31.0289217075
2016-05-05,2016-05-04,4904,BUY,487,74.93745,36494.53815,31.20283011825
2016-05-05,2016-05-04,0050,SELL,436,60.069950000000006,26190.4982,48.583374161
2016-05-06,2016-05-05,2880,SELL,996,15.542225000000002,15480.056100000002,59.675616265500004
2016-05-06,2016-05-05,2886,SELL,679,22.788600000000002,15473.459400000002,59.65018598700001
2016-05-06,2016-05-05,2892,SELL,962,15.992,15384.304,59.30649192
2016-05-06,2016-05-05,5880,SELL,1107,13.943025,15434.928675000001,59.501650042125
2016-05-06,2016-05-05,2412,BUY,265,110.05499999999999,29164.574999999997,24.935711624999996
2016-05-06,2016-05-05,3045,BUY,272,106.053,28846.415999999997,24.663685679999997
2016-05-06,2016-05-05,4904,BUY,392,73.6368,28865.6256,24.680109887999997
2016-05-06,2016-05-05,0050,SELL,350,59.970000000000006,20989.500000000004,38.935522500000005
2016-05-09,2016-05-06,2880,SELL,814,15.49225,12610.6915,48.6142157325
2016-05-09,2016-05-06,2886,SELL,551,22.788600000000002,12556.518600000001,48.405379203
2016-05-09,2016-05-06,2892,SELL,786,15.992,12569.712000000001,48.45623976
2016-05-09,2016-05-06,5880,SELL,911,13.843075,12611.041325,48.615564307875
2016-05-09,2016-05-06,2412,BUY,209,109.55475,22896.94275,19.576886051249996
2016-05-09,2016-05-06,3045,BUY,215,107.0535,23016.5025,19.679109637499998
2016-05-09,2016-05-06,4904,BUY,314,73.2366,22996.2924,19.661830002
2016-05-09,2016-05-06,0050,SELL,259,59.87005,15506.34295,28.76426617225
2016-05-10,2016-05-09,2880,SELL,556,15.3923,8558.1188,32.991547974
2016-05-10,2016-05-09,2886,SELL,375,22.88855,8583.20625,33.088260093749994
2016-05-10,2016-05-09,2892,SELL,541,15.892050000000001,8597.59905,33.14374433775
2016-05-10,2016-05-09,5880,SELL,621,13.7931,8565.5151,33.020060710500005
2016-05-10,2016-05-09,2412,BUY,160,110.55525,17688.84,15.123958199999999
2016-05-10,2016-05-09,3045,BUY,164,108.05399999999999,17720.856,15.151331879999999
2016-05-10,2016-05-09,4904,BUY,240,73.8369,17720.856,15.151331879999999
2016-05-10,2016-05-09,0050,SELL,194,59.67015000000001,11576.009100000001,21.4734968805
2016-05-20,2016-05-19,2880,SELL,389,15.742125000000001,6123.686625,23.606811939375
2016-05-20,2016-05-19,2886,SELL,267,22.938525000000002,6124.586175,23.610279704625
2016-05-20,2016-05-19,2892,SELL,382,16.041975,6128.03445,23.62357280475
2016-05-20,2016-05-19,5880,SELL,450,13.643175000000001,6139.428750000001,23.667497831250003
2016-05-20,2016-05-19,2412,BUY,122,109.55475,13365.6795,11.4276559725
2016-05-20,2016-05-19,3045,BUY,121,110.55525,13377.18525,11.43749338875
2016-05-20,2016-05-19,4904,BUY,178,75.53775,13445.719500000001,11.4960901725
2016-05-20,2016-05-19,0050,SELL,145,59.820075,8673.910875,16.090104673124998
2016-05-24,2016-05-23,2880,BUY,1802,15.857924999999998,28575.980849999996,24.432463626749996
2016-05-24,2016-05-23,2886,BUY,1218,23.411699999999996,28515.450599999996,24.380710262999997
2016-05-24,2016-05-23,2892,BUY,1779,16.058025,28567.226475,24.424978636124997
2016-05-24,2016-05-23,5880,BUY,2062,13.856924999999999,28572.979349999998,24.429897344249998
2016-05-24,2016-05-23,2412,SELL,329,109.44525,36007.48725,138.80886334874998
2016-05-24,2016-05-23,3045,SELL,327,109.94500000000001,35952.015,138.59501782499999
2016-05-24,2016-05-23,4904,SELL,477,75.1624,35852.4648,138.211251804
2016-05-24,2016-05-23,0050,SELL,98,61.719125000000005,6048.47425,11.21991973375
2016-05-26,2016-05-25,2880,BUY,1563,16.008,25020.503999999997,21.392530919999995
2016-05-26,2016-05-25,2886,BUY,1066,23.461724999999998,25010.198849999997,21.383720016749997
2016-05-26,2016-05-25,2892,BUY,1549,16.208099999999998,25106.346899999997,21.465926599499998
2016-05-26,2016-05-25,5880,BUY,1806,13.856924999999999,25025.606549999997,21.396893600249996
2016-05-26,2016-05-25,2412,SELL,293,109.94500000000001,32213.885000000002,124.184526675
2016-05-26,2016-05-25,3045,SELL,290,111.44425000000001,32318.832500000004,124.58909928750002
2016-05-26,2016-05-25,4904,SELL,433,74.46275,32242.37075,124.29433924124999
2016-05-26,2016-05-25,0050,SELL,126,62.018975,7814.39085,14.495695026749999
2016-05-27,2016-05-26,2880,BUY,1612,16.058025,25885.5363,22.1321335365
2016-05-27,2016-05-26,2886,BUY,1099,23.561775,25894.390725,22.139704069875002
2016-05-27,2016-05-26,2892,BUY,1602,16.208099999999998,25965.3762,22.200396651
2016-05-27,2016-05-26,5880,BUY,1862,13.956974999999998,25987.887449999995,22.219643769749993
2016-05-27,2016-05-26,2412,SELL,320,109.94500000000001,35182.4,135.628152
2016-05-27,2016-05-26,3045,SELL,320,110.44475,35342.32,136.2446436
2016-05-27,2016-05-26,4904,SELL,475,74.36280000000001,35322.33,136.16758215000002
2016-05-27,2016-05-26,0050,SELL,65,62.3688,4053.972,7.52011806
2016-05-30,2016-05-27,2880,BUY,1416,16.358175,23163.175799999997,19.804515308999996
2016-05-30,2016-05-27,2886,BUY,983,23.561775,23161.224825,19.802847225375
2016-05-30,2016-05-27,2892,BUY,1421,16.358175,23244.966675,19.874446507125
2016-05-30,2016-05-27,5880,BUY,1654,14.007,23167.577999999998,19.808279189999997
2016-05-30,2016-05-27,2412,SELL,289,110.44475,31918.53275,123.04594375125
2016-05-30,2016-05-27,3045,SELL,288,109.94500000000001,31664.160000000003,122.06533680000001
2016-05-30,2016-05-27,4904,SELL,428,74.66265000000001,31955.614200000007,123.18889274100003
2016-05-30,2016-05-27,0050,SELL,40,62.56870000000001,2502.7480000000005,4.642597540000001
2016-05-31,2016-05-30,2880,BUY,1143,16.408199999999997,18754.572599999996,16.035159572999994
2016-05-31,2016-05-30,2886,BUY,791,23.71185,18756.07335,16.036442714249997
2016-05-31,2016-05-30,2892,BUY,1139,16.458225,18745.918275,16.027760125125
2016-05-31,2016-05-30,5880,BUY,1329,14.10705,18748.26945,16.029770379749998
2016-05-31,2016-05-30,2412,SELL,221,109.44525,24187.40025,93.24242796374999
2016-05-31,2016-05-30,3045,SELL,218,111.44425000000001,24294.846500000003,93.6566332575
2016-05-31,2016-05-30,4904,SELL,325,74.7626,24297.845,93.668192475
2016-05-31,2016-05-30,0050,SELL,29,63.018475,1827.535775,3.390078862625
2016-06-01,2016-05-31,2880,BUY,627,16.258125,10193.844375,8.715736940625
2016-06-01,2016-05-31,2886,BUY,426,23.861925,10165.180049999999,8.69122894275
2016-06-01,2016-05-31,2892,BUY,618,16.50825,10202.0985,8.722794217499999
2016-06-01,2016-05-31,5880,BUY,713,14.207099999999999,10129.6623,8.6608612665
2016-06-01,2016-05-31,2412,SELL,271,109.94500000000001,29795.095,114.860091225
2016-06-01,2016-05-31,3045,SELL,267,110.44475,29488.74825,113.67912450375
2016-06-01,2016-05-31,4904,SELL,397,75.06245,29799.79265,114.87820066575
2016-06-01,2016-05-31,0050,BUY,738,62.981474999999996,46480.32855,39.74068091025
2016-06-02,2016-06-01,2880,BUY,407,16.458225,6698.497574999999,5.7272154266249995
2016-06-02,2016-06-01,2886,BUY,277,24.162074999999998,6692.894775,5.722425032625
2016-06-02,2016-06-01,2892,BUY,402,16.70835,6716.7567,5.7428269785
2016-06-02,2016-06-01,5880,BUY,470,14.30715,6724.3605,5.7493282274999995
2016-06-02,2016-06-01,2412,SELL,232,110.44475,25623.182,98.77736661
2016-06-02,2016-06-01,3045,SELL,232,111.44425000000001,25855.066000000003,99.67127943000001
2016-06-02,2016-06-01,4904,SELL,340,74.56269999999999,25351.317999999996,97.72933088999999
2016-06-02,2016-06-01,0050,BUY,752,63.73185,47926.351200000005,40.977030276
2016-06-03,2016-06-02,2880,BUY,376,16.408199999999997,6169.483199999999,5.274908135999999
2016-06-03,2016-06-02,2886,BUY,253,24.31215,6150.97395,5.259082727249999
2016-06-03,2016-06-02,2892,BUY,371,16.658324999999998,6180.238574999999,5.284103981624999
2016-06-03,2016-06-02,5880,BUY,434,14.207099999999999,6165.881399999999,5.271828596999999
2016-06-03,2016-06-02,2412,SELL,194,110.9445,21523.233,82.972063215
2016-06-03,2016-06-02,3045,SELL,195,110.44475,21536.72625,83.02407969375
2016-06-03,2016-06-02,4904,SELL,289,74.66265000000001,21577.505850000005,83.18128505175002
2016-06-03,2016-06-02,0050,BUY,600,63.6318,38179.08,32.6431134
2016-06-04,2016-06-03,2880,BUY,268,16.50825,4424.211,3.782700405
2016-06-04,2016-06-03,2886,BUY,182,24.2121,4406.6022,3.7676448810000003
2016-06-04,2016-06-03,2892,BUY,266,16.6083,4417.8078,3.7772256689999995
2016-06-04,2016-06-03,5880,BUY,310,14.257124999999998,4419.70875,3.7788509812499997
2016-06-04,2016-06-03,2412,SELL,144,111.44425000000001,16047.972000000002,61.86493206000001
2016-06-04,2016-06-03,3045,SELL,144,111.44425000000001,16047.972000000002,61.86493206000001
2016-06-04,2016-06-03,4904,SELL,215,75.1624,16159.916000000001,62.296476180000006
2016-06-04,2016-06-03,0050,BUY,458,63.781875,29212.09875,24.97634443125
2016-06-15,2016-06-14,2880,BUY,392,16.6083,6510.4536,5.566437828
2016-06-15,2016-06-14,2886,BUY,266,24.362175,6480.33855,5.54068946025
2016-06-15,2016-06-14,2892,BUY,388,16.8084,6521.659199999999,5.576018615999999
2016-06-15,2016-06-14,5880,BUY,456,14.257124999999998,6501.248999999999,5.558567894999999
2016-06-15,2016-06-14,2412,SELL,125,111.944,13993.0,53.943014999999995
2016-06-15,2016-06-14,3045,SELL,123,113.94300000000001,14014.989000000001,54.027782595000005
2016-06-15,2016-06-14,4904,SELL,185,75.86205000000001,14034.479250000002,54.102917508750004
2016-06-15,2016-06-14,0050,BUY,382,64.182075,24517.552649999998,20.962507515749998
2016-07-04,2016-07-01,2880,SELL,912,16.791600000000003,15313.939200000003,59.03523561600001
2016-07-04,2016-07-01,2886,SELL,630,24.287850000000002,15301.345500000001,58.986686902500004
2016-07-04,2016-07-01,2892,SELL,906,16.941525,15349.021649999999,59.17047846075
2016-07-04,2016-07-01,5880,SELL,1067,14.342825000000001,15303.794275000002,58.99612693012501
2016-07-04,2016-07-01,2412,BUY,180,118.059,21250.62,18.169280099999998
2016-07-04,2016-07-01,3045,BUY,189,113.0565,21367.678499999998,18.269365117499998
2016-07-04,2016-07-01,4904,BUY,265,80.03999999999999,21210.6,18.135063
2016-07-04,2016-07-01,0050,BUY,232,66.13305,15342.8676,13.118151798
2016-07-20,2016-07-19,2880,SELL,325,17.441275,5668.414375,21.851737415625
2016-07-20,2016-07-19,2886,SELL,228,24.88755,5674.3614,21.874663197
2016-07-20,2016-07-19,2892,SELL,325,17.49125,5684.65625,21.91434984375
2016-07-20,2016-07-19,5880,SELL,379,14.942525,5663.216975,21.831701438625
2016-07-20,2016-07-19,2412,SELL,86,122.9385,10572.711000000001,40.757800905
2016-07-20,2016-07-19,3045,SELL,93,113.44325,10550.22225,40.671106773750004
2016-07-20,2016-07-19,4904,SELL,141,75.66215000000001,10668.363150000001,41.12653994325
2016-07-20,2016-07-19,0050,BUY,1015,69.0345,70070.01749999999,59.90986496249999
2016-07-22,2016-07-21,2880,SELL,163,17.441275,2842.927825,10.959486765375
2016-07-22,2016-07-21,2886,SELL,113,24.937525,2817.940325,10.863159952875
2016-07-22,2016-07-21,2892,SELL,163,17.49125,2851.07375,10.99088930625
2016-07-22,2016-07-21,5880,SELL,191,14.942525,2854.022275,11.002255870125
2016-07-22,2016-07-21,2412,SELL,78,118.9405,9277.359,35.764218945
2016-07-22,2016-07-21,3045,SELL,82,113.44325,9302.3465,35.8605457575
2016-07-22,2016-07-21,4904,SELL,123,75.962,9343.326000000001,36.01852173
2016-07-22,2016-07-21,0050,BUY,749,69.584775,52118.99647499999,44.56174198612499
2016-07-25,2016-07-22,2880,SELL,141,17.3913,2452.1733000000004,9.453128071500002
2016-07-25,2016-07-22,2886,SELL,98,25.037475,2453.6725500000002,9.45890768025
2016-07-25,2016-07-22,2892,SELL,140,17.441275,2441.7785000000003,9.413056117500002
2016-07-25,2016-07-22,5880,SELL,164,14.892550000000002,2442.3782,9.415367961
2016-07-25,2016-07-22,2412,SELL,104,116.44175000000001,12109.942000000001,46.68382641
2016-07-25,2016-07-22,3045,SELL,109,111.944,12201.896,47.038309080000005
2016-07-25,2016-07-22,4904,SELL,161,75.26235,12117.23835,46.71195383925
2016-07-25,2016-07-22,0050,BUY,716,69.53475,49786.881,42.567783255
2016-07-26,2016-07-25,2880,SELL,197,17.3913,3426.0861000000004,13.207561915500001
2016-07-26,2016-07-25,2886,SELL,137,24.9875,3423.2875,13.1967733125
2016-07-26,2016-07-25,2892,SELL,197,17.49125,3445.7762500000003,13.28346744375
2016-07-26,2016-07-25,5880,SELL,231,14.842575,3428.634825,13.217387250375
2016-07-26,2016-07-25,2412,SELL,134,115.94200000000001,15536.228000000001,59.89215894
2016-07-26,2016-07-25,3045,SELL,142,109.94500000000001,15612.19,60.18499245
2016-07-26,2016-07-25,4904,SELL,208,75.1624,15633.7792,60.268218816
2016-07-26,2016-07-25,0050,BUY,890,69.0345,61440.704999999994,52.531802774999996
2016-07-27,2016-07-26,2880,SELL,149,17.3913,2591.3037000000004,9.989475763500002
2016-07-27,2016-07-26,2886,SELL,103,25.037475,2578.859925,9.941505010875
2016-07-27,2016-07-26,2892,SELL,148,17.49125,2588.705,9.979457775
2016-07-27,2016-07-26,5880,SELL,174,14.892550000000002,2591.3037000000004,9.989475763500002
2016-07-27,2016-07-26,2412,SELL,117,115.94200000000001,13565.214,52.29389997
2016-07-27,2016-07-26,3045,SELL,123,110.44475,13584.70425,52.369034883750004
2016-07-27,2016-07-26,4904,SELL,182,74.66265000000001,13588.602300000002,52.384061866500005
2016-07-27,2016-07-26,0050,BUY,738,69.684825,51427.400850000005,43.97042772675
2016-07-29,2016-07-28,2880,SELL,104,17.3913,1808.6952,6.972519996
2016-07-29,2016-07-28,2886,SELL,73,24.88755,1816.79115,7.00372988325
2016-07-29,2016-07-28,2892,SELL,104,17.5912,1829.4848000000002,7.052663904
2016-07-29,2016-07-28,5880,SELL,122,14.892550000000002,1816.8911000000003,7.004115190500001
2016-07-29,2016-07-28,2412,SELL,90,114.94250000000001,10344.825,39.879300375
2016-07-29,2016-07-28,3045,SELL,94,111.944,10522.736,40.565147280000005
2016-07-29,2016-07-28,4904,SELL,144,73.36330000000001,10564.315200000001,40.725435096000005
2016-07-29,2016-07-28,0050,BUY,682,68.884425,46979.17784999999,40.167197061749995
2016-08-16,2016-08-15,2880,BUY,1088,17.658824999999997,19212.801599999995,16.426945367999995
2016-08-16,2016-08-15,2886,BUY,793,24.262124999999997,19239.865124999997,16.450084681874998
2016-08-16,2016-08-15,2892,BUY,1171,16.408199999999997,19214.002199999995,16.427971880999994
2016-08-16,2016-08-15,5880,BUY,1349,14.207099999999999,19165.3779,16.3863981045
2016-08-16,2016-08-15,2412,SELL,18,115.44225,2077.9605,8.010537727500001
2016-08-16,2016-08-15,3045,SELL,18,114.94250000000001,2068.965,7.975860075000001
2016-08-16,2016-08-15,4904,SELL,29,73.96300000000001,2144.927,8.268693585000001
2016-08-16,2016-08-15,0050,BUY,183,70.33515,12871.33245,11.00498924475
2016-08-24,2016-08-23,2880,BUY,111,16.108050000000002,1787.9935500000001,1.52873448525
2016-08-24,2016-08-23,2886,BUY,80,22.2111,1776.888,1.5192392399999999
2016-08-24,2016-08-23,2892,BUY,110,16.258125,1788.39375,1.52907665625
2016-08-24,2016-08-23,5880,BUY,127,14.10705,1791.5953499999998,1.5318140242499998
2016-08-24,2016-08-23,2412,SELL,88,114.94250000000001,10114.94,38.9930937
2016-08-24,2016-08-23,3045,SELL,90,112.9435,10164.915,39.185747325
2016-08-24,2016-08-23,4904,SELL,135,75.3623,10173.9105,39.2204249775
2016-08-24,2016-08-23,0050,BUY,1022,69.38467499999999,70911.13784999998,60.62902286174999
2016-09-01,2016-08-31,2880,SELL,2355,16.1919,38131.9245,146.9985689475
2016-09-01,2016-08-31,2886,SELL,1782,21.539225000000002,38382.89895,147.96607545225
2016-09-01,2016-08-31,2892,SELL,2362,16.29185,38481.3497,148.3456030935
2016-09-01,2016-08-31,5880,SELL,2760,13.943025,38482.749,148.350997395
2016-09-01,2016-08-31,2412,BUY,81,114.05699999999999,9238.616999999998,7.899017534999999
2016-09-01,2016-08-31,3045,BUY,83,111.55574999999999,9259.12725,7.916553798749999
2016-09-01,2016-08-31,4904,BUY,125,73.8369,9229.6125,7.891318687499999
2016-09-01,2016-08-31,0050,BUY,185,69.33465,12826.910249999999,10.96700826375
2016-09-14,2016-09-13,2880,SELL,709,15.992,11338.328000000001,43.70925444
2016-09-14,2016-09-13,2886,SELL,519,21.989,11412.291000000001,43.994381805
2016-09-14,2016-09-13,2892,SELL,696,16.3918,11408.6928,43.980510744
2016-09-14,2016-09-13,5880,SELL,827,13.843075,11448.223025000001,44.132899761375
2016-09-14,2016-09-13,2412,BUY,24,112.056,2689.344,2.29938912
2016-09-14,2016-09-13,3045,BUY,24,110.55525,2653.326,2.26859373
2016-09-14,2016-09-13,4904,BUY,37,73.2366,2709.7542,2.3168398409999997
2016-09-14,2016-09-13,0050,BUY,99,68.53425,6784.89075,5.801081591249999
2016-10-04,2016-10-03,2880,BUY,751,16.058025,12059.576775000001,10.310938142625
2016-10-04,2016-10-03,2886,BUY,551,21.910949999999996,12072.933449999999,10.322358099749998
2016-10-04,2016-10-03,2892,BUY,726,16.658324999999998,12093.943949999999,10.340322077249999
2016-10-04,2016-10-03,5880,BUY,873,13.856924999999999,12097.095524999999,10.343016673874999
2016-10-04,2016-10-03,2412,SELL,46,110.9445,5103.447,19.673788185
2016-10-04,2016-10-03,3045,SELL,45,113.94300000000001,5127.435,19.766261925000002
2016-10-04,2016-10-03,4904,SELL,69,73.96300000000001,5103.447,19.673788185
2016-10-04,2016-10-03,0050,SELL,368,71.414275,26280.4532,48.750240686
2016-10-26,2016-10-25,2880,BUY,708,16.158074999999997,11439.917099999997,9.781129120499997
2016-10-26,2016-10-25,2886,BUY,520,21.960974999999998,11419.706999999999,9.763849484999998
2016-10-26,2016-10-25,2892,BUY,687,16.6083,11409.9021,9.7554662955
2016-10-26,2016-10-25,5880,BUY,826,13.856924999999999,11445.820049999998,9.786176142749998
2016-10-26,2016-10-25,2412,SELL,10,111.44425000000001,1114.4425,4.296175837500001
2016-10-26,2016-10-25,3045,SELL,10,111.944,1119.44,4.3154412
2016-10-26,2016-10-25,4904,SELL,15,74.9625,1124.4375,4.3347065625
2016-10-26,2016-10-25,0050,SELL,235,72.96350000000001,17146.422500000004,31.806613737500005
2016-11-10,2016-11-09,2880,BUY,936,15.957974999999998,14936.664599999998,12.770848232999999
2016-11-10,2016-11-09,2886,BUY,670,22.661324999999998,15183.087749999999,12.981540026249998
2016-11-10,2016-11-09,2892,BUY,902,16.50825,14890.4415,12.7313274825
2016-11-10,2016-11-09,5880,BUY,1081,13.8069,14925.2589,12.7610963595
2016-11-10,2016-11-09,2412,BUY,37,109.55475,4053.52575,3.4657645162499997
2016-11-10,2016-11-09,3045,BUY,37,110.05499999999999,4072.035,3.4815899249999998
2016-11-10,2016-11-09,4904,BUY,54,75.63779999999998,4084.4411999999993,3.492197225999999
2016-11-10,2016-11-09,0050,SELL,831,71.7641,59635.9671,110.6247189705
2016-11-14,2016-11-11,2880,BUY,773,15.657824999999999,12103.498725,10.348491409874999
2016-11-14,2016-11-11,2886,BUY,526,22.761374999999997,11972.48325,10.23647317875
2016-11-14,2016-11-11,2892,BUY,738,16.408199999999997,12109.251599999998,10.353410117999998
2016-11-14,2016-11-11,5880,BUY,884,13.656825,12072.6333,10.3221014715
2016-11-14,2016-11-11,2412,SELL,28,106.44675000000001,2980.509,11.489862195
2016-11-14,2016-11-11,3045,SELL,28,105.44725000000001,2952.523,11.381976165000001
2016-11-14,2016-11-11,4904,SELL,42,71.7641,3014.0922,11.619325431
2016-11-14,2016-11-11,0050,SELL,553,69.915025,38663.008825,71.71988137037499
2016-11-17,2016-11-16,2880,SELL,51,15.69215,800.29965,3.08515515075
2016-11-17,2016-11-16,2886,SELL,34,22.988500000000002,781.609,3.013102695
2016-11-17,2016-11-16,2892,SELL,48,16.441775,789.2052,3.042386046
2016-11-17,2016-11-16,5880,SELL,58,13.643175000000001,791.30415,3.0504774982500003
2016-11-17,2016-11-16,2412,SELL,76,104.9475,7976.01,30.74751855
2016-11-17,2016-11-16,3045,SELL,77,104.44775,8042.47675,31.00374787125
2016-11-17,2016-11-16,4904,SELL,111,73.06345,8110.04295,31.26421557225
2016-11-17,2016-11-16,0050,SELL,651,69.965,45547.215000000004,84.490083825
2016-11-29,2016-11-28,2880,BUY,988,16.108050000000002,15914.753400000001,13.607114157
2016-11-29,2016-11-28,2886,BUY,685,23.11155,15831.411750000001,13.535857046250001
2016-11-29,2016-11-28,2892,BUY,946,16.8084,15900.746399999998,13.595138171999999
2016-11-29,2016-11-28,5880,BUY,1132,14.057025,15912.5523,13.6052322165
2016-11-29,2016-11-28,2412,SELL,58,107.44625,6231.882500000001,24.023907037500003
2016-11-29,2016-11-28,3045,SELL,57,107.94600000000001,6152.9220000000005,23.71951431
2016-11-29,2016-11-28,4904,SELL,84,73.96300000000001,6212.892000000001,23.950698660000004
2016-11-29,2016-11-28,0050,SELL,867,71.86405,62306.13135,115.57787365425
2016-12-21,2016-12-20,2880,BUY,752,16.258125,12226.11,10.45332405
2016-12-21,2016-12-20,2886,BUY,524,23.31165,12215.3046,10.444085433
2016-12-21,2016-12-20,2892,BUY,716,17.058525,12213.9039,10.442887834499999
2016-12-21,2016-12-20,5880,BUY,873,14.007,12228.110999999999,10.455034904999998
2016-12-21,2016-12-20,4904,BUY,1,71.0355,71.0355,0.0607353525
2016-12-21,2016-12-20,0050,SELL,202,71.71412500000001,14486.253250000002,26.871999778750002
2017-01-16,2017-01-13,2880,BUY,699,16.50825,11539.26675,9.86607307125
2017-01-16,2017-01-13,2886,BUY,484,23.861925,11549.171699999999,9.874541803499998
2017-01-16,2017-01-13,2892,BUY,661,17.458724999999998,11540.217224999999,9.866885727374997
2017-01-16,2017-01-13,5880,BUY,809,14.257124999999998,11534.014124999998,9.861582076874997
2017-01-16,2017-01-13,2412,SELL,23,101.94900000000001,2344.827,9.039308085
2017-01-16,2017-01-13,3045,SELL,21,107.44625,2256.37125,8.698311168750001
2017-01-16,2017-01-13,4904,SELL,31,73.66315,2283.55765,8.80311474075
2017-01-16,2017-01-13,0050,SELL,921,72.36380000000001,66647.05980000002,123.63029592900003
2017-02-03,2017-02-02,2880,SELL,339,16.341825000000004,5539.878675000001,21.356232292125004
2017-02-03,2017-02-02,2886,SELL,237,23.238375,5507.494875,21.231392743125
2017-02-03,2017-02-02,2892,SELL,316,17.49125,5527.235000000001,21.307490925000003
2017-02-03,2017-02-02,5880,SELL,389,14.1929,5521.0381,21.283601875499997
2017-02-03,2017-02-02,2412,SELL,16,99.95,1599.2,6.164916
2017-02-03,2017-02-02,3045,SELL,16,101.94900000000001,1631.1840000000002,6.288214320000001
2017-02-03,2017-02-02,4904,SELL,22,71.86405,1581.0091000000002,6.094790080500001
2017-02-03,2017-02-02,0050,BUY,643,72.986475,46930.303425,40.125409428374994
2017-02-16,2017-02-15,2880,SELL,486,17.041475000000002,8282.156850000001,31.927714656750005
2017-02-16,2017-02-15,2886,SELL,341,24.237875000000003,8265.115375000001,31.862019770625004
2017-02-16,2017-02-15,2892,SELL,456,18.140925,8272.2618,31.889569239
2017-02-16,2017-02-15,5880,SELL,555,14.942525,8293.101375,31.969905800625
2017-02-16,2017-02-15,2412,SELL,5,101.44925,507.24625000000003,1.95543429375
2017-02-16,2017-02-15,3045,SELL,5,105.44725000000001,527.23625,2.03249574375
2017-02-16,2017-02-15,4904,SELL,7,72.5637,507.9459,1.9581314445
2017-02-16,2017-02-15,0050,BUY,691,74.03699999999999,51159.566999999995,43.741429784999994
2017-03-06,2017-03-03,2880,BUY,738,16.8084,12404.599199999999,10.605932315999999
2017-03-06,2017-03-03,2886,BUY,524,23.71185,12425.009399999999,10.623383036999998
2017-03-06,2017-03-03,2892,BUY,683,18.2091,12436.8153,10.6334770815
2017-03-06,2017-03-03,5880,BUY,843,14.707349999999998,12398.296049999999,10.600543122749999
2017-03-06,2017-03-03,2412,BUY,77,102.55125,7896.44625,6.75146154375
2017-03-06,2017-03-03,3045,BUY,72,108.05399999999999,7779.887999999999,6.651804239999999
2017-03-06,2017-03-03,4904,BUY,106,74.03699999999999,7847.922,6.70997331
2017-03-06,2017-03-03,0050,SELL,620,72.013975,44648.6645,82.82327264749999
2017-03-07,2017-03-06,2880,BUY,508,16.90845,8589.4926,7.344016172999999
2017-03-07,2017-03-06,2886,BUY,358,23.961975,8578.38705,7.334520927749999
2017-03-07,2017-03-06,2892,BUY,472,18.159074999999998,8571.0834,7.328276306999999
2017-03-07,2017-03-06,5880,BUY,582,14.757375,8588.79225,7.34341737375
2017-03-07,2017-03-06,2412,BUY,94,102.55125,9639.8175,8.242043962499999
2017-03-07,2017-03-06,3045,BUY,90,108.05399999999999,9724.859999999999,8.314755299999998
2017-03-07,2017-03-06,4904,BUY,129,74.53725,9615.30525,8.22108598875
2017-03-07,2017-03-06,0050,SELL,806,72.213875,58204.38325,107.96913092874999
2017-03-08,2017-03-07,2880,BUY,372,16.858425,6271.3341,5.3619906555
2017-03-08,2017-03-07,2886,BUY,262,23.961975,6278.03745,5.3677220197499995
2017-03-08,2017-03-07,2892,BUY,345,18.2091,6282.1395,5.3712292725
2017-03-08,2017-03-07,5880,BUY,425,14.757375,6271.884375,5.362461140624999
2017-03-08,2017-03-07,2412,BUY,95,103.05149999999999,9789.8925,8.3703580875
2017-03-08,2017-03-07,3045,BUY,90,108.55425,9769.8825,8.3532495375
2017-03-08,2017-03-07,4904,BUY,130,74.93745,9741.8685,8.3292975675
2017-03-08,2017-03-07,0050,SELL,752,72.61367500000001,54605.483600000014,101.29317207800003
2017-03-17,2017-03-16,2880,BUY,475,17.008499999999998,8079.037499999999,6.9075770625
2017-03-17,2017-03-16,2886,BUY,337,24.012,8092.044,6.91869762
2017-03-17,2017-03-16,2892,BUY,432,18.659325,8060.828399999999,6.892008281999999
2017-03-17,2017-03-16,5880,BUY,542,14.907449999999999,8079.8378999999995,6.908261404499999
2017-03-17,2017-03-16,2412,BUY,69,104.05199999999999,7179.588,6.13854774
2017-03-17,2017-03-16,3045,BUY,65,109.55475,7121.05875,6.08850523125
2017-03-17,2017-03-16,4904,BUY,95,74.73734999999999,7100.048249999999,6.070541253749999
2017-03-17,2017-03-16,0050,SELL,654,73.813075,48273.75105,89.54780819774999
2017-03-23,2017-03-22,2880,SELL,528,16.941525,8945.125199999999,34.48345764599999
2017-03-23,2017-03-22,2886,SELL,369,24.337825000000002,8980.657425000001,34.620434373375005
2017-03-23,2017-03-22,2892,SELL,485,18.490750000000002,8968.01375,34.57169300625
2017-03-23,2017-03-22,5880,SELL,601,14.892550000000002,8950.422550000001,34.50387893025
2017-03-23,2017-03-22,2412,BUY,163,104.55225,17042.01675,14.570924321249999
2017-03-23,2017-03-22,3045,BUY,153,111.55574999999999,17068.029749999998,14.593165436249997
2017-03-23,2017-03-22,4904,BUY,228,75.13754999999999,17131.361399999998,14.647313996999998
2017-03-23,2017-03-22,0050,SELL,45,74.56269999999999,3355.3214999999996,6.224121382499999
2017-03-24,2017-03-23,2880,SELL,711,16.841575000000002,11974.359825000001,46.161157125375006
2017-03-24,2017-03-23,2886,SELL,499,24.037975000000003,11994.949525000002,46.240530418875004
2017-03-24,2017-03-23,2892,SELL,649,18.540725000000002,12032.930525000002,46.38694717387501
2017-03-24,2017-03-23,5880,SELL,809,14.842575,12007.643175,46.28946443962499
2017-03-24,2017-03-23,2412,BUY,79,104.55225,8259.62775,7.061981726249999
2017-03-24,2017-03-23,3045,BUY,74,111.0555,8218.107,7.026481485
2017-03-24,2017-03-23,4904,BUY,110,75.2376,8276.136,7.07609628
2017-03-24,2017-03-23,0050,BUY,382,74.38717499999998,28415.900849999995,24.295595226749995
2017-03-28,2017-03-27,2880,SELL,770,16.991500000000002,13083.455000000002,50.436719025
2017-03-28,2017-03-27,2886,SELL,543,24.1879,13134.0297,50.631684493499996
2017-03-28,2017-03-27,2892,SELL,706,18.490750000000002,13054.469500000001,50.324979922500006
2017-03-28,2017-03-27,5880,SELL,876,14.892550000000002,13045.873800000001,50.291843499
2017-03-28,2017-03-27,2412,BUY,225,105.55274999999999,23749.368749999998,20.305710281249997
2017-03-28,2017-03-27,3045,BUY,208,114.05699999999999,23723.855999999996,20.283896879999997
2017-03-28,2017-03-27,4904,BUY,315,75.4377,23762.875500000002,20.3172585525
2017-03-28,2017-03-27,0050,SELL,109,74.512725,8121.887025,15.066100431374998
2017-03-31,2017-03-30,2880,BUY,1428,17.008499999999998,24288.137999999995,20.766357989999996
2017-03-31,2017-03-30,2886,BUY,983,24.8124,24390.5892,20.853953765999997
2017-03-31,2017-03-30,2892,BUY,1306,18.6093,24303.7458,20.779702658999998
2017-03-31,2017-03-30,5880,BUY,1603,15.157575,24297.592725,20.774441779874998
2017-03-31,2017-03-30,2412,SELL,175,104.44775,18278.35625,70.46306334375001
2017-03-31,2017-03-30,3045,SELL,163,111.44425000000001,18165.412750000003,70.02766615125002
2017-03-31,2017-03-30,4904,SELL,243,74.7626,18167.311800000003,70.034986989
2017-03-31,2017-03-30,0050,SELL,641,73.913025,47378.249025000005,87.886651941375
2017-04-05,2017-03-31,2880,BUY,419,16.958475,7105.601025,6.075288876375
2017-04-05,2017-03-31,2886,BUY,290,24.762375,7181.08875,6.13983088125
2017-04-05,2017-03-31,2892,BUY,384,18.559275,7126.7616,6.093381168
2017-04-05,2017-03-31,5880,BUY,470,15.107549999999998,7100.548499999999,6.070968967499999
2017-04-05,2017-03-31,2412,SELL,156,102.94850000000001,16059.966000000002,61.91116893000001
2017-04-05,2017-03-31,3045,SELL,144,111.44425000000001,16047.972000000002,61.86493206000001
2017-04-05,2017-03-31,4904,SELL,216,74.26285,16040.7756,61.837189938
2017-04-05,2017-03-31,0050,BUY,350,73.986975,25895.44125,22.140602268749998
2017-04-14,2017-04-13,2880,SELL,109,16.841575000000002,1835.7316750000002,7.076745607125001
2017-04-14,2017-04-13,2886,SELL,76,24.087950000000003,1830.6842000000001,7.057287591000001
2017-04-14,2017-04-13,2892,SELL,97,18.69065,1812.99305,6.98908820775
2017-04-14,2017-04-13,5880,SELL,119,15.3923,1831.6837,7.0611406635
2017-04-14,2017-04-13,2412,SELL,194,103.44825,20068.9605,77.36584272750001
2017-04-14,2017-04-13,3045,SELL,177,112.9435,19990.9995,77.0653030725
2017-04-14,2017-04-13,4904,SELL,265,75.46225,19997.49625,77.09034804375
2017-04-14,2017-04-13,0050,BUY,1017,73.93695,75193.87814999999,64.29076581825
2017-04-18,2017-04-17,2880,SELL,392,16.741625000000003,6562.7170000000015,25.299274035000003
2017-04-18,2017-04-17,2886,SELL,273,24.087950000000003,6576.0103500000005,25.350519899250003
2017-04-18,2017-04-17,2892,SELL,357,18.440775,6583.356674999999,25.378839982124997
2017-04-18,2017-04-17,5880,SELL,432,15.192400000000001,6563.116800000001,25.300815264
2017-04-18,2017-04-17,2412,BUY,251,104.55225,26242.61475,22.43743561125
2017-04-18,2017-04-17,3045,BUY,230,113.55675,26118.052499999998,22.330934887499996
2017-04-18,2017-04-17,4904,BUY,344,76.2381,26225.9064,22.423149971999997
2017-04-18,2017-04-17,0050,SELL,653,73.813075,48199.937975,89.41088494362499
2017-04-19,2017-04-18,2880,SELL,465,16.69165,7761.617249999999,29.921034498749997
2017-04-19,2017-04-18,2886,SELL,325,23.938025,7779.858125,29.991353071874997
2017-04-19,2017-04-18,2892,SELL,425,18.290850000000002,7773.611250000001,29.96727136875
2017-04-19,2017-04-18,5880,SELL,513,15.192400000000001,7793.7012,30.044718126
2017-04-19,2017-04-18,2412,BUY,191,103.55175,19778.38425,16.91051853375
2017-04-19,2017-04-18,3045,BUY,175,113.0565,19784.8875,16.9160788125
2017-04-19,2017-04-18,4904,BUY,262,75.53775,19790.8905,16.9212113775
2017-04-19,2017-04-18,0050,SELL,272,73.06345,19873.258400000002,36.864894332
2017-04-20,2017-04-19,2880,BUY,682,16.6083,11326.8606,9.684465813
2017-04-20,2017-04-19,2886,BUY,475,23.861925,11334.414375,9.690924290625
2017-04-20,2017-04-19,2892,BUY,626,18.10905,11336.2653,9.6925068315
2017-04-20,2017-04-19,5880,BUY,752,15.007499999999999,11285.64,9.649222199999999
2017-04-20,2017-04-19,2412,BUY,18,103.05149999999999,1854.927,1.5859625849999999
2017-04-20,2017-04-19,3045,BUY,17,111.0555,1887.9434999999999,1.6141916924999997
2017-04-20,2017-04-19,4904,BUY,25,75.0375,1875.9374999999998,1.6039265624999997
2017-04-20,2017-04-19,0050,SELL,692,72.51372500000001,50179.49770000001,93.08296823350001
2017-04-24,2017-04-21,2880,BUY,591,16.70835,9874.63485,8.44281279675
2017-04-24,2017-04-21,2886,BUY,407,24.2121,9854.3247,8.4254476185
2017-04-24,2017-04-21,2892,BUY,537,18.359175,9858.876975000001,8.429339813625
2017-04-24,2017-04-21,5880,BUY,647,15.257624999999999,9871.683374999999,8.440289285625
2017-04-24,2017-04-21,2412,SELL,246,102.94850000000001,25325.331000000002,97.62915100500001
2017-04-24,2017-04-21,3045,SELL,229,111.944,25635.176,98.82360348
2017-04-24,2017-04-21,4904,SELL,340,74.7626,25419.284000000003,97.99133982000001
2017-04-24,2017-04-21,0050,BUY,476,73.93695,35193.9882,30.090859911
2017-04-28,2017-04-27,2880,SELL,150,16.89155,2533.7324999999996,9.767538787499998
2017-04-28,2017-04-27,2886,SELL,103,24.337825000000002,2506.7959750000005,9.663698483625002
2017-04-28,2017-04-27,2892,SELL,137,18.440775,2526.3861749999996,9.739218704624998
2017-04-28,2017-04-27,5880,SELL,165,15.342325,2531.4836250000003,9.758869374375001
2017-04-28,2017-04-27,2412,SELL,202,102.94850000000001,20795.597,80.16702643500001
2017-04-28,2017-04-27,3045,SELL,187,110.9445,20746.6215,79.9782258825
2017-04-28,2017-04-27,4904,SELL,282,73.66315,20773.0083,80.0799469965
2017-04-28,2017-04-27,0050,BUY,1040,74.53725,77518.74,66.2785227
2017-05-02,2017-04-28,2880,SELL,489,16.941525,8284.405724999999,31.936384069874993
2017-05-02,2017-04-28,2886,SELL,341,24.237875000000003,8265.115375000001,31.862019770625004
2017-05-02,2017-04-28,2892,SELL,449,18.740625,8414.540625000001,32.438054109375
2017-05-02,2017-04-28,5880,SELL,538,15.342325,8254.17085,31.819828626750002
2017-05-02,2017-04-28,2412,SELL,100,102.44875,10244.875,39.493993124999996
2017-05-02,2017-04-28,3045,SELL,91,111.44425000000001,10141.42675,39.09520012125
2017-05-02,2017-04-28,4904,SELL,137,74.56269999999999,10215.089899999999,39.3791715645
2017-05-02,2017-04-28,0050,BUY,887,75.0375,66558.2625,56.9073144375
2017-05-09,2017-05-08,2880,SELL,630,17.1914,10830.582,41.75189361
2017-05-09,2017-05-08,2886,SELL,444,24.487750000000002,10872.561000000002,41.91372265500001
2017-05-09,2017-05-08,2892,SELL,571,18.9905,10843.5755,41.801983552500005
2017-05-09,2017-05-08,5880,SELL,697,15.5922,10867.7634,41.895227907
2017-05-09,2017-05-08,2412,SELL,52,104.9475,5457.27,21.037775850000003
2017-05-09,2017-05-08,3045,SELL,48,113.44325,5445.276,20.991538979999998
2017-05-09,2017-05-08,4904,SELL,71,75.962,5393.302000000001,20.791179210000003
2017-05-09,2017-05-08,0050,BUY,856,75.73785,64831.599599999994,55.431017657999995
2017-05-10,2017-05-09,2880,SELL,802,17.1914,13787.502800000002,53.150823294000006
2017-05-10,2017-05-09,2886,SELL,563,24.487750000000002,13786.603250000002,53.147355528750005
2017-05-10,2017-05-09,2892,SELL,726,18.9905,13787.103000000001,53.149282065
2017-05-10,2017-05-09,5880,SELL,881,15.5922,13736.7282,52.955087211
2017-05-10,2017-05-09,2412,SELL,37,104.9475,3883.0575000000003,14.9691866625
2017-05-10,2017-05-09,3045,SELL,34,112.9435,3840.079,14.803504545000001
2017-05-10,2017-05-09,4904,SELL,51,76.46175000000001,3899.5492500000005,15.032762358750002
2017-05-10,2017-05-09,0050,BUY,917,76.188075,69864.464775,59.734117382625
2017-05-11,2017-05-10,2880,SELL,658,17.141424999999998,11279.057649999999,43.48076724075
2017-05-11,2017-05-10,2886,SELL,462,24.3878,11267.1636,43.434915677999996
2017-05-11,2017-05-10,2892,SELL,594,18.9905,11280.357,43.485776234999996
2017-05-11,2017-05-10,5880,SELL,724,15.5922,11288.7528,43.518142044
2017-05-11,2017-05-10,2412,SELL,29,104.9475,3043.4775,11.7326057625
2017-05-11,2017-05-10,3045,SELL,27,113.44325,3062.9677500000003,11.80774067625
2017-05-11,2017-05-10,4904,SELL,40,76.9615,3078.46,11.8674633
2017-05-11,2017-05-10,0050,BUY,803,76.13804999999999,61138.85414999999,52.27372029824999
2017-05-26,2017-05-25,2880,SELL,615,17.141424999999998,10541.976374999998,40.63931892562499
2017-05-26,2017-05-25,2886,SELL,428,24.5877,10523.535600000001,40.56822973800001
2017-05-26,2017-05-25,2892,SELL,549,19.1904,10535.5296,40.614466608
2017-05-26,2017-05-25,5880,SELL,672,15.69215,10545.1248,40.651456104
2017-05-26,2017-05-25,2412,SELL,22,106.9465,2352.823,9.070132665
2017-05-26,2017-05-25,3045,SELL,20,112.44375000000001,2248.875,8.669413125
2017-05-26,2017-05-25,4904,SELL,30,76.1619,2284.857,8.808123735
2017-05-26,2017-05-25,0050,BUY,791,77.0385,60937.453499999996,52.101522742499995
2017-06-01,2017-05-31,2880,SELL,740,17.1914,12721.636,49.04190678
2017-06-01,2017-05-31,2886,SELL,526,24.237875000000003,12749.122250000002,49.147866273750004
2017-06-01,2017-05-31,2892,SELL,663,19.1904,12723.235200000001,49.048071696
2017-06-01,2017-05-31,5880,SELL,821,15.542225000000002,12760.166725000001,49.190442724875005
2017-06-01,2017-05-31,2412,BUY,144,108.05399999999999,15559.775999999998,13.303608479999998
2017-06-01,2017-05-31,3045,BUY,138,112.55624999999999,15532.762499999999,13.280511937499998
2017-06-01,2017-05-31,4904,BUY,202,77.13855,15581.987099999998,13.322598970499998
2017-06-01,2017-05-31,0050,BUY,115,76.53824999999999,8801.898749999998,7.525623431249999
2017-07-03,2017-06-30,2880,BUY,1037,17.658824999999997,18312.201524999997,15.656932303874997
2017-07-03,2017-06-30,2886,BUY,723,25.312649999999998,18301.04595,15.647394287249998
2017-07-03,2017-06-30,2892,BUY,899,20.410199999999996,18348.7698,15.688198178999999
2017-07-03,2017-06-30,5880,BUY,1134,16.208099999999998,18379.985399999998,15.714887516999998
2017-07-03,2017-06-30,2412,SELL,41,107.94600000000001,4425.786,17.06140503
2017-07-03,2017-06-30,3045,SELL,39,114.94250000000001,4482.757500000001,17.281030162500002
2017-07-03,2017-06-30,4904,SELL,58,77.961,4521.738,17.43129999
2017-07-03,2017-06-30,0050,SELL,552,80.3598,44358.6096,82.285220808
2017-07-04,2017-07-03,2880,BUY,827,17.608800000000002,14562.477600000002,12.450918348000002
2017-07-04,2017-07-03,2886,BUY,568,25.412699999999997,14434.413599999998,12.341423627999998
2017-07-04,2017-07-03,2892,BUY,713,20.410199999999996,14552.472599999997,12.442364072999997
2017-07-04,2017-07-03,5880,BUY,895,16.30815,14595.79425,12.47940408375
2017-07-04,2017-07-03,2412,SELL,41,108.44575,4446.27575,17.14039301625
2017-07-04,2017-07-03,3045,SELL,39,114.44275,4463.26725,17.20589524875
2017-07-04,2017-07-03,4904,SELL,57,78.5607,4477.9599,17.2625354145
2017-07-04,2017-07-03,0050,SELL,527,80.40977500000001,42375.95142500001,78.607389893375
2017-07-07,2017-07-06,2880,BUY,721,17.608800000000002,12695.944800000001,10.855032804
2017-07-07,2017-07-06,2886,BUY,496,25.362675,12579.8868,10.755803214
2017-07-07,2017-07-06,2892,BUY,622,20.31015,12632.9133,10.8011408715
2017-07-07,2017-07-06,5880,BUY,779,16.208099999999998,12626.1099,10.7953239645
2017-07-07,2017-07-06,2412,SELL,31,108.44575,3361.8182500000003,12.95980935375
2017-07-07,2017-07-06,3045,SELL,30,114.94250000000001,3448.275,13.293100125
2017-07-07,2017-07-06,4904,SELL,44,78.5607,3456.6708,13.325465933999999
2017-07-07,2017-07-06,0050,SELL,466,80.20987500000001,37377.801750000006,69.33582224625
2017-08-07,2017-08-04,2880,BUY,941,18.2091,17134.7631,14.6502224505
2017-08-07,2017-08-04,2886,BUY,664,25.8129,17139.7656,14.654499587999998
2017-08-07,2017-08-04,2892,BUY,881,19.559775,17232.161774999997,14.733498317624997
2017-08-07,2017-08-04,5880,BUY,1026,16.758374999999997,17194.092749999996,14.700949301249997
2017-08-07,2017-08-04,2412,BUY,25,102.55125,2563.78125,2.19203296875
2017-08-07,2017-08-04,3045,BUY,23,107.55375,2473.73625,2.1150444937499997
2017-08-07,2017-08-04,4904,BUY,35,73.53675,2573.78625,2.20058724375
2017-08-07,2017-08-04,0050,SELL,117,82.408775,9641.826675,17.885588482124998
2017-08-18,2017-08-17,2880,SELL,1240,16.541725000000003,20511.739000000005,79.07275384500002
2017-08-18,2017-08-17,2886,SELL,853,23.988,20461.764,78.88010021999999
2017-08-18,2017-08-17,2892,SELL,1069,18.9905,20300.8445,78.25975554749999
2017-08-18,2017-08-17,5880,SELL,1312,15.5922,20456.9664,78.86160547200001
2017-08-18,2017-08-17,2412,BUY,117,103.05149999999999,12057.0255,10.3087568025
2017-08-18,2017-08-17,3045,BUY,111,107.55375,11938.46625,10.207388643749999
2017-08-18,2017-08-17,4904,BUY,167,72.53625,12113.55375,10.357088456249999
2017-08-18,2017-08-17,0050,SELL,145,80.9595,11739.1275,21.7760815125
2017-09-01,2017-08-31,2880,BUY,856,16.8084,14387.990399999999,12.301731791999998
2017-09-01,2017-08-31,2886,BUY,594,24.262124999999997,14411.702249999998,12.322005423749998
2017-09-01,2017-08-31,2892,BUY,736,19.6098,14432.8128,12.340054943999998
2017-09-01,2017-08-31,5880,BUY,907,15.90795,14428.51065,12.336376605749999
2017-09-01,2017-08-31,2412,SELL,46,104.44775,4804.5965,18.5217195075
2017-09-01,2017-08-31,3045,SELL,45,107.94600000000001,4857.570000000001,18.72593235
2017-09-01,2017-08-31,4904,SELL,67,73.16340000000001,4901.947800000001,18.897008769000003
2017-09-01,2017-08-31,0050,SELL,598,82.90852500000001,49579.29795000001,91.96959769725001
2017-09-27,2017-09-26,2880,BUY,707,16.50825,11671.33275,9.97898950125
2017-09-27,2017-09-26,2886,BUY,489,23.761875,11619.556875,9.934721128125
2017-09-27,2017-09-26,2892,BUY,597,19.50975,11647.32075,9.95845924125
2017-09-27,2017-09-26,5880,BUY,746,15.6078,11643.4188,9.955123074
2017-09-27,2017-09-26,2412,BUY,67,103.05149999999999,6904.450499999999,5.903305177499999
2017-09-27,2017-09-26,3045,BUY,65,108.05399999999999,7023.509999999999,6.0051010499999995
2017-09-27,2017-09-26,4904,BUY,97,71.8359,6968.082299999999,5.957710366499999
2017-09-27,2017-09-26,0050,SELL,1084,80.55969999999999,87326.71479999999,161.99105595399996
2017-09-28,2017-09-27,2880,BUY,709,16.50825,11704.349250000001,10.00721860875
2017-09-28,2017-09-27,2886,BUY,494,23.811899999999998,11763.078599999999,10.057432203
2017-09-28,2017-09-27,2892,BUY,600,19.6098,11765.88,10.0598274
2017-09-28,2017-09-27,5880,BUY,745,15.707849999999999,11702.34825,10.005507753749999
2017-09-28,2017-09-27,2412,BUY,21,103.55175,2174.58675,1.85927167125
2017-09-28,2017-09-27,3045,BUY,20,107.55375,2151.075,1.8391691249999997
2017-09-28,2017-09-27,4904,BUY,30,71.93595,2158.0785,1.8451571174999999
2017-09-28,2017-09-27,0050,SELL,764,80.709625,61662.1535,114.3832947425
2017-10-03,2017-10-02,2880,BUY,147,16.50825,2426.71275,2.07483940125
2017-10-03,2017-10-02,2886,BUY,101,23.911949999999997,2415.10695,2.06491644225
2017-10-03,2017-10-02,2892,BUY,124,19.559775,2425.4121,2.0737273455
2017-10-03,2017-10-02,5880,BUY,155,15.657824999999999,2426.9628749999997,2.0750532581249996
2017-10-03,2017-10-02,2412,BUY,87,103.55175,9009.00225,7.70269692375
2017-10-03,2017-10-02,3045,BUY,83,108.55425,9010.00275,7.703552351249999
2017-10-03,2017-10-02,4904,BUY,125,72.33614999999999,9042.01875,7.730926031249999
2017-10-03,2017-10-02,0050,SELL,670,81.509225,54611.18075,101.30374029125
2017-10-06,2017-10-05,2880,BUY,861,16.558275,14256.674774999998,12.189456932624998
2017-10-06,2017-10-05,2886,BUY,597,23.861925,14245.569225,12.179961687374998
2017-10-06,2017-10-05,2892,BUY,729,19.559775,14259.075974999998,12.191509958624998
2017-10-06,2017-10-05,5880,BUY,902,15.8079,14258.7258,12.191210559
2017-10-06,2017-10-05,2412,SELL,38,102.94850000000001,3912.0430000000006,15.080925765000002
2017-10-06,2017-10-05,3045,SELL,36,107.44625,3868.065,14.911390575
2017-10-06,2017-10-05,4904,SELL,55,71.964,3958.02,15.2581671
2017-10-06,2017-10-05,0050,SELL,504,82.05895,41357.7108,76.718553534
2017-10-13,2017-10-12,2880,SELL,918,16.69165,15322.9347,59.069913268499995
2017-10-13,2017-10-12,2886,SELL,643,23.88805,15360.01615,59.21286225825
2017-10-13,2017-10-12,2892,SELL,769,19.990000000000002,15372.310000000001,59.260255050000005
2017-10-13,2017-10-12,5880,SELL,955,16.09195,15367.81225,59.24291622375
2017-10-13,2017-10-12,2412,SELL,97,102.94850000000001,9986.004500000001,38.4960473475
2017-10-13,2017-10-12,3045,SELL,93,107.94600000000001,10038.978000000001,38.70026019
2017-10-13,2017-10-12,4904,SELL,140,71.964,10074.96,38.8389708
2017-10-13,2017-10-12,0050,BUY,1134,83.991975,95246.89964999999,81.43609920075
2017-10-17,2017-10-16,2880,SELL,448,16.741625000000003,7500.248000000001,28.913456040000003
2017-10-17,2017-10-16,2886,SELL,313,23.988,7508.244,28.944280619999997
2017-10-17,2017-10-16,2892,SELL,377,19.89005,7498.548849999999,28.906905816749997
2017-10-17,2017-10-16,5880,SELL,466,16.09195,7498.8487000000005,28.908061738500002
2017-10-17,2017-10-16,2412,SELL,56,103.44825,5793.102,22.33240821
2017-10-17,2017-10-16,3045,SELL,54,107.94600000000001,5829.084000000001,22.47111882
2017-10-17,2017-10-16,4904,SELL,80,72.46375,5797.1,22.3478205
2017-10-17,2017-10-16,0050,BUY,735,84.59227499999999,62175.32212499999,53.15990041687499
2017-10-26,2017-10-25,2880,SELL,380,16.591700000000003,6304.846000000001,24.305181330000003
2017-10-26,2017-10-25,2886,SELL,262,24.037975000000003,6297.949450000001,24.278595129750002
2017-10-26,2017-10-25,2892,SELL,316,19.69015,6222.087399999999,23.986146926999997
2017-10-26,2017-10-25,5880,SELL,385,16.3918,6310.843,24.328299765
2017-10-26,2017-10-25,2412,SELL,34,102.44875,3483.2575,13.4279576625
2017-10-26,2017-10-25,3045,SELL,32,106.9465,3422.288,13.19292024
2017-10-26,2017-10-25,4904,SELL,48,72.16390000000001,3463.8672000000006,13.353208056000001
2017-10-26,2017-10-25,0050,BUY,621,84.192075,52283.278575000004,44.702203181625
2017-11-01,2017-10-31,2880,SELL,705,16.541725000000003,11661.916125000002,44.956686661875004
2017-11-01,2017-10-31,2886,SELL,491,23.838075000000003,11704.494825000002,45.120827550375004
2017-11-01,2017-10-31,2892,SELL,598,19.540225000000003,11685.054550000003,45.045885290250006
2017-11-01,2017-10-31,5880,SELL,714,16.29185,11632.3809,44.8428283695
2017-11-01,2017-10-31,2412,SELL,38,102.94850000000001,3912.0430000000006,15.080925765000002
2017-11-01,2017-10-31,3045,SELL,37,106.9465,3957.0205,15.2543140275
2017-11-01,2017-10-31,4904,SELL,56,70.86455000000001,3968.4148000000005,15.298239054000002
2017-11-01,2017-10-31,0050,BUY,934,85.39267499999998,79756.75844999998,68.19202847474997
2017-11-14,2017-11-13,2880,SELL,361,16.49175,5953.52175,22.95082634625
2017-11-14,2017-11-13,2886,SELL,251,23.588200000000004,5920.638200000001,22.824060261000003
2017-11-14,2017-11-13,2892,SELL,307,19.29035,5922.13745,22.82983986975
2017-11-14,2017-11-13,5880,SELL,365,16.241875,5928.284375,22.853536265625
2017-11-14,2017-11-13,2412,SELL,19,102.44875,1946.5262500000001,7.503858693750001
2017-11-14,2017-11-13,3045,SELL,18,106.9465,1925.037,7.421017635
2017-11-14,2017-11-13,4904,SELL,28,70.46475000000001,1973.0130000000004,7.605965115000001
2017-11-14,2017-11-13,0050,BUY,674,84.34214999999999,56846.609099999994,48.6038507805
2017-11-28,2017-11-27,2880,SELL,35,16.591700000000003,580.7095000000002,2.2386351225000007
2017-11-28,2017-11-27,2886,SELL,24,23.538225,564.9174,2.1777565770000002
2017-11-28,2017-11-27,2892,SELL,30,19.440275,583.20825,2.24826780375
2017-11-28,2017-11-27,5880,SELL,35,16.341825000000004,571.9638750000001,2.2049207381250007
2017-11-28,2017-11-27,2412,BUY,278,104.05199999999999,28926.456,24.73211988
2017-11-28,2017-11-27,3045,BUY,267,108.55425,28983.98475,24.78130696125
2017-11-28,2017-11-27,4904,BUY,394,73.53675,28973.479499999998,24.772324972499998
2017-11-28,2017-11-27,0050,SELL,726,83.90802500000001,60917.22615000001,113.00145450825
2017-11-29,2017-11-28,2880,SELL,65,16.591700000000003,1078.4605000000001,4.1574652275
2017-11-29,2017-11-28,2886,SELL,45,23.588200000000004,1061.4690000000003,4.091962995000001
2017-11-29,2017-11-28,2892,SELL,55,19.3903,1066.4665,4.1112283575
2017-11-29,2017-11-28,5880,SELL,65,16.49175,1071.96375,4.13242025625
2017-11-29,2017-11-28,2412,BUY,215,104.05199999999999,22371.179999999997,19.127358899999997
2017-11-29,2017-11-28,3045,BUY,207,108.55425,22470.72975,19.21247393625
2017-11-29,2017-11-28,4904,BUY,306,72.93645000000001,22318.553700000004,19.0823634135
2017-11-29,2017-11-28,0050,SELL,689,83.60817500000002,57606.03257500001,106.85919042662502
2017-12-01,2017-11-30,2880,BUY,869,16.50825,14345.66925,12.26554720875
2017-12-01,2017-11-30,2886,BUY,605,23.661824999999997,14315.404124999997,12.239670526874997
2017-12-01,2017-11-30,2892,BUY,743,19.259625,14309.901375,12.234965675624998
2017-12-01,2017-11-30,5880,BUY,875,16.358175,14313.403124999999,12.237959671874998
2017-12-01,2017-11-30,2412,BUY,131,104.05199999999999,13630.812,11.65434426
2017-12-01,2017-11-30,3045,BUY,126,108.05399999999999,13614.803999999998,11.640657419999998
2017-12-01,2017-11-30,4904,BUY,190,71.8359,13648.821,11.669741955
2017-12-01,2017-11-30,0050,SELL,1203,82.10892500000001,98777.03677500002,183.23140321762503
2017-12-04,2017-12-01,2880,BUY,976,16.658324999999998,16258.525199999998,13.901039045999998
2017-12-04,2017-12-01,2886,BUY,683,23.71185,16195.193549999998,13.846890485249999
2017-12-04,2017-12-01,2892,BUY,835,19.409699999999997,16207.099499999998,13.857070072499997
2017-12-04,2017-12-01,5880,BUY,985,16.408199999999997,16162.076999999997,13.818575834999997
2017-12-04,2017-12-01,2412,BUY,67,104.05199999999999,6971.4839999999995,5.96061882
2017-12-04,2017-12-01,3045,BUY,65,108.55425,7056.02625,6.032902443749999
2017-12-04,2017-12-01,4904,BUY,98,71.63579999999999,7020.308399999999,6.002363681999999
2017-12-04,2017-12-01,0050,SELL,1098,82.608675,90704.32515,168.25652315325
2017-12-05,2017-12-04,2880,BUY,1029,16.8084,17295.8436,14.787946278
2017-12-05,2017-12-04,2886,BUY,727,23.811899999999998,17311.2513,14.8011198615
2017-12-05,2017-12-04,2892,BUY,887,19.50975,17305.148250000002,14.795901753750002
2017-12-05,2017-12-04,5880,BUY,1045,16.50825,17251.12125,14.74970866875
2017-12-05,2017-12-04,2412,SELL,62,103.44825,6413.7915,24.7251662325
2017-12-05,2017-12-04,3045,SELL,59,107.44625,6339.328750000001,24.43811233125
2017-12-05,2017-12-04,4904,SELL,90,71.36430000000001,6422.787000000001,24.759843885000006
2017-12-05,2017-12-04,0050,SELL,560,82.508725,46204.886,85.71006352999999
2017-12-06,2017-12-05,2880,BUY,908,16.8084,15262.027199999999,13.049033255999998
2017-12-06,2017-12-05,2886,BUY,646,23.71185,15317.855099999999,13.096766110499999
2017-12-06,2017-12-05,2892,BUY,785,19.459725,15275.884124999999,13.060880926874999
2017-12-06,2017-12-05,5880,BUY,925,16.558275,15316.404374999998,13.095525740624998
2017-12-06,2017-12-05,2412,SELL,46,103.44825,4758.6195,18.3444781725
2017-12-06,2017-12-05,3045,SELL,44,107.44625,4727.635,18.225032925
2017-12-06,2017-12-05,4904,SELL,67,71.1644,4768.0148,18.380697054
2017-12-06,2017-12-05,0050,SELL,594,82.05895,48743.016299999996,90.41829523649999
2018-01-03,2018-01-02,2880,BUY,503,16.858425,8479.787775,7.250218547625001
2018-01-03,2018-01-02,2886,BUY,350,24.2121,8474.235,7.245470925
2018-01-03,2018-01-02,2892,BUY,433,19.50975,8447.72175,7.222802096250001
2018-01-03,2018-01-02,5880,BUY,509,16.658324999999998,8479.087425,7.249619748374999
2018-01-03,2018-01-02,2412,BUY,125,107.55375,13444.21875,11.49480703125
2018-01-03,2018-01-02,3045,BUY,125,108.05399999999999,13506.749999999998,11.548271249999997
2018-01-03,2018-01-02,4904,BUY,183,73.6368,13475.534399999999,11.521581911999998
2018-01-03,2018-01-02,0050,SELL,861,82.90852500000001,71384.240025,132.417765246375
2018-01-04,2018-01-03,2880,SELL,405,16.89155,6841.0777499999995,26.37235472625
2018-01-04,2018-01-03,2886,SELL,279,24.3878,6804.196199999999,26.230176350999997
2018-01-04,2018-01-03,2892,SELL,350,19.540225000000003,6839.0787500000015,26.364648581250005
2018-01-04,2018-01-03,5880,SELL,409,16.741625000000003,6847.324625000001,26.396436429375004
2018-01-04,2018-01-03,2412,BUY,177,108.05399999999999,19125.557999999997,16.352352089999997
2018-01-04,2018-01-03,3045,BUY,176,108.55425,19105.548,16.335243539999997
2018-01-04,2018-01-03,4904,BUY,256,74.53725,19081.536,16.31471328
2018-01-04,2018-01-03,0050,SELL,334,83.45825,27875.055500000002,51.7082279525
2018-01-17,2018-01-16,2880,BUY,1016,17.358675,17636.413800000002,15.079133799000001
2018-01-17,2018-01-16,2886,BUY,684,25.762874999999998,17621.8065,15.066644557499998
2018-01-17,2018-01-16,2892,BUY,884,19.959974999999996,17644.617899999997,15.086148304499996
2018-01-17,2018-01-16,5880,BUY,1019,17.30865,17637.51435,15.08007476925
2018-01-17,2018-01-16,2412,SELL,180,108.44575,19520.235,75.250505925
2018-01-17,2018-01-16,3045,SELL,177,110.9445,19637.1765,75.7013154075
2018-01-17,2018-01-16,4904,SELL,262,74.9625,19640.175000000003,75.71287462500001
2018-01-17,2018-01-16,0050,SELL,46,84.60767500000001,3891.9530500000005,7.219572907750001
2018-01-18,2018-01-17,2880,BUY,440,17.50875,7703.849999999999,6.586791749999999
2018-01-18,2018-01-17,2886,BUY,298,25.662824999999998,7647.521849999999,6.538631181749999
2018-01-18,2018-01-17,2892,BUY,384,20.060025,7703.0496,6.586107408
2018-01-18,2018-01-17,5880,BUY,444,17.408699999999996,7729.462799999998,6.608690693999998
2018-01-18,2018-01-17,2412,SELL,169,108.94550000000001,18411.789500000003,70.97744852250001
2018-01-18,2018-01-17,3045,SELL,166,110.44475,18333.8285,70.6769088675
2018-01-18,2018-01-17,4904,SELL,246,74.9625,18440.775,71.08918762500001
2018-01-18,2018-01-17,0050,BUY,297,85.54275,25406.19675,21.72229822125
2018-01-22,2018-01-19,2880,SELL,258,17.341325,4474.06185,17.24750843175
2018-01-22,2018-01-19,2886,SELL,176,25.287350000000004,4450.573600000001,17.156961228000004
2018-01-22,2018-01-19,2892,SELL,224,19.990000000000002,4477.76,17.2617648
2018-01-22,2018-01-19,5880,SELL,258,17.341325,4474.06185,17.24750843175
2018-01-22,2018-01-19,2412,SELL,207,108.44575,22448.27025,86.53808181375
2018-01-22,2018-01-19,3045,SELL,206,108.94550000000001,22442.773,86.51688991500001
2018-01-22,2018-01-19,4904,SELL,301,74.7626,22503.5426,86.751156723
2018-01-22,2018-01-19,0050,BUY,1001,87.193575,87280.768575,74.625057131625
2018-01-23,2018-01-22,2880,SELL,470,17.3913,8173.911,31.510426905
2018-01-23,2018-01-22,2886,SELL,321,25.337325000000003,8133.281325000001,31.353799507875003
2018-01-23,2018-01-22,2892,SELL,409,19.990000000000002,8175.910000000001,31.518133050000003
2018-01-23,2018-01-22,5880,SELL,472,17.29135,8161.5172,31.462648806
2018-01-23,2018-01-22,2412,SELL,108,108.44575,11712.141,45.150303555
2018-01-23,2018-01-22,3045,SELL,107,109.94500000000001,11764.115000000002,45.350663325000006
2018-01-23,2018-01-22,4904,SELL,155,75.06245,11634.67975,44.851690436249996
2018-01-23,2018-01-22,0050,BUY,787,88.09402499999999,69329.99767499999,59.27714801212499
2018-02-07,2018-02-06,2880,SELL,4080,16.791600000000003,68509.72800000002,264.1050014400001
2018-02-07,2018-02-06,2886,SELL,2822,24.1879,68258.25379999999,263.13556839899996
2018-02-07,2018-02-06,2892,SELL,3474,19.640175,68229.96794999999,263.02652644725
2018-02-07,2018-02-06,5880,SELL,4105,16.641675,68314.075875,263.350762498125
2018-02-07,2018-02-06,2412,BUY,698,107.0535,74723.343,63.88845826499999
2018-02-07,2018-02-06,3045,BUY,702,107.55375,75502.7325,64.5548362875
2018-02-07,2018-02-06,4904,BUY,1000,74.4372,74437.2,63.643806
2018-02-07,2018-02-06,0050,SELL,263,81.309325,21384.352475,39.667973841125
2018-02-08,2018-02-07,2880,SELL,1006,16.89155,16992.899299999997,65.50762680149998
2018-02-08,2018-02-07,2886,SELL,705,24.237875000000003,17087.701875000002,65.873090728125
2018-02-08,2018-02-07,2892,SELL,865,19.640175,16988.751375,65.491636550625
2018-02-08,2018-02-07,5880,SELL,1024,16.591700000000003,16989.900800000003,65.49606758400002
2018-02-08,2018-02-07,2412,BUY,169,107.55375,18176.583749999998,15.540979106249997
2018-02-08,2018-02-07,3045,BUY,169,108.05399999999999,18261.125999999997,15.613262729999997
2018-02-08,2018-02-07,4904,BUY,241,75.4377,18180.4857,15.5443152735
2018-02-08,2018-02-07,0050,SELL,73,80.60967500000001,5884.506275000001,10.915759140125001
2018-02-12,2018-02-09,2880,SELL,2279,16.741625000000003,38154.163375000004,147.084299810625
2018-02-12,2018-02-09,2886,SELL,1584,24.037975000000003,38076.152400000006,146.783567502
2018-02-12,2018-02-09,2892,SELL,1951,19.49025,38025.47775,146.58821672624998
2018-02-12,2018-02-09,5880,SELL,2314,16.591700000000003,38393.19380000001,148.00576209900004
2018-02-12,2018-02-09,2412,BUY,632,107.0535,67657.812,57.847429260000006
2018-02-12,2018-02-09,3045,BUY,635,107.0535,67978.9725,58.1220214875
2018-02-12,2018-02-09,4904,BUY,927,73.13654999999999,67797.58184999999,57.966932481749986
2018-02-12,2018-02-09,0050,SELL,548,79.510225,43571.6033,80.8253241215
2018-02-21,2018-02-12,2880,SELL,2025,16.941525,34306.588124999995,132.25189722187497
2018-02-21,2018-02-12,2886,SELL,1405,24.437775000000002,34335.073875,132.361709788125
2018-02-21,2018-02-12,2892,SELL,1744,19.590200000000003,34165.308800000006,131.707265424
2018-02-21,2018-02-12,5880,SELL,2056,16.741625000000003,34420.781,132.69211075500002
2018-02-21,2018-02-12,2412,BUY,593,108.05399999999999,64076.02199999999,54.78499880999999
2018-02-21,2018-02-12,3045,BUY,588,108.05399999999999,63535.75199999999,54.32306795999999
2018-02-21,2018-02-12,4904,BUY,860,73.6368,63327.647999999994,54.14513903999999
2018-02-21,2018-02-12,0050,SELL,555,81.3593,45154.4115,83.7614333325
2018-02-23,2018-02-22,2880,BUY,1147,16.958475,19451.370824999998,16.630922055375
2018-02-23,2018-02-22,2886,BUY,785,24.8124,19477.734,16.65346257
2018-02-23,2018-02-22,2892,BUY,979,19.90995,19491.84105,16.665524097749998
2018-02-23,2018-02-22,5880,BUY,1157,16.8084,19447.318799999997,16.627457573999997
2018-02-23,2018-02-22,2412,SELL,225,108.44575,24400.29375,94.06313240625
2018-02-23,2018-02-22,3045,SELL,228,106.9465,24383.802,93.99955671
2018-02-23,2018-02-22,4904,SELL,333,73.46325,24463.26225,94.30587597374999
2018-02-23,2018-02-22,0050,SELL,37,81.3593,3010.2941,5.584095555499999
2018-02-26,2018-02-23,2880,BUY,1156,17.10855,19777.4838,16.909748649
2018-02-26,2018-02-23,2886,BUY,788,25.162574999999997,19828.109099999998,16.953033280499998
2018-02-26,2018-02-23,2892,BUY,991,20.009999999999998,19829.909999999996,16.954573049999997
2018-02-26,2018-02-23,5880,BUY,1156,17.158575,19835.3127,16.959192358499998
2018-02-26,2018-02-23,2412,SELL,173,109.44525,18934.02825,72.99067890375
2018-02-26,2018-02-23,3045,SELL,176,107.44625,18910.54,72.9001317
2018-02-26,2018-02-23,4904,SELL,256,73.96300000000001,18934.528000000002,72.99260544
2018-02-26,2018-02-23,0050,SELL,347,82.508725,28630.527575,53.109628651624995
2018-02-27,2018-02-26,2880,BUY,1116,17.258625,19260.6255,16.467834802499997
2018-02-27,2018-02-26,2886,BUY,766,25.11255,19236.2133,16.4469623715
2018-02-27,2018-02-26,2892,BUY,952,20.11005,19144.7676,16.368776298
2018-02-27,2018-02-26,5880,BUY,1123,17.158575,19269.079725,16.475063164875
2018-02-27,2018-02-26,2412,SELL,170,109.94500000000001,18690.65,72.05245575000001
2018-02-27,2018-02-26,3045,SELL,174,107.94600000000001,18782.604000000003,72.40693842
2018-02-27,2018-02-26,4904,SELL,254,73.86305000000002,18761.214700000004,72.32448266850001
2018-02-27,2018-02-26,0050,SELL,337,83.05845,27990.69765,51.92274414074999
2018-03-01,2018-02-27,2880,BUY,1048,17.058525,17877.3342,15.285120741
2018-03-01,2018-02-27,2886,BUY,722,24.6123,17770.0806,15.193418913
2018-03-01,2018-02-27,2892,BUY,901,19.959974999999996,17983.937474999995,15.376266541124995
2018-03-01,2018-02-27,5880,BUY,1060,16.8084,17816.904,15.233452919999998
2018-03-01,2018-02-27,2412,SELL,169,108.44575,18327.33175,70.65186389625
2018-03-01,2018-02-27,3045,SELL,173,106.9465,18501.7445,71.32422504750001
2018-03-01,2018-02-27,4904,SELL,251,73.26335,18389.10085,70.88998377675
2018-03-01,2018-02-27,0050,SELL,271,81.509225,22088.999975,40.975094953624996
2018-03-02,2018-03-01,2880,BUY,1250,17.058525,21323.15625,18.23129859375
2018-03-02,2018-03-01,2886,BUY,851,24.912449999999996,21200.494949999997,18.126423182249997
2018-03-02,2018-03-01,2892,BUY,1071,19.8099,21216.402899999997,18.140024479499996
2018-03-02,2018-03-01,5880,BUY,1265,16.8084,21262.626,18.17954523
2018-03-02,2018-03-01,2412,SELL,194,107.94600000000001,20941.524,80.72957502
2018-03-02,2018-03-01,3045,SELL,197,106.44675000000001,20970.00975,80.83938758625
2018-03-02,2018-03-01,4904,SELL,287,72.86355,20911.83885,80.61513876675
2018-03-02,2018-03-01,0050,SELL,205,80.809575,16565.962874999997,30.72986113312499
2018-03-05,2018-03-02,2880,BUY,982,17.008499999999998,16702.346999999998,14.280506684999997
2018-03-05,2018-03-02,2886,BUY,669,24.962474999999998,16699.895774999997,14.278410887624997
2018-03-05,2018-03-02,2892,BUY,843,19.8099,16699.7457,14.278282573499999
2018-03-05,2018-03-02,5880,BUY,991,16.858425,16706.699175,14.284227794625
2018-03-05,2018-03-02,2412,SELL,170,107.94600000000001,18350.820000000003,70.74241110000001
2018-03-05,2018-03-02,3045,SELL,172,106.9465,18394.798,70.91194628999999
2018-03-05,2018-03-02,4904,SELL,252,73.36330000000001,18487.551600000003,71.26951141800001
2018-03-05,2018-03-02,0050,SELL,156,81.05945,12645.2742,23.456983640999997
2018-03-12,2018-03-09,2880,BUY,597,17.30865,10333.26405,8.83494076275
2018-03-12,2018-03-09,2886,BUY,413,25.162574999999997,10392.143474999999,8.885282671125
2018-03-12,2018-03-09,2892,BUY,515,20.009999999999998,10305.15,8.810903249999999
2018-03-12,2018-03-09,5880,BUY,606,17.058525,10337.46615,8.838533558249999
2018-03-12,2018-03-09,2412,SELL,257,108.94550000000001,27998.993500000004,107.93611994250001
2018-03-12,2018-03-09,3045,SELL,264,106.44675000000001,28101.942000000003,108.33298641
2018-03-12,2018-03-09,4904,SELL,381,74.16290000000001,28256.0649,108.9271301895
2018-03-12,2018-03-09,0050,BUY,611,83.64179999999999,51105.13979999999,43.69489452899999
2018-03-13,2018-03-12,2880,SELL,216,17.3913,3756.5208000000002,14.481387684000001
2018-03-13,2018-03-12,2886,SELL,147,25.437275,3739.2794249999997,14.414922183375
2018-03-13,2018-03-12,2892,SELL,187,20.039975000000002,3747.4753250000003,14.446517377875
2018-03-13,2018-03-12,5880,SELL,219,17.091450000000002,3743.0275500000002,14.42937120525
2018-03-13,2018-03-12,2412,SELL,219,108.94550000000001,23859.0645,91.9766936475
2018-03-13,2018-03-12,3045,SELL,225,105.947,23838.075,91.895779125
2018-03-13,2018-03-12,4904,SELL,325,73.46325,23875.55625,92.04026934375
2018-03-13,2018-03-12,0050,BUY,1042,84.392175,87936.64635,75.18583262924999
2018-03-14,2018-03-13,2880,BUY,65,17.458724999999998,1134.8171249999998,0.9702686418749998
2018-03-14,2018-03-13,2886,BUY,44,25.512749999999997,1122.561,0.9597896549999999
2018-03-14,2018-03-13,2892,BUY,56,20.160075,1128.9642,0.9652643909999998
2018-03-14,2018-03-13,5880,BUY,66,17.208599999999997,1135.7676,0.9710812979999999
2018-03-14,2018-03-13,2412,SELL,172,108.94550000000001,18738.626,72.23740323
2018-03-14,2018-03-13,3045,SELL,177,106.44675000000001,18841.07475,72.63234316124999
2018-03-14,2018-03-13,4904,SELL,255,73.66315,18784.10325,72.41271802874999
2018-03-14,2018-03-13,0050,BUY,585,84.392175,49369.422374999995,42.210856130625
2018-03-15,2018-03-14,2880,SELL,299,17.3913,5199.9987,20.0459949885
2018-03-15,2018-03-14,2886,SELL,206,25.237375,5198.89925,20.041756608750003
2018-03-15,2018-03-14,2892,SELL,259,20.039975000000002,5190.353525,20.008812838875002
2018-03-15,2018-03-14,5880,SELL,304,17.091450000000002,5195.800800000001,20.029812084000003
2018-03-15,2018-03-14,2412,SELL,141,108.94550000000001,15361.3155,59.217871252500004
2018-03-15,2018-03-14,3045,SELL,145,105.947,15362.315,59.221724325000004
2018-03-15,2018-03-14,4904,SELL,208,73.96300000000001,15384.304000000002,59.306491920000006
2018-03-15,2018-03-14,0050,BUY,819,84.042,68830.398,58.84999029
2018-03-16,2018-03-15,2880,SELL,279,17.3913,4852.1727,18.7051257585
2018-03-16,2018-03-15,2886,SELL,193,25.1874,4861.1682,18.739803411
2018-03-16,2018-03-15,2892,SELL,242,20.08995,4861.767900000001,18.742115254500003
2018-03-16,2018-03-15,5880,SELL,283,17.141424999999998,4851.023275,18.700694725124997
2018-03-16,2018-03-15,2412,SELL,110,108.94550000000001,11984.005000000001,46.198339275
2018-03-16,2018-03-15,3045,SELL,113,105.947,11972.011,46.152102405
2018-03-16,2018-03-15,4904,SELL,161,74.66265000000001,12020.686650000001,46.33974703575
2018-03-16,2018-03-15,0050,BUY,811,84.042,68158.062,58.27514301
2018-03-27,2018-03-26,2880,BUY,1011,17.458724999999998,17650.770974999996,15.091409183624997
2018-03-27,2018-03-26,2886,BUY,701,25.262625,17709.100125,15.141280606875
2018-03-27,2018-03-26,2892,BUY,879,20.160075,17720.705925,15.151203565874997
2018-03-27,2018-03-26,5880,BUY,1025,17.208599999999997,17638.815,15.081186824999998
2018-03-27,2018-03-26,2412,SELL,27,110.9445,2995.5015000000003,11.5476582825
2018-03-27,2018-03-26,3045,SELL,28,107.94600000000001,3022.4880000000003,11.651691240000002
2018-03-27,2018-03-26,4904,SELL,40,75.5622,3022.4880000000003,11.651691240000002
2018-03-27,2018-03-26,0050,SELL,646,82.9585,53591.191,99.41165930499999
2018-03-29,2018-03-28,2880,BUY,254,17.558775,4459.92885,3.81323916675
2018-03-29,2018-03-28,2886,BUY,178,25.11255,4470.033899999999,3.821878984499999
2018-03-29,2018-03-28,2892,BUY,221,20.210099999999997,4466.432099999999,3.818799445499999
2018-03-29,2018-03-28,5880,BUY,259,17.208599999999997,4457.027399999999,3.8107584269999992
2018-03-29,2018-03-28,2412,BUY,148,112.55624999999999,16658.324999999997,14.242867874999996
2018-03-29,2018-03-28,3045,BUY,154,109.05449999999999,16794.393,14.359206015
2018-03-29,2018-03-28,4904,BUY,219,76.2381,16696.1439,14.275203034499999
2018-03-29,2018-03-28,0050,SELL,809,82.208875,66506.979875,123.370447668125
2018-03-30,2018-03-29,2880,BUY,17,17.558775,298.49917500000004,0.255216794625
2018-03-30,2018-03-29,2886,BUY,12,25.162574999999997,301.95089999999993,0.25816801949999996
2018-03-30,2018-03-29,2892,BUY,15,20.260125,303.90187499999996,0.25983610312499994
2018-03-30,2018-03-29,5880,BUY,17,17.208599999999997,292.54619999999994,0.25012700099999996
2018-03-30,2018-03-29,2412,BUY,198,112.55624999999999,22286.137499999997,19.054647562499998
2018-03-30,2018-03-29,3045,BUY,202,108.55425,21927.9585,18.7484045175
2018-03-30,2018-03-29,4904,BUY,287,77.0385,22110.0495,18.9040923225
2018-03-30,2018-03-29,0050,SELL,692,82.608675,57165.203100000006,106.0414517505
2018-03-31,2018-03-30,2880,SELL,760,17.5912,13369.312,51.53869776
2018-03-31,2018-03-30,2886,SELL,533,25.1874,13424.8842,51.752928591
2018-03-31,2018-03-30,2892,SELL,660,20.239875,13358.317500000001,51.496313962500004
2018-03-31,2018-03-30,5880,SELL,777,17.241375,13396.548375,51.643693985625
2018-03-31,2018-03-30,2412,BUY,224,113.0565,25324.656,21.65258088
2018-03-31,2018-03-30,3045,BUY,231,109.55475,25307.147249999998,21.637610898749998
2018-03-31,2018-03-30,4904,BUY,325,78.039,25362.675,21.685087125
2018-03-31,2018-03-30,0050,SELL,205,82.808575,16975.757875,31.490030858124996
2018-04-02,2018-03-31,2880,SELL,854,17.541225,14980.20615,57.74869470825
2018-04-02,2018-03-31,2886,SELL,596,25.287350000000004,15071.260600000001,58.099709613
2018-04-02,2018-03-31,2892,SELL,740,20.239875,14977.507500000002,57.738291412500004
2018-04-02,2018-03-31,5880,SELL,874,17.241375,15068.96175,58.090847546250004
2018-04-02,2018-03-31,2412,BUY,179,112.55624999999999,20147.56875,17.226171281249997
2018-04-02,2018-03-31,3045,BUY,184,110.05499999999999,20250.12,17.313852599999997
2018-04-02,2018-03-31,4904,BUY,259,78.2391,20263.9269,17.325657499499997
2018-04-02,2018-03-31,0050,BUY,36,82.89142499999998,2984.0912999999996,2.5513980614999996
2018-04-25,2018-04-24,2880,SELL,1769,17.69115,31295.644350000002,120.64470896925
2018-04-25,2018-04-24,2886,SELL,1212,25.837075000000002,31314.534900000002,120.7175320395
2018-04-25,2018-04-24,2892,SELL,1532,20.439775,31313.7353,120.7144495815
2018-04-25,2018-04-24,5880,SELL,1837,17.091450000000002,31396.993650000004,121.03541052075002
2018-04-25,2018-04-24,2412,BUY,546,111.0555,60636.303,51.844039065
2018-04-25,2018-04-24,3045,BUY,556,109.05449999999999,60634.301999999996,51.84232821
2018-04-25,2018-04-24,4904,BUY,781,77.53875,60557.76375,51.77688800625
2018-04-25,2018-04-24,0050,SELL,318,79.210375,25188.89925,46.725408108749996
2018-04-26,2018-04-25,2880,SELL,1704,17.7911,30316.0344,116.868312612
2018-04-26,2018-04-25,2886,SELL,1166,25.987000000000002,30300.842,116.80974591
2018-04-26,2018-04-25,2892,SELL,1480,20.48975,30324.83,116.90221965
2018-04-26,2018-04-25,5880,SELL,1774,17.141424999999998,30408.887949999997,117.22626304724999
2018-04-26,2018-04-25,2412,BUY,490,110.55525,54172.0725,46.3171219875
2018-04-26,2018-04-25,3045,BUY,499,108.55425,54168.57075,46.31412799125
2018-04-26,2018-04-25,4904,BUY,700,77.2386,54067.020000000004,46.2273021
2018-04-26,2018-04-25,0050,SELL,376,79.66015,29952.2164,55.561361422
2018-04-27,2018-04-26,2880,SELL,1327,17.7911,23608.7897,91.0118842935
2018-04-27,2018-04-26,2886,SELL,912,25.88705,23608.989599999997,91.01265490799999
2018-04-27,2018-04-26,2892,SELL,1155,20.28985,23434.77675,90.34106437125
2018-04-27,2018-04-26,5880,SELL,1385,17.1914,23810.089000000004,91.78789309500002
2018-04-27,2018-04-26,2412,BUY,375,112.55624999999999,42208.59375,36.08834765625
2018-04-27,2018-04-26,3045,BUY,384,109.05449999999999,41876.928,35.80477344
2018-04-27,2018-04-26,4904,BUY,539,77.53875,41793.386249999996,35.733345243749994
2018-04-27,2018-04-26,0050,SELL,318,79.5602,25300.1436,46.931766378
2018-04-30,2018-04-27,2880,SELL,980,17.841075000000004,17484.253500000003,67.40179724250001
2018-04-30,2018-04-27,2886,SELL,672,25.987000000000002,17463.264000000003,67.32088272000001
2018-04-30,2018-04-27,2892,SELL,855,20.3898,17433.279000000002,67.20529054500001
2018-04-30,2018-04-27,5880,SELL,1014,17.241375,17482.75425,67.39601763375
2018-04-30,2018-04-27,2412,BUY,273,113.0565,30864.4245,26.3890829475
2018-04-30,2018-04-27,3045,BUY,283,109.55475,31003.99425,26.50841508375
2018-04-30,2018-04-27,4904,BUY,397,77.73885,30862.32345,26.387286549749998
2018-04-30,2018-04-27,0050,SELL,249,79.61017500000001,19822.933575000003,36.771541781625004
2018-05-02,2018-04-30,2880,SELL,613,17.941025,10997.848324999999,42.396705292875
2018-05-02,2018-04-30,2886,SELL,419,26.1869,10972.3111,42.2982592905
2018-05-02,2018-04-30,2892,SELL,540,20.3898,11010.492,42.44544666
2018-05-02,2018-04-30,5880,SELL,638,17.29135,11031.881300000001,42.5279024115
2018-05-02,2018-04-30,2412,BUY,199,112.55624999999999,22398.69375,19.150883156249996
2018-05-02,2018-04-30,3045,BUY,206,110.05499999999999,22671.329999999998,19.383987149999996
2018-05-02,2018-04-30,4904,BUY,288,78.13904999999998,22504.046399999996,19.240959671999995
2018-05-02,2018-04-30,0050,SELL,193,80.009975,15441.925175,28.644771199624998
2018-05-09,2018-05-08,2880,BUY,1935,17.758875,34363.423125,29.380726771875
2018-05-09,2018-05-08,2886,BUY,1315,26.11305,34338.66075,29.35955494125
2018-05-09,2018-05-08,2892,BUY,1693,20.31015,34385.08395,29.39924677725
2018-05-09,2018-05-08,5880,BUY,1997,17.258625,34465.474125,29.467980376874998
2018-05-09,2018-05-08,2412,SELL,369,111.44425000000001,41122.928250000004,158.52888840375002
2018-05-09,2018-05-08,3045,SELL,376,109.94500000000001,41339.32,159.3630786
2018-05-09,2018-05-08,4904,SELL,538,76.7616,41297.7408,159.202790784
2018-05-09,2018-05-08,0050,SELL,144,79.96000000000001,11514.240000000002,21.358915200000002
2018-05-10,2018-05-09,2880,BUY,2203,17.758875,39122.801625,33.449995389375
2018-05-10,2018-05-09,2886,BUY,1495,26.163074999999996,39113.79712499999,33.44229654187499
2018-05-10,2018-05-09,2892,BUY,1926,20.31015,39117.3489,33.44533330949999
2018-05-10,2018-05-09,5880,BUY,2267,17.30865,39238.70955,33.54909666525
2018-05-10,2018-05-09,2412,SELL,512,109.44525,56035.968,216.01865664
2018-05-10,2018-05-09,3045,SELL,520,108.44575,56391.79,217.39035045
2018-05-10,2018-05-09,4904,SELL,752,74.86255000000001,56296.63760000001,217.02353794800004
2018-05-10,2018-05-09,0050,BUY,91,80.74034999999999,7347.3718499999995,6.282002931749999
2018-05-11,2018-05-10,2880,BUY,1797,17.8089,32002.593300000004,27.362217271500004
2018-05-11,2018-05-10,2886,BUY,1226,26.163074999999996,32075.929949999994,27.424920107249996
2018-05-11,2018-05-10,2892,BUY,1572,20.410199999999996,32084.834399999992,27.43253341199999
2018-05-11,2018-05-10,5880,BUY,1855,17.30865,32107.54575,27.45195161625
2018-05-11,2018-05-10,2412,SELL,466,108.94550000000001,50768.603,195.712964565
2018-05-11,2018-05-10,3045,SELL,469,107.94600000000001,50626.674000000006,195.16582827000002
2018-05-11,2018-05-10,4904,SELL,680,74.36280000000001,50566.704000000005,194.93464392
2018-05-11,2018-05-10,0050,BUY,215,81.14054999999999,17445.218249999998,14.915661603749998
2018-05-14,2018-05-11,2880,BUY,1255,17.858925,22412.950875,19.163072998125
2018-05-14,2018-05-11,2886,BUY,848,26.463224999999998,22440.814799999996,19.186896653999995
2018-05-14,2018-05-11,2892,BUY,1087,20.6103,22403.396099999998,19.154903665499997
2018-05-14,2018-05-11,5880,BUY,1291,17.358675,22410.049425,19.160592258375
2018-05-14,2018-05-11,2412,SELL,374,108.94550000000001,40745.617000000006,157.07435353500003
2018-05-14,2018-05-11,3045,SELL,381,107.44625,40937.021250000005,157.81221691875
2018-05-14,2018-05-11,4904,SELL,543,74.9625,40704.637500000004,156.9163775625
2018-05-14,2018-05-11,0050,BUY,325,82.041,26663.325,22.797142875
2018-05-15,2018-05-14,2880,BUY,723,17.908949999999997,12948.170849999999,11.070686076749999
2018-05-15,2018-05-14,2886,BUY,488,26.6133,12987.2904,11.104133292
2018-05-15,2018-05-14,2892,BUY,625,20.8104,13006.5,11.1205575
2018-05-15,2018-05-14,5880,BUY,741,17.50875,12973.98375,11.092756106249999
2018-05-15,2018-05-14,2412,SELL,288,108.94550000000001,31376.304000000004,120.95565192000001
2018-05-15,2018-05-14,3045,SELL,293,106.9465,31335.3245,120.7976759475
2018-05-15,2018-05-14,4904,SELL,421,75.3623,31727.5283,122.30962159650001
2018-05-15,2018-05-14,0050,BUY,465,82.39117499999999,38311.896375,32.756671400624995
2018-05-16,2018-05-15,2880,BUY,568,17.908949999999997,10172.283599999999,8.697302478
2018-05-16,2018-05-15,2886,BUY,389,26.413199999999996,10274.734799999998,8.784898253999998
2018-05-16,2018-05-15,2892,BUY,498,20.560275,10239.016950000001,8.75435949225
2018-05-16,2018-05-15,5880,BUY,586,17.50875,10260.127499999999,8.772409012499999
2018-05-16,2018-05-15,2412,SELL,226,108.44575,24508.7395,94.4811907725
2018-05-16,2018-05-15,3045,SELL,229,107.44625,24605.19125,94.85301226874999
2018-05-16,2018-05-15,4904,SELL,327,74.9625,24512.737500000003,94.49660306250001
2018-05-16,2018-05-15,0050,BUY,464,81.490725,37811.6964,32.329000422
2018-05-17,2018-05-16,2880,BUY,279,17.908949999999997,4996.597049999999,4.272090477749999
2018-05-17,2018-05-16,2886,BUY,189,26.463224999999998,5001.549524999999,4.276324843874999
2018-05-17,2018-05-16,2892,BUY,242,20.660324999999997,4999.798649999999,4.274827845749999
2018-05-17,2018-05-16,5880,BUY,285,17.558775,5004.250875000001,4.278634498125
2018-05-17,2018-05-16,2412,SELL,170,108.44575,18435.7775,71.0699222625
2018-05-17,2018-05-16,3045,SELL,171,107.44625,18373.30875,70.82910523125
2018-05-17,2018-05-16,4904,SELL,245,74.9625,18365.8125,70.80020718749999
2018-05-17,2018-05-16,0050,BUY,435,81.99097499999999,35666.074125,30.494493376875
2018-05-31,2018-05-30,2880,BUY,774,17.708849999999998,13706.649899999999,11.719185664499998
2018-05-31,2018-05-30,2886,BUY,519,26.413199999999996,13708.450799999999,11.720725433999998
2018-05-31,2018-05-30,2892,BUY,665,20.560275,13672.582875,11.690058358125
2018-05-31,2018-05-30,5880,BUY,768,17.858925,13715.6544,11.726884512
2018-05-31,2018-05-30,2412,SELL,134,108.94550000000001,14598.697000000002,56.277976935000005
2018-05-31,2018-05-30,3045,SELL,133,109.44525,14556.21825,56.11422135375
2018-05-31,2018-05-30,4904,SELL,192,76.1619,14623.0848,56.371991904
2018-05-31,2018-05-30,0050,BUY,11,80.84039999999999,889.2443999999998,0.7603039619999998
2018-06-14,2018-06-13,2880,SELL,112,17.941025,2009.3948,7.746216954
2018-06-14,2018-06-13,2886,SELL,75,26.68665,2001.49875,7.71577768125
2018-06-14,2018-06-13,2892,SELL,97,20.7896,2016.5912,7.773959076
2018-06-14,2018-06-13,5880,SELL,112,17.991,2014.992,7.767794159999999
2018-06-14,2018-06-13,2412,BUY,203,109.55475,22239.61425,19.01487018375
2018-06-14,2018-06-13,3045,BUY,201,110.55525,22221.60525,18.99947248875
2018-06-14,2018-06-13,4904,BUY,287,77.33864999999999,22196.192549999996,18.977744630249997
2018-06-14,2018-06-13,0050,SELL,543,82.45875000000001,44775.10125000001,83.05781281875001
2018-06-20,2018-06-19,2880,SELL,562,17.5912,9886.2544,38.111510712
2018-06-20,2018-06-19,2886,SELL,375,26.436775,9913.790625,38.217662859375
2018-06-20,2018-06-19,2892,SELL,485,20.3898,9889.053,38.122299315
2018-06-20,2018-06-19,5880,SELL,560,17.641175,9879.058,38.083768590000005
2018-06-20,2018-06-19,2412,BUY,180,109.55475,19719.855,16.860476025
2018-06-20,2018-06-19,3045,BUY,179,110.05499999999999,19699.844999999998,16.843367474999997
2018-06-20,2018-06-19,4904,BUY,260,75.63779999999998,19665.827999999998,16.81428294
2018-06-20,2018-06-19,0050,SELL,153,80.60967500000001,12333.280275000001,22.878234910125002
2018-06-27,2018-06-26,2880,SELL,2769,17.5912,48710.0328,187.777176444
2018-06-27,2018-06-26,2886,SELL,1824,26.68665,48676.4496,187.647713208
2018-06-27,2018-06-26,2892,SELL,2388,20.3898,48690.8424,187.703197452
2018-06-27,2018-06-26,5880,SELL,2746,17.69115,48579.8979,187.27550640450002
2018-06-27,2018-06-26,2412,BUY,729,109.55475,79865.41275,68.28492790125
2018-06-27,2018-06-26,3045,BUY,723,110.55525,79931.44575,68.34138611624999
2018-06-27,2018-06-26,4904,BUY,1021,77.8389,79473.5169,67.9498569495
2018-06-27,2018-06-26,0050,SELL,398,80.709625,32122.43075,59.587109041249995
2018-06-28,2018-06-27,2880,SELL,2375,17.49125,41541.71875,160.14332578124998
2018-06-28,2018-06-27,2886,SELL,1560,26.536725,41397.291,159.586556805
2018-06-28,2018-06-27,2892,SELL,2043,20.28985,41452.163550000005,159.79809048525001
2018-06-28,2018-06-27,5880,SELL,2355,17.5912,41427.276,159.70214897999998
2018-06-28,2018-06-27,2412,BUY,621,109.55475,68033.49975,58.16864228625
2018-06-28,2018-06-27,3045,BUY,615,110.55525,67991.47875,58.13271433124999
2018-06-28,2018-06-27,4904,BUY,865,78.2391,67676.82149999999,57.86368238249999
2018-06-28,2018-06-27,0050,SELL,324,80.009975,25923.2319,48.087595174499995
2018-06-29,2018-06-28,2880,SELL,1855,17.49125,32446.268750000003,125.08036603125001
2018-06-29,2018-06-28,2886,SELL,1234,26.28685,32437.9729,125.0483855295
2018-06-29,2018-06-28,2892,SELL,1595,20.339825,32442.020875000002,125.063990473125
2018-06-29,2018-06-28,5880,SELL,1840,17.5912,32367.808,124.77789984
2018-06-29,2018-06-28,2412,BUY,470,110.05499999999999,51725.85,44.225601749999996
2018-06-29,2018-06-28,3045,BUY,465,110.05499999999999,51175.575,43.75511662499999
2018-06-29,2018-06-28,4904,BUY,656,78.53925,51521.748,44.05109454
2018-06-29,2018-06-28,0050,SELL,250,80.25985,20064.9625,37.2205054375
2018-07-03,2018-07-02,2880,BUY,1411,17.558775,24775.431525,21.182993953875
2018-07-03,2018-07-02,2886,BUY,937,26.463224999999998,24796.041824999997,21.200615760374998
2018-07-03,2018-07-02,2892,BUY,1223,20.31015,24839.31345,21.23761299975
2018-07-03,2018-07-02,5880,BUY,1407,17.658824999999997,24845.966774999994,21.243301592624995
2018-07-03,2018-07-02,2412,SELL,450,109.94500000000001,49475.25,190.72708875
2018-07-03,2018-07-02,3045,SELL,448,109.94500000000001,49255.36,189.8794128
2018-07-03,2018-07-02,4904,SELL,637,77.26135000000001,49215.47995000001,189.72567520725002
2018-07-03,2018-07-02,0050,BUY,560,81.34065,45550.763999999996,38.94590322
2018-07-04,2018-07-03,2880,SELL,1011,17.49125,17683.65375,68.17048520625
2018-07-04,2018-07-03,2886,SELL,670,26.3868,17679.156,68.15314638
2018-07-04,2018-07-03,2892,SELL,876,20.1899,17686.3524,68.180888502
2018-07-04,2018-07-03,5880,SELL,1005,17.5912,17679.156,68.15314638
2018-07-04,2018-07-03,2412,BUY,254,111.0555,28208.096999999998,24.117922934999996
2018-07-04,2018-07-03,3045,BUY,255,110.55525,28191.58875,24.103808381249998
2018-07-04,2018-07-03,4904,BUY,360,78.33914999999999,28202.093999999997,24.112790369999995
2018-07-04,2018-07-03,0050,SELL,145,81.10942500000002,11760.866625000002,21.816407589375004
2018-07-05,2018-07-04,2880,SELL,1196,17.5912,21039.0752,81.105634896
2018-07-05,2018-07-04,2886,SELL,794,26.636675,21149.51995,81.53139940725
2018-07-05,2018-07-04,2892,SELL,1037,20.339825,21092.398525,81.311196313875
2018-07-05,2018-07-04,5880,SELL,1193,17.69115,21105.54195,81.36186421724999
2018-07-05,2018-07-04,2412,BUY,331,111.55574999999999,36924.95325,31.570835028749997
2018-07-05,2018-07-04,3045,BUY,332,111.0555,36870.426,31.52421423
2018-07-05,2018-07-04,4904,BUY,467,78.8394,36817.9998,31.479389828999995
2018-07-05,2018-07-04,0050,SELL,248,81.40927500000001,20189.500200000002,37.451522871
2018-07-06,2018-07-05,2880,SELL,1122,17.5912,19737.3264,76.087393272
2018-07-06,2018-07-05,2886,SELL,745,26.336825000000005,19620.934625,75.63870297937501
2018-07-06,2018-07-05,2892,SELL,977,20.1899,19725.532300000003,76.04192701650001
2018-07-06,2018-07-05,5880,SELL,1122,17.5912,19737.3264,76.087393272
2018-07-06,2018-07-05,2412,BUY,297,111.55574999999999,33132.05775,28.32790937625
2018-07-06,2018-07-05,3045,BUY,301,110.55525,33277.13025,28.45194636375
2018-07-06,2018-07-05,4904,BUY,422,78.2391,33016.9002,28.229449670999994
2018-07-06,2018-07-05,0050,SELL,218,81.05945,17670.9601,32.7796309855
2018-07-09,2018-07-06,2880,SELL,944,17.641175,16653.2692,64.198352766
2018-07-09,2018-07-06,2886,SELL,626,26.636675,16674.55855,64.28042321025
2018-07-09,2018-07-06,2892,SELL,818,20.3898,16678.8564,64.296991422
2018-07-09,2018-07-06,5880,SELL,941,17.69115,16647.37215,64.17561963825
2018-07-09,2018-07-06,2412,BUY,246,112.056,27565.775999999998,23.568738479999997
2018-07-09,2018-07-06,3045,BUY,248,111.0555,27541.764,23.54820822
2018-07-09,2018-07-06,4904,BUY,349,79.03949999999999,27584.785499999998,23.584991602499997
2018-07-09,2018-07-06,0050,SELL,176,81.709125,14380.806,26.67639513
2018-07-10,2018-07-09,2880,SELL,687,17.741125,12188.152875,46.985329333125
2018-07-10,2018-07-09,2886,SELL,455,26.68665,12142.42575,46.80905126625
2018-07-10,2018-07-09,2892,SELL,594,20.48975,12170.9115,46.9188638325
2018-07-10,2018-07-09,5880,SELL,685,17.69115,12118.437750000001,46.716577526250006
2018-07-10,2018-07-09,2412,BUY,181,112.056,20282.136,17.341226279999997
2018-07-10,2018-07-09,3045,BUY,182,107.0535,19483.737,16.658595135
2018-07-10,2018-07-09,4904,BUY,257,79.03949999999999,20313.151499999996,17.367744532499994
2018-07-10,2018-07-09,0050,SELL,137,82.608675,11317.388475000002,20.993755621125
2018-07-13,2018-07-12,2880,SELL,313,17.741125,5552.972125,21.406707541875
2018-07-13,2018-07-12,2886,SELL,206,26.836575000000003,5528.33445,21.31172930475
2018-07-13,2018-07-12,2892,SELL,269,20.589700000000004,5538.629300000001,21.351415951500005
2018-07-13,2018-07-12,5880,SELL,312,17.841075000000004,5566.415400000001,21.458531367000003
2018-07-13,2018-07-12,2412,BUY,182,111.55574999999999,20303.1465,17.3591902575
2018-07-13,2018-07-12,3045,BUY,193,105.0525,20275.1325,17.335238287499998
2018-07-13,2018-07-12,4904,BUY,274,73.8369,20231.3106,17.297770563
2018-07-13,2018-07-12,0050,SELL,35,82.9585,2903.5475,5.3860806125
2018-07-16,2018-07-13,2880,BUY,1261,17.8089,22457.0229,19.2007545795
2018-07-16,2018-07-13,2886,BUY,831,27.11355,22531.36005,19.264312842749998
2018-07-16,2018-07-13,2892,BUY,1087,20.71035,22512.150449999997,19.247888634749998
2018-07-16,2018-07-13,5880,BUY,1258,17.858925,22466.52765,19.208881140749998
2018-07-16,2018-07-13,2412,SELL,599,111.44425000000001,66755.10575,257.34093266625
2018-07-16,2018-07-13,3045,SELL,637,105.44725000000001,67169.89825000001,258.93995775375004
2018-07-16,2018-07-13,4904,SELL,917,73.06345,66999.18365,258.28185297075004
2018-07-16,2018-07-13,0050,BUY,1402,83.34164999999999,116844.99329999999,99.90246927149998
2018-07-17,2018-07-16,2880,BUY,1515,17.708849999999998,26828.90775,22.938716126249997
2018-07-17,2018-07-16,2886,BUY,1000,26.813399999999998,26813.399999999998,22.925456999999998
2018-07-17,2018-07-16,2892,BUY,1302,20.6103,26834.6106,22.943592063
2018-07-17,2018-07-16,5880,BUY,1149,17.908949999999997,20577.38355,17.59366293525
2018-07-17,2018-07-16,2412,SELL,604,111.44425000000001,67312.327,259.489020585
2018-07-17,2018-07-16,3045,SELL,638,105.44725000000001,67275.34550000001,259.34645690250005
2018-07-17,2018-07-16,4904,SELL,924,72.96350000000001,67418.274,259.89744627
2018-07-17,2018-07-16,0050,BUY,1127,82.89142499999998,93418.63597499998,79.87293375862498
2018-07-19,2018-07-18,2880,BUY,316,17.8089,5627.6124,4.811608602
2018-07-19,2018-07-18,2886,BUY,208,27.013499999999997,5618.807999999999,4.804080839999999
2018-07-19,2018-07-18,2892,BUY,271,20.71035,5612.504849999999,4.798691646749999
2018-07-19,2018-07-18,5880,BUY,311,18.10905,5631.9145499999995,4.815286940249999
2018-07-19,2018-07-18,2412,SELL,406,111.944,45449.264,175.20691272000002
2018-07-19,2018-07-18,3045,SELL,432,105.44725000000001,45553.21200000001,175.60763226000003
2018-07-19,2018-07-18,4904,SELL,616,73.96300000000001,45561.208000000006,175.63845684000003
2018-07-19,2018-07-18,0050,BUY,1462,83.14155,121552.94609999999,103.92776891549998
2018-07-20,2018-07-19,2880,BUY,644,17.858925,11501.1477,9.8334812835
2018-07-20,2018-07-19,2886,BUY,428,26.863425,11497.5459,9.8304017445
2018-07-20,2018-07-19,2892,BUY,558,20.660324999999997,11528.461349999998,9.856834454249997
2018-07-20,2018-07-19,5880,BUY,637,18.059025,11503.598924999998,9.835577080874998
2018-07-20,2018-07-19,2412,SELL,421,111.44425000000001,46918.02925000001,180.86900275875
2018-07-20,2018-07-19,3045,SELL,447,104.9475,46911.5325,180.8439577875
2018-07-20,2018-07-19,4904,SELL,640,73.26335,46888.544,180.75533712
2018-07-20,2018-07-19,0050,BUY,1143,84.042,96060.00600000001,82.13130513
2018-07-23,2018-07-20,2880,BUY,538,17.858925,9608.10165,8.21492691075
2018-07-23,2018-07-20,2886,BUY,358,26.963475,9652.92405,8.253250062749999
2018-07-23,2018-07-20,2892,BUY,465,20.71035,9630.31275,8.233917401249998
2018-07-23,2018-07-20,5880,BUY,533,18.009,9598.797,8.206971435
2018-07-23,2018-07-20,2412,SELL,343,105.947,36339.821,140.090009955
2018-07-23,2018-07-20,3045,SELL,364,104.9475,38200.89,147.26443095
2018-07-23,2018-07-20,4904,SELL,524,73.06345,38285.247800000005,147.58963026900003
2018-07-23,2018-07-20,0050,BUY,877,84.34214999999999,73968.06554999998,63.242696045249986
2018-07-24,2018-07-23,2880,BUY,406,17.908949999999997,7271.033699999999,6.2167338134999985
2018-07-24,2018-07-23,2886,BUY,270,27.013499999999997,7293.6449999999995,6.236066474999999
2018-07-24,2018-07-23,2892,BUY,351,20.71035,7269.33285,6.2152795867499995
2018-07-24,2018-07-23,5880,BUY,404,18.059025,7295.8461,6.237948415499999
2018-07-24,2018-07-23,2412,SELL,260,106.9465,27806.09,107.19247695
2018-07-24,2018-07-23,3045,SELL,263,105.44725000000001,27732.626750000003,106.90927612125002
2018-07-24,2018-07-23,4904,SELL,379,73.06345,27691.047550000003,106.74898830525001
2018-07-24,2018-07-23,0050,BUY,720,84.492225,60834.402,52.01341371
2018-07-25,2018-07-24,2880,BUY,333,17.958975,5980.338675,5.113189567125
2018-07-25,2018-07-24,2886,BUY,220,27.11355,5964.981,5.100058754999999
2018-07-25,2018-07-24,2892,BUY,286,20.910449999999997,5980.3886999999995,5.1132323385
2018-07-25,2018-07-24,5880,BUY,330,18.159074999999998,5992.494749999999,5.123583011249999
2018-07-25,2018-07-24,2412,SELL,207,105.44725000000001,21827.58075,84.14532379125001
2018-07-25,2018-07-24,3045,SELL,206,105.947,21825.082000000002,84.13569111000001
2018-07-25,2018-07-24,4904,SELL,299,73.36330000000001,21935.626700000004,84.56184092850002
2018-07-25,2018-07-24,0050,BUY,502,84.09202499999999,42214.19654999999,36.09313805024999
2018-08-10,2018-08-09,2880,BUY,1085,18.509249999999998,20082.536249999997,17.170568493749997
2018-08-10,2018-08-09,2886,BUY,770,26.163074999999996,20145.56775,17.224460426249998
2018-08-10,2018-08-09,2892,BUY,940,20.410199999999996,19185.587999999996,16.403677739999996
2018-08-10,2018-08-09,5880,BUY,1062,18.909449999999996,20081.835899999995,17.169969694499994
2018-08-10,2018-08-09,2412,SELL,141,106.9465,15079.4565,58.1313048075
2018-08-10,2018-08-09,3045,SELL,144,105.44725000000001,15184.404000000002,58.535877420000006
2018-08-10,2018-08-09,4904,SELL,211,71.5642,15100.0462,58.210678101
2018-08-10,2018-08-09,0050,BUY,94,85.74285,8059.8279,6.8911528545
2018-08-13,2018-08-10,2880,BUY,1272,18.759375,23861.925,20.401945875
2018-08-13,2018-08-10,2886,BUY,905,26.263125,23768.128125,20.321749546874997
2018-08-13,2018-08-10,2892,BUY,1164,20.51025,23873.931,20.412211005
2018-08-13,2018-08-10,5880,BUY,1259,18.959474999999998,23869.979024999997,20.408832066375
2018-08-13,2018-08-10,2412,SELL,118,106.9465,12619.687,48.648893385
2018-08-13,2018-08-10,3045,SELL,120,105.947,12713.64,49.0110822
2018-08-13,2018-08-10,4904,SELL,177,71.7641,12702.2457,48.9671571735
2018-08-13,2018-08-10,0050,SELL,156,85.007475,13261.1661,24.5994631155
2018-08-14,2018-08-13,2880,SELL,328,18.540725000000002,6081.357800000001,23.443634319
2018-08-14,2018-08-13,2886,SELL,232,26.08695,6052.1724,23.331124602000003
2018-08-14,2018-08-13,2892,SELL,298,20.3898,6076.160400000001,23.423598342000002
2018-08-14,2018-08-13,5880,SELL,323,18.7906,6069.3638,23.397397449
2018-08-14,2018-08-13,2412,BUY,357,107.0535,38218.0995,32.6764750725
2018-08-14,2018-08-13,3045,BUY,360,106.053,38179.08,32.6431134
2018-08-14,2018-08-13,4904,BUY,533,71.4357,38075.2281,32.5543200255
2018-08-14,2018-08-13,0050,SELL,924,84.35780000000001,77946.60720000001,144.59095635600002
2018-08-16,2018-08-15,2880,SELL,472,17.341325,8185.1054,31.553581317
2018-08-16,2018-08-15,2886,SELL,343,25.487250000000003,8742.126750000001,33.700898621250005
2018-08-16,2018-08-15,2892,SELL,435,20.139924999999998,8760.867375,33.773143730625
2018-08-16,2018-08-15,5880,SELL,470,18.640674999999998,8761.11725,33.77410699875
2018-08-16,2018-08-15,2412,BUY,256,106.55324999999999,27277.631999999998,23.32237536
2018-08-16,2018-08-15,3045,BUY,259,105.55274999999999,27338.162249999998,23.374128723749998
2018-08-16,2018-08-15,4904,BUY,386,70.93545,27381.083700000003,23.410826563500002
2018-08-16,2018-08-15,0050,SELL,935,83.208375,77799.830625,144.31868580937498
2018-08-17,2018-08-16,2880,SELL,429,17.49125,7503.74625,28.92694179375
2018-08-17,2018-08-16,2886,SELL,295,25.487250000000003,7518.738750000001,28.984737881250005
2018-08-17,2018-08-16,2892,SELL,372,20.1899,7510.6428000000005,28.953527994
2018-08-17,2018-08-16,5880,SELL,401,18.7906,7535.030600000001,29.047542963
2018-08-17,2018-08-16,2412,BUY,304,106.55324999999999,32392.188,27.695320739999996
2018-08-17,2018-08-16,3045,BUY,308,105.55274999999999,32510.246999999996,27.796261184999995
2018-08-17,2018-08-16,4904,BUY,461,70.13504999999999,32332.258049999997,27.644080632749997
2018-08-17,2018-08-16,0050,SELL,648,83.90802500000001,54372.400200000004,100.860802371
2018-08-20,2018-08-17,2880,SELL,391,17.641175,6897.699425,26.590631283375
2018-08-20,2018-08-17,2886,SELL,268,25.587200000000003,6857.369600000001,26.435159808
2018-08-20,2018-08-17,2892,SELL,339,20.28985,6878.259150000001,26.51568902325
2018-08-20,2018-08-17,5880,SELL,367,18.740625,6877.809375000001,26.513955140625
2018-08-20,2018-08-17,2412,BUY,304,107.0535,32544.264,27.825345719999998
2018-08-20,2018-08-17,3045,BUY,307,106.053,32558.271,27.837321705
2018-08-20,2018-08-17,4904,BUY,463,70.93545,32843.11335,28.080861914249997
2018-08-20,2018-08-17,0050,SELL,801,83.85805,67170.29805,124.60090288274999
2018-08-21,2018-08-20,2880,SELL,283,17.741125,5020.738375,19.354946435625
2018-08-21,2018-08-20,2886,SELL,197,25.637175,5050.523475,19.469767996125
2018-08-21,2018-08-20,2892,SELL,247,20.3898,5036.2806,19.414861713
2018-08-21,2018-08-20,5880,SELL,266,17.841075000000004,4745.725950000001,18.294773537250002
2018-08-21,2018-08-20,2412,BUY,268,107.0535,28690.338,24.530238989999997
2018-08-21,2018-08-20,3045,BUY,270,106.053,28634.309999999998,24.482335049999996
2018-08-21,2018-08-20,4904,BUY,404,71.4357,28860.0228,24.675319493999996
2018-08-21,2018-08-20,0050,SELL,780,83.85805,65409.279,121.334212545
2018-08-22,2018-08-21,2880,BUY,173,17.958975,3106.902675,2.6564017871249996
2018-08-22,2018-08-21,2886,BUY,119,25.91295,3083.6410499999997,2.6365130977499995
2018-08-22,2018-08-21,2892,BUY,151,20.460224999999998,3089.493975,2.641517348625
2018-08-22,2018-08-21,5880,BUY,170,18.2091,3095.547,2.646692685
2018-08-22,2018-08-21,2412,BUY,230,107.55375,24737.3625,21.150444937499998
2018-08-22,2018-08-21,3045,BUY,235,106.55324999999999,25040.01375,21.40921175625
2018-08-22,2018-08-21,4904,BUY,350,71.4357,25002.495,21.377133224999998
2018-08-22,2018-08-21,0050,SELL,683,84.65765,57821.17495,107.25827953225
2018-08-23,2018-08-22,2880,SELL,81,17.991,1457.271,5.617779704999999
2018-08-23,2018-08-22,2886,SELL,56,25.987000000000002,1455.2720000000002,5.610073560000001
2018-08-23,2018-08-22,2892,SELL,71,20.539725,1458.320475,5.621825431125
2018-08-23,2018-08-22,5880,SELL,80,18.240875000000003,1459.2700000000002,5.6254858500000005
2018-08-23,2018-08-22,2412,BUY,200,108.05399999999999,21610.8,18.477234
2018-08-23,2018-08-22,3045,BUY,202,107.0535,21624.807,18.489209985
2018-08-23,2018-08-22,4904,BUY,301,72.2361,21743.066099999996,18.590321515499998
2018-08-23,2018-08-22,0050,SELL,609,84.7576,51617.3784,95.75023693199999
2018-08-24,2018-08-23,2880,BUY,1617,17.908949999999997,28958.772149999997,24.759750188249996
2018-08-24,2018-08-23,2886,BUY,1112,26.11305,29037.711600000002,24.827243418000002
2018-08-24,2018-08-23,2892,BUY,1412,20.51025,28960.472999999998,24.761204414999998
2018-08-24,2018-08-23,5880,BUY,1595,18.2091,29043.514499999997,24.832204897499995
2018-08-24,2018-08-23,2412,SELL,394,107.94600000000001,42530.724,163.95594102
2018-08-24,2018-08-23,3045,SELL,397,106.9465,42457.7605,163.67466672749998
2018-08-24,2018-08-23,4904,SELL,593,71.86405,42615.38165,164.28229626075
2018-08-24,2018-08-23,0050,BUY,113,85.04249999999999,9609.802499999998,8.216381137499997
2018-08-28,2018-08-27,2880,BUY,996,17.858925,17787.4893,15.2083033515
2018-08-28,2018-08-27,2886,BUY,687,25.91295,17802.196649999998,15.220878135749997
2018-08-28,2018-08-27,2892,BUY,871,20.460224999999998,17820.855975,15.236831858624997
2018-08-28,2018-08-27,5880,BUY,985,18.059025,17788.139625,15.208859379375
2018-08-28,2018-08-27,2412,SELL,258,108.44575,27979.003500000003,107.85905849250001
2018-08-28,2018-08-27,3045,SELL,259,107.44625,27828.57875,107.27917108125
2018-08-28,2018-08-27,4904,SELL,383,72.66365,27830.17795,107.28533599725
2018-08-28,2018-08-27,0050,BUY,126,85.992975,10835.11485,9.26402319675
2018-08-29,2018-08-28,2880,BUY,1039,17.908949999999997,18607.399049999996,15.909326187749997
2018-08-29,2018-08-28,2886,BUY,718,25.91295,18605.4981,15.9077008755
2018-08-29,2018-08-28,2892,BUY,909,20.460224999999998,18598.344524999997,15.901584568874997
2018-08-29,2018-08-28,5880,BUY,1025,18.159074999999998,18613.051874999997,15.914159353124997
2018-08-29,2018-08-28,2412,SELL,354,108.44575,38389.7955,147.9926616525
2018-08-29,2018-08-28,3045,SELL,357,106.9465,38179.9005,147.18351642750002
2018-08-29,2018-08-28,4904,SELL,525,73.16340000000001,38410.785,148.073576175
2018-08-29,2018-08-28,0050,BUY,432,86.493225,37365.0732,31.947137585999997
2018-08-30,2018-08-29,2880,BUY,715,17.958975,12840.667125,10.978770391874999
2018-08-30,2018-08-29,2886,BUY,498,25.862925,12879.73665,11.01217483575
2018-08-30,2018-08-29,2892,BUY,628,20.460224999999998,12849.021299999999,10.985913211499998
2018-08-30,2018-08-29,5880,BUY,709,18.159074999999998,12874.784174999999,11.007940469624998
2018-08-30,2018-08-29,2412,SELL,303,107.94600000000001,32707.638000000003,126.08794449000001
2018-08-30,2018-08-29,3045,SELL,306,107.44625,32878.552500000005,126.74681988750002
2018-08-30,2018-08-29,4904,SELL,454,72.36380000000001,32853.1652,126.648951846
2018-08-30,2018-08-29,0050,BUY,574,87.84389999999999,50422.39859999999,43.111150802999994
2018-08-31,2018-08-30,2880,SELL,82,17.941025,1471.16405,5.67133741275
2018-08-31,2018-08-30,2886,SELL,57,25.787100000000002,1469.8647,5.6663284185
2018-08-31,2018-08-30,2892,SELL,72,20.3898,1468.0656000000001,5.659392888
2018-08-31,2018-08-30,5880,SELL,82,18.090950000000003,1483.4579000000003,5.718730204500001
2018-08-31,2018-08-30,2412,SELL,244,107.44625,26216.885000000002,101.06609167500001
2018-08-31,2018-08-30,3045,SELL,245,106.9465,26201.8925,101.0082955875
2018-08-31,2018-08-30,4904,SELL,361,72.46375,26159.413750000003,100.84454000625001
2018-08-31,2018-08-30,0050,BUY,978,87.0435,85128.54299999999,72.784904265
2018-09-03,2018-08-31,2880,BUY,642,17.958975,11529.66195,9.85786096725
2018-09-03,2018-08-31,2886,BUY,448,25.8129,11564.179199999999,9.887373215999999
2018-09-03,2018-08-31,2892,BUY,562,20.51025,11526.7605,9.8553802275
2018-09-03,2018-08-31,5880,BUY,633,18.2091,11526.3603,9.8550380565
2018-09-03,2018-08-31,2412,SELL,184,107.94600000000001,19862.064000000002,76.56825672000001
2018-09-03,2018-08-31,3045,SELL,186,107.44625,19985.002500000002,77.04218463750001
2018-09-03,2018-08-31,4904,SELL,272,72.5637,19737.326399999998,76.08739327199999
2018-09-03,2018-08-31,0050,BUY,134,86.993475,11657.12565,9.966842430749999
2018-09-06,2018-09-05,2880,SELL,1583,17.741125,28084.200875,108.264594373125
2018-09-06,2018-09-05,2886,SELL,1096,25.587200000000003,28043.571200000002,108.107966976
2018-09-06,2018-09-05,2892,SELL,1385,20.339825,28170.657625,108.597885144375
2018-09-06,2018-09-05,5880,SELL,1566,17.991,28173.906,108.61040763
2018-09-06,2018-09-05,2412,SELL,47,107.44625,5049.97375,19.46764880625
2018-09-06,2018-09-05,3045,SELL,48,106.44675000000001,5109.444,19.69690662
2018-09-06,2018-09-05,4904,SELL,71,71.7641,5095.2510999999995,19.642192990499996
2018-09-06,2018-09-05,0050,BUY,2,86.94345,173.8869,0.1486732995
2018-09-11,2018-09-10,2880,SELL,2369,17.7911,42147.1159,162.4771317945
2018-09-11,2018-09-10,2886,SELL,1639,25.837075000000002,42346.965925000004,163.24755364087503
2018-09-11,2018-09-10,2892,SELL,2078,20.339825,42266.156350000005,162.93603272925
2018-09-11,2018-09-10,5880,SELL,2349,17.991,42260.859,162.915611445
2018-09-11,2018-09-10,2412,BUY,476,108.55425,51671.823,44.179408665
2018-09-11,2018-09-10,3045,BUY,481,108.05399999999999,51973.973999999995,44.437747769999994
2018-09-11,2018-09-10,4904,BUY,706,73.2366,51705.0396,44.20780885799999
2018-09-11,2018-09-10,0050,SELL,96,85.907025,8247.074400000001,15.298323012
2018-09-12,2018-09-11,2880,SELL,2171,17.7911,38624.4781,148.8973630755
2018-09-12,2018-09-11,2886,SELL,1490,25.987000000000002,38720.630000000005,149.26802865000002
2018-09-12,2018-09-11,2892,SELL,1900,20.3898,38740.62,149.3450901
2018-09-12,2018-09-11,5880,SELL,2147,18.040975000000003,38733.973325000006,149.31946716787502
2018-09-12,2018-09-11,2412,BUY,624,110.05499999999999,68674.31999999999,58.716543599999994
2018-09-12,2018-09-11,3045,BUY,633,108.05399999999999,68398.18199999999,58.48044560999998
2018-09-12,2018-09-11,4904,BUY,935,73.33664999999999,68569.76775,58.627151426249995
2018-09-12,2018-09-11,0050,SELL,578,85.807075,49596.489349999996,92.00148774424999
2018-09-13,2018-09-12,2880,SELL,1415,17.941025,25386.550375,97.86515169562499
2018-09-13,2018-09-12,2886,SELL,977,25.937025000000002,25340.473425,97.687525053375
2018-09-13,2018-09-12,2892,SELL,1245,20.3898,25385.301,97.86033535499999
2018-09-13,2018-09-12,5880,SELL,1403,18.040975000000003,25311.487925000005,97.57578595087502
2018-09-13,2018-09-12,2412,BUY,538,109.55475,58940.4555,50.3940894525
2018-09-13,2018-09-12,3045,BUY,543,108.55425,58944.95775,50.39793887625
2018-09-13,2018-09-12,4904,BUY,805,73.8369,59438.7045,50.8200923475
2018-09-13,2018-09-12,0050,SELL,708,85.75710000000001,60716.02680000001,112.628229714
2018-09-14,2018-09-13,2880,SELL,921,17.941025,16523.684025,63.698801916375
2018-09-14,2018-09-13,2886,SELL,635,26.036975,16533.479125,63.736562026875006
2018-09-14,2018-09-13,2892,SELL,806,20.539725,16555.018350000002,63.819595739250005
2018-09-14,2018-09-13,5880,SELL,913,18.140925,16562.664525,63.849071743875
2018-09-14,2018-09-13,2412,BUY,401,109.05449999999999,43730.854499999994,37.389880597499996
2018-09-14,2018-09-13,3045,BUY,403,109.05449999999999,43948.9635,37.5763637925
2018-09-14,2018-09-13,4904,BUY,593,74.13704999999999,43963.27064999999,37.58859640574999
2018-09-14,2018-09-13,0050,SELL,705,85.707125,60423.52312500001,112.085635396875
2018-09-17,2018-09-14,2880,BUY,674,18.009,12138.066,10.37804643
2018-09-17,2018-09-14,2886,BUY,468,26.063025,12197.4957,10.428858823499999
2018-09-17,2018-09-14,2892,BUY,594,20.460224999999998,12153.373649999998,10.391134470749998
2018-09-17,2018-09-14,5880,BUY,671,18.10905,12151.17255,10.38925253025
2018-09-17,2018-09-14,2412,SELL,332,108.94550000000001,36169.906,139.43498763
2018-09-17,2018-09-14,3045,SELL,329,109.44525,36007.48725,138.80886334874998
2018-09-17,2018-09-14,4904,SELL,487,74.06295,36068.65665,139.04467138574998
2018-09-17,2018-09-14,0050,BUY,661,86.54325,57205.08825,48.91035045375
2018-09-18,2018-09-17,2880,SELL,853,17.941025,15303.694325,58.995741622875
2018-09-18,2018-09-17,2886,SELL,580,26.3868,15304.344000000001,58.998246120000005
2018-09-18,2018-09-17,2892,SELL,751,20.3898,15312.739800000001,59.030611929
2018-09-18,2018-09-17,5880,SELL,846,18.090950000000003,15304.943700000002,59.00055796350001
2018-09-18,2018-09-17,2412,BUY,224,108.55425,24316.152,20.79030996
2018-09-18,2018-09-17,3045,BUY,223,109.05449999999999,24319.153499999997,20.792876242499997
2018-09-18,2018-09-17,4904,BUY,330,73.93695,24399.193499999998,20.861310442499995
2018-09-18,2018-09-17,0050,SELL,93,85.5572,7956.8196,14.759900358
2018-09-19,2018-09-18,2880,SELL,672,18.040975000000003,12123.535200000002,46.736228196000006
2018-09-19,2018-09-18,2886,SELL,452,26.786600000000004,12107.543200000002,46.674579036000004
2018-09-19,2018-09-18,2892,SELL,594,20.439775,12141.22635,46.80442757925
2018-09-19,2018-09-18,5880,SELL,670,18.090950000000003,12120.936500000002,46.7262102075
2018-09-19,2018-09-18,2412,BUY,282,110.05499999999999,31035.51,26.53536105
2018-09-19,2018-09-18,3045,BUY,284,109.05449999999999,30971.477999999996,26.480613689999995
2018-09-19,2018-09-18,4904,BUY,417,74.4372,31040.312400000003,26.539467102
2018-09-19,2018-09-18,0050,SELL,496,85.75710000000001,42535.52160000001,78.90339256800002
2018-09-20,2018-09-19,2880,BUY,1289,18.159074999999998,23407.047674999998,20.013025762124997
2018-09-20,2018-09-19,2886,BUY,866,27.013499999999997,23393.691,20.001605804999997
2018-09-20,2018-09-19,2892,BUY,1138,20.6103,23454.521399999998,20.053615797
2018-09-20,2018-09-19,5880,BUY,1285,18.2091,23398.693499999998,20.005882942499998
2018-09-20,2018-09-19,2412,SELL,340,109.94500000000001,37381.3,144.10491150000001
2018-09-20,2018-09-19,3045,SELL,343,108.94550000000001,37368.306500000006,144.05482155750002
2018-09-20,2018-09-19,4904,SELL,505,74.06295,37401.78975,144.18389948625
2018-09-20,2018-09-19,0050,BUY,249,86.493225,21536.813025,18.413975136374997
2018-09-25,2018-09-21,2880,BUY,1352,18.459225,24956.8722,21.338125731
2018-09-25,2018-09-21,2886,BUY,921,27.213599999999996,25063.725599999998,21.429485387999996
2018-09-25,2018-09-21,2892,BUY,1209,20.760375,25099.293375,21.459895835625
2018-09-25,2018-09-21,5880,BUY,1345,18.509249999999998,24894.941249999996,21.285174768749997
2018-09-25,2018-09-21,2412,SELL,306,109.44525,33490.2465,129.1049002575
2018-09-25,2018-09-21,3045,SELL,306,108.94550000000001,33337.323000000004,128.515380165
2018-09-25,2018-09-21,4904,SELL,453,74.16290000000001,33595.7937,129.5117847135
2018-09-25,2018-09-21,0050,SELL,86,86.60667500000001,7448.1740500000005,13.81636286275
2018-09-26,2018-09-25,2880,BUY,1671,18.459225,30845.364975,26.372787053625
2018-09-26,2018-09-25,2886,BUY,1129,27.31365,30837.110849999997,26.365729776749998
2018-09-26,2018-09-25,2892,BUY,1482,20.860425,30915.149849999998,26.432453121749997
2018-09-26,2018-09-25,5880,BUY,1658,18.6093,30854.2194,26.380357587
2018-09-26,2018-09-25,2412,SELL,447,109.94500000000001,49145.415,189.455574825
2018-09-26,2018-09-25,3045,SELL,449,108.94550000000001,48916.529500000004,188.57322122250002
2018-09-26,2018-09-25,4904,SELL,659,74.16290000000001,48873.35110000001,188.4067684905
2018-09-26,2018-09-25,0050,BUY,157,86.94345,13650.12165,11.670854010749999
2018-09-27,2018-09-26,2880,BUY,1411,18.359175,25904.795925000002,22.148600515875
2018-09-27,2018-09-26,2886,BUY,954,27.31365,26057.2221,22.278924895499998
2018-09-27,2018-09-26,2892,BUY,1252,20.71035,25929.3582,22.169601260999997
2018-09-27,2018-09-26,5880,BUY,1415,18.4092,26049.017999999996,22.271910389999995
2018-09-27,2018-09-26,2412,SELL,388,108.94550000000001,42270.85400000001,162.95414217
2018-09-27,2018-09-26,3045,SELL,390,108.94550000000001,42488.745,163.794111975
2018-09-27,2018-09-26,4904,SELL,582,73.16340000000001,42581.09880000001,164.15013587400003
2018-09-27,2018-09-26,0050,BUY,185,86.6433,16029.010499999999,13.704803977499997
2018-09-28,2018-09-27,2880,BUY,1324,18.4092,24373.780799999997,20.839582583999995
2018-09-28,2018-09-27,2886,BUY,897,27.263624999999998,24455.471625,20.909428239374996
2018-09-28,2018-09-27,2892,BUY,1169,20.860425,24385.836825,20.849890485375
2018-09-28,2018-09-27,5880,BUY,1316,18.6093,24489.8388,20.938812174
2018-09-28,2018-09-27,2412,SELL,305,109.94500000000001,33533.225000000006,129.27058237500003
2018-09-28,2018-09-27,3045,SELL,306,108.94550000000001,33337.323000000004,128.515380165
2018-09-28,2018-09-27,4904,SELL,457,72.96350000000001,33344.319500000005,128.54235167250002
2018-09-28,2018-09-27,0050,BUY,68,87.39367499999999,5942.769899999999,5.081068264499999
2018-10-01,2018-09-28,2880,BUY,1022,18.509249999999998,18916.4535,16.173567742499998
2018-10-01,2018-09-28,2886,BUY,687,27.513749999999998,18901.946249999997,16.16116404375
2018-10-01,2018-09-28,2892,BUY,909,20.8104,18916.6536,16.173738828
2018-10-01,2018-09-28,5880,BUY,1016,18.6093,18907.0488,16.165526724
2018-10-01,2018-09-28,2412,SELL,230,109.94500000000001,25287.350000000002,97.48273425000001
2018-10-01,2018-09-28,3045,SELL,231,109.44525,25281.852750000002,97.46154235125
2018-10-01,2018-09-28,4904,SELL,348,72.7636,25321.732799999998,97.615279944
2018-10-01,2018-09-28,0050,SELL,28,86.85655000000001,2431.9834000000005,4.511329207000001
2018-10-03,2018-10-02,2880,BUY,881,18.359175,16174.433175,13.829140364625
2018-10-03,2018-10-02,2886,BUY,595,27.063525,16102.797374999998,13.767891755624998
2018-10-03,2018-10-02,2892,BUY,784,20.6103,16158.475199999999,13.815496296
2018-10-03,2018-10-02,5880,BUY,876,18.509249999999998,16214.102999999997,13.863058064999997
2018-10-03,2018-10-02,2412,SELL,148,109.44525,16197.897,62.442892935
2018-10-03,2018-10-02,3045,SELL,149,108.94550000000001,16232.879500000001,62.5777504725
2018-10-03,2018-10-02,4904,SELL,222,73.16340000000001,16242.274800000003,62.61396935400001
2018-10-03,2018-10-02,0050,SELL,208,86.006975,17889.4508,33.184931234
2018-10-05,2018-10-04,2880,SELL,1172,18.090950000000003,21202.593400000005,81.73599755700002
2018-10-05,2018-10-04,2886,SELL,779,27.236375000000002,21217.136125,81.792059761875
2018-10-05,2018-10-04,2892,SELL,1038,20.439775,21216.48645,81.78955526474999
2018-10-05,2018-10-04,5880,SELL,1166,18.1909,21210.5894,81.766822137
2018-10-05,2018-10-04,2412,BUY,463,108.05399999999999,50029.00199999999,42.77479670999999
2018-10-05,2018-10-04,3045,BUY,463,108.05399999999999,50029.00199999999,42.77479670999999
2018-10-05,2018-10-04,4904,BUY,691,72.53625,50122.548749999994,42.854779181249995
2018-10-05,2018-10-04,0050,SELL,560,84.45775,47296.340000000004,87.73471070000001
2018-10-08,2018-10-05,2880,SELL,1760,17.941025,31576.203999999998,121.72626641999999
2018-10-08,2018-10-05,2886,SELL,1182,26.786600000000004,31661.761200000004,122.05608942600001
2018-10-08,2018-10-05,2892,SELL,1553,20.3898,31665.3594,122.069960487
2018-10-08,2018-10-05,5880,SELL,1746,18.040975000000003,31499.542350000007,121.43073575925003
2018-10-08,2018-10-05,2412,BUY,556,109.05449999999999,60634.301999999996,51.84232821
2018-10-08,2018-10-05,3045,BUY,559,108.55425,60681.825749999996,51.88296101624999
2018-10-08,2018-10-05,4904,BUY,828,72.8364,60308.5392,51.563801016
2018-10-08,2018-10-05,0050,SELL,520,82.90852500000001,43112.433000000005,79.973563215
2018-10-09,2018-10-08,2880,SELL,1621,18.040975000000003,29244.420475000006,112.73724093112502
2018-10-09,2018-10-08,2886,SELL,1084,26.986500000000003,29253.366,112.77172593
2018-10-09,2018-10-08,2892,SELL,1427,20.48975,29238.87325,112.71585637875
2018-10-09,2018-10-08,5880,SELL,1621,18.040975000000003,29244.420475000006,112.73724093112502
2018-10-09,2018-10-08,2412,BUY,489,108.55425,53083.028249999996,45.385989153749996
2018-10-09,2018-10-08,3045,BUY,486,108.55425,52757.3655,45.1075475025
2018-10-09,2018-10-08,4904,BUY,730,72.53625,52951.462499999994,45.27350043749999
2018-10-09,2018-10-08,0050,SELL,422,83.008475,35029.57645,64.97986431475
2018-10-11,2018-10-09,2880,SELL,1176,17.7911,20922.3336,80.655596028
2018-10-11,2018-10-09,2886,SELL,772,26.88655,20756.4166,80.015985993
2018-10-11,2018-10-09,2892,SELL,1033,20.239875,20907.790875000002,80.59953382312501
2018-10-11,2018-10-09,5880,SELL,1176,17.7911,20922.3336,80.655596028
2018-10-11,2018-10-09,2412,BUY,353,108.05399999999999,38143.062,32.612318009999996
2018-10-11,2018-10-09,3045,BUY,355,107.55375,38181.581249999996,32.645251968749996
2018-10-11,2018-10-09,4904,BUY,534,72.036,38467.224,32.88947652
2018-10-11,2018-10-09,0050,SELL,328,80.109925,26276.0554,48.742082767
2018-10-12,2018-10-11,2880,SELL,1067,17.341325,18503.193775,71.32981200262499
2018-10-12,2018-10-11,2886,SELL,705,26.236875,18496.996875,71.305922953125
2018-10-12,2018-10-11,2892,SELL,936,19.840075000000002,18570.310200000004,71.58854582100001
2018-10-12,2018-10-11,5880,SELL,1067,17.29135,18449.870450000002,71.12425058475
2018-10-12,2018-10-11,2412,BUY,311,108.05399999999999,33604.793999999994,28.732098869999994
2018-10-12,2018-10-11,3045,BUY,312,107.55375,33556.77,28.691038349999996
2018-10-12,2018-10-11,4904,BUY,470,71.13555,33433.7085,28.5858207675
2018-10-12,2018-10-11,0050,SELL,228,77.66115,17706.7422,32.846006781
2018-10-15,2018-10-12,2880,SELL,804,17.641175,14183.5047,54.6774106185
2018-10-15,2018-10-12,2886,SELL,528,26.736625,14116.938,54.42079599
2018-10-15,2018-10-12,2892,SELL,710,19.990000000000002,14192.900000000001,54.7136295
2018-10-15,2018-10-12,5880,SELL,808,17.5912,14213.6896,54.793773408
2018-10-15,2018-10-12,2412,BUY,259,107.55375,27856.42125,23.817240168749997
2018-10-15,2018-10-12,3045,BUY,258,107.55375,27748.867499999997,23.725281712499996
2018-10-15,2018-10-12,4904,BUY,389,71.53575,27827.40675,23.79243277125
2018-10-15,2018-10-12,0050,SELL,198,79.46025,15733.129500000001,29.1849552225
2018-10-16,2018-10-15,2880,SELL,629,17.441275,10970.561975,42.291516413625004
2018-10-16,2018-10-15,2886,SELL,413,26.586700000000004,10980.307100000002,42.32908387050001
2018-10-16,2018-10-15,2892,SELL,554,19.790100000000002,10963.715400000001,42.265122867
2018-10-16,2018-10-15,5880,SELL,630,17.3913,10956.519,42.237380745
2018-10-16,2018-10-15,2412,BUY,195,106.55324999999999,20777.883749999997,17.76509060625
2018-10-16,2018-10-15,3045,BUY,193,107.0535,20661.3255,17.6654333025
2018-10-16,2018-10-15,4904,BUY,295,70.73535,20866.92825,17.84122365375
2018-10-16,2018-10-15,0050,SELL,148,78.96050000000001,11686.154000000002,21.67781567
2018-10-19,2018-10-18,2880,SELL,1005,17.3913,17478.2565,67.3786788075
2018-10-19,2018-10-18,2886,SELL,667,26.08695,17399.99565,67.07698323075
2018-10-19,2018-10-18,2892,SELL,888,19.69015,17484.853199999998,67.40410908599999
2018-10-19,2018-10-18,5880,SELL,1007,17.341325,17462.714275000002,67.31876353012501
2018-10-19,2018-10-18,2412,BUY,274,107.55375,29469.727499999997,25.196617012499996
2018-10-19,2018-10-18,3045,BUY,272,108.05399999999999,29390.688,25.129038239999996
2018-10-19,2018-10-18,4904,BUY,409,71.8359,29380.8831,25.120655050499998
2018-10-19,2018-10-18,0050,SELL,163,78.16090000000001,12740.226700000003,23.633120528500005
2018-10-22,2018-10-19,2880,SELL,1139,17.441275,19865.612225,76.581935127375
2018-10-22,2018-10-19,2886,SELL,762,26.1869,19954.4178,76.924280619
2018-10-22,2018-10-19,2892,SELL,1007,19.69015,19827.98105,76.43686694774999
2018-10-22,2018-10-19,5880,SELL,1146,17.3913,19930.4298,76.831806879
2018-10-22,2018-10-19,2412,BUY,74,106.55324999999999,7884.9405,6.7416241275
2018-10-22,2018-10-19,3045,BUY,73,107.55375,7851.42375,6.7129673062499995
2018-10-22,2018-10-19,4904,BUY,110,71.53575,7868.932499999999,6.727937287499999
2018-10-22,2018-10-19,0050,SELL,41,78.310825,3210.7438249999996,5.955929795374999
2018-10-25,2018-10-24,2880,SELL,1070,17.041475000000002,18234.37825,70.29352815375
2018-10-25,2018-10-24,2886,SELL,712,25.537225000000003,18182.504200000003,70.09355369100001
2018-10-25,2018-10-24,2892,SELL,950,19.240375,18278.35625,70.46306334375001
2018-10-25,2018-10-24,5880,SELL,1070,16.991500000000002,18180.905000000002,70.08738877500001
2018-10-25,2018-10-24,2412,BUY,225,106.55324999999999,23974.481249999997,20.498181468749998
2018-10-25,2018-10-24,3045,BUY,221,108.05399999999999,23879.933999999997,20.417343569999996
2018-10-25,2018-10-24,4904,BUY,329,72.53625,23864.426249999997,20.404084443749998
2018-10-25,2018-10-24,0050,SELL,80,75.46225,6036.98,11.1985979
2018-10-26,2018-10-25,2880,SELL,1061,17.1914,18240.0754,70.315490667
2018-10-26,2018-10-25,2886,SELL,716,25.587200000000003,18320.435200000004,70.62527769600001
2018-10-26,2018-10-25,2892,SELL,943,19.3903,18285.0529,70.48887892949999
2018-10-26,2018-10-25,5880,SELL,1070,17.141424999999998,18341.32475,70.70580691125
2018-10-26,2018-10-25,2412,BUY,246,107.55375,26458.2225,22.621780237499998
2018-10-26,2018-10-25,3045,BUY,243,108.55425,26378.68275,22.55377375125
2018-10-26,2018-10-25,4904,BUY,366,72.33614999999999,26475.030899999994,22.636151419499996
2018-10-26,2018-10-25,0050,SELL,42,76.211875,3200.8987500000003,5.93766718125
2018-10-29,2018-10-26,2880,SELL,809,17.1914,13907.842600000002,53.61473322300001
2018-10-29,2018-10-26,2886,SELL,550,25.337325000000003,13935.528750000001,53.72146333125001
2018-10-29,2018-10-26,2892,SELL,715,19.49025,13935.52875,53.72146333125
2018-10-29,2018-10-26,5880,SELL,816,17.091450000000002,13946.623200000002,53.76423243600001
2018-10-29,2018-10-26,2412,BUY,222,108.55425,24099.0435,20.6046821925
2018-10-29,2018-10-26,3045,BUY,220,110.05499999999999,24212.1,20.7013455
2018-10-29,2018-10-26,4904,BUY,335,72.13605,24165.57675,20.66156812125
2018-10-29,2018-10-26,0050,SELL,28,75.812075,2122.7380999999996,3.937679175499999
2018-10-30,2018-10-29,2880,SELL,699,17.141424999999998,11981.856074999998,46.19005516912499
2018-10-30,2018-10-29,2886,SELL,474,25.437275,12057.26835,46.48076948925
2018-10-30,2018-10-29,2892,SELL,618,19.3903,11983.2054,46.195256817
2018-10-30,2018-10-29,5880,SELL,701,17.091450000000002,11981.106450000001,46.18716536475
2018-10-30,2018-10-29,2412,BUY,171,109.55475,18733.86225,16.01745222375
2018-10-30,2018-10-29,3045,BUY,170,110.05499999999999,18709.35,15.996494249999998
2018-10-30,2018-10-29,4904,BUY,259,72.036,18657.324,15.95201202
2018-10-30,2018-10-29,0050,SELL,20,75.7621,1515.2420000000002,2.81077391
2018-11-05,2018-11-02,2880,SELL,1141,17.441275,19900.494775000003,76.71640735762502
2018-11-05,2018-11-02,2886,SELL,760,26.08695,19826.082000000002,76.42954611
2018-11-05,2018-11-02,2892,SELL,1016,19.590200000000003,19903.643200000002,76.728544536
2018-11-05,2018-11-02,5880,SELL,1141,17.3913,19843.4733,76.49658957150001
2018-11-05,2018-11-02,2412,BUY,152,105.55274999999999,16044.017999999998,13.717635389999998
2018-11-05,2018-11-02,3045,BUY,150,107.0535,16058.025,13.729611375
2018-11-05,2018-11-02,4904,BUY,226,71.4357,16144.4682,13.803520311
2018-11-05,2018-11-02,0050,SELL,7,78.06095,546.42665,1.01362143575
2018-11-12,2018-11-09,2880,BUY,722,17.558775,12677.43555,10.83920739525
2018-11-12,2018-11-09,2886,BUY,483,26.363175,12733.413525,10.887068563875
2018-11-12,2018-11-09,2892,BUY,631,20.11005,12689.441550000001,10.84947252525
2018-11-12,2018-11-09,5880,BUY,714,17.8089,12715.554600000001,10.871799183
2018-11-12,2018-11-09,2412,SELL,180,106.9465,19250.37,74.21017635
2018-11-12,2018-11-09,3045,SELL,177,108.94550000000001,19283.3535,74.33732774250001
2018-11-12,2018-11-09,4904,SELL,263,72.86355,19163.11365,73.87380312075
2018-11-23,2018-11-22,2880,BUY,1032,17.658824999999997,18223.907399999996,15.581440826999996
2018-11-23,2018-11-22,2886,BUY,695,26.163074999999996,18183.337125,15.546753241874997
2018-11-23,2018-11-22,2892,BUY,895,20.31015,18177.58425,15.541834533749999
2018-11-23,2018-11-22,5880,BUY,1021,17.858925,18233.962424999998,15.590037873374998
2018-11-23,2018-11-22,2412,SELL,208,107.44625,22348.82,86.1547011
2018-11-23,2018-11-22,3045,SELL,204,109.44525,22326.831000000002,86.06993350500001
2018-11-23,2018-11-22,4904,SELL,302,73.86305000000002,22306.641100000004,85.99210144050002
2018-11-23,2018-11-22,0050,SELL,9,75.66215000000001,680.9593500000001,1.2631795942500001
2018-11-27,2018-11-26,2880,BUY,955,17.658824999999997,16864.177874999998,14.418872083124997
2018-11-27,2018-11-26,2886,BUY,647,26.163074999999996,16927.509524999998,14.473020643874998
2018-11-27,2018-11-26,2892,BUY,837,20.210099999999997,16915.853699999996,14.463054913499995
2018-11-27,2018-11-26,5880,BUY,950,17.758875,16870.93125,14.42464621875
2018-11-27,2018-11-26,2412,SELL,180,107.44625,19340.325,74.55695287500001
2018-11-27,2018-11-26,3045,SELL,177,109.44525,19371.809250000002,74.67832465875
2018-11-27,2018-11-26,4904,SELL,261,74.06295,19330.42995,74.51880745725
2018-11-27,2018-11-26,0050,SELL,10,75.91202500000001,759.1202500000002,1.4081680637500003
2018-12-26,2018-12-25,2880,SELL,803,17.341325,13925.083975000001,53.681198723625
2018-12-26,2018-12-25,2886,SELL,549,25.3873,13937.6277,53.72955478349999
2018-12-26,2018-12-25,2892,SELL,709,19.640175,13924.884075,53.680428109124996
2018-12-26,2018-12-25,5880,SELL,798,17.441275,13918.13745,53.65441986975
2018-12-26,2018-12-25,2412,BUY,163,106.55324999999999,17368.17975,14.849793686249999
2018-12-26,2018-12-25,3045,BUY,161,107.55375,17316.153749999998,14.805311456249997
2018-12-26,2018-12-25,4904,BUY,241,72.13605,17384.78805,14.863993782749999
2018-12-26,2018-12-25,0050,SELL,16,73.96300000000001,1183.4080000000001,2.1952218400000003
2018-12-27,2018-12-26,2880,SELL,820,17.341325,14219.8865,54.8176624575
2018-12-27,2018-12-26,2886,SELL,562,25.337325000000003,14239.576650000003,54.89356798575001
2018-12-27,2018-12-26,2892,SELL,720,19.89005,14320.836,55.206822779999996
2018-12-27,2018-12-26,5880,SELL,816,17.541225,14313.6396,55.179080658000004
2018-12-27,2018-12-26,2412,BUY,188,106.55324999999999,20032.011,17.127369405
2018-12-27,2018-12-26,3045,BUY,187,106.55324999999999,19925.457749999998,17.036266376249998
2018-12-27,2018-12-26,4904,BUY,277,72.33614999999999,20037.11355,17.131732085249997
2018-12-27,2018-12-26,0050,SELL,6,74.7626,448.5756,0.8321077379999999
2019-01-11,2019-01-10,2880,BUY,1097,17.958975,19700.995574999997,16.844351216624997
2019-01-11,2019-01-10,2886,BUY,755,26.163074999999996,19753.121624999996,16.888918989374996
2019-01-11,2019-01-10,2892,BUY,975,20.210099999999997,19704.847499999996,16.847644612499995
2019-01-11,2019-01-10,5880,BUY,1088,18.10905,19702.6464,16.845762672
2019-01-11,2019-01-10,2412,SELL,297,106.9465,31763.1105,122.44679097749999
2019-01-11,2019-01-10,3045,SELL,294,107.44625,31589.197500000002,121.77635636250001
2019-01-11,2019-01-10,4904,SELL,436,72.66365,31681.351400000003,122.131609647
2019-01-11,2019-01-10,0050,SELL,5,75.26235,376.31174999999996,0.6980582962499999
2019-01-14,2019-01-11,2880,BUY,889,18.009,16010.001,13.688550854999999
2019-01-14,2019-01-11,2886,BUY,615,26.012999999999998,15997.994999999999,13.678285724999999
2019-01-14,2019-01-11,2892,BUY,792,20.210099999999997,16006.399199999998,13.685471315999997
2019-01-14,2019-01-11,5880,BUY,881,18.159074999999998,15998.145074999999,13.678414039124998
2019-01-14,2019-01-11,2412,SELL,226,106.9465,24169.909,93.174999195
2019-01-14,2019-01-11,3045,SELL,223,108.44575,24183.40225,93.22701567374999
2019-01-14,2019-01-11,4904,SELL,333,72.5637,24163.7121,93.1511101455
2019-01-14,2019-01-11,0050,SELL,2,75.41227500000001,150.82455000000002,0.27977954025
2019-01-16,2019-01-15,2880,BUY,914,18.10905,16551.6717,14.151679303499998
2019-01-16,2019-01-15,2886,BUY,631,26.163074999999996,16508.900325,14.115109777874999
2019-01-16,2019-01-15,2892,BUY,821,20.060025,16469.280525,14.081234848874997
2019-01-16,2019-01-15,5880,BUY,907,18.259124999999997,16561.026374999998,14.159677550624997
2019-01-16,2019-01-15,2412,SELL,192,106.44675000000001,20437.776,78.78762648
2019-01-16,2019-01-15,3045,SELL,190,107.94600000000001,20509.74,79.06504770000001
2019-01-16,2019-01-15,4904,SELL,281,73.26335,20587.001350000002,79.36289020425001
2019-01-16,2019-01-15,0050,SELL,2,75.61217500000001,151.22435000000002,0.28052116925000004
2019-01-17,2019-01-16,2880,BUY,796,18.009,14335.164,12.25656522
2019-01-17,2019-01-16,2886,BUY,549,26.012999999999998,14281.136999999999,12.210372134999998
2019-01-17,2019-01-16,2892,BUY,714,20.009999999999998,14287.14,12.215504699999999
2019-01-17,2019-01-16,5880,BUY,789,18.10905,14288.04045,12.21627458475
2019-01-17,2019-01-16,2412,SELL,180,106.44675000000001,19160.415,73.863399825
2019-01-17,2019-01-16,3045,SELL,178,108.44575,19303.3435,74.4143891925
2019-01-17,2019-01-16,4904,SELL,266,72.96350000000001,19408.291,74.818961805
2019-01-17,2019-01-16,0050,SELL,1,75.5622,75.5622,0.140167881
2019-01-21,2019-01-18,2880,BUY,816,18.259124999999997,14899.445999999998,12.739026329999998
2019-01-21,2019-01-18,2886,BUY,570,26.263125,14969.981249999999,12.799333968749998
2019-01-21,2019-01-18,2892,BUY,737,20.210099999999997,14894.843699999998,12.735091363499997
2019-01-21,2019-01-18,5880,BUY,814,18.359175,14944.36845,12.77743502475
2019-01-21,2019-01-18,2412,SELL,251,106.9465,26843.571500000002,103.4819681325
2019-01-21,2019-01-18,3045,SELL,247,108.94550000000001,26909.538500000002,103.73627091750001
2019-01-21,2019-01-18,4904,SELL,370,72.86355,26959.5135,103.9289245425
2019-01-21,2019-01-18,0050,BUY,191,76.38817499999999,14590.141424999998,12.474570918374997
2019-01-22,2019-01-21,2880,BUY,783,18.2091,14257.7253,12.190355131499999
2019-01-22,2019-01-21,2886,BUY,543,26.263125,14260.876875,12.193049728124999
2019-01-22,2019-01-21,2892,BUY,707,20.160075,14253.173025,12.186462936375
2019-01-22,2019-01-21,5880,BUY,776,18.30915,14207.900399999999,12.147754841999998
2019-01-22,2019-01-21,2412,SELL,258,106.44675000000001,27463.2615,105.8708730825
2019-01-22,2019-01-21,3045,SELL,254,108.44575,27545.2205,106.18682502749999
2019-01-22,2019-01-21,4904,SELL,379,72.36380000000001,27425.880200000003,105.726768171
2019-01-22,2019-01-21,0050,BUY,416,74.4372,30965.875200000002,26.475823296
2019-01-23,2019-01-22,2880,BUY,612,18.159074999999998,11113.353899999998,9.501917584499997
2019-01-23,2019-01-22,2886,BUY,421,26.263125,11056.775625,9.453543159375
2019-01-23,2019-01-22,2892,BUY,550,20.11005,11060.5275,9.4567510125
2019-01-23,2019-01-22,5880,BUY,604,18.359175,11088.9417,9.481045153499998
2019-01-23,2019-01-22,2412,SELL,196,106.9465,20961.514,80.80663647
2019-01-23,2019-01-22,3045,SELL,194,108.44575,21038.4755,81.1033230525
2019-01-23,2019-01-22,4904,SELL,292,72.36380000000001,21130.229600000002,81.45703510800001
2019-01-23,2019-01-22,0050,BUY,251,74.03699999999999,18583.286999999997,15.888710384999996
2019-02-21,2019-02-20,2880,SELL,246,18.540725000000002,4561.01835,17.58272573925
2019-02-21,2019-02-20,2886,SELL,169,26.88655,4543.82695,17.516452892249998
2019-02-21,2019-02-20,2892,SELL,221,20.539725,4539.279225,17.498921412375
2019-02-21,2019-02-20,5880,SELL,243,18.740625,4553.971875,17.555561578125
2019-02-21,2019-02-20,2412,SELL,157,105.947,16633.679,64.122832545
2019-02-21,2019-02-20,3045,SELL,154,107.94600000000001,16623.684,64.08430182000001
2019-02-21,2019-02-20,4904,SELL,234,71.86405,16816.187700000002,64.82640358350001
2019-02-21,2019-02-20,0050,BUY,1308,76.4382,99981.1656,85.483896588
2019-02-22,2019-02-21,2880,SELL,443,18.590700000000002,8235.680100000001,31.748546785500004
2019-02-22,2019-02-21,2886,SELL,305,26.936525,8215.640125,31.671292681875
2019-02-22,2019-02-21,2892,SELL,398,20.639675,8214.59065,31.66724695575
2019-02-22,2019-02-21,5880,SELL,439,18.7906,8249.073400000001,31.800177957000002
2019-02-22,2019-02-21,2412,SELL,96,106.44675000000001,10218.888,39.39381324
2019-02-22,2019-02-21,3045,SELL,93,109.44525,10178.40825,39.23776380375
2019-02-22,2019-02-21,4904,SELL,143,71.46425,10219.387750000002,39.395739776250004
2019-02-22,2019-02-21,0050,BUY,942,76.988475,72523.14344999999,62.00728764974999
2019-02-27,2019-02-26,2880,SELL,415,18.740625,7777.359375000001,29.981720390625004
2019-02-27,2019-02-26,2886,SELL,288,27.086450000000003,7800.897600000001,30.072460248000002
2019-02-27,2019-02-26,2892,SELL,373,20.7896,7754.5208,29.893677684
2019-02-27,2019-02-26,5880,SELL,409,18.9905,7767.114500000001,29.9422263975
2019-02-27,2019-02-26,2412,SELL,78,106.44675000000001,8302.846500000001,32.0074732575
2019-02-27,2019-02-26,3045,SELL,76,109.94500000000001,8355.82,32.2116861
2019-02-27,2019-02-26,4904,SELL,117,71.5642,8373.0114,32.277958946999995
2019-02-27,2019-02-26,0050,BUY,753,77.73885,58537.35405,50.04943771275
2019-03-18,2019-03-15,2880,BUY,1641,19.0095,31194.5895,26.671374022499997
2019-03-18,2019-03-15,2886,BUY,1136,27.513749999999998,31255.62,26.7235551
2019-03-18,2019-03-15,2892,BUY,1495,20.860425,31186.335375,26.664316745624998
2019-03-18,2019-03-15,5880,BUY,1641,19.0095,31194.5895,26.671374022499997
2019-03-18,2019-03-15,2412,SELL,446,107.94600000000001,48143.916000000005,185.59479618
2019-03-18,2019-03-15,3045,SELL,436,109.94500000000001,47936.020000000004,184.7933571
2019-03-18,2019-03-15,4904,SELL,670,71.86405,48148.9135,185.6140615425
2019-03-18,2019-03-15,0050,BUY,502,77.78887499999999,39050.01525,33.387763038749995
2019-03-19,2019-03-18,2880,BUY,1076,19.10955,20561.875799999998,17.580403808999996
2019-03-19,2019-03-18,2886,BUY,738,27.913949999999996,20600.495099999996,17.613423310499996
2019-03-19,2019-03-18,2892,BUY,978,21.0105,20548.269,17.568769995
2019-03-19,2019-03-18,5880,BUY,1070,19.2096,20554.271999999997,17.573902559999997
2019-03-19,2019-03-18,2412,SELL,451,107.44625,48458.25875,186.80658748125
2019-03-19,2019-03-18,3045,SELL,443,109.94500000000001,48705.635,187.760222925
2019-03-19,2019-03-18,4904,SELL,672,72.46375,48695.64,187.7216922
2019-03-19,2019-03-18,0050,BUY,814,78.13904999999998,63605.186699999984,54.382434628499986
2019-03-20,2019-03-19,2880,BUY,875,19.259625,16852.171875,14.408606953125
2019-03-20,2019-03-19,2886,BUY,600,28.014,16808.399999999998,14.371181999999997
2019-03-20,2019-03-19,2892,BUY,800,21.0105,16808.4,14.371182000000001
2019-03-20,2019-03-19,5880,BUY,873,19.259625,16813.652625,14.375672994374998
2019-03-20,2019-03-19,2412,SELL,375,107.94600000000001,40479.75000000001,156.04943625
2019-03-20,2019-03-19,3045,SELL,367,109.94500000000001,40349.815,155.548536825
2019-03-20,2019-03-19,4904,SELL,559,72.5637,40563.1083,156.3707824965
2019-03-20,2019-03-19,0050,BUY,641,78.389175,50247.461175,42.961579304625
2019-03-21,2019-03-20,2880,BUY,836,19.30965,16142.867400000001,13.802151627
2019-03-21,2019-03-20,2886,BUY,576,28.014,16136.064,13.796334719999999
2019-03-21,2019-03-20,2892,BUY,764,21.11055,16128.4602,13.789833471
2019-03-21,2019-03-20,5880,BUY,827,19.50975,16134.563250000001,13.79505157875
2019-03-21,2019-03-20,2412,SELL,288,107.94600000000001,31088.448000000004,119.84596704000002
2019-03-21,2019-03-20,3045,SELL,282,110.44475,31145.4195,120.0655921725
2019-03-21,2019-03-20,4904,SELL,427,72.96350000000001,31155.414500000006,120.10412289750002
2019-03-21,2019-03-20,0050,BUY,300,78.8394,23651.82,20.222306099999997
2019-03-22,2019-03-21,2880,BUY,538,19.359675,10415.505149999999,8.905256903249999
2019-03-22,2019-03-21,2886,BUY,370,28.11405,10402.1985,8.8938797175
2019-03-22,2019-03-21,2892,BUY,493,21.11055,10407.50115,8.89841348325
2019-03-22,2019-03-21,5880,BUY,534,19.50975,10418.2065,8.9075665575
2019-03-22,2019-03-21,2412,SELL,221,107.94600000000001,23856.066000000003,91.96513443
2019-03-22,2019-03-21,3045,SELL,216,110.44475,23856.066,91.96513442999999
2019-03-22,2019-03-21,4904,SELL,326,73.16340000000001,23851.268400000004,91.94663968200001
2019-03-22,2019-03-21,0050,BUY,334,79.53975,26566.2765,22.7141664075
2019-03-26,2019-03-25,2880,BUY,1090,19.159574999999997,20883.936749999997,17.855765921249997
2019-03-26,2019-03-25,2886,BUY,752,27.763875,20878.433999999997,17.851061069999997
2019-03-26,2019-03-25,2892,BUY,999,20.910449999999997,20889.539549999998,17.860556315249998
2019-03-26,2019-03-25,5880,BUY,1082,19.359675,20947.16835,17.909828939249998
2019-03-26,2019-03-25,2412,SELL,170,107.94600000000001,18350.820000000003,70.74241110000001
2019-03-26,2019-03-25,3045,SELL,166,110.44475,18333.8285,70.6769088675
2019-03-26,2019-03-25,4904,SELL,251,73.06345,18338.92595,70.69655953725
2019-03-26,2019-03-25,0050,SELL,289,78.46075,22675.156750000002,42.06241577125
2019-03-28,2019-03-27,2880,BUY,936,19.059525,17839.7154,15.252956667
2019-03-28,2019-03-27,2886,BUY,641,27.963974999999998,17924.907975,15.325796318624997
2019-03-28,2019-03-27,2892,BUY,850,21.060525,17901.446249999997,15.305736543749997
2019-03-28,2019-03-27,5880,BUY,924,19.359675,17888.3397,15.2945304435
2019-03-28,2019-03-27,2412,SELL,124,108.44575,13447.273000000001,51.839237415
2019-03-28,2019-03-27,3045,SELL,121,110.9445,13424.2845,51.7506167475
2019-03-28,2019-03-27,4904,SELL,184,73.06345,13443.6748,51.825366354
2019-03-28,2019-03-27,0050,SELL,430,78.26085,33652.1655,62.4247670025
2019-04-01,2019-03-29,2880,BUY,924,19.30965,17842.1166,15.255009693
2019-04-01,2019-03-29,2886,BUY,639,28.064025,17932.911975,15.332639738624998
2019-04-01,2019-03-29,2892,BUY,850,21.11055,17943.9675,15.342092212499999
2019-04-01,2019-03-29,5880,BUY,920,19.559775,17994.993,15.385719014999998
2019-04-01,2019-03-29,2412,SELL,73,109.44525,7989.50325,30.799535028749997
2019-04-01,2019-03-29,3045,SELL,72,111.44425000000001,8023.986000000001,30.932466030000004
2019-04-01,2019-03-29,4904,SELL,108,74.26285,8020.3878,30.918594969
2019-04-01,2019-03-29,0050,SELL,541,79.96000000000001,43258.36000000001,80.24425780000001
2019-04-03,2019-04-02,2880,SELL,862,19.240375,16585.20325,63.93595852874999
2019-04-03,2019-04-02,2886,SELL,595,27.986,16651.670000000002,64.19218785000001
2019-04-03,2019-04-02,2892,SELL,786,21.089450000000003,16576.3077,63.901666183500005
2019-04-03,2019-04-02,5880,SELL,855,19.440275,16621.435125,64.075632406875
2019-04-03,2019-04-02,2412,SELL,106,109.94500000000001,11654.17,44.92682535
2019-04-03,2019-04-02,3045,SELL,105,110.9445,11649.1725,44.9075599875
2019-04-03,2019-04-02,4904,SELL,159,73.26335,11648.872650000001,44.90640406575
2019-04-03,2019-04-02,0050,BUY,1345,80.4402,108192.069,92.504218995
2019-04-16,2019-04-15,2880,SELL,586,19.240375,11274.85975,43.46458433625
2019-04-16,2019-04-15,2886,SELL,401,28.1859,11302.5459,43.5713144445
2019-04-16,2019-04-15,2892,SELL,531,21.289350000000002,11304.64485,43.57940589675
2019-04-16,2019-04-15,5880,SELL,583,19.3903,11304.5449,43.579020589500004
2019-04-16,2019-04-15,2412,SELL,54,108.94550000000001,5883.057000000001,22.679184735000003
2019-04-16,2019-04-15,3045,SELL,54,110.9445,5991.003000000001,23.095316565
2019-04-16,2019-04-15,4904,SELL,80,74.26285,5941.028,22.90266294
2019-04-16,2019-04-15,0050,BUY,894,81.890925,73210.48694999999,62.59496634224999
2019-05-07,2019-05-06,2880,BUY,903,20.060025,18114.202575,15.487643201625
2019-05-07,2019-05-06,2886,BUY,601,30.065025,18069.080025,15.449063421375
2019-05-07,2019-05-06,2892,BUY,828,21.8109,18059.4252,15.440808546000001
2019-05-07,2019-05-06,5880,BUY,894,20.210099999999997,18067.8294,15.447994136999998
2019-05-07,2019-05-06,2412,SELL,43,110.44475,4749.12425,18.30787398375
2019-05-07,2019-05-06,3045,SELL,42,112.9435,4743.627,18.286682085000002
2019-05-07,2019-05-06,4904,SELL,63,74.9625,4722.637500000001,18.205767562500004
2019-05-07,2019-05-06,0050,SELL,506,82.608675,41799.989550000006,77.53898061525001
2019-05-09,2019-05-08,2880,BUY,796,20.11005,16007.5998,13.686497828999999
2019-05-09,2019-05-08,2886,BUY,527,30.11505,15870.63135,13.56938980425
2019-05-09,2019-05-08,2892,BUY,735,21.8109,16031.0115,13.7065148325
2019-05-09,2019-05-08,5880,BUY,794,20.060025,15927.65985,13.61814917175
2019-05-09,2019-05-08,2412,SELL,22,110.9445,2440.779,9.409203045
2019-05-09,2019-05-08,3045,SELL,21,113.44325,2382.30825,9.18379830375
2019-05-09,2019-05-08,4904,SELL,32,75.1624,2405.1968,9.272033664
2019-05-09,2019-05-08,0050,SELL,590,82.10892500000001,48444.265750000006,89.86411296625
2019-05-14,2019-05-13,2880,BUY,700,19.90995,13936.964999999998,11.916105074999997
2019-05-14,2019-05-13,2886,BUY,475,29.414699999999996,13971.982499999998,11.946045037499998
2019-05-14,2019-05-13,2892,BUY,652,21.360675,13927.160100000001,11.9077218855
2019-05-14,2019-05-13,5880,BUY,703,19.859925,13961.527275,11.937105820125
2019-05-14,2019-05-13,2412,BUY,41,110.05499999999999,4512.255,3.857978025
2019-05-14,2019-05-13,3045,BUY,39,114.05699999999999,4448.223,3.8032306649999996
2019-05-14,2019-05-13,4904,BUY,60,75.4377,4526.262000000001,3.8699540100000003
2019-05-14,2019-05-13,0050,SELL,835,79.5602,66432.76699999999,123.23278278499998
2019-05-15,2019-05-14,2880,BUY,543,20.009999999999998,10865.429999999998,9.289942649999999
2019-05-15,2019-05-14,2886,BUY,367,29.564774999999997,10850.272425,9.276982923374998
2019-05-15,2019-05-14,2892,BUY,507,21.4107,10855.2249,9.281217289499999
2019-05-15,2019-05-14,5880,BUY,546,19.859925,10843.51905,9.27120878775
2019-05-15,2019-05-14,2412,BUY,113,111.0555,12549.271499999999,10.7296271325
2019-05-15,2019-05-14,3045,BUY,111,114.05699999999999,12660.327,10.824579584999999
2019-05-15,2019-05-14,4904,BUY,167,75.53775,12614.804250000001,10.78565763375
2019-05-15,2019-05-14,0050,SELL,1022,79.61017500000001,81361.59885000001,150.92576586675
2019-05-16,2019-05-15,2880,BUY,516,20.009999999999998,10325.16,8.828011799999999
2019-05-16,2019-05-15,2886,BUY,347,29.71485,10311.05295,8.81595027225
2019-05-16,2019-05-15,2892,BUY,480,21.510749999999998,10325.16,8.828011799999999
2019-05-16,2019-05-15,5880,BUY,518,19.90995,10313.354099999999,8.817917755499998
2019-05-16,2019-05-15,2412,BUY,124,110.55525,13708.851,11.721067605
2019-05-16,2019-05-15,3045,BUY,119,114.55725,13632.31275,11.65562740125
2019-05-16,2019-05-15,4904,BUY,180,76.038,13686.84,11.7022482
2019-05-16,2019-05-15,0050,SELL,968,79.46025,76917.522,142.68200331
2019-05-17,2019-05-16,2880,BUY,307,19.959974999999996,6127.712324999999,5.239194037874999
2019-05-17,2019-05-16,2886,BUY,206,29.914949999999997,6162.4797,5.2689201435
2019-05-17,2019-05-16,2892,BUY,284,21.510749999999998,6109.053,5.223240315
2019-05-17,2019-05-16,5880,BUY,310,19.759874999999997,6125.561249999999,5.237354868749999
2019-05-17,2019-05-16,2412,BUY,127,110.55525,14040.51675,12.00464182125
2019-05-17,2019-05-16,3045,BUY,123,114.55725,14090.54175,12.04741319625
2019-05-17,2019-05-16,4904,BUY,186,75.93795,14124.4587,12.076412188499999
2019-05-17,2019-05-16,0050,SELL,828,79.46025,65793.087,122.046176385
2019-05-24,2019-05-23,2880,SELL,2424,20.28985,49182.5964,189.598909122
2019-05-24,2019-05-23,2886,SELL,1606,30.384800000000002,48797.98880000001,188.11624682400003
2019-05-24,2019-05-23,2892,SELL,2241,21.989,49277.349,189.964180395
2019-05-24,2019-05-23,5880,SELL,2460,19.940025000000002,49052.461500000005,189.0972390825
2019-05-24,2019-05-23,2412,BUY,837,112.056,93790.872,80.19119556
2019-05-24,2019-05-23,3045,BUY,797,117.55874999999999,93694.32375,80.10864680625
2019-05-24,2019-05-23,4904,BUY,1220,77.0385,93986.97,80.35885935
2019-05-24,2019-05-23,0050,SELL,951,77.011475,73237.912725,135.856328104875
2019-05-27,2019-05-24,2880,SELL,2385,20.3898,48629.673,187.467389415
2019-05-27,2019-05-24,2886,SELL,1587,30.534725,48458.608575000006,186.807936056625
2019-05-27,2019-05-24,2892,SELL,2190,22.138925,48484.24575,186.90676736625
2019-05-27,2019-05-24,5880,SELL,2420,20.039975000000002,48496.7395,186.9549307725
2019-05-27,2019-05-24,2412,BUY,712,112.056,79783.872,68.21521056
2019-05-27,2019-05-24,3045,BUY,679,117.55874999999999,79822.39124999999,68.24814451874998
2019-05-27,2019-05-24,4904,BUY,1044,76.8384,80219.28959999999,68.58749260799999
2019-05-27,2019-05-24,0050,SELL,506,77.46125,39195.3925,72.7074530875
2019-05-28,2019-05-27,2880,SELL,1940,20.3898,39556.212,152.48919726
2019-05-28,2019-05-27,2886,SELL,1297,30.484750000000002,39538.72075,152.42176849125
2019-05-28,2019-05-27,2892,SELL,1786,22.138925,39540.12005,152.42716279274998
2019-05-28,2019-05-27,5880,SELL,1959,20.139924999999998,39454.113074999994,152.09560590412497
2019-05-28,2019-05-27,2412,BUY,557,112.056,62415.191999999995,53.36498915999999
2019-05-28,2019-05-27,3045,BUY,529,118.059,62453.210999999996,53.397495404999994
2019-05-28,2019-05-27,4904,BUY,811,77.0385,62478.2235,53.4188810925
2019-05-28,2019-05-27,0050,SELL,321,77.211375,24784.851375000002,45.975899300625
2019-05-29,2019-05-28,2880,SELL,1464,20.439775,29923.8306,115.356366963
2019-05-29,2019-05-28,2886,SELL,995,30.184900000000003,30033.975500000004,115.78097555250001
2019-05-29,2019-05-28,2892,SELL,1356,22.088950000000004,29952.616200000004,115.46733545100001
2019-05-29,2019-05-28,5880,SELL,1486,20.139924999999998,29927.928549999997,115.37216456024998
2019-05-29,2019-05-28,2412,BUY,421,111.55574999999999,46964.97074999999,40.155049991249996
2019-05-29,2019-05-28,3045,BUY,405,116.05799999999999,47003.49,40.187983949999996
2019-05-29,2019-05-28,4904,BUY,615,76.93845,47317.14675,40.45616047125
2019-05-29,2019-05-28,0050,SELL,230,76.46175000000001,17586.202500000003,32.6224056375
2019-05-30,2019-05-29,2880,SELL,997,20.48975,20428.28075,78.75102229125001
2019-05-30,2019-05-29,2886,SELL,669,30.384800000000002,20327.431200000003,78.362247276
2019-05-30,2019-05-29,2892,SELL,917,22.288850000000004,20438.875450000003,78.79186485975
2019-05-30,2019-05-29,5880,SELL,1012,20.1899,20432.1788,78.76604927400001
2019-05-30,2019-05-29,2412,BUY,301,112.056,33728.856,28.838171879999997
2019-05-30,2019-05-29,3045,BUY,287,118.059,33882.933,28.969907714999998
2019-05-30,2019-05-29,4904,BUY,436,77.93895,33981.3822,29.054081780999997
2019-05-30,2019-05-29,0050,SELL,167,76.711625,12810.841375,23.764110750624997
2019-05-31,2019-05-30,2880,BUY,1424,20.760375,29562.774,25.27617177
2019-05-31,2019-05-30,2886,BUY,962,30.565275,29403.79455,25.140244340249996
2019-05-31,2019-05-30,2892,BUY,1316,22.261125,29295.6405,25.0477726275
2019-05-31,2019-05-30,5880,BUY,1448,20.360175,29481.533400000004,25.206711057000003
2019-05-31,2019-05-30,2412,SELL,334,111.944,37389.296,144.13573608000002
2019-05-31,2019-05-30,3045,SELL,318,116.9415,37187.397000000004,143.357415435
2019-05-31,2019-05-30,4904,SELL,480,76.9615,36941.520000000004,142.40955960000002
2019-05-31,2019-05-30,0050,SELL,127,77.311325,9818.538274999999,18.213388500124996
2019-06-03,2019-05-31,2880,BUY,1652,20.860425,34461.422099999996,29.464515895499996
2019-06-03,2019-05-31,2886,BUY,1116,30.8154,34389.9864,29.403438372
2019-06-03,2019-05-31,2892,BUY,1531,22.361175,34234.958925,29.270889880874996
2019-06-03,2019-05-31,5880,BUY,1684,20.410199999999996,34370.77679999999,29.387014163999993
2019-06-03,2019-05-31,2412,SELL,407,111.944,45561.208,175.63845684
2019-06-03,2019-05-31,3045,SELL,388,117.941,45761.108,176.40907134
2019-06-03,2019-05-31,4904,SELL,583,78.06095,45509.53385,175.43925299174998
2019-06-03,2019-05-31,0050,SELL,97,78.16090000000001,7581.6073000000015,14.063881541500002
2019-06-04,2019-06-03,2880,BUY,1362,21.0105,28616.301,24.466937355
2019-06-04,2019-06-03,2886,BUY,923,31.0155,28627.3065,24.476347057499996
2019-06-04,2019-06-03,2892,BUY,1280,22.361175,28622.304,24.47206992
2019-06-04,2019-06-03,5880,BUY,1403,20.360175,28565.325525000004,24.423353323875002
2019-06-04,2019-06-03,2412,SELL,333,112.9435,37610.1855,144.9872651025
2019-06-04,2019-06-03,3045,SELL,319,117.941,37623.179000000004,145.037355045
2019-06-04,2019-06-03,4904,SELL,481,77.66115,37355.013150000006,144.00357569325
2019-06-04,2019-06-03,0050,SELL,72,78.410775,5645.5758000000005,10.472543109
2019-06-05,2019-06-04,2880,BUY,1011,21.060525,21292.190775,18.204823112625
2019-06-05,2019-06-04,2886,BUY,687,31.0155,21307.6485,18.2180394675
2019-06-05,2019-06-04,2892,BUY,939,22.561275,21185.037225,18.113206827375
2019-06-05,2019-06-04,5880,BUY,1041,20.460224999999998,21299.094224999997,18.210725562374996
2019-06-05,2019-06-04,2412,SELL,249,112.9435,28122.9315,108.4139009325
2019-06-05,2019-06-04,3045,SELL,239,117.941,28187.899,108.664350645
2019-06-05,2019-06-04,4904,SELL,359,77.961,27987.999,107.89373614499999
2019-06-05,2019-06-04,0050,SELL,53,78.810575,4176.960475,7.748261681124999
2019-06-06,2019-06-05,2880,BUY,854,21.11055,18028.4097,15.414290293499999
2019-06-06,2019-06-05,2886,BUY,583,30.915449999999996,18023.707349999997,15.410269784249996
2019-06-06,2019-06-05,2892,BUY,801,22.51125,18031.51125,15.416942118749999
2019-06-06,2019-06-05,5880,BUY,877,20.560275,18031.361175000002,15.416813804625
2019-06-06,2019-06-05,2412,SELL,195,112.9435,22023.9825,84.9024525375
2019-06-06,2019-06-05,3045,SELL,186,118.44075000000001,22029.9795,84.9255709725
2019-06-06,2019-06-05,4904,SELL,282,78.06095,22013.1879,84.8608393545
2019-06-06,2019-06-05,0050,SELL,40,77.66115,3106.4460000000004,5.76245733
2019-06-12,2019-06-11,2880,BUY,779,20.660324999999997,16094.393174999997,13.760706164624997
2019-06-12,2019-06-11,2886,BUY,518,31.11555,16117.8549,13.7807659395
2019-06-12,2019-06-11,2892,BUY,728,22.2111,16169.680799999998,13.825077083999998
2019-06-12,2019-06-11,5880,BUY,793,20.460224999999998,16224.958424999999,13.872339453374998
2019-06-12,2019-06-11,2412,SELL,185,112.9435,20894.5475,80.5484806125
2019-06-12,2019-06-11,3045,SELL,176,119.44025,21021.484,81.03782082
2019-06-12,2019-06-11,4904,SELL,270,77.961,21049.47,81.14570685
2019-06-12,2019-06-11,0050,SELL,31,79.36030000000001,2460.1693000000005,4.563614051500001
2019-06-20,2019-06-19,2880,BUY,319,21.160574999999998,6750.223424999999,5.7714410283749995
2019-06-20,2019-06-19,2886,BUY,214,31.465725,6733.66515,5.75728370325
2019-06-20,2019-06-19,2892,BUY,295,22.761374999999997,6714.605624999999,5.7409878093749995
2019-06-20,2019-06-19,5880,BUY,320,20.910449999999997,6691.343999999999,5.721099119999999
2019-06-20,2019-06-19,2412,SELL,255,112.44375000000001,28673.156250000004,110.53501734375001
2019-06-20,2019-06-19,3045,SELL,239,120.93950000000001,28904.540500000003,111.42700362750001
2019-06-20,2019-06-19,4904,SELL,369,78.66065,29025.779850000003,111.89438132175
2019-06-20,2019-06-19,0050,BUY,789,80.790375,63743.605875,54.500783023124995
2019-06-21,2019-06-20,2880,BUY,477,20.910449999999997,9974.28465,8.52801337575
2019-06-21,2019-06-20,2886,BUY,317,31.315649999999998,9927.06105,8.48763719775
2019-06-21,2019-06-20,2892,BUY,440,22.71135,9992.994,8.54400987
2019-06-21,2019-06-20,5880,BUY,477,20.910449999999997,9974.28465,8.52801337575
2019-06-21,2019-06-20,2412,SELL,237,112.44375000000001,26649.16875,102.73254553125
2019-06-21,2019-06-20,3045,SELL,221,120.93950000000001,26727.629500000003,103.0350117225
2019-06-21,2019-06-20,4904,SELL,342,78.16090000000001,26731.027800000003,103.048112169
2019-06-21,2019-06-20,0050,BUY,558,81.14054999999999,45276.42689999999,38.71134499949999
2019-06-24,2019-06-21,2880,SELL,316,20.7896,6569.5136,25.325474928000002
2019-06-24,2019-06-21,2886,SELL,213,30.88455,6578.40915,25.35976727325
2019-06-24,2019-06-21,2892,SELL,292,22.538725000000003,6581.307700000001,25.370941183500005
2019-06-24,2019-06-21,5880,SELL,316,20.68965,6537.9294,25.203717837
2019-06-24,2019-06-21,2412,SELL,128,113.44325,14520.736,55.977437280000004
2019-06-24,2019-06-21,3045,SELL,119,121.43925,14451.27075,55.70964874125
2019-06-24,2019-06-21,4904,SELL,186,78.16090000000001,14537.927400000002,56.043710127000004
2019-06-24,2019-06-21,0050,BUY,901,80.84039999999999,72837.20039999999,62.27580634199999
2019-06-25,2019-06-24,2880,SELL,539,20.939525,11286.403975,43.509087323624996
2019-06-25,2019-06-24,2886,SELL,366,30.88455,11303.7453,43.5759381315
2019-06-25,2019-06-24,2892,SELL,497,22.68865,11276.259049999999,43.469978637749996
2019-06-25,2019-06-24,5880,SELL,541,20.7896,11247.1736,43.357854228
2019-06-25,2019-06-24,2412,SELL,56,113.44325,6352.822,24.49012881
2019-06-25,2019-06-24,3045,SELL,52,122.43875000000001,6366.8150000000005,24.544071825000003
2019-06-25,2019-06-24,4904,SELL,81,78.36080000000001,6347.224800000001,24.468551604
2019-06-25,2019-06-24,0050,BUY,803,81.190575,65196.03172499999,55.74260712487499
2019-07-11,2019-07-10,2880,BUY,813,21.0105,17081.536500000002,14.604713707500002
2019-07-11,2019-07-10,2886,BUY,540,31.6158,17072.532,14.597014859999998
2019-07-11,2019-07-10,2892,BUY,747,22.861425,17077.484475,14.601249226125
2019-07-11,2019-07-10,5880,BUY,823,20.8104,17126.9592,14.643550116
2019-07-11,2019-07-10,2412,SELL,266,113.44325,30175.9045,116.3281118475
2019-07-11,2019-07-10,3045,SELL,266,113.44325,30175.9045,116.3281118475
2019-07-11,2019-07-10,4904,SELL,393,76.9615,30245.8695,116.5978269225
2019-07-11,2019-07-10,0050,BUY,432,82.691325,35722.652400000006,30.542867802000004
2019-08-08,2019-08-07,2880,BUY,794,21.31065,16920.6561,14.4671609655
2019-08-08,2019-08-07,2886,BUY,543,30.915449999999996,16787.08935,14.352961394249999
2019-08-08,2019-08-07,2892,BUY,743,22.6113,16800.1959,14.364167494499998
2019-08-08,2019-08-07,5880,BUY,821,20.560275,16879.985775,14.432387837625
2019-08-08,2019-08-07,2412,SELL,219,106.44675000000001,23311.83825,89.86713645375
2019-08-08,2019-08-07,3045,SELL,213,109.44525,23311.83825,89.86713645375
2019-08-08,2019-08-07,4904,SELL,325,71.7641,23323.3325,89.9114467875
2019-08-08,2019-08-07,0050,BUY,407,80.090025,32596.640175,27.870127349625
2019-08-12,2019-08-08,2880,BUY,779,21.360675,16639.965825,14.227170780375
2019-08-12,2019-08-08,2886,BUY,534,29.31465,15654.0231,13.3841897505
2019-08-12,2019-08-08,2892,BUY,729,21.6108,15754.273200000001,13.469903586000001
2019-08-12,2019-08-08,5880,BUY,801,20.8104,16669.130400000002,14.252106492000001
2019-08-12,2019-08-08,2412,SELL,111,107.44625,11926.53375,45.97678760625
2019-08-12,2019-08-08,3045,SELL,109,109.44525,11929.53225,45.98834682375
2019-08-12,2019-08-08,4904,SELL,167,71.1644,11884.4548,45.814573253999995
2019-08-12,2019-08-08,0050,SELL,258,80.60967500000001,20797.296150000002,38.578984358250004
2019-08-15,2019-08-14,2880,BUY,768,19.659824999999998,15098.745599999998,12.909427487999999
2019-08-15,2019-08-14,2886,BUY,586,27.913949999999996,16357.574699999997,13.985726368499996
2019-08-15,2019-08-14,2892,BUY,779,21.11055,16445.11845,14.060576274750002
2019-08-15,2019-08-14,5880,BUY,838,19.559775,16391.09145,14.01438318975
2019-08-15,2019-08-14,2412,SELL,45,106.9465,4812.5925,18.5525440875
2019-08-15,2019-08-14,3045,SELL,44,110.9445,4881.558,18.81840609
2019-08-15,2019-08-14,4904,SELL,68,71.26435000000001,4845.9758,18.681236709
2019-08-15,2019-08-14,0050,SELL,133,79.16040000000001,10528.333200000001,19.530058086
2019-08-19,2019-08-16,2880,SELL,3289,19.89005,65418.374449999996,252.18783350475
2019-08-19,2019-08-16,2886,SELL,2311,28.285850000000003,65368.59935000001,251.99595049425002
2019-08-19,2019-08-16,2892,SELL,3072,21.289350000000002,65400.88320000001,252.12040473600004
2019-08-19,2019-08-16,5880,SELL,3289,19.840075000000002,65254.006675000004,251.554195732125
2019-08-19,2019-08-16,2412,BUY,94,107.55375,10110.0525,8.6440948875
2019-08-19,2019-08-16,3045,BUY,92,110.55525,10171.083,8.696275965
2019-08-19,2019-08-16,4904,BUY,142,71.4357,10143.8694,8.673008336999999
2019-08-19,2019-08-16,0050,BUY,213,80.790375,17208.349875,14.713139143125
2019-08-20,2019-08-19,2880,SELL,839,19.940025000000002,16729.680975000003,64.49292015862501
2019-08-20,2019-08-19,2886,SELL,591,28.285850000000003,16716.937350000004,64.44379348425001
2019-08-20,2019-08-19,2892,SELL,784,21.339325000000002,16730.0308,64.494268734
2019-08-20,2019-08-19,5880,SELL,843,19.790100000000002,16683.054300000003,64.31317432650002
2019-08-20,2019-08-19,2412,BUY,26,107.55375,2796.3975,2.3909198625
2019-08-20,2019-08-19,3045,BUY,26,110.55525,2874.4365,2.4576432075
2019-08-20,2019-08-19,4904,BUY,40,71.33564999999999,2853.4259999999995,2.4396792299999994
2019-08-20,2019-08-19,0050,BUY,44,80.890425,3559.1786999999995,3.0430977884999995
2019-08-22,2019-08-21,2880,SELL,880,19.89005,17503.244,67.47500561999999
2019-08-22,2019-08-21,2886,SELL,620,28.235875,17506.2425,67.4865648375
2019-08-22,2019-08-21,2892,SELL,826,21.1894,17502.4444,67.471923162
2019-08-22,2019-08-21,5880,SELL,889,19.69015,17504.54335,67.48001461425
2019-08-22,2019-08-21,2412,BUY,53,107.55375,5700.34875,4.87379818125
2019-08-22,2019-08-21,3045,BUY,52,110.05499999999999,5722.86,4.8930453
2019-08-22,2019-08-21,4904,BUY,79,71.93595,5682.94005,4.8589137427499995
2019-08-22,2019-08-21,0050,BUY,571,81.34065,46445.51115,39.71091203325
2019-08-29,2019-08-28,2880,SELL,1247,19.69015,24553.61705,94.65419372775
2019-08-29,2019-08-28,2886,SELL,873,28.035975,24475.406175,94.352690804625
2019-08-29,2019-08-28,2892,SELL,1156,21.1894,24494.9464,94.428018372
2019-08-29,2019-08-28,5880,SELL,1250,19.590200000000003,24487.750000000004,94.40027625000002
2019-08-29,2019-08-28,2412,BUY,185,108.05399999999999,19989.989999999998,17.091441449999998
2019-08-29,2019-08-28,3045,BUY,180,111.0555,19989.989999999998,17.091441449999998
2019-08-29,2019-08-28,4904,BUY,279,71.93595,20070.13005,17.15996119275
2019-08-29,2019-08-28,0050,BUY,627,80.490225,50467.371074999995,43.149602269125
2019-08-30,2019-08-29,2880,SELL,894,19.790100000000002,17692.349400000003,68.204006937
2019-08-30,2019-08-29,2886,SELL,629,28.1859,17728.9311,68.3450293905
2019-08-30,2019-08-29,2892,SELL,831,21.339325000000002,17732.979075000003,68.36063433412501
2019-08-30,2019-08-29,5880,SELL,894,19.69015,17602.9941,67.8595422555
2019-08-30,2019-08-29,2412,BUY,124,108.55425,13460.726999999999,11.508921585
2019-08-30,2019-08-29,3045,BUY,121,111.55574999999999,13498.245749999998,11.541000116249998
2019-08-30,2019-08-29,4904,BUY,186,72.73635,13528.9611,11.5672617405
2019-08-30,2019-08-29,0050,BUY,453,81.190575,36779.330474999995,31.446327556124995
2019-09-05,2019-09-04,2880,SELL,1101,20.039975000000002,22064.012475000003,85.05676809112501
2019-09-05,2019-09-04,2886,SELL,774,28.485750000000003,22047.970500000003,84.99492627750001
2019-09-05,2019-09-04,2892,SELL,1027,21.3893,21966.8111,84.6820567905
2019-09-05,2019-09-04,5880,SELL,1090,20.1899,22006.991,84.836950305
2019-09-05,2019-09-04,2412,BUY,25,109.55475,2738.86875,2.34173278125
2019-09-05,2019-09-04,3045,BUY,25,111.55574999999999,2788.8937499999997,2.38450415625
2019-09-05,2019-09-04,4904,BUY,38,72.8364,2767.7832,2.366454636
2019-09-05,2019-09-04,0050,BUY,1200,82.591275,99109.53,84.73864814999999
2019-09-06,2019-09-05,2880,SELL,347,20.1899,7005.8953,27.0077263815
2019-09-06,2019-09-05,2886,SELL,245,28.635675,7015.740374999999,27.045679145624998
2019-09-06,2019-09-05,2892,SELL,325,21.439275000000002,6967.764375000001,26.860731665625003
2019-09-06,2019-09-05,5880,SELL,345,20.339825,7017.239625,27.051458754375002
2019-09-06,2019-09-05,2412,SELL,133,109.44525,14556.21825,56.11422135375
2019-09-06,2019-09-05,3045,SELL,130,111.944,14552.720000000001,56.1007356
2019-09-06,2019-09-05,4904,SELL,200,73.06345,14612.69,56.33191995
2019-09-06,2019-09-05,0050,BUY,906,83.291625,75462.21225,64.52019147374999
2019-09-11,2019-09-10,2880,SELL,198,20.839575000000004,4126.235850000001,15.906639201750004
2019-09-11,2019-09-10,2886,SELL,140,29.585200000000004,4141.928000000001,15.967132440000002
2019-09-11,2019-09-10,2892,SELL,188,21.989,4133.932,15.93630786
2019-09-11,2019-09-10,5880,SELL,200,20.589700000000004,4117.9400000000005,15.874658700000001
2019-09-11,2019-09-10,2412,SELL,133,110.9445,14755.6185,56.8829093175
2019-09-11,2019-09-10,3045,SELL,130,113.44325,14747.622500000001,56.85208473750001
2019-09-11,2019-09-10,4904,SELL,201,73.46325,14766.11325,56.92336657875
2019-09-11,2019-09-10,0050,BUY,842,83.79187499999999,70552.75875,60.32260873124999
2019-09-20,2019-09-19,2880,BUY,1375,21.2106,29164.575,24.935711625
2019-09-20,2019-09-19,2886,BUY,989,29.51475,29190.08775,24.957525026249996
2019-09-20,2019-09-19,2892,BUY,1310,22.261125,29162.07375,24.933573056249998
2019-09-20,2019-09-19,5880,BUY,1401,20.8104,29155.370400000003,24.927841692
2019-09-20,2019-09-19,2412,SELL,179,111.944,20037.976,77.24639748
2019-09-20,2019-09-19,3045,SELL,175,114.44275,20027.48125,77.20594021875
2019-09-20,2019-09-19,4904,SELL,271,73.66315,19962.71365,76.95626112075
2019-09-20,2019-09-19,0050,SELL,616,84.60767500000001,52118.32780000001,96.679498069
2019-10-02,2019-10-01,2880,BUY,783,21.2106,16607.8998,14.199754329
2019-10-02,2019-10-01,2886,BUY,580,28.764374999999998,16683.337499999998,14.264253562499997
2019-10-02,2019-10-01,2892,BUY,756,22.011,16640.316,14.22747018
2019-10-02,2019-10-01,5880,BUY,807,20.560275,16592.141925,14.186281345874999
2019-10-02,2019-10-01,2412,SELL,44,111.944,4925.536,18.98794128
2019-10-02,2019-10-01,3045,SELL,43,113.44325,4878.05975,18.80492033625
2019-10-02,2019-10-01,4904,SELL,67,72.66365,4868.464550000001,18.767930840250003
2019-10-02,2019-10-01,0050,SELL,278,85.5572,23784.901599999997,44.12099246799999
2019-10-16,2019-10-15,2880,SELL,356,21.1894,7543.426399999999,29.079908771999996
2019-10-16,2019-10-15,2886,SELL,259,29.1854,7559.0186,29.140016703
2019-10-16,2019-10-15,2892,SELL,342,22.038975,7537.32945,29.05640502975
2019-10-16,2019-10-15,5880,SELL,368,20.539725,7558.6188,29.138475474
2019-10-16,2019-10-15,2412,SELL,88,111.944,9851.072,37.97588256
2019-10-16,2019-10-15,3045,SELL,87,113.44325,9869.562750000001,38.04716440125
2019-10-16,2019-10-15,4904,SELL,137,72.36380000000001,9913.840600000001,38.217855513
2019-10-16,2019-10-15,0050,BUY,944,88.044,83113.536,71.06207327999999
2019-12-04,2019-12-03,2880,BUY,1162,21.710849999999997,25228.0077,21.5699465835
2019-12-04,2019-12-03,2886,BUY,841,30.11505,25326.75705,21.65437727775
2019-12-04,2019-12-03,2892,BUY,1098,23.011499999999998,25266.626999999997,21.602966084999995
2019-12-04,2019-12-03,5880,BUY,1218,20.71035,25225.206299999998,21.567551386499996
2019-12-04,2019-12-03,2412,BUY,22,113.0565,2487.243,2.126592765
2019-12-04,2019-12-03,3045,BUY,21,115.05749999999999,2416.2075,2.0658574124999998
2019-12-04,2019-12-03,4904,BUY,34,73.8369,2510.4546,2.146438683
2019-12-04,2019-12-03,0050,SELL,451,91.804075,41403.637825,76.803748165375
2019-12-30,2019-12-27,2880,BUY,777,22.11105,17180.28585,14.68914440175
2019-12-30,2019-12-27,2886,BUY,555,30.915449999999996,17158.07475,14.670153911249999
2019-12-30,2019-12-27,2892,BUY,716,23.911949999999997,17120.956199999997,14.638417550999996
2019-12-30,2019-12-27,5880,BUY,821,20.910449999999997,17167.47945,14.67819492975
2019-12-30,2019-12-27,2412,BUY,2,111.55574999999999,223.11149999999998,0.19076033249999996
2019-12-30,2019-12-27,3045,BUY,2,113.55675,227.1135,0.19418204249999999
2019-12-30,2019-12-27,4904,BUY,3,73.13654999999999,219.40964999999994,0.18759525074999994
2019-12-30,2019-12-27,0050,SELL,266,97.95100000000001,26054.966,48.33196193
2020-01-31,2020-01-30,2880,BUY,864,21.560775,18628.5096,15.927375708
2020-01-31,2020-01-30,2886,BUY,595,31.265625,18603.046875,15.905605078125
2020-01-31,2020-01-30,2892,BUY,790,23.461724999999998,18534.762749999998,15.847222151249998
2020-01-31,2020-01-30,5880,BUY,901,20.6103,18569.880299999997,15.877247656499996
2020-01-31,2020-01-30,2412,SELL,17,107.44625,1826.58625,7.04148999375
2020-01-31,2020-01-30,3045,SELL,18,106.9465,1925.037,7.421017635
2020-01-31,2020-01-30,4904,SELL,28,68.9655,1931.034,7.44413607
2020-01-31,2020-01-30,0050,SELL,407,90.60467500000001,36876.102725000004,68.405170554875
2020-02-10,2020-02-07,2880,BUY,1282,21.6108,27705.0456,23.687813988
2020-02-10,2020-02-07,2886,BUY,873,31.565775,27556.921575,23.561167946624998
2020-02-10,2020-02-07,2892,BUY,1159,23.811899999999998,27597.992099999996,23.596283245499997
2020-02-10,2020-02-07,5880,BUY,1318,21.0105,27691.839,23.676522345
2020-02-10,2020-02-07,2412,BUY,18,109.05449999999999,1962.9809999999998,1.6783487549999998
2020-02-10,2020-02-07,3045,BUY,18,108.05399999999999,1944.9719999999998,1.6629510599999997
2020-02-10,2020-02-07,4904,BUY,29,66.93345000000001,1941.0700500000003,1.65961489275
2020-02-10,2020-02-07,0050,SELL,1275,89.955,114692.625,212.75481937499998
2020-02-12,2020-02-11,2880,BUY,635,21.760875,13818.155625,11.814523059374999
2020-02-12,2020-02-11,2886,BUY,429,32.066024999999996,13756.324724999999,11.761657639874999
2020-02-12,2020-02-11,2892,BUY,573,24.012,13758.876,11.76383898
2020-02-12,2020-02-11,5880,BUY,650,21.2106,13786.89,11.78779095
2020-02-12,2020-02-11,2412,BUY,24,109.05449999999999,2617.308,2.23779834
2020-02-12,2020-02-11,3045,BUY,24,107.55375,2581.29,2.2070029499999997
2020-02-12,2020-02-11,4904,BUY,39,67.13354999999999,2618.2084499999996,2.2385682247499994
2020-02-12,2020-02-11,0050,SELL,896,91.95400000000001,82390.78400000001,152.83490432000002
2020-02-26,2020-02-25,2880,SELL,1142,21.539225000000002,24597.794950000003,94.82449953225002
2020-02-26,2020-02-25,2886,SELL,756,32.333825000000004,24444.371700000003,94.23305290350001
2020-02-26,2020-02-25,2892,SELL,1030,23.738125,24450.26875,94.25578603125
2020-02-26,2020-02-25,5880,SELL,1180,20.839575000000004,24590.698500000006,94.79714271750002
2020-02-26,2020-02-25,2412,BUY,7,108.05399999999999,756.3779999999999,0.6467031899999999
2020-02-26,2020-02-25,3045,BUY,7,106.053,742.371,0.6347272049999999
2020-02-26,2020-02-25,4904,BUY,12,66.033,792.396,0.67749858
2020-02-26,2020-02-25,0050,SELL,179,89.10542500000001,15949.871075000003,29.587010844125004
2020-03-10,2020-03-09,2880,SELL,2159,20.589700000000004,44453.16230000001,171.36694066650003
2020-03-10,2020-03-09,2886,SELL,1431,31.084450000000004,44481.84795,171.47752384725
2020-03-10,2020-03-09,2892,SELL,2002,22.238875,44522.22775,171.63318797624999
2020-03-10,2020-03-09,5880,SELL,2233,19.990000000000002,44637.670000000006,172.07821785000002
2020-03-10,2020-03-09,2412,BUY,697,107.0535,74616.2895,63.7969275225
2020-03-10,2020-03-09,3045,BUY,720,103.05149999999999,74197.07999999999,63.43850339999999
2020-03-10,2020-03-09,4904,BUY,1152,64.73235,74571.6672,63.758775455999995
2020-03-10,2020-03-09,0050,SELL,928,84.95750000000001,78840.56000000001,146.2492388
2020-03-11,2020-03-10,2880,SELL,1814,20.839575000000004,37802.989050000004,145.73052278775
2020-03-11,2020-03-10,2886,SELL,1209,31.284350000000003,37822.77915,145.80681362325
2020-03-11,2020-03-10,2892,SELL,1677,22.588700000000003,37881.2499,146.0322183645
2020-03-11,2020-03-10,5880,SELL,1867,20.28985,37881.14995,146.03183305725
2020-03-11,2020-03-10,2412,BUY,721,108.05399999999999,77906.934,66.61042857
2020-03-11,2020-03-10,3045,BUY,731,105.55274999999999,77159.06025,65.97099651375
2020-03-11,2020-03-10,4904,BUY,1169,66.13305,77309.53545,66.09965280975
2020-03-11,2020-03-10,0050,SELL,962,86.40677500000001,83123.31755,154.19375405525
2020-03-12,2020-03-11,2880,SELL,2041,20.539725,41921.578725,161.607685984875
2020-03-12,2020-03-11,2886,SELL,1357,30.734625,41706.886125000005,160.78004601187502
2020-03-12,2020-03-11,2892,SELL,1870,22.48875,42053.9625,162.1180254375
2020-03-12,2020-03-11,5880,SELL,2087,20.08995,41927.72565,161.63138238075
2020-03-12,2020-03-11,2412,BUY,600,108.05399999999999,64832.399999999994,55.431701999999994
2020-03-12,2020-03-11,3045,BUY,618,104.55225,64613.2905,55.2443633775
2020-03-12,2020-03-11,4904,BUY,983,65.93295,64812.089850000004,55.41433682175
2020-03-12,2020-03-11,0050,SELL,753,84.45775,63596.685750000004,117.97185206625
2020-03-13,2020-03-12,2880,SELL,1423,18.69065,26596.794950000003,102.53064453225001
2020-03-13,2020-03-12,2886,SELL,942,28.335825000000003,26692.34715,102.89899826325001
2020-03-13,2020-03-12,2892,SELL,1306,20.439775,26694.34615,102.90670440825001
2020-03-13,2020-03-12,5880,SELL,1452,18.69065,27138.823800000002,104.62016574900001
2020-03-13,2020-03-12,2412,BUY,519,106.55324999999999,55301.13675,47.28247192124999
2020-03-13,2020-03-12,3045,BUY,529,103.05149999999999,54514.2435,46.6096781925
2020-03-13,2020-03-12,4904,BUY,866,62.031,53718.846,45.929613329999995
2020-03-13,2020-03-12,0050,SELL,578,77.961,45061.458,83.58900458999999
2020-03-16,2020-03-13,2880,SELL,1945,19.3903,37714.133499999996,145.3879846425
2020-03-16,2020-03-13,2886,SELL,1267,29.08545,36851.26515,142.06162715325
2020-03-16,2020-03-13,2892,SELL,1797,21.039475000000003,37807.93657500001,145.74959549662503
2020-03-16,2020-03-13,5880,SELL,2006,18.640674999999998,37393.19405,144.15076306275
2020-03-16,2020-03-13,2412,BUY,642,106.55324999999999,68407.1865,58.48814445749999
2020-03-16,2020-03-13,3045,BUY,648,104.55225,67749.85800000001,57.926128590000005
2020-03-16,2020-03-13,4904,BUY,1090,62.53125,68159.0625,58.2759984375
2020-03-16,2020-03-13,0050,SELL,453,79.96000000000001,36221.880000000005,67.1915874
2020-03-17,2020-03-16,2880,SELL,1591,17.89105,28464.66055,109.73126642025
2020-03-17,2020-03-16,2886,SELL,1028,27.7861,28564.110800000002,110.11464713400001
2020-03-17,2020-03-16,2892,SELL,1484,19.3903,28775.2052,110.928416046
2020-03-17,2020-03-16,5880,SELL,1644,17.241375,28344.8205,109.26928302750001
2020-03-17,2020-03-16,2412,BUY,523,104.05199999999999,54419.195999999996,46.528412579999994
2020-03-17,2020-03-16,3045,BUY,531,102.05099999999999,54189.08099999999,46.33166425499999
2020-03-17,2020-03-16,4904,BUY,902,60.93044999999999,54959.26589999999,46.99017234449999
2020-03-17,2020-03-16,0050,SELL,329,74.26285,24432.47765,45.322246040749995
2020-03-18,2020-03-17,2880,SELL,1070,17.841075000000004,19089.950250000005,73.59175821375001
2020-03-18,2020-03-17,2886,SELL,682,27.5862,18813.7884,72.527154282
2020-03-18,2020-03-17,2892,SELL,982,19.3903,19041.2746,73.404113583
2020-03-18,2020-03-17,5880,SELL,1101,17.341325,19092.798825,73.602739470375
2020-03-18,2020-03-17,2412,BUY,343,107.0535,36719.3505,31.3950446775
2020-03-18,2020-03-17,3045,BUY,356,102.55125,36508.244999999995,31.214549474999995
2020-03-18,2020-03-17,4904,BUY,585,61.53075,35995.48875,30.776142881249996
2020-03-18,2020-03-17,0050,SELL,249,74.912525,18653.218725,34.601720734874995
2020-03-19,2020-03-18,2880,SELL,7906,16.991500000000002,134334.79900000003,517.8606501450001
2020-03-19,2020-03-18,2886,SELL,4941,27.486250000000002,135809.56125,523.54585861875
2020-03-19,2020-03-18,2892,SELL,7263,18.290850000000002,132846.44355000003,512.1230398852501
2020-03-19,2020-03-18,5880,SELL,8091,16.591700000000003,134243.44470000002,517.5084793185001
2020-03-19,2020-03-18,2412,BUY,313,104.05199999999999,32568.275999999998,27.84587598
2020-03-19,2020-03-18,3045,BUY,330,98.54925,32521.2525,27.805670887499996
2020-03-19,2020-03-18,4904,BUY,530,61.030499999999996,32346.164999999997,27.655971074999997
2020-03-19,2020-03-18,0050,SELL,184,70.9645,13057.468,24.22160314
2020-03-20,2020-03-19,2880,SELL,1815,16.49175,29932.52625,115.38988869375
2020-03-20,2020-03-19,2886,SELL,1110,26.68665,29622.1815,114.1935096825
2020-03-20,2020-03-19,2892,SELL,1700,17.49125,29735.125,114.628906875
2020-03-20,2020-03-19,5880,SELL,1827,16.29185,29765.20995,114.74488435725
2020-03-20,2020-03-19,2412,BUY,143,106.053,15165.579,12.966570045
2020-03-20,2020-03-19,3045,BUY,151,100.55024999999999,15183.087749999999,12.981540026249998
2020-03-20,2020-03-19,4904,BUY,242,62.031,15011.502,12.83483421
2020-03-20,2020-03-19,0050,SELL,140,70.9645,9935.03,18.42948065
2020-03-23,2020-03-20,2880,SELL,1870,16.641675,31119.932249999998,119.96733882374998
2020-03-23,2020-03-20,2886,SELL,1181,26.536725,31339.872225,120.815207427375
2020-03-23,2020-03-20,2892,SELL,1770,17.89105,31667.1585,122.0768960175
2020-03-23,2020-03-20,5880,SELL,1897,16.541725000000003,31379.652325000006,120.96855971287502
2020-03-23,2020-03-20,2412,BUY,332,105.0525,34877.43,29.82020265
2020-03-23,2020-03-20,3045,BUY,354,98.34915,34815.5991,29.767337230499997
2020-03-23,2020-03-20,4904,BUY,571,60.530249999999995,34562.77275,29.551170701249994
2020-03-23,2020-03-20,0050,SELL,118,70.9645,8373.811,15.533419404999998
2020-03-26,2020-03-25,2880,SELL,8658,17.991,155766.078,600.47823069
2020-03-26,2020-03-25,2886,SELL,5560,28.085950000000004,156157.882,601.98863511
2020-03-26,2020-03-25,2892,SELL,7970,19.49025,155337.2925,598.8252625875
2020-03-26,2020-03-25,5880,SELL,8563,18.040975000000003,154484.86892500002,595.539169705875
2020-03-26,2020-03-25,2412,BUY,82,108.05399999999999,8860.428,7.5756659399999995
2020-03-26,2020-03-25,3045,BUY,87,102.05099999999999,8878.436999999998,7.5910636349999985
2020-03-26,2020-03-25,4904,BUY,141,63.93194999999999,9014.404949999998,7.707316232249998
2020-03-26,2020-03-25,0050,SELL,33,77.36130000000001,2552.9229000000005,4.7356719795
2020-03-27,2020-03-26,2880,SELL,2198,18.290850000000002,40203.28830000001,154.98367639650002
2020-03-27,2020-03-26,2886,SELL,1405,28.335825000000003,39811.834125,153.474620551875
2020-03-27,2020-03-26,2892,SELL,2034,19.790100000000002,40253.06340000001,155.175559407
2020-03-27,2020-03-26,5880,SELL,2180,18.490750000000002,40309.83500000001,155.394413925
2020-03-27,2020-03-26,2412,BUY,26,108.05399999999999,2809.4039999999995,2.4020404199999996
2020-03-27,2020-03-26,3045,BUY,28,102.05099999999999,2857.428,2.44310094
2020-03-27,2020-03-26,4904,BUY,44,64.93245,2857.0278000000003,2.442758769
2020-03-27,2020-03-26,0050,SELL,10,78.26085,782.6085,1.4517387675
2020-04-08,2020-04-07,2880,SELL,964,18.040975000000003,17391.499900000003,67.0442321145
2020-04-08,2020-04-07,2886,SELL,614,28.3858,17428.8812,67.188337026
2020-04-08,2020-04-07,2892,SELL,884,19.69015,17406.0926,67.100486973
2020-04-08,2020-04-07,5880,SELL,943,18.490750000000002,17436.777250000003,67.21877629875002
2020-04-08,2020-04-07,2412,BUY,128,107.55375,13766.88,11.770682399999998
2020-04-08,2020-04-07,3045,BUY,134,102.05099999999999,13674.833999999999,11.69198307
2020-04-08,2020-04-07,4904,BUY,213,64.33215,13702.747949999999,11.715849497249998
2020-04-08,2020-04-07,0050,SELL,56,78.46075,4393.802000000001,8.150502710000001
2020-04-22,2020-04-21,2880,BUY,541,17.908949999999997,9688.741949999998,8.283874367249998
2020-04-22,2020-04-21,2886,BUY,344,28.014,9636.815999999999,8.239477679999998
2020-04-22,2020-04-21,2892,BUY,486,19.959974999999996,9700.547849999999,8.293968411749999
2020-04-22,2020-04-21,5880,BUY,509,18.909449999999996,9624.910049999999,8.229298092749998
2020-04-22,2020-04-21,2412,SELL,117,107.94600000000001,12629.682,48.68742411
2020-04-22,2020-04-21,3045,SELL,120,105.44725000000001,12653.670000000002,48.779897850000005
2020-04-22,2020-04-21,4904,SELL,197,63.968,12601.696,48.57953808
2020-04-22,2020-04-21,0050,BUY,1019,80.03999999999999,81560.76,69.7344498
2020-04-24,2020-04-23,2880,BUY,141,18.059025,2546.3225249999996,2.1771057588749994
2020-04-24,2020-04-23,2886,BUY,90,28.314149999999998,2548.2735,2.1787738424999996
2020-04-24,2020-04-23,2892,BUY,128,20.410199999999996,2612.5055999999995,2.2336922879999994
2020-04-24,2020-04-23,5880,BUY,134,19.0095,2547.2729999999997,2.1779184149999997
2020-04-24,2020-04-23,2412,SELL,143,108.94550000000001,15579.206500000002,60.057841057500006
2020-04-24,2020-04-23,3045,SELL,148,105.947,15680.156,60.44700138
2020-04-24,2020-04-23,4904,SELL,243,64.86755000000001,15762.814650000002,60.76565047575001
2020-04-24,2020-04-23,0050,BUY,773,80.84039999999999,62489.62919999999,53.42863296599999
2020-04-29,2020-04-28,2880,BUY,538,18.909449999999996,10173.284099999997,8.698157905499997
2020-04-29,2020-04-28,2886,BUY,345,29.814899999999998,10286.1405,8.794650127499999
2020-04-29,2020-04-28,2892,BUY,477,21.31065,10165.180049999999,8.69122894275
2020-04-29,2020-04-28,5880,BUY,513,19.8099,10162.4787,8.6889192885
2020-04-29,2020-04-28,2412,SELL,200,109.44525,21889.05,84.38228774999999
2020-04-29,2020-04-28,3045,SELL,203,106.9465,21710.1395,83.6925877725
2020-04-29,2020-04-28,4904,SELL,334,66.16690000000001,22099.744600000005,85.19451543300002
2020-04-29,2020-04-28,0050,BUY,650,83.09152499999999,54009.49124999999,46.17811501874999
2020-05-05,2020-05-04,2880,BUY,865,19.2096,16616.304,14.20693992
2020-05-05,2020-05-04,2886,BUY,560,29.464724999999998,16500.246,14.107710329999998
2020-05-05,2020-05-04,2892,BUY,759,21.860925,16592.442075000003,14.186537974125002
2020-05-05,2020-05-04,5880,BUY,836,19.70985,16477.4346,14.088206583
2020-05-05,2020-05-04,2412,SELL,54,108.94550000000001,5883.057000000001,22.679184735000003
2020-05-05,2020-05-04,3045,SELL,54,107.44625,5802.097500000001,22.3670858625
2020-05-05,2020-05-04,4904,SELL,89,66.66665,5933.3318500000005,22.872994281750003
2020-05-05,2020-05-04,0050,BUY,155,83.54175,12948.971249999999,11.071370418749998
2020-05-12,2020-05-11,2880,BUY,1069,19.259625,20588.539125,17.603200951875
2020-05-12,2020-05-11,2886,BUY,680,30.365175,20648.319,17.654312745
2020-05-12,2020-05-11,2892,BUY,940,21.910949999999996,20596.292999999998,17.609830515
2020-05-12,2020-05-11,5880,BUY,1029,20.009999999999998,20590.289999999997,17.60469795
2020-05-12,2020-05-11,2412,SELL,111,109.94500000000001,12203.895,47.046015225
2020-05-12,2020-05-11,3045,SELL,113,107.44625,12141.42625,46.80519819375
2020-05-12,2020-05-11,4904,SELL,182,66.96650000000001,12187.903000000002,46.98436606500001
2020-05-12,2020-05-11,0050,SELL,87,84.5577,7356.519899999999,13.646344414499998
2020-05-19,2020-05-18,2880,BUY,1393,19.409699999999997,27037.712099999997,23.117243845499996
2020-05-19,2020-05-18,2886,BUY,881,30.6153,26972.0793,23.0611278015
2020-05-19,2020-05-18,2892,BUY,1214,22.161074999999997,26903.545049999997,23.002531017749998
2020-05-19,2020-05-18,5880,BUY,1327,20.210099999999997,26818.802699999997,22.930076308499995
2020-05-19,2020-05-18,2412,SELL,124,111.44425000000001,13819.087000000001,53.272580385000005
2020-05-19,2020-05-18,3045,SELL,127,108.44575,13772.61025,53.093412513749996
2020-05-19,2020-05-18,4904,SELL,206,67.66615,13939.2269,53.735719699499995
2020-05-19,2020-05-18,0050,SELL,140,84.35780000000001,11810.092000000002,21.907720660000003
2020-05-26,2020-05-25,2880,BUY,1213,19.30965,23422.605450000003,20.026327659750002
2020-05-26,2020-05-25,2886,BUY,767,30.715349999999997,23558.67345,20.14266579975
2020-05-26,2020-05-25,2892,BUY,1053,22.261125,23440.964625,20.042024754375
2020-05-26,2020-05-25,5880,BUY,1164,20.11005,23408.0982,20.013923961
2020-05-26,2020-05-25,2412,SELL,14,110.9445,1553.223,5.987674665
2020-05-26,2020-05-25,3045,SELL,14,107.44625,1504.2475000000002,5.798874112500001
2020-05-26,2020-05-25,4904,SELL,24,65.5672,1573.6127999999999,6.0662773439999995
2020-05-26,2020-05-25,0050,SELL,516,84.207875,43451.2635,80.6020937925
2020-06-02,2020-06-01,2880,BUY,2268,19.70985,44701.9398,38.220158528999995
2020-06-02,2020-06-01,2886,BUY,1452,30.715349999999997,44598.6882,38.131878410999995
2020-06-02,2020-06-01,2892,BUY,1942,22.961474999999997,44591.18444999999,38.12546270474999
2020-06-02,2020-06-01,5880,BUY,2153,20.760375,44697.087375,38.216009705625
2020-06-02,2020-06-01,2412,SELL,625,111.44425000000001,69652.65625,268.51098984375
2020-06-02,2020-06-01,3045,SELL,654,106.9465,69943.011,269.630307405
2020-06-02,2020-06-01,4904,SELL,1071,65.5672,70222.4712,270.707626476
2020-06-02,2020-06-01,0050,BUY,119,85.04249999999999,10120.057499999999,8.6526491625
2020-06-03,2020-06-02,2880,BUY,1794,20.160075,36167.174549999996,30.922934240249994
2020-06-03,2020-06-02,2886,BUY,1155,31.2156,36054.018,30.826185389999996
2020-06-03,2020-06-02,2892,BUY,1546,23.31165,36039.8109,30.814038319499996
2020-06-03,2020-06-02,5880,BUY,1704,21.11055,35972.3772,30.756382506
2020-06-03,2020-06-02,2412,SELL,656,111.944,73435.264,283.09294272
2020-06-03,2020-06-02,3045,SELL,687,106.9465,73472.2455,283.2355064025
2020-06-03,2020-06-02,4904,SELL,1122,66.7666,74912.1252,288.78624264599995
2020-06-03,2020-06-02,0050,BUY,132,86.19307500000001,11377.485900000001,9.727750444500002
2020-06-04,2020-06-03,2880,BUY,1371,20.410199999999996,27982.384199999993,23.924938490999992
2020-06-04,2020-06-03,2886,BUY,889,31.515749999999997,28017.501749999996,23.954963996249994
2020-06-04,2020-06-03,2892,BUY,1200,23.31165,27973.98,23.9177529
2020-06-04,2020-06-03,5880,BUY,1319,21.260624999999997,28042.764374999995,23.976563540624994
2020-06-04,2020-06-03,2412,SELL,592,112.9435,66862.552,257.75513795999996
2020-06-04,2020-06-03,3045,SELL,614,107.94600000000001,66278.84400000001,255.50494362000003
2020-06-04,2020-06-03,4904,SELL,995,67.46625,67128.91875,258.78198178125
2020-06-04,2020-06-03,0050,BUY,232,87.54374999999999,20310.149999999998,17.365178249999996
2020-06-05,2020-06-04,2880,BUY,968,20.260125,19611.801,16.768089855
2020-06-05,2020-06-04,2886,BUY,624,31.415699999999998,19603.3968,16.760904263999997
2020-06-05,2020-06-04,2892,BUY,847,23.11155,19575.48285,16.737037836749998
2020-06-05,2020-06-04,5880,BUY,923,21.260624999999997,19623.556875,16.778141128124997
2020-06-05,2020-06-04,2412,SELL,512,112.9435,57827.072,222.92336256
2020-06-05,2020-06-04,3045,SELL,536,107.94600000000001,57859.056000000004,223.04666088000002
2020-06-05,2020-06-04,4904,SELL,869,66.5667,57846.4623,222.9981121665
2020-06-05,2020-06-04,0050,BUY,563,87.74385,49399.787549999994,42.236818355249994
2020-06-08,2020-06-05,2880,BUY,617,20.31015,12531.36255,10.71431498025
2020-06-08,2020-06-05,2886,BUY,395,31.515749999999997,12448.721249999999,10.643656668749998
2020-06-08,2020-06-05,2892,BUY,538,23.161574999999996,12460.927349999998,10.654092884249998
2020-06-08,2020-06-05,5880,BUY,586,21.2106,12429.4116,10.627146918
2020-06-08,2020-06-05,2412,SELL,462,112.44375000000001,51949.012500000004,200.2634431875
2020-06-08,2020-06-05,3045,SELL,483,107.94600000000001,52137.918000000005,200.99167389000002
2020-06-08,2020-06-05,4904,SELL,779,66.86655,52089.04245,200.80325864475
2020-06-08,2020-06-05,0050,BUY,882,88.94445,78449.0049,67.0738991895
2020-06-09,2020-06-08,2880,BUY,1055,20.360175,21479.984625,18.365386854375
2020-06-09,2020-06-08,2886,BUY,675,31.765874999999998,21441.965624999997,18.332880609374996
2020-06-09,2020-06-08,2892,BUY,926,23.211599999999997,21493.9416,18.377320068
2020-06-09,2020-06-08,5880,BUY,1008,21.31065,21481.1352,18.366370596
2020-06-09,2020-06-08,2412,SELL,396,112.44375000000001,44527.725000000006,171.65437987500002
2020-06-09,2020-06-08,3045,SELL,413,107.94600000000001,44581.698000000004,171.86244579
2020-06-09,2020-06-08,4904,SELL,667,67.36630000000001,44933.322100000005,173.21795669550002
2020-06-09,2020-06-08,0050,BUY,961,89.64479999999999,86148.6528,73.65709814399999
2020-06-10,2020-06-09,2880,BUY,343,20.31015,6966.38145,5.95625613975
2020-06-10,2020-06-09,2886,BUY,219,31.865925,6978.637575,5.966735126624999
2020-06-10,2020-06-09,2892,BUY,302,23.161574999999996,6994.795649999999,5.980550280749999
2020-06-10,2020-06-09,5880,BUY,329,21.2106,6978.2874,5.9664357269999995
2020-06-10,2020-06-09,2412,SELL,309,112.9435,34899.5415,134.5377324825
2020-06-10,2020-06-09,3045,SELL,324,107.94600000000001,34974.504,134.82671292
2020-06-10,2020-06-09,4904,SELL,514,68.06595,34985.8983,134.8706379465
2020-06-10,2020-06-09,0050,BUY,935,89.694825,83864.661375,71.704285475625
2020-06-11,2020-06-10,2880,BUY,169,20.360175,3440.869575,2.941943486625
2020-06-11,2020-06-10,2886,BUY,107,32.016,3425.712,2.92898376
2020-06-11,2020-06-10,2892,BUY,147,23.461724999999998,3448.8735749999996,2.9487869066249996
2020-06-11,2020-06-10,5880,BUY,162,21.2106,3436.1171999999997,2.9378802059999995
2020-06-11,2020-06-10,2412,SELL,236,112.44375000000001,26536.725000000002,102.299074875
2020-06-11,2020-06-10,3045,SELL,246,107.94600000000001,26554.716000000004,102.36843018000002
2020-06-11,2020-06-10,4904,SELL,390,68.56569999999999,26740.622999999996,103.08510166499998
2020-06-11,2020-06-10,0050,BUY,632,90.495225,57192.982200000006,48.899999781000005
2020-06-16,2020-06-15,2880,BUY,1011,19.8099,20027.8089,17.1237766095
2020-06-16,2020-06-15,2886,BUY,636,31.515749999999997,20044.017,17.137634535
2020-06-16,2020-06-15,2892,BUY,881,22.761374999999997,20052.771374999997,17.145119525624995
2020-06-16,2020-06-15,5880,BUY,967,20.760375,20075.282625,17.164366644375
2020-06-16,2020-06-15,2412,SELL,64,111.944,7164.416,27.61882368
2020-06-16,2020-06-15,3045,SELL,67,106.9465,7165.4155,27.6226767525
2020-06-16,2020-06-15,4904,SELL,106,67.26635,7130.2331,27.4870486005
2020-06-16,2020-06-15,0050,BUY,236,88.194075,20813.8017,17.7958004535
2020-06-23,2020-06-22,2880,BUY,946,19.959974999999996,18882.136349999997,16.144226579249995
2020-06-23,2020-06-22,2886,BUY,604,31.165574999999997,18824.007299999997,16.0945262415
2020-06-23,2020-06-22,2892,BUY,831,22.71135,18873.131849999998,16.136527731749997
2020-06-23,2020-06-22,5880,BUY,907,20.760375,18829.660125,16.099359406875
2020-06-23,2020-06-22,2412,SELL,18,113.44325,2041.9785000000002,7.8718271175000005
2020-06-23,2020-06-22,3045,SELL,19,107.44625,2041.4787500000002,7.8699005812500005
2020-06-23,2020-06-22,4904,SELL,31,66.96650000000001,2075.9615000000003,8.0028315825
2020-06-23,2020-06-22,0050,SELL,32,89.5552,2865.7664,5.315996672
2020-07-02,2020-07-01,2880,BUY,817,20.060025,16389.040425,14.012629563374999
2020-07-02,2020-07-01,2886,BUY,524,31.265625,16383.1875,14.0076253125
2020-07-02,2020-07-01,2892,BUY,720,22.8114,16424.208,14.042697839999999
2020-07-02,2020-07-01,5880,BUY,786,20.860425,16396.29405,14.01883141275
2020-07-02,2020-07-01,2412,SELL,138,111.44425000000001,15379.306500000002,59.287226557500006
2020-07-02,2020-07-01,3045,SELL,144,112.44375000000001,16191.900000000001,62.4197745
2020-07-02,2020-07-01,4904,SELL,233,69.3653,16162.1149,62.3049529395
2020-07-02,2020-07-01,0050,BUY,505,90.695325,45801.139125,39.159973951875
2020-07-10,2020-07-09,2880,BUY,795,20.160075,16027.259624999999,13.703306979374998
2020-07-10,2020-07-09,2886,BUY,498,32.216100000000004,16043.617800000002,13.717293219000002
2020-07-10,2020-07-09,2892,BUY,696,23.11155,16085.6388,13.753221174
2020-07-10,2020-07-09,5880,BUY,760,21.11055,16044.018,13.71763539
2020-07-10,2020-07-09,2412,SELL,15,110.9445,1664.1675,6.4153657125
2020-07-10,2020-07-09,3045,SELL,14,115.44225,1616.1915,6.2304182325
2020-07-10,2020-07-09,4904,SELL,24,68.86555000000001,1652.7732000000003,6.3714406860000015
2020-07-10,2020-07-09,0050,SELL,76,95.502225,7258.1691,13.4639036805
2020-07-23,2020-07-22,2880,BUY,1167,20.11005,23468.428350000002,20.065506239250002
2020-07-23,2020-07-22,2886,BUY,721,32.51625,23444.21625,20.04480489375
2020-07-23,2020-07-22,2892,BUY,1003,23.461724999999998,23532.110174999998,20.119954199625
2020-07-23,2020-07-22,5880,BUY,1107,21.2106,23480.1342,20.075514741
2020-07-23,2020-07-22,2412,SELL,54,109.44525,5910.0435,22.7832176925
2020-07-23,2020-07-22,3045,SELL,55,106.44675000000001,5854.571250000001,22.569372168750004
2020-07-23,2020-07-22,4904,SELL,93,63.668150000000004,5921.13795,22.82598679725
2020-07-23,2020-07-22,0050,BUY,332,98.899425,32834.6091,28.073590780500002
2020-07-30,2020-07-29,2880,BUY,999,20.11005,20089.93995,17.17689865725
2020-07-30,2020-07-29,2886,BUY,620,32.31614999999999,20036.012999999995,17.130791114999994
2020-07-30,2020-07-29,2892,BUY,848,23.71185,20107.6488,17.192039723999997
2020-07-30,2020-07-29,5880,BUY,936,21.4107,20040.4152,17.134554996
2020-07-30,2020-07-29,0050,SELL,112,104.1479,11664.5648,21.637767703999998
2020-08-10,2020-08-07,2880,BUY,1038,20.360175,21133.861650000003,18.069451710750002
2020-08-10,2020-08-07,2886,BUY,653,32.466225,21200.444925,18.126380410875
2020-08-10,2020-08-07,2892,BUY,961,22.11105,21248.71905,18.16765478775
2020-08-10,2020-08-07,5880,BUY,978,21.710849999999997,21233.211299999995,18.154395661499997
2020-08-10,2020-08-07,2412,BUY,8,109.05449999999999,872.4359999999999,0.7459327799999999
2020-08-10,2020-08-07,3045,BUY,9,103.55175,931.96575,0.7968307162499999
2020-08-10,2020-08-07,4904,BUY,15,62.131049999999995,931.96575,0.7968307162499999
2020-08-10,2020-08-07,0050,SELL,81,104.04795,8427.88395,15.633724727249998
2020-08-13,2020-08-12,2880,BUY,1088,18.709349999999997,20355.772799999995,17.404185743999996
2020-08-13,2020-08-12,2886,BUY,677,30.515249999999998,20658.824249999998,17.663294733749996
2020-08-13,2020-08-12,2892,BUY,1006,21.760875,21891.44025,18.717181413749998
2020-08-13,2020-08-12,5880,BUY,1075,20.460224999999998,21994.741874999996,18.805504303124994
2020-08-13,2020-08-12,0050,BUY,29,104.75234999999999,3037.8181499999996,2.5973345182499994
2020-08-14,2020-08-13,2880,BUY,975,18.959474999999998,18485.488124999996,15.805092346874996
2020-08-14,2020-08-13,2886,BUY,608,30.31515,18431.6112,15.759027576
2020-08-14,2020-08-13,2892,BUY,846,21.760875,18409.700249999998,15.740293713749997
2020-08-14,2020-08-13,5880,BUY,899,20.51025,18438.71475,15.765101111249999
2020-08-14,2020-08-13,4904,SELL,1,62.968500000000006,62.968500000000006,0.2427435675
2020-08-14,2020-08-13,0050,SELL,11,103.74810000000001,1141.2291,2.1169799805
2020-08-21,2020-08-20,2880,BUY,867,18.559275,16090.891425,13.757712168374999
2020-08-21,2020-08-20,2886,BUY,544,29.664824999999997,16137.664799999999,13.797703403999998
2020-08-21,2020-08-20,2892,BUY,749,21.510749999999998,16111.551749999999,13.775376746249998
2020-08-21,2020-08-20,5880,BUY,794,20.210099999999997,16046.819399999998,13.720030586999998
2020-08-21,2020-08-20,2412,SELL,7,108.94550000000001,762.6185,2.9398943175000003
2020-08-21,2020-08-20,3045,SELL,8,102.94850000000001,823.5880000000001,3.1749317400000003
2020-08-21,2020-08-20,4904,SELL,13,62.3688,810.7944,3.1256124119999997
2020-08-21,2020-08-20,0050,BUY,75,102.201075,7665.0806250000005,6.553643934375001
2020-08-27,2020-08-26,2880,BUY,1300,18.509249999999998,24062.024999999998,20.573031374999996
2020-08-27,2020-08-26,2886,BUY,814,29.664824999999997,24147.16755,20.64582825525
2020-08-27,2020-08-26,2892,BUY,1124,21.460724999999996,24121.854899999995,20.624185939499995
2020-08-27,2020-08-26,5880,BUY,1188,20.260125,24069.028499999997,20.579019367499995
2020-08-27,2020-08-26,2412,SELL,67,108.94550000000001,7299.348500000001,28.138988467500003
2020-08-27,2020-08-26,3045,SELL,72,102.44875,7376.31,28.43567505
2020-08-27,2020-08-26,4904,SELL,119,61.86905,7362.41695,28.382117342249998
2020-08-27,2020-08-26,0050,SELL,349,105.04745,36661.56005,68.00719389275
2020-09-03,2020-09-02,2880,BUY,972,18.009,17504.748,14.966559539999999
2020-09-03,2020-09-02,2886,BUY,605,28.91445,17493.24225,14.95672212375
2020-09-03,2020-09-02,2892,BUY,835,20.960475,17501.996625,14.964207114374998
2020-09-03,2020-09-02,5880,BUY,877,19.959974999999996,17504.898074999997,14.966687854124997
2020-09-03,2020-09-02,2412,SELL,21,108.44575,2277.3607500000003,8.779225691250002
2020-09-03,2020-09-02,3045,SELL,23,101.44925,2333.33275,8.99499775125
2020-09-03,2020-09-02,4904,SELL,38,61.1694,2324.4372000000003,8.960705406
2020-09-03,2020-09-02,0050,SELL,107,103.64815000000002,11090.352050000001,20.57260305275
2020-09-17,2020-09-16,2880,BUY,1197,18.159074999999998,21736.412774999997,18.584632922624998
2020-09-17,2020-09-16,2886,BUY,755,28.714349999999996,21679.334249999996,18.535830783749997
2020-09-17,2020-09-16,2892,BUY,1032,21.060525,21734.461799999997,18.582964838999995
2020-09-17,2020-09-16,5880,BUY,1080,20.009999999999998,21610.8,18.477234
2020-09-17,2020-09-16,2412,SELL,4,108.44575,433.783,1.672233465
2020-09-17,2020-09-16,3045,SELL,4,99.95,399.8,1.541229
2020-09-17,2020-09-16,4904,SELL,7,62.86855,440.07984999999996,1.6965078217499998
2020-09-17,2020-09-16,0050,SELL,161,105.996975,17065.512975,31.656526568625
2020-10-12,2020-10-08,2880,BUY,890,17.908949999999997,15938.965499999998,13.627815502499999
2020-10-12,2020-10-08,2886,BUY,566,28.064025,15884.238150000001,13.58102361825
2020-10-12,2020-10-08,2892,BUY,761,20.8104,15836.7144,13.540390812
2020-10-12,2020-10-08,5880,BUY,798,19.859925,15848.220150000001,13.55022822825
2020-10-12,2020-10-08,2412,SELL,46,107.44625,4942.5275,19.0534435125
2020-10-12,2020-10-08,3045,SELL,51,96.95150000000001,4944.526500000001,19.061149657500003
2020-10-12,2020-10-08,4904,SELL,80,61.1694,4893.552000000001,18.86464296
2020-10-12,2020-10-08,0050,BUY,310,106.75335,33093.5385,28.2949754175
2020-10-20,2020-10-19,2880,BUY,1126,17.408699999999996,19602.196199999995,16.759877750999994
2020-10-20,2020-10-19,2886,BUY,704,27.8139,19580.9856,16.741742688
2020-10-20,2020-10-19,2892,BUY,963,20.360175,19606.848525,16.763855488875
2020-10-20,2020-10-19,5880,BUY,1004,19.50975,19587.789,16.747559595
2020-10-20,2020-10-19,2412,SELL,12,106.9465,1283.358,4.94734509
2020-10-20,2020-10-19,3045,SELL,13,96.05195,1248.67535,4.81364347425
2020-10-20,2020-10-19,4904,SELL,21,60.069950000000006,1261.4689500000002,4.86296280225
2020-10-20,2020-10-19,0050,SELL,9,106.34680000000002,957.1212000000002,1.775459826
2020-11-03,2020-11-02,2880,SELL,406,17.441275,7081.15765,27.29786274075
2020-11-03,2020-11-02,2886,SELL,253,27.986,7080.4580000000005,27.29516559
2020-11-03,2020-11-02,2892,SELL,346,20.439775,7072.16215,27.26318508825
2020-11-03,2020-11-02,5880,SELL,363,19.590200000000003,7111.242600000001,27.413840223000005
2020-11-03,2020-11-02,2412,BUY,219,109.55475,23992.49025,20.51357916375
2020-11-03,2020-11-02,3045,BUY,245,98.14904999999999,24046.517249999997,20.559772248749997
2020-11-03,2020-11-02,4904,BUY,397,60.530249999999995,24030.50925,20.54608540875
2020-11-03,2020-11-02,0050,BUY,270,104.2521,28148.067,24.066597284999997
2020-11-09,2020-11-06,2880,SELL,373,17.841075000000004,6654.720975000001,25.653949358625002
2020-11-09,2020-11-06,2886,SELL,232,28.585700000000003,6631.8824,25.565906652000002
2020-11-09,2020-11-06,2892,SELL,316,20.9895,6632.682,25.56898911
2020-11-09,2020-11-06,5880,SELL,332,19.990000000000002,6636.68,25.5844014
2020-11-09,2020-11-06,2412,BUY,234,109.55475,25635.8115,21.918618832499998
2020-11-09,2020-11-06,3045,BUY,256,100.55024999999999,25740.863999999998,22.008438719999997
2020-11-09,2020-11-06,4904,BUY,424,60.73035,25749.668400000002,22.015966482
2020-11-09,2020-11-06,0050,SELL,354,107.69612500000001,38124.428250000004,70.72081440375
2020-11-12,2020-11-11,2880,BUY,1122,18.509249999999998,20767.3785,17.756108617499997
2020-11-12,2020-11-11,2886,BUY,703,29.71485,20889.539549999998,17.860556315249998
2020-11-12,2020-11-11,2892,BUY,959,21.8109,20916.6531,17.8837384005
2020-11-12,2020-11-11,5880,BUY,1021,20.410199999999996,20838.814199999997,17.817186140999997
2020-11-12,2020-11-11,2412,SELL,77,109.94500000000001,8465.765000000001,32.635524075000006
2020-11-12,2020-11-11,3045,SELL,85,99.45025000000001,8453.271250000002,32.58736066875001
2020-11-12,2020-11-11,4904,SELL,138,61.26935,8455.1703,32.594681506499995
2020-11-12,2020-11-11,0050,SELL,540,108.94550000000001,58830.57000000001,109.13070735000001
2020-11-24,2020-11-23,2880,BUY,1072,18.359175,19681.0356,16.827285437999997
2020-11-24,2020-11-23,2886,BUY,664,29.71485,19730.6604,16.869714641999998
2020-11-24,2020-11-23,2892,BUY,913,21.560775,19684.987575,16.830664376625
2020-11-24,2020-11-23,5880,BUY,969,20.31015,19680.535350000002,16.82685772425
2020-11-24,2020-11-23,2412,SELL,122,109.94500000000001,13413.29,51.70823295
2020-11-24,2020-11-23,3045,SELL,136,99.5502,13538.8272,52.192178856
2020-11-24,2020-11-23,4904,SELL,221,61.1694,13518.4374,52.113576177
2020-11-24,2020-11-23,0050,SELL,4,115.892025,463.5681,0.8599188255
2020-12-09,2020-12-08,2880,BUY,1084,17.758875,19250.6205,16.4592805275
2020-12-09,2020-12-08,2886,BUY,672,28.664324999999998,19262.4264,16.469374572
2020-12-09,2020-12-08,2892,BUY,925,20.560275,19018.254375,16.260607490625
2020-12-09,2020-12-08,5880,BUY,969,19.859925,19244.267325,16.453848562875
2020-12-09,2020-12-08,2412,SELL,112,108.94550000000001,12201.896,47.038309080000005
2020-12-09,2020-12-08,3045,SELL,125,97.75110000000001,12218.8875,47.1038113125
2020-12-09,2020-12-08,4904,SELL,201,60.969500000000004,12254.8695,47.2425219225
2020-12-09,2020-12-08,0050,BUY,90,120.05999999999999,10805.4,9.238617
2021-01-06,2021-01-05,2880,BUY,1049,18.10905,18996.39345,16.24191639975
2021-01-06,2021-01-05,2886,BUY,639,29.764875,19019.755125,16.261890631874998
2021-01-06,2021-01-05,2892,BUY,898,21.160574999999998,19002.19635,16.246877879249997
2021-01-06,2021-01-05,5880,BUY,940,20.11005,18903.447,16.162447184999998
2021-01-06,2021-01-05,2412,SELL,18,108.94550000000001,1961.0190000000002,7.5597282450000005
2021-01-06,2021-01-05,3045,SELL,19,98.7506,1876.2614,7.232987697
2021-01-06,2021-01-05,4904,SELL,32,61.06945,1954.2224,7.533527352
2021-01-06,2021-01-05,0050,SELL,44,126.03695,5545.6258,10.287135859
2021-01-14,2021-01-13,2880,BUY,1056,18.159074999999998,19175.9832,16.395465635999997
2021-01-14,2021-01-13,2886,BUY,643,29.764875,19138.814625,16.363686504375
2021-01-14,2021-01-13,2892,BUY,902,21.260624999999997,19177.083749999998,16.396406606249997
2021-01-14,2021-01-13,5880,BUY,951,20.210099999999997,19219.805099999998,16.432933360499998
2021-01-14,2021-01-13,2412,SELL,7,111.44425000000001,780.1097500000001,3.0073230862500004
2021-01-14,2021-01-13,3045,SELL,8,99.45025000000001,795.6020000000001,3.0670457100000004
2021-01-14,2021-01-13,4904,SELL,13,62.7686,815.9918,3.1456483889999998
2021-01-14,2021-01-13,0050,SELL,349,134.9325,47091.442500000005,87.35462583750001
2021-01-22,2021-01-21,2880,BUY,1131,17.608800000000002,19915.5528,17.027797644
2021-01-22,2021-01-21,2886,BUY,693,28.714349999999996,19899.04455,17.013683090249998
2021-01-22,2021-01-21,2892,BUY,971,20.51025,19915.45275,17.02771210125
2021-01-22,2021-01-21,5880,BUY,1015,19.6098,19903.947,17.017874685
2021-01-22,2021-01-21,2412,BUY,5,109.05449999999999,545.2724999999999,0.4662079874999999
2021-01-22,2021-01-21,3045,BUY,5,97.84889999999999,489.2444999999999,0.4183040474999999
2021-01-22,2021-01-21,4904,BUY,9,61.030499999999996,549.2745,0.4696296975
2021-01-22,2021-01-21,0050,SELL,406,138.1309,56081.1454,104.03052471699999
2021-03-02,2021-02-26,2880,BUY,560,18.159074999999998,10169.081999999999,8.69456511
2021-03-02,2021-02-26,2886,BUY,348,29.6148,10305.9504,8.811587591999999
2021-03-02,2021-02-26,2892,BUY,488,21.11055,10301.9484,8.808165881999999
2021-03-02,2021-02-26,5880,BUY,510,20.11005,10256.1255,8.7689873025
2021-03-02,2021-02-26,2412,BUY,211,110.05499999999999,23221.605,19.854472275
2021-03-02,2021-02-26,3045,BUY,238,97.54875,23216.6025,19.8501951375
2021-03-02,2021-02-26,4904,BUY,375,62.031,23261.625,19.888689375
2021-03-02,2021-02-26,0050,SELL,745,135.43225,100897.02625000001,187.16398369375
2021-03-03,2021-03-02,2880,BUY,650,18.10905,11770.8825,10.064104537499999
2021-03-03,2021-03-02,2886,BUY,395,29.71485,11737.365749999999,10.03544771625
2021-03-03,2021-03-02,2892,BUY,553,21.2106,11729.4618,10.028689838999998
2021-03-03,2021-03-02,5880,BUY,585,20.11005,11764.37925,10.058544258749999
2021-03-03,2021-03-02,2412,BUY,65,110.05499999999999,7153.575,6.116306625
2021-03-03,2021-03-02,3045,BUY,74,98.04899999999999,7255.625999999999,6.203560229999999
2021-03-03,2021-03-02,4904,BUY,116,62.331149999999994,7230.4133999999995,6.1820034569999995
2021-03-03,2021-03-02,0050,SELL,517,133.68312500000002,69114.175625,128.206795784375
2021-03-04,2021-03-03,2880,BUY,657,18.2091,11963.3787,10.2286887885
2021-03-04,2021-03-03,2886,BUY,401,29.764875,11935.714875,10.205036218124999
2021-03-04,2021-03-03,2892,BUY,562,21.31065,11976.585299999999,10.2399804315
2021-03-04,2021-03-03,5880,BUY,591,20.210099999999997,11944.1691,10.2122645805
2021-03-04,2021-03-03,2412,BUY,172,110.05499999999999,18929.46,16.184688299999998
2021-03-04,2021-03-03,3045,BUY,190,98.64929999999998,18743.367,16.025578784999997
2021-03-04,2021-03-03,4904,BUY,302,62.4312,18854.2224,16.120360152
2021-03-04,2021-03-03,0050,SELL,806,134.282825,108231.95695,200.77028014225
2021-03-05,2021-03-04,2880,BUY,493,18.009,8878.437,7.591063634999999
2021-03-05,2021-03-04,2886,BUY,302,29.464724999999998,8898.34695,7.608086642249999
2021-03-05,2021-03-04,2892,BUY,425,20.910449999999997,8886.941249999998,7.598334768749998
2021-03-05,2021-03-04,5880,BUY,445,19.959974999999996,8882.188874999998,7.594271488124998
2021-03-05,2021-03-04,2412,BUY,151,109.55475,16542.76725,14.14406599875
2021-03-05,2021-03-04,3045,BUY,169,97.4487,16468.8303,14.080849906500001
2021-03-05,2021-03-04,4904,BUY,267,61.83089999999999,16508.8503,14.115067006499999
2021-03-05,2021-03-04,0050,SELL,662,129.98497500000002,86050.05345,159.62284914975
2021-03-08,2021-03-05,2880,BUY,561,18.10905,10159.17705,8.68609637775
2021-03-08,2021-03-05,2886,BUY,341,29.764875,10149.822375,8.678098130625
2021-03-08,2021-03-05,2892,BUY,480,21.11055,10133.064,8.66376972
2021-03-08,2021-03-05,5880,BUY,503,20.210099999999997,10165.680299999998,8.691656656499998
2021-03-08,2021-03-05,2412,BUY,112,110.55525,12382.188,10.58677074
2021-03-08,2021-03-05,3045,BUY,126,98.04899999999999,12354.173999999999,10.562818769999998
2021-03-08,2021-03-05,4904,BUY,198,62.73135,12420.8073,10.6197902415
2021-03-08,2021-03-05,0050,SELL,519,133.68312500000002,69381.54187500001,128.702760178125
2021-03-12,2021-03-11,2880,BUY,626,18.30915,11461.5279,9.799606354499998
2021-03-12,2021-03-11,2886,BUY,372,30.8154,11463.3288,9.801146123999999
2021-03-12,2021-03-11,2892,BUY,530,21.6108,11453.724,9.79293402
2021-03-12,2021-03-11,5880,BUY,561,20.410199999999996,11450.122199999998,9.789854480999997
2021-03-12,2021-03-11,2412,SELL,266,110.9445,29511.237,113.765818635
2021-03-12,2021-03-11,3045,SELL,299,99.45025000000001,29735.624750000003,114.63083341125001
2021-03-12,2021-03-11,4904,SELL,468,63.368300000000005,29656.364400000002,114.32528476200001
2021-03-12,2021-03-11,0050,BUY,284,135.317625,38430.2055,32.857825702499994
2021-04-09,2021-04-08,2880,SELL,15,18.590700000000002,278.8605,1.0750072275
2021-04-09,2021-04-08,2886,SELL,9,31.684150000000002,285.15735,1.09928158425
2021-04-09,2021-04-08,2892,SELL,13,22.088950000000004,287.15635000000003,1.10698772925
2021-04-09,2021-04-08,5880,SELL,14,20.88955,292.4537,1.1274090135000001
2021-04-09,2021-04-08,2412,SELL,277,111.44425000000001,30870.05725,119.00407069875
2021-04-09,2021-04-08,3045,SELL,313,98.25085,30752.51605,118.55094937275
2021-04-09,2021-04-08,4904,SELL,475,64.7676,30764.61,118.59757155
2021-04-09,2021-04-08,0050,BUY,984,138.919425,136696.7142,116.87569064099999
2021-04-12,2021-04-09,2880,SELL,419,18.490750000000002,7747.624250000001,29.867091483750002
2021-04-12,2021-04-09,2886,SELL,246,31.484250000000003,7745.125500000001,29.857458802500002
2021-04-12,2021-04-09,2892,SELL,352,22.088950000000004,7775.310400000001,29.973821592000004
2021-04-12,2021-04-09,5880,SELL,373,20.839575000000004,7773.161475000002,29.965537486125005
2021-04-12,2021-04-09,2412,SELL,145,111.44425000000001,16159.416250000002,62.29454964375001
2021-04-12,2021-04-09,3045,SELL,165,98.15090000000001,16194.898500000001,62.4313337175
2021-04-12,2021-04-09,4904,SELL,249,65.06745,16201.795049999999,62.45791991775
2021-04-12,2021-04-09,0050,BUY,666,138.119025,91987.27064999999,78.64911640575
2021-04-22,2021-04-21,2880,BUY,1715,19.459725,33373.428374999996,28.534281260624994
2021-04-22,2021-04-21,2886,BUY,1033,32.166075,33227.555475,28.409559931125
2021-04-22,2021-04-21,2892,BUY,1457,22.91145,33381.98265,28.541595165749996
2021-04-22,2021-04-21,5880,BUY,1570,21.4107,33614.799,28.740653145
2021-04-22,2021-04-21,2412,SELL,73,113.94300000000001,8317.839000000002,32.065269345000004
2021-04-22,2021-04-21,3045,SELL,83,100.9495,8378.8085,32.3003067675
2021-04-22,2021-04-21,4904,SELL,125,66.5667,8320.8375,32.0768285625
2021-04-22,2021-04-21,0050,SELL,710,138.480725,98321.31475,182.38603886125
2021-04-23,2021-04-22,2880,BUY,1103,19.50975,21519.25425,18.39896238375
2021-04-23,2021-04-22,2886,BUY,665,32.366175,21523.506374999997,18.402597950624997
2021-04-23,2021-04-22,2892,BUY,939,22.91145,21513.85155,18.39434307525
2021-04-23,2021-04-22,5880,BUY,1007,21.360675,21510.199725000002,18.391220764875
2021-04-23,2021-04-22,2412,BUY,6,114.55725,687.3435,0.5876786924999999
2021-04-23,2021-04-22,3045,BUY,7,101.0505,707.3534999999999,0.6047872424999999
2021-04-23,2021-04-22,4904,BUY,10,66.53325,665.3325,0.5688592874999999
2021-04-23,2021-04-22,0050,SELL,645,137.83105,88901.02725,164.91140554875
2021-05-07,2021-05-06,2880,BUY,826,18.959474999999998,15660.526349999998,13.389750029249997
2021-05-07,2021-05-06,2886,BUY,483,32.366175,15632.862524999999,13.366097458874998
2021-05-07,2021-05-06,2892,BUY,699,22.361175,15630.461325,13.364044432875
2021-05-07,2021-05-06,5880,BUY,737,21.31065,15705.94905,13.428586437749999
2021-05-07,2021-05-06,2412,BUY,186,113.0565,21028.509,17.979375195
2021-05-07,2021-05-06,3045,BUY,210,100.55024999999999,21115.552499999998,18.053797387499998
2021-05-07,2021-05-06,4904,BUY,323,65.2326,21070.129800000002,18.014960979
2021-05-07,2021-05-06,0050,SELL,768,138.080925,106046.15040000001,196.715608992
2021-05-12,2021-05-11,2880,BUY,175,18.6093,3256.6275,2.7844165125
2021-05-12,2021-05-11,2886,BUY,101,32.31614999999999,3263.9311499999994,2.7906611332499995
2021-05-12,2021-05-11,2892,BUY,146,22.2111,3242.8205999999996,2.7726116129999996
2021-05-12,2021-05-11,5880,BUY,153,21.2106,3245.2218,2.7746646389999996
2021-05-12,2021-05-11,2412,BUY,189,114.05699999999999,21556.772999999997,18.431040914999997
2021-05-12,2021-05-11,3045,BUY,215,100.55024999999999,21618.30375,18.48364970625
2021-05-12,2021-05-11,4904,BUY,328,65.53275,21494.742,18.37800441
2021-05-12,2021-05-11,0050,SELL,546,132.83355,72527.1183,134.5378044465
2021-05-13,2021-05-12,2880,SELL,5264,17.69115,93126.2136,359.001553428
2021-05-13,2021-05-12,2886,SELL,3014,31.084450000000004,93688.5323,361.16929201650004
2021-05-13,2021-05-12,2892,SELL,4394,21.289350000000002,93545.4039,360.6175320345
2021-05-13,2021-05-12,5880,SELL,4598,20.339825,93522.51535,360.52929667425
2021-05-13,2021-05-12,2412,BUY,368,112.056,41236.608,35.25729984
2021-05-13,2021-05-12,3045,BUY,421,98.4492,41447.1132,35.437281786
2021-05-13,2021-05-12,4904,BUY,648,63.83189999999999,41363.07119999999,35.36542587599999
2021-05-13,2021-05-12,0050,SELL,439,126.186875,55396.038125,102.75965072187499
2021-05-14,2021-05-13,2880,SELL,1998,17.89105,35746.3179,137.8020555045
2021-05-14,2021-05-13,2886,SELL,1136,31.434275,35709.3364,137.659491822
2021-05-14,2021-05-13,2892,SELL,1663,21.439275000000002,35653.514325000004,137.444297722875
2021-05-14,2021-05-13,5880,SELL,1748,20.48975,35816.083,138.070999965
2021-05-14,2021-05-13,2412,BUY,330,111.55574999999999,36813.3975,31.475454862499998
2021-05-14,2021-05-13,3045,BUY,377,97.6488,36813.5976,31.475625948
2021-05-14,2021-05-13,4904,BUY,579,63.2316,36611.0964,31.302487422000002
2021-05-14,2021-05-13,0050,SELL,325,128.43575,41741.61875,77.43070278124999
2021-05-17,2021-05-14,2880,SELL,1063,17.69115,18805.69245,72.49594439475
2021-05-17,2021-05-14,2886,SELL,605,31.034475000000004,18775.857375000003,72.38093018062501
2021-05-17,2021-05-14,2892,SELL,884,20.9895,18554.718,71.52843789
2021-05-17,2021-05-14,5880,SELL,924,20.239875,18701.644500000002,72.0948395475
2021-05-17,2021-05-14,2412,BUY,263,112.056,29470.728,25.19747244
2021-05-17,2021-05-14,3045,BUY,300,98.04899999999999,29414.699999999997,25.149568499999997
2021-05-17,2021-05-14,4904,BUY,461,63.83189999999999,29426.505899999996,25.159662544499994
2021-05-17,2021-05-14,0050,SELL,248,125.13740000000001,31034.075200000003,57.568209496
2021-05-18,2021-05-17,2880,SELL,636,17.641175,11219.7873,43.2522800415
2021-05-18,2021-05-17,2886,SELL,360,31.134425,11208.393,43.208355015
2021-05-18,2021-05-17,2892,SELL,530,21.1894,11230.382,43.29312261
2021-05-18,2021-05-17,5880,SELL,557,20.139924999999998,11217.938224999998,43.24515185737499
2021-05-18,2021-05-17,2412,BUY,232,112.056,25996.992,22.22742816
2021-05-18,2021-05-17,3045,BUY,263,98.84939999999999,25997.3922,22.227770331
2021-05-18,2021-05-17,4904,BUY,408,63.43169999999999,25880.133599999997,22.127514227999995
2021-05-18,2021-05-17,0050,SELL,189,128.285825,24246.020924999997,44.97636881587499
2021-05-19,2021-05-18,2880,SELL,883,17.941025,15841.925075,61.070621164124994
2021-05-19,2021-05-18,2886,SELL,498,31.934025000000002,15903.144450000002,61.306621854750006
2021-05-19,2021-05-18,2892,SELL,736,21.539225000000002,15852.869600000002,61.112812308
2021-05-19,2021-05-18,5880,SELL,764,20.589700000000004,15730.530800000002,60.641196234000006
2021-05-19,2021-05-18,2412,BUY,235,113.0565,26568.2775,22.715877262499998
2021-05-19,2021-05-18,3045,BUY,265,99.14954999999999,26274.630749999997,22.464809291249995
2021-05-19,2021-05-18,4904,BUY,415,63.93194999999999,26531.759249999996,22.684654158749996
2021-05-19,2021-05-18,0050,SELL,147,132.13389999999998,19423.683299999997,36.03093252149999
2021-05-20,2021-05-19,2880,SELL,3351,17.89105,59952.90855,231.11846246025
2021-05-20,2021-05-19,2886,SELL,1868,32.08395,59932.818600000006,231.04101570300003
2021-05-20,2021-05-19,2892,SELL,2770,21.489250000000002,59525.2225,229.4697327375
2021-05-20,2021-05-19,5880,SELL,2918,20.48975,59789.090500000006,230.4869438775
2021-05-20,2021-05-19,2412,BUY,58,112.55624999999999,6528.2625,5.5816644375
2021-05-20,2021-05-19,3045,BUY,65,99.64979999999998,6477.236999999999,5.538037634999999
2021-05-20,2021-05-19,4904,BUY,102,63.531749999999995,6480.2384999999995,5.5406039174999995
2021-05-20,2021-05-19,0050,SELL,36,131.284325,4726.2357,8.7671672235
2021-06-08,2021-06-07,2880,SELL,712,18.340825000000002,13058.667400000002,50.341162827000005
2021-06-08,2021-06-07,2886,SELL,391,33.133425,12955.169175,49.942177169625005
2021-06-08,2021-06-07,2892,SELL,586,22.1889,13002.6954,50.125390767
2021-06-08,2021-06-07,5880,SELL,617,21.089450000000003,13012.190650000002,50.16199495575001
2021-06-08,2021-06-07,2412,SELL,41,114.44275,4692.15275,18.08824885125
2021-06-08,2021-06-07,3045,SELL,46,101.44925,4666.6655,17.9899955025
2021-06-08,2021-06-07,4904,SELL,72,65.7671,4735.2312,18.254316276
2021-06-08,2021-06-07,0050,BUY,538,137.36865,73904.3337,63.1882053135
2021-06-11,2021-06-10,2880,SELL,39,18.340825000000002,715.292175,2.7574513346250002
2021-06-11,2021-06-10,2886,SELL,21,32.9835,692.6535,2.6701792425
2021-06-11,2021-06-10,2892,SELL,32,22.038975,705.2472,2.718727956
2021-06-11,2021-06-10,5880,SELL,34,20.9895,713.643,2.7510937650000002
2021-06-11,2021-06-10,2412,SELL,158,114.44275,18081.9545,69.7059345975
2021-06-11,2021-06-10,3045,SELL,174,103.44825,17999.9955,69.3899826525
2021-06-11,2021-06-10,4904,SELL,275,65.46725,18003.49375,69.40346840625
2021-06-11,2021-06-10,0050,BUY,678,138.16905,93678.6159,80.0952165945
2021-06-15,2021-06-11,2880,SELL,362,18.290850000000002,6621.287700000001,25.525064083500002
2021-06-15,2021-06-11,2886,SELL,201,32.88355,6609.59355,25.47998313525
2021-06-15,2021-06-11,2892,SELL,297,22.1889,6590.1033,25.4048482215
2021-06-15,2021-06-11,5880,SELL,313,21.089450000000003,6600.997850000001,25.446846711750002
2021-06-15,2021-06-11,2412,SELL,166,114.44275,18997.4965,73.2353490075
2021-06-15,2021-06-11,3045,SELL,184,103.44825,19034.478,73.37791269
2021-06-15,2021-06-11,4904,SELL,291,65.46725,19050.969750000004,73.44148838625001
2021-06-15,2021-06-11,0050,BUY,700,138.6693,97068.51,82.99357604999999
2021-06-16,2021-06-15,2880,SELL,323,18.1909,5875.660699999999,22.6506719985
2021-06-16,2021-06-15,2886,SELL,180,32.633675000000004,5874.061500000001,22.644507082500002
2021-06-16,2021-06-15,2892,SELL,265,22.138925,5866.815125,22.616572306875
2021-06-16,2021-06-15,5880,SELL,280,20.9895,5877.0599999999995,22.6560663
2021-06-16,2021-06-15,2412,SELL,220,113.94300000000001,25067.460000000003,96.63505830000001
2021-06-16,2021-06-15,3045,SELL,245,102.44875,25099.943750000002,96.76028315625001
2021-06-16,2021-06-15,4904,SELL,384,65.1674,25024.281600000002,96.468605568
2021-06-16,2021-06-15,0050,BUY,752,138.76934999999997,104354.55119999999,89.22314127599998
2021-06-18,2021-06-17,2880,BUY,206,18.2091,3751.0746,3.2071687829999997
2021-06-18,2021-06-17,2886,BUY,114,32.766375,3735.3667499999997,3.1937385712499995
2021-06-18,2021-06-17,2892,BUY,168,22.2111,3731.4647999999997,3.190402404
2021-06-18,2021-06-17,5880,BUY,178,21.0105,3739.869,3.197587995
2021-06-18,2021-06-17,2412,SELL,265,113.94300000000001,30194.895000000004,116.401320225
2021-06-18,2021-06-17,3045,SELL,296,101.94900000000001,30176.904000000002,116.33196492
2021-06-18,2021-06-17,4904,SELL,464,65.26735000000001,30284.050400000004,116.74501429200001
2021-06-18,2021-06-17,0050,BUY,774,138.919425,107523.63494999999,91.93270788224999
2021-06-21,2021-06-18,2880,BUY,98,18.059025,1769.7844499999999,1.5131657047499998
2021-06-21,2021-06-18,2886,BUY,54,32.766375,1769.3842499999998,1.5128235337499998
2021-06-21,2021-06-18,2892,BUY,80,22.011,1760.8799999999999,1.5055523999999998
2021-06-21,2021-06-18,5880,BUY,85,20.8104,1768.884,1.51239582
2021-06-21,2021-06-18,2412,SELL,246,113.44325,27907.039500000003,107.5816372725
2021-06-21,2021-06-18,3045,SELL,276,100.9495,27862.062,107.40824901
2021-06-21,2021-06-18,4904,SELL,431,64.66765000000001,27871.757150000005,107.44562381325002
2021-06-21,2021-06-18,0050,BUY,638,136.96845,87385.87109999999,74.71491979049999
2021-06-28,2021-06-25,2880,BUY,400,18.459225,7383.69,6.31305495
2021-06-28,2021-06-25,2886,BUY,224,32.91645,7373.284799999999,6.304158503999999
2021-06-28,2021-06-25,2892,BUY,329,22.461225,7389.743025,6.318230286375
2021-06-28,2021-06-25,5880,BUY,347,21.360675,7412.154225,6.337391862375
2021-06-28,2021-06-25,2412,BUY,203,114.55725,23255.12175,19.88312909625
2021-06-28,2021-06-25,3045,BUY,227,102.55125,23279.13375,19.90365935625
2021-06-28,2021-06-25,4904,BUY,357,65.4327,23359.473899999997,19.972350184499998
2021-06-28,2021-06-25,0050,SELL,564,136.9315,77229.366,143.26047393
2021-06-29,2021-06-28,2880,BUY,1024,18.509249999999998,18953.471999999998,16.20521856
2021-06-29,2021-06-28,2886,BUY,580,32.71635,18975.483,16.224037965
2021-06-29,2021-06-28,2892,BUY,840,22.561275,18951.470999999998,16.203507704999996
2021-06-29,2021-06-28,5880,BUY,889,21.260624999999997,18900.695624999997,16.160094759374996
2021-06-29,2021-06-28,2412,BUY,78,114.05699999999999,8896.446,7.606461329999999
2021-06-29,2021-06-28,3045,BUY,87,102.05099999999999,8878.436999999998,7.5910636349999985
2021-06-29,2021-06-28,4904,BUY,137,65.13255,8923.15935,7.62930124425
2021-06-29,2021-06-28,0050,SELL,805,137.83105,110953.99525,205.81966118875
2021-07-07,2021-07-06,2880,BUY,1217,18.559275,22586.637674999998,19.311575212124996
2021-07-07,2021-07-06,2886,BUY,689,32.71635,22541.56515,19.27303820325
2021-07-07,2021-07-06,2892,BUY,1001,22.561275,22583.836274999998,19.309180015124998
2021-07-07,2021-07-06,5880,BUY,1055,21.4107,22588.2885,19.3129866675
2021-07-07,2021-07-06,2412,SELL,301,113.94300000000001,34296.843,132.214329765
2021-07-07,2021-07-06,3045,SELL,337,101.94900000000001,34356.813,132.445514115
2021-07-07,2021-07-06,4904,SELL,528,65.06745,34355.6136,132.440890428
2021-07-07,2021-07-06,0050,BUY,214,139.66979999999998,29889.337199999994,25.555383305999996
2021-07-12,2021-07-09,2880,BUY,1509,18.959474999999998,28609.847774999995,24.461419847624995
2021-07-12,2021-07-09,2886,BUY,855,32.866425,28100.793375,24.026178335625
2021-07-12,2021-07-09,2892,BUY,1243,22.71135,28230.20805,24.13682788275
2021-07-12,2021-07-09,5880,BUY,1309,21.560775,28223.054475,24.130711576124998
2021-07-12,2021-07-09,2412,SELL,102,114.44275,11673.1605,45.000033727499996
2021-07-12,2021-07-09,3045,SELL,114,102.44875,11679.157500000001,45.023152162500004
2021-07-12,2021-07-09,4904,SELL,179,65.36730000000001,11700.746700000003,45.10637852850001
2021-07-12,2021-07-09,0050,SELL,417,138.980475,57954.858075000004,107.506261729125
2021-07-13,2021-07-12,2880,BUY,1125,18.909449999999996,21273.131249999995,18.188527218749996
2021-07-13,2021-07-12,2886,BUY,645,32.816399999999994,21166.577999999998,18.097424189999998
2021-07-13,2021-07-12,2892,BUY,932,22.8114,21260.2248,18.177492204
2021-07-13,2021-07-12,5880,BUY,986,21.510749999999998,21209.599499999997,18.134207572499996
2021-07-13,2021-07-12,2412,SELL,126,113.94300000000001,14356.818000000001,55.34553339
2021-07-13,2021-07-12,3045,SELL,140,102.44875,14342.825,55.291590375
2021-07-13,2021-07-12,4904,SELL,220,65.06745,14314.838999999998,55.18370434499999
2021-07-13,2021-07-12,0050,SELL,330,139.93,46176.9,85.6581495
2021-07-16,2021-07-15,2880,SELL,369,18.940525,6989.053725000001,26.942802109875004
2021-07-16,2021-07-15,2886,SELL,213,32.733625,6972.262125000001,26.878070491875004
2021-07-16,2021-07-15,2892,SELL,307,22.838575000000002,7011.442525,27.029110933875
2021-07-16,2021-07-15,5880,SELL,324,21.5892,6994.9008,26.965342584000002
2021-07-16,2021-07-15,2412,SELL,259,113.94300000000001,29511.237000000005,113.76581863500002
2021-07-16,2021-07-15,3045,SELL,290,102.44875,29710.1375,114.5325800625
2021-07-16,2021-07-15,4904,SELL,456,64.9675,29625.18,114.2050689
2021-07-16,2021-07-15,0050,BUY,1048,139.8699,146583.6552,125.329025196
2021-07-21,2021-07-20,2880,BUY,1221,19.059525,23271.680025,19.897286421375
2021-07-21,2021-07-20,2886,BUY,709,32.816399999999994,23266.827599999997,19.893137597999996
2021-07-21,2021-07-20,2892,BUY,1022,22.761374999999997,23262.125249999997,19.889117088749998
2021-07-21,2021-07-20,5880,BUY,1079,21.6108,23318.053200000002,19.936935486
2021-07-21,2021-07-20,2412,SELL,138,114.44275,15793.0995,60.8823985725
2021-07-21,2021-07-20,3045,SELL,155,101.94900000000001,15802.095000000001,60.917076225
2021-07-21,2021-07-20,4904,SELL,243,65.26735000000001,15859.966050000003,61.14016912275001
2021-07-21,2021-07-20,0050,SELL,362,137.931,49931.022000000004,92.62204581
2021-07-22,2021-07-21,2880,BUY,678,19.2096,13024.108799999998,11.135613023999998
2021-07-22,2021-07-21,2886,BUY,394,32.91645,12969.0813,11.0885645115
2021-07-22,2021-07-21,2892,BUY,568,22.861425,12985.2894,11.102422437
2021-07-22,2021-07-21,5880,BUY,598,21.710849999999997,12983.088299999998,11.100540496499997
2021-07-22,2021-07-21,2412,BUY,86,115.05749999999999,9894.945,8.460177974999999
2021-07-22,2021-07-21,3045,BUY,97,102.55125,9947.47125,8.50508791875
2021-07-22,2021-07-21,4904,BUY,152,65.13255,9900.147599999998,8.464626197999998
2021-07-22,2021-07-21,0050,SELL,650,137.73110000000003,89525.21500000001,166.069273825
2021-07-23,2021-07-22,2880,BUY,884,19.559775,17290.841099999998,14.783669140499997
2021-07-23,2021-07-22,2886,BUY,520,33.066525,17194.593,14.701377015
2021-07-23,2021-07-22,2892,BUY,749,23.011499999999998,17235.6135,14.736449542499999
2021-07-23,2021-07-22,5880,BUY,785,21.910949999999996,17200.095749999997,14.706081866249997
2021-07-23,2021-07-22,2412,BUY,68,115.55775,7857.927,6.7185275849999995
2021-07-23,2021-07-22,3045,BUY,77,103.55175,7973.48475,6.817329461249999
2021-07-23,2021-07-22,4904,BUY,122,61.930949999999996,7555.5759,6.4600173944999995
2021-07-23,2021-07-22,0050,SELL,559,137.98097500000003,77131.36502500002,143.07868212137504
2021-08-04,2021-08-03,2880,BUY,667,19.50975,13013.00325,11.126117778749999
2021-08-04,2021-08-03,2886,BUY,393,33.066525,12995.144325,11.110848397875
2021-08-04,2021-08-03,2892,BUY,565,23.011499999999998,13001.4975,11.1162803625
2021-08-04,2021-08-03,5880,BUY,587,22.2111,13037.9157,11.147417923499999
2021-08-04,2021-08-03,2412,BUY,229,117.0585,26806.3965,22.9194690075
2021-08-04,2021-08-03,3045,BUY,253,106.053,26831.409,22.940854695
2021-08-04,2021-08-03,4904,BUY,438,61.030499999999996,26731.358999999997,22.855311944999997
2021-08-04,2021-08-03,0050,SELL,748,138.580675,103658.34490000001,192.2862297895
2021-08-13,2021-08-12,2880,BUY,1701,19.70985,33526.45485,28.665118896750002
2021-08-13,2021-08-12,2886,BUY,1097,30.8154,33804.493800000004,28.902842199000002
2021-08-13,2021-08-12,2892,BUY,1458,23.011499999999998,33550.767,28.685905785
2021-08-13,2021-08-12,5880,BUY,1577,21.31065,33606.89505,28.733895267749997
2021-08-13,2021-08-12,2412,SELL,70,117.941,8255.87,31.82637885
2021-08-13,2021-08-12,3045,SELL,77,106.44675000000001,8196.39975,31.59712103625
2021-08-13,2021-08-12,4904,SELL,134,61.3693,8223.486200000001,31.701539301000004
2021-08-13,2021-08-12,0050,BUY,167,136.6683,22823.606099999997,19.514183215499997
2021-08-24,2021-08-23,2880,BUY,1326,19.659824999999998,26068.927949999998,22.28893339725
2021-08-24,2021-08-23,2886,BUY,832,31.165574999999997,25929.7584,22.169943431999997
2021-08-24,2021-08-23,2892,BUY,1121,23.061525,25851.969525,22.103433943875
2021-08-24,2021-08-23,5880,BUY,1225,21.2106,25982.985,22.215452175
2021-08-24,2021-08-23,2412,SELL,73,115.44225,8427.28425,32.48718078375
2021-08-24,2021-08-23,3045,SELL,87,97.45125,8478.25875,32.683687481250004
2021-08-24,2021-08-23,4904,SELL,140,60.369800000000005,8451.772,32.581581060000005
2021-08-24,2021-08-23,0050,SELL,166,135.1324,22431.9784,41.611319932
2021-08-27,2021-08-26,2880,BUY,972,19.959974999999996,19401.095699999998,16.587936823499998
2021-08-27,2021-08-26,2886,BUY,616,31.465725,19382.886599999998,16.572368042999997
2021-08-27,2021-08-26,2892,BUY,877,22.11105,19391.39085,16.57963917675
2021-08-27,2021-08-26,5880,BUY,906,21.460724999999996,19443.416849999998,16.624121406749996
2021-08-27,2021-08-26,2412,BUY,1,110.05499999999999,110.05499999999999,0.09409702499999999
2021-08-27,2021-08-26,3045,BUY,1,98.54925,98.54925,0.08425960874999999
2021-08-27,2021-08-26,4904,BUY,2,61.13055,122.2611,0.1045332405
2021-08-27,2021-08-26,0050,SELL,48,136.63165,6558.3192,12.165682116
2021-09-03,2021-09-02,2880,SELL,290,20.68965,5999.9985,23.1299942175
2021-09-03,2021-09-02,2886,SELL,186,32.1839,5986.2054,23.076821817
2021-09-03,2021-09-02,2892,SELL,265,22.68865,6012.492249999999,23.178157623749996
2021-09-03,2021-09-02,5880,SELL,271,22.138925,5999.648675,23.128645642125
2021-09-03,2021-09-02,2412,SELL,186,110.9445,20635.677,79.550534835
2021-09-03,2021-09-02,3045,SELL,209,98.7506,20638.8754,79.562864667
2021-09-03,2021-09-02,4904,SELL,341,60.669650000000004,20688.35065,79.75359175575
2021-09-03,2021-09-02,0050,BUY,849,140.720325,119471.55592500001,102.14818031587501
2021-09-07,2021-09-06,2880,SELL,433,20.939525,9066.814325,34.952569222875
2021-09-07,2021-09-06,2886,SELL,279,32.48375,9062.96625,34.93773489375
2021-09-07,2021-09-06,2892,SELL,400,22.638675,9055.47,34.90883685
2021-09-07,2021-09-06,5880,SELL,406,22.338825000000003,9069.562950000001,34.96316517225001
2021-09-07,2021-09-06,2412,SELL,107,110.9445,11871.0615,45.7629420825
2021-09-07,2021-09-06,3045,SELL,120,98.45075,11814.09,45.54331695
2021-09-07,2021-09-06,4904,SELL,196,60.469750000000005,11852.071000000002,45.68973370500001
2021-09-07,2021-09-06,0050,BUY,548,142.8714,78293.5272,66.940965756
2021-09-22,2021-09-17,2880,BUY,37,20.31015,751.47555,0.64251159525
2021-09-22,2021-09-17,2886,BUY,23,32.016,736.3679999999999,0.6295946399999999
2021-09-22,2021-09-17,2892,BUY,33,22.311149999999998,736.2679499999999,0.6295090972499999
2021-09-22,2021-09-17,5880,BUY,34,21.760875,739.86975,0.63258863625
2021-09-22,2021-09-17,2412,SELL,78,110.44475,8614.6905,33.2096318775
2021-09-22,2021-09-17,3045,SELL,87,98.5507,8573.9109,33.0524265195
2021-09-22,2021-09-17,4904,SELL,143,60.469750000000005,8647.17425,33.33485673375
2021-09-22,2021-09-17,0050,BUY,544,137.16854999999998,74619.69119999999,63.79983597599998
2021-09-30,2021-09-29,2880,BUY,1151,20.31015,23376.98265,19.98732016575
2021-09-30,2021-09-29,2886,BUY,730,32.016,23371.68,19.9827864
2021-09-30,2021-09-29,2892,BUY,1038,22.411199999999997,23262.825599999996,19.889715887999998
2021-09-30,2021-09-29,5880,BUY,1062,22.011,23375.682,19.98620811
2021-09-30,2021-09-29,2412,BUY,89,111.0555,9883.9395,8.4507682725
2021-09-30,2021-09-29,3045,BUY,100,98.64929999999998,9864.929999999998,8.434515149999998
2021-09-30,2021-09-29,4904,BUY,161,61.030499999999996,9825.9105,8.4011534775
2021-09-30,2021-09-29,0050,SELL,718,136.23185,97814.46830000001,181.4458386965
2021-10-01,2021-09-30,2880,BUY,708,20.260125,14344.1685,12.2642640675
2021-10-01,2021-09-30,2886,BUY,450,32.016,14407.199999999999,12.318155999999998
2021-10-01,2021-09-30,2892,BUY,640,22.461225,14375.184,12.290782319999998
2021-10-01,2021-09-30,5880,BUY,653,22.011,14373.182999999999,12.289071465
2021-10-01,2021-09-30,2412,BUY,72,110.55525,7959.978,6.805781189999999
2021-10-01,2021-09-30,3045,BUY,81,98.54925,7982.48925,6.825028308749999
2021-10-01,2021-09-30,4904,BUY,130,61.030499999999996,7933.964999999999,6.7835400749999994
2021-10-01,2021-09-30,0050,SELL,570,136.23185,77652.1545,144.0447465975
2021-10-05,2021-10-04,2880,SELL,2218,20.139924999999998,44670.35365,172.20421332075
2021-10-05,2021-10-04,2886,SELL,1396,32.033975,44719.429099999994,172.39339918049998
2021-10-05,2021-10-04,2892,SELL,1996,22.438775,44787.7949,172.6569493395
2021-10-05,2021-10-04,5880,SELL,2037,21.989,44791.593,172.671591015
2021-10-05,2021-10-04,2412,BUY,816,111.0555,90621.288,77.48120124
2021-10-05,2021-10-04,3045,BUY,917,98.74934999999999,90553.15394999999,77.42294662724998
2021-10-05,2021-10-04,4904,BUY,1480,61.33064999999999,90769.362,77.60780451
2021-10-05,2021-10-04,0050,SELL,439,131.934,57919.026,107.43979322999999
2021-10-06,2021-10-05,2880,SELL,2542,20.139924999999998,51195.68934999999,197.35938244424997
2021-10-06,2021-10-05,2886,SELL,1594,32.033975,51062.156149999995,196.84461195824997
2021-10-06,2021-10-05,2892,SELL,2286,22.338825000000003,51066.55395000001,196.86156547725002
2021-10-06,2021-10-05,5880,SELL,2327,21.939025,51052.111175000005,196.80588857962502
2021-10-06,2021-10-05,2412,BUY,819,110.55525,90544.74975,77.41576103625
2021-10-06,2021-10-05,3045,BUY,913,99.34965,90706.23045,77.55382703475
2021-10-06,2021-10-05,4904,BUY,1477,61.2306,90437.5962,77.32414475099999
2021-10-06,2021-10-05,0050,SELL,356,133.93300000000002,47680.14800000001,88.44667454
2021-10-07,2021-10-06,2880,SELL,2210,20.28985,44840.5685,172.8603915675
2021-10-07,2021-10-06,2886,SELL,1384,32.333825000000004,44750.01380000001,172.51130319900003
2021-10-07,2021-10-06,2892,SELL,1993,22.538725000000003,44919.67892500001,173.16536225587504
2021-10-07,2021-10-06,5880,SELL,2033,22.038975,44805.236175,172.724185454625
2021-10-07,2021-10-06,2412,BUY,683,111.55574999999999,76192.57724999999,65.14465354874999
2021-10-07,2021-10-06,3045,BUY,765,99.2496,75925.944,64.91668212
2021-10-07,2021-10-06,4904,BUY,1234,61.6308,76052.4072,65.02480815599999
2021-10-07,2021-10-06,0050,SELL,272,133.982975,36443.3692,67.602449866
2021-10-08,2021-10-07,2880,BUY,933,20.360175,18996.043275,16.241617000125
2021-10-08,2021-10-07,2886,BUY,585,32.416199999999996,18963.477,16.213772834999997
2021-10-08,2021-10-07,2892,BUY,840,22.51125,18909.45,16.16757975
2021-10-08,2021-10-07,5880,BUY,855,22.161074999999997,18947.719124999996,16.200299851874995
2021-10-08,2021-10-07,2412,SELL,164,110.9445,18194.898,70.14133179000001
2021-10-08,2021-10-07,3045,SELL,185,98.7506,18268.861,70.426459155
2021-10-08,2021-10-07,4904,SELL,297,61.66915000000001,18315.73755,70.60716825525
2021-10-08,2021-10-07,0050,SELL,211,135.582175,28607.838925,53.067541205874996
2021-10-12,2021-10-08,2880,BUY,1310,20.009999999999998,26213.1,22.412200499999997
2021-10-12,2021-10-08,2886,BUY,819,32.11605,26303.04495,22.489103432249998
2021-10-12,2021-10-08,2892,BUY,1179,22.311149999999998,26304.845849999998,22.490643201749997
2021-10-12,2021-10-08,5880,BUY,1200,21.860925,26233.11,22.42930905
2021-10-12,2021-10-08,2412,SELL,275,110.9445,30509.737500000003,117.6150380625
2021-10-12,2021-10-08,3045,SELL,310,98.45075,30519.7325,117.65356878749999
2021-10-12,2021-10-08,4904,SELL,497,61.06945,30351.51665,117.00509668575
2021-10-12,2021-10-08,0050,SELL,154,132.63365,20425.5821,37.889454795499994
2021-10-13,2021-10-12,2880,SELL,1367,20.139924999999998,27531.277475,106.133074666125
2021-10-13,2021-10-12,2886,SELL,847,32.433775000000004,27471.407425000005,105.90227562337502
2021-10-13,2021-10-12,2892,SELL,1222,22.438775,27420.18305,105.70480565775
2021-10-13,2021-10-12,5880,SELL,1246,22.088950000000004,27522.831700000006,106.10051620350002
2021-10-13,2021-10-12,2412,BUY,439,111.55574999999999,48972.97424999999,41.871892983749994
2021-10-13,2021-10-12,3045,BUY,494,99.2496,49029.3024,41.920053552
2021-10-13,2021-10-12,4904,BUY,795,61.83089999999999,49155.5655,42.02800850249999
2021-10-13,2021-10-12,0050,SELL,113,133.3333,15066.662900000001,27.9486596795
2021-10-14,2021-10-13,2880,SELL,1723,20.1899,34787.197700000004,134.1046471335
2021-10-14,2021-10-13,2886,SELL,1065,32.48375,34595.19375,133.36447190625
2021-10-14,2021-10-13,2892,SELL,1542,22.48875,34677.6525,133.68235038749998
2021-10-14,2021-10-13,5880,SELL,1563,22.1889,34681.2507,133.69622144849998
2021-10-14,2021-10-13,2412,BUY,485,111.55574999999999,54104.53874999999,46.25938063124999
2021-10-14,2021-10-13,3045,BUY,547,99.0495,54180.076499999996,46.3239654075
2021-10-14,2021-10-13,4904,BUY,880,61.53075,54147.06,46.295736299999994
2021-10-14,2021-10-13,0050,SELL,86,133.43325000000002,11475.259500000002,21.286606372500003
2021-10-15,2021-10-14,2880,SELL,1362,20.08995,27362.5119,105.4824833745
2021-10-15,2021-10-14,2886,SELL,845,32.333825000000004,27322.082125000004,105.32662659187501
2021-10-15,2021-10-14,2892,SELL,1219,22.438775,27352.866725,105.445301224875
2021-10-15,2021-10-14,5880,SELL,1235,22.238875,27465.010625,105.87761595937499
2021-10-15,2021-10-14,2412,BUY,382,110.55525,42232.1055,36.108450202499995
2021-10-15,2021-10-14,3045,BUY,430,98.34915,42290.1345,36.1580649975
2021-10-15,2021-10-14,4904,BUY,690,61.430699999999995,42387.183,36.241041464999995
2021-10-15,2021-10-14,0050,SELL,66,134.58267500000002,8882.45655,16.476956900250002
2021-10-18,2021-10-15,2880,BUY,1643,20.210099999999997,33205.194299999996,28.390441126499994
2021-10-18,2021-10-15,2886,BUY,1021,32.51625,33199.09125,28.385223018749997
2021-10-18,2021-10-15,2892,BUY,1469,22.661324999999998,33289.486424999996,28.462510893374994
2021-10-18,2021-10-15,5880,BUY,1492,22.311149999999998,33288.235799999995,28.461441608999994
2021-10-18,2021-10-15,2412,SELL,428,110.9445,47484.246,183.05176833
2021-10-18,2021-10-15,3045,SELL,482,98.5507,47501.4374,183.118041177
2021-10-18,2021-10-15,4904,SELL,771,61.26935,47238.66885,182.10506841675002
2021-10-18,2021-10-15,0050,SELL,9,136.63165,1229.68485,2.28106539675
2021-10-19,2021-10-18,2880,BUY,1975,20.360175,40211.345625,34.380700509375
2021-10-19,2021-10-18,2886,BUY,1217,32.966475,40120.200075,34.302771064125
2021-10-19,2021-10-18,2892,BUY,1766,22.8114,40284.9324,34.443617202
2021-10-19,2021-10-18,5880,BUY,1790,22.561275,40384.68225,34.528903323749994
2021-10-19,2021-10-18,2412,SELL,534,110.9445,59244.363000000005,228.38701936500001
2021-10-19,2021-10-18,3045,SELL,603,98.45075,59365.80225,228.85516767375
2021-10-19,2021-10-18,4904,SELL,964,61.5692,59352.7088,228.804692424
2021-10-19,2021-10-18,0050,BUY,21,136.26809999999998,2861.6300999999994,2.4466937354999994
2021-10-20,2021-10-19,2880,BUY,1908,20.260125,38656.318499999994,33.05115231749999
2021-10-20,2021-10-19,2886,BUY,1179,32.766375,38631.556124999996,33.029980486875
2021-10-20,2021-10-19,2892,BUY,1694,22.8114,38642.5116,33.039347418
2021-10-20,2021-10-19,5880,BUY,1725,22.51125,38831.90625,33.20127984375
2021-10-20,2021-10-19,2412,SELL,474,110.9445,52587.693,202.725556515
2021-10-20,2021-10-19,3045,SELL,539,98.15090000000001,52903.335100000004,203.9423568105
2021-10-20,2021-10-19,4904,SELL,865,61.1694,52911.531,203.973952005
2021-10-20,2021-10-19,0050,BUY,49,137.118525,6718.807725000001,5.744580604875
2021-10-21,2021-10-20,2880,BUY,1438,20.410199999999996,29349.867599999994,25.094136797999994
2021-10-21,2021-10-20,2886,BUY,889,32.91645,29262.724049999997,25.019629062749996
2021-10-21,2021-10-20,2892,BUY,1283,22.861425,29331.208275,25.078183075125
2021-10-21,2021-10-20,5880,BUY,1300,22.51125,29264.625,25.021254374999998
2021-10-21,2021-10-20,2412,SELL,383,110.9445,42491.743500000004,163.8056711925
2021-10-21,2021-10-20,3045,SELL,432,98.45075,42530.724,163.95594102
2021-10-21,2021-10-20,4904,SELL,691,61.46925,42475.25175,163.74209549625002
2021-10-21,2021-10-20,0050,BUY,29,136.76834999999997,3966.282149999999,3.391171238249999
2021-10-22,2021-10-21,2880,BUY,1244,20.410199999999996,25390.288799999995,21.708696923999995
2021-10-22,2021-10-21,2886,BUY,768,32.966475,25318.252800000002,21.647106144000002
2021-10-22,2021-10-21,2892,BUY,1111,22.861425,25399.043175,21.716181914624997
2021-10-22,2021-10-21,5880,BUY,1128,22.461225,25336.2618,21.662503839
2021-10-22,2021-10-21,2412,SELL,382,110.44475,42189.8945,162.6420432975
2021-10-22,2021-10-21,3045,SELL,429,98.25085,42149.61465,162.48676447575002
2021-10-22,2021-10-21,4904,SELL,692,61.26935,42398.3902,163.445794221
2021-10-22,2021-10-21,0050,BUY,136,136.31812499999998,18539.264999999996,15.851071574999995
2021-10-25,2021-10-22,2880,BUY,984,20.31015,19985.1876,17.087335398
2021-10-25,2021-10-22,2886,BUY,604,33.0165,19941.966,17.05038093
2021-10-25,2021-10-22,2892,BUY,876,22.8114,19982.7864,17.085282372
2021-10-25,2021-10-22,5880,BUY,891,22.411199999999997,19968.3792,17.072964216
2021-10-25,2021-10-22,2412,SELL,276,110.9445,30620.682,118.04272911
2021-10-25,2021-10-22,3045,SELL,313,98.25085,30752.51605,118.55094937275
2021-10-25,2021-10-22,4904,SELL,501,61.06945,30595.79445,117.94678760475
2021-10-25,2021-10-22,0050,BUY,49,136.06799999999998,6667.331999999999,5.700568859999999
2021-10-27,2021-10-26,2880,BUY,837,20.460224999999998,17125.208325,14.642053117875
2021-10-27,2021-10-26,2886,BUY,513,33.366675,17117.104275,14.635124155125
2021-10-27,2021-10-26,2892,BUY,749,22.91145,17160.67605,14.672378022749998
2021-10-27,2021-10-26,5880,BUY,754,22.761374999999997,17162.076749999997,14.673575621249997
2021-10-27,2021-10-26,2412,SELL,234,110.44475,25844.0715,99.62889563249999
2021-10-27,2021-10-26,3045,SELL,263,98.25085,25839.97355,99.61309803524999
2021-10-27,2021-10-26,4904,SELL,420,61.46925,25817.085000000003,99.52486267500001
2021-10-27,2021-10-26,0050,BUY,116,137.018475,15894.1431,13.589492350499999
2021-11-04,2021-11-03,2880,BUY,112,20.460224999999998,2291.5451999999996,1.9592711459999996
2021-11-04,2021-11-03,2886,BUY,68,33.4167,2272.3356,1.9428469379999997
2021-11-04,2021-11-03,2892,BUY,100,23.011499999999998,2301.1499999999996,1.9674832499999997
2021-11-04,2021-11-03,5880,BUY,100,22.8114,2281.14,1.9503746999999998
2021-11-04,2021-11-03,2412,SELL,309,110.44475,34127.42775,131.56123397625
2021-11-04,2021-11-03,3045,SELL,347,98.3508,34127.727600000006,131.56238989800002
2021-11-04,2021-11-03,4904,SELL,554,61.66915000000001,34164.70910000001,131.70495358050002
2021-11-04,2021-11-03,0050,BUY,804,137.318625,110404.1745,94.3955691975
2021-11-09,2021-11-08,2880,SELL,339,20.3898,6912.1422,26.646308181000002
2021-11-09,2021-11-08,2886,SELL,206,33.583200000000005,6918.139200000001,26.669426616000006
2021-11-09,2021-11-08,2892,SELL,301,22.938525000000002,6904.496025,26.616832176375002
2021-11-09,2021-11-08,5880,SELL,304,22.788600000000002,6927.734400000001,26.706416112000003
2021-11-09,2021-11-08,2412,SELL,163,110.9445,18083.9535,69.71364074249999
2021-11-09,2021-11-08,3045,SELL,184,98.65065000000001,18151.719600000004,69.97487905800001
2021-11-09,2021-11-08,4904,SELL,291,62.56870000000001,18207.491700000002,70.1898805035
2021-11-09,2021-11-08,0050,BUY,624,140.220075,87497.32680000001,74.810214414
2021-11-10,2021-11-09,2880,SELL,404,20.3898,8237.4792,31.755482316
2021-11-10,2021-11-09,2886,SELL,245,33.683150000000005,8252.371750000002,31.812893096250008
2021-11-10,2021-11-09,2892,SELL,358,23.038475000000002,8247.77405,31.79516896275
2021-11-10,2021-11-09,5880,SELL,359,22.988500000000002,8252.871500000001,31.814819632500004
2021-11-10,2021-11-09,2412,SELL,100,111.44425000000001,11144.425000000001,42.961758375
2021-11-10,2021-11-09,3045,SELL,113,98.7506,11158.8178,43.017242619
2021-11-10,2021-11-09,4904,SELL,177,62.968500000000006,11145.424500000001,42.9656114475
2021-11-10,2021-11-09,0050,BUY,573,140.720325,80632.746225,68.940998022375
2021-11-22,2021-11-19,2880,SELL,526,20.939525,11014.19015,42.45970302825
2021-11-22,2021-11-19,2886,SELL,318,34.48275,10965.514500000001,42.272058397500004
2021-11-22,2021-11-19,2892,SELL,464,23.738125,11014.49,42.460858949999995
2021-11-22,2021-11-19,5880,SELL,466,23.588200000000004,10992.101200000003,42.37455012600001
2021-11-22,2021-11-19,2412,SELL,66,112.9435,7454.271,28.736214705
2021-11-22,2021-11-19,3045,SELL,74,99.95,7396.3,28.5127365
2021-11-22,2021-11-19,4904,SELL,116,64.26785,7455.070599999999,28.739297162999996
2021-11-22,2021-11-19,0050,BUY,546,142.77134999999998,77953.1571,66.6499493205
2021-11-29,2021-11-26,2880,BUY,1287,20.460224999999998,26332.309574999996,22.514124686624996
2021-11-29,2021-11-26,2886,BUY,780,33.8169,26377.181999999997,22.552490609999996
2021-11-29,2021-11-26,2892,BUY,1125,23.211599999999997,26113.049999999996,22.326657749999995
2021-11-29,2021-11-26,5880,BUY,1123,23.411699999999996,26291.339099999997,22.479094930499997
2021-11-29,2021-11-26,2412,SELL,3,112.44375000000001,337.33125,1.30041196875
2021-11-29,2021-11-26,3045,SELL,4,98.05095,392.2038,1.511945649
2021-11-29,2021-11-26,4904,SELL,7,62.56870000000001,437.9809,1.6884163695
2021-11-29,2021-11-26,0050,SELL,671,137.5312,92283.4352,171.185772296
2021-12-28,2021-12-27,2880,SELL,406,20.939525,8501.44715,32.77307876325
2021-12-28,2021-12-27,2886,SELL,239,35.5822,8504.1458,32.783482059
2021-12-28,2021-12-27,2892,SELL,351,24.287850000000002,8525.03535,32.86401127425
2021-12-28,2021-12-27,5880,SELL,340,24.9875,8495.75,32.75111625
2021-12-28,2021-12-27,2412,SELL,65,115.94200000000001,7536.2300000000005,29.05216665
2021-12-28,2021-12-27,3045,SELL,75,99.85005000000001,7488.753750000001,28.869145706250002
2021-12-28,2021-12-27,4904,SELL,118,63.968,7548.224,29.09840352
2021-12-28,2021-12-27,0050,BUY,678,144.37215,97884.3177,83.6910916335
2021-12-29,2021-12-28,2880,SELL,583,21.1894,12353.420199999999,47.622434870999996
2021-12-29,2021-12-28,2886,SELL,346,35.5822,12311.4412,47.460605826
2021-12-29,2021-12-28,2892,SELL,507,24.437775000000002,12389.951925000001,47.763264670875
2021-12-29,2021-12-28,5880,SELL,487,25.337325000000003,12339.277275000002,47.56791389512501
2021-12-29,2021-12-28,2412,SELL,36,116.44175000000001,4191.903,16.159786065000002
2021-12-29,2021-12-28,3045,SELL,42,100.44975000000001,4218.8895,16.2638190225
2021-12-29,2021-12-28,4904,SELL,66,64.26785,4241.6781,16.3516690755
2021-12-29,2021-12-28,0050,BUY,563,145.52272499999998,81929.29417499999,70.04954651962498
2022-01-05,2022-01-04,2880,SELL,935,21.039475000000003,19671.909125000002,75.83520967687501
2022-01-05,2022-01-04,2886,SELL,555,35.3823,19637.1765,75.7013154075
2022-01-05,2022-01-04,2892,SELL,805,24.3878,19632.179,75.682050045
2022-01-05,2022-01-04,5880,SELL,777,25.287350000000004,19648.270950000002,75.74408451225001
2022-01-05,2022-01-04,2412,SELL,19,114.94250000000001,2183.9075000000003,8.4189634125
2022-01-05,2022-01-04,3045,SELL,23,99.05045,2278.16035,8.78230814925
2022-01-05,2022-01-04,4904,SELL,36,63.26835,2277.6606,8.780381613000001
2022-01-05,2022-01-04,0050,BUY,620,150.17505,93108.531,79.607794005
2022-01-06,2022-01-05,2880,SELL,788,21.139425,16657.8669,64.2160768995
2022-01-06,2022-01-05,2886,SELL,470,35.3823,16629.681,64.107420255
2022-01-06,2022-01-05,2892,SELL,677,24.637675,16679.705975,64.300266533625
2022-01-06,2022-01-05,5880,SELL,654,25.487250000000003,16668.661500000002,64.2576900825
2022-01-06,2022-01-05,2412,SELL,15,115.94200000000001,1739.13,6.70434615
2022-01-06,2022-01-05,3045,SELL,18,99.65015000000001,1793.7027000000003,6.914723908500001
2022-01-06,2022-01-05,4904,SELL,28,63.868050000000004,1788.3054000000002,6.8939173170000005
2022-01-06,2022-01-05,0050,BUY,556,148.37415000000001,82496.0274,70.534103427
2022-01-26,2022-01-25,2880,BUY,1223,21.660825,26491.188974999997,22.649966573624997
2022-01-26,2022-01-25,2886,BUY,719,36.8184,26472.4296,22.633927307999997
2022-01-26,2022-01-25,2892,BUY,1057,24.912449999999996,26332.459649999997,22.514253000749996
2022-01-26,2022-01-25,5880,BUY,1013,26.163074999999996,26503.194974999995,22.660231703624994
2022-01-26,2022-01-25,2412,BUY,26,117.0585,3043.5209999999997,2.602210455
2022-01-26,2022-01-25,3045,BUY,30,100.05,3001.5,2.5662825
2022-01-26,2022-01-25,4904,BUY,47,64.73235,3042.4204499999996,2.6012694847499995
2022-01-26,2022-01-25,0050,SELL,654,141.07942500000001,92265.94395000002,171.15332602725002
2022-02-07,2022-01-26,2880,BUY,914,21.860925,19980.88545,17.08365705975
2022-02-07,2022-01-26,2886,BUY,540,37.018499999999996,19989.989999999998,17.091441449999998
2022-02-07,2022-01-26,2892,BUY,794,25.0125,19859.925,16.980235874999998
2022-02-07,2022-01-26,5880,BUY,755,26.51325,20017.50375,17.11496570625
2022-02-07,2022-01-26,2412,BUY,40,118.059,4722.36,4.0376178
2022-02-07,2022-01-26,3045,BUY,48,99.54974999999999,4778.387999999999,4.085521739999999
2022-02-07,2022-01-26,4904,BUY,74,64.53224999999999,4775.3865,4.0829554575
2022-02-07,2022-01-26,0050,SELL,588,142.52870000000001,83806.87560000001,155.46175423800003
2022-02-15,2022-02-14,2880,BUY,551,22.8114,12569.0814,10.746564596999999
2022-02-15,2022-02-14,2886,BUY,327,38.31914999999999,12530.362049999998,10.713459552749997
2022-02-15,2022-02-14,2892,BUY,477,26.363175,12575.234475,10.751825476125
2022-02-15,2022-02-14,5880,BUY,459,27.4137,12582.888299999999,10.758369496499999
2022-02-15,2022-02-14,2412,BUY,236,120.05999999999999,28334.159999999996,24.225706799999998
2022-02-15,2022-02-14,3045,BUY,276,103.55175,28580.283,24.436141964999997
2022-02-15,2022-02-14,4904,BUY,424,66.93345000000001,28379.782800000004,24.264714294000004
2022-02-15,2022-02-14,0050,SELL,923,142.62865,131646.24395,244.20378252724998
2022-02-18,2022-02-17,2880,BUY,7,22.91145,160.38015,0.13712502824999998
2022-02-18,2022-02-17,2886,BUY,4,38.11905,152.4762,0.130367151
2022-02-18,2022-02-17,2892,BUY,6,26.413199999999996,158.4792,0.135499716
2022-02-18,2022-02-17,5880,BUY,6,27.31365,163.8819,0.1401190245
2022-02-18,2022-02-17,2412,BUY,242,121.56075,29417.7015,25.1521347825
2022-02-18,2022-02-17,3045,BUY,280,105.0525,29414.699999999997,25.149568499999997
2022-02-18,2022-02-17,4904,BUY,430,68.4342,29426.706000000002,25.15983363
2022-02-18,2022-02-17,0050,SELL,611,143.42825000000002,87634.66075000001,162.56229569125
2022-02-22,2022-02-21,2880,SELL,488,22.68865,11072.0612,42.682795926
2022-02-22,2022-02-21,2886,SELL,293,37.68115,11040.57695,42.561424142250004
2022-02-22,2022-02-21,2892,SELL,423,26.1869,11077.058700000001,42.702061288500005
2022-02-22,2022-02-21,5880,SELL,409,27.036475000000003,11057.918275000002,42.628274950125004
2022-02-22,2022-02-21,2412,BUY,373,123.0615,45901.9395,39.2461582725
2022-02-22,2022-02-21,3045,BUY,435,105.55274999999999,45915.44624999999,39.25770654374999
2022-02-22,2022-02-21,4904,BUY,669,68.4342,45782.4798,39.144020229
2022-02-22,2022-02-21,0050,SELL,586,142.52870000000001,83521.81820000001,154.932972761
2022-02-23,2022-02-22,2880,SELL,370,22.588700000000003,8357.819000000001,32.219392245
2022-02-23,2022-02-22,2886,SELL,223,37.5812,8380.607600000001,32.307242298000006
2022-02-23,2022-02-22,2892,SELL,320,26.08695,8347.824,32.18086152
2022-02-23,2022-02-22,5880,SELL,311,26.936525,8377.259275,32.294334505125
2022-02-23,2022-02-22,2412,BUY,236,123.56174999999999,29160.572999999997,24.932289914999995
2022-02-23,2022-02-22,3045,BUY,276,106.053,29270.628,25.02638694
2022-02-23,2022-02-22,4904,BUY,423,68.93445,29159.27235,24.93117785925
2022-02-23,2022-02-22,0050,SELL,356,141.779075,50473.3507,93.6280655485
2022-03-08,2022-03-07,2880,SELL,3263,21.639174999999998,70608.628025,272.196261036375
2022-03-08,2022-03-07,2886,SELL,1915,37.48125,71776.59375,276.69876890625
2022-03-08,2022-03-07,2892,SELL,2828,24.88755,70381.9914,271.322576847
2022-03-08,2022-03-07,5880,SELL,2742,25.587200000000003,70160.1024,270.467194752
2022-03-08,2022-03-07,2412,BUY,1013,120.05999999999999,121620.77999999998,103.98576689999999
2022-03-08,2022-03-07,3045,BUY,1167,104.55225,122012.47575,104.32066676625
2022-03-08,2022-03-07,4904,BUY,1705,71.0355,121115.5275,103.5537760125
2022-03-08,2022-03-07,0050,SELL,414,132.38377499999999,54806.882849999995,101.66676768674998
2022-03-09,2022-03-08,2880,SELL,3051,21.88905,66783.49155,257.45035992525004
2022-03-09,2022-03-08,2886,SELL,1793,37.48125,67203.88125,259.07096221875
2022-03-09,2022-03-08,2892,SELL,2674,25.087450000000004,67083.84130000001,258.6082082115
2022-03-09,2022-03-08,5880,SELL,2586,25.88705,66943.91129999999,258.0687780615
2022-03-09,2022-03-08,2412,BUY,833,122.06099999999999,101676.813,86.93367511499999
2022-03-09,2022-03-08,3045,BUY,967,105.0525,101585.7675,86.8558312125
2022-03-09,2022-03-08,4904,BUY,1392,73.03649999999999,101666.80799999999,86.92512083999999
2022-03-09,2022-03-08,0050,SELL,214,132.13389999999998,28276.654599999998,52.453194282999995
2022-03-10,2022-03-09,2880,SELL,2487,22.038975,54810.930825,211.29613833037502
2022-03-10,2022-03-09,2886,SELL,1456,37.48125,54572.700000000004,210.3777585
2022-03-10,2022-03-09,2892,SELL,2170,25.237375,54765.10375,211.11947495625
2022-03-10,2022-03-09,5880,SELL,2099,26.036975,54651.610525000004,210.68195857387502
2022-03-10,2022-03-09,2412,BUY,658,122.56124999999999,80645.30249999999,68.95173363749998
2022-03-10,2022-03-09,3045,BUY,764,105.0525,80260.11,68.62239405
2022-03-10,2022-03-09,4904,BUY,1100,73.4367,80780.37,69.06721635
2022-03-10,2022-03-09,0050,SELL,143,135.1324,19323.9332,35.845896085999996
2022-03-11,2022-03-10,2880,SELL,2164,22.3888,48449.3632,186.772295136
2022-03-11,2022-03-10,2886,SELL,1270,37.981,48235.87,185.94927885
2022-03-11,2022-03-10,2892,SELL,1887,25.587200000000003,48283.04640000001,186.13114387200002
2022-03-11,2022-03-10,5880,SELL,1816,26.736625,48553.711,187.174555905
2022-03-11,2022-03-10,2412,BUY,570,122.56124999999999,69859.91249999999,59.73022518749999
2022-03-11,2022-03-10,3045,BUY,659,106.053,69888.927,59.755032584999995
2022-03-11,2022-03-10,4904,BUY,958,73.33664999999999,70256.5107,60.0693166485
2022-03-11,2022-03-10,0050,SELL,102,135.782075,13849.771649999999,25.691326410749998
2022-03-14,2022-03-11,2880,SELL,1499,22.338825000000003,33485.898675000004,129.08813939212502
2022-03-14,2022-03-11,2886,SELL,885,37.981,33613.185000000005,129.578828175
2022-03-14,2022-03-11,2892,SELL,1312,25.537225000000003,33504.8392,129.161155116
2022-03-14,2022-03-11,5880,SELL,1260,26.536725,33436.2735,128.8968343425
2022-03-14,2022-03-11,2412,BUY,398,122.56124999999999,48779.377499999995,41.706367762499994
2022-03-14,2022-03-11,3045,BUY,460,105.55274999999999,48554.26499999999,41.51389657499999
2022-03-14,2022-03-11,4904,BUY,666,73.2366,48775.5756,41.703117137999996
2022-03-14,2022-03-11,0050,SELL,72,134.9325,9715.14,18.0215847
2022-03-15,2022-03-14,2880,SELL,1095,22.48875,24625.181249999998,94.93007371875
2022-03-15,2022-03-14,2886,SELL,640,38.48075,24627.68,94.9397064
2022-03-15,2022-03-14,2892,SELL,949,25.837075000000002,24519.384175000003,94.522225994625
2022-03-15,2022-03-14,5880,SELL,921,27.036475000000003,24900.593475,95.991787846125
2022-03-15,2022-03-14,2412,BUY,303,123.0615,37287.6345,31.8809274975
2022-03-15,2022-03-14,3045,BUY,351,106.053,37224.602999999996,31.827035564999996
2022-03-15,2022-03-14,4904,BUY,509,73.4367,37379.2803,31.959284656499996
2022-03-15,2022-03-14,0050,SELL,54,133.083425,7186.5049500000005,13.33096668225
2022-03-22,2022-03-21,2880,BUY,1991,23.261625,46313.895375,39.598380545625
2022-03-22,2022-03-21,2886,BUY,1140,40.52025,46193.085,39.495087675
2022-03-22,2022-03-21,2892,BUY,1241,26.963475,33461.672475,28.609729966125
2022-03-22,2022-03-21,2412,SELL,480,126.43675,60689.64,233.9585622
2022-03-22,2022-03-21,3045,SELL,576,104.9475,60449.76,233.0338248
2022-03-22,2022-03-21,4904,SELL,833,72.96350000000001,60778.59550000001,234.30148565250005
2022-03-22,2022-03-21,0050,SELL,40,136.73160000000001,5469.264000000001,10.14548472
2022-03-23,2022-03-22,2880,BUY,3017,23.411699999999996,70633.09889999998,60.391299559499984
2022-03-23,2022-03-22,2886,BUY,1712,41.2206,70569.6672,60.337065456
2022-03-23,2022-03-22,2892,BUY,1662,27.263624999999998,45312.14475,38.74188376125
2022-03-23,2022-03-22,2412,SELL,632,125.93700000000001,79592.18400000001,306.82786932000005
2022-03-23,2022-03-22,3045,SELL,762,104.9475,79969.99500000001,308.284330725
2022-03-23,2022-03-22,4904,SELL,1099,72.46375,79637.66125,307.00318411875
2022-03-23,2022-03-22,0050,SELL,30,137.5312,4125.936000000001,7.653611280000001
2022-03-24,2022-03-23,2880,BUY,3154,23.661824999999997,74629.39605,63.80813362274999
2022-03-24,2022-03-23,2886,BUY,1772,42.2211,74815.7892,63.967499765999996
2022-03-24,2022-03-23,2892,BUY,2729,27.4137,74811.9873,63.96424914149999
2022-03-24,2022-03-23,5880,BUY,629,28.514249999999997,17935.463249999997,15.334821078749997
2022-03-24,2022-03-23,2412,SELL,588,125.43725,73757.103,284.333632065
2022-03-24,2022-03-23,3045,SELL,708,104.44775,73949.007,285.073421985
2022-03-24,2022-03-23,4904,SELL,1026,72.46375,74347.80750000001,286.6107979125
2022-03-24,2022-03-23,0050,SELL,23,137.43125,3160.9187500000003,5.86350428125
2022-03-25,2022-03-24,2880,BUY,2648,23.6118,62524.0464,53.458059672
2022-03-25,2022-03-24,2886,BUY,1492,42.12105,62844.60659999999,53.73213864299999
2022-03-25,2022-03-24,2892,BUY,2284,27.6138,63069.919200000004,53.924780916
2022-03-25,2022-03-24,5880,BUY,1253,28.514249999999997,35728.35524999999,30.547743738749993
2022-03-25,2022-03-24,2412,SELL,505,125.93700000000001,63598.185000000005,245.171003175
2022-03-25,2022-03-24,3045,SELL,602,105.947,63780.094000000005,245.87226237000002
2022-03-25,2022-03-24,4904,SELL,873,72.86355,63609.87915,245.21608412325
2022-03-25,2022-03-24,0050,SELL,18,138.3308,2489.9544,4.618865412
2022-03-28,2022-03-25,2880,BUY,1989,23.51175,46764.87075,39.98396449125
2022-03-28,2022-03-25,2886,BUY,1114,41.72085,46477.0269,39.737857999499994
2022-03-28,2022-03-25,2892,BUY,1695,27.513749999999998,46635.806249999994,39.87361434374999
2022-03-28,2022-03-25,5880,BUY,1642,28.464225,46738.25745,39.96121011975
2022-03-28,2022-03-25,2412,SELL,404,126.93650000000001,51282.346000000005,197.69344383
2022-03-28,2022-03-25,3045,SELL,488,104.9475,51214.380000000005,197.43143490000003
2022-03-28,2022-03-25,4904,SELL,704,72.46375,51014.48,196.6608204
2022-03-28,2022-03-25,0050,SELL,13,136.9315,1780.1095,3.3021031224999997
2022-03-29,2022-03-28,2880,BUY,1308,23.561775,30818.8017,26.3500754535
2022-03-29,2022-03-28,2886,BUY,728,42.321149999999996,30809.797199999997,26.342376605999995
2022-03-29,2022-03-28,2892,BUY,1111,27.713849999999997,30790.087349999998,26.32552468425
2022-03-29,2022-03-28,5880,BUY,1068,28.864425,30827.2059,26.3572610445
2022-03-29,2022-03-28,2412,SELL,290,127.43625,36956.5125,142.46735568749997
2022-03-29,2022-03-28,3045,SELL,351,105.44725000000001,37011.98475,142.68120121125
2022-03-29,2022-03-28,4904,SELL,506,73.36330000000001,37121.82980000001,143.104653879
2022-03-29,2022-03-28,0050,SELL,10,136.9315,1369.315,2.5400793249999998
2022-03-31,2022-03-30,2880,BUY,997,24.162074999999998,24089.588774999997,20.596598402624995
2022-03-31,2022-03-30,2886,BUY,564,42.321149999999996,23869.128599999996,20.408104952999995
2022-03-31,2022-03-30,2892,BUY,851,28.014,23839.914,20.38312647
2022-03-31,2022-03-30,5880,BUY,823,28.964474999999997,23837.762924999995,20.381287300874995
2022-03-31,2022-03-30,2412,SELL,250,126.93650000000001,31734.125000000004,122.335051875
2022-03-31,2022-03-30,3045,SELL,301,105.44725000000001,31739.622250000004,122.35624377375001
2022-03-31,2022-03-30,4904,SELL,432,74.36280000000001,32124.729600000002,123.84083260800001
2022-03-31,2022-03-30,0050,BUY,3,138.61927500000002,415.85782500000005,0.355558440375
2022-04-08,2022-04-07,2880,SELL,1736,24.737625,42944.517,165.551113035
2022-04-08,2022-04-07,2886,SELL,968,44.127925,42715.831399999995,164.66953004699997
2022-04-08,2022-04-07,2892,SELL,1468,29.135425,42770.8039,164.88144903449998
2022-04-08,2022-04-07,5880,SELL,1421,29.985000000000003,42608.685000000005,164.256480675
2022-04-08,2022-04-07,2412,BUY,451,127.56375,57531.25125,49.18921981875
2022-04-08,2022-04-07,3045,BUY,543,106.053,57586.778999999995,49.236696044999995
2022-04-08,2022-04-07,4904,BUY,776,74.4372,57763.2672,49.387593456
2022-04-08,2022-04-07,0050,BUY,31,134.16705,4159.17855,3.5560976602499994
2022-04-11,2022-04-08,2880,SELL,2256,25.3873,57273.7488,220.790301624
2022-04-11,2022-04-08,2886,SELL,1277,44.3778,56670.450600000004,218.464587063
2022-04-11,2022-04-08,2892,SELL,1920,29.48525,56611.68,218.2380264
2022-04-11,2022-04-08,5880,SELL,1854,30.734625,56981.994750000005,219.66558976125
2022-04-11,2022-04-08,2412,BUY,598,128.064,76582.272,65.47784256
2022-04-11,2022-04-08,3045,BUY,723,106.053,76676.319,65.558252745
2022-04-11,2022-04-08,4904,BUY,1027,74.13704999999999,76138.75034999999,65.09863154924999
2022-04-11,2022-04-08,0050,SELL,5,134.08292500000002,670.4146250000001,1.243619129375
2022-04-12,2022-04-11,2880,SELL,2004,24.937525,49974.8001,192.6528543855
2022-04-12,2022-04-11,2886,SELL,1124,44.57770000000001,50105.33480000001,193.15606565400003
2022-04-12,2022-04-11,2892,SELL,1693,29.335325000000005,49664.705225000005,191.45743864237502
2022-04-12,2022-04-11,5880,SELL,1638,30.384800000000002,49770.3024,191.864515752
2022-04-12,2022-04-11,2412,BUY,528,129.06449999999998,68146.056,58.26487787999999
2022-04-12,2022-04-11,3045,BUY,644,106.55324999999999,68620.29299999999,58.67035051499999
2022-04-12,2022-04-11,4904,BUY,919,74.6373,68591.67869999999,58.64588528849999
2022-04-12,2022-04-11,0050,SELL,12,132.08392500000002,1585.0071000000003,2.9401881705000004
2022-04-13,2022-04-12,2880,SELL,1583,24.9875,39555.2125,152.4853441875
2022-04-13,2022-04-12,2886,SELL,887,44.47775,39451.76425,152.08655118375
2022-04-13,2022-04-12,2892,SELL,1332,29.48525,39274.353,151.402630815
2022-04-13,2022-04-12,5880,SELL,1308,30.184900000000003,39481.849200000004,152.202528666
2022-04-13,2022-04-12,2412,BUY,419,129.06449999999998,54078.02549999999,46.23671180249999
2022-04-13,2022-04-12,3045,BUY,504,107.0535,53954.964,46.13149422
2022-04-13,2022-04-12,4904,BUY,719,75.33765,54167.77035,46.31344364925
2022-04-13,2022-04-12,0050,SELL,11,133.3333,1466.6663,2.7206659865
2022-04-14,2022-04-13,2880,SELL,1187,25.087450000000004,29778.803150000003,114.79728614325
2022-04-14,2022-04-13,2886,SELL,662,45.027475,29808.18845,114.91056647475
2022-04-14,2022-04-13,2892,SELL,1008,29.48525,29721.132,114.57496386
2022-04-14,2022-04-13,5880,SELL,981,30.234875000000002,29660.412375000004,114.34088970562502
2022-04-14,2022-04-13,2412,BUY,327,128.56425,42040.50975,35.944635836249994
2022-04-14,2022-04-13,3045,BUY,395,106.55324999999999,42088.533749999995,35.985696356249996
2022-04-14,2022-04-13,4904,BUY,563,74.6373,42020.7999,35.9277839145
2022-04-14,2022-04-13,0050,SELL,9,135.682125,1221.1391250000001,2.2652130768750003
2022-04-19,2022-04-18,2880,SELL,1191,23.638175,28153.066425,108.530071068375
2022-04-19,2022-04-18,2886,SELL,669,41.929025,28050.517725,108.134745829875
2022-04-19,2022-04-18,2892,SELL,1009,27.88605,28137.02445,108.46822925475
2022-04-19,2022-04-18,5880,SELL,982,28.585700000000003,28071.157400000004,108.214311777
2022-04-19,2022-04-18,2412,BUY,312,130.065,40580.28,34.6961394
2022-04-19,2022-04-18,3045,BUY,383,106.053,40618.299,34.728645645
2022-04-19,2022-04-18,4904,BUY,528,77.13855,40729.1544,34.823427011999996
2022-04-19,2022-04-18,0050,SELL,10,132.183875,1321.83875,2.4520108812499997
2022-04-20,2022-04-19,2880,SELL,1307,23.738125,31025.729375,119.604186740625
2022-04-20,2022-04-19,2886,SELL,743,41.529225,30856.214174999997,118.95070564462499
2022-04-20,2022-04-19,2892,SELL,1112,27.736125,30842.571,118.89811120499999
2022-04-20,2022-04-19,5880,SELL,1081,28.585700000000003,30901.141700000004,119.12390125350001
2022-04-20,2022-04-19,2412,BUY,329,129.06449999999998,42462.220499999996,36.305198527499996
2022-04-20,2022-04-19,3045,BUY,402,106.55324999999999,42834.4065,36.6234175575
2022-04-20,2022-04-19,4904,BUY,560,76.53824999999999,42861.42,36.6465141
2022-04-20,2022-04-19,0050,SELL,6,132.13389999999998,792.8033999999999,1.4706503069999997
2022-04-21,2022-04-20,2880,SELL,950,23.938025,22741.12375,87.66703205625
2022-04-21,2022-04-20,2886,SELL,544,41.67915000000001,22673.457600000005,87.40617904800001
2022-04-21,2022-04-20,2892,SELL,808,28.085950000000004,22693.447600000003,87.48324049800001
2022-04-21,2022-04-20,5880,SELL,787,28.835575000000002,22693.597525,87.483818458875
2022-04-21,2022-04-20,2412,BUY,245,131.0655,32111.047499999997,27.454945612499998
2022-04-21,2022-04-20,3045,BUY,296,108.05399999999999,31983.983999999997,27.346306319999997
2022-04-21,2022-04-20,4904,BUY,412,77.8389,32069.6268,27.419530913999996
2022-04-21,2022-04-20,0050,SELL,3,133.183375,399.55012500000004,0.741165481875
2022-04-25,2022-04-22,2880,SELL,960,23.08845,22164.912,85.44573576
2022-04-25,2022-04-22,2886,SELL,546,41.129425,22456.66605,86.57044762275
2022-04-25,2022-04-22,2892,SELL,812,27.486250000000002,22318.835000000003,86.03910892500001
2022-04-25,2022-04-22,5880,SELL,786,28.285850000000003,22232.6781,85.7069740755
2022-04-25,2022-04-22,2412,BUY,237,131.0655,31062.523499999996,26.558457592499995
2022-04-25,2022-04-22,3045,BUY,288,107.55375,30975.48,26.4840354
2022-04-25,2022-04-22,4904,BUY,402,77.0385,30969.477,26.478902835
2022-04-25,2022-04-22,0050,SELL,2,129.935,259.87,0.48205885
2022-04-28,2022-04-27,2880,SELL,1121,23.48825,26330.328250000002,101.50341540375001
2022-04-28,2022-04-27,2886,SELL,632,41.47925,26214.886,101.05838553
2022-04-28,2022-04-27,2892,SELL,950,27.636175,26254.366250000003,101.21058189375
2022-04-28,2022-04-27,5880,SELL,929,28.285850000000003,26277.554650000002,101.29997317575001
2022-04-28,2022-04-27,2412,SELL,18,131.934,2374.812,9.15490026
2022-04-28,2022-04-27,3045,SELL,22,107.94600000000001,2374.8120000000004,9.154900260000002
2022-04-28,2022-04-27,4904,SELL,29,81.25935,2356.52115,9.08438903325
2022-05-04,2022-05-03,2880,SELL,1008,23.588200000000004,23776.905600000006,91.65997108800002
2022-05-04,2022-05-03,2886,SELL,579,41.27935,23900.74365,92.13736677075
2022-05-04,2022-05-03,2892,SELL,860,27.486250000000002,23638.175000000003,91.12516462500001
2022-05-04,2022-05-03,5880,SELL,840,28.135925,23634.177,91.109752335
2022-05-04,2022-05-03,2412,BUY,184,126.56325,23287.638,19.91093049
2022-05-04,2022-05-03,3045,BUY,220,107.0535,23551.77,20.13676335
2022-05-04,2022-05-03,4904,BUY,290,80.74034999999999,23414.7015,20.0195697825
2022-05-04,2022-05-03,0050,SELL,2,128.23585000000003,256.47170000000006,0.47575500350000005
2022-05-06,2022-05-05,2880,SELL,2346,22.738625000000003,53344.81425,205.64425893375
2022-05-06,2022-05-05,2886,SELL,1362,38.830575,52887.24315,203.88032234325001
2022-05-06,2022-05-05,2892,SELL,2004,26.736625,53580.1965,206.55165750749998
2022-05-06,2022-05-05,5880,SELL,1953,27.186400000000003,53095.03920000001,204.68137611600002
2022-05-06,2022-05-05,2412,BUY,205,124.062,25432.71,21.74496705
2022-05-06,2022-05-05,3045,BUY,243,105.0525,25527.7575,21.826232662499997
2022-05-06,2022-05-05,4904,BUY,321,78.039,25050.519,21.418193745
2022-05-06,2022-05-05,0050,SELL,1,126.38677500000001,126.38677500000001,0.23444746762500002
2022-05-13,2022-05-12,2880,SELL,4146,21.88905,90752.0013,349.8489650115
2022-05-13,2022-05-12,2886,SELL,2443,36.981500000000004,90345.80450000001,348.28307634750007
2022-05-13,2022-05-12,2892,SELL,3544,25.637175,90858.1482,350.258161311
2022-05-13,2022-05-12,5880,SELL,3565,25.337325000000003,90327.56362500001,348.212757774375
2022-05-13,2022-05-12,2412,BUY,198,124.56224999999999,24663.3255,21.0871433025
2022-05-13,2022-05-12,3045,BUY,231,106.55324999999999,24613.80075,21.04479964125
2022-05-13,2022-05-12,4904,BUY,303,81.54074999999999,24706.847249999995,21.124354398749993
2022-05-13,2022-05-12,0050,BUY,179,122.16104999999999,21866.82795,18.696137897249997
2022-05-16,2022-05-13,2880,SELL,1041,22.088950000000004,22994.596950000003,88.64417124225001
2022-05-16,2022-05-13,2886,SELL,617,37.031475,22848.420075,88.080659389125
2022-05-16,2022-05-13,2892,SELL,890,25.787100000000002,22950.519000000004,88.474250745
2022-05-16,2022-05-13,5880,SELL,894,25.787100000000002,23053.667400000002,88.87188782700001
2022-05-16,2022-05-13,2412,BUY,45,125.0625,5627.8125,4.8117796875
2022-05-16,2022-05-13,3045,BUY,52,107.0535,5566.782,4.75959861
2022-05-16,2022-05-13,4904,BUY,68,82.4412,5606.0016,4.793131367999999
2022-05-16,2022-05-13,0050,BUY,43,123.511725,5311.004175,4.540908569625
2022-05-20,2022-05-19,2880,SELL,2391,22.48875,53770.60125,207.28566781875
2022-05-20,2022-05-19,2886,SELL,1463,36.7816,53811.4808,207.44325848399998
2022-05-20,2022-05-19,2892,SELL,2076,25.987000000000002,53949.012,207.97344126000002
2022-05-20,2022-05-19,5880,SELL,1995,27.036475000000003,53937.76762500001,207.93009419437502
2022-05-20,2022-05-19,2412,BUY,46,124.56224999999999,5729.8634999999995,4.8990332924999995
2022-05-20,2022-05-19,3045,BUY,53,108.05399999999999,5726.861999999999,4.896467009999999
2022-05-20,2022-05-19,4904,BUY,69,82.4412,5688.4428,4.863618594
2022-05-20,2022-05-19,0050,BUY,12,123.81187499999999,1485.7424999999998,1.2703098374999997
2022-05-24,2022-05-23,2880,SELL,959,22.68865,21758.41535,83.87869117425
2022-05-24,2022-05-23,2886,SELL,589,37.281349999999996,21958.715149999996,84.65084690324998
2022-05-24,2022-05-23,2892,SELL,835,26.136925,21824.332375,84.13280130562501
2022-05-24,2022-05-23,5880,SELL,804,27.186400000000003,21857.8656,84.26207188800001
2022-05-24,2022-05-23,2412,BUY,93,124.062,11537.766,9.864789929999999
2022-05-24,2022-05-23,3045,BUY,107,107.0535,11454.7245,9.7937894475
2022-05-24,2022-05-23,4904,BUY,141,80.94045,11412.60345,9.75777594975
2022-05-24,2022-05-23,0050,BUY,2,125.0625,250.125,0.213856875
2022-06-08,2022-06-07,2880,BUY,1151,23.461724999999998,27004.445474999997,23.088800881124996
2022-06-08,2022-06-07,2886,BUY,710,37.81889999999999,26851.418999999994,22.957963244999995
2022-06-08,2022-06-07,2892,BUY,1012,26.51325,26831.409,22.940854695
2022-06-08,2022-06-07,5880,BUY,980,27.463724999999997,26914.450499999995,23.011855177499996
2022-06-08,2022-06-07,2412,SELL,365,125.93700000000001,45967.005000000005,177.202804275
2022-06-08,2022-06-07,3045,SELL,426,106.9465,45559.209,175.63075069500002
2022-06-08,2022-06-07,4904,SELL,565,81.25935,45911.53275,176.98895875124998
2022-06-08,2022-06-07,0050,BUY,542,128.56425,69681.8235,59.577959092499995
2022-06-14,2022-06-13,2880,BUY,1486,22.761374999999997,33823.403249999996,28.919009778749995
2022-06-14,2022-06-13,2886,BUY,926,36.318149999999996,33630.6069,28.754168899499998
2022-06-14,2022-06-13,2892,BUY,1290,26.213099999999997,33814.899,28.911738644999996
2022-06-14,2022-06-13,5880,BUY,1255,26.663324999999997,33462.472875,28.610414308124998
2022-06-14,2022-06-13,2412,SELL,246,124.9375,30734.625,118.481979375
2022-06-14,2022-06-13,3045,SELL,290,105.947,30724.63,118.44344865000001
2022-06-14,2022-06-13,4904,SELL,377,81.85905000000001,30860.861850000005,118.96862243175002
2022-06-14,2022-06-13,0050,SELL,34,122.5387,4166.3158,7.728515809
2022-06-21,2022-06-20,2880,SELL,76,22.638675,1720.5393,6.6326790015
2022-06-21,2022-06-20,2886,SELL,49,35.132425,1721.488825,6.636339420374999
2022-06-21,2022-06-20,2892,SELL,66,26.136925,1725.0370500000001,6.65001782775
2022-06-21,2022-06-20,5880,SELL,65,26.48675,1721.63875,6.63691738125
2022-06-21,2022-06-20,2412,BUY,293,125.56275,36789.88575,31.45535231625
2022-06-21,2022-06-20,3045,BUY,342,107.55375,36783.3825,31.4497920375
2022-06-21,2022-06-20,4904,BUY,448,82.54124999999999,36978.479999999996,31.616600399999996
2022-06-21,2022-06-20,0050,SELL,245,120.889525,29617.933625,54.941266874374996
2022-06-22,2022-06-21,2880,SELL,861,22.88855,19707.041549999998,75.97064517524998
2022-06-22,2022-06-21,2886,SELL,557,35.5822,19819.2854,76.403345217
2022-06-22,2022-06-21,2892,SELL,752,26.3868,19842.8736,76.494277728
2022-06-22,2022-06-21,5880,SELL,732,27.086450000000003,19827.281400000003,76.43416979700001
2022-06-22,2022-06-21,2412,BUY,292,126.56325,36956.469,31.597780994999997
2022-06-22,2022-06-21,3045,BUY,340,108.05399999999999,36738.35999999999,31.411297799999993
2022-06-22,2022-06-21,4904,BUY,448,82.54124999999999,36978.479999999996,31.616600399999996
2022-06-22,2022-06-21,0050,SELL,140,121.63915000000001,17029.481000000003,31.589687255000005
2022-07-04,2022-07-01,2880,BUY,961,22.51125,21633.31125,18.496481118749998
2022-07-04,2022-07-01,2886,BUY,611,35.51775,21701.34525,18.55465018875
2022-07-04,2022-07-01,2892,BUY,835,25.962974999999997,21679.084124999998,18.535616926874997
2022-07-04,2022-07-01,5880,BUY,813,26.71335,21717.95355,18.568850285249997
2022-07-04,2022-07-01,2412,BUY,6,125.0625,750.375,0.641570625
2022-07-04,2022-07-01,3045,BUY,7,109.05449999999999,763.3815,0.6526911824999999
2022-07-04,2022-07-01,4904,BUY,9,86.04299999999999,774.387,0.662100885
2022-07-04,2022-07-01,0050,SELL,14,111.19437500000001,1556.72125,2.88771791875
2022-07-13,2022-07-12,2880,BUY,1130,21.8109,24646.317,21.072601034999998
2022-07-13,2022-07-12,2886,BUY,722,34.31715,24776.9823,21.184319866499997
2022-07-13,2022-07-12,2892,BUY,987,25.0125,24687.337499999998,21.107673562499997
2022-07-13,2022-07-12,5880,BUY,959,25.662824999999998,24610.649175,21.042105044624996
2022-07-13,2022-07-12,2412,SELL,20,122.43875000000001,2448.775,9.440027625
2022-07-13,2022-07-12,3045,SELL,23,103.94800000000001,2390.804,9.21654942
2022-07-13,2022-07-12,4904,SELL,29,82.05895,2379.70955,9.17378031525
2022-07-13,2022-07-12,0050,SELL,7,112.9435,790.6045,1.4665713475
2022-07-18,2022-07-15,2880,SELL,3971,21.68915,86127.61465,332.02195447575
2022-07-18,2022-07-15,2886,SELL,2512,33.88305,85114.22159999999,328.11532426799994
2022-07-18,2022-07-15,2892,SELL,3448,24.7876,85467.64480000001,329.477770704
2022-07-18,2022-07-15,5880,SELL,3366,25.287350000000004,85117.2201,328.1268834855
2022-07-18,2022-07-15,2412,BUY,236,124.062,29278.631999999998,25.033230359999997
2022-07-18,2022-07-15,3045,BUY,276,104.05199999999999,28718.352,24.55419096
2022-07-18,2022-07-15,4904,BUY,368,78.4392,28865.6256,24.680109887999997
2022-07-18,2022-07-15,0050,SELL,74,114.59267500000001,8479.857950000001,15.730136497250001
2022-07-19,2022-07-18,2880,SELL,1326,21.739125,28826.07975,111.12453743625
2022-07-19,2022-07-18,2886,SELL,844,33.983000000000004,28681.652000000002,110.56776846000001
2022-07-19,2022-07-18,2892,SELL,1151,24.937525,28703.091275000002,110.65041686512501
2022-07-19,2022-07-18,5880,SELL,1131,25.437275,28769.558025,110.90664618637499
2022-07-19,2022-07-18,2412,BUY,140,123.0615,17228.61,14.73046155
2022-07-19,2022-07-18,3045,BUY,167,103.05149999999999,17209.600499999997,14.714208427499997
2022-07-19,2022-07-18,4904,BUY,227,76.93845,17465.028150000002,14.932599068250001
2022-07-19,2022-07-18,0050,SELL,17,113.89302500000001,1936.1814250000002,3.5916165433750002
2022-07-21,2022-07-20,2880,SELL,1434,21.739125,31173.905250000003,120.17540473875
2022-07-21,2022-07-20,2886,SELL,911,33.983000000000004,30958.513000000003,119.345067615
2022-07-21,2022-07-20,2892,SELL,1244,24.9875,31084.45,119.83055475
2022-07-21,2022-07-20,5880,SELL,1215,25.587200000000003,31088.448000000004,119.84596704000002
2022-07-21,2022-07-20,2412,BUY,184,119.55975,21998.994,18.80913987
2022-07-21,2022-07-20,3045,BUY,225,99.2496,22331.16,19.093141799999998
2022-07-21,2022-07-20,4904,BUY,298,74.03699999999999,22063.025999999998,18.863887229999996
2022-07-21,2022-07-20,0050,BUY,602,115.4577,69505.53540000001,59.42723276700001
2022-07-22,2022-07-21,2880,SELL,1145,22.038975,25234.626375,97.279484675625
2022-07-22,2022-07-21,2886,SELL,735,34.48275,25344.82125,97.70428591875
2022-07-22,2022-07-21,2892,SELL,993,25.437275,25259.214075,97.374270259125
2022-07-22,2022-07-21,5880,SELL,974,25.837075000000002,25165.311050000004,97.01227409775001
2022-07-22,2022-07-21,2412,BUY,87,119.0595,10358.1765,8.8562409075
2022-07-22,2022-07-21,3045,BUY,105,99.34965,10431.713249999999,8.919114828749999
2022-07-22,2022-07-21,4904,BUY,140,73.4367,10281.138,8.79037299
2022-07-22,2022-07-21,0050,BUY,690,116.65829999999998,80494.22699999998,68.82256408499998
2022-07-25,2022-07-22,2880,SELL,578,21.989,12709.642,48.99566991
2022-07-25,2022-07-22,2886,SELL,367,34.68265,12728.532550000002,49.06849298025001
2022-07-25,2022-07-22,2892,SELL,497,25.737125000000002,12791.351125000001,49.310658586875
2022-07-25,2022-07-22,5880,SELL,491,25.837075000000002,12686.003825000002,48.904544745375006
2022-07-25,2022-07-22,2412,BUY,37,118.55924999999999,4386.69225,3.75062187375
2022-07-25,2022-07-22,3045,BUY,45,99.4497,4475.2365,3.8263272075
2022-07-25,2022-07-22,4904,BUY,60,73.6368,4418.208,3.7775678399999997
2022-07-25,2022-07-22,0050,BUY,778,116.35815,90526.64069999999,77.40027779849999
2022-08-08,2022-08-05,2880,BUY,1484,23.211599999999997,34446.01439999999,29.451342311999994
2022-08-08,2022-08-05,2886,BUY,964,35.867925,34576.6797,29.5630611435
2022-08-08,2022-08-05,2892,BUY,1348,25.462725,34323.7533,29.346809071499997
2022-08-08,2022-08-05,5880,BUY,1250,27.663824999999996,34579.78124999999,29.56571296874999
2022-08-08,2022-08-05,2412,SELL,198,121.93900000000001,24143.922000000002,93.07481931000001
2022-08-08,2022-08-05,3045,SELL,239,101.44925,24246.370750000002,93.46975924125
2022-08-08,2022-08-05,4904,SELL,321,75.7621,24319.634100000003,93.75218945550002
2022-08-08,2022-08-05,0050,SELL,36,118.9405,4281.858,7.942846589999999
2022-08-12,2022-08-11,2880,BUY,1643,23.561775,38711.996325,33.098756857874996
2022-08-12,2022-08-11,2886,BUY,1074,36.018,38683.332,33.07424886
2022-08-12,2022-08-11,2892,BUY,1434,26.763375,38378.67975,32.81377118625
2022-08-12,2022-08-11,5880,BUY,1400,27.513749999999998,38519.25,32.93395875
2022-08-12,2022-08-11,2412,SELL,125,124.9375,15617.1875,60.204257812499996
2022-08-12,2022-08-11,3045,SELL,154,101.94900000000001,15700.146000000002,60.524062830000005
2022-08-12,2022-08-11,4904,SELL,200,78.7606,15752.119999999999,60.7244226
2022-08-12,2022-08-11,0050,SELL,555,120.489725,66871.79737500001,124.04718413062501
2022-08-15,2022-08-12,2880,BUY,1615,23.71185,38294.637749999994,32.74191527624999
2022-08-15,2022-08-12,2886,BUY,1068,35.71785,38146.663799999995,32.615397548999994
2022-08-15,2022-08-12,2892,BUY,1431,26.763375,38298.389625,32.745123129375
2022-08-15,2022-08-12,5880,BUY,1389,27.513749999999998,38216.59875,32.67519193125
2022-08-15,2022-08-12,2412,SELL,197,124.9375,24612.6875,94.8819103125
2022-08-15,2022-08-12,3045,SELL,243,101.44925,24652.16775,95.03410667625
2022-08-15,2022-08-12,4904,SELL,317,77.7611,24650.2687,95.0267858385
2022-08-15,2022-08-12,0050,SELL,414,121.38927500000001,50255.159850000004,93.22332152175
2022-08-16,2022-08-15,2880,BUY,963,23.661824999999997,22786.337474999997,19.482318541124997
2022-08-16,2022-08-15,2886,BUY,638,35.6178,22724.1564,19.429153722
2022-08-16,2022-08-15,2892,BUY,855,26.563275,22711.600125,19.418418106875
2022-08-16,2022-08-15,5880,BUY,827,27.513749999999998,22753.87125,19.45455991875
2022-08-16,2022-08-15,2412,SELL,149,124.9375,18615.6875,71.76347531249999
2022-08-16,2022-08-15,3045,SELL,183,101.94900000000001,18656.667,71.921451285
2022-08-16,2022-08-15,4904,SELL,239,77.06145,18417.68655,71.00018165025
2022-08-16,2022-08-15,0050,SELL,330,121.93900000000001,40239.87,74.64495885
2022-08-31,2022-08-30,2880,BUY,944,23.011499999999998,21722.856,18.573041879999998
2022-08-31,2022-08-30,2886,BUY,613,35.467725,21741.715425000002,18.589166688375002
2022-08-31,2022-08-30,2892,BUY,824,26.213099999999997,21599.594399999998,18.467653212
2022-08-31,2022-08-30,5880,BUY,798,27.213599999999996,21716.452799999995,18.567567143999995
2022-08-31,2022-08-30,2412,SELL,1,121.93900000000001,121.93900000000001,0.470074845
2022-08-31,2022-08-30,3045,SELL,1,99.85005000000001,99.85005000000001,0.38492194275
2022-08-31,2022-08-30,4904,SELL,2,74.9625,149.925,0.577960875
2022-08-31,2022-08-30,0050,SELL,64,115.892025,7417.0896,13.758701208
2022-09-27,2022-09-26,2880,BUY,1404,22.51125,31605.795000000002,27.022954725
2022-09-27,2022-09-26,2886,BUY,949,33.316649999999996,31617.500849999997,27.032963226749995
2022-09-27,2022-09-26,2892,BUY,1206,26.213099999999997,31612.998599999995,27.029113802999994
2022-09-27,2022-09-26,5880,BUY,1206,26.263125,31673.328749999997,27.080696081249997
2022-09-27,2022-09-26,2412,BUY,78,117.0585,9130.563,7.806631364999999
2022-09-27,2022-09-26,3045,BUY,94,96.74835,9094.3449,7.7756648895
2022-09-27,2022-09-26,4904,BUY,128,71.0355,9092.544,7.77412512
2022-09-27,2022-09-26,0050,BUY,17,107.8539,1833.5163,1.5676564364999999
2022-10-07,2022-10-06,2880,BUY,6,22.11105,132.66629999999998,0.11342968649999997
2022-10-07,2022-10-06,2886,BUY,4,31.2156,124.8624,0.10675735199999999
2022-10-07,2022-10-06,2892,BUY,5,25.562775,127.813875,0.10928086312499999
2022-10-07,2022-10-06,5880,BUY,5,25.8129,129.0645,0.11035014750000001
2022-10-07,2022-10-06,2412,BUY,252,110.05499999999999,27733.859999999997,23.712450299999997
2022-10-07,2022-10-06,3045,BUY,295,94.34714999999998,27832.409249999997,23.796709908749996
2022-10-07,2022-10-06,4904,BUY,407,68.13404999999999,27730.558349999996,23.709627389249995
2022-10-07,2022-10-06,0050,SELL,10,107.34630000000001,1073.4630000000002,1.9912738650000001
2022-10-14,2022-10-13,2880,BUY,1073,21.0105,22544.2665,19.2753478575
2022-10-14,2022-10-13,2886,BUY,750,29.814899999999998,22361.175,19.118804625
2022-10-14,2022-10-13,2892,BUY,909,24.712349999999997,22463.526149999998,19.206314858249996
2022-10-14,2022-10-13,5880,BUY,909,24.712349999999997,22463.526149999998,19.206314858249996
2022-10-14,2022-10-13,2412,SELL,105,109.44525,11491.75125,44.300701068749994
2022-10-14,2022-10-13,3045,SELL,123,93.7531,11531.631300000001,44.4544386615
2022-10-14,2022-10-13,4904,SELL,165,69.46525,11461.766249999999,44.18510889374999
2022-10-14,2022-10-13,0050,BUY,34,101.80087499999999,3461.2297499999995,2.9593514362499995
2022-11-16,2022-11-15,2880,SELL,1036,22.1889,22987.7004,88.617585042
2022-11-16,2022-11-15,2886,SELL,743,31.084450000000004,23095.74635,89.03410217925
2022-11-16,2022-11-15,2892,SELL,894,25.737125000000002,23008.98975,88.69965548625
2022-11-16,2022-11-15,5880,SELL,867,26.48675,22964.01225,88.52626722375
2022-11-16,2022-11-15,2412,BUY,10,108.55425,1085.5425,0.9281388374999999
2022-11-16,2022-11-15,3045,BUY,12,93.74685,1124.9622,0.9618426809999999
2022-11-16,2022-11-15,4904,BUY,16,67.53375,1080.54,0.9238616999999999
2022-11-16,2022-11-15,0050,BUY,888,115.05749999999999,102171.06,87.3562563
2022-11-17,2022-11-16,2880,SELL,723,21.939025,15861.915075,61.147682614125
2022-11-17,2022-11-16,2886,SELL,517,30.834575000000005,15941.475275000003,61.45438718512501
2022-11-17,2022-11-16,2892,SELL,620,25.587200000000003,15864.064000000002,61.15596672000001
2022-11-17,2022-11-16,5880,SELL,603,26.436775,15941.375325,61.454001877875
2022-11-17,2022-11-16,2412,SELL,115,108.44575,12471.26125,48.076712118749995
2022-11-17,2022-11-16,3045,SELL,135,92.85355000000001,12535.229250000002,48.32330875875001
2022-11-17,2022-11-16,4904,SELL,189,65.86705,12448.87245,47.99040329475
2022-11-17,2022-11-16,0050,BUY,994,114.006975,113322.93315,96.89110784325
2022-11-18,2022-11-17,2880,SELL,546,21.7891,11896.848600000001,45.862351353
2022-11-18,2022-11-17,2886,SELL,388,30.68465,11905.6442,45.896258391
2022-11-18,2022-11-17,2892,SELL,469,25.3873,11906.6437,45.900111463500004
2022-11-18,2022-11-17,5880,SELL,457,25.987000000000002,11876.059000000001,45.782207445000004
2022-11-18,2022-11-17,2412,SELL,114,107.94600000000001,12305.844000000001,47.43902862
2022-11-18,2022-11-17,3045,SELL,134,92.45375,12388.8025,47.7588336375
2022-11-18,2022-11-17,4904,SELL,189,65.26735000000001,12335.529150000002,47.55346487325001
2022-11-18,2022-11-17,0050,BUY,824,114.95745,94724.93879999999,80.98982267399998
2022-11-21,2022-11-18,2880,SELL,407,21.68915,8827.484050000001,34.029951012750004
2022-11-21,2022-11-18,2886,SELL,293,30.184900000000003,8844.175700000002,34.09429732350001
2022-11-21,2022-11-18,2892,SELL,349,25.3873,8860.1677,34.155946483499996
2022-11-21,2022-11-18,5880,SELL,343,25.937025000000002,8896.399575000001,34.295620361625005
2022-11-21,2022-11-18,2412,SELL,135,108.94550000000001,14707.642500000002,56.6979618375
2022-11-21,2022-11-18,3045,SELL,158,93.45325000000001,14765.613500000001,56.9214400425
2022-11-21,2022-11-18,4904,SELL,223,66.26685,14777.50755,56.96729160525
2022-11-21,2022-11-18,0050,BUY,791,114.40717499999998,90496.07542499999,77.37414448837498
2022-11-29,2022-11-28,2880,SELL,694,22.1889,15399.0966,59.363517393
2022-11-29,2022-11-28,2886,SELL,494,31.234375,15429.78125,59.48180671875
2022-11-29,2022-11-28,2892,SELL,592,25.837075000000002,15295.548400000001,58.964339082
2022-11-29,2022-11-28,5880,SELL,585,26.1869,15319.336500000001,59.056042207500006
2022-11-29,2022-11-28,2412,BUY,12,110.55525,1326.663,1.134296865
2022-11-29,2022-11-28,3045,BUY,15,94.047,1410.705,1.2061527749999998
2022-11-29,2022-11-28,4904,BUY,21,67.13354999999999,1409.8045499999996,1.2053828902499997
2022-11-29,2022-11-28,0050,BUY,713,113.90692499999999,81215.63752499998,69.43937008387498
2022-12-15,2022-12-14,2880,SELL,302,22.588700000000003,6821.787400000001,26.297990427000002
2022-12-15,2022-12-14,2886,SELL,219,31.1844,6829.3836,26.327273778
2022-12-15,2022-12-14,2892,SELL,260,26.1869,6808.594,26.24712987
2022-12-15,2022-12-14,5880,SELL,258,26.3868,6807.794400000001,26.244047412
2022-12-15,2022-12-14,2412,BUY,388,112.55624999999999,43671.825,37.33941037499999
2022-12-15,2022-12-14,3045,BUY,453,95.54775,43283.13075,37.00707679124999
2022-12-15,2022-12-14,4904,BUY,641,67.13354999999999,43032.60554999999,36.792877745249996
2022-12-15,2022-12-14,0050,SELL,349,114.24285,39870.75465,73.96024987575
2022-12-20,2022-12-19,2880,BUY,386,22.8114,8805.2004,7.528446342
2022-12-20,2022-12-19,2886,BUY,288,30.515249999999998,8788.392,7.51407516
2022-12-20,2022-12-19,2892,BUY,335,26.11305,8747.87175,7.47943034625
2022-12-20,2022-12-19,5880,BUY,337,25.962974999999997,8749.522574999999,7.480841801624999
2022-12-20,2022-12-19,2412,BUY,279,111.0555,30984.4845,26.4917342475
2022-12-20,2022-12-19,3045,BUY,330,93.94695,31002.4935,26.5071319425
2022-12-20,2022-12-19,4904,BUY,474,65.73285,31157.370899999998,26.639552119499996
2022-12-20,2022-12-19,0050,SELL,1038,112.09392500000001,116353.49415000001,215.83573164825
2022-12-30,2022-12-29,2880,BUY,963,22.411199999999997,21581.985599999996,18.452597687999997
2022-12-30,2022-12-29,2886,BUY,710,30.31515,21523.7565,18.402811807499997
2022-12-30,2022-12-29,2892,BUY,823,26.263125,21614.551874999997,18.480441853124997
2022-12-30,2022-12-29,5880,BUY,837,25.762874999999998,21563.526374999998,18.436815050624997
2022-12-30,2022-12-29,2412,BUY,79,113.55675,8970.98325,7.670190678749999
2022-12-30,2022-12-29,3045,BUY,95,95.0475,9029.5125,7.7202331875
2022-12-30,2022-12-29,4904,BUY,136,66.033,8980.488,7.678317239999999
2022-12-30,2022-12-29,0050,SELL,707,110.5447,78155.1029,144.97771587949998
2023-01-13,2023-01-12,2880,BUY,608,22.91145,13930.1616,11.910288168
2023-01-13,2023-01-12,2886,BUY,441,31.715849999999996,13986.689849999999,11.958619821749998
2023-01-13,2023-01-12,2892,BUY,525,26.6133,13971.9825,11.9460450375
2023-01-13,2023-01-12,5880,BUY,526,26.71335,14051.222099999999,12.013794895499998
2023-01-13,2023-01-12,2412,SELL,301,113.94300000000001,34296.843,132.214329765
2023-01-13,2023-01-12,3045,SELL,361,95.35230000000001,34422.18030000001,132.69750505650003
2023-01-13,2023-01-12,4904,SELL,520,66.16690000000001,34406.78800000001,132.63816774000003
2023-01-13,2023-01-12,0050,BUY,670,118.55924999999999,79434.6975,67.9166663625
2023-01-16,2023-01-13,2880,SELL,353,22.838575000000002,8062.0169750000005,31.079075438625
2023-01-16,2023-01-13,2886,SELL,254,31.884050000000002,8098.5487,31.2199052385
2023-01-16,2023-01-13,2892,SELL,304,26.536725,8067.164400000001,31.098918762
2023-01-16,2023-01-13,5880,SELL,305,26.586700000000004,8108.943500000001,31.259977192500003
2023-01-16,2023-01-13,2412,SELL,128,113.94300000000001,14584.704000000002,56.224033920000004
2023-01-16,2023-01-13,3045,SELL,153,95.65215,14634.778950000002,56.41707285225001
2023-01-16,2023-01-13,4904,SELL,220,66.5667,14644.673999999999,56.455218269999996
2023-01-16,2023-01-13,0050,BUY,733,118.15905,86610.58365,74.05204902074999
2023-02-07,2023-02-06,2880,SELL,1413,22.588700000000003,31917.833100000003,123.04324660050001
2023-02-07,2023-02-06,2886,SELL,995,32.133925,31973.255374999997,123.25689947062499
2023-02-07,2023-02-06,2892,SELL,1226,26.036975,31921.33135,123.05673235425
2023-02-07,2023-02-06,5880,SELL,1212,26.3868,31980.801600000003,123.28599016800001
2023-02-07,2023-02-06,2412,BUY,14,113.0565,1582.791,1.353286305
2023-02-07,2023-02-06,3045,BUY,16,95.14755,1522.3608,1.3016184839999998
2023-02-07,2023-02-06,4904,BUY,23,67.53375,1553.27625,1.32805119375
2023-02-07,2023-02-06,0050,BUY,1003,119.15954999999998,119517.02864999998,102.18705949574998
2023-02-09,2023-02-08,2880,BUY,2653,22.561275,59855.062574999996,51.17607850162499
2023-02-09,2023-02-08,2886,BUY,1864,32.016,59677.82399999999,51.02453951999999
2023-02-09,2023-02-08,2892,BUY,2297,26.11305,59981.67585,51.284332851749994
2023-02-09,2023-02-08,5880,BUY,2275,26.31315,59862.41625,51.18236589375
2023-02-09,2023-02-08,2412,SELL,1158,112.44375000000001,130209.8625,501.9590199375
2023-02-09,2023-02-08,3045,SELL,1365,95.35230000000001,130155.88950000002,501.7509540225001
2023-02-09,2023-02-08,4904,SELL,1918,67.86605000000002,130167.08390000003,501.7941084345001
2023-02-09,2023-02-08,0050,BUY,1023,120.56025,123333.13575,105.44983106625
2023-02-10,2023-02-09,2880,BUY,2874,22.561275,64841.104349999994,55.43914421924999
2023-02-10,2023-02-09,2886,BUY,2019,32.366175,65347.307324999994,55.871947762874996
2023-02-10,2023-02-09,2892,BUY,2478,26.11305,64708.1379,55.3254579045
2023-02-10,2023-02-09,5880,BUY,2459,26.31315,64704.03585,55.32195065175
2023-02-10,2023-02-09,2412,SELL,1162,111.944,130078.928,501.45426743999997
2023-02-10,2023-02-09,3045,SELL,1368,95.25235,130305.21480000002,502.32660305400003
2023-02-10,2023-02-09,4904,SELL,1918,67.96600000000001,130358.78800000002,502.53312774000005
2023-02-10,2023-02-09,0050,BUY,880,120.96045,106445.196,91.01064258
2023-02-13,2023-02-10,2880,SELL,1114,22.588700000000003,25163.811800000003,97.006494489
2023-02-13,2023-02-10,2886,SELL,776,32.633675000000004,25323.7318,97.62298608900001
2023-02-13,2023-02-10,2892,SELL,960,26.336825000000005,25283.352000000006,97.46732196000002
2023-02-13,2023-02-10,5880,SELL,951,26.586700000000004,25283.951700000005,97.46963380350002
2023-02-13,2023-02-10,2412,BUY,244,113.0565,27585.786,23.58584703
2023-02-13,2023-02-10,3045,BUY,288,95.74785,27575.3808,23.576950584
2023-02-13,2023-02-10,4904,BUY,406,68.13404999999999,27662.424299999995,23.651372776499993
2023-02-13,2023-02-10,0050,BUY,178,120.76035,21495.3423,18.3785176665
2023-02-14,2023-02-13,2880,SELL,1448,22.838575000000002,33070.2566,127.485839193
2023-02-14,2023-02-13,2886,SELL,989,33.28335,32917.23315,126.89593379325
2023-02-14,2023-02-13,2892,SELL,1238,26.636675,32976.20365,127.12326507075001
2023-02-14,2023-02-13,5880,SELL,1229,26.786600000000004,32920.731400000004,126.90941954700001
2023-02-14,2023-02-13,2412,BUY,456,114.05699999999999,52009.99199999999,44.46854315999999
2023-02-14,2023-02-13,3045,BUY,536,96.74835,51857.115600000005,44.337833838
2023-02-14,2023-02-13,4904,BUY,749,69.0345,51706.8405,44.2093486275
2023-02-14,2023-02-13,0050,BUY,5,121.31062499999999,606.5531249999999,0.5186029218749999
2023-02-15,2023-02-14,2880,BUY,1999,22.861425,45699.988575,39.073490231625
2023-02-15,2023-02-14,2886,BUY,1370,33.56677499999999,45986.48174999999,39.31844189624999
2023-02-15,2023-02-14,2892,BUY,1722,26.6133,45828.1026,39.183027722999995
2023-02-15,2023-02-14,5880,BUY,1719,26.813399999999998,46092.234599999996,39.40886058299999
2023-02-15,2023-02-14,2412,SELL,754,113.94300000000001,85913.02200000001,331.19469981000003
2023-02-15,2023-02-14,3045,SELL,891,96.65165,86116.62015,331.97957067825
2023-02-15,2023-02-14,4904,SELL,1246,68.7656,85681.9376,330.303869448
2023-02-15,2023-02-14,0050,BUY,484,120.009975,58084.8279,49.6625278545
2023-02-16,2023-02-15,2880,SELL,791,22.788600000000002,18025.782600000002,69.48939192300001
2023-02-16,2023-02-15,2886,SELL,539,33.233375,17912.789125000003,69.05380207687502
2023-02-16,2023-02-15,2892,SELL,680,26.48675,18010.99,69.43236645
2023-02-16,2023-02-15,5880,SELL,677,26.68665,18066.86205,69.64775320275
2023-02-16,2023-02-15,2412,BUY,322,113.55675,36565.273499999996,31.263308842499995
2023-02-16,2023-02-15,3045,BUY,381,96.2481,36670.526099999995,31.353299815499994
2023-02-16,2023-02-15,4904,BUY,535,69.0345,36933.4575,31.578106162499996
2023-02-16,2023-02-15,0050,SELL,241,119.24035,28736.92435,53.306994669249995
2023-02-17,2023-02-16,2880,SELL,1301,22.788600000000002,29647.968600000004,114.29291895300001
2023-02-17,2023-02-16,2886,SELL,888,33.28335,29555.6148,113.93689505399999
2023-02-17,2023-02-16,2892,SELL,1117,26.48675,29585.69975,114.05287253624999
2023-02-17,2023-02-16,5880,SELL,1117,26.48675,29585.69975,114.05287253624999
2023-02-17,2023-02-16,2412,BUY,512,114.05699999999999,58397.183999999994,49.92959231999999
2023-02-17,2023-02-16,3045,BUY,607,96.2481,58422.596699999995,49.95132017849999
2023-02-17,2023-02-16,4904,BUY,853,68.6343,58545.0579,50.056024504499995
2023-02-17,2023-02-16,0050,SELL,384,119.24035,45788.2944,84.937286112
2023-02-20,2023-02-17,2880,SELL,1169,22.88855,26756.714949999998,103.14713613224998
2023-02-20,2023-02-17,2886,SELL,799,33.483250000000005,26753.116750000005,103.13326507125002
2023-02-20,2023-02-17,2892,SELL,1010,26.536725,26802.09225,103.32206562375
2023-02-20,2023-02-17,5880,SELL,1006,26.536725,26695.94535,102.91286932425001
2023-02-20,2023-02-17,2412,BUY,435,114.05699999999999,49614.795,42.420649725
2023-02-20,2023-02-17,3045,BUY,511,96.64829999999999,49387.281299999995,42.226125511499994
2023-02-20,2023-02-17,4904,BUY,715,68.83439999999999,49216.59599999999,42.08018957999999
2023-02-20,2023-02-17,0050,SELL,279,118.490725,33058.912275,61.324282270125
2023-02-21,2023-02-20,2880,SELL,861,22.88855,19707.041549999998,75.97064517524998
2023-02-21,2023-02-20,2886,SELL,581,33.88305,19686.05205,75.88973065274999
2023-02-21,2023-02-20,2892,SELL,740,26.68665,19748.121,76.129006455
2023-02-21,2023-02-20,5880,SELL,737,26.736625,19704.892625,75.962361069375
2023-02-21,2023-02-20,2412,BUY,365,114.55725,41813.39625,35.75045379375
2023-02-21,2023-02-20,3045,BUY,433,97.2486,42108.6438,36.002890449
2023-02-21,2023-02-20,4904,BUY,608,68.93445,41912.145599999996,35.83488448799999
2023-02-21,2023-02-20,0050,SELL,235,118.9405,27951.0175,51.849137462499996
2023-02-22,2023-02-21,2880,SELL,776,22.788600000000002,17683.9536,68.171641128
2023-02-22,2023-02-21,2886,SELL,527,33.233375,17513.988625,67.51642614937501
2023-02-22,2023-02-21,2892,SELL,664,26.586700000000004,17653.5688,68.054507724
2023-02-22,2023-02-21,5880,SELL,664,26.48675,17587.202,67.79866371
2023-02-22,2023-02-21,2412,BUY,309,114.55725,35398.19025,30.265452663749997
2023-02-22,2023-02-21,3045,BUY,365,96.64829999999999,35276.629499999995,30.161518222499996
2023-02-22,2023-02-21,4904,BUY,516,68.4342,35312.0472,30.191800355999998
2023-02-22,2023-02-21,0050,SELL,210,117.44125000000001,24662.662500000002,45.7492389375
2023-02-23,2023-02-22,2880,BUY,52,22.961474999999997,1193.9967,1.0208671784999999
2023-02-23,2023-02-22,2886,BUY,35,33.8169,1183.5915,1.0119707325
2023-02-23,2023-02-22,2892,BUY,44,26.963475,1186.3929,1.0143659295
2023-02-23,2023-02-22,5880,BUY,45,26.71335,1202.1007499999998,1.0277961412499999
2023-02-23,2023-02-22,2412,BUY,408,115.05749999999999,46943.46,40.1366583
2023-02-23,2023-02-22,3045,BUY,483,97.4487,47067.7221,40.242902395499996
2023-02-23,2023-02-22,4904,BUY,675,69.13454999999999,46665.82124999999,39.89927716874999
2023-02-23,2023-02-22,0050,SELL,1247,117.89102500000001,147010.10817500003,272.70375066462503
2023-02-24,2023-02-23,2880,BUY,3544,22.961474999999997,81375.4674,69.576024627
2023-02-24,2023-02-23,2886,BUY,2417,33.666824999999996,81372.71602499999,69.57367220137499
2023-02-24,2023-02-23,2892,BUY,3007,27.013499999999997,81229.59449999999,69.45130329749999
2023-02-24,2023-02-23,5880,BUY,3035,26.813399999999998,81378.669,69.578761995
2023-02-24,2023-02-23,2412,SELL,1065,115.44225,122945.99625,473.95681554375
2023-02-24,2023-02-23,3045,SELL,1261,97.75110000000001,123264.1371,475.1832485205
2023-02-24,2023-02-23,4904,SELL,1770,69.26535,122599.6695,472.6217259225
2023-02-24,2023-02-23,0050,BUY,128,119.95994999999999,15354.873599999999,13.128416927999998
2023-03-02,2023-03-01,2880,BUY,2291,22.961474999999997,52604.73922499999,44.97705203737499
2023-03-02,2023-03-01,2886,BUY,1553,33.6168,52206.8904,44.636891291999994
2023-03-02,2023-03-01,2892,BUY,1968,26.663324999999997,52473.423599999995,44.864777178
2023-03-02,2023-03-01,5880,BUY,1979,26.51325,52469.72175,44.86161209625
2023-03-02,2023-03-01,2412,SELL,575,114.94250000000001,66091.9375,254.7844190625
2023-03-02,2023-03-01,3045,SELL,692,95.5522,66122.1224,254.90078185199997
2023-03-02,2023-03-01,4904,SELL,964,68.46575,66000.983,254.43378946499996
2023-03-02,2023-03-01,0050,SELL,100,119.290325,11929.0325,22.128355287499996
2023-03-03,2023-03-02,2880,BUY,2325,22.761374999999997,52920.196874999994,45.24676832812499
2023-03-03,2023-03-02,2886,BUY,1605,33.0165,52991.4825,45.3077175375
2023-03-03,2023-03-02,2892,BUY,2011,26.363175,53016.344925,45.328974910875
2023-03-03,2023-03-02,5880,BUY,2004,26.463224999999998,53032.302899999995,45.342618979499996
2023-03-03,2023-03-02,2412,SELL,532,116.9415,62212.878000000004,239.83064469
2023-03-03,2023-03-02,3045,SELL,641,96.85155000000002,62081.84355000001,239.32550688525004
2023-03-03,2023-03-02,4904,SELL,898,69.46525,62379.794499999996,240.47410779749998
2023-03-03,2023-03-02,0050,SELL,311,119.7401,37239.1711,69.0786623905
2023-03-06,2023-03-03,2880,BUY,1766,22.861425,40373.27655,34.51915145025
2023-03-06,2023-03-03,2886,BUY,1224,32.866425,40228.5042,34.395371091
2023-03-06,2023-03-03,2892,BUY,1524,26.51325,40406.193,34.547295014999996
2023-03-06,2023-03-03,5880,BUY,1521,26.663324999999997,40554.917324999995,34.67445431287499
2023-03-06,2023-03-03,2412,SELL,400,117.941,47176.4,181.865022
2023-03-06,2023-03-03,3045,SELL,484,97.5512,47214.7808,182.012979984
2023-03-06,2023-03-03,4904,SELL,674,70.3648,47425.8752,182.826748896
2023-03-06,2023-03-03,0050,SELL,265,120.08992500000001,31823.830125,59.033204881874994
2023-03-07,2023-03-06,2880,BUY,1364,22.91145,31251.2178,26.719791218999998
2023-03-07,2023-03-06,2886,BUY,948,32.966475,31252.218300000004,26.720646646500004
2023-03-07,2023-03-06,2892,BUY,1181,26.6133,31430.3073,26.8729127415
2023-03-07,2023-03-06,5880,BUY,1175,26.763375,31446.965625,26.887155609375
2023-03-07,2023-03-06,2412,SELL,357,117.941,42104.937,162.31453213499998
2023-03-07,2023-03-06,3045,SELL,429,98.05095,42063.85755,162.15617085525
2023-03-07,2023-03-06,4904,SELL,599,69.965,41909.035,161.55932992500001
2023-03-07,2023-03-06,0050,SELL,88,120.489725,10603.095800000001,19.668742709
2023-03-08,2023-03-07,2880,BUY,1065,23.011499999999998,24507.247499999998,20.953696612499996
2023-03-08,2023-03-07,2886,BUY,740,33.316649999999996,24654.320999999996,21.079444454999997
2023-03-08,2023-03-07,2892,BUY,919,26.71335,24549.568649999997,20.989881195749998
2023-03-08,2023-03-07,5880,BUY,921,26.6133,24510.849299999998,20.956776151499998
2023-03-08,2023-03-07,2412,SELL,327,117.941,38566.707,148.67465548500002
2023-03-08,2023-03-07,3045,SELL,394,97.85105000000001,38553.313700000006,148.62302431350003
2023-03-08,2023-03-07,4904,SELL,547,70.1649,38380.200300000004,147.95567215650001
2023-03-08,2023-03-07,0050,BUY,54,120.56025,6510.2535,5.5662667425
2023-03-09,2023-03-08,2880,BUY,1099,22.91145,25179.683549999998,21.528629435249997
2023-03-09,2023-03-08,2886,BUY,755,33.316649999999996,25154.070749999995,21.506730491249996
2023-03-09,2023-03-08,2892,BUY,940,26.71335,25110.549,21.469519395
2023-03-09,2023-03-08,5880,BUY,946,26.6133,25176.1818,21.525635439
2023-03-09,2023-03-08,2412,SELL,218,118.9405,25929.029,99.95640679499999
2023-03-09,2023-03-08,3045,SELL,263,98.5507,25918.8341,99.91710545549999
2023-03-09,2023-03-08,4904,SELL,365,71.06445,25938.52425,99.99301098375
2023-03-09,2023-03-08,0050,SELL,123,120.689625,14844.823875,27.537148288125
2023-03-13,2023-03-10,2880,BUY,1012,22.51125,22781.385000000002,19.478084175
2023-03-13,2023-03-10,2886,BUY,700,32.466225,22726.357500000002,19.4310356625
2023-03-13,2023-03-10,2892,BUY,868,26.263125,22796.392499999998,19.490915587499998
2023-03-13,2023-03-10,5880,BUY,874,26.063025,22779.08385,19.476116691749997
2023-03-13,2023-03-10,2412,SELL,77,116.9415,9004.4955,34.7123301525
2023-03-13,2023-03-10,3045,SELL,92,97.45125,8965.515,34.562060325
2023-03-13,2023-03-10,4904,SELL,128,70.1649,8981.1072,34.622168256
2023-03-13,2023-03-10,0050,SELL,530,117.89102500000001,62482.24325000001,115.90456122875001
2023-03-21,2023-03-20,2880,BUY,807,21.560775,17399.545425,14.876611338375
2023-03-21,2023-03-20,2886,BUY,541,32.166075,17401.846575,14.878578821624998
2023-03-21,2023-03-20,2892,BUY,675,25.662824999999998,17322.406874999997,14.810657878124998
2023-03-21,2023-03-20,5880,BUY,687,25.312649999999998,17389.790549999998,14.868270920249998
2023-03-21,2023-03-20,2412,SELL,231,118.9405,27475.2555,105.9171099525
2023-03-21,2023-03-20,3045,SELL,276,99.05045,27337.924199999998,105.387697791
2023-03-21,2023-03-20,4904,SELL,383,71.7641,27485.6503,105.9571819065
2023-03-21,2023-03-20,0050,BUY,308,118.55924999999999,36516.248999999996,31.221392894999994
2023-04-13,2023-04-12,2880,BUY,262,22.561275,5911.05405,5.0539512127499995
2023-04-13,2023-04-12,2886,BUY,178,33.166574999999995,5903.650349999999,5.047621049249999
2023-04-13,2023-04-12,2892,BUY,221,26.71335,5903.65035,5.04762104925
2023-04-13,2023-04-12,5880,BUY,223,26.51325,5912.45475,5.05514881125
2023-04-13,2023-04-12,2412,SELL,192,122.9385,23604.192000000003,90.99416016
2023-04-13,2023-04-12,3045,SELL,227,103.94800000000001,23596.196,90.96333557999999
2023-04-13,2023-04-12,4904,SELL,309,76.9615,23781.1035,91.6761539925
2023-04-13,2023-04-12,0050,BUY,702,120.110025,84317.23754999999,72.09123810524999
2023-04-19,2023-04-18,2880,BUY,975,22.761374999999997,22192.340624999997,18.974451234374996
2023-04-19,2023-04-18,2886,BUY,647,34.267125,22170.829875,18.956059543124997
2023-04-19,2023-04-18,2892,BUY,823,26.913449999999997,22149.76935,18.938052794249998
2023-04-19,2023-04-18,5880,BUY,832,26.6133,22142.2656,18.931637088
2023-04-19,2023-04-18,2412,SELL,86,125.93700000000001,10830.582,41.75189361
2023-04-19,2023-04-18,3045,SELL,104,104.9475,10914.54,42.075551700000005
2023-04-19,2023-04-18,4904,SELL,140,78.26085,10956.519,42.237380745
2023-04-19,2023-04-18,0050,SELL,341,119.94000000000001,40899.54,75.8686467
2023-04-20,2023-04-19,2880,BUY,999,22.761374999999997,22738.613624999998,19.441514649374998
2023-04-20,2023-04-19,2886,BUY,669,33.866925,22656.972825,19.371711765375
2023-04-20,2023-04-19,2892,BUY,848,26.813399999999998,22737.763199999998,19.440787536
2023-04-20,2023-04-19,5880,BUY,856,26.463224999999998,22652.5206,19.367905113
2023-04-20,2023-04-19,2412,SELL,77,124.43775000000001,9581.706750000001,36.937479521250005
2023-04-20,2023-04-19,3045,SELL,92,103.94800000000001,9563.216,36.86619768
2023-04-20,2023-04-19,4904,SELL,124,76.9615,9543.226,36.789136230000004
2023-04-20,2023-04-19,0050,SELL,527,118.790575,62602.633025,116.127884261375
2023-04-21,2023-04-20,2880,BUY,1026,22.71135,23301.8451,19.923077560499998
2023-04-21,2023-04-20,2886,BUY,689,33.91695,23368.77855,19.98030566025
2023-04-21,2023-04-20,2892,BUY,871,26.813399999999998,23354.4714,19.968073046999997
2023-04-21,2023-04-20,5880,BUY,884,26.263125,23216.602499999997,19.8501951375
2023-04-21,2023-04-20,2412,SELL,69,124.43775000000001,8586.20475,33.09981931125
2023-04-21,2023-04-20,3045,SELL,84,101.94900000000001,8563.716,33.01312518
2023-04-21,2023-04-20,4904,SELL,112,77.36130000000001,8664.465600000001,33.401514888
2023-04-21,2023-04-20,0050,SELL,596,119.390275,71156.6039,131.99550023449999
2023-04-25,2023-04-24,2880,BUY,980,22.91145,22453.220999999998,19.197503955
2023-04-25,2023-04-24,2886,BUY,657,34.11705,22414.90185,19.164741081749998
2023-04-25,2023-04-24,2892,BUY,831,26.963475,22406.647725,19.157683804875
2023-04-25,2023-04-24,5880,BUY,845,26.71335,22572.780749999998,19.299727541249997
2023-04-25,2023-04-24,2412,SELL,62,125.93700000000001,7808.094000000001,30.10020237
2023-04-25,2023-04-24,3045,SELL,76,103.44825,7862.067,30.308268285
2023-04-25,2023-04-24,4904,SELL,101,77.961,7874.061,30.354505155
2023-04-25,2023-04-24,0050,SELL,493,118.24085000000001,58292.739050000004,108.13303093775
2023-05-02,2023-04-28,2880,BUY,1058,21.910949999999996,23181.785099999997,19.820426260499996
2023-05-02,2023-04-28,2886,BUY,680,34.016999999999996,23131.559999999998,19.7774838
2023-05-02,2023-04-28,2892,BUY,855,27.11355,23182.08525,19.82068288875
2023-05-02,2023-04-28,5880,BUY,866,26.813399999999998,23220.4044,19.853445762
2023-05-02,2023-04-28,2412,SELL,72,126.43675,9103.446,35.09378433
2023-05-02,2023-04-28,3045,SELL,88,103.94800000000001,9147.424,35.26331952
2023-05-02,2023-04-28,4904,SELL,116,78.46075,9101.447,35.086078185
2023-05-02,2023-04-28,0050,SELL,559,117.39127500000001,65621.722725,121.728295654875
2023-05-04,2023-05-03,2880,BUY,971,21.860925,21226.958175000003,18.149049239625
2023-05-04,2023-05-03,2886,BUY,621,34.11705,21186.68805,18.11461828275
2023-05-04,2023-05-03,2892,BUY,787,26.913449999999997,21180.88515,18.109656803249997
2023-05-04,2023-05-03,5880,BUY,784,26.963475,21139.3644,18.074156562
2023-05-04,2023-05-03,2412,SELL,71,124.9375,8870.5625,34.1960184375
2023-05-04,2023-05-03,3045,SELL,87,103.44825,8999.99775,34.69499132625
2023-05-04,2023-05-03,4904,SELL,115,77.66115,8931.03225,34.42912932375
2023-05-04,2023-05-03,0050,SELL,419,116.9415,48998.4885,90.89219616749999
2023-05-10,2023-05-09,2880,BUY,991,22.061025,21862.475775,18.692416787625
2023-05-10,2023-05-09,2886,BUY,633,34.567274999999995,21881.085074999995,18.708327739124996
2023-05-10,2023-05-09,2892,BUY,793,27.6138,21897.7434,18.722570606999998
2023-05-10,2023-05-09,5880,BUY,799,27.363675,21863.576325,18.693357757875003
2023-05-10,2023-05-09,2412,SELL,90,126.43675,11379.3075,43.8672304125
2023-05-10,2023-05-09,3045,SELL,110,103.44825,11379.3075,43.8672304125
2023-05-10,2023-05-09,4904,SELL,146,78.46075,11455.2695,44.1600639225
2023-05-10,2023-05-09,0050,SELL,378,118.7406,44883.9468,83.25972131399999
2023-05-17,2023-05-16,2880,BUY,982,22.11105,21713.0511,18.5646586905
2023-05-17,2023-05-16,2886,BUY,617,35.11755,21667.52835,18.52573673925
2023-05-17,2023-05-16,2892,BUY,787,27.563775,21692.690925,18.547250740874997
2023-05-17,2023-05-16,5880,BUY,789,27.463724999999997,21668.879025,18.526891566375
2023-05-17,2023-05-16,2412,SELL,89,125.43725,11163.91525,43.03689328875
2023-05-17,2023-05-16,3045,SELL,109,103.44825,11275.85925,43.46843740875
2023-05-17,2023-05-16,4904,SELL,145,78.26085,11347.823250000001,43.74585862875001
2023-05-17,2023-05-16,0050,SELL,366,118.59067500000002,43404.18705000001,80.51476697775001
2023-05-23,2023-05-22,2880,BUY,610,22.6113,13792.893,11.792923515
2023-05-23,2023-05-22,2886,BUY,382,36.2181,13835.3142,11.829193641
2023-05-23,2023-05-22,2892,BUY,493,28.11405,13860.226649999999,11.850493785749999
2023-05-23,2023-05-22,5880,BUY,490,28.2141,13824.909,11.820297194999998
2023-05-23,2023-05-22,2412,SELL,407,125.43725,51052.960750000006,196.80916369125
2023-05-23,2023-05-22,3045,SELL,492,103.94800000000001,51142.416000000005,197.15401368000002
2023-05-23,2023-05-22,4904,SELL,653,78.86055,51495.939150000006,198.51684542325
2023-05-23,2023-05-22,0050,BUY,762,122.36115,93239.1963,79.71951283649999
2023-05-29,2023-05-26,2880,SELL,670,22.238875,14900.04625,57.43967829375
2023-05-29,2023-05-26,2886,SELL,412,35.88205,14783.4046,56.990024733
2023-05-29,2023-05-26,2892,SELL,537,27.836075000000005,14947.972275000002,57.624433120125005
2023-05-29,2023-05-26,5880,SELL,532,28.035975,14915.1387,57.4978596885
2023-05-29,2023-05-26,2412,SELL,190,125.93700000000001,23928.030000000002,92.24255565000001
2023-05-29,2023-05-26,3045,SELL,235,102.94850000000001,24192.897500000003,93.26361986250001
2023-05-29,2023-05-26,4904,SELL,310,77.5612,24043.972,92.68951206
2023-05-29,2023-05-26,0050,BUY,1175,127.513725,149828.626875,128.10347597812498
2023-05-30,2023-05-29,2880,SELL,877,22.1889,19459.6653,75.0170097315
2023-05-30,2023-05-29,2886,SELL,538,36.181900000000006,19465.862200000003,75.04089878100001
2023-05-30,2023-05-29,2892,SELL,695,27.986,19450.27,74.98079085
2023-05-30,2023-05-29,5880,SELL,693,28.085950000000004,19463.563350000004,75.03203671425001
2023-05-30,2023-05-29,2412,SELL,123,125.43725,15428.78175,59.47795364625
2023-05-30,2023-05-29,3045,SELL,150,102.94850000000001,15442.275000000001,59.529970125000006
2023-05-30,2023-05-29,4904,SELL,201,77.1614,15509.4414,59.788896597
2023-05-30,2023-05-29,0050,BUY,1011,126.813375,128208.32212499999,109.61811541687499
2023-05-31,2023-05-30,2880,SELL,555,22.338825000000003,12398.047875000002,47.79447455812501
2023-05-31,2023-05-30,2886,SELL,341,36.131925,12320.986425000001,47.497402668375
2023-05-31,2023-05-30,2892,SELL,440,28.085950000000004,12357.818000000001,47.63938839
2023-05-31,2023-05-30,5880,SELL,440,28.085950000000004,12357.818000000001,47.63938839
2023-05-31,2023-05-30,2412,SELL,109,124.9375,13618.1875,52.4981128125
2023-05-31,2023-05-30,3045,SELL,132,103.44825,13655.169,52.640676495
2023-05-31,2023-05-30,4904,SELL,178,77.1614,13734.7292,52.947381066
2023-05-31,2023-05-30,0050,BUY,727,126.76335,92156.95545000001,78.79419690975
2023-06-12,2023-06-09,2880,SELL,739,22.238875,16434.528625,63.355107849374996
2023-06-12,2023-06-09,2886,SELL,436,37.631175,16407.1923,63.249726316499995
2023-06-12,2023-06-09,2892,SELL,588,27.936025,16426.382700000002,63.3237053085
2023-06-12,2023-06-09,5880,SELL,580,28.135925,16318.8365,62.909114707499995
2023-06-12,2023-06-09,2412,SELL,156,125.93700000000001,19646.172000000002,75.73599306000001
2023-06-12,2023-06-09,3045,SELL,190,102.94850000000001,19560.215,75.404628825
2023-06-12,2023-06-09,4904,SELL,250,78.5607,19640.175,75.712874625
2023-06-12,2023-06-09,0050,BUY,1143,128.56425,146948.93774999998,125.64134177624997
2023-06-13,2023-06-12,2880,SELL,467,22.288850000000004,10408.892950000001,40.126282322250006
2023-06-13,2023-06-12,2886,SELL,276,37.68115,10399.9974,40.091989977
2023-06-13,2023-06-12,2892,SELL,373,27.88605,10401.496650000001,40.09776958575
2023-06-13,2023-06-12,5880,SELL,371,28.135925,10438.428175000001,40.240140614625005
2023-06-13,2023-06-12,2412,SELL,134,124.9375,16741.625,64.53896437499999
2023-06-13,2023-06-12,3045,SELL,164,102.44875,16801.595,64.770148725
2023-06-13,2023-06-12,4904,SELL,214,78.26085,16747.821900000003,64.5628534245
2023-06-13,2023-06-12,0050,BUY,757,130.2651,98610.6807,84.31213199849999
2023-08-04,2023-08-02,2880,BUY,1043,22.161074999999997,23114.001224999996,19.762471047374998
2023-08-04,2023-08-02,2886,BUY,583,39.6198,23098.343399999998,19.749083606999996
2023-08-04,2023-08-02,2892,BUY,799,28.91445,23102.645549999997,19.752761945249997
2023-08-04,2023-08-02,5880,BUY,796,29.014499999999998,23095.541999999998,19.746688409999997
2023-08-04,2023-08-02,2412,SELL,88,115.94200000000001,10202.896,39.33216408
2023-08-04,2023-08-02,3045,SELL,109,94.1529,10262.6661,39.5625778155
2023-08-04,2023-08-02,4904,SELL,145,70.26485,10188.40325,39.27629452875
2023-08-04,2023-08-02,0050,SELL,314,127.18637500000001,39936.52175000001,74.08224784625001
2023-08-11,2023-08-10,2880,BUY,1692,22.411199999999997,37919.7504,32.421386592
2023-08-11,2023-08-10,2886,BUY,990,38.069024999999996,37688.334749999995,32.22352621125
2023-08-11,2023-08-10,2892,BUY,1290,27.8139,35879.931,30.677341004999995
2023-08-11,2023-08-10,5880,BUY,1357,27.8139,37743.4623,32.270660266499995
2023-08-11,2023-08-10,2412,SELL,69,117.941,8137.929,31.371716295
2023-08-11,2023-08-10,3045,SELL,87,93.953,8173.911,31.510426905
2023-08-11,2023-08-10,4904,SELL,113,71.86405,8120.637650000001,31.305058140750003
2023-08-11,2023-08-10,0050,SELL,452,126.93650000000001,57375.298,106.43117778999999
2023-08-15,2023-08-14,2880,SELL,1869,22.1889,41471.0541,159.8709135555
2023-08-15,2023-08-14,2886,SELL,1117,36.981500000000004,41308.3355,159.2436333525
2023-08-15,2023-08-14,2892,SELL,1542,26.836575000000003,41381.99865000001,159.52760479575002
2023-08-15,2023-08-14,5880,SELL,1528,27.086450000000003,41388.09560000001,159.55110853800002
2023-08-15,2023-08-14,2412,SELL,24,117.941,2830.584,10.911901319999998
2023-08-15,2023-08-14,3045,SELL,30,93.85305000000001,2815.5915000000005,10.854105232500002
2023-08-15,2023-08-14,4904,SELL,39,71.1644,2775.4116,10.699211717999999
2023-08-15,2023-08-14,0050,SELL,135,125.187375,16900.295625,31.350048384374997
2023-08-21,2023-08-18,2880,SELL,1096,20.88955,22894.9468,88.260019914
2023-08-21,2023-08-18,2886,SELL,638,36.081950000000006,23020.284100000004,88.74319520550002
2023-08-21,2023-08-18,2892,SELL,870,26.28685,22869.5595,88.16215187249999
2023-08-21,2023-08-18,5880,SELL,858,26.586700000000004,22811.388600000002,87.937903053
2023-08-21,2023-08-18,2412,BUY,210,117.55874999999999,24687.337499999998,21.107673562499997
2023-08-21,2023-08-18,3045,BUY,263,94.14705,24760.67415,21.17037639825
2023-08-21,2023-08-18,4904,BUY,346,71.2356,24647.517600000003,21.073627548
2023-08-21,2023-08-18,0050,BUY,161,124.26209999999999,20006.198099999998,17.105299375499996
2023-09-12,2023-09-11,2880,SELL,1328,20.7896,27608.5888,106.431109824
2023-09-12,2023-09-11,2886,SELL,761,36.231875,27572.456875000003,106.29182125312501
2023-09-12,2023-09-11,2892,SELL,1036,26.586700000000004,27543.821200000006,106.18143072600002
2023-09-12,2023-09-11,5880,SELL,1054,26.136925,27548.31895,106.19876955225
2023-09-12,2023-09-11,2412,BUY,61,117.0585,7140.568499999999,6.105186067499999
2023-09-12,2023-09-11,3045,BUY,76,94.047,7147.572,6.11117406
2023-09-12,2023-09-11,4904,BUY,99,71.53575,7082.039249999999,6.055143558749998
2023-09-12,2023-09-11,0050,BUY,541,124.16205,67171.66905,57.431777037749995
2023-09-20,2023-09-19,2880,BUY,1400,20.860425,29204.594999999998,24.969928724999995
2023-09-20,2023-09-19,2886,BUY,772,37.668825,29080.332899999998,24.863684629499996
2023-09-20,2023-09-19,2892,BUY,1077,27.013499999999997,29093.539499999995,24.874976272499996
2023-09-20,2023-09-19,5880,BUY,1114,26.31315,29312.8491,25.0624859805
2023-09-20,2023-09-19,2412,BUY,176,117.0585,20602.296,17.61496308
2023-09-20,2023-09-19,3045,BUY,215,95.54775,20542.766249999997,17.564065143749996
2023-09-20,2023-09-19,4904,BUY,279,73.73685,20572.58115,17.58955688325
2023-09-20,2023-09-19,0050,SELL,1443,124.987475,180356.926425,334.562098518375
2023-09-21,2023-09-20,2880,BUY,1018,20.860425,21235.91265,18.15670531575
2023-09-21,2023-09-20,2886,BUY,562,37.6188,21141.7656,18.076209587999998
2023-09-21,2023-09-20,2892,BUY,788,26.963475,21247.2183,18.1663716465
2023-09-21,2023-09-20,5880,BUY,815,26.11305,21282.13575,18.19622606625
2023-09-21,2023-09-20,2412,BUY,192,117.0585,22475.232,19.21632336
2023-09-21,2023-09-20,3045,BUY,237,94.74735,22455.12195,19.19912926725
2023-09-21,2023-09-20,4904,BUY,306,73.2366,22410.399599999997,19.160891657999997
2023-09-21,2023-09-20,0050,SELL,1273,123.7381,157518.6013,292.1970054115
2023-09-22,2023-09-21,2880,BUY,558,20.6103,11500.5474,9.832968027
2023-09-22,2023-09-21,2886,BUY,307,37.11855,11395.39485,9.74306259675
2023-09-22,2023-09-21,2892,BUY,433,26.463224999999998,11458.576425,9.797082843375
2023-09-22,2023-09-21,5880,BUY,448,25.662824999999998,11496.9456,9.829888487999998
2023-09-22,2023-09-21,2412,BUY,233,116.55824999999999,27158.072249999997,23.220151773749997
2023-09-22,2023-09-21,3045,BUY,289,93.84689999999999,27121.7541,23.1890997555
2023-09-22,2023-09-21,4904,BUY,377,71.73585,27044.41545,23.12297520975
2023-09-22,2023-09-21,0050,SELL,1024,122.38877500000001,125326.10560000001,232.479925888
2023-09-27,2023-09-26,2880,BUY,249,20.560275,5119.5084750000005,4.377179746125
2023-09-27,2023-09-26,2886,BUY,135,37.668825,5085.291375,4.347924125625
2023-09-27,2023-09-26,2892,BUY,193,26.51325,5117.05725,4.3750839487499995
2023-09-27,2023-09-26,5880,BUY,200,25.512749999999997,5102.549999999999,4.3626802499999995
2023-09-27,2023-09-26,2412,BUY,276,116.05799999999999,32032.007999999998,27.38736684
2023-09-27,2023-09-26,3045,BUY,339,94.74735,32119.35165,27.46204566075
2023-09-27,2023-09-26,4904,BUY,441,72.63629999999999,32032.608299999996,27.387880096499995
2023-09-27,2023-09-26,0050,SELL,775,121.789075,94386.533125,175.087018946875
2023-09-28,2023-09-27,2880,SELL,170,20.48975,3483.2575,13.4279576625
2023-09-28,2023-09-27,2886,SELL,92,37.68115,3466.6658,13.363996659000001
2023-09-28,2023-09-27,2892,SELL,131,26.48675,3469.76425,13.375941183750001
2023-09-28,2023-09-27,5880,SELL,137,25.537225000000003,3498.5998250000002,13.487102325375
2023-09-28,2023-09-27,2412,BUY,259,116.55824999999999,30188.586749999995,25.811241671249995
2023-09-28,2023-09-27,3045,BUY,322,94.34714999999998,30379.782299999995,25.974713866499997
2023-09-28,2023-09-27,4904,BUY,417,72.33614999999999,30164.174549999996,25.790369240249994
2023-09-28,2023-09-27,0050,SELL,563,122.688625,69073.695875,128.131705848125
2023-10-11,2023-10-06,2880,SELL,218,20.839575000000004,4543.027350000001,17.513370434250003
2023-10-11,2023-10-06,2886,SELL,119,37.981,4519.7390000000005,17.423593845000003
2023-10-11,2023-10-06,2892,SELL,169,26.68665,4510.04385,17.38621904175
2023-10-11,2023-10-06,5880,SELL,175,26.08695,4565.21625,17.59890864375
2023-10-11,2023-10-06,2412,BUY,258,116.55824999999999,30072.028499999997,25.711584367499995
2023-10-11,2023-10-06,3045,BUY,316,95.34764999999999,30129.857399999997,25.761028076999995
2023-10-11,2023-10-06,4904,BUY,408,73.73685,30084.6348,25.722362754
2023-10-11,2023-10-06,0050,SELL,379,125.83705000000002,47692.24195000001,88.46910881725002
2023-10-16,2023-10-13,2880,SELL,648,20.88955,13536.4284,52.182931482
2023-10-16,2023-10-13,2886,SELL,352,38.230875000000005,13457.268000000002,51.87776814000001
2023-10-16,2023-10-13,2892,SELL,508,26.586700000000004,13506.043600000003,52.06579807800001
2023-10-16,2023-10-13,5880,SELL,523,25.937025000000002,13565.064075,52.293322009125
2023-10-16,2023-10-13,2412,SELL,167,115.94200000000001,19362.314000000002,74.64172047000001
2023-10-16,2023-10-13,3045,SELL,203,95.5522,19397.0966,74.77580739300001
2023-10-16,2023-10-13,4904,SELL,261,74.26285,19382.60385,74.71993784175
2023-10-16,2023-10-13,0050,BUY,1082,126.36314999999999,136724.9283,116.89981369649999
2023-10-18,2023-10-17,2880,SELL,959,20.939525,20081.004475,77.412272251125
2023-10-18,2023-10-17,2886,SELL,518,38.830575,20114.23785,77.54038691175
2023-10-18,2023-10-17,2892,SELL,754,26.736625,20159.415250000002,77.71454578875
2023-10-18,2023-10-17,5880,SELL,771,26.08695,20113.03845,77.53576322475
2023-10-18,2023-10-17,2412,BUY,330,116.55824999999999,38464.222499999996,32.8869102375
2023-10-18,2023-10-17,3045,BUY,403,95.94795,38667.023850000005,33.060305391750006
2023-10-18,2023-10-17,4904,BUY,515,75.53775,38901.94125,33.261159768750005
2023-10-18,2023-10-17,0050,SELL,195,126.186875,24606.440625,45.644947359374996
2023-10-23,2023-10-20,2880,SELL,1598,20.439775,32662.76045,125.91494153475
2023-10-23,2023-10-20,2886,SELL,873,37.281349999999996,32546.618549999996,125.46721451024997
2023-10-23,2023-10-20,2892,SELL,1250,26.136925,32671.156250000004,125.94730734375001
2023-10-23,2023-10-20,5880,SELL,1284,25.3873,32597.2932,125.662565286
2023-10-23,2023-10-20,2412,BUY,217,115.55775,25076.03175,21.440007146249997
2023-10-23,2023-10-20,3045,BUY,267,94.54724999999999,25244.115749999997,21.583718966249997
2023-10-23,2023-10-20,4904,BUY,337,74.6373,25152.770099999998,21.505618435499997
2023-10-23,2023-10-20,0050,BUY,737,124.91242499999998,92060.45722499999,78.71169092737499
2023-10-27,2023-10-26,2880,SELL,4665,20.28985,94652.15025,364.88403921375004
2023-10-27,2023-10-26,2886,SELL,2595,36.481750000000005,94670.14125000002,364.95339451875003
2023-10-27,2023-10-26,2892,SELL,3654,25.937025000000002,94773.88935000001,365.35334344425
2023-10-27,2023-10-26,5880,SELL,3763,25.1874,94780.1862,365.377617801
2023-10-27,2023-10-26,2412,BUY,965,115.55775,111513.22875,95.34381058125
2023-10-27,2023-10-26,3045,BUY,1171,94.94745,111183.46395,95.06186167725
2023-10-27,2023-10-26,4904,BUY,1483,74.93745,111132.23835,95.01806378925
2023-10-27,2023-10-26,0050,SELL,38,122.08892500000002,4639.379150000001,8.60604832325
2023-10-30,2023-10-27,2880,SELL,1251,20.439775,25570.158525000003,98.57296111387501
2023-10-30,2023-10-27,2886,SELL,692,36.831575,25487.4499,98.2541193645
2023-10-30,2023-10-27,2892,SELL,984,25.987000000000002,25571.208000000002,98.57700684000001
2023-10-30,2023-10-27,5880,SELL,1011,25.337325000000003,25616.035575,98.749817141625
2023-10-30,2023-10-27,2412,BUY,249,116.05799999999999,28898.442,24.708167909999997
2023-10-30,2023-10-27,3045,BUY,301,95.64779999999999,28789.987799999995,24.615439568999996
2023-10-30,2023-10-27,4904,BUY,382,75.4377,28817.2014,24.638707197000002
2023-10-30,2023-10-27,0050,SELL,2,122.3388,244.6776,0.453876948
2023-11-01,2023-10-31,2880,SELL,2018,20.28985,40944.9173,157.8426561915
2023-11-01,2023-10-31,2886,SELL,1116,36.88155,41159.809799999995,158.67106677899997
2023-11-01,2023-10-31,2892,SELL,1581,25.987000000000002,41085.447,158.384398185
2023-11-01,2023-10-31,5880,SELL,1628,25.137425,40923.7279,157.76097105449998
2023-11-01,2023-10-31,2412,BUY,698,116.05799999999999,81008.484,69.26225382
2023-11-01,2023-10-31,3045,BUY,846,95.74785,81002.6811,69.2572923405
2023-11-01,2023-10-31,4904,BUY,1067,76.038,81132.546,69.36832683
2023-11-01,2023-10-31,0050,SELL,564,121.93900000000001,68773.596,127.57502058
2023-11-02,2023-11-01,2880,SELL,1810,20.589700000000004,37267.35700000001,143.66566123500004
2023-11-02,2023-11-01,2886,SELL,1007,36.981500000000004,37240.370500000005,143.5616282775
2023-11-02,2023-11-01,2892,SELL,1412,26.28685,37117.0322,143.08615913100002
2023-11-02,2023-11-01,5880,SELL,1462,25.3873,37116.2326,143.08307667300002
2023-11-02,2023-11-01,2412,BUY,651,117.0585,76205.0835,65.1553463925
2023-11-02,2023-11-01,3045,BUY,791,96.54825,76369.66575,65.29606421625
2023-11-02,2023-11-01,4904,BUY,992,76.53824999999999,75925.94399999999,64.91668211999999
2023-11-02,2023-11-01,0050,SELL,573,123.08842500000002,70529.66752500001,130.832533258875
2023-11-06,2023-11-03,2880,BUY,1603,21.0105,33679.8315,28.7962559325
2023-11-06,2023-11-03,2886,BUY,873,38.4192,33539.961599999995,28.676667167999994
2023-11-06,2023-11-03,2892,BUY,1251,26.813399999999998,33543.5634,28.679746707
2023-11-06,2023-11-03,5880,BUY,1300,25.862925,33621.8025,28.746641137499996
2023-11-06,2023-11-03,2412,SELL,508,117.941,59914.028,230.96857794
2023-11-06,2023-11-03,3045,SELL,615,97.35130000000001,59871.04950000001,230.80289582250003
2023-11-06,2023-11-03,4904,SELL,776,77.66115,60265.05240000001,232.32177700200003
2023-11-06,2023-11-03,0050,BUY,353,126.61327499999999,44694.48607499999,38.21378559412499
2023-11-07,2023-11-06,2880,BUY,1097,20.910449999999997,22938.763649999997,19.612642920749998
2023-11-07,2023-11-06,2886,BUY,596,38.469225,22927.6581,19.6031476755
2023-11-07,2023-11-06,2892,BUY,854,26.913449999999997,22984.0863,19.651393786499998
2023-11-07,2023-11-06,5880,BUY,889,25.8129,22947.6681,19.620256225499997
2023-11-07,2023-11-06,2412,SELL,383,117.44125000000001,44979.998750000006,173.39789518125002
2023-11-07,2023-11-06,3045,SELL,461,97.65115,45017.18015,173.54122947825
2023-11-07,2023-11-06,4904,SELL,578,77.86105,45003.6869,173.4892129995
2023-11-07,2023-11-06,0050,BUY,271,126.56325,34298.64075,29.325337841249997
2023-11-08,2023-11-07,2880,BUY,622,21.0105,13068.531,11.173594005
2023-11-08,2023-11-07,2886,BUY,337,38.6193,13014.7041,11.127572005500001
2023-11-08,2023-11-07,2892,BUY,484,26.963475,13050.321899999999,11.1580252245
2023-11-08,2023-11-07,5880,BUY,505,25.862925,13060.777125,11.166964441875
2023-11-08,2023-11-07,2412,SELL,298,117.941,35146.418,135.48944139
2023-11-08,2023-11-07,3045,SELL,362,97.65115,35349.7163,136.2731563365
2023-11-08,2023-11-07,4904,SELL,450,78.36080000000001,35262.36000000001,135.93639780000004
2023-11-08,2023-11-07,0050,BUY,386,126.713325,48911.34345,41.81919864975
2023-11-10,2023-11-09,2880,BUY,644,20.660324999999997,13305.249299999998,11.375988151499998
2023-11-10,2023-11-09,2886,BUY,346,38.469225,13310.351850000001,11.38035083175
2023-11-10,2023-11-09,2892,BUY,499,26.763375,13354.924125,11.418460126874999
2023-11-10,2023-11-09,5880,BUY,520,25.662824999999998,13344.668999999998,11.409691994999998
2023-11-10,2023-11-09,2412,SELL,268,117.44125000000001,31474.255000000005,121.33325302500002
2023-11-10,2023-11-09,3045,SELL,320,98.25085,31440.272,121.20224856
2023-11-10,2023-11-09,4904,SELL,400,78.46075,31384.300000000003,120.98647650000001
2023-11-10,2023-11-09,0050,BUY,451,126.76335,57170.27085,48.88058157675
2023-11-14,2023-11-13,2880,BUY,80,21.060525,1684.8419999999999,1.4405399099999998
2023-11-14,2023-11-13,2886,BUY,43,38.569275,1658.478825,1.4179993953749999
2023-11-14,2023-11-13,2892,BUY,62,26.963475,1671.73545,1.42933380975
2023-11-14,2023-11-13,5880,BUY,64,25.962974999999997,1661.6303999999998,1.4206939919999997
2023-11-14,2023-11-13,2412,SELL,328,116.9415,38356.812,147.86551025999998
2023-11-14,2023-11-13,3045,SELL,393,97.5512,38337.6216,147.791531268
2023-11-14,2023-11-13,4904,SELL,485,78.66065,38150.415250000005,147.06985078875002
2023-11-14,2023-11-13,0050,BUY,863,129.26459999999997,111555.34979999998,95.37982407899997
2023-11-16,2023-11-15,2880,BUY,145,21.510749999999998,3119.0587499999997,2.6667952312499996
2023-11-16,2023-11-15,2886,BUY,80,39.0195,3121.56,2.6689338
2023-11-16,2023-11-15,2892,BUY,115,27.263624999999998,3135.3168749999995,2.6806959281249996
2023-11-16,2023-11-15,5880,BUY,118,26.413199999999996,3116.7575999999995,2.6648277479999996
2023-11-16,2023-11-15,2412,SELL,462,117.941,54488.742,210.05410041
2023-11-16,2023-11-15,3045,SELL,560,97.95100000000001,54852.560000000005,211.4566188
2023-11-16,2023-11-15,4904,SELL,689,79.26035,54610.38115,210.52301933325
2023-11-16,2023-11-15,0050,BUY,1107,130.8654,144867.99779999998,123.86213811899998
2023-11-17,2023-11-16,2880,BUY,740,21.510749999999998,15917.954999999998,13.609851524999998
2023-11-17,2023-11-16,2886,BUY,406,39.2196,15923.1576,13.614299748
2023-11-17,2023-11-16,2892,BUY,579,27.513749999999998,15930.461249999998,13.620544368749998
2023-11-17,2023-11-16,5880,BUY,600,26.51325,15907.949999999999,13.601297249999998
2023-11-17,2023-11-16,2412,SELL,558,117.44125000000001,65532.217500000006,252.62669846250003
2023-11-17,2023-11-16,3045,SELL,666,97.95100000000001,65235.366,251.48233593
2023-11-17,2023-11-16,4904,SELL,823,78.96050000000001,64984.49150000001,250.51521473250003
2023-11-17,2023-11-16,0050,BUY,1089,130.66529999999997,142294.51169999997,121.66180750349997
2023-11-20,2023-11-17,2880,BUY,1275,21.6108,27553.77,23.55847335
2023-11-20,2023-11-17,2886,BUY,702,39.2196,27532.1592,23.539996115999998
2023-11-20,2023-11-17,2892,BUY,1000,27.513749999999998,27513.749999999996,23.524256249999997
2023-11-20,2023-11-17,5880,BUY,1041,26.463224999999998,27548.217224999997,23.553725727374996
2023-11-20,2023-11-17,2412,SELL,469,116.9415,54845.563500000004,211.42964729250002
2023-11-20,2023-11-17,3045,SELL,561,98.05095,55006.58295,212.05037727225002
2023-11-20,2023-11-17,4904,SELL,693,79.36030000000001,54996.687900000004,212.01223185450002
2023-11-20,2023-11-17,0050,BUY,366,131.115525,47988.28215,41.029981238249995
2023-11-21,2023-11-20,2880,BUY,1048,21.660825,22700.544599999997,19.408965632999998
2023-11-21,2023-11-20,2886,BUY,577,39.319649999999996,22687.438049999997,19.397759532749998
2023-11-21,2023-11-20,2892,BUY,824,27.513749999999998,22671.329999999998,19.383987149999996
2023-11-21,2023-11-20,5880,BUY,855,26.51325,22668.82875,19.38184858125
2023-11-21,2023-11-20,2412,SELL,272,117.44125000000001,31944.020000000004,123.14419710000001
2023-11-21,2023-11-20,3045,SELL,328,97.65115,32029.5772,123.474020106
2023-11-21,2023-11-20,4904,SELL,408,78.5607,32052.7656,123.56341138799999
2023-11-21,2023-11-20,0050,SELL,7,131.384275,919.689925,1.706024810875
2023-11-22,2023-11-21,2880,BUY,1440,21.760875,31335.659999999996,26.791989299999997
2023-11-22,2023-11-21,2886,BUY,789,39.8199,31417.9011,26.8623054405
2023-11-22,2023-11-21,2892,BUY,1130,27.763875,31373.17875,26.824067831249998
2023-11-22,2023-11-21,5880,BUY,1174,26.71335,31361.472899999997,26.814059329499997
2023-11-22,2023-11-21,2412,SELL,188,117.941,22172.908,85.47656033999999
2023-11-22,2023-11-21,3045,SELL,226,98.3508,22227.2808,85.686167484
2023-11-22,2023-11-21,4904,SELL,280,78.46075,21969.010000000002,84.69053355000001
2023-11-22,2023-11-21,0050,SELL,565,131.18437500000002,74119.17187500001,137.49106382812502
2023-11-23,2023-11-22,2880,BUY,1170,21.760875,25460.223749999997,21.768491306249995
2023-11-23,2023-11-22,2886,BUY,640,39.769875,25452.72,21.7620756
2023-11-23,2023-11-22,2892,BUY,921,27.663824999999996,25478.382824999997,21.784017315374996
2023-11-23,2023-11-22,5880,BUY,962,26.413199999999996,25409.498399999997,21.725121131999995
2023-11-23,2023-11-22,2412,SELL,45,117.941,5307.345,20.459814975
2023-11-23,2023-11-22,3045,SELL,55,97.95100000000001,5387.305,20.768060775000002
2023-11-23,2023-11-22,4904,SELL,68,79.26035,5389.7038,20.777308149
2023-11-23,2023-11-22,0050,SELL,721,131.284325,94655.998325,175.58687689287498
2023-12-05,2023-12-04,2880,SELL,715,21.839075,15614.938625,60.195588399375
2023-12-05,2023-12-04,2886,SELL,401,38.88055,15591.10055,60.103692620249994
2023-12-05,2023-12-04,2892,SELL,572,27.236375000000002,15579.206500000002,60.057841057500006
2023-12-05,2023-12-04,5880,SELL,585,26.636675,15582.454875,60.070363543125
2023-12-05,2023-12-04,2412,BUY,284,121.06049999999999,34381.182,29.395910609999998
2023-12-05,2023-12-04,3045,BUY,344,100.55024999999999,34589.286,29.573839529999997
2023-12-05,2023-12-04,4904,BUY,420,82.041,34457.22,29.4609231
2023-12-05,2023-12-04,0050,BUY,37,130.66529999999997,4834.616099999999,4.133596765499999
2023-12-06,2023-12-05,2880,SELL,398,22.038975,8771.51205,33.81417895275
2023-12-06,2023-12-05,2886,SELL,225,38.9805,8770.6125,33.8107111875
2023-12-06,2023-12-05,2892,SELL,320,27.336325000000002,8747.624,33.72209052
2023-12-06,2023-12-05,5880,SELL,329,26.636675,8763.466075,33.783161719125
2023-12-06,2023-12-05,2412,BUY,327,122.06099999999999,39913.947,34.126424684999996
2023-12-06,2023-12-05,3045,BUY,396,101.0505,40015.998,34.21367829
2023-12-06,2023-12-05,4904,BUY,478,83.0415,39693.837,33.938230635
2023-12-06,2023-12-05,0050,SELL,553,130.3348,72075.1444,133.699392862
2023-12-07,2023-12-06,2880,BUY,556,22.161074999999997,12321.557699999998,10.534931833499998
2023-12-07,2023-12-06,2886,BUY,312,39.519749999999995,12330.161999999998,10.542288509999999
2023-12-07,2023-12-06,2892,BUY,446,27.513749999999998,12271.1325,10.4918182875
2023-12-07,2023-12-06,5880,BUY,460,26.71335,12288.141,10.506360554999999
2023-12-07,2023-12-06,2412,BUY,159,122.06099999999999,19407.699,16.593582645
2023-12-07,2023-12-06,3045,BUY,194,100.05,19409.7,16.5952935
2023-12-07,2023-12-06,4904,BUY,234,83.0415,19431.711,16.614112905
2023-12-07,2023-12-06,0050,SELL,858,130.53470000000002,111998.77260000001,207.75772317300002
2023-12-15,2023-12-14,2880,BUY,532,22.461225,11949.3717,10.2167128035
2023-12-15,2023-12-14,2886,BUY,301,39.6198,11925.559799999999,10.196353628999999
2023-12-15,2023-12-14,2892,BUY,431,27.713849999999997,11944.669349999998,10.212692294249997
2023-12-15,2023-12-14,5880,BUY,443,26.913449999999997,11922.65835,10.193872889249999
2023-12-15,2023-12-14,2412,SELL,438,119.44025,52314.8295,201.6736677225
2023-12-15,2023-12-14,3045,SELL,530,99.1504,52549.712,202.57913976
2023-12-15,2023-12-14,4904,SELL,650,80.55969999999999,52363.80499999999,201.86246827499997
2023-12-15,2023-12-14,0050,BUY,1051,133.716825,140536.383075,120.15860752912499
2023-12-18,2023-12-15,2880,SELL,474,22.1889,10517.5386,40.545111303
2023-12-18,2023-12-15,2886,SELL,268,39.330325,10540.527100000001,40.6337319705
2023-12-18,2023-12-15,2892,SELL,385,27.336325000000002,10524.485125000001,40.571890156875
2023-12-18,2023-12-15,5880,SELL,394,26.586700000000004,10475.159800000001,40.381741029000004
2023-12-18,2023-12-15,2412,SELL,353,118.44075000000001,41809.58475,161.17594921125
2023-12-18,2023-12-15,3045,SELL,425,98.25085,41756.61125,160.97173636875002
2023-12-18,2023-12-15,4904,SELL,525,79.46025,41716.63125,160.81761346874998
2023-12-18,2023-12-15,0050,BUY,1344,133.716825,179715.4128,153.656677944
2023-12-19,2023-12-18,2880,SELL,594,22.1889,13180.2066,50.809696443
2023-12-19,2023-12-18,2886,SELL,340,38.9805,13253.369999999999,51.09174134999999
2023-12-19,2023-12-18,2892,SELL,483,27.286350000000002,13179.307050000001,50.806228677750006
2023-12-19,2023-12-18,5880,SELL,497,26.48675,13163.91475,50.74689136125
2023-12-19,2023-12-18,2412,SELL,275,117.941,32433.775,125.032202625
2023-12-19,2023-12-18,3045,SELL,332,97.75110000000001,32453.365200000004,125.10772284600002
2023-12-19,2023-12-18,4904,SELL,407,79.36030000000001,32299.642100000005,124.51512029550001
2023-12-19,2023-12-18,0050,BUY,1163,133.86690000000002,155687.20470000003,133.11256001850003
2023-12-20,2023-12-19,2880,SELL,795,22.088950000000004,17560.715250000005,67.69655728875001
2023-12-20,2023-12-19,2886,SELL,451,39.030475,17602.744225000002,67.85857898737501
2023-12-20,2023-12-19,2892,SELL,649,27.186400000000003,17643.9736,68.017518228
2023-12-20,2023-12-19,5880,SELL,661,26.536725,17540.775225,67.619688492375
2023-12-20,2023-12-19,2412,SELL,94,118.44075000000001,11133.4305,42.9193745775
2023-12-20,2023-12-19,3045,SELL,114,97.95100000000001,11166.414,43.046525970000005
2023-12-20,2023-12-19,4904,SELL,139,80.05995,11128.33305,42.899723907749994
2023-12-20,2023-12-19,0050,BUY,817,133.616775,109164.90517499999,93.33599392462499
2023-12-21,2023-12-20,2880,SELL,511,21.739125,11108.692875,42.824011033125004
2023-12-21,2023-12-20,2886,SELL,288,38.3808,11053.6704,42.611899392000005
2023-12-21,2023-12-20,2892,SELL,416,26.68665,11101.6464,42.796846871999996
2023-12-21,2023-12-20,5880,SELL,424,26.136925,11082.0562,42.721326651000005
2023-12-21,2023-12-20,2412,SELL,144,118.44075000000001,17055.468,65.74882914
2023-12-21,2023-12-20,3045,SELL,174,97.5512,16973.908799999997,65.43441842399999
2023-12-21,2023-12-20,4904,SELL,217,78.16090000000001,16960.915300000004,65.38432848150002
2023-12-21,2023-12-20,0050,BUY,761,132.2661,100654.5021,86.05959929549999
2024-01-03,2024-01-02,2880,SELL,175,22.138925,3874.311875,14.935472278125
2024-01-03,2024-01-02,2886,SELL,100,38.930525,3893.0525000000002,15.007717387500001
2024-01-03,2024-01-02,2892,SELL,144,27.086450000000003,3900.4488000000006,15.036230124000001
2024-01-03,2024-01-02,5880,SELL,146,26.48675,3867.0655,14.9075375025
2024-01-03,2024-01-02,2412,SELL,139,119.94000000000001,16671.66,64.2692493
2024-01-03,2024-01-02,3045,SELL,169,98.65065000000001,16671.959850000003,64.27040522175001
2024-01-03,2024-01-02,4904,SELL,211,79.26035,16723.93385,64.47076499175
2024-01-03,2024-01-02,0050,BUY,693,133.76684999999998,92700.42704999998,79.25886512774998
2024-01-12,2024-01-11,2880,SELL,381,22.238875,8473.011375,32.663458850625
2024-01-12,2024-01-11,2886,SELL,214,39.030475,8352.52165,32.19897096075
2024-01-12,2024-01-11,2892,SELL,311,26.88655,8361.71705,32.234419227749996
2024-01-12,2024-01-11,5880,SELL,322,25.987000000000002,8367.814,32.25792297
2024-01-12,2024-01-11,2412,BUY,421,120.56025,50755.865249999995,43.396264788749995
2024-01-12,2024-01-11,3045,BUY,509,100.05,50925.45,43.541259749999995
2024-01-12,2024-01-11,4904,BUY,625,81.34065,50837.90625,43.46640984375
2024-01-12,2024-01-11,0050,SELL,703,132.13389999999998,92890.13169999998,172.31119430349995
2024-01-15,2024-01-12,2880,SELL,205,21.989,4507.745,17.377356974999998
2024-01-15,2024-01-12,2886,SELL,115,39.030475,4488.5046250000005,17.303185329375
2024-01-15,2024-01-12,2892,SELL,168,26.88655,4516.9403999999995,17.412805241999997
2024-01-15,2024-01-12,5880,SELL,173,26.08695,4513.042350000001,17.397778259250003
2024-01-15,2024-01-12,2412,BUY,321,120.05999999999999,38539.259999999995,32.95106729999999
2024-01-15,2024-01-12,3045,BUY,385,99.84989999999999,38442.2115,32.868090832499995
2024-01-15,2024-01-12,4904,BUY,474,81.64079999999998,38697.73919999999,33.08656701599999
2024-01-15,2024-01-12,0050,SELL,585,133.23335000000003,77941.50975000001,144.58150058625
2024-01-16,2024-01-15,2880,SELL,220,21.639174999999998,4760.6185,18.352184317499997
2024-01-16,2024-01-15,2886,SELL,124,38.48075,4771.613,18.394568115000002
2024-01-16,2024-01-15,2892,SELL,180,26.68665,4803.597,18.517866435
2024-01-16,2024-01-15,5880,SELL,185,25.637175,4742.877375,18.283792280625
2024-01-16,2024-01-15,2412,BUY,293,120.05999999999999,35177.579999999994,30.076830899999994
2024-01-16,2024-01-15,3045,BUY,356,98.64929999999998,35119.150799999996,30.026873933999994
2024-01-16,2024-01-15,4904,BUY,435,80.6403,35078.5305,29.9921435775
2024-01-16,2024-01-15,0050,SELL,603,131.98397500000002,79586.33692500001,147.63265499587501
2024-01-29,2024-01-26,2880,BUY,1107,21.6108,23923.155600000002,20.454298038
2024-01-29,2024-01-26,2886,BUY,625,38.269124999999995,23918.203124999996,20.450063671874997
2024-01-29,2024-01-26,2892,BUY,893,26.813399999999998,23944.366199999997,20.472433100999996
2024-01-29,2024-01-26,5880,BUY,933,25.512749999999997,23803.395749999996,20.351903366249996
2024-01-29,2024-01-26,2412,SELL,297,119.44025,35473.754250000005,136.75132263375002
2024-01-29,2024-01-26,3045,SELL,361,97.95100000000001,35360.311,136.313998905
2024-01-29,2024-01-26,4904,SELL,446,79.46025,35439.2715,136.61839163250002
2024-01-29,2024-01-26,0050,BUY,371,135.717825,50351.313075,43.050372679125
2024-02-16,2024-02-15,2880,BUY,1157,22.011,25466.727,21.774051585
2024-02-16,2024-02-15,2886,BUY,665,37.868925,25182.835124999998,21.531324031875
2024-02-16,2024-02-15,2892,BUY,940,26.813399999999998,25204.595999999998,21.549929579999997
2024-02-16,2024-02-15,5880,BUY,985,25.562775,25179.333375,21.528330035624997
2024-02-16,2024-02-15,2412,SELL,246,121.43925,29874.0555,115.16448395249999
2024-02-16,2024-02-15,3045,SELL,304,97.95100000000001,29777.104000000003,114.79073592
2024-02-16,2024-02-15,4904,SELL,372,80.05995,29782.3014,114.810771897
2024-02-16,2024-02-15,0050,BUY,46,142.42117499999998,6551.3740499999985,5.601424812749999
2024-03-18,2024-03-15,2880,BUY,1526,23.061525,35191.88715,30.08906351325
2024-03-18,2024-03-15,2886,BUY,858,40.870425,35066.824649999995,29.982135075749994
2024-03-18,2024-03-15,2892,BUY,1272,27.563775,35061.1218,29.977259139
2024-03-18,2024-03-15,5880,BUY,1347,26.063025,35106.894674999996,30.016394947124994
2024-03-18,2024-03-15,2412,SELL,181,122.43875000000001,22161.413750000003,85.43225000625002
2024-03-18,2024-03-15,3045,SELL,223,99.25035,22132.82805,85.32205213275
2024-03-18,2024-03-15,4904,SELL,281,78.5607,22075.5567,85.1012710785
2024-03-18,2024-03-15,0050,SELL,283,152.92350000000002,43277.35050000001,80.2794851775
2024-04-08,2024-04-03,2880,BUY,1179,22.91145,27012.59955,23.09577261525
2024-04-08,2024-04-03,2886,BUY,678,39.71985,26930.0583,23.025199846499998
2024-04-08,2024-04-03,2892,BUY,992,27.213599999999996,26995.891199999995,23.081486975999994
2024-04-08,2024-04-03,5880,BUY,1036,26.012999999999998,26949.467999999997,23.041795139999998
2024-04-08,2024-04-03,2412,SELL,74,124.9375,9245.375,35.640920625
2024-04-08,2024-04-03,3045,SELL,90,102.44875,9220.3875,35.544593812500004
2024-04-08,2024-04-03,4904,SELL,115,80.55969999999999,9264.3655,35.7141290025
2024-04-08,2024-04-03,0050,SELL,301,158.57067500000002,47729.77317500001,88.53872923962501
2024-04-23,2024-04-22,2880,BUY,1134,22.761374999999997,25811.39925,22.068746358749998
2024-04-23,2024-04-22,2886,BUY,653,39.869925,26035.061025000003,22.259977176375003
2024-04-23,2024-04-22,2892,BUY,952,27.013499999999997,25716.851999999995,21.987908459999996
2024-04-23,2024-04-22,5880,BUY,989,26.163074999999996,25875.281174999996,22.123365404624995
2024-04-23,2024-04-22,2412,BUY,201,125.56275,25238.11275,21.57858640125
2024-04-23,2024-04-22,3045,BUY,241,103.55175,24955.97175,21.33735584625
2024-04-23,2024-04-22,4904,BUY,312,80.84039999999999,25222.204799999996,21.564985103999994
2024-04-23,2024-04-22,0050,SELL,1053,152.073925,160133.843025,297.048278811375
2024-04-24,2024-04-23,2880,BUY,975,23.11155,22533.76125,19.26636586875
2024-04-24,2024-04-23,2886,BUY,559,40.52025,22650.81975,19.366450886249996
2024-04-24,2024-04-23,2892,BUY,824,27.263624999999998,22465.227,19.207769085
2024-04-24,2024-04-23,5880,BUY,855,26.31315,22497.74325,19.23557047875
2024-04-24,2024-04-23,2412,BUY,92,125.56275,11551.773,9.876765914999998
2024-04-24,2024-04-23,3045,BUY,112,103.55175,11597.796,9.91611558
2024-04-24,2024-04-23,4904,BUY,144,81.14054999999999,11684.239199999998,9.990024515999998
2024-04-24,2024-04-23,0050,SELL,793,153.923,122060.939,226.42304184499997
2024-05-03,2024-05-02,2880,BUY,1396,24.31215,33939.761399999996,29.018495996999995
2024-05-03,2024-05-02,2886,BUY,845,40.019999999999996,33816.899999999994,28.913449499999995
2024-05-03,2024-05-02,2892,BUY,1235,27.463724999999997,33917.70037499999,28.999633820624993
2024-05-03,2024-05-02,5880,BUY,1277,26.51325,33857.420249999996,28.948094313749994
2024-05-03,2024-05-02,2412,BUY,17,124.062,2109.054,1.80324117
2024-05-03,2024-05-02,3045,BUY,20,104.05199999999999,2081.04,1.7792891999999998
2024-05-03,2024-05-02,4904,BUY,26,81.0405,2107.053,1.801530315
2024-05-03,2024-05-02,0050,SELL,888,158.47072500000002,140722.0038,261.039317049
2024-05-06,2024-05-03,2880,BUY,1172,24.462224999999997,28669.727699999996,24.512617183499994
2024-05-06,2024-05-03,2886,BUY,709,40.2201,28516.050900000002,24.3812235195
2024-05-06,2024-05-03,2892,BUY,1037,27.463724999999997,28479.882824999997,24.350299815374996
2024-05-06,2024-05-03,5880,BUY,1076,26.51325,28528.256999999998,24.391659734999998
2024-05-06,2024-05-03,2412,BUY,78,124.56224999999999,9715.8555,8.3070564525
2024-05-06,2024-05-03,3045,BUY,92,104.55225,9618.807,8.224079985
2024-05-06,2024-05-03,4904,BUY,119,81.64079999999998,9715.255199999998,8.306543195999998
2024-05-06,2024-05-03,0050,SELL,912,158.9205,144935.496,268.85534508
2024-05-07,2024-05-06,2880,SELL,117,25.587200000000003,2993.7024,11.540722752
2024-05-07,2024-05-06,2886,SELL,72,41.17940000000001,2964.9168000000004,11.429754264000001
2024-05-07,2024-05-06,2892,SELL,107,27.986,2994.502,11.54380521
2024-05-07,2024-05-06,5880,SELL,112,26.786600000000004,3000.0992000000006,11.565382416000002
2024-05-07,2024-05-06,2412,BUY,65,124.56224999999999,8096.546249999999,6.922547043749999
2024-05-07,2024-05-06,3045,BUY,77,104.55225,8050.52325,6.88319737875
2024-05-07,2024-05-06,4904,BUY,98,83.0415,8138.067,6.958047285
2024-05-07,2024-05-06,0050,SELL,658,160.16987500000002,105391.77775000001,195.50174772625002
2024-05-15,2024-05-14,2880,SELL,458,25.987000000000002,11902.046,45.88238733
2024-05-15,2024-05-14,2886,SELL,295,40.729625000000006,12015.239375000001,46.318747790625004
2024-05-15,2024-05-14,2892,SELL,436,27.5862,12027.583200000001,46.366333236
2024-05-15,2024-05-14,5880,SELL,454,26.48675,12024.9845,46.3563152475
2024-05-15,2024-05-14,2412,SELL,349,125.43725,43777.60025,168.76264896375
2024-05-15,2024-05-14,3045,SELL,420,104.9475,44077.950000000004,169.92049725
2024-05-15,2024-05-14,4904,SELL,526,83.5582,43951.6132,169.43346888599999
2024-05-15,2024-05-14,0050,BUY,730,165.6828,120948.44399999999,103.41091961999999
2024-05-16,2024-05-15,2880,SELL,582,26.1869,15240.775800000001,58.753190709
2024-05-16,2024-05-15,2886,SELL,371,40.9795,15203.3945,58.6090857975
2024-05-16,2024-05-15,2892,SELL,549,27.7861,15254.5689,58.8063631095
2024-05-16,2024-05-15,5880,SELL,574,26.586700000000004,15260.765800000003,58.83025215900001
2024-05-16,2024-05-15,2412,SELL,209,125.93700000000001,26320.833000000002,101.466811215
2024-05-16,2024-05-15,3045,SELL,250,105.44725000000001,26361.812500000004,101.62478718750002
2024-05-16,2024-05-15,4904,SELL,317,83.25835000000001,26392.896950000002,101.74461774225
2024-05-16,2024-05-15,0050,BUY,750,169.034475,126775.85624999998,108.39335709374998
2024-05-21,2024-05-20,2880,SELL,425,25.787100000000002,10959.517500000002,42.2489399625
2024-05-21,2024-05-20,2886,SELL,269,40.629675,10929.382575,42.132769826625
2024-05-21,2024-05-20,2892,SELL,381,28.635675,10910.192175,42.058790834625
2024-05-21,2024-05-20,5880,SELL,409,26.88655,10996.59895,42.39188895225
2024-05-21,2024-05-20,2412,SELL,143,125.93700000000001,18008.991,69.424660305
2024-05-21,2024-05-20,3045,SELL,171,105.947,18116.937,69.840792135
2024-05-21,2024-05-20,4904,SELL,217,83.45825,18110.44025,69.81574716375
2024-05-21,2024-05-20,0050,BUY,629,166.4832,104717.93280000001,89.533832544
2024-05-22,2024-05-21,2880,SELL,615,25.537225000000003,15705.393375000001,60.544291460625004
2024-05-22,2024-05-21,2886,SELL,387,40.7796,15781.7052,60.838473546
2024-05-22,2024-05-21,2892,SELL,554,28.3858,15725.7332,60.622701486000004
2024-05-22,2024-05-21,5880,SELL,586,26.88655,15755.5183,60.737523046499994
2024-05-22,2024-05-21,2412,SELL,110,126.43675,13908.0425,53.6155038375
2024-05-22,2024-05-21,3045,SELL,131,105.947,13879.057,53.503764735000004
2024-05-22,2024-05-21,4904,SELL,166,83.35830000000001,13837.477800000002,53.34347691900001
2024-05-22,2024-05-21,0050,BUY,665,167.28359999999998,111243.59399999998,95.11327286999997
2024-05-27,2024-05-24,2880,SELL,932,25.437275,23707.5403,91.3925678565
2024-05-27,2024-05-24,2886,SELL,592,40.029975,23697.7452,91.354807746
2024-05-27,2024-05-24,2892,SELL,840,28.135925,23634.177,91.109752335
2024-05-27,2024-05-24,5880,SELL,904,26.1869,23672.9576,91.25925154800001
2024-05-27,2024-05-24,2412,SELL,124,126.93650000000001,15740.126000000002,60.67818573000001
2024-05-27,2024-05-24,3045,SELL,148,105.947,15680.156,60.44700138
2024-05-27,2024-05-24,4904,SELL,187,83.5582,15625.3834,60.235853007
2024-05-27,2024-05-24,0050,BUY,878,171.835875,150871.89825,128.99547300375
2024-06-03,2024-05-31,2880,SELL,1379,24.9875,34457.762500000004,132.8346744375
2024-06-03,2024-05-31,2886,SELL,883,39.180400000000006,34596.29320000001,133.36871028600004
2024-06-03,2024-05-31,2892,SELL,1254,27.5862,34593.0948,133.356380454
2024-06-03,2024-05-31,5880,SELL,1350,25.637175,34610.18625,133.42226799374998
2024-06-03,2024-05-31,2412,BUY,187,127.56375,23854.42125,20.39553016875
2024-06-03,2024-05-31,3045,BUY,227,105.55274999999999,23960.47425,20.48620548375
2024-06-03,2024-05-31,4904,BUY,287,83.54175,23976.482249999997,20.499892323749997
2024-06-03,2024-05-31,0050,BUY,538,168.73432499999998,90779.06684999999,77.61610215674999
2024-06-14,2024-06-13,2880,SELL,47,25.237375,1186.156625,4.572633789375
2024-06-14,2024-06-13,2886,SELL,30,39.430275,1182.90825,4.560111303749999
2024-06-14,2024-06-13,2892,SELL,42,27.7861,1167.0162,4.498847451
2024-06-14,2024-06-13,5880,SELL,46,25.88705,1190.8043,4.5905505765
2024-06-14,2024-06-13,2412,BUY,255,127.06349999999999,32401.192499999997,27.7030195875
2024-06-14,2024-06-13,3045,BUY,305,106.55324999999999,32498.74125,27.786423768749998
2024-06-14,2024-06-13,4904,BUY,380,84.94245000000001,32278.131,27.597802005
2024-06-14,2024-06-13,0050,SELL,382,178.860525,68324.72055,126.74235662024999
2024-07-03,2024-07-02,2880,BUY,959,26.51325,25426.206749999998,21.739406771249996
2024-07-03,2024-07-02,2886,BUY,623,40.770374999999994,25399.943624999996,21.716951799374996
2024-07-03,2024-07-02,2892,BUY,906,28.014,25380.684,21.70048482
2024-07-03,2024-07-02,5880,BUY,984,25.862925,25449.1182,21.758996061
2024-07-03,2024-07-02,2412,SELL,83,125.43725,10411.29175,40.13552969625
2024-07-03,2024-07-02,3045,SELL,94,111.44425000000001,10475.7595,40.3840528725
2024-07-03,2024-07-02,4904,SELL,116,89.955,10434.78,40.2260769
2024-07-03,2024-07-02,0050,SELL,228,187.5062,42751.4136,79.30387222799999
2024-07-18,2024-07-17,2880,BUY,953,27.363675,26077.582275,22.296332845125
2024-07-18,2024-07-17,2886,BUY,620,42.12105,26115.051,22.328368604999998
2024-07-18,2024-07-17,2892,BUY,896,29.014499999999998,25996.992,22.22742816
2024-07-18,2024-07-17,5880,BUY,978,26.663324999999997,26076.731849999996,22.295605731749998
2024-07-18,2024-07-17,2412,SELL,37,119.94000000000001,4437.780000000001,17.1076419
2024-07-18,2024-07-17,3045,SELL,43,102.44875,4405.29625,16.98241704375
2024-07-18,2024-07-17,4904,SELL,54,81.7591,4414.9914,17.019791847
2024-07-18,2024-07-17,0050,SELL,279,188.50570000000002,52593.0903,97.5601825065
2024-07-19,2024-07-18,2880,BUY,1211,27.31365,33076.83015,28.28068977825
2024-07-19,2024-07-18,2886,BUY,782,42.4212,33173.3784,28.363238532
2024-07-19,2024-07-18,2892,BUY,1137,29.31465,33330.75705,28.49779727775
2024-07-19,2024-07-18,5880,BUY,1248,26.71335,33338.2608,28.504212983999995
2024-07-19,2024-07-18,2412,SELL,109,119.94000000000001,13073.460000000001,50.3981883
2024-07-19,2024-07-18,3045,SELL,127,102.44875,13010.991250000001,50.157371268750005
2024-07-19,2024-07-18,4904,SELL,155,84.05795,13028.982250000001,50.22672657375
2024-07-19,2024-07-18,0050,SELL,484,188.65562500000001,91309.32250000001,169.37879323750002
2024-07-22,2024-07-19,2880,BUY,1291,27.31365,35261.92215,30.148943438249997
2024-07-22,2024-07-19,2886,BUY,837,41.92095,35087.83515,30.000099053249997
2024-07-22,2024-07-19,2892,BUY,1213,29.014499999999998,35194.5885,30.0913731675
2024-07-22,2024-07-19,5880,BUY,1327,26.563275,35249.465925000004,30.138293365875
2024-07-22,2024-07-19,2412,SELL,96,119.94000000000001,11514.240000000002,44.38739520000001
2024-07-22,2024-07-19,3045,SELL,113,103.44825,11689.652250000001,45.06360942375
2024-07-22,2024-07-19,4904,SELL,137,84.45775,11570.71175,44.60509379625
2024-07-22,2024-07-19,0050,SELL,584,185.30730000000003,108219.46320000001,200.747104236
2024-07-23,2024-07-22,2880,BUY,977,27.213599999999996,26587.687199999997,22.732472555999998
2024-07-23,2024-07-22,2886,BUY,627,42.4212,26598.092399999998,22.741369001999995
2024-07-23,2024-07-22,2892,BUY,918,29.164574999999996,26773.079849999995,22.890983271749995
2024-07-23,2024-07-22,5880,BUY,1008,26.51325,26725.356,22.85017938
2024-07-23,2024-07-22,2412,SELL,72,120.43975,8671.662,33.42925701
2024-07-23,2024-07-22,3045,SELL,84,103.44825,8689.653,33.498612315
2024-07-23,2024-07-22,4904,SELL,103,84.15790000000001,8668.263700000001,33.4161565635
2024-07-23,2024-07-22,0050,SELL,458,183.60815,84092.5327,155.99164815849997
2024-07-30,2024-07-29,2880,BUY,837,27.763875,23238.363374999997,19.868800685624997
2024-07-30,2024-07-29,2886,BUY,536,43.2216,23166.7776,19.807594848
2024-07-30,2024-07-29,2892,BUY,787,29.414699999999996,23149.368899999998,19.792710409499996
2024-07-30,2024-07-29,5880,BUY,862,26.863425,23156.27235,19.79861285925
2024-07-30,2024-07-29,2412,BUY,190,121.56075,23096.5425,19.7475438375
2024-07-30,2024-07-29,3045,BUY,221,104.55225,23106.04725,19.75567039875
2024-07-30,2024-07-29,4904,BUY,270,85.74285,23150.5695,19.7937369225
2024-07-30,2024-07-29,0050,SELL,880,179.16037500000002,157661.13,292.46139615
2024-08-02,2024-08-01,2880,BUY,737,28.264125,20830.660125,17.810214406874998
2024-08-02,2024-08-01,2886,BUY,483,42.521249999999995,20537.76375,17.55978800625
2024-08-02,2024-08-01,2892,BUY,710,29.214599999999997,20742.365999999998,17.734722929999997
2024-08-02,2024-08-01,5880,BUY,769,26.863425,20657.973825,17.662567620375
2024-08-02,2024-08-01,2412,BUY,132,121.06049999999999,15979.985999999999,13.662888029999998
2024-08-02,2024-08-01,3045,BUY,152,104.55225,15891.942000000001,13.58761041
2024-08-02,2024-08-01,4904,BUY,186,85.14254999999999,15836.514299999997,13.540219726499997
2024-08-02,2024-08-01,0050,SELL,686,178.06092500000003,122149.79455000002,226.58786889025004
2024-08-05,2024-08-02,2880,BUY,64,27.363675,1751.2752,1.497340296
2024-08-05,2024-08-02,2886,BUY,42,41.52075,1743.8715,1.4910101324999998
2024-08-05,2024-08-02,2892,BUY,62,28.364175,1758.5788499999999,1.5035849167499997
2024-08-05,2024-08-02,5880,BUY,67,26.263125,1759.629375,1.504483115625
2024-08-05,2024-08-02,2412,BUY,267,121.56075,32456.72025,27.750495813749996
2024-08-05,2024-08-02,3045,BUY,310,104.55225,32411.197500000002,27.7115738625
2024-08-05,2024-08-02,4904,BUY,378,85.4427,32297.3406,27.614226213
2024-08-05,2024-08-02,0050,SELL,598,166.566675,99606.87165,184.77074691074998
2024-08-06,2024-08-05,2880,SELL,3552,26.88655,95501.0256,368.15645368799994
2024-08-06,2024-08-05,2886,SELL,2292,41.029475,94039.5567,362.52249107849997
2024-08-06,2024-08-05,2892,SELL,3343,28.1859,94225.46370000001,363.23916256350003
2024-08-06,2024-08-05,5880,SELL,3649,25.737125000000002,93914.769125,362.041434976875
2024-08-06,2024-08-05,2412,BUY,1348,121.56075,163863.891,140.103626805
2024-08-06,2024-08-05,3045,BUY,1545,106.053,163851.885,140.093361675
2024-08-06,2024-08-05,4904,BUY,1874,86.84339999999999,162744.5316,139.146574518
2024-08-06,2024-08-05,0050,SELL,631,167.21635000000003,105513.51685000001,195.72757375675002
2024-08-07,2024-08-06,2880,SELL,3576,26.88655,96146.3028,370.64399729400003
2024-08-07,2024-08-06,2886,SELL,2310,41.029475,94778.08725,365.36952634874996
2024-08-07,2024-08-06,2892,SELL,3424,28.1859,96508.52160000001,372.040350768
2024-08-07,2024-08-06,5880,SELL,3692,26.036975,96128.5117,370.5754126035
2024-08-07,2024-08-06,2412,BUY,1393,121.56075,169334.12475,144.78067666124997
2024-08-07,2024-08-06,3045,BUY,1538,108.05399999999999,166187.05199999997,142.08992945999998
2024-08-07,2024-08-06,4904,BUY,1927,87.0435,167732.8245,143.41156494749998
2024-08-07,2024-08-06,0050,SELL,648,169.765075,110007.7686,204.06441075299998
2024-08-08,2024-08-07,2880,SELL,3121,26.336825000000005,82197.23082500002,316.87032483037507
2024-08-08,2024-08-07,2886,SELL,2035,37.981,77291.335,297.958096425
2024-08-08,2024-08-07,2892,SELL,2994,26.48675,79301.3295,305.7066252225
2024-08-08,2024-08-07,5880,SELL,3234,25.987000000000002,84041.95800000001,323.98174809000005
2024-08-08,2024-08-07,2412,BUY,1168,121.06049999999999,141398.664,120.89585771999998
2024-08-08,2024-08-07,3045,BUY,1314,106.55324999999999,140010.9705,119.70937977749999
2024-08-08,2024-08-07,4904,BUY,1602,87.2436,139764.2472,119.49843135600001
2024-08-08,2024-08-07,0050,SELL,428,170.96447500000002,73172.79530000001,135.7355352815
2024-08-09,2024-08-08,2880,SELL,10202,26.88655,274296.5831,1057.4133278504999
2024-08-09,2024-08-08,2886,SELL,7176,38.18090000000001,273986.13840000005,1056.2165635320002
2024-08-09,2024-08-08,2892,SELL,10357,26.586700000000004,275358.45190000004,1061.5068320745002
2024-08-09,2024-08-08,5880,SELL,10496,26.08695,273808.6272,1055.532257856
2024-08-09,2024-08-08,2412,BUY,891,121.06049999999999,107864.9055,92.2244942025
2024-08-09,2024-08-08,3045,BUY,1011,106.55324999999999,107725.33575,92.10516206624999
2024-08-09,2024-08-08,4904,BUY,1244,86.4432,107535.3408,91.94271638400001
2024-08-09,2024-08-08,0050,SELL,353,174.91250000000002,61744.11250000001,114.53532868750001
2024-08-12,2024-08-09,2880,SELL,3772,27.3863,103301.12359999999,398.225831478
2024-08-12,2024-08-09,2886,SELL,2650,39.080450000000006,103563.19250000002,399.23610708750005
2024-08-12,2024-08-09,2892,SELL,3835,26.936525,103301.57337499999,398.22756536062496
2024-08-12,2024-08-09,5880,SELL,3879,26.68665,103517.51535,399.06002167425
2024-08-12,2024-08-09,2412,BUY,707,122.06099999999999,86297.127,73.78404358499999
2024-08-12,2024-08-09,3045,BUY,803,107.55375,86365.66124999999,73.84264036874998
2024-08-12,2024-08-09,4904,BUY,987,87.4437,86306.93190000001,73.7924267745
2024-08-12,2024-08-09,0050,SELL,192,177.16137500000002,34014.984000000004,63.09779532
2024-08-13,2024-08-12,2880,SELL,1822,25.587200000000003,46619.87840000001,179.71963123200004
2024-08-13,2024-08-12,2886,SELL,1269,39.3803,49973.600699999995,192.6482306985
2024-08-13,2024-08-12,2892,SELL,1852,27.186400000000003,50349.2128,194.096215344
2024-08-13,2024-08-12,5880,SELL,1870,26.836575000000003,50184.39525000001,193.46084368875003
2024-08-13,2024-08-12,2412,BUY,533,122.06099999999999,65058.513,55.625028615
2024-08-13,2024-08-12,3045,BUY,603,107.55375,64854.91125,55.450949118749996
2024-08-13,2024-08-12,4904,BUY,738,87.74385,64754.961299999995,55.365491911499994
2024-08-13,2024-08-12,0050,SELL,121,179.21035000000003,21684.452350000003,40.224659109250005
2024-08-14,2024-08-13,2880,SELL,423,25.137425,10633.130775,40.990719137625
2024-08-14,2024-08-13,2886,SELL,274,38.9805,10680.657,41.173932734999994
2024-08-14,2024-08-13,2892,SELL,396,26.986500000000003,10686.654,41.19705117
2024-08-14,2024-08-13,5880,SELL,401,25.1874,10100.1474,38.936068227
2024-08-14,2024-08-13,2412,BUY,331,122.06099999999999,40402.191,34.543873305
2024-08-14,2024-08-13,3045,BUY,376,107.55375,40440.21,34.57637955
2024-08-14,2024-08-13,4904,BUY,459,88.2441,40504.041900000004,34.6309558245
2024-08-14,2024-08-13,0050,SELL,64,180.259825,11536.6288,21.400446424
2024-08-15,2024-08-14,2880,SELL,593,25.537225000000003,15143.574425000003,58.37847940837501
2024-08-15,2024-08-14,2886,SELL,386,39.230375,15142.92475,58.37597491125
2024-08-15,2024-08-14,2892,SELL,556,27.286350000000002,15171.210600000002,58.485016863000006
2024-08-15,2024-08-14,5880,SELL,581,26.08695,15156.517950000001,58.42837669725
2024-08-15,2024-08-14,2412,BUY,292,123.0615,35933.958,30.723534089999998
2024-08-15,2024-08-14,3045,BUY,328,109.05449999999999,35769.876,30.583243979999995
2024-08-15,2024-08-14,4904,BUY,404,89.0445,35973.978,30.75775119
2024-08-15,2024-08-14,0050,SELL,23,180.5097,4151.7231,7.7014463504999995
2024-09-02,2024-08-30,2880,SELL,1266,25.487250000000003,32266.858500000002,124.3887395175
2024-09-02,2024-08-30,2886,SELL,829,39.030475,32356.263775000003,124.733396852625
2024-09-02,2024-08-30,2892,SELL,1185,27.236375000000002,32275.104375000003,124.420527365625
2024-09-02,2024-08-30,5880,SELL,1247,25.88705,32281.151349999996,124.44383845424998
2024-09-02,2024-08-30,2412,BUY,262,124.062,32504.244,27.79112862
2024-09-02,2024-08-30,3045,BUY,290,112.056,32496.239999999998,27.784285199999996
2024-09-02,2024-08-30,4904,BUY,359,90.54525,32505.744749999998,27.792411761249998
2024-09-02,2024-08-30,0050,BUY,927,181.99095,168705.61065,144.24329710574997
2024-09-03,2024-09-02,2880,BUY,2325,25.362675,58968.219375,50.417827565625
2024-09-03,2024-09-02,2886,BUY,1515,39.06952499999999,59190.33037499999,50.60773247062499
2024-09-03,2024-09-02,2892,BUY,2175,27.213599999999996,59189.579999999994,50.607090899999996
2024-09-03,2024-09-02,5880,BUY,2298,25.8129,59318.0442,50.716927790999996
2024-09-03,2024-09-02,2412,SELL,1221,124.43775000000001,151938.49275,585.72288955125
2024-09-03,2024-09-02,3045,SELL,1340,112.44375000000001,150674.625,580.850679375
2024-09-03,2024-09-02,4904,SELL,1664,90.95450000000001,151348.28800000003,583.4476502400001
2024-09-03,2024-09-02,0050,BUY,1017,181.0905,184169.0385,157.4645279175
2024-09-04,2024-09-03,2880,BUY,3015,24.8124,74809.386,63.96202503
2024-09-04,2024-09-03,2886,BUY,1966,37.2186,73171.7676,62.561861298000004
2024-09-04,2024-09-03,2892,BUY,2842,26.51325,75350.6565,64.4248113075
2024-09-04,2024-09-03,5880,BUY,2992,25.11255,75136.7496,64.241920908
2024-09-04,2024-09-03,2412,SELL,1183,122.9385,145436.24550000002,560.6567264025001
2024-09-04,2024-09-03,3045,SELL,1310,109.94500000000001,144027.95,555.22774725
2024-09-04,2024-09-03,4904,SELL,1605,87.956,141169.38,544.2079599
2024-09-04,2024-09-03,0050,BUY,357,171.0855,61077.523499999996,52.221282592499996
2024-09-05,2024-09-04,2880,BUY,2856,24.862425,71007.0858,60.711058359
2024-09-05,2024-09-04,2886,BUY,1868,38.169075,71299.8321,60.961356445499995
2024-09-05,2024-09-04,2892,BUY,2658,26.813399999999998,71270.01719999999,60.93586470599999
2024-09-05,2024-09-04,5880,BUY,2817,25.312649999999998,71305.73504999999,60.966403467749984
2024-09-05,2024-09-04,2412,SELL,735,123.43825000000001,90727.11375,349.75302350625003
2024-09-05,2024-09-04,3045,SELL,801,111.944,89667.144,345.66684012
2024-09-05,2024-09-04,4904,SELL,988,90.65465,89566.7942,345.279991641
2024-09-05,2024-09-04,0050,SELL,399,172.763575,68932.666425,127.870096218375
2024-09-06,2024-09-05,2880,BUY,2584,25.11255,64890.8292,55.481658966
2024-09-06,2024-09-05,2886,BUY,1696,38.569275,65413.490399999995,55.928534291999995
2024-09-06,2024-09-05,2892,BUY,2435,26.863425,65412.439875,55.927636093124995
2024-09-06,2024-09-05,5880,BUY,2574,25.312649999999998,65154.761099999996,55.707320740499995
2024-09-06,2024-09-05,2412,SELL,490,123.43825000000001,60484.74250000001,233.16868233750003
2024-09-06,2024-09-05,3045,SELL,534,112.44375000000001,60044.9625,231.4733304375
2024-09-06,2024-09-05,4904,SELL,661,91.25435,60319.12535,232.53022822425
2024-09-06,2024-09-05,0050,SELL,520,172.9135,89915.02,166.7923621
2024-09-09,2024-09-06,2880,BUY,1833,24.862425,45572.825025000006,38.964765396375
2024-09-09,2024-09-06,2886,BUY,1201,38.019,45660.818999999996,39.040000244999995
2024-09-09,2024-09-06,2892,BUY,1728,26.663324999999997,46074.2256,39.393462887999995
2024-09-09,2024-09-06,5880,BUY,1818,25.162574999999997,45745.561349999996,39.11245495425
2024-09-09,2024-09-06,2412,SELL,381,122.9385,46839.5685,180.5665365675
2024-09-09,2024-09-06,3045,SELL,411,113.44325,46625.17575,179.74005251625002
2024-09-09,2024-09-06,4904,SELL,514,91.25435,46904.7359,180.8177568945
2024-09-09,2024-09-06,0050,SELL,489,170.31480000000002,83283.93720000001,154.49170350600002
2024-09-10,2024-09-09,2880,BUY,1474,25.262625,37237.10925,31.83772840875
2024-09-10,2024-09-09,2886,BUY,952,38.819399999999995,36956.068799999994,31.597438823999994
2024-09-10,2024-09-09,2892,BUY,1381,26.963475,37236.558975,31.837257923625
2024-09-10,2024-09-09,5880,BUY,1460,25.6128,37394.688,31.97245824
2024-09-10,2024-09-09,2412,SELL,303,123.43825000000001,37401.78975,144.18389948625
2024-09-10,2024-09-09,3045,SELL,325,113.94300000000001,37031.475000000006,142.75633612500002
2024-09-10,2024-09-09,4904,SELL,404,92.3538,37310.9352,143.833655196
2024-09-10,2024-09-09,0050,SELL,391,173.31330000000003,67765.50030000001,125.70500305650002
2024-09-11,2024-09-10,2880,BUY,1161,25.312649999999998,29387.98665,25.126728585749998
2024-09-11,2024-09-10,2886,BUY,749,39.269625,29412.949125,25.148071501875
2024-09-11,2024-09-10,2892,BUY,1080,27.263624999999998,29444.714999999997,25.175231324999995
2024-09-11,2024-09-10,5880,BUY,1154,25.512749999999997,29441.713499999998,25.172665042499997
2024-09-11,2024-09-10,2412,SELL,267,123.938,33091.446,127.56752433000001
2024-09-11,2024-09-10,3045,SELL,287,114.94250000000001,32988.497500000005,127.17065786250002
2024-09-11,2024-09-10,4904,SELL,362,91.85405000000002,33251.1661,128.18324531550002
2024-09-11,2024-09-10,0050,SELL,308,172.263825,53057.2581,98.4212137755
2024-09-13,2024-09-12,2880,BUY,1336,25.412699999999997,33951.36719999999,29.028418955999992
2024-09-13,2024-09-12,2886,BUY,877,39.269625,34439.461125,29.445739261875
2024-09-13,2024-09-12,2892,BUY,1249,27.213599999999996,33989.7864,29.061267371999996
2024-09-13,2024-09-12,5880,BUY,1326,25.6128,33962.5728,29.037999744
2024-09-13,2024-09-12,2412,SELL,168,124.43775000000001,20905.542,80.59086441000001
2024-09-13,2024-09-12,3045,SELL,182,114.94250000000001,20919.535000000003,80.64480742500001
2024-09-13,2024-09-12,4904,SELL,230,91.85405000000002,21126.431500000002,81.44239343250001
2024-09-13,2024-09-12,0050,SELL,251,178.9105,44906.535500000005,83.3016233525
2024-09-26,2024-09-25,2880,BUY,746,26.11305,19480.335300000002,16.6556866815
2024-09-26,2024-09-25,2886,BUY,486,40.019999999999996,19449.719999999998,16.629510599999996
2024-09-26,2024-09-25,2892,BUY,700,27.763875,19434.712499999998,16.616679187499997
2024-09-26,2024-09-25,5880,BUY,747,26.063025,19469.079675,16.646063122125
2024-09-26,2024-09-25,2412,SELL,294,126.93650000000001,37319.331000000006,143.86602100500002
2024-09-26,2024-09-25,3045,SELL,320,116.44175000000001,37261.36,143.6425428
2024-09-26,2024-09-25,4904,SELL,402,93.25335,37487.8467,144.5156490285
2024-09-26,2024-09-25,0050,BUY,437,189.6948,82896.62759999999,70.87661659799998
2024-09-30,2024-09-27,2880,BUY,812,25.962974999999997,21081.935699999998,18.0250550235
2024-09-30,2024-09-27,2886,BUY,531,39.669824999999996,21064.677075,18.010298899124997
2024-09-30,2024-09-27,2892,BUY,754,27.763875,20933.96175,17.898537296249998
2024-09-30,2024-09-27,5880,BUY,804,26.063025,20954.6721,17.9162446455
2024-09-30,2024-09-27,2412,SELL,290,126.43675,36666.6575,141.3499646625
2024-09-30,2024-09-27,3045,SELL,315,116.44175000000001,36679.15125,141.39812806875
2024-09-30,2024-09-27,4904,SELL,403,91.15440000000001,36735.2232,141.614285436
2024-09-30,2024-09-27,0050,BUY,459,186.643275,85669.26322499999,73.24722005737499
2024-10-08,2024-10-07,2880,BUY,1137,25.462725,28951.118325,24.753206167875
2024-10-08,2024-10-07,2886,BUY,742,38.969475,28915.35045,24.72262463475
2024-10-08,2024-10-07,2892,BUY,1078,27.013499999999997,29120.552999999996,24.898072814999995
2024-10-08,2024-10-07,5880,BUY,1117,25.8129,28833.009299999998,24.652222951499997
2024-10-08,2024-10-07,2412,SELL,346,123.43825000000001,42709.6345,164.6456409975
2024-10-08,2024-10-07,3045,SELL,381,111.44425000000001,42460.25925,163.68429940875
2024-10-08,2024-10-07,4904,SELL,482,87.956,42394.792,163.43192316
2024-10-08,2024-10-07,0050,BUY,86,187.04347499999997,16085.738849999998,13.753306716749998
2024-10-09,2024-10-08,2880,BUY,998,25.362675,25311.94965,21.64171695075
2024-10-09,2024-10-08,2886,BUY,650,38.969475,25330.158750000002,21.657285731250003
2024-10-09,2024-10-08,2892,BUY,937,26.963475,25264.776074999998,21.601383544124996
2024-10-09,2024-10-08,5880,BUY,988,25.71285,25404.2958,21.720672908999997
2024-10-09,2024-10-08,2412,SELL,306,122.9385,37619.181000000004,145.02194275500003
2024-10-09,2024-10-08,3045,SELL,333,111.944,37277.352,143.70419196
2024-10-09,2024-10-08,4904,SELL,424,88.25585,37420.4804,144.255951942
2024-10-09,2024-10-08,0050,BUY,355,189.09449999999998,67128.5475,57.3949081125
2024-10-14,2024-10-11,2880,BUY,224,25.6128,5737.2672,4.905363456
2024-10-14,2024-10-11,2886,BUY,146,39.0195,5696.847,4.870804185
2024-10-14,2024-10-11,2892,BUY,211,26.963475,5689.293224999999,4.864345707375
2024-10-14,2024-10-11,5880,BUY,222,25.6128,5686.0416,4.861565568
2024-10-14,2024-10-11,2412,SELL,280,122.9385,34422.78,132.6998169
2024-10-14,2024-10-11,3045,SELL,306,111.944,34254.864,132.05250072
2024-10-14,2024-10-11,4904,SELL,392,87.25635,34204.489199999996,131.858305866
2024-10-14,2024-10-11,0050,BUY,489,192.19604999999999,93983.86845,80.35620752474999
2024-10-21,2024-10-18,2880,SELL,217,26.136925,5671.712725,21.864452554875
2024-10-21,2024-10-18,2886,SELL,142,39.880050000000004,5662.967100000001,21.830738170500002
2024-10-21,2024-10-18,2892,SELL,205,27.636175,5665.415875000001,21.840178198125002
2024-10-21,2024-10-18,5880,SELL,218,25.987000000000002,5665.166,21.83921493
2024-10-21,2024-10-18,2412,SELL,375,123.938,46476.75,179.16787125
2024-10-21,2024-10-18,3045,SELL,406,114.94250000000001,46666.655000000006,179.89995502500003
2024-10-21,2024-10-18,4904,SELL,521,89.85505,46814.48105,180.46982444775
2024-10-21,2024-10-18,0050,BUY,1025,199.149525,204128.263125,174.52966497187498
2024-10-22,2024-10-21,2880,SELL,311,25.68715,7988.7036499999995,30.79645257075
2024-10-22,2024-10-21,2886,SELL,203,39.28035,7973.91105,30.73942709775
2024-10-22,2024-10-21,2892,SELL,293,27.236375000000002,7980.257875000001,30.763894108125005
2024-10-22,2024-10-21,5880,SELL,311,25.637175,7973.161424999999,30.736537293374997
2024-10-22,2024-10-21,2412,SELL,298,122.43875000000001,36486.747500000005,140.65641161250002
2024-10-22,2024-10-21,3045,SELL,321,113.44325,36415.28325,140.38091692875
2024-10-22,2024-10-21,4904,SELL,414,87.956,36413.784,140.37513732
2024-10-22,2024-10-21,0050,BUY,831,197.29859999999996,163955.13659999997,140.18164179299995
2024-10-23,2024-10-22,2880,SELL,446,25.787100000000002,11501.046600000001,44.33653464300001
2024-10-23,2024-10-22,2886,SELL,294,39.28035,11548.4229,44.519170279499996
2024-10-23,2024-10-22,2892,SELL,422,27.336325000000002,11535.929150000002,44.471006873250005
2024-10-23,2024-10-22,5880,SELL,451,25.637175,11562.365925,44.572920640875
2024-10-23,2024-10-22,2412,SELL,236,122.9385,29013.486,111.84698853
2024-10-23,2024-10-22,3045,SELL,255,113.44325,28928.02875,111.51755083125
2024-10-23,2024-10-22,4904,SELL,327,88.05595,28794.29565,111.00200973075
2024-10-23,2024-10-22,0050,BUY,713,196.79834999999997,140317.22354999997,119.97122613524996
2024-10-25,2024-10-24,2880,BUY,131,25.562775,3348.723525,2.8631586138749996
2024-10-25,2024-10-24,2886,BUY,86,39.0195,3355.677,2.869103835
2024-10-25,2024-10-24,2892,BUY,123,27.11355,3334.96665,2.8513964857499996
2024-10-25,2024-10-24,5880,BUY,132,25.462725,3361.0797,2.8737231435
2024-10-25,2024-10-24,2412,SELL,189,122.43875000000001,23140.92375,89.20826105625001
2024-10-25,2024-10-24,3045,SELL,202,113.44325,22915.536500000002,88.33939320750001
2024-10-25,2024-10-24,4904,SELL,259,88.9555,23039.4745,88.8171741975
2024-10-25,2024-10-24,0050,BUY,577,195.0975,112571.25749999999,96.24842516249998
2024-11-19,2024-11-18,2880,BUY,1699,25.2126,42836.2074,36.624957327
2024-11-19,2024-11-18,2886,BUY,1078,39.519749999999995,42602.290499999996,36.4249583775
2024-11-19,2024-11-18,2892,BUY,1548,27.763875,42978.4785,36.7465991175
2024-11-19,2024-11-18,5880,BUY,1709,25.11255,42917.347949999996,36.694332497249995
2024-11-19,2024-11-18,2412,BUY,5,123.0615,615.3075,0.5260879125
2024-11-19,2024-11-18,3045,BUY,6,111.55574999999999,669.3344999999999,0.5722809974999999
2024-11-19,2024-11-18,4904,BUY,7,88.2441,617.7087,0.5281409385
2024-11-19,2024-11-18,0050,SELL,289,190.60465,55084.74385,102.18219984174999
2024-11-22,2024-11-21,2880,BUY,1315,25.6128,33680.832,28.797111360000002
2024-11-22,2024-11-21,2886,BUY,853,39.319649999999996,33539.66145,28.676410539749998
2024-11-22,2024-11-21,2892,BUY,1220,27.563775,33627.8055,28.7517737025
2024-11-22,2024-11-21,5880,BUY,1344,25.162574999999997,33818.500799999994,28.914818183999994
2024-11-22,2024-11-21,2412,BUY,3,123.0615,369.18449999999996,0.31565274749999994
2024-11-22,2024-11-21,3045,BUY,4,112.55624999999999,450.22499999999997,0.38494237499999995
2024-11-22,2024-11-21,4904,BUY,5,88.4442,442.221,0.378098955
2024-11-22,2024-11-21,0050,SELL,429,191.00445,81940.90905,152.00038628775
2024-12-02,2024-11-29,2880,BUY,1206,25.91295,31251.017699999997,26.719620133499998
2024-12-02,2024-11-29,2886,BUY,790,39.8199,31457.720999999998,26.896351454999998
2024-12-02,2024-11-29,2892,BUY,1155,27.263624999999998,31489.486875,26.923511278124998
2024-12-02,2024-11-29,5880,BUY,1261,24.962474999999998,31477.680974999996,26.913417233624994
2024-12-02,2024-11-29,2412,SELL,60,123.43825000000001,7406.295000000001,28.551267225000004
2024-12-02,2024-11-29,3045,SELL,66,113.44325,7487.2545,28.8633660975
2024-12-02,2024-11-29,4904,SELL,83,90.15490000000001,7482.856700000001,28.846412578500004
2024-12-02,2024-11-29,0050,SELL,343,188.40575,64623.17225,119.87598452374999
2024-12-18,2024-12-17,2880,SELL,97,26.436775,2564.367175,9.885635459625
2024-12-18,2024-12-17,2886,SELL,65,39.080450000000006,2540.2292500000003,9.79258375875
2024-12-18,2024-12-17,2892,SELL,92,27.68615,2547.1258000000003,9.819169959
2024-12-18,2024-12-17,5880,SELL,103,24.88755,2563.4176500000003,9.881975040750001
2024-12-18,2024-12-17,2412,SELL,97,123.43825000000001,11973.510250000001,46.157882013750005
2024-12-18,2024-12-17,3045,SELL,103,115.44225,11890.55175,45.83807699625
2024-12-18,2024-12-17,4904,SELL,131,90.5547,11862.6657,45.7305762735
2024-12-18,2024-12-17,0050,BUY,634,196.8984,124833.5856,106.732715688
2024-12-25,2024-12-24,2880,SELL,640,26.536725,16983.504,65.47140792
2024-12-25,2024-12-24,2886,SELL,433,39.28035,17008.39155,65.56734942525
2024-12-25,2024-12-24,2892,SELL,615,27.5862,16965.513000000003,65.402052615
2024-12-25,2024-12-24,5880,SELL,685,24.7876,16979.506,65.45599563
2024-12-25,2024-12-24,2412,SELL,44,123.938,5453.272,21.02236356
2024-12-25,2024-12-24,3045,SELL,47,114.94250000000001,5402.297500000001,20.8258568625
2024-12-25,2024-12-24,4904,SELL,60,91.15440000000001,5469.264000000001,21.084012720000004
2024-12-25,2024-12-24,0050,BUY,733,198.59924999999998,145573.25024999998,124.46512896374998
2025-01-15,2025-01-14,2880,BUY,1078,27.463724999999997,29605.895549999997,25.313040695249995
2025-01-15,2025-01-14,2886,BUY,759,38.91945,29539.862549999998,25.256582480249996
2025-01-15,2025-01-14,2892,BUY,1071,27.6138,29574.379800000002,25.286094729000002
2025-01-15,2025-01-14,5880,BUY,1224,24.4122,29880.532799999997,25.547855543999997
2025-01-15,2025-01-14,2412,BUY,103,123.56174999999999,12726.86025,10.88146551375
2025-01-15,2025-01-14,3045,BUY,113,112.55624999999999,12718.856249999999,10.874622093749998
2025-01-15,2025-01-14,4904,BUY,143,89.0445,12733.3635,10.8870257925
2025-01-15,2025-01-14,0050,SELL,381,195.90200000000002,74638.66200000001,138.45471801000002
2025-01-16,2025-01-15,2880,BUY,1659,27.513749999999998,45645.31125,39.026741118749996
2025-01-16,2025-01-15,2886,BUY,1168,39.06952499999999,45633.20519999999,39.01639044599999
2025-01-16,2025-01-15,2892,BUY,1647,27.763875,45727.102125,39.096672316874994
2025-01-16,2025-01-15,5880,BUY,1866,24.562275,45833.20515,39.18739040325
2025-01-16,2025-01-15,2412,SELL,15,123.43825000000001,1851.5737500000002,7.137816806250001
2025-01-16,2025-01-15,3045,SELL,16,111.44425000000001,1783.1080000000002,6.8738813400000005
2025-01-16,2025-01-15,4904,SELL,21,89.05545,1870.1644499999998,7.209483954749999
2025-01-16,2025-01-15,0050,SELL,877,197.80105,173471.52085,321.78967117675
2025-02-05,2025-02-04,2880,BUY,1061,28.064025,29775.930525,25.458420598874998
2025-02-05,2025-02-04,2886,BUY,762,39.11955,29809.0971,25.486778020499997
2025-02-05,2025-02-04,2892,BUY,1067,27.863925,29730.807975,25.419840818624998
2025-02-05,2025-02-04,5880,BUY,1211,24.512249999999998,29684.334749999998,25.38010621125
2025-02-05,2025-02-04,2412,SELL,201,125.93700000000001,25313.337000000003,97.58291413500001
2025-02-05,2025-02-04,3045,SELL,223,112.9435,25186.4005,97.0935739275
2025-02-05,2025-02-04,4904,SELL,279,90.7546,25320.5334,97.610656257
2025-02-05,2025-02-04,0050,BUY,62,195.847875,12142.568249999998,10.381895853749999
2025-02-14,2025-02-13,2880,BUY,1215,27.863925,33854.668874999996,28.945741888124996
2025-02-14,2025-02-13,2886,BUY,874,38.819399999999995,33928.1556,29.008573037999998
2025-02-14,2025-02-13,2892,BUY,1217,27.863925,33910.396725,28.993389199874997
2025-02-14,2025-02-13,5880,BUY,1389,24.4122,33908.5458,28.991806658999998
2025-02-14,2025-02-13,2412,BUY,37,126.06299999999999,4664.330999999999,3.988003004999999
2025-02-14,2025-02-13,3045,BUY,41,112.056,4594.296,3.92812308
2025-02-14,2025-02-13,4904,BUY,52,89.0445,4630.314,3.95891847
2025-02-14,2025-02-13,0050,SELL,626,195.05242500000003,122102.81805000002,226.50072748275002
2025-02-17,2025-02-14,2880,BUY,892,27.8139,24809.9988,21.212548974
2025-02-17,2025-02-14,2886,BUY,636,39.0195,24816.402000000002,21.21802371
2025-02-17,2025-02-14,2892,BUY,886,28.014,24820.404,21.22144542
2025-02-17,2025-02-14,5880,BUY,1009,24.512249999999998,24732.860249999998,21.146595513749997
2025-02-17,2025-02-14,2412,BUY,194,126.06299999999999,24456.221999999998,20.910069809999996
2025-02-17,2025-02-14,3045,BUY,216,112.55624999999999,24312.149999999998,20.786888249999997
2025-02-17,2025-02-14,4904,BUY,274,89.54475,24535.261499999997,20.977648582499995
2025-02-17,2025-02-14,0050,SELL,876,194.652625,170515.6995,316.3066225725
2025-02-24,2025-02-21,2880,SELL,1062,27.68615,29402.691300000002,113.34737496150001
2025-02-24,2025-02-21,2886,SELL,752,39.28035,29538.8232,113.872163436
2025-02-24,2025-02-21,2892,SELL,1071,27.5862,29544.820200000002,113.89528187100001
2025-02-24,2025-02-21,5880,SELL,1204,24.487750000000002,29483.251000000004,113.65793260500001
2025-02-24,2025-02-21,2412,SELL,81,126.43675,10241.37675,39.48050737125
2025-02-24,2025-02-21,3045,SELL,90,112.9435,10164.915,39.185747325
2025-02-24,2025-02-21,4904,SELL,115,88.9555,10229.8825,39.4361970375
2025-02-24,2025-02-21,0050,BUY,908,196.248075,178193.2521,152.3552305455
2025-02-25,2025-02-24,2880,SELL,1285,27.286350000000002,35062.95975,135.16770983625
2025-02-25,2025-02-24,2886,SELL,901,38.830575,34986.348075,134.872371829125
2025-02-25,2025-02-24,2892,SELL,1285,27.486250000000002,35319.83125,136.15794946875002
2025-02-25,2025-02-24,5880,SELL,1454,24.337825000000002,35387.197550000004,136.41764655525
2025-02-25,2025-02-24,2412,BUY,181,126.56325,22907.948249999998,19.586295753749997
2025-02-25,2025-02-24,3045,BUY,203,113.0565,22950.4695,19.6226514225
2025-02-25,2025-02-24,4904,BUY,256,89.34464999999999,22872.230399999997,19.555756991999996
2025-02-25,2025-02-24,0050,BUY,461,194.09699999999998,89478.71699999999,76.50430303499999
2025-02-26,2025-02-25,2880,SELL,739,27.486250000000002,20312.338750000003,78.30406588125001
2025-02-26,2025-02-25,2886,SELL,515,39.180400000000006,20177.906000000003,77.78582763000001
2025-02-26,2025-02-25,2892,SELL,739,27.486250000000002,20312.338750000003,78.30406588125001
2025-02-26,2025-02-25,5880,SELL,835,24.337825000000002,20322.083875,78.34163333812499
2025-02-26,2025-02-25,2412,BUY,327,126.56325,41386.18275,35.38518625125
2025-02-26,2025-02-25,3045,BUY,364,114.05699999999999,41516.74799999999,35.49681953999999
2025-02-26,2025-02-25,4904,BUY,461,89.54475,41280.12975,35.29451093625
2025-02-26,2025-02-25,0050,SELL,179,192.80355000000003,34511.835450000006,64.01945475975
2025-03-03,2025-02-27,2880,BUY,415,27.913949999999996,11584.289249999998,9.904567308749998
2025-03-03,2025-02-27,2886,BUY,291,39.669824999999996,11543.919074999998,9.870050809124997
2025-03-03,2025-02-27,2892,BUY,418,27.663824999999996,11563.478849999998,9.886774416749997
2025-03-03,2025-02-27,5880,BUY,471,24.6123,11592.3933,9.911496271499999
2025-03-03,2025-02-27,2412,BUY,338,128.064,43285.632,37.00921536
2025-03-03,2025-02-27,3045,BUY,377,115.05749999999999,43376.6775,37.0870592625
2025-03-03,2025-02-27,4904,BUY,481,90.045,43311.645000000004,37.031456475
2025-03-03,2025-02-27,0050,SELL,842,188.70560000000003,158890.11520000003,294.74116369600006
2025-03-04,2025-03-03,2880,BUY,569,27.663824999999996,15740.716424999997,13.458312543374996
2025-03-04,2025-03-03,2886,BUY,397,39.769875,15788.640374999999,13.499287520624998
2025-03-04,2025-03-03,2892,BUY,573,27.663824999999996,15851.371724999997,13.552922824874997
2025-03-04,2025-03-03,5880,BUY,642,24.6123,15801.0966,13.509937593
2025-03-04,2025-03-03,2412,BUY,201,128.56425,25841.414249999998,22.09440918375
2025-03-04,2025-03-03,3045,BUY,222,115.55775,25653.820499999998,21.9340165275
2025-03-04,2025-03-03,4904,BUY,284,90.4452,25686.4368,21.961903464
2025-03-04,2025-03-03,0050,SELL,783,184.9075,144782.5725,268.5716719875
2025-03-05,2025-03-04,2880,BUY,566,27.663824999999996,15657.724949999998,13.387354832249997
2025-03-05,2025-03-04,2886,BUY,393,40.019999999999996,15727.859999999999,13.447320299999998
2025-03-05,2025-03-04,2892,BUY,564,27.713849999999997,15630.611399999998,13.364172746999998
2025-03-05,2025-03-04,5880,BUY,639,24.462224999999997,15631.361774999998,13.364814317624997
2025-03-05,2025-03-04,2412,BUY,167,127.56375,21303.14625,18.21419004375
2025-03-05,2025-03-04,3045,BUY,184,115.55775,21262.626,18.17954523
2025-03-05,2025-03-04,4904,BUY,234,91.54575,21421.7055,18.3155582025
2025-03-05,2025-03-04,0050,SELL,686,187.906,128903.516,239.11602218
2025-03-10,2025-03-07,2880,SELL,2258,27.5862,62289.6396,240.12656065800002
2025-03-10,2025-03-07,2886,SELL,1575,39.480250000000005,62181.39375000001,239.70927290625002
2025-03-10,2025-03-07,2892,SELL,2258,27.5862,62289.6396,240.12656065800002
2025-03-10,2025-03-07,5880,SELL,2555,24.337825000000002,62183.142875000005,239.71601578312502
2025-03-10,2025-03-07,2412,BUY,1003,128.064,128448.192,109.82320415999999
2025-03-10,2025-03-07,3045,BUY,1098,117.0585,128530.233,109.89334921499999
2025-03-10,2025-03-07,4904,BUY,1386,93.0465,128962.449,110.26289389499999
2025-03-10,2025-03-07,0050,SELL,533,186.256825,99274.887725,184.15491672987497
2025-03-11,2025-03-10,2880,SELL,2415,27.136425,65534.466374999996,252.63536787562498
2025-03-11,2025-03-10,2886,SELL,1671,39.180400000000006,65470.44840000001,252.38857858200004
2025-03-11,2025-03-10,2892,SELL,2411,27.436275000000002,66148.859025,255.00385154137498
2025-03-11,2025-03-10,5880,SELL,2728,24.1879,65984.5912,254.370599076
2025-03-11,2025-03-10,2412,BUY,938,127.56375,119654.7975,102.3048518625
2025-03-11,2025-03-10,3045,BUY,1030,115.55775,119024.4825,101.76593253749999
2025-03-11,2025-03-10,4904,BUY,1291,91.2456,117798.06959999999,100.71734950799998
2025-03-11,2025-03-10,0050,SELL,400,180.659625,72263.85,134.04944175
2025-03-12,2025-03-11,2880,SELL,2056,27.436275000000002,56408.981400000004,217.45662329700002
2025-03-12,2025-03-11,2886,SELL,1416,39.480250000000005,55904.03400000001,215.51005107000003
2025-03-12,2025-03-11,2892,SELL,2037,27.436275000000002,55887.692175000004,215.447053334625
2025-03-12,2025-03-11,5880,SELL,2301,24.287850000000002,55886.34285000001,215.44185168675003
2025-03-12,2025-03-11,2412,BUY,766,127.56375,97713.8325,83.5453267875
2025-03-12,2025-03-11,3045,BUY,839,117.0585,98212.0815,83.9713296825
2025-03-12,2025-03-11,4904,BUY,1051,92.54625,97266.10875,83.16252298124999
2025-03-12,2025-03-11,0050,SELL,297,182.00895,54056.65815,100.27510086825
2025-03-13,2025-03-12,2880,SELL,1614,27.5862,44524.126800000005,171.64050881400001
2025-03-13,2025-03-12,2886,SELL,1133,39.330325,44561.258225000005,171.78365045737502
2025-03-13,2025-03-12,2892,SELL,1619,27.68615,44823.87685,172.79604525675
2025-03-13,2025-03-12,5880,SELL,1844,24.287850000000002,44786.7954,172.653096267
2025-03-13,2025-03-12,2412,BUY,601,128.56425,77267.11425,66.06338268374999
2025-03-13,2025-03-12,3045,BUY,657,117.0585,76907.4345,65.7558564975
2025-03-13,2025-03-12,4904,BUY,835,92.2461,77025.4935,65.8567969425
2025-03-13,2025-03-12,0050,SELL,231,185.1074,42759.809400000006,79.31944643700001
2025-03-14,2025-03-13,2880,SELL,1058,27.68615,29291.9467,112.9204545285
2025-03-14,2025-03-13,2886,SELL,734,39.7801,29198.593399999998,112.56057755699999
2025-03-14,2025-03-13,2892,SELL,1048,27.7861,29119.8328,112.256955444
2025-03-14,2025-03-13,5880,SELL,1205,24.287850000000002,29266.85925,112.82374240875001
2025-03-14,2025-03-13,2412,BUY,438,128.56425,56311.1415,48.1460259825
2025-03-14,2025-03-13,3045,BUY,481,117.55874999999999,56545.75874999999,48.34662373124999
2025-03-14,2025-03-13,4904,BUY,609,93.2466,56787.1794,48.553038387
2025-03-14,2025-03-13,0050,SELL,170,181.00945000000002,30771.6065,57.0813300575
2025-03-17,2025-03-14,2880,SELL,879,27.68615,24336.12585,93.81576515175
2025-03-17,2025-03-14,2886,SELL,617,39.630175,24451.817975,94.26175829362501
2025-03-17,2025-03-14,2892,SELL,887,27.5862,24468.9594,94.327838487
2025-03-17,2025-03-14,5880,SELL,1014,24.337825000000002,24678.55455,95.13582779025
2025-03-17,2025-03-14,2412,BUY,335,128.064,42901.439999999995,36.6807312
2025-03-17,2025-03-14,3045,BUY,368,117.0585,43077.528,36.83128644
2025-03-17,2025-03-14,4904,BUY,466,92.34615,43033.3059,36.793476544499995
2025-03-17,2025-03-14,0050,SELL,130,182.45872500000002,23719.634250000003,43.999921533750005
2025-04-01,2025-03-31,2880,SELL,930,27.88605,25934.0265,99.9756721575
2025-04-01,2025-03-31,2886,SELL,648,39.93002500000001,25874.656200000005,99.74679965100002
2025-04-01,2025-03-31,2892,SELL,956,27.086450000000003,25894.646200000003,99.823861101
2025-04-01,2025-03-31,5880,SELL,1075,24.087950000000003,25894.546250000003,99.82347579375
2025-04-01,2025-03-31,2412,BUY,402,129.06449999999998,51883.92899999999,44.36075929499999
2025-04-01,2025-03-31,3045,BUY,443,116.55824999999999,51635.304749999996,44.148185561249996
2025-04-01,2025-03-31,4904,BUY,561,92.14604999999999,51693.934049999996,44.19831361274999
2025-04-01,2025-03-31,0050,SELL,91,173.5132,15789.701200000001,29.289895726
2025-04-08,2025-04-07,2880,SELL,14747,25.487250000000003,375860.47575000004,1448.94213401625
2025-04-08,2025-04-07,2886,SELL,10474,37.181400000000004,389437.98360000004,1501.2834267780001
2025-04-08,2025-04-07,2892,SELL,15261,24.9875,381334.2375,1470.0434855624999
2025-04-08,2025-04-07,5880,SELL,16964,22.48875,381499.15499999997,1470.6792425249998
2025-04-08,2025-04-07,2412,BUY,208,125.56275,26117.052,22.33007946
2025-04-08,2025-04-07,3045,BUY,228,115.05749999999999,26233.109999999997,22.429309049999997
2025-04-08,2025-04-07,4904,BUY,292,88.044,25708.847999999998,21.981065039999997
2025-04-08,2025-04-07,0050,SELL,73,151.1244,11032.0812,20.464510626
2025-04-09,2025-04-08,2880,SELL,4648,25.637175,119161.5894,459.367927137
2025-04-09,2025-04-08,2886,SELL,3141,39.180400000000006,123065.63640000002,474.41802832200005
2025-04-09,2025-04-08,2892,SELL,4666,25.68715,119856.2419,462.0458125245
2025-04-09,2025-04-08,5880,SELL,5247,22.48875,117998.47125,454.88410666875
2025-04-09,2025-04-08,2412,BUY,356,126.06299999999999,44878.42799999999,38.37105593999999
2025-04-09,2025-04-08,3045,BUY,400,111.55574999999999,44622.299999999996,38.1520665
2025-04-09,2025-04-08,4904,BUY,512,86.6433,44361.3696,37.928971008
2025-04-09,2025-04-08,0050,SELL,50,152.42375,7621.187500000001,14.137302812500002
2025-04-10,2025-04-09,2880,SELL,1000,27.536225,27536.225000000002,106.15214737500001
2025-04-10,2025-04-09,2886,SELL,679,39.480250000000005,26807.089750000003,103.34133098625001
2025-04-10,2025-04-09,2892,SELL,1026,26.48675,27175.4055,104.7611882025
2025-04-10,2025-04-09,5880,SELL,1126,24.3878,27460.6628,105.86085509399999
2025-04-10,2025-04-09,2412,BUY,184,129.06449999999998,23747.867999999995,20.304427139999994
2025-04-10,2025-04-09,3045,BUY,201,116.05799999999999,23327.658,19.945147589999998
2025-04-10,2025-04-09,4904,BUY,268,90.045,24132.06,20.6329113
2025-04-10,2025-04-09,0050,SELL,41,160.7196,6589.503600000001,12.223529178000001
2025-04-15,2025-04-14,2880,SELL,3864,26.586700000000004,102731.00880000001,396.02803892400004
2025-04-15,2025-04-14,2886,SELL,2714,37.831075000000006,102673.53755000001,395.80648725525003
2025-04-15,2025-04-14,2892,SELL,4047,25.3873,102742.4031,396.0719639505
2025-04-15,2025-04-14,5880,SELL,4275,24.037975000000003,102762.34312500001,396.14883274687503
2025-04-15,2025-04-14,2412,BUY,141,128.064,18057.023999999998,15.438755519999997
2025-04-15,2025-04-14,3045,BUY,156,115.05749999999999,17948.969999999998,15.346369349999998
2025-04-15,2025-04-14,4904,BUY,206,87.74385,18075.233099999998,15.454324300499998
2025-04-15,2025-04-14,0050,SELL,19,163.96797500000002,3115.3915250000005,5.779051278875
2025-04-16,2025-04-15,2880,SELL,948,26.336825000000005,24967.310100000006,96.24898043550002
2025-04-16,2025-04-15,2886,SELL,671,37.48125,25149.91875,96.95293678125
2025-04-16,2025-04-15,2892,SELL,990,25.337325000000003,25083.951750000004,96.69863399625001
2025-04-16,2025-04-15,5880,SELL,1056,23.838075000000003,25173.007200000004,97.04194275600001
2025-04-16,2025-04-15,2412,BUY,12,128.56425,1542.7709999999997,1.3190692049999997
2025-04-16,2025-04-15,3045,BUY,13,114.55725,1489.24425,1.27330383375
2025-04-16,2025-04-15,4904,BUY,17,88.14405,1498.4488499999998,1.2811737667499998
2025-04-16,2025-04-15,0050,SELL,5,163.71810000000002,818.5905000000001,1.5184853775000002
2025-05-02,2025-04-30,2880,SELL,957,27.086450000000003,25921.73265,99.92827936575
2025-05-02,2025-04-30,2886,SELL,684,37.88105,25910.6382,99.88551026100001
2025-05-02,2025-04-30,2892,SELL,1017,25.3873,25818.8841,99.5317982055
2025-05-02,2025-04-30,5880,SELL,1061,24.337825000000002,25822.432325,99.545476612875
2025-05-02,2025-04-30,2412,BUY,221,129.56475,28633.80975,24.48190733625
2025-05-02,2025-04-30,3045,BUY,252,113.55675,28616.301,24.466937355
2025-05-02,2025-04-30,4904,BUY,334,85.94295,28704.9453,24.5427282315
2025-05-02,2025-04-30,0050,BUY,156,172.08599999999998,26845.415999999997,22.952830679999998
2025-05-13,2025-05-12,2880,BUY,1356,28.11405,38122.6518,32.594867289
2025-05-13,2025-05-12,2886,BUY,952,39.169574999999995,37289.435399999995,31.882467266999996
2025-05-13,2025-05-12,2892,BUY,1443,26.363175,38042.061525,32.525962603874994
2025-05-13,2025-05-12,5880,BUY,1519,24.8124,37690.0356,32.224980438
2025-05-13,2025-05-12,2412,SELL,546,129.935,70944.51,273.49108605
2025-05-13,2025-05-12,3045,SELL,625,114.44275,71526.71875,275.73550078125
2025-05-13,2025-05-12,4904,SELL,824,86.7566,71487.4384,275.584075032
2025-05-13,2025-05-12,0050,BUY,175,180.94042499999998,31664.574374999997,27.073211090624994
2025-05-14,2025-05-13,2880,BUY,1731,27.913949999999996,48319.04744999999,41.31278556974999
2025-05-14,2025-05-13,2886,BUY,1220,40.019999999999996,48824.399999999994,41.74486199999999
2025-05-14,2025-05-13,2892,BUY,1829,26.563275,48584.229975,41.539516628625
2025-05-14,2025-05-13,5880,BUY,1940,25.0125,48524.25,41.48823375
2025-05-14,2025-05-13,2412,SELL,362,130.43475,47217.3795,182.0229979725
2025-05-14,2025-05-13,3045,SELL,414,113.94300000000001,47172.402,181.84960971
2025-05-14,2025-05-13,4904,SELL,546,86.85655000000001,47423.67630000001,182.8182721365
2025-05-14,2025-05-13,0050,BUY,46,181.940925,8369.28255,7.155736580249999
2025-05-15,2025-05-14,2880,BUY,716,27.863925,19950.5703,17.057737606499998
2025-05-15,2025-05-14,2886,BUY,499,40.52025,20219.60475,17.28776206125
2025-05-15,2025-05-14,2892,BUY,754,26.51325,19990.9905,17.0922968775
2025-05-15,2025-05-14,5880,BUY,799,25.0125,19984.9875,17.087164312499997
2025-05-15,2025-05-14,2412,SELL,263,129.43525,34041.47075,131.22986974124998
2025-05-15,2025-05-14,3045,SELL,302,113.44325,34259.8615,132.0717660825
2025-05-15,2025-05-14,4904,SELL,395,86.45675,34150.41625,131.64985464375002
2025-05-15,2025-05-14,0050,BUY,11,182.99145,2012.9059499999998,1.7210345872499997
2025-05-21,2025-05-20,2880,BUY,1057,27.8139,29399.2923,25.1363949165
2025-05-21,2025-05-20,2886,BUY,709,41.0205,29083.534499999998,24.866421997499998
2025-05-21,2025-05-20,2892,BUY,1079,27.163574999999998,29309.497424999998,25.059620298375
2025-05-21,2025-05-20,5880,BUY,1172,25.0125,29314.649999999998,25.064025749999995
2025-05-21,2025-05-20,2412,SELL,109,131.934,14380.806,55.43800713
2025-05-21,2025-05-20,3045,SELL,124,115.44225,14314.839,55.183704344999995
2025-05-21,2025-05-20,4904,SELL,162,88.85555000000001,14394.599100000001,55.491179530500006
2025-05-21,2025-05-20,0050,BUY,11,180.99045,1990.89495,1.70221518225
2025-05-28,2025-05-27,2880,BUY,1442,27.163574999999998,39169.87515,33.49024325325
2025-05-28,2025-05-27,2886,BUY,974,40.12005,39076.9287,33.410774038499994
2025-05-28,2025-05-27,2892,BUY,1429,27.263624999999998,38959.720125,33.310560706875
2025-05-28,2025-05-27,5880,BUY,1590,24.562275,39054.01725,33.39118474875
2025-05-28,2025-05-27,2412,SELL,75,131.43425000000002,9857.568750000002,38.00092753125001
2025-05-28,2025-05-27,3045,SELL,86,115.94200000000001,9971.012,38.43825126
2025-05-28,2025-05-27,4904,SELL,113,88.65565000000001,10018.088450000001,38.619730974750006
2025-05-28,2025-05-27,0050,BUY,4,180.99045,723.9618,0.618987339
2025-06-05,2025-06-04,2880,BUY,1576,26.6133,41942.5608,35.860889484
2025-06-05,2025-06-04,2886,BUY,1052,39.519749999999995,41574.776999999995,35.546434334999994
2025-06-05,2025-06-04,2892,BUY,1564,26.813399999999998,41936.1576,35.855414747999994
2025-06-05,2025-06-04,5880,BUY,1729,24.162074999999998,41776.227674999995,35.718674662125
2025-06-05,2025-06-04,2412,SELL,284,129.43525,36759.611,141.708300405
2025-06-05,2025-06-04,3045,SELL,327,112.44375000000001,36769.106250000004,141.74490459375002
2025-06-05,2025-06-04,4904,SELL,436,84.85755,36997.891800000005,142.62687288900003
2025-06-05,2025-06-04,0050,BUY,329,182.09099999999998,59907.93899999999,51.22128784499999
2025-06-06,2025-06-05,2880,BUY,722,26.363175,19034.212349999998,16.274251559249997
2025-06-06,2025-06-05,2886,BUY,479,39.969975,19145.618025,16.369503411375
2025-06-06,2025-06-05,2892,BUY,699,27.163574999999998,18987.338925,16.234174780874998
2025-06-06,2025-06-05,5880,BUY,791,24.262124999999997,19191.340874999998,16.408596448124996
2025-06-06,2025-06-05,2412,SELL,389,130.43475,50739.117750000005,195.59929892625001
2025-06-06,2025-06-05,3045,SELL,444,113.94300000000001,50590.692,195.02711766000002
2025-06-06,2025-06-05,4904,SELL,589,85.5572,50393.1908,194.26575053399998
2025-06-06,2025-06-05,0050,BUY,491,181.99095,89357.55645,76.40071076475
2025-06-09,2025-06-06,2880,BUY,225,26.6133,5987.992499999999,5.119733587499999
2025-06-09,2025-06-06,2886,BUY,147,40.2201,5912.3547,5.0550632685
2025-06-09,2025-06-06,2892,BUY,216,27.6138,5964.580800000001,5.099716584
2025-06-09,2025-06-06,5880,BUY,244,24.4122,5956.5768,5.092873163999999
2025-06-09,2025-06-06,2412,SELL,321,129.935,41709.135,160.788715425
2025-06-09,2025-06-06,3045,SELL,365,114.44275,41771.60375,161.02953245625
2025-06-09,2025-06-06,4904,SELL,484,86.65665000000001,41941.818600000006,161.685710703
2025-06-09,2025-06-06,0050,BUY,476,183.4917,87342.04920000001,74.677452066
2025-06-10,2025-06-09,2880,SELL,218,26.536725,5785.00605,22.30119832275
2025-06-10,2025-06-09,2886,SELL,143,39.880050000000004,5702.8471500000005,21.98447576325
2025-06-10,2025-06-09,2892,SELL,208,27.636175,5748.3244,22.159790562
2025-06-10,2025-06-09,5880,SELL,236,24.437775000000002,5767.3149,22.2329989395
2025-06-10,2025-06-09,2412,SELL,264,131.934,34830.576,134.27187048
2025-06-10,2025-06-09,3045,SELL,305,114.94250000000001,35057.4625,135.1465179375
2025-06-10,2025-06-09,4904,SELL,403,86.65665000000001,34922.62995,134.62673845725
2025-06-10,2025-06-09,0050,BUY,753,184.99245,139299.31485,119.10091419675
2025-06-18,2025-06-10,2880,BUY,816,26.763375,21838.914,18.67227147
2025-06-18,2025-06-10,2886,BUY,543,40.72035,22111.15005,18.905033292749998
2025-06-18,2025-06-10,2892,BUY,781,28.314149999999998,22113.35115,18.906915233249997
2025-06-18,2025-06-10,5880,BUY,895,24.8124,22207.098,18.987068790000002
2025-06-18,2025-06-10,2412,SELL,876,135.93200000000002,119076.43200000002,459.03964536000007
2025-06-18,2025-06-10,3045,SELL,1008,116.44175000000001,117373.28400000001,452.47400982000005
2025-06-18,2025-06-10,4904,SELL,1323,90.15490000000001,119274.93270000002,459.80486555850007
2025-06-18,2025-06-10,0050,BUY,1085,47.52375,51563.26875,44.08659478125
2025-06-19,2025-06-18,2880,BUY,279,26.51325,7397.19675,6.324603221249999
2025-06-19,2025-06-18,2886,BUY,181,40.52025,7334.165249999999,6.270711288749999
2025-06-19,2025-06-18,2892,BUY,259,28.364175,7346.321325,6.281104732875
2025-06-19,2025-06-18,5880,BUY,298,24.712349999999997,7364.280299999999,6.296459656499999
2025-06-19,2025-06-18,2412,SELL,853,135.93200000000002,115949.99600000001,446.98723458000006
2025-06-19,2025-06-18,3045,SELL,986,117.44125000000001,115797.07250000001,446.3977144875
2025-06-19,2025-06-18,4904,SELL,1268,91.35430000000001,115837.25240000001,446.55260800200006
2025-06-19,2025-06-18,0050,BUY,11212,47.52375,532836.285,455.575023675
2025-06-20,2025-06-19,2880,SELL,989,26.436775,26145.970475000002,100.792716181125
2025-06-20,2025-06-19,2886,SELL,648,40.47975,26230.878,101.12003469
2025-06-20,2025-06-19,2892,SELL,915,28.485750000000003,26064.461250000004,100.47849811875001
2025-06-20,2025-06-19,5880,SELL,1068,24.5877,26259.663600000003,101.23100317800001
2025-06-20,2025-06-19,2412,BUY,321,136.06799999999998,43677.827999999994,37.34454294
2025-06-20,2025-06-19,3045,BUY,373,117.55874999999999,43849.41374999999,37.491248756249995
2025-06-20,2025-06-19,4904,BUY,477,91.2456,43524.1512,37.213149275999996
2025-06-20,2025-06-19,0050,BUY,1915,47.12355,90241.59825000001,77.15656650375
2025-06-23,2025-06-20,2880,SELL,1137,26.136925,29717.683725000003,114.56167075987501
2025-06-23,2025-06-20,2886,SELL,740,40.129925,29696.1445,114.47863704749999
2025-06-23,2025-06-20,2892,SELL,1049,28.035975,29409.737775,113.37453912262501
2025-06-23,2025-06-20,5880,SELL,1221,24.287850000000002,29655.464850000004,114.32181699675002
2025-06-23,2025-06-20,2412,BUY,512,136.06799999999998,69666.81599999999,59.56512767999999
2025-06-23,2025-06-20,3045,BUY,594,117.55874999999999,69829.89749999999,59.70456236249999
2025-06-23,2025-06-20,4904,BUY,761,91.14554999999999,69361.76354999999,59.304307835249986
2025-06-23,2025-06-20,0050,SELL,118,46.51673,5488.97414,10.1820470297
2025-06-24,2025-06-23,2880,SELL,902,26.336825000000005,23755.816150000002,91.57867125825001
2025-06-24,2025-06-23,2886,SELL,586,40.7796,23896.8456,92.122339788
2025-06-24,2025-06-23,2892,SELL,838,28.285850000000003,23703.542300000005,91.37715556650002
2025-06-24,2025-06-23,5880,SELL,971,24.437775000000002,23729.079525,91.475601568875
2025-06-24,2025-06-23,2412,BUY,480,136.56825,65552.76000000001,56.047609800000004
2025-06-24,2025-06-23,3045,BUY,562,117.0585,65786.877,56.24777983499999
2025-06-24,2025-06-23,4904,BUY,716,91.74585,65690.0286,56.164974453
2025-06-24,2025-06-23,0050,SELL,786,47.27635,37159.2111,68.93033659049999
2025-06-26,2025-06-25,2880,BUY,1276,27.11355,34596.8898,29.580340778999997
2025-06-26,2025-06-25,2886,BUY,841,41.12055,34582.38255,29.56793708025
2025-06-26,2025-06-25,2892,BUY,1204,28.6143,34451.6172,29.456132705999998
2025-06-26,2025-06-25,5880,BUY,1386,24.862425,34459.321050000006,29.462719497750005
2025-06-26,2025-06-25,2412,SELL,731,136.43175,99731.60925,384.46535365874996
2025-06-26,2025-06-25,3045,SELL,863,115.44225,99626.66175,384.06078104625
2025-06-26,2025-06-25,4904,SELL,1125,88.9555,100074.9375,385.7888840625
2025-06-26,2025-06-25,0050,BUY,3683,48.324149999999996,177977.84444999998,152.17105700474997
2025-06-27,2025-06-26,2880,BUY,1110,27.263624999999998,30262.62375,25.874543306249997
2025-06-27,2025-06-26,2886,BUY,737,40.82039999999999,30084.634799999993,25.72236275399999
2025-06-27,2025-06-26,2892,BUY,1056,28.414199999999997,30005.3952,25.654612896
2025-06-27,2025-06-26,5880,BUY,1213,24.762375,30036.760875,25.681430548125
2025-06-27,2025-06-26,2412,SELL,715,136.43175,97548.70125,376.05024331875
2025-06-27,2025-06-26,3045,SELL,860,114.44275,98420.765,379.41204907499997
2025-06-27,2025-06-26,4904,SELL,1110,88.9555,98740.605,380.64503227499995
2025-06-27,2025-06-26,0050,BUY,2672,48.344159999999995,129175.59551999999,110.44513416959998
2025-06-30,2025-06-27,2880,BUY,865,27.463724999999997,23756.122124999998,20.311484416874997
2025-06-30,2025-06-27,2886,BUY,578,40.72035,23536.3623,20.1235897665
2025-06-30,2025-06-27,2892,BUY,823,28.714349999999996,23631.910049999995,20.205283092749994
2025-06-30,2025-06-27,5880,BUY,952,24.762375,23573.781,20.155582754999998
2025-06-30,2025-06-27,2412,SELL,607,136.43175,82814.07225,319.24824852374996
2025-06-30,2025-06-27,3045,SELL,714,114.44275,81712.1235,315.0002360925
2025-06-30,2025-06-27,4904,SELL,928,88.45575000000001,82086.936,316.44513828
2025-06-30,2025-06-27,0050,BUY,2036,48.39418499999999,98530.56065999999,84.24362936429999
2025-07-01,2025-06-30,2880,BUY,742,27.31365,20266.7283,17.3280526965
2025-07-01,2025-06-30,2886,BUY,491,40.82039999999999,20042.816399999996,17.136608021999997
2025-07-01,2025-06-30,2892,BUY,695,28.964474999999997,20130.310124999996,17.211415156874995
2025-07-01,2025-06-30,5880,BUY,815,24.562275,20018.254125,17.115607276875
2025-07-01,2025-06-30,2412,SELL,466,135.43225,63111.4285,243.2945568675
2025-07-01,2025-06-30,3045,SELL,547,115.94200000000001,63420.274000000005,244.48515627
2025-07-01,2025-06-30,4904,SELL,702,89.65515,62937.91530000001,242.62566348150003
2025-07-01,2025-06-30,0050,BUY,1505,48.40419,72848.30595,62.28530158724999
2025-07-02,2025-07-01,2880,BUY,478,27.463724999999997,13127.660549999999,11.224149770249998
2025-07-02,2025-07-01,2886,BUY,317,41.070524999999996,13019.356424999998,11.131549743374999
2025-07-02,2025-07-01,2892,BUY,451,29.014499999999998,13085.539499999999,11.1881362725
2025-07-02,2025-07-01,5880,BUY,532,24.662324999999996,13120.356899999997,11.217905149499996
2025-07-02,2025-07-01,2412,SELL,346,134.9325,46686.645000000004,179.977016475
2025-07-02,2025-07-01,3045,SELL,408,114.94250000000001,46896.54,180.7861617
2025-07-02,2025-07-01,4904,SELL,522,88.85555000000001,46382.597100000006,178.80491182050002
2025-07-02,2025-07-01,0050,BUY,1001,48.594285,48642.879285,41.589661788675
2025-07-03,2025-07-02,2880,BUY,1084,27.663824999999996,29987.586299999995,25.639386286499995
2025-07-03,2025-07-02,2886,BUY,721,41.820899999999995,30152.868899999998,25.780702909499997
2025-07-03,2025-07-02,2892,BUY,1030,29.064525,29936.46075,25.59567394125
2025-07-03,2025-07-02,5880,BUY,1208,24.762375,29912.948999999997,25.575571394999997
2025-07-03,2025-07-02,2412,SELL,262,129.935,34042.97,131.23564935
2025-07-03,2025-07-02,3045,SELL,307,114.44275,35133.924250000004,135.44127798375
2025-07-03,2025-07-02,4904,SELL,396,88.5557,35068.0572,135.187360506
2025-07-03,2025-07-02,0050,BUY,755,49.374674999999996,37277.879624999994,31.872587079374995
2025-07-29,2025-07-28,2880,BUY,928,28.6143,26554.0704,22.703730192
2025-07-29,2025-07-28,2886,BUY,618,42.6213,26339.9634,22.520668707
2025-07-29,2025-07-28,2892,BUY,892,29.664824999999997,26461.023899999997,22.624175434499996
2025-07-29,2025-07-28,5880,BUY,1041,25.412699999999997,26454.620699999996,22.618700698499996
2025-07-29,2025-07-28,2412,SELL,125,129.43525,16179.40625,62.37161109375
2025-07-29,2025-07-28,3045,SELL,153,105.947,16209.891,62.489129805
2025-07-29,2025-07-28,4904,SELL,200,81.85905000000001,16371.810000000001,63.11332755
2025-07-29,2025-07-28,0050,SELL,789,51.024475,40258.310775000005,74.67916648762501
2025-08-01,2025-07-31,2880,BUY,954,28.414199999999997,27107.1468,23.176610513999996
2025-08-01,2025-07-31,2886,BUY,643,42.4212,27276.831599999998,23.321691017999996
2025-08-01,2025-07-31,2892,BUY,925,29.51475,27301.14375,23.34247790625
2025-08-01,2025-07-31,5880,BUY,1078,25.162574999999997,27125.255849999998,23.192093751749997
2025-08-01,2025-07-31,2412,SELL,28,128.93550000000002,3610.1940000000004,13.91729787
2025-08-01,2025-07-31,3045,SELL,34,105.44725000000001,3585.2065000000002,13.820971057500001
2025-08-01,2025-07-31,4904,SELL,44,81.45925000000001,3584.2070000000003,13.817117985000001
2025-08-01,2025-07-31,0050,SELL,353,50.7746,17923.4338,33.247969698999995
2025-08-07,2025-08-06,2880,BUY,885,30.014999999999997,26563.274999999998,22.711600124999997
2025-08-07,2025-08-06,2886,BUY,614,41.2206,25309.448399999997,21.639578381999996
2025-08-07,2025-08-06,2892,BUY,859,29.064525,24966.426975,21.346295063624996
2025-08-07,2025-08-06,5880,BUY,1003,26.363175,26442.264525,22.608136168875
2025-08-07,2025-08-06,2412,SELL,115,132.43375,15229.88125,58.71119221875
2025-08-07,2025-08-06,3045,SELL,143,106.9465,15293.3495,58.955862322499996
2025-08-07,2025-08-06,4904,SELL,184,83.25835000000001,15319.5364,59.056812822000005
2025-08-07,2025-08-06,0050,SELL,194,51.624175,10015.08995,18.577991857249998
2025-08-08,2025-08-07,2880,BUY,1099,29.464724999999998,32381.732774999997,27.686381522624995
2025-08-08,2025-08-07,2886,BUY,797,40.6203,32374.379100000002,27.6800941305
2025-08-08,2025-08-07,2892,BUY,1141,28.364175,32363.523675,27.670812742124998
2025-08-08,2025-08-07,5880,BUY,1233,26.11305,32197.39065,27.52876900575
2025-08-08,2025-08-07,2412,SELL,32,132.43375,4237.88,16.3370274
2025-08-08,2025-08-07,3045,SELL,40,106.9465,4277.86,16.491150299999997
2025-08-08,2025-08-07,4904,SELL,51,83.1584,4241.0784,16.349357232000003
2025-08-08,2025-08-07,0050,SELL,671,52.523725,35243.419475,65.376543126125
2025-08-14,2025-08-13,2880,BUY,1665,27.863925,46393.435124999996,39.666387031875
2025-08-14,2025-08-13,2886,BUY,1101,42.021,46265.121,39.556678455
2025-08-14,2025-08-13,2892,BUY,1604,28.864425,46298.5377,39.5852497335
2025-08-14,2025-08-13,5880,BUY,1878,24.562275,46127.95245,39.439399344749994
2025-08-14,2025-08-13,2412,SELL,11,134.43275,1478.76025,5.70062076375
2025-08-14,2025-08-13,3045,SELL,13,106.9465,1390.3045,5.3596238475
2025-08-14,2025-08-13,4904,SELL,17,84.7576,1440.8791999999999,5.5545893159999995
2025-08-14,2025-08-13,0050,SELL,354,53.17340000000001,18823.3836,34.917376578
2025-08-21,2025-08-20,2880,BUY,1213,28.264125,34284.383625,29.313147999375
2025-08-21,2025-08-20,2886,BUY,817,42.12105,34412.897849999994,29.423027661749995
2025-08-21,2025-08-20,2892,BUY,1171,29.214599999999997,34210.296599999994,29.249803592999992
2025-08-21,2025-08-20,5880,BUY,1402,24.512249999999998,34366.174499999994,29.383079197499992
2025-08-21,2025-08-20,2412,BUY,118,137.0685,16174.083,13.828840965
2025-08-21,2025-08-20,3045,BUY,149,109.05449999999999,16249.120499999999,13.8929980275
2025-08-21,2025-08-20,4904,BUY,188,85.74285,16119.6558,13.782305709
2025-08-21,2025-08-20,0050,SELL,1668,51.724125,86275.8405,160.0416841275
2025-08-22,2025-08-21,2880,BUY,595,28.11405,16727.85975,14.302320086249999
2025-08-22,2025-08-21,2886,BUY,403,41.4207,16692.5421,14.272123495499999
2025-08-22,2025-08-21,2892,BUY,575,29.11455,16740.86625,14.313440643749999
2025-08-22,2025-08-21,5880,BUY,685,24.4122,16722.357,14.297615234999999
2025-08-22,2025-08-21,2412,BUY,135,137.56875,18571.78125,15.878872968749999
2025-08-22,2025-08-21,3045,BUY,171,108.55425,18562.77675,15.87117412125
2025-08-22,2025-08-21,4904,BUY,216,85.74285,18520.4556,15.834989538
2025-08-22,2025-08-21,0050,SELL,2099,52.023975,109198.323525,202.562890138875
2025-09-04,2025-09-03,2880,BUY,945,29.014499999999998,27418.7025,23.4429906375
2025-09-04,2025-09-03,2886,BUY,671,41.12055,27591.88905,23.59106513775
2025-09-04,2025-09-03,2892,BUY,953,28.964474999999997,27603.144674999996,23.600688697124994
2025-09-04,2025-09-03,5880,BUY,1150,24.012,27613.8,23.609799
2025-09-04,2025-09-03,2412,SELL,29,134.9325,3913.0425,15.0847788375
2025-09-04,2025-09-03,3045,SELL,36,106.44675000000001,3832.0830000000005,14.772679965000002
2025-09-04,2025-09-03,4904,SELL,46,84.35780000000001,3880.4588000000003,14.959168674
2025-09-04,2025-09-03,0050,BUY,877,52.576274999999995,46109.393175,39.423531164625
2025-09-05,2025-09-04,2880,BUY,1088,29.11455,31676.630400000002,27.083518992000002
2025-09-05,2025-09-04,2886,BUY,770,41.12055,31662.823500000002,27.071714092500002
2025-09-05,2025-09-04,2892,BUY,1079,29.364675,31684.484324999998,27.090234097874998
2025-09-05,2025-09-04,5880,BUY,1317,24.162074999999998,31821.452774999998,27.207342122624997
2025-09-05,2025-09-04,2412,SELL,84,134.9325,11334.33,43.69384215
2025-09-05,2025-09-04,3045,SELL,107,106.44675000000001,11389.80225,43.907687673750004
2025-09-05,2025-09-04,4904,SELL,135,84.65765,11428.78275,44.05795750125
2025-09-05,2025-09-04,0050,SELL,1689,52.67365000000001,88965.79485000002,165.03154944675003
2025-09-12,2025-09-11,2880,BUY,910,29.71485,27040.513499999997,23.119639042499998
2025-09-12,2025-09-11,2886,BUY,647,41.52075,26863.92525,22.96865608875
2025-09-12,2025-09-11,2892,BUY,904,29.764875,26907.447,23.005867185
2025-09-12,2025-09-11,5880,BUY,1102,24.362175,26847.116850000002,22.95428490675
2025-09-12,2025-09-11,2412,SELL,4,135.43225,541.729,2.088365295
2025-09-12,2025-09-11,3045,SELL,6,106.9465,641.679,2.473672545
2025-09-12,2025-09-11,4904,SELL,7,84.35780000000001,590.5046000000001,2.276395233
2025-09-12,2025-09-11,0050,SELL,1067,55.722125000000005,59455.50737500001,110.28996618062502
2025-09-25,2025-09-24,2880,BUY,1236,29.414699999999996,36356.5692,31.084866665999996
2025-09-25,2025-09-24,2886,BUY,865,42.07102499999999,36391.436624999995,31.114678314374995
2025-09-25,2025-09-24,2892,BUY,1216,30.014999999999997,36498.24,31.205995199999997
2025-09-25,2025-09-24,5880,BUY,1490,24.462224999999997,36448.715249999994,31.163651538749992
2025-09-25,2025-09-24,2412,SELL,101,134.43275,13577.70775,52.342063376249996
2025-09-25,2025-09-24,3045,SELL,127,106.9465,13582.2055,52.3594022025
2025-09-25,2025-09-24,4904,SELL,157,86.45675,13573.70975,52.326651086249996
2025-09-25,2025-09-24,0050,BUY,391,58.379175,22826.257425,19.516450098375
2025-10-07,2025-10-03,2880,BUY,1027,28.91445,29695.14015,25.38934482825
2025-10-07,2025-10-03,2886,BUY,715,41.570775,29723.104124999998,25.413254026875
2025-10-07,2025-10-03,2892,BUY,1015,29.214599999999997,29652.818999999996,25.353160244999994
2025-10-07,2025-10-03,5880,BUY,1228,24.262124999999997,29793.889499999997,25.473775522499995
2025-10-07,2025-10-03,2412,SELL,34,132.9335,4519.7390000000005,17.423593845000003
2025-10-07,2025-10-03,3045,SELL,41,108.44575,4446.27575,17.14039301625
2025-10-07,2025-10-03,4904,SELL,51,89.05545,4541.82795,17.50874674725
2025-10-07,2025-10-03,0050,SELL,322,60.969500000000004,19632.179,36.417692044999995
2025-10-14,2025-10-13,2880,BUY,893,29.464724999999998,26311.999424999998,22.496759508374996
2025-10-14,2025-10-13,2886,BUY,627,41.52075,26033.51025,22.25865126375
2025-10-14,2025-10-13,2892,BUY,899,29.014499999999998,26084.035499999998,22.301850352499997
2025-10-14,2025-10-13,5880,BUY,1096,23.861925,26152.6698,22.360532679
2025-10-14,2025-10-13,2412,SELL,18,131.934,2374.812,9.15490026
2025-10-14,2025-10-13,3045,SELL,21,109.94500000000001,2308.8450000000003,8.900597475000001
2025-10-14,2025-10-13,4904,SELL,26,91.05445,2367.4157,9.1263875235
2025-10-14,2025-10-13,0050,SELL,341,61.819075000000005,21080.304575000002,39.103964986625
2025-10-29,2025-10-28,2880,BUY,943,29.464724999999998,27785.235674999996,23.756376502124997
2025-10-29,2025-10-28,2886,BUY,678,40.970475,27777.98205,23.750174652749998
2025-10-29,2025-10-28,2892,BUY,971,28.664324999999998,27833.059575,23.797265936625
2025-10-29,2025-10-28,5880,BUY,1160,23.961975,27795.891,23.765486805
2025-10-29,2025-10-28,2412,SELL,57,131.934,7520.238,28.990517490000002
2025-10-29,2025-10-28,3045,SELL,67,111.44425000000001,7466.76475,28.78437811125
2025-10-29,2025-10-28,4904,SELL,81,93.25335,7553.52135,29.11882480425
2025-10-29,2025-10-28,0050,BUY,515,63.73185,32821.90275,28.062726851249998
2025-11-12,2025-11-11,2880,BUY,926,30.014999999999997,27793.889999999996,23.763775949999996
2025-11-12,2025-11-11,2886,BUY,686,40.52025,27796.891499999998,23.766342232499998
2025-11-12,2025-11-11,2892,BUY,970,28.6143,27755.871,23.731269705
2025-11-12,2025-11-11,5880,BUY,1150,24.162074999999998,27786.386249999996,23.757360243749996
2025-11-12,2025-11-11,2412,SELL,15,132.43375,1986.5062500000001,7.657981593750001
2025-11-12,2025-11-11,3045,SELL,19,110.44475,2098.45025,8.08952571375
2025-11-12,2025-11-11,4904,SELL,22,94.1529,2071.3638,7.985107449
2025-11-12,2025-11-11,0050,BUY,212,62.981474999999996,13352.072699999999,11.416022158499999
2025-11-20,2025-11-19,2880,BUY,1046,28.6143,29930.5578,25.590626918999998
2025-11-20,2025-11-19,2886,BUY,761,39.2196,29846.1156,25.518428838
2025-11-20,2025-11-19,2892,BUY,1064,28.014,29806.896,25.48489608
2025-11-20,2025-11-19,5880,BUY,1246,23.911949999999997,29794.289699999998,25.4741176935
2025-11-20,2025-11-19,2412,BUY,293,131.56574999999998,38548.764749999995,32.95919386124999
2025-11-20,2025-11-19,3045,BUY,359,107.0535,38432.2065,32.8595365575
2025-11-20,2025-11-19,4904,BUY,416,92.54625,38499.24,32.9168502
2025-11-20,2025-11-19,0050,SELL,2514,61.519225,154659.33165,286.89306021075
2025-11-26,2025-11-25,2880,BUY,1118,29.164574999999996,32605.994849999995,27.878125596749996
2025-11-26,2025-11-25,2886,BUY,820,40.019999999999996,32816.399999999994,28.058021999999994
2025-11-26,2025-11-25,2892,BUY,1150,28.414199999999997,32676.329999999998,27.938262149999996
2025-11-26,2025-11-25,5880,BUY,1360,23.961975,32588.286,27.86298453
2025-11-26,2025-11-25,2412,BUY,27,131.0655,3538.7684999999997,3.0256470674999996
2025-11-26,2025-11-25,3045,BUY,33,108.55425,3582.29025,3.06285816375
2025-11-26,2025-11-25,4904,BUY,40,89.4447,3577.788,3.05900874
2025-11-26,2025-11-25,0050,SELL,1661,61.06945,101436.35645,188.16444121475
2025-12-02,2025-12-01,2880,BUY,930,29.51475,27448.7175,23.468653462499997
2025-12-02,2025-12-01,2886,BUY,679,40.12005,27241.51395,23.29149442725
2025-12-02,2025-12-01,2892,BUY,999,27.31365,27286.336349999998,23.329817579249998
2025-12-02,2025-12-01,5880,BUY,1151,23.811899999999998,27407.4969,23.4334098495
2025-12-02,2025-12-01,2412,SELL,103,129.935,13383.305,51.592640775
2025-12-02,2025-12-01,3045,SELL,126,107.44625,13538.2275,52.1898670125
2025-12-02,2025-12-01,4904,SELL,152,88.9555,13521.236,52.12436478
2025-12-02,2025-12-01,0050,SELL,1158,61.7691,71528.6178,132.685586019
2025-12-31,2025-12-30,2880,BUY,498,31.6158,15744.6684,13.461691481999999
2025-12-31,2025-12-30,2886,BUY,392,40.270125,15785.889,13.496935095
2025-12-31,2025-12-30,2892,BUY,529,29.914949999999997,15825.008549999999,13.530382310249998
2025-12-31,2025-12-30,5880,BUY,645,24.462224999999997,15778.135124999997,13.490305531874997
2025-12-31,2025-12-30,2412,SELL,175,131.43425000000002,23000.993750000005,88.66883090625002
2025-12-31,2025-12-30,3045,SELL,207,109.94500000000001,22758.615,87.734460825
2025-12-31,2025-12-30,4904,SELL,257,89.15540000000001,22912.937800000003,88.32937521900001
2025-12-31,2025-12-30,0050,BUY,1933,65.13255,125901.21914999999,107.64554237324998
2026-01-21,2026-01-20,2880,BUY,874,33.11655,28943.8647,24.747004318499997
2026-01-21,2026-01-20,2886,BUY,722,40.019999999999996,28894.44,24.7047462
2026-01-21,2026-01-20,2892,BUY,980,29.31465,28728.357,24.562745234999998
2026-01-21,2026-01-20,5880,BUY,1211,23.861925,28896.791175,24.706756454624998
2026-01-21,2026-01-20,2412,SELL,87,133.43325000000002,11608.692750000002,44.75151055125001
2026-01-21,2026-01-20,3045,SELL,108,107.94600000000001,11658.168000000001,44.94223764
2026-01-21,2026-01-20,4904,SELL,129,89.955,11604.195,44.734171724999996
2026-01-21,2026-01-20,0050,BUY,447,71.8359,32110.647299999997,27.454603441499998
2026-02-04,2026-02-03,2880,BUY,828,33.11655,27420.503399999998,23.444530407
2026-02-04,2026-02-03,2886,BUY,705,39.11955,27579.28275,23.580286751249997
2026-02-04,2026-02-03,2892,BUY,947,28.964474999999997,27429.357824999996,23.452100940374994
2026-02-04,2026-02-03,5880,BUY,1167,23.561775,27496.591425000002,23.509585668375
2026-02-04,2026-02-03,2412,SELL,25,133.43325000000002,3335.83125,12.85962946875
2026-02-04,2026-02-03,3045,SELL,32,104.9475,3358.32,12.9463236
2026-02-04,2026-02-03,4904,SELL,37,90.15490000000001,3335.7313000000004,12.859244161500001
2026-02-04,2026-02-03,0050,SELL,42,72.36380000000001,3039.2796000000003,5.6378636580000006
2026-03-09,2026-03-06,2880,BUY,136,32.566275,4429.0134,3.7868064569999995
2026-03-09,2026-03-06,2886,BUY,122,37.868925,4620.008849999999,3.9501075667499994
2026-03-09,2026-03-06,2892,BUY,163,28.064025,4574.4360750000005,3.9111428441250005
2026-03-09,2026-03-06,5880,BUY,205,23.011499999999998,4717.357499999999,4.033340662499999
2026-03-09,2026-03-06,2412,BUY,469,134.56725,63112.04025,53.960794413749994
2026-03-09,2026-03-06,3045,BUY,593,106.55324999999999,63186.077249999995,54.024096048749996
2026-03-09,2026-03-06,4904,BUY,688,90.14504999999998,62019.79439999999,53.02692421199999
2026-03-09,2026-03-06,0050,SELL,1619,73.113425,118370.63507500001,219.577528064125
2026-03-10,2026-03-09,2880,BUY,24,35.817899999999995,859.6295999999999,0.7349833079999999
2026-03-10,2026-03-09,2886,BUY,21,39.519749999999995,829.9147499999999,0.7095771112499999
2026-03-10,2026-03-09,2892,BUY,28,29.364675,822.2108999999999,0.7029903194999999
2026-03-10,2026-03-09,5880,BUY,36,23.211599999999997,835.6175999999999,0.7144530479999999
2026-03-10,2026-03-09,2412,BUY,459,137.0685,62914.4415,53.791847482499996
2026-03-10,2026-03-09,3045,BUY,581,108.05399999999999,62779.373999999996,53.67636476999999
2026-03-10,2026-03-09,4904,BUY,683,92.74634999999999,63345.75704999999,54.160622277749994
2026-03-10,2026-03-09,0050,SELL,2245,75.86205000000001,170310.30225000004,315.92561067375004
2026-03-12,2026-03-11,2880,SELL,3058,34.232875,104684.13175,403.55732789625
2026-03-12,2026-03-11,2886,SELL,2661,38.88055,103461.14355,398.84270838525
2026-03-12,2026-03-11,2892,SELL,3587,28.88555,103612.46785,399.42606356174997
2026-03-12,2026-03-11,5880,SELL,4488,23.238375,104293.827,402.052703085
2026-03-12,2026-03-11,2412,BUY,1276,135.0675,172346.13,147.35594115
2026-03-12,2026-03-11,3045,BUY,1631,106.053,172972.443,147.891438765
2026-03-12,2026-03-11,4904,BUY,1887,90.74535,171236.47545,146.40718650975
2026-03-12,2026-03-11,0050,SELL,741,77.06145,57102.53444999999,105.92520140474998
2026-03-13,2026-03-12,2880,SELL,3271,33.7831,110504.5201,425.99492498549995
2026-03-13,2026-03-12,2886,SELL,2853,38.730625,110498.473125,425.971613896875
2026-03-13,2026-03-12,2892,SELL,3838,28.785600000000002,110479.1328,425.89705694400004
2026-03-13,2026-03-12,5880,SELL,4793,23.038475000000002,110423.410675,425.682248152125
2026-03-13,2026-03-12,2412,BUY,1169,136.06799999999998,159063.49199999997,135.99928565999997
2026-03-13,2026-03-12,3045,BUY,1499,106.053,158973.447,135.922297185
2026-03-13,2026-03-12,4904,BUY,1724,91.2456,157307.41439999998,134.49783931199997
2026-03-13,2026-03-12,0050,BUY,37,75.187575,2781.940275,2.378558935125
2026-03-16,2026-03-13,2880,SELL,2782,33.7831,93984.5842,362.310572091
2026-03-16,2026-03-13,2886,SELL,2430,38.9805,94722.615,365.155680825
2026-03-16,2026-03-13,2892,SELL,3258,28.835575000000002,93946.30335,362.16299941425
2026-03-16,2026-03-13,5880,SELL,4094,23.138425,94728.71195000001,365.17918456725005
2026-03-16,2026-03-13,2412,BUY,976,136.56825,133290.612,113.96347325999999
2026-03-16,2026-03-13,3045,BUY,1246,107.0535,133388.661,114.04730515499999
2026-03-16,2026-03-13,4904,BUY,1446,92.04599999999999,133098.516,113.79923117999999
2026-03-16,2026-03-13,0050,BUY,82,76.33815,6259.7283,5.3520676965
2026-03-17,2026-03-16,2880,SELL,2033,33.683150000000005,68477.84395000001,263.98208842725
2026-03-17,2026-03-16,2886,SELL,1746,39.3803,68758.00379999999,265.06210464899993
2026-03-17,2026-03-16,2892,SELL,2361,29.08545,68670.74745000001,264.72573141975005
2026-03-17,2026-03-16,5880,SELL,2955,23.038475000000002,68078.693625,262.443363924375
2026-03-17,2026-03-16,2412,BUY,756,137.0685,103623.78600000001,88.59833703
2026-03-17,2026-03-16,3045,BUY,955,108.55425,103669.30875,88.63725898125
2026-03-17,2026-03-16,4904,BUY,1103,92.94645,102519.93435,87.65454386924999
2026-03-17,2026-03-16,0050,SELL,243,76.411775,18568.061325000002,34.443753757875
2026-03-18,2026-03-17,2880,SELL,1509,33.583200000000005,50677.048800000004,195.360023124
2026-03-18,2026-03-17,2886,SELL,1281,39.580200000000005,50702.23620000001,195.45712055100003
2026-03-18,2026-03-17,2892,SELL,1733,29.335325000000005,50838.118225000006,195.98094575737503
2026-03-18,2026-03-17,5880,SELL,2173,23.238375,50496.988875,194.665892113125
2026-03-18,2026-03-17,2412,BUY,587,137.56875,80752.85625,69.04369209375
2026-03-18,2026-03-17,3045,BUY,735,109.55475,80522.74124999999,68.84694376875
2026-03-18,2026-03-17,4904,BUY,864,94.047,81256.608,69.47439983999999
2026-03-18,2026-03-17,0050,SELL,133,77.71112500000001,10335.579625000002,19.172500204375
2026-03-19,2026-03-18,2880,SELL,1165,33.533225,39066.207125,150.600228466875
2026-03-19,2026-03-18,2886,SELL,990,39.030475,38640.17025,148.95785631375
2026-03-19,2026-03-18,2892,SELL,1344,28.935525000000002,38889.3456,149.918427288
2026-03-19,2026-03-18,5880,SELL,1677,23.08845,38719.33065,149.26301965575
2026-03-19,2026-03-18,2412,BUY,417,137.0685,57157.5645,48.869717647499996
2026-03-19,2026-03-18,3045,BUY,521,109.55475,57078.02475,48.80171116125
2026-03-19,2026-03-18,4904,BUY,610,93.54674999999999,57063.517499999994,48.78930746249999
2026-03-19,2026-03-18,0050,SELL,27,76.5617,2067.1659,3.8345927444999997
2026-03-20,2026-03-19,2880,SELL,931,32.9835,30707.6385,118.3779464175
2026-03-20,2026-03-19,2886,SELL,796,39.130425,31147.818300000003,120.0748395465
2026-03-20,2026-03-19,2892,SELL,1085,28.485750000000003,30907.038750000003,119.14663438125001
2026-03-20,2026-03-19,5880,SELL,1352,22.88855,30945.3196,119.294207058
2026-03-20,2026-03-19,2412,BUY,357,136.06799999999998,48576.27599999999,41.53271597999999
2026-03-20,2026-03-19,3045,BUY,442,109.05449999999999,48202.08899999999,41.21278609499999
2026-03-20,2026-03-19,4904,BUY,522,92.54625,48309.1425,41.3043168375
2026-03-20,2026-03-19,0050,SELL,129,76.1619,9824.8851,18.2251618605
2026-03-23,2026-03-20,2880,SELL,570,32.433775000000004,18487.251750000003,71.26835549625001
2026-03-23,2026-03-20,2886,SELL,493,38.18090000000001,18823.183700000005,72.56337316350002
2026-03-23,2026-03-20,2892,SELL,665,28.285850000000003,18810.09025,72.51289791375001
2026-03-23,2026-03-20,5880,SELL,833,22.788600000000002,18982.903800000004,73.17909414900001
2026-03-23,2026-03-20,2412,BUY,313,133.0665,41649.8145,35.6105913975
2026-03-23,2026-03-20,3045,BUY,384,108.05399999999999,41492.736,35.476289279999996
2026-03-23,2026-03-20,4904,BUY,445,92.2461,41049.5145,35.0973348975
2026-03-23,2026-03-20,0050,SELL,589,73.46325,43269.854250000004,80.26557963375001
2026-03-26,2026-03-25,2880,SELL,173,33.983000000000004,5879.059000000001,22.663772445000003
2026-03-26,2026-03-25,2886,SELL,151,39.3803,5946.4253,22.9234695315
2026-03-26,2026-03-25,2892,SELL,206,28.835575000000002,5940.12845,22.89919517475
2026-03-26,2026-03-25,5880,SELL,254,23.438275,5953.32185,22.950055731750002
2026-03-26,2026-03-25,2412,BUY,289,135.56775,39179.07975,33.498113186249995
2026-03-26,2026-03-25,3045,BUY,358,109.55475,39220.6005,33.5336134275
2026-03-26,2026-03-25,4904,BUY,415,93.84689999999999,38946.4635,33.299226292499995
2026-03-26,2026-03-25,0050,SELL,1076,76.26185,82057.7506,152.217127363
2026-04-01,2026-03-31,2880,SELL,739,33.28335,24596.39565,94.81910523075
2026-04-01,2026-03-31,2886,SELL,638,38.930525,24837.67495,95.74923693225
2026-04-01,2026-03-31,2892,SELL,871,28.435775,24767.560025,95.478943896375
2026-04-01,2026-03-31,5880,SELL,1047,23.68815,24801.49305,95.60975570775
2026-04-01,2026-03-31,2412,BUY,264,134.06699999999998,35393.687999999995,30.261603239999996
2026-04-01,2026-03-31,3045,BUY,322,109.05449999999999,35115.549,30.023794395
2026-04-01,2026-03-31,4904,BUY,382,92.84639999999999,35467.324799999995,30.324562703999995
2026-04-01,2026-03-31,0050,SELL,2213,74.9625,165892.0125,307.72968318750003
2026-04-13,2026-04-10,2880,BUY,2074,34.11705,70758.7617,60.4987412535
2026-04-13,2026-04-10,2886,BUY,1775,39.869925,70769.116875,60.507594928125
2026-04-13,2026-04-10,2892,BUY,2473,28.6143,70763.1639,60.5025051345
2026-04-13,2026-04-10,5880,BUY,2966,23.861925,70774.46955,60.51217146524999
2026-04-13,2026-04-10,2412,SELL,1023,134.9325,138035.9475,532.1285776125001
2026-04-13,2026-04-10,3045,SELL,1260,109.94500000000001,138530.7,534.0358485
2026-04-13,2026-04-10,4904,SELL,1465,94.5527,138519.7055,533.9934647025
2026-04-13,2026-04-10,0050,BUY,996,80.6403,80317.73879999999,68.671666674
2026-04-14,2026-04-13,2880,BUY,2524,34.71735,87626.5914,74.920735647
2026-04-14,2026-04-13,2886,BUY,2184,39.769875,86857.40699999999,74.263082985
2026-04-14,2026-04-13,2892,BUY,3017,28.6143,86329.3431,73.81158835049999
2026-04-14,2026-04-13,5880,BUY,3591,24.062025,86406.731775,73.877755667625
2026-04-14,2026-04-13,2412,SELL,1158,134.9325,156251.835,602.350823925
2026-04-14,2026-04-13,3045,SELL,1416,109.94500000000001,155682.12000000002,600.1545726
2026-04-14,2026-04-13,4904,SELL,1651,95.952,158416.752,610.69657896
2026-04-14,2026-04-13,0050,BUY,1027,81.790875,83999.228625,71.819340474375
2026-04-15,2026-04-14,2880,BUY,2094,35.267624999999995,73850.40675,63.14209777124999
2026-04-15,2026-04-14,2886,BUY,1863,39.319649999999996,73252.50795,62.630894297249995
2026-04-15,2026-04-14,2892,BUY,2563,28.764374999999998,73723.093125,63.033244621875
2026-04-15,2026-04-14,5880,BUY,3067,24.012,73644.804,62.96630742
2026-04-15,2026-04-14,2412,SELL,971,134.9325,131019.4575,505.0800086625
2026-04-15,2026-04-14,3045,SELL,1192,109.94500000000001,131054.44,505.2148662
2026-04-15,2026-04-14,4904,SELL,1390,94.85255000000001,131845.04450000002,508.2626465475001
2026-04-15,2026-04-14,0050,BUY,722,84.14204999999998,60750.56009999999,51.94172888549999
2026-04-16,2026-04-15,2880,BUY,1646,36.2181,59614.9926,50.970818673
2026-04-16,2026-04-15,2886,BUY,1502,39.669824999999996,59584.07715,50.94438596324999
2026-04-16,2026-04-15,2892,BUY,2057,28.964474999999997,59579.92507499999,50.940835939124995
2026-04-16,2026-04-15,5880,BUY,2488,23.911949999999997,59492.931599999996,50.86645651799999
2026-04-16,2026-04-15,2412,SELL,796,135.93200000000002,108201.87200000002,417.11821656000006
2026-04-16,2026-04-15,3045,SELL,981,109.94500000000001,107856.04500000001,415.78505347500004
2026-04-16,2026-04-15,4904,SELL,1132,95.45225,108051.947,416.540255685
2026-04-16,2026-04-15,0050,BUY,602,84.79237499999999,51045.00975,43.64348333624999
2026-04-17,2026-04-16,2880,BUY,1549,35.967975,55714.393275,47.635806250125
2026-04-17,2026-04-16,2886,BUY,1394,40.019999999999996,55787.88,47.698637399999996
2026-04-17,2026-04-16,2892,BUY,1933,28.964474999999997,55988.330174999996,47.87002229962499
2026-04-17,2026-04-16,5880,BUY,2330,23.961975,55831.40175,47.73584849624999
2026-04-17,2026-04-16,2412,SELL,628,136.9315,85992.982,331.50294561
2026-04-17,2026-04-16,3045,SELL,780,109.94500000000001,85757.1,330.59362050000004
2026-04-17,2026-04-16,4904,SELL,896,96.25185,86241.6576,332.461590048
2026-04-17,2026-04-16,0050,BUY,416,84.2421,35044.713599999995,29.963230127999996
2026-04-20,2026-04-17,2880,BUY,1086,36.168074999999995,39278.529449999995,33.58314267975
2026-04-20,2026-04-17,2886,BUY,994,39.519749999999995,39282.631499999996,33.586649932499995
2026-04-20,2026-04-17,2892,BUY,1363,28.864425,39342.211275,33.637590640125
2026-04-20,2026-04-17,5880,BUY,1643,23.911949999999997,39287.333849999995,33.59067044174999
2026-04-20,2026-04-17,2412,SELL,480,137.43125,65967.0,254.302785
2026-04-20,2026-04-17,3045,SELL,586,112.44375000000001,65892.0375,254.0138045625
2026-04-20,2026-04-17,4904,SELL,677,96.7516,65500.8332,252.505711986
2026-04-20,2026-04-17,0050,BUY,364,84.59227499999999,30791.588099999994,26.326807825499994
2026-04-21,2026-04-20,2880,BUY,747,36.768375,27465.976124999997,23.483409586875
2026-04-21,2026-04-20,2886,BUY,674,39.8199,26838.612599999997,22.947013772999995
2026-04-21,2026-04-20,2892,BUY,928,29.014499999999998,26925.456,23.021264879999997
2026-04-21,2026-04-20,5880,BUY,1134,23.811899999999998,27002.6946,23.087303882999997
2026-04-21,2026-04-20,2412,SELL,326,137.43125,44802.5875,172.7139748125
2026-04-21,2026-04-20,3045,SELL,393,113.44325,44583.197250000005,171.86822539875
2026-04-21,2026-04-20,4904,SELL,455,98.45075,44795.09125,172.68507676874998
2026-04-21,2026-04-20,0050,BUY,207,85.54275,17707.34925,15.13978360875
2026-04-24,2026-04-23,2880,BUY,953,35.267624999999995,33610.046624999995,28.736589864374995
2026-04-24,2026-04-23,2886,BUY,844,39.8199,33607.995599999995,28.734836237999993
2026-04-24,2026-04-23,2892,BUY,1193,28.264125,33719.101125,28.829831461875
2026-04-24,2026-04-23,5880,BUY,1451,23.161574999999996,33607.44532499999,28.734365752874993
2026-04-24,2026-04-23,2412,SELL,265,135.93200000000002,36021.98,138.8647329
2026-04-24,2026-04-23,3045,SELL,322,111.944,36045.968,138.95720664
2026-04-24,2026-04-23,4904,SELL,376,95.952,36077.952,139.08050495999998
2026-04-24,2026-04-23,0050,SELL,40,87.5562,3502.248,6.49667004
2026-05-04,2026-04-30,2880,BUY,1005,31.8159,31974.979499999998,27.338607472499998
2026-05-04,2026-04-30,2886,BUY,824,39.6198,32646.7152,27.912941496
2026-05-04,2026-04-30,2892,BUY,1117,28.864425,32241.562725,27.566536129874997
2026-05-04,2026-04-30,5880,BUY,1404,23.011499999999998,32308.145999999997,27.623464829999996
2026-05-04,2026-04-30,2412,SELL,90,136.9315,12323.835,47.508383925
2026-05-04,2026-04-30,3045,SELL,110,111.44425000000001,12258.8675,47.2579342125
2026-05-04,2026-04-30,4904,SELL,130,95.25235,12382.8055,47.7357152025
2026-05-04,2026-04-30,0050,SELL,597,92.45375,55194.88875,102.38651863124998
2026-05-08,2026-05-07,2880,BUY,641,33.8169,21676.632899999997,18.533521129499995
2026-05-08,2026-05-07,2886,BUY,539,40.019999999999996,21570.78,18.4430169
2026-05-08,2026-05-07,2892,BUY,733,29.414699999999996,21560.975099999996,18.434633710499995
2026-05-08,2026-05-07,5880,BUY,929,23.11155,21470.629950000002,18.35738860725
2026-05-08,2026-05-07,2412,SELL,339,135.93200000000002,46080.948000000004,177.64205454
2026-05-08,2026-05-07,3045,SELL,418,109.94500000000001,45957.01,177.16427355
2026-05-08,2026-05-07,4904,SELL,482,95.45225,46007.984500000006,177.36078024750003
2026-05-08,2026-05-07,0050,BUY,503,97.39867499999998,48991.53352499999,41.88776116387499
2026-05-11,2026-05-08,2880,BUY,438,33.4167,14636.514599999999,12.514219982999998
2026-05-11,2026-05-08,2886,BUY,363,40.2201,14599.8963,12.482911336499999
2026-05-11,2026-05-08,2892,BUY,495,29.51475,14609.80125,12.49138006875
2026-05-11,2026-05-08,5880,BUY,633,23.161574999999996,14661.276974999997,12.535391813624997
2026-05-11,2026-05-08,2412,SELL,349,136.43175,47614.68075,183.55459429125
2026-05-11,2026-05-08,3045,SELL,434,109.94500000000001,47716.130000000005,183.94568115
2026-05-11,2026-05-08,4904,SELL,497,96.25185,47837.16945,184.41228822975
2026-05-11,2026-05-08,0050,BUY,1056,96.698325,102113.43119999999,87.30698367599999
2026-05-12,2026-05-11,2880,BUY,293,33.516749999999995,9820.407749999998,8.396448626249999
2026-05-12,2026-05-11,2886,BUY,243,40.12005,9749.17215,8.33554218825
2026-05-12,2026-05-11,2892,BUY,330,29.564774999999997,9756.37575,8.341701266249999
2026-05-12,2026-05-11,5880,BUY,424,23.061525,9778.0866,8.360264043
2026-05-12,2026-05-11,2412,SELL,301,135.43225,40765.10725,157.14948844875
2026-05-12,2026-05-11,3045,SELL,371,109.94500000000001,40789.595,157.243888725
2026-05-12,2026-05-11,4904,SELL,424,96.45175,40895.542,157.65231441
2026-05-12,2026-05-11,0050,BUY,888,96.89842499999999,86045.8014,73.56916019699999
2026-05-26,2026-05-25,2880,BUY,1249,30.865425,38550.915825,32.961033030375
2026-05-26,2026-05-25,2886,BUY,966,39.519749999999995,38176.078499999996,32.64054711749999
2026-05-26,2026-05-25,2892,BUY,1382,27.563775,38093.13705,32.569632177749995
2026-05-26,2026-05-25,5880,BUY,1684,22.661324999999998,38161.671299999995,32.62822896149999
2026-05-26,2026-05-25,2412,BUY,84,136.56825,11471.733,9.808331715
2026-05-26,2026-05-25,3045,BUY,103,111.55574999999999,11490.24225,9.824157123749998
2026-05-26,2026-05-25,4904,BUY,122,94.54724999999999,11534.7645,9.862223647499999
2026-05-26,2026-05-25,0050,SELL,1299,101.5492,131912.4108,244.697522034
2026-06-09,2026-06-08,2880,SELL,2864,33.333325,95466.6428,368.023907994
2026-06-09,2026-06-08,2886,SELL,2329,40.9795,95441.2555,367.9260399525
2026-06-09,2026-06-08,2892,SELL,3297,29.08545,95894.72865,369.67417894575
2026-06-09,2026-06-08,5880,SELL,4163,23.038475000000002,95909.17142500001,369.72985584337505
2026-06-09,2026-06-08,2412,BUY,325,138.069,44872.424999999996,38.365923374999994
2026-06-09,2026-06-08,3045,BUY,392,115.05749999999999,45102.53999999999,38.562671699999996
2026-06-09,2026-06-08,4904,BUY,446,101.0505,45068.523,38.533587165
2026-06-09,2026-06-08,0050,SELL,1034,102.04895,105518.6143,195.73702952649998
2026-06-10,2026-06-09,2880,SELL,1196,34.7826,41599.9896,160.367959908
2026-06-10,2026-06-09,2886,SELL,974,43.428275000000006,42299.13985000001,163.06318412175003
2026-06-10,2026-06-09,2892,SELL,1390,30.384800000000002,42234.872,162.81543156
2026-06-10,2026-06-09,5880,SELL,1778,23.588200000000004,41939.81960000001,161.67800455800003
2026-06-10,2026-06-09,2412,BUY,312,141.57075,44170.074,37.765413269999996
2026-06-10,2026-06-09,3045,BUY,379,116.55824999999999,44175.57674999999,37.77011812124999
2026-06-10,2026-06-09,4904,BUY,420,105.55274999999999,44332.155,37.903992525
2026-06-10,2026-06-09,0050,SELL,784,102.5487,80398.1808,149.138625384
2026-06-11,2026-06-10,2880,BUY,189,35.267624999999995,6665.581124999999,5.699071861874999
2026-06-11,2026-06-10,2886,BUY,153,43.571774999999995,6666.481574999999,5.699841746624998
2026-06-11,2026-06-10,2892,BUY,218,30.565275,6663.22995,5.697061607249999
2026-06-11,2026-06-10,5880,BUY,280,23.911949999999997,6695.346,5.7245208299999994
2026-06-11,2026-06-10,2412,BUY,223,144.072,32128.056,27.46948788
2026-06-11,2026-06-10,3045,BUY,273,118.059,32230.107,27.556741485
2026-06-11,2026-06-10,4904,BUY,302,108.05399999999999,32632.307999999997,27.900623339999996
2026-06-11,2026-06-10,0050,SELL,1633,99.95,163218.35,302.77003924999997
2026-06-12,2026-06-11,2880,BUY,405,35.91795,14546.76975,12.43748813625
2026-06-12,2026-06-11,2886,BUY,333,43.471725,14476.084425,12.377052183375
2026-06-12,2026-06-11,2892,BUY,471,30.715349999999997,14466.929849999999,12.369225021749997
2026-06-12,2026-06-11,5880,BUY,606,24.262124999999997,14702.847749999999,12.57093482625
2026-06-12,2026-06-11,2412,BUY,183,145.0725,26548.267499999998,22.698768712499998
2026-06-12,2026-06-11,3045,BUY,223,119.0595,26550.2685,22.700479567499997
2026-06-12,2026-06-11,4904,BUY,243,109.05449999999999,26500.243499999997,22.657708192499996
2026-06-12,2026-06-11,0050,SELL,1595,103.198375,164601.408125,305.33561207187495
2026-06-15,2026-06-12,2880,BUY,785,37.51875,29452.218749999996,25.181647031249994
2026-06-15,2026-06-12,2886,BUY,651,44.972475,29277.081225,25.031904447375002
2026-06-15,2026-06-12,2892,BUY,912,31.365675,28605.4956,24.457698737999998
2026-06-15,2026-06-12,5880,BUY,1176,24.31215,28591.0884,24.445380582
2026-06-15,2026-06-12,2412,SELL,19,145.92700000000002,2772.6130000000003,10.688423115
2026-06-15,2026-06-12,3045,SELL,23,120.43975,2770.11425,10.67879043375
2026-06-15,2026-06-12,4904,SELL,25,111.944,2798.6,10.788603
2026-06-15,2026-06-12,0050,SELL,1249,105.04745,131204.26505,243.38391166774997
2026-06-16,2026-06-15,2880,SELL,3257,36.681650000000005,119472.13405000002,460.5650767627501
2026-06-16,2026-06-15,2886,SELL,2716,43.828075000000005,119037.05170000001,458.88783430350003
2026-06-16,2026-06-15,2892,SELL,3818,31.284350000000003,119443.64830000002,460.4552641965
2026-06-16,2026-06-15,5880,SELL,4949,24.237875000000003,119953.243375,462.419753210625
2026-06-16,2026-06-15,2412,SELL,204,145.92700000000002,29769.108000000004,114.75991134000002
2026-06-16,2026-06-15,3045,SELL,248,119.44025,29621.182,114.18965661
2026-06-16,2026-06-15,4904,SELL,270,110.9445,29955.015000000003,115.47658282500001
2026-06-16,2026-06-15,0050,BUY,133,106.10302499999999,14111.702324999998,12.065505487874999
2026-06-17,2026-06-16,2880,SELL,953,36.93152500000001,35195.74332500001,135.67959051787503
2026-06-17,2026-06-16,2886,SELL,802,44.17790000000001,35430.675800000005,136.58525520900002
2026-06-17,2026-06-16,2892,SELL,1122,31.784100000000002,35661.760200000004,137.47608557100003
2026-06-17,2026-06-16,5880,SELL,1450,24.537725000000002,35579.701250000006,137.15974831875002
2026-06-17,2026-06-16,2412,SELL,51,145.42725000000002,7416.789750000001,28.59172448625
2026-06-17,2026-06-16,3045,SELL,62,119.94000000000001,7436.280000000001,28.666859400000003
2026-06-17,2026-06-16,4904,SELL,66,112.44375000000001,7421.2875,28.609063312500002
2026-06-17,2026-06-16,0050,BUY,68,105.0525,7143.57,6.107752349999999
2026-06-22,2026-06-18,2880,SELL,45,38.430775000000004,1729.3848750000002,6.666778693125001
2026-06-22,2026-06-18,2886,SELL,38,45.477250000000005,1728.1355,6.6619623525
2026-06-22,2026-06-18,2892,SELL,54,32.5837,1759.5198,6.782948829
2026-06-22,2026-06-18,5880,SELL,71,24.737625,1756.3713750000002,6.770811650625
2026-06-22,2026-06-18,2412,SELL,411,143.928,59154.407999999996,228.04024284
2026-06-22,2026-06-18,3045,SELL,497,118.9405,59113.4285,227.8822668675
2026-06-22,2026-06-18,4904,SELL,545,107.94600000000001,58830.57000000001,226.79184735
2026-06-22,2026-06-18,0050,BUY,1004,109.504725,109942.74389999999,94.00104603449998
2026-06-25,2026-06-24,2880,BUY,1094,36.56827499999999,40005.69284999999,34.20486738674999
2026-06-25,2026-06-24,2886,BUY,908,44.672324999999994,40562.471099999995,34.680912790499995
2026-06-25,2026-06-24,2892,BUY,1263,32.166075,40625.752725,34.735018579874996
2026-06-25,2026-06-24,5880,BUY,1659,24.4122,40499.839799999994,34.627363028999994
2026-06-25,2026-06-24,2412,SELL,58,143.928,8347.824,32.18086152
2026-06-25,2026-06-24,3045,SELL,69,119.44025,8241.37725,31.770509298749996
2026-06-25,2026-06-24,4904,SELL,77,106.44675000000001,8196.39975,31.59712103625
2026-06-25,2026-06-24,0050,SELL,729,107.94600000000001,78692.634,145.97483607
2026-07-02,2026-07-01,2880,SELL,1982,36.331825,72009.67715,277.59730541325
2026-07-02,2026-07-01,2886,SELL,1576,45.677150000000005,71987.18840000001,277.51061128200007
2026-07-02,2026-07-01,2892,SELL,2191,32.9835,72266.8485,278.58870096749996
2026-07-02,2026-07-01,5880,SELL,2927,24.7876,72553.3052,279.69299154600003
2026-07-02,2026-07-01,2412,BUY,1195,141.07049999999998,168579.24749999997,144.13525661249997
2026-07-02,2026-07-01,3045,BUY,1433,118.059,169178.547,144.64765768499998
2026-07-02,2026-07-01,4904,BUY,1634,103.05149999999999,168386.15099999998,143.970159105
2026-07-02,2026-07-01,0050,SELL,928,107.14640000000001,99431.8592,184.446098816
2026-07-06,2026-07-03,2880,BUY,1019,37.81889999999999,38537.45909999999,32.94952753049999
2026-07-06,2026-07-03,2886,BUY,844,45.372675,38294.5377,32.7418297335
2026-07-06,2026-07-03,2892,BUY,1185,32.366175,38353.917375,32.79259935562499
2026-07-06,2026-07-03,5880,BUY,1554,24.712349999999997,38402.99189999999,32.834558074499995
2026-07-06,2026-07-03,2412,SELL,383,140.92950000000002,53975.99850000001,208.07747421750003
2026-07-06,2026-07-03,3045,SELL,464,117.44125000000001,54492.740000000005,210.06951270000002
2026-07-06,2026-07-03,4904,SELL,515,104.9475,54047.9625,208.3548954375
2026-07-06,2026-07-03,0050,SELL,171,108.995475,18638.226225,34.573909647375
2026-07-07,2026-07-06,2880,BUY,619,38.019,23533.761,20.121365654999998
2026-07-07,2026-07-06,2886,BUY,511,46.273125,23645.566875,20.216959678125
2026-07-07,2026-07-06,2892,BUY,717,33.066525,23708.698425,20.270937153374998
2026-07-07,2026-07-06,5880,BUY,953,24.8124,23646.2172,20.217515705999997
2026-07-07,2026-07-06,2412,SELL,332,141.42925,46954.511,181.009639905
2026-07-07,2026-07-06,3045,SELL,400,117.941,47176.4,181.865022
2026-07-07,2026-07-06,4904,SELL,457,103.44825,47275.85025,182.24840271375
2026-07-07,2026-07-06,0050,BUY,57,108.60427499999999,6190.4436749999995,5.292829342125
2026-07-08,2026-07-07,2880,BUY,876,39.11955,34268.7258,29.299760559
2026-07-08,2026-07-07,2886,BUY,729,46.82339999999999,34134.258599999994,29.184791102999995
2026-07-08,2026-07-07,2892,BUY,1024,33.266625,34065.024,29.125595519999997
2026-07-08,2026-07-07,5880,BUY,1370,24.962474999999998,34198.590749999996,29.239795091249995
2026-07-08,2026-07-07,2412,SELL,259,141.42925,36630.17575,141.20932751625
2026-07-08,2026-07-07,3045,SELL,313,117.44125000000001,36759.11125,141.70637386875
2026-07-08,2026-07-07,4904,SELL,354,98.85055000000001,34993.0947,134.8983800685
2026-07-08,2026-07-07,0050,BUY,54,106.4532,5748.4728,4.914944243999999
2026-07-16,2026-07-15,2880,BUY,1075,38.869425,41784.631875,35.725860253125
2026-07-16,2026-07-15,2886,BUY,908,46.022999999999996,41788.884,35.72949582
2026-07-16,2026-07-15,2892,BUY,1262,33.11655,41793.08609999999,35.733088615499994
2026-07-16,2026-07-15,5880,BUY,1647,25.2126,41525.1522,35.50400513099999
2026-07-16,2026-07-15,2412,SELL,218,133.43325000000002,29088.448500000002,112.1359689675
2026-07-16,2026-07-15,3045,SELL,266,108.94550000000001,28979.503000000004,111.71598406500001
2026-07-16,2026-07-15,4904,SELL,301,96.7516,29122.2316,112.266202818
2026-07-16,2026-07-15,0050,BUY,77,105.40267499999999,8116.005974999999,6.939185108624999
2026-07-20,2026-07-17,2880,SELL,2175,40.229875,87499.978125,337.312415671875
2026-07-20,2026-07-17,2886,SELL,1835,47.7761,87669.1435,337.9645481925
2026-07-20,2026-07-17,2892,SELL,2562,34.132925,87448.55385,337.11417509175
2026-07-20,2026-07-17,5880,SELL,3446,25.637175,88345.70505,340.57269296775
2026-07-20,2026-07-17,2412,BUY,1150,139.0695,159929.92500000002,136.740085875
2026-07-20,2026-07-17,3045,BUY,1429,112.056,160128.024,136.90946052
2026-07-20,2026-07-17,4904,BUY,1541,103.55175,159573.24675,136.43512597125
2026-07-20,2026-07-17,0050,SELL,549,100.1499,54982.2951,101.9921574105
2026-07-22,2026-07-21,2880,SELL,1361,40.1799,54684.84390000001,210.8100732345
2026-07-22,2026-07-21,2886,SELL,1143,47.87605,54722.32515,210.95456345325
2026-07-22,2026-07-21,2892,SELL,1612,34.032975,54861.1557,211.4897552235
2026-07-22,2026-07-21,5880,SELL,2161,25.487250000000003,55077.947250000005,212.32548664875
2026-07-22,2026-07-21,2412,BUY,1036,137.56875,142521.225,121.855647375
2026-07-22,2026-07-21,3045,BUY,1286,112.056,144104.016,123.20893368
2026-07-22,2026-07-21,4904,BUY,1412,102.05099999999999,144096.012,123.20209025999999
2026-07-22,2026-07-21,0050,SELL,1783,104.44775,186230.33825,345.45727745374995
2026-07-23,2026-07-22,2880,SELL,1340,41.27935,55314.329,213.23673829499998
2026-07-23,2026-07-22,2886,SELL,1146,48.325825,55381.39545,213.49527945975
2026-07-23,2026-07-22,2892,SELL,1606,34.3828,55218.77680000001,212.86838456400002
2026-07-23,2026-07-22,5880,SELL,2163,25.787100000000002,55777.4973,215.0222520915
2026-07-23,2026-07-22,2412,BUY,1007,139.0695,140042.9865,119.7367534575
2026-07-23,2026-07-22,3045,BUY,1239,113.0565,140077.0035,119.76583799249998
2026-07-23,2026-07-22,4904,BUY,1354,104.05199999999999,140886.408,120.45787883999999
2026-07-23,2026-07-22,0050,SELL,843,104.19787500000001,87838.808625,162.940989999375
2026-07-24,2026-07-23,2880,SELL,1204,40.079950000000004,48256.25980000001,186.027881529
2026-07-24,2026-07-23,2886,SELL,1032,47.07645,48582.8964,187.287065622
2026-07-24,2026-07-23,2892,SELL,1455,33.3833,48572.701499999996,187.2477642825
2026-07-24,2026-07-23,5880,SELL,1941,25.237375,48985.744875,188.840046493125
2026-07-24,2026-07-23,2412,BUY,762,137.56875,104827.3875,89.62741631249999
2026-07-24,2026-07-23,3045,BUY,939,111.55574999999999,104750.84924999998,89.56197610874999
2026-07-24,2026-07-23,4904,BUY,1027,102.05099999999999,104806.377,89.60945233499999
2026-07-24,2026-07-23,0050,SELL,596,102.49872500000001,61089.2401,113.3205403855
2026-07-27,2026-07-24,2880,SELL,980,41.07945,40257.861000000004,155.194054155
2026-07-27,2026-07-24,2886,SELL,823,48.975500000000004,40306.836500000005,155.3828547075
2026-07-27,2026-07-24,2892,SELL,1163,34.5827,40219.680100000005,155.04686678550001
2026-07-27,2026-07-24,5880,SELL,1556,25.787100000000002,40124.727600000006,154.68082489800003
2026-07-27,2026-07-24,2412,BUY,596,139.56975,83183.571,71.121953205
2026-07-27,2026-07-24,3045,BUY,729,113.55675,82782.87075,70.77935449125
2026-07-27,2026-07-24,4904,BUY,785,105.55274999999999,82858.90874999999,70.84436698124999
2026-07-27,2026-07-24,0050,SELL,539,101.24935,54573.39965000001,101.23365635075001
2026-07-28,2026-07-27,2880,SELL,918,40.9795,37619.181000000004,145.02194275500003
2026-07-28,2026-07-27,2886,SELL,769,49.3753,37969.6057,146.3728299735
2026-07-28,2026-07-27,2892,SELL,1092,34.5827,37764.3084,145.581408882
2026-07-28,2026-07-27,5880,SELL,1465,25.837075000000002,37851.314875000004,145.91681884312501
2026-07-28,2026-07-27,2412,BUY,500,140.57025,70285.125,60.093781875
2026-07-28,2026-07-27,3045,BUY,619,113.0565,69981.9735,59.834587342499994
2026-07-28,2026-07-27,4904,BUY,653,106.053,69252.609,59.210980694999996
2026-07-28,2026-07-27,0050,SELL,442,98.300825,43448.96465,80.59782942574999
2026-07-29,2026-07-28,2880,SELL,844,41.429275000000004,34966.3081,134.7951177255
2026-07-29,2026-07-28,2886,SELL,707,49.425275000000006,34943.66942500001,134.70784563337503
2026-07-29,2026-07-28,2892,SELL,1004,34.7826,34921.7304,134.623270692
2026-07-29,2026-07-28,5880,SELL,1347,25.987000000000002,35004.489,134.942305095
2026-07-29,2026-07-28,2412,BUY,456,141.07049999999998,64328.147999999994,55.000566539999994
2026-07-29,2026-07-28,3045,BUY,565,114.05699999999999,64442.204999999994,55.098085274999995
2026-07-29,2026-07-28,4904,BUY,607,108.05399999999999,65588.77799999999,56.07840518999999
2026-07-29,2026-07-28,0050,SELL,323,96.901525,31299.192575,58.060002226624995
2026-07-30,2026-07-29,2880,SELL,467,41.87905,19557.516349999998,75.39422552925
2026-07-30,2026-07-29,2886,SELL,391,50.07495,19579.30545,75.47822250975
2026-07-30,2026-07-29,2892,SELL,561,34.832575000000006,19541.074575000002,75.330842486625
2026-07-30,2026-07-29,5880,SELL,748,26.08695,19513.0386,75.22276380299999
2026-07-30,2026-07-29,2412,BUY,394,141.07049999999998,55581.776999999995,47.522419334999995
2026-07-30,2026-07-29,3045,BUY,488,114.05699999999999,55659.81599999999,47.58914267999999
2026-07-30,2026-07-29,4904,BUY,521,106.55324999999999,55514.24324999999,47.46467797874999
2026-07-30,2026-07-29,0050,SELL,249,93.3533,23244.971700000002,43.1194225035
2026-08-03,2026-07-31,2880,SELL,830,42.92852500000001,35630.67575000001,137.35625501625003
2026-08-03,2026-07-31,2886,SELL,683,52.27385,35703.03955,137.63521746525
2026-08-03,2026-07-31,2892,SELL,987,36.28185,35810.18595,138.04826683725
2026-08-03,2026-07-31,5880,SELL,1314,26.986500000000003,35460.261000000006,136.69930615500002
2026-08-03,2026-07-31,2412,BUY,342,138.56924999999998,47390.68349999999,40.51903439249999
2026-08-03,2026-07-31,3045,BUY,425,113.0565,48049.0125,41.0819056875
2026-08-03,2026-07-31,4904,BUY,455,104.55225,47571.27375,40.67343905625
2026-08-03,2026-07-31,0050,SELL,100,101.94900000000001,10194.900000000001,18.9115395
2026-08-14,2026-08-13,2880,BUY,1389,39.0195,54198.0855,46.3393631025
2026-08-14,2026-08-13,2886,BUY,1184,45.872925,54313.5432,46.438079435999995
2026-08-14,2026-08-13,2892,BUY,1638,33.166574999999995,54326.84984999999,46.44945662174999
2026-08-14,2026-08-13,5880,BUY,2244,24.11205,54107.4402,46.261861370999995
2026-08-14,2026-08-13,2412,BUY,82,136.06799999999998,11157.576,9.539727479999998
2026-08-14,2026-08-13,3045,BUY,103,108.55425,11181.087749999999,9.55983002625
2026-08-14,2026-08-13,4904,BUY,113,98.34915,11113.45395,9.50200312725
2026-08-14,2026-08-13,0050,BUY,661,107.15354999999998,70828.49654999998,60.55836455024998
2026-08-17,2026-08-14,2880,SELL,414,38.5807,15972.4098,61.573639779
2026-08-17,2026-08-14,2886,SELL,340,46.9765,15972.01,61.57209855
2026-08-17,2026-08-14,2892,SELL,484,33.083450000000006,16012.389800000003,61.72776267900001
2026-08-17,2026-08-14,5880,SELL,667,24.237875000000003,16166.662625,62.322484419375
2026-08-17,2026-08-14,2412,SELL,15,134.9325,2023.9875000000002,7.8024718125
2026-08-17,2026-08-14,3045,SELL,19,107.94600000000001,2050.974,7.906504770000001
2026-08-17,2026-08-14,4904,SELL,21,98.85055000000001,2075.86155,8.00244627525
2026-08-17,2026-08-14,0050,BUY,1556,106.4532,165641.17919999998,141.623208216
2026-08-18,2026-08-17,2880,SELL,505,38.88055,19634.67775,75.69168272625
2026-08-18,2026-08-17,2886,SELL,425,46.826575000000005,19901.294375,76.71948981562501
2026-08-18,2026-08-17,2892,SELL,593,33.3833,19796.296899999998,76.31472454949999
2026-08-18,2026-08-17,5880,SELL,795,24.637675,19586.951625,75.50769851437501
2026-08-18,2026-08-17,2412,SELL,85,136.43175,11596.69875,44.70527368125
2026-08-18,2026-08-17,3045,SELL,104,110.44475,11486.254,44.279509170000004
2026-08-18,2026-08-17,4904,SELL,115,99.95,11494.25,44.31033375
2026-08-18,2026-08-17,0050,BUY,1348,106.503225,143566.3473,122.74922694149998
2026-08-27,2026-08-26,2880,BUY,2827,39.8199,112570.85729999999,96.24808299149998
2026-08-27,2026-08-26,2886,BUY,2402,46.6233,111989.1666,95.75073744299999
2026-08-27,2026-08-26,2892,BUY,3352,33.516749999999995,112348.14599999998,96.05766482999998
2026-08-27,2026-08-26,5880,BUY,4479,25.0125,112030.9875,95.7864943125
2026-08-27,2026-08-26,2412,SELL,1050,136.43175,143253.3375,552.2416160624999
2026-08-27,2026-08-26,3045,SELL,1237,115.94200000000001,143420.25400000002,552.88507917
2026-08-27,2026-08-26,4904,SELL,1414,100.9495,142742.593,550.272696015
2026-08-27,2026-08-26,0050,SELL,301,106.44675000000001,32040.471750000004,59.43507509625
2026-08-28,2026-08-27,2880,BUY,2532,39.369675,99684.0171,85.2298346205
2026-08-28,2026-08-27,2886,BUY,2159,46.923449999999995,101307.72854999999,86.61810791024999
2026-08-28,2026-08-27,2892,BUY,2988,33.516749999999995,100148.04899999998,85.62658189499999
2026-08-28,2026-08-27,5880,BUY,3978,25.11255,99897.7239,85.4125539345
2026-08-28,2026-08-27,2412,SELL,1124,135.93200000000002,152787.56800000003,588.9960746400001
2026-08-28,2026-08-27,3045,SELL,1319,115.44225,152268.32775,586.99440347625
2026-08-28,2026-08-27,4904,SELL,1501,101.44925,152275.32425,587.02137498375
2026-08-28,2026-08-27,0050,BUY,125,107.15354999999998,13394.193749999999,11.452035656249999
2026-08-31,2026-08-28,2880,BUY,1313,40.270125,52874.674125,45.207846376875
2026-08-31,2026-08-28,2886,BUY,1096,47.92395,52524.6492,44.908575066
2026-08-31,2026-08-28,2892,BUY,1536,34.31715,52711.1424,45.068026751999994
2026-08-31,2026-08-28,5880,BUY,2093,25.262625,52874.674125,45.207846376875
2026-08-31,2026-08-28,2412,SELL,1078,135.93200000000002,146534.69600000003,564.8912530800001
2026-08-31,2026-08-28,3045,SELL,1265,114.94250000000001,145402.2625,560.5257219375001
2026-08-31,2026-08-28,4904,SELL,1453,99.7501,144936.8953,558.7317313815
2026-08-31,2026-08-28,0050,BUY,1619,105.65279999999998,171051.88319999998,146.24936013599998
2026-09-01,2026-08-31,2880,BUY,1254,40.82039999999999,51188.78159999999,43.766408267999985
2026-09-01,2026-08-31,2886,BUY,1068,48.2241,51503.3388,44.035354674
2026-09-01,2026-08-31,2892,BUY,1469,35.067524999999996,51514.19422499999,44.04463606237499
2026-09-01,2026-08-31,5880,BUY,2029,25.362675,51460.867575,43.99904177662499
2026-09-01,2026-08-31,2412,SELL,992,135.93200000000002,134844.54400000002,519.82571712
2026-09-01,2026-08-31,3045,SELL,1163,114.94250000000001,133678.1275,515.3291815125
2026-09-01,2026-08-31,4904,SELL,1336,100.44975000000001,134200.866,517.34433843
2026-09-01,2026-08-31,0050,BUY,1340,106.55324999999999,142781.35499999998,122.07805852499997
2026-09-02,2026-09-01,2880,BUY,929,41.970975,38991.035775000004,33.337335587625
2026-09-02,2026-09-01,2886,BUY,804,48.274125,38812.396499999995,33.1845990075
2026-09-02,2026-09-01,2892,BUY,1086,35.567775,38626.60365,33.02574612074999
2026-09-02,2026-09-01,5880,BUY,1523,25.6128,39008.2944,33.352091712
2026-09-02,2026-09-01,2412,SELL,798,136.43175,108872.5365,419.7036282075
2026-09-02,2026-09-01,3045,SELL,940,115.44225,108515.715,418.32808132499997
2026-09-02,2026-09-01,4904,SELL,1075,100.44975000000001,107983.48125000001,416.27632021875
2026-09-02,2026-09-01,0050,BUY,1196,107.55375,128634.28499999999,109.98231367499999
2026-09-03,2026-09-02,2880,BUY,1105,42.92144999999999,47428.202249999995,40.55111292375
2026-09-03,2026-09-02,2886,BUY,969,49.024499999999996,47504.7405,40.6165531275
2026-09-03,2026-09-02,2892,BUY,1310,36.268125,47511.243749999994,40.622113406249994
2026-09-03,2026-09-02,5880,BUY,1806,26.31315,47521.5489,40.6309243095
2026-09-03,2026-09-02,2412,SELL,627,137.43125,86169.39375,332.18301290625
2026-09-03,2026-09-02,3045,SELL,743,115.94200000000001,86144.906,332.08861263
2026-09-03,2026-09-02,4904,SELL,841,102.44875,86159.39875000001,332.14448218125
2026-09-03,2026-09-02,0050,BUY,695,106.95345,74332.64775,63.55441382625
2026-09-04,2026-09-03,2880,BUY,1185,43.771874999999994,51869.67187499999,44.348569453124995
2026-09-04,2026-09-03,2886,BUY,1021,50.825399999999995,51892.7334,44.368287056999996
2026-09-04,2026-09-03,2892,BUY,1397,36.968475,51644.959575,44.156440436625
2026-09-04,2026-09-03,5880,BUY,1928,26.71335,51503.3388,44.035354674
2026-09-04,2026-09-03,2412,SELL,455,137.931,62758.605,241.934422275
2026-09-04,2026-09-03,3045,SELL,533,117.44125000000001,62596.186250000006,241.30829799375002
2026-09-04,2026-09-03,4904,SELL,607,102.94850000000001,62489.7395,240.8979457725
2026-09-04,2026-09-03,0050,SELL,519,107.64615,55868.35185000001,103.63579268175
