date,nav,cash,receivables,gross_equity,equity_weight,regime,e45_equity_scale,dividend_credit,stock_shares_added,cil_cash_credit,pre_financial,pre_fin_pub,pre_fin_priv,pre_telecom,pre_0050,pre_def,pre_off,tgt_financial,tgt_fin_pub,tgt_fin_priv,tgt_telecom,tgt_0050,tgt_def,tgt_off
2012-12-04,500000000.0,500000000.0,0.0,0.0,0.0,Bull,1.0,0.0,0.0,0.0,0.0,0.0,0.0,0.0,0.0,0.0,0.0,0.7428483932908891,0.0,0.0,0.12320831857376432,0.13394328813534645,0.0,0.0
2012-12-05,500979411.5587485,400126211.5587485,0.0,100853200.0,0.20131206527271275,Bull,1.0,0.0,0.0,0.0,0.14989977285961503,0.0,0.0,0.02458983286692488,0.02682245954617283,0.0,0.0,0.7428483932908891,0.0,0.0,0.12320831857376432,0.13394328813534645,0.0,0.0
2012-12-06,500786337.3103339,300004337.3103339,0.0,200782000.0,0.4009334621195481,Bull,1.0,0.0,0.0,0.0,0.2985464835222749,0.0,0.0,0.04887114159592902,0.05351583700134419,0.0,0.0,0.7428483932908891,0.0,0.0,0.12320831857376432,0.13394328813534645,0.0,0.0
2012-12-07,500848538.4236883,199938138.4236883,0.0,300910400.0,0.6008011942034411,Bull,1.0,0.0,0.0,0.0,0.4467166874523878,0.0,0.0,0.07337148295501936,0.080713023796034,0.0,0.0,0.7428483932908891,0.0,0.0,0.12320831857376432,0.13394328813534645,0.0,0.0
2012-12-10,498136847.2171552,99766797.21715519,0.0,398370050.0,0.7997201014650832,Bull,1.0,0.0,0.0,0.0,0.5923576054420372,0.0,0.0,0.09988419904683266,0.1074782969762133,0.0,0.0,0.7428483932908891,0.0,0.0,0.12320831857376432,0.13394328813534645,0.0,0.0
2012-12-11,498972381.2963977,81248731.2963977,0.0,417723650.0,0.8371678787404976,Bull,1.0,0.0,0.0,0.0,0.5926135615597343,0.0,0.0,0.11757203845146676,0.12698227872929654,0.0,0.0,0.7428483932908891,0.0,0.0,0.12320831857376432,0.13394328813534645,0.0,0.0
2012-12-12,503061812.0636136,20137862.063613575,0.0,482923950.0,0.9599694081707257,Bull,1.0,0.0,0.0,0.0,0.7075429727808292,0.0,0.0,0.12025798529972687,0.13216845009016961,0.0,0.0,0.7428483932908891,0.0,0.0,0.12320831857376432,0.13394328813534645,0.0,0.0
2012-12-13,504586617.83565134,5255817.835651323,0.0,499330800.0,0.989583913544526,Bull,1.0,0.0,0.0,0.0,0.7340394828319414,0.0,0.0,0.12101311814791002,0.13453131256467457,0.0,0.0,0.7428483932908891,0.0,0.0,0.12320831857376432,0.13394328813534645,0.0,0.0
2012-12-14,503676417.83565134,5255817.835651323,0.0,498420600.0,0.9895650905034702,Bull,1.0,0.0,0.0,0.0,0.73576523910421,0.0,0.0,0.1202573673396878,0.13354248405957242,0.0,0.0,0.7428483932908891,0.0,0.0,0.12320831857376432,0.13394328813534645,0.0,0.0
2012-12-17,501065267.83565134,5255817.835651323,0.0,495809450.0,0.9895107121306695,Bull,1.0,0.0,0.0,0.0,0.7359662975501927,0.0,0.0,0.1210397205577073,0.13250469402276943,0.0,0.0,0.7428483932908891,0.0,0.0,0.12320831857376432,0.13394328813534645,0.0,0.0
2012-12-18,502103767.83565134,5255817.835651323,0.0,496847950.0,0.9895324070992201,Bull,1.0,0.0,0.0,0.0,0.7357654406627,0.0,0.0,0.12141275151704105,0.13235421491947902,0.0,0.0,0.7428483932908891,0.0,0.0,0.12320831857376432,0.13394328813534645,0.0,0.0
2012-12-19,503603717.83565134,5255817.835651323,0.0,498347900.0,0.9895635841247571,Bull,1.0,0.0,0.0,0.0,0.7364488919858101,0.0,0.0,0.12078504952548992,0.13232964261345703,0.0,0.0,0.7428483932908891,0.0,0.0,0.12320831857376432,0.13394328813534645,0.0,0.0
2012-12-20,497581017.83565134,5255817.835651323,0.0,492325200.0,0.9894372621799103,Bull,1.0,0.0,0.0,0.0,0.7363619930554105,0.0,0.0,0.12076505703810345,0.13231021208639637,0.0,0.0,0.7428483932908891,0.0,0.0,0.12320831857376432,0.13394328813534645,0.0,0.0
2012-12-21,492172217.83565134,5255817.835651323,0.0,486916400.0,0.9893211813971052,Bull,1.0,0.0,0.0,0.0,0.735657940206825,0.0,0.0,0.12052935507182333,0.13313388611845697,0.0,0.0,0.7428483932908891,0.0,0.0,0.12320831857376432,0.13394328813534645,0.0,0.0
2012-12-22,492731117.83565134,5255817.835651323,0.0,487475300.0,0.9893332942746993,Bull,1.0,0.0,0.0,0.0,0.7353815029820361,0.0,0.0,0.12059112536062516,0.1333606659320381,0.0,0.0,0.7428483932908891,0.0,0.0,0.12320831857376432,0.13394328813534645,0.0,0.0
2012-12-24,492936217.83565134,5255817.835651323,0.0,487680400.0,0.9893377324581095,Bull,1.0,0.0,0.0,0.0,0.7360597312023245,0.0,0.0,0.12060221555848594,0.13267578569729904,0.0,0.0,0.7428483932908891,0.0,0.0,0.12320831857376432,0.13394328813534645,0.0,0.0
2012-12-25,498751517.83565134,5255817.835651323,0.0,493495700.0,0.989462051447063,Bull,1.0,0.0,0.0,0.0,0.7355692902791121,0.0,0.0,0.12052454549082305,0.1333682156771278,0.0,0.0,0.7428483932908891,0.0,0.0,0.12320831857376432,0.13394328813534645,0.0,0.0
2012-12-26,496849567.83565134,5255817.835651323,0.0,491593750.0,0.9894217119709967,Bull,1.0,0.0,0.0,0.0,0.7348164789402939,0.0,0.0,0.12097625496955708,0.13362897806114574,0.0,0.0,0.7428483932908891,0.0,0.0,0.12320831857376432,0.13394328813534645,0.0,0.0
2012-12-27,498048417.83565134,5255817.835651323,0.0,492792600.0,0.9894471749182714,Bull,1.0,0.0,0.0,0.0,0.7353645486749768,0.0,0.0,0.12089989214636906,0.1331827340969255,0.0,0.0,0.7428483932908891,0.0,0.0,0.12320831857376432,0.13394328813534645,0.0,0.0
2012-12-28,501854767.83565134,5255817.835651323,0.0,496598950.0,0.989527213503783,Bull,1.0,0.0,0.0,0.0,0.7343402386897077,0.0,0.0,0.1221488843562706,0.1330380904578048,0.0,0.0,0.7428483932908891,0.0,0.0,0.12320831857376432,0.13394328813534645,0.0,0.0
2013-01-02,505719067.83565134,5255817.835651323,0.0,500463250.0,0.9896072381487514,Bull,1.0,0.0,0.0,0.0,0.7359161907672954,0.0,0.0,0.12019716847962364,0.1334938789018324,0.0,0.0,0.7428483932908891,0.0,0.0,0.12320831857376432,0.13394328813534645,0.0,0.0
2013-01-03,506895017.83565134,5255817.835651323,0.0,501639200.0,0.9896313484040685,Bull,1.0,0.0,0.0,0.0,0.7371848940151852,0.0,0.0,0.11816056164004266,0.13428589274884076,0.0,0.0,0.7428483932908891,0.0,0.0,0.12320831857376432,0.13394328813534645,0.0,0.0
2013-01-04,503190917.83565134,5255817.835651323,0.0,497935100.0,0.9895550224589548,Bull,1.0,0.0,0.0,0.0,0.7351185939345903,0.0,0.0,0.1200252187773508,0.13441120974701357,0.0,0.0,0.7428483932908891,0.0,0.0,0.12320831857376432,0.13394328813534645,0.0,0.0
2013-01-07,501305117.83565134,5255817.835651323,0.0,496049300.0,0.9895157307423013,Bull,1.0,0.0,0.0,0.0,0.733983031309545,0.0,0.0,0.12123474873425244,0.13429795069850392,0.0,0.0,0.7428483932908891,0.0,0.0,0.12320831857376432,0.13394328813534645,0.0,0.0
2013-01-08,501199867.83565134,5255817.835651323,0.0,495944050.0,0.9895135290870133,Bull,1.0,0.0,0.0,0.0,0.7341190084284928,0.0,0.0,0.12193498825909478,0.13345953239942573,0.0,0.0,0.7428483932908891,0.0,0.0,0.12320831857376432,0.13394328813534645,0.0,0.0
2013-01-09,500269667.83565134,5255817.835651323,0.0,495013850.0,0.9894940305727711,Bull,1.0,0.0,0.0,0.0,0.7344245986160842,0.0,0.0,0.12086561286354883,0.13420381909313803,0.0,0.0,0.7428483932908891,0.0,0.0,0.12320831857376432,0.13394328813534645,0.0,0.0
2013-01-10,506943017.83565134,5255817.835651323,0.0,501687200.0,0.9896323301618976,Bull,1.0,0.0,0.0,0.0,0.7362537541073351,0.0,0.0,0.11996220060321577,0.13341637545134669,0.0,0.0,0.7428483932908891,0.0,0.0,0.12320831857376432,0.13394328813534645,0.0,0.0
2013-01-11,506834267.83565134,5255817.835651323,0.0,501578450.0,0.9896301056002085,Bull,1.0,0.0,0.0,0.0,0.7368980822762919,0.0,0.0,0.11940944770455968,0.13332257561935687,0.0,0.0,0.7428483932908891,0.0,0.0,0.12320831857376432,0.13394328813534645,0.0,0.0
2013-01-14,506690317.83565134,5255817.835651323,0.0,501434500.0,0.9896271595279307,Bull,1.0,0.0,0.0,0.0,0.7365946947521076,0.0,0.0,0.11954955101322423,0.13348291376259874,0.0,0.0,0.7428483932908891,0.0,0.0,0.12320831857376432,0.13394328813534645,0.0,0.0
2013-01-15,504804817.83565134,5255817.835651323,0.0,499549000.0,0.9895884158590529,Bull,1.0,0.0,0.0,0.0,0.7372338512846036,0.0,0.0,0.1196022658001978,0.13275229877425151,0.0,0.0,0.7428483932908891,0.0,0.0,0.12320831857376432,0.13394328813534645,0.0,0.0
2013-01-16,501485767.83565134,5255817.835651323,0.0,496229950.0,0.9895195074860553,Bull,1.0,0.0,0.0,0.0,0.7364537015555648,0.0,0.0,0.12017728889915572,0.13288851703133486,0.0,0.0,0.7428483932908891,0.0,0.0,0.12320831857376432,0.13394328813534645,0.0,0.0
2013-01-17,498973867.83565134,5255817.835651323,0.0,493718050.0,0.9894667473099363,Bull,1.0,0.0,0.0,0.0,0.7361911588544192,0.0,0.0,0.12071293485020544,0.13256265360531164,0.0,0.0,0.7428483932908891,0.0,0.0,0.12320831857376432,0.13394328813534645,0.0,0.0
2013-01-18,502995317.83565134,5255817.835651323,0.0,497739500.0,0.9895509607161619,Bull,1.0,0.0,0.0,0.0,0.7353443200854065,0.0,0.0,0.12110013322212006,0.1331065074086353,0.0,0.0,0.7428483932908891,0.0,0.0,0.12320831857376432,0.13394328813534645,0.0,0.0
2013-01-21,502879117.83565134,5255817.835651323,0.0,497623300.0,0.9895485462624259,Bull,1.0,0.0,0.0,0.0,0.7352383244532247,0.0,0.0,0.12129634704763162,0.13301387476156976,0.0,0.0,0.7428483932908891,0.0,0.0,0.12320831857376432,0.13394328813534645,0.0,0.0
2013-01-22,504815467.83565134,5255817.835651323,0.0,499559650.0,0.9895886355103477,Bull,1.0,0.0,0.0,0.0,0.7352369799430061,0.0,0.0,0.12147924124219774,0.13287241432514385,0.0,0.0,0.7428483932908891,0.0,0.0,0.12320831857376432,0.13394328813534645,0.0,0.0
2013-01-23,504542217.83565134,5255817.835651323,0.0,499286400.0,0.9895829969230377,Bull,1.0,0.0,0.0,0.0,0.7346746949939932,0.0,0.0,0.1220869093259205,0.1328213926031241,0.0,0.0,0.7428483932908891,0.0,0.0,0.12320831857376432,0.13394328813534645,0.0,0.0
2013-01-24,501853467.83565134,5255817.835651323,0.0,496597650.0,0.9895271863751024,Bull,1.0,0.0,0.0,0.0,0.7342640304732841,0.0,0.0,0.1224720041590469,0.13279115174277134,0.0,0.0,0.7428483932908891,0.0,0.0,0.12320831857376432,0.13394328813534645,0.0,0.0
2013-01-25,500038867.83565134,5255817.835651323,0.0,494783050.0,0.9894891813942376,Bull,1.0,0.0,0.0,0.0,0.7342188250067551,0.0,0.0,0.1224936778717203,0.13277667851576225,0.0,0.0,0.7428483932908891,0.0,0.0,0.12320831857376432,0.13394328813534645,0.0,0.0
2013-01-28,504017617.83565134,5255817.835651323,0.0,498761800.0,0.9895721545246358,Bull,1.0,0.0,0.0,0.0,0.7369683853414818,0.0,0.0,0.1202596850885568,0.13234408409459722,0.0,0.0,0.7428483932908891,0.0,0.0,0.12320831857376432,0.13394328813534645,0.0,0.0
2013-01-29,507505317.83565134,5255817.835651323,0.0,502249500.0,0.989643817215422,Bull,1.0,0.0,0.0,0.0,0.7357853935255223,0.0,0.0,0.12058986940471585,0.1332685542851839,0.0,0.0,0.7428483932908891,0.0,0.0,0.12320831857376432,0.13394328813534645,0.0,0.0
2013-01-30,508028167.83565134,5255817.835651323,0.0,502772350.0,0.9896544755420892,Bull,1.0,0.0,0.0,0.0,0.7362063241363312,0.0,0.0,0.12007247602013625,0.13337567538562176,0.0,0.0,0.7428483932908891,0.0,0.0,0.12320831857376432,0.13394328813534645,0.0,0.0
2013-01-31,510812267.83565134,5255817.835651323,0.0,505556450.0,0.98971086215701,Bull,1.0,0.0,0.0,0.0,0.737460459977051,0.0,0.0,0.11960166943299877,0.13264873274696026,0.0,0.0,0.7428483932908891,0.0,0.0,0.12320831857376432,0.13394328813534645,0.0,0.0
2013-02-01,512346217.83565134,5255817.835651323,0.0,507090400.0,0.989741667542987,Bull,1.0,0.0,0.0,0.0,0.7378455951074552,0.0,0.0,0.11916004817582901,0.13273602425970282,0.0,0.0,0.7428483932908891,0.0,0.0,0.12320831857376432,0.13394328813534645,0.0,0.0
2013-02-04,525133417.83565134,5255817.835651323,0.0,519877600.0,0.9899914618701791,Bull,1.0,0.0,0.0,0.0,0.7427537207736237,0.0,0.0,0.11678860631793586,0.13044913477861952,0.0,0.0,0.7428483932908891,0.0,0.0,0.12320831857376432,0.13394328813534645,0.0,0.0
2013-02-05,523046067.83565134,5255817.835651323,0.0,517790250.0,0.989951520221919,Bull,1.0,0.0,0.0,0.0,0.7433353846035722,0.0,0.0,0.11612093797268412,0.13049519764566267,0.0,0.0,0.7428483932908891,0.0,0.0,0.12320831857376432,0.13394328813534645,0.0,0.0
2013-02-06,525331867.83565134,5255817.835651323,0.0,520076050.0,0.9899952427076143,Bull,1.0,0.0,0.0,0.0,0.7439755208649771,0.0,0.0,0.11514740243956478,0.13087231940307245,0.0,0.0,0.7428483932908891,0.0,0.0,0.12320831857376432,0.13394328813534645,0.0,0.0
2013-02-18,525260617.83565134,5255817.835651323,0.0,520004800.0,0.9899938855928166,Bull,1.0,0.0,0.0,0.0,0.745883446610469,0.0,0.0,0.11274783981335901,0.13136259916898865,0.0,0.0,0.7428483932908891,0.0,0.0,0.12320831857376432,0.13394328813534645,0.0,0.0
2013-02-19,523622767.83565134,5255817.835651323,0.0,518366950.0,0.9899625872698855,Bull,1.0,0.0,0.0,0.0,0.7458749389648075,0.0,0.0,0.1121956561263188,0.13189199217875924,0.0,0.0,0.7428483932908891,0.0,0.0,0.12320831857376432,0.13394328813534645,0.0,0.0
2013-02-20,530390717.83565134,5255817.835651323,0.0,525134900.0,0.9900906677682849,Bull,1.0,0.0,0.0,0.0,0.7478256814496217,0.0,0.0,0.11100307380990632,0.13126191250875682,0.0,0.0,0.7428483932908891,0.0,0.0,0.12320831857376432,0.13394328813534645,0.0,0.0
2013-02-21,524288967.83565134,5255817.835651323,0.0,519033150.0,0.9899753415423784,Bull,1.0,0.0,0.0,0.0,0.7467100664279489,0.0,0.0,0.11142252380620785,0.13184275130822165,0.0,0.0,0.7428483932908891,0.0,0.0,0.12320831857376432,0.13394328813534645,0.0,0.0
2013-02-22,524133167.83565134,5255817.835651323,0.0,518877350.0,0.9899723616855719,Bull,1.0,0.0,0.0,0.0,0.746746960541003,0.0,0.0,0.11181700299946859,0.13140839814510039,0.0,0.0,0.7428483932908891,0.0,0.0,0.12320831857376432,0.13394328813534645,0.0,0.0
2013-02-23,527559767.83565134,5255817.835651323,0.0,522303950.0,0.9900374930840279,Bull,1.0,0.0,0.0,0.0,0.7467422157989995,0.0,0.0,0.11203469939052053,0.13126057789450787,0.0,0.0,0.7428483932908891,0.0,0.0,0.12320831857376432,0.13394328813534645,0.0,0.0
2013-02-25,523555867.83565134,5255817.835651323,0.0,518300050.0,0.9899613046886886,Bull,1.0,0.0,0.0,0.0,0.745630741593643,0.0,0.0,0.11230320126687393,0.13202736182817174,0.0,0.0,0.7428483932908891,0.0,0.0,0.12320831857376432,0.13394328813534645,0.0,0.0
2013-02-26,521747567.83565134,5255817.835651323,0.0,516491750.0,0.9899265120536088,Bull,1.0,0.0,0.0,0.0,0.7460509142662883,0.0,0.0,0.11281777554647164,0.1310578222408488,0.0,0.0,0.7428483932908891,0.0,0.0,0.12320831857376432,0.13394328813534645,0.0,0.0
2013-02-27,520468217.83565134,5255817.835651323,0.0,515212400.0,0.9899017506630713,Bull,1.0,0.0,0.0,0.0,0.7456313117711705,0.0,0.0,0.11265202752209974,0.1316184113698011,0.0,0.0,0.7428483932908891,0.0,0.0,0.12320831857376432,0.13394328813534645,0.0,0.0
2013-03-01,523569417.83565134,5255817.835651323,0.0,518313600.0,0.9899615644905732,Bull,1.0,0.0,0.0,0.0,0.7464217478849642,0.0,0.0,0.11222695214494814,0.13131286446066087,0.0,0.0,0.7428483932908891,0.0,0.0,0.12320831857376432,0.13394328813534645,0.0,0.0
2013-03-04,516247567.83565134,5255817.835651323,0.0,510991750.0,0.9898191910952991,Bull,1.0,0.0,0.0,0.0,0.7446566801499844,0.0,0.0,0.11354978435203351,0.13161272659328127,0.0,0.0,0.7428483932908891,0.0,0.0,0.12320831857376432,0.13394328813534645,0.0,0.0
2013-03-05,520152917.83565134,5255817.835651323,0.0,514897100.0,0.9898956294285136,Bull,1.0,0.0,0.0,0.0,0.7455540221011138,0.0,0.0,0.11264341310205395,0.1316981942253459,0.0,0.0,0.7428483932908891,0.0,0.0,0.12320831857376432,0.13394328813534645,0.0,0.0
2013-03-06,520115717.83565134,5255817.835651323,0.0,514859900.0,0.9898949067382115,Bull,1.0,0.0,0.0,0.0,0.744629006044341,0.0,0.0,0.11296178520520143,0.13230411548866902,0.0,0.0,0.7428483932908891,0.0,0.0,0.12320831857376432,0.13394328813534645,0.0,0.0
2013-03-07,521183317.83565134,5255817.835651323,0.0,515927500.0,0.9899156061681378,Bull,1.0,0.0,0.0,0.0,0.7447170443056914,0.0,0.0,0.11328451617597277,0.1319140456864736,0.0,0.0,0.7428483932908891,0.0,0.0,0.12320831857376432,0.13394328813534645,0.0,0.0
2013-03-08,528078267.83565134,5255817.835651323,0.0,522822450.0,0.9900472748912912,Bull,1.0,0.0,0.0,0.0,0.7465852583100433,0.0,0.0,0.11233031846419655,0.1311316981170513,0.0,0.0,0.7428483932908891,0.0,0.0,0.12320831857376432,0.13394328813534645,0.0,0.0
2013-03-11,527465667.83565134,5255817.835651323,0.0,522209850.0,0.9900357157704358,Bull,1.0,0.0,0.0,0.0,0.7462304638993906,0.0,0.0,0.11228598108200295,0.13151927078904216,0.0,0.0,0.7428483932908891,0.0,0.0,0.12320831857376432,0.13394328813534645,0.0,0.0
2013-03-12,523580967.83565134,5255817.835651323,0.0,518325150.0,0.9899617859346997,Bull,1.0,0.0,0.0,0.0,0.7454877544794942,0.0,0.0,0.11280853130349064,0.13166550015171494,0.0,0.0,0.7428483932908891,0.0,0.0,0.12320831857376432,0.13394328813534645,0.0,0.0
2013-03-13,523364917.83565134,5255817.835651323,0.0,518109100.0,0.9899576420647633,Bull,1.0,0.0,0.0,0.0,0.744581145430101,0.0,0.0,0.11341952426899264,0.13195697236566964,0.0,0.0,0.7428483932908891,0.0,0.0,0.12320831857376432,0.13394328813534645,0.0,0.0
2013-03-14,522648017.83565134,5255817.835651323,0.0,517392200.0,0.9899438672753103,Bull,1.0,0.0,0.0,0.0,0.7449640804386134,0.0,0.0,0.11296053555217904,0.1320192512845178,0.0,0.0,0.7428483932908891,0.0,0.0,0.12320831857376432,0.13394328813534645,0.0,0.0
2013-03-15,521114967.83565134,5255817.835651323,0.0,515859150.0,0.9899142834881901,Bull,1.0,0.0,0.0,0.0,0.7447702982164235,0.0,0.0,0.1136889240507953,0.13145506122097123,0.0,0.0,0.7428483932908891,0.0,0.0,0.12320831857376432,0.13394328813534645,0.0,0.0
2013-03-18,514292917.83565134,5255817.835651323,0.0,509037100.0,0.9897804973520345,Bull,1.0,0.0,0.0,0.0,0.7440825777077665,0.0,0.0,0.11418823390985657,0.13150968573441146,0.0,0.0,0.7428483932908891,0.0,0.0,0.12320831857376432,0.13394328813534645,0.0,0.0
2013-03-19,513521567.83565134,5255817.835651323,0.0,508265750.0,0.989765146850982,Bull,1.0,0.0,0.0,0.0,0.744426279136041,0.0,0.0,0.11338997940323217,0.1319488883117089,0.0,0.0,0.7428483932908891,0.0,0.0,0.12320831857376432,0.13394328813534645,0.0,0.0
2013-03-20,511112617.83565134,5255817.835651323,0.0,505856800.0,0.9897169084615686,Bull,1.0,0.0,0.0,0.0,0.7450619231678799,0.0,0.0,0.11293401490346411,0.13172097039022457,0.0,0.0,0.7428483932908891,0.0,0.0,0.12320831857376432,0.13394328813534645,0.0,0.0
2013-03-21,510763717.83565134,5255817.835651323,0.0,505507900.0,0.9897098841360096,Bull,1.0,0.0,0.0,0.0,0.7445685484699383,0.0,0.0,0.11320890263118832,0.1319324330348831,0.0,0.0,0.7428483932908891,0.0,0.0,0.12320831857376432,0.13394328813534645,0.0,0.0
2013-03-22,508539067.83565134,5255817.835651323,0.0,503283250.0,0.9896648690964488,Bull,1.0,0.0,0.0,0.0,0.7438171891294011,0.0,0.0,0.11370414518218908,0.13214353478485868,0.0,0.0,0.7428483932908891,0.0,0.0,0.12320831857376432,0.13394328813534645,0.0,0.0
2013-03-25,515327567.83565134,5255817.835651323,0.0,510071750.0,0.9898010155798078,Bull,1.0,0.0,0.0,0.0,0.7458941147169265,0.0,0.0,0.11254084512415594,0.13136605573872545,0.0,0.0,0.7428483932908891,0.0,0.0,0.12320831857376432,0.13394328813534645,0.0,0.0
2013-03-26,514401417.83565134,5255817.835651323,0.0,509145600.0,0.9897826528982653,Bull,1.0,0.0,0.0,0.0,0.745243377463784,0.0,0.0,0.11293670271056873,0.1316025727239125,0.0,0.0,0.7428483932908891,0.0,0.0,0.12320831857376432,0.13394328813534645,0.0,0.0
2013-03-27,517645067.83565134,5255817.835651323,0.0,512389250.0,0.9898466764927817,Bull,1.0,0.0,0.0,0.0,0.7468344122670966,0.0,0.0,0.11187472575008955,0.13113753847559556,0.0,0.0,0.7428483932908891,0.0,0.0,0.12320831857376432,0.13394328813534645,0.0,0.0
2013-03-28,516600417.83565134,5255817.835651323,0.0,511344600.0,0.9898261448225862,Bull,1.0,0.0,0.0,0.0,0.7467497831616685,0.0,0.0,0.11203397829696032,0.1310423833639574,0.0,0.0,0.7428483932908891,0.0,0.0,0.12320831857376432,0.13394328813534645,0.0,0.0
2013-03-29,519144017.83565134,5255817.835651323,0.0,513888200.0,0.9898759926820245,Bull,1.0,0.0,0.0,0.0,0.7456522404203971,0.0,0.0,0.11250866424987035,0.13171508801175708,0.0,0.0,0.7428483932908891,0.0,0.0,0.12320831857376432,0.13394328813534645,0.0,0.0
2013-04-01,517396717.83565134,5255817.835651323,0.0,512140900.0,0.9898418029058298,Bull,1.0,0.0,0.0,0.0,0.7447784006283614,0.0,0.0,0.11314335399126935,0.131920048286199,0.0,0.0,0.7428483932908891,0.0,0.0,0.12320831857376432,0.13394328813534645,0.0,0.0
2013-04-02,516236517.83565134,5255817.835651323,0.0,510980700.0,0.9898189731759259,Bull,1.0,0.0,0.0,0.0,0.743884705425385,0.0,0.0,0.11407833031050435,0.13185593744003662,0.0,0.0,0.7428483932908891,0.0,0.0,0.12320831857376432,0.13394328813534645,0.0,0.0
2013-04-03,517584817.83565134,5255817.835651323,0.0,512329000.0,0.9898454945845799,Bull,1.0,0.0,0.0,0.0,0.7452509940553956,0.0,0.0,0.11272239445502008,0.13187210607416427,0.0,0.0,0.7428483932908891,0.0,0.0,0.12320831857376432,0.13394328813534645,0.0,0.0
2013-04-08,506078267.83565134,5255817.835651323,0.0,500822450.0,0.9896146146363309,Bull,1.0,0.0,0.0,0.0,0.7420856098131461,0.0,0.0,0.11547858051667761,0.1320504243065073,0.0,0.0,0.7428483932908891,0.0,0.0,0.12320831857376432,0.13394328813534645,0.0,0.0
2013-04-09,506192917.83565134,5255817.835651323,0.0,500937100.0,0.9896169668708052,Bull,1.0,0.0,0.0,0.0,0.7428871221823228,0.0,0.0,0.11507707426857514,0.13165277041990728,0.0,0.0,0.7428483932908891,0.0,0.0,0.12320831857376432,0.13394328813534645,0.0,0.0
2013-04-10,505892967.83565134,5255817.835651323,0.0,500637150.0,0.9896108106460993,Bull,1.0,0.0,0.0,0.0,0.7435528341287438,0.0,0.0,0.11408183878679491,0.13197613773056063,0.0,0.0,0.7428483932908891,0.0,0.0,0.12320831857376432,0.13394328813534645,0.0,0.0
2013-04-11,508107817.83565134,5255817.835651323,0.0,502852000.0,0.9896560972865185,Bull,1.0,0.0,0.0,0.0,0.742773554651493,0.0,0.0,0.11413837371571103,0.13274416891931454,0.0,0.0,0.7428483932908891,0.0,0.0,0.12320831857376432,0.13394328813534645,0.0,0.0
2013-04-12,507450517.83565134,5255817.835651323,0.0,502194700.0,0.9896426988427006,Bull,1.0,0.0,0.0,0.0,0.7419414046630988,0.0,0.0,0.11478518190982473,0.13291611226977718,0.0,0.0,0.7428483932908891,0.0,0.0,0.12320831857376432,0.13394328813534645,0.0,0.0
2013-04-15,505647667.83565134,5255817.835651323,0.0,500391850.0,0.9896057706383813,Bull,1.0,0.0,0.0,0.0,0.7415197851201556,0.0,0.0,0.11580039566014895,0.13228558985807676,0.0,0.0,0.7428483932908891,0.0,0.0,0.12320831857376432,0.13394328813534645,0.0,0.0
2013-04-16,505228117.83565134,5255817.835651323,0.0,499972300.0,0.9895971390939864,Bull,1.0,0.0,0.0,0.0,0.7402792655369667,0.0,0.0,0.11667679988304941,0.13264107367397035,0.0,0.0,0.7428483932908891,0.0,0.0,0.12320831857376432,0.13394328813534645,0.0,0.0
2013-04-17,501017167.83565134,5255817.835651323,0.0,495761350.0,0.989509705109795,Bull,1.0,0.0,0.0,0.0,0.7379528561809314,0.0,0.0,0.11804864942153268,0.13350819950733084,0.0,0.0,0.7428483932908891,0.0,0.0,0.12320831857376432,0.13394328813534645,0.0,0.0
2013-04-18,500761467.83565134,5255817.835651323,0.0,495505650.0,0.9895043485307135,Bull,1.0,0.0,0.0,0.0,0.738157833104913,0.0,0.0,0.11789405493829995,0.13345246048750048,0.0,0.0,0.7428483932908891,0.0,0.0,0.12320831857376432,0.13394328813534645,0.0,0.0
2013-04-19,507843567.83565134,5255817.835651323,0.0,502587750.0,0.9896507149671092,Bull,1.0,0.0,0.0,0.0,0.73659670751419,0.0,0.0,0.11755273430837197,0.13550127314454724,0.0,0.0,0.7428483932908891,0.0,0.0,0.12320831857376432,0.13394328813534645,0.0,0.0
2013-04-22,508888517.83565134,5255817.835651323,0.0,503632700.0,0.9896719661547783,Bull,1.0,0.0,0.0,0.0,0.7367902533833363,0.0,0.0,0.11778060989648245,0.13510110287495952,0.0,0.0,0.7428483932908891,0.0,0.0,0.12320831857376432,0.13394328813534645,0.0,0.0
2013-04-23,509451217.83565134,5255817.835651323,0.0,504195400.0,0.9896833736937952,Bull,1.0,0.0,0.0,0.0,0.7379680072161179,0.0,0.0,0.11749427208025642,0.13422109439742091,0.0,0.0,0.7428483932908891,0.0,0.0,0.12320831857376432,0.13394328813534645,0.0,0.0
2013-04-24,511177967.83565134,5255817.835651323,0.0,505922150.0,0.9897182230722801,Bull,1.0,0.0,0.0,0.0,0.7380431547106435,0.0,0.0,0.11681489374987768,0.13486017461175887,0.0,0.0,0.7428483932908891,0.0,0.0,0.12320831857376432,0.13394328813534645,0.0,0.0
2013-04-25,510770717.83565134,5255817.835651323,0.0,505514900.0,0.9897100251597774,Bull,1.0,0.0,0.0,0.0,0.7371527710035055,0.0,0.0,0.1173465860650331,0.13521066809123872,0.0,0.0,0.7428483932908891,0.0,0.0,0.12320831857376432,0.13394328813534645,0.0,0.0
2013-04-26,510542967.83565134,5255817.835651323,0.0,505287150.0,0.9897054348668588,Bull,1.0,0.0,0.0,0.0,0.7358203396524523,0.0,0.0,0.11812796140483552,0.13575713380957097,0.0,0.0,0.7428483932908891,0.0,0.0,0.12320831857376432,0.13394328813534645,0.0,0.0
2013-04-29,510722667.83565134,5255817.835651323,0.0,505466850.0,0.989709057054537,Bull,1.0,0.0,0.0,0.0,0.7352112479973788,0.0,0.0,0.11890993649716501,0.13558787255999313,0.0,0.0,0.7428483932908891,0.0,0.0,0.12320831857376432,0.13394328813534645,0.0,0.0
2013-04-30,513780267.83565134,5255817.835651323,0.0,508524450.0,0.9897703003313226,Bull,1.0,0.0,0.0,0.0,0.7355320428944222,0.0,0.0,0.11800803533271244,0.13623022210418803,0.0,0.0,0.7428483932908891,0.0,0.0,0.12320831857376432,0.13394328813534645,0.0,0.0
2013-05-02,516061417.83565134,5255817.835651323,0.0,510805600.0,0.989815518746404,Bull,1.0,0.0,0.0,0.0,0.7346064574831898,0.0,0.0,0.11922030571096423,0.13598875555225012,0.0,0.0,0.7428483932908891,0.0,0.0,0.12320831857376432,0.13394328813534645,0.0,0.0
2013-05-03,517765817.83565134,5255817.835651323,0.0,512510000.0,0.989849044385314,Bull,1.0,0.0,0.0,0.0,0.734715458023437,0.0,0.0,0.1193527998011168,0.13578078656076015,0.0,0.0,0.7428483932908891,0.0,0.0,0.12320831857376432,0.13394328813534645,0.0,0.0
2013-05-06,517785817.83565134,5255817.835651323,0.0,512530000.0,0.9898494364762235,Bull,1.0,0.0,0.0,0.0,0.7344053987216361,0.0,0.0,0.11906930988899522,0.1363747278655921,0.0,0.0,0.7428483932908891,0.0,0.0,0.12320831857376432,0.13394328813534645,0.0,0.0
2013-05-07,517881017.83565134,5255817.835651323,0.0,512625200.0,0.9898513024137925,Bull,1.0,0.0,0.0,0.0,0.7345252807097832,0.0,0.0,0.1184971023971279,0.1368289193068815,0.0,0.0,0.7428483932908891,0.0,0.0,0.12320831857376432,0.13394328813534645,0.0,0.0
2013-05-08,520853117.83565134,5255817.835651323,0.0,515597300.0,0.9899092130666486,Bull,1.0,0.0,0.0,0.0,0.7333519507135319,0.0,0.0,0.11872214619153307,0.13783511616158362,0.0,0.0,0.7428483932908891,0.0,0.0,0.12320831857376432,0.13394328813534645,0.0,0.0
2013-05-09,522526317.83565134,5255817.835651323,0.0,517270500.0,0.9899415251323199,Bull,1.0,0.0,0.0,0.0,0.7325340120387792,0.0,0.0,0.11918251363482038,0.13822499945872027,0.0,0.0,0.7428483932908891,0.0,0.0,0.12320831857376432,0.13394328813534645,0.0,0.0
2013-05-10,521532667.83565134,5255817.835651323,0.0,516276850.0,0.9899223612253037,Bull,1.0,0.0,0.0,0.0,0.733114095396391,0.0,0.0,0.11903377070822924,0.13777449512068352,0.0,0.0,0.7428483932908891,0.0,0.0,0.12320831857376432,0.13394328813534645,0.0,0.0
2013-05-13,519068117.83565134,5255817.835651323,0.0,513812300.0,0.9898745123134004,Bull,1.0,0.0,0.0,0.0,0.7321928219839827,0.0,0.0,0.11961166148844074,0.13807002884097694,0.0,0.0,0.7428483932908891,0.0,0.0,0.12320831857376432,0.13394328813534645,0.0,0.0
2013-05-14,519490317.83565134,5255817.835651323,0.0,514234500.0,0.9898827414964179,Bull,1.0,0.0,0.0,0.0,0.7324421397982164,0.0,0.0,0.1191244530943846,0.13831614860381686,0.0,0.0,0.7428483932908891,0.0,0.0,0.12320831857376432,0.13394328813534645,0.0,0.0
2013-05-15,524875067.83565134,5255817.835651323,0.0,519619250.0,0.9899865355439267,Bull,1.0,0.0,0.0,0.0,0.7308510605805997,0.0,0.0,0.12212010805601892,0.13701536690730812,0.0,0.0,0.7428483932908891,0.0,0.0,0.12320831857376432,0.13394328813534645,0.0,0.0
2013-05-16,532360717.83565134,5255817.835651323,0.0,527104900.0,0.9901273372366406,Bull,1.0,0.0,0.0,0.0,0.7319458159576198,0.0,0.0,0.12134441523527811,0.1368371060437427,0.0,0.0,0.7428483932908891,0.0,0.0,0.12320831857376432,0.13394328813534645,0.0,0.0
2013-05-17,530972017.83565134,5255817.835651323,0.0,525716200.0,0.9901015163528295,Bull,1.0,0.0,0.0,0.0,0.7332736696503516,0.0,0.0,0.12033402487092405,0.1364938218315538,0.0,0.0,0.7428483932908891,0.0,0.0,0.12320831857376432,0.13394328813534645,0.0,0.0
2013-05-20,530254367.83565134,5255817.835651323,0.0,524998550.0,0.9900881196752719,Bull,1.0,0.0,0.0,0.0,0.7338218666415637,0.0,0.0,0.11982173812039686,0.13644451491331133,0.0,0.0,0.7428483932908891,0.0,0.0,0.12320831857376432,0.13394328813534645,0.0,0.0
2013-05-21,530334767.83565134,5255817.835651323,0.0,525078950.0,0.9900896223396765,Bull,1.0,0.0,0.0,0.0,0.7339048344660222,0.0,0.0,0.1197609582701969,0.13642382960345734,0.0,0.0,0.7428483932908891,0.0,0.0,0.12320831857376432,0.13394328813534645,0.0,0.0
2013-05-22,531074767.83565134,5255817.835651323,0.0,525818950.0,0.9901034314677178,Bull,1.0,0.0,0.0,0.0,0.7346364836537226,0.0,0.0,0.11935004982126174,0.13611689799273355,0.0,0.0,0.7428483932908891,0.0,0.0,0.12320831857376432,0.13394328813534645,0.0,0.0
2013-05-23,522254867.83565134,5255817.835651323,0.0,516999050.0,0.989936297085305,Bull,1.0,0.0,0.0,0.0,0.7338000535795849,0.0,0.0,0.12069088079775521,0.13544536270796478,0.0,0.0,0.7428483932908891,0.0,0.0,0.12320831857376432,0.13394328813534645,0.0,0.0
2013-05-24,519045267.83565134,5255817.835651323,0.0,513789450.0,0.989874066557687,Bull,1.0,0.0,0.0,0.0,0.7332570463208805,0.0,0.0,0.12069274855586525,0.13592427168094126,0.0,0.0,0.7428483932908891,0.0,0.0,0.12320831857376432,0.13394328813534645,0.0,0.0
2013-05-27,523569367.83565134,5255817.835651323,0.0,518313550.0,0.9899615635319193,Bull,1.0,0.0,0.0,0.0,0.7339165039170477,0.0,0.0,0.12011015896510574,0.1359349006497659,0.0,0.0,0.7428483932908891,0.0,0.0,0.12320831857376432,0.13394328813534645,0.0,0.0
2013-05-28,524160067.83565134,5255817.835651323,0.0,518904250.0,0.9899728763059851,Bull,1.0,0.0,0.0,0.0,0.7338466312176354,0.0,0.0,0.12081805518205993,0.1353081899062897,0.0,0.0,0.7428483932908891,0.0,0.0,0.12320831857376432,0.13394328813534645,0.0,0.0
2013-05-29,527216767.83565134,5255817.835651323,0.0,521960950.0,0.9900310116136334,Bull,1.0,0.0,0.0,0.0,0.734098237407821,0.0,0.0,0.12023213954333105,0.13570063466248142,0.0,0.0,0.7428483932908891,0.0,0.0,0.12320831857376432,0.13394328813534645,0.0,0.0
2013-05-30,519661567.83565134,5255817.835651323,0.0,514405750.0,0.9898860755519377,Bull,1.0,0.0,0.0,0.0,0.7356853453532837,0.0,0.0,0.11819885056311462,0.1360018796355395,0.0,0.0,0.7428483932908891,0.0,0.0,0.12320831857376432,0.13394328813534645,0.0,0.0
2013-05-31,524450117.83565134,5255817.835651323,0.0,519194300.0,0.9899784218614698,Bull,1.0,0.0,0.0,0.0,0.7384064505470397,0.0,0.0,0.11681187193325768,0.1347600993811725,0.0,0.0,0.7428483932908891,0.0,0.0,0.12320831857376432,0.13394328813534645,0.0,0.0
2013-06-03,517526117.83565134,5255817.835651323,0.0,512270300.0,0.98984434281765,Bull,1.0,0.0,0.0,0.0,0.7359833385664177,0.0,0.0,0.11789743144784876,0.13596357280338348,0.0,0.0,0.7428483932908891,0.0,0.0,0.12320831857376432,0.13394328813534645,0.0,0.0
2013-06-04,515982067.83565134,5255817.835651323,0.0,510726250.0,0.9898139525319213,Bull,1.0,0.0,0.0,0.0,0.7359946666227163,0.0,0.0,0.11768936128869907,0.13612992462050594,0.0,0.0,0.7428483932908891,0.0,0.0,0.12320831857376432,0.13394328813534645,0.0,0.0
2013-06-05,515893367.83565134,5255817.835651323,0.0,510637550.0,0.9898122011963416,Bull,1.0,0.0,0.0,0.0,0.7359310541106806,0.0,0.0,0.11772781699986577,0.1361533300857952,0.0,0.0,0.7428483932908891,0.0,0.0,0.12320831857376432,0.13394328813534645,0.0,0.0
2013-06-06,511193667.83565134,5255817.835651323,0.0,505937850.0,0.9897185388506395,Bull,1.0,0.0,0.0,0.0,0.7347214443993278,0.0,0.0,0.11929138374931002,0.1357057107020016,0.0,0.0,0.7428483932908891,0.0,0.0,0.12320831857376432,0.13394328813534645,0.0,0.0
2013-06-07,512765817.83565134,5255817.835651323,0.0,507510000.0,0.9897500620110837,Bull,1.0,0.0,0.0,0.0,0.7339489819904952,0.0,0.0,0.12014841445563408,0.1356526655649545,0.0,0.0,0.7428483932908891,0.0,0.0,0.12320831857376432,0.13394328813534645,0.0,0.0
2013-06-10,515490167.83565134,5255817.835651323,0.0,510234350.0,0.9898042326244193,Bull,1.0,0.0,0.0,0.0,0.7338084673626606,0.0,0.0,0.11997668211533766,0.13601908314642105,0.0,0.0,0.7428483932908891,0.0,0.0,0.12320831857376432,0.13394328813534645,0.0,0.0
2013-06-11,513717717.83565134,5255817.835651323,0.0,508461900.0,0.989769054768454,Bull,1.0,0.0,0.0,0.0,0.7338733645169138,0.0,0.0,0.11976966700549734,0.13612602324604295,0.0,0.0,0.7428483932908891,0.0,0.0,0.12320831857376432,0.13394328813534645,0.0,0.0
2013-06-13,504652317.83565134,5255817.835651323,0.0,499396500.0,0.9895852696006778,Bull,1.0,0.0,0.0,0.0,0.7351903219056006,0.0,0.0,0.11914341394064708,0.13525153375443014,0.0,0.0,0.7428483932908891,0.0,0.0,0.12320831857376432,0.13394328813534645,0.0,0.0
2013-06-14,505008917.83565134,5255817.835651323,0.0,499753100.0,0.9895926237140988,Bull,1.0,0.0,0.0,0.0,0.7332581404443832,0.0,0.0,0.12166993062882167,0.13466455264089403,0.0,0.0,0.7428483932908891,0.0,0.0,0.12320831857376432,0.13394328813534645,0.0,0.0
2013-06-17,506500767.83565134,5255817.835651323,0.0,501244950.0,0.9896232776544245,Bull,1.0,0.0,0.0,0.0,0.7322812196019206,0.0,0.0,0.12221659656019739,0.13512546149230653,0.0,0.0,0.7428483932908891,0.0,0.0,0.12320831857376432,0.13394328813534645,0.0,0.0
2013-06-18,509084167.83565134,5255817.835651323,0.0,503828350.0,0.9896759353998451,Bull,1.0,0.0,0.0,0.0,0.7320458453548112,0.0,0.0,0.12258090890020765,0.13504918114482622,0.0,0.0,0.7428483932908891,0.0,0.0,0.12320831857376432,0.13394328813534645,0.0,0.0
2013-06-19,507281117.83565134,5255817.835651323,0.0,502025300.0,0.9896392401552898,Bull,1.0,0.0,0.0,0.0,0.7316302281928074,0.0,0.0,0.12272445752686108,0.13528455443562132,0.0,0.0,0.7428483932908891,0.0,0.0,0.12320831857376432,0.13394328813534645,0.0,0.0
2013-06-20,502986117.83565134,5255817.835651323,0.0,497730300.0,0.9895507695952582,Bull,1.0,0.0,0.0,0.0,0.7320218927400036,0.0,0.0,0.12367975535326127,0.13384912150199327,0.0,0.0,0.7428483932908891,0.0,0.0,0.12320831857376432,0.13394328813534645,0.0,0.0
2013-06-21,498365317.83565134,5255817.835651323,0.0,493109500.0,0.9894538852372857,Bull,0.5,0.0,0.0,0.0,0.732000977885671,0.0,0.0,0.12398134017097909,0.1334715671806357,0.0,0.0,0.37142419664544457,0.0,0.0,0.06160415928688216,0.06697164406767322,0.0,0.0
2013-06-24,497064007.01124746,104356507.01124747,0.0,392707500.0,0.7900541871081683,Bull,0.5,0.0,0.0,0.0,0.5843621664471622,0.0,0.0,0.09944292747569936,0.10624909318530676,0.0,0.0,0.37142419664544457,0.0,0.0,0.06160415928688216,0.06697164406767322,0.0,0.0
2013-06-25,494671421.5769259,203188221.57692587,0.0,291483200.0,0.5892460879805884,Bear,0.5,0.0,0.0,0.0,0.43540457484566064,0.0,0.0,0.07487798644587748,0.07896352668905023,0.0,0.0,0.3613906046942655,0.0,0.0,0.08422282387729302,0.05438657142844152,0.0,0.0
2013-06-26,497609585.0969198,236649835.09691978,0.0,260959750.0,0.5244266947735194,Bull,0.5,0.0,0.0,0.0,0.38195636839065483,0.0,0.0,0.08149782724161403,0.06097249914125058,0.0,0.0,0.3613906046942655,0.0,0.0,0.08422282387729302,0.05438657142844152,0.0,0.0
2013-06-27,498287105.643979,245774205.643979,0.0,252512900.0,0.506761859056449,Bull,0.5,0.0,0.0,0.0,0.3665226290854288,0.0,0.0,0.08352092504222897,0.05671830492879121,0.0,0.0,0.3613906046942655,0.0,0.0,0.08422282387729302,0.05438657142844152,0.0,0.0
2013-06-28,504485855.643979,245774205.643979,0.0,258711650.0,0.5128224054364282,Bull,0.5,0.0,0.0,0.0,0.3685299556370603,0.0,0.0,0.0874979932661405,0.0567944565332274,0.0,0.0,0.3613906046942655,0.0,0.0,0.08422282387729302,0.05438657142844152,0.0,0.0
2013-07-01,502824905.643979,245774205.643979,0.0,257050700.0,0.5112131422185412,Bull,1.0,0.0,0.0,0.0,0.3689988262661184,0.0,0.0,0.08471517524663025,0.057499140705792526,0.0,0.0,0.722781209388531,0.0,0.0,0.16844564775458604,0.10877314285688304,0.0,0.0
2013-07-02,502928257.4550643,145265257.4550643,0.0,357663000.0,0.7111610745633169,Bull,1.0,0.0,0.0,0.0,0.5137905778203118,0.0,0.0,0.11912971504758445,0.07824078169542065,0.0,0.0,0.722781209388531,0.0,0.0,0.16844564775458604,0.10877314285688304,0.0,0.0
2013-07-03,500863356.1858882,44680156.185888186,0.0,456183200.0,0.9107937212134445,Bull,1.0,0.0,0.0,0.0,0.6586894328072135,0.0,0.0,0.1535444728590963,0.09855981554713476,0.0,0.0,0.722781209388531,0.0,0.0,0.16844564775458604,0.10877314285688304,0.0,0.0
2013-07-04,500335016.68549067,11406116.685490677,0.0,488928900.0,0.9772030413520697,Bull,1.0,0.0,0.0,0.0,0.7059027216198481,0.0,0.0,0.1648785258854985,0.106421793846723,0.0,0.0,0.722781209388531,0.0,0.0,0.16844564775458604,0.10877314285688304,0.0,0.0
2013-07-05,503881935.0405052,3034585.040505178,0.0,500847350.0,0.9939775871499318,Bull,1.0,0.0,0.0,0.0,0.7162685837724811,0.0,0.0,0.16814117377156895,0.10956782960588166,0.0,0.0,0.722781209388531,0.0,0.0,0.16844564775458604,0.10877314285688304,0.0,0.0
2013-07-08,500752385.0405052,3034585.040505178,1347500.0,496370300.0,0.9912489981647302,Bull,1.0,0.0,0.0,0.0,0.7170839535211687,0.0,0.0,0.1659778415099851,0.10818720313357641,0.0,0.0,0.722781209388531,0.0,0.0,0.16844564775458604,0.10877314285688304,0.0,0.0
2013-07-09,506360735.0405052,3034585.040505178,1347500.0,501978650.0,0.9913459225068969,Bull,1.0,0.0,0.0,0.0,0.7178830719781659,0.0,0.0,0.1652094923855187,0.10825335814321223,0.0,0.0,0.722781209388531,0.0,0.0,0.16844564775458604,0.10877314285688304,0.0,0.0
2013-07-10,509432185.0405052,3034585.040505178,1347500.0,505050100.0,0.9913980993561355,Bull,1.0,0.0,0.0,0.0,0.720345142643122,0.0,0.0,0.1631622469895401,0.10789070972347353,0.0,0.0,0.722781209388531,0.0,0.0,0.16844564775458604,0.10877314285688304,0.0,0.0
2013-07-11,516527235.0405052,3034585.040505178,1347500.0,512145150.0,0.9915162555946124,Bull,1.0,0.0,0.0,0.0,0.721833283332605,0.0,0.0,0.16060450325236905,0.1090784690096385,0.0,0.0,0.722781209388531,0.0,0.0,0.16844564775458604,0.10877314285688304,0.0,0.0
2013-07-12,519197285.0405052,3034585.040505178,1347500.0,514815200.0,0.9915598845241201,Bull,1.0,0.0,0.0,0.0,0.7224888511709676,0.0,0.0,0.1602689428422344,0.10880209051091812,0.0,0.0,0.722781209388531,0.0,0.0,0.16844564775458604,0.10877314285688304,0.0,0.0
2013-07-15,521057785.0405052,3034585.040505178,1347500.0,516675700.0,0.991590020979795,Bull,1.0,0.0,0.0,0.0,0.7223979965499203,0.0,0.0,0.16049486717389536,0.10869715725597921,0.0,0.0,0.722781209388531,0.0,0.0,0.16844564775458604,0.10877314285688304,0.0,0.0
2013-07-16,521335835.0405052,3034585.040505178,1347500.0,516953750.0,0.9915945063700355,Bull,1.0,0.0,0.0,0.0,0.7230104371603658,0.0,0.0,0.15994488465102616,0.10863918455864356,0.0,0.0,0.722781209388531,0.0,0.0,0.16844564775458604,0.10877314285688304,0.0,0.0
2013-07-17,525332035.0405052,3034585.040505178,2840150.0,519457300.0,0.9888171010929265,Bull,1.0,0.0,0.0,0.0,0.7236392883801364,0.0,0.0,0.15717754580421409,0.10800026690857607,0.0,0.0,0.722781209388531,0.0,0.0,0.16844564775458604,0.10877314285688304,0.0,0.0
2013-07-18,525435685.0405052,3034585.040505178,2840150.0,519560950.0,0.9888193070859809,Bull,1.0,0.0,0.0,0.0,0.7233717861600887,0.0,0.0,0.1582184125800122,0.10722910834587998,0.0,0.0,0.722781209388531,0.0,0.0,0.16844564775458604,0.10877314285688304,0.0,0.0
2013-07-19,521525735.0405052,3034585.040505178,2840150.0,515651000.0,0.9887354838969761,Bull,1.0,0.0,0.0,0.0,0.7256434813722236,0.0,0.0,0.1574198442836645,0.10567215824108801,0.0,0.0,0.722781209388531,0.0,0.0,0.16844564775458604,0.10877314285688304,0.0,0.0
2013-07-22,523115235.0405052,3034585.040505178,2840150.0,517240500.0,0.9887697114383406,Bull,1.0,0.0,0.0,0.0,0.7241822157419423,0.0,0.0,0.15885983514428778,0.10572766055211044,0.0,0.0,0.722781209388531,0.0,0.0,0.16844564775458604,0.10877314285688304,0.0,0.0
2013-07-23,528545135.0405052,3034585.040505178,2840150.0,522670400.0,0.9888850835036918,Bull,1.0,0.0,0.0,0.0,0.7216902109424729,0.0,0.0,0.16087613784106383,0.10631873472015506,0.0,0.0,0.722781209388531,0.0,0.0,0.16844564775458604,0.10877314285688304,0.0,0.0
2013-07-24,526279685.0405052,3034585.040505178,4089650.0,519155450.0,0.9864630248078893,Bull,1.0,0.0,0.0,0.0,0.7248758803422913,0.0,0.0,0.15509148903157452,0.10649565543402341,0.0,0.0,0.722781209388531,0.0,0.0,0.16844564775458604,0.10877314285688304,0.0,0.0
2013-07-25,523838135.0405052,3034585.040505178,4089650.0,516713900.0,0.9863999305053377,Bull,1.0,0.0,0.0,0.0,0.7255285069511259,0.0,0.0,0.1536913687923364,0.10718005476187535,0.0,0.0,0.722781209388531,0.0,0.0,0.16844564775458604,0.10877314285688304,0.0,0.0
2013-07-26,525517035.0405052,4382085.040505178,2742150.0,518392800.0,0.9864433794425788,Bull,1.0,1347500.0,0.0,0.0,0.7255152061257403,0.0,0.0,0.1542779673997646,0.10665020591707387,0.0,0.0,0.722781209388531,0.0,0.0,0.16844564775458604,0.10877314285688304,0.0,0.0
2013-07-29,523624135.0405052,4382085.040505178,2742150.0,516499900.0,0.9863943722915788,Bull,1.0,0.0,0.0,0.0,0.7255830558127542,0.0,0.0,0.15452801844922756,0.10628329802959709,0.0,0.0,0.722781209388531,0.0,0.0,0.16844564775458604,0.10877314285688304,0.0,0.0
2013-07-30,526245585.0405052,4382085.040505178,2742150.0,519121350.0,0.9864621476302612,Bull,1.0,0.0,0.0,0.0,0.7257482264114452,0.0,0.0,0.15411777752730682,0.10659614369150917,0.0,0.0,0.722781209388531,0.0,0.0,0.16844564775458604,0.10877314285688304,0.0,0.0
2013-07-31,523931635.0405052,4382085.040505178,2742150.0,516807400.0,0.9864023575519458,Bull,1.0,0.0,0.0,0.0,0.7258971868927087,0.0,0.0,0.15409624958752166,0.10640892107171557,0.0,0.0,0.722781209388531,0.0,0.0,0.16844564775458604,0.10877314285688304,0.0,0.0
2013-08-01,524032235.0405052,4382085.040505178,2742150.0,516908000.0,0.986404967931115,Bull,1.0,0.0,0.0,0.0,0.7270390531806715,0.0,0.0,0.15372928345481107,0.10563663129563236,0.0,0.0,0.722781209388531,0.0,0.0,0.16844564775458604,0.10877314285688304,0.0,0.0
2013-08-02,527639206.0405052,4382085.040505178,4875600.0,518381521.0,0.9824545163920315,Bull,1.0,0.0,308165.0,0.0,0.7243583619725554,0.0,0.0,0.15252827894260348,0.10556787547687264,0.0,0.0,0.722781209388531,0.0,0.0,0.16844564775458604,0.10877314285688304,0.0,0.0
2013-08-05,527846126.09645295,1617088.5964529281,4875600.0,521353437.5,0.9876996566320039,Bull,1.0,0.0,0.0,0.0,0.7233845596703828,0.0,0.0,0.15614550514848205,0.10816959181313897,0.0,0.0,0.722781209388531,0.0,0.0,0.16844564775458604,0.10877314285688304,0.0,0.0
2013-08-06,522806443.09645295,1617088.5964529281,4875600.0,516313754.5,0.9875810853477659,Bull,1.0,0.0,0.0,0.0,0.7247105683242308,0.0,0.0,0.15519912019338022,0.10767139683015493,0.0,0.0,0.722781209388531,0.0,0.0,0.16844564775458604,0.10877314285688304,0.0,0.0
2013-08-07,518863801.84645295,1617088.5964529281,4875600.0,512371113.25,0.9874867189167027,Bull,1.0,0.0,0.0,0.0,0.7257875995778995,0.0,0.0,0.1547621933043679,0.10693692603443523,0.0,0.0,0.722781209388531,0.0,0.0,0.16844564775458604,0.10877314285688304,0.0,0.0
2013-08-08,516696643.59645295,1617088.5964529281,4875600.0,510203955.0,0.9874342350063264,Bull,1.0,0.0,0.0,0.0,0.7250841661990852,0.0,0.0,0.1553544057133315,0.10699566309390968,0.0,0.0,0.722781209388531,0.0,0.0,0.16844564775458604,0.10877314285688304,0.0,0.0
2013-08-09,513930427.09645295,1617088.5964529281,4875600.0,507437738.5,0.9873666001191356,Bull,1.0,0.0,0.0,0.0,0.7243071608020173,0.0,0.0,0.15558584544556123,0.10747359387155697,0.0,0.0,0.722781209388531,0.0,0.0,0.16844564775458604,0.10877314285688304,0.0,0.0
2013-08-12,517793560.09645295,1617088.5964529281,4875600.0,511300871.5,0.9874608548718846,Bull,1.0,0.0,0.0,0.0,0.7235253590836739,0.0,0.0,0.15697201793096768,0.10696347785724306,0.0,0.0,0.722781209388531,0.0,0.0,0.16844564775458604,0.10877314285688304,0.0,0.0
2013-08-13,518076518.34645295,1617088.5964529281,8197600.000000001,508261829.75,0.9810555231729503,Bull,1.0,0.0,0.0,0.0,0.7152493244293303,0.0,0.0,0.1578320906359215,0.10797410810769859,0.0,0.0,0.722781209388531,0.0,0.0,0.16844564775458604,0.10877314285688304,0.0,0.0
2013-08-14,518415395.84645295,1617088.5964529281,11648800.0,505149507.25,0.974410697092063,Bull,1.0,0.0,517680.0,0.0,0.7098649272349111,0.0,0.0,0.1569336108684872,0.10761215898866462,0.0,0.0,0.722781209388531,0.0,0.0,0.16844564775458604,0.10877314285688304,0.0,0.0
2013-08-15,516261800.34645295,2866588.596452928,12349800.0,501045411.75,0.9705258289762257,Bull,1.0,1249500.0,195050.0,0.0,0.7068092419488017,0.0,0.0,0.1564357462547149,0.10728084077270919,0.0,0.0,0.722781209388531,0.0,0.0,0.16844564775458604,0.10877314285688304,0.0,0.0
2013-08-16,517498055.80446815,822922.3044681777,12349800.0,504325333.5,0.9745453685154609,Bull,1.0,0.0,0.0,0.0,0.7054955654518379,0.0,0.0,0.1604711342749029,0.10857866878872022,0.0,0.0,0.722781209388531,0.0,0.0,0.16844564775458604,0.10877314285688304,0.0,0.0
2013-08-19,516539583.6881843,767797.6881843028,12349800.0,503421986.0,0.9746048548796157,Bull,1.0,0.0,0.0,0.0,0.7063241569889888,0.0,0.0,0.15968921376951742,0.10859148412110954,0.0,0.0,0.722781209388531,0.0,0.0,0.16844564775458604,0.10877314285688304,0.0,0.0
2013-08-20,515324515.0929859,2846323.342985928,10216350.0,502261841.75,0.9746515584638373,Bear,1.0,2133450.0,0.0,0.0,0.7077882597612994,0.0,0.0,0.15889754436624223,0.10796575433629566,0.0,0.0,0.7372448947636386,0.0,0.0,0.17942178860645816,0.08333331662990325,0.0,0.0
2013-08-22,513633315.1906939,186922.9406939284,10216350.0,503230042.25,0.9797457200827568,Bear,1.0,0.0,0.0,0.0,0.718084636143716,0.0,0.0,0.17257661716723086,0.08908446677181003,0.0,0.0,0.7372448947636386,0.0,0.0,0.17942178860645816,0.08333331662990325,0.0,0.0
2013-08-23,514442896.8262232,1523986.5762231788,8723700.0,504195210.25,0.9800800309627273,Bull,1.0,1492650.0000000002,0.0,0.0,0.7187323656932502,0.0,0.0,0.1755184113864848,0.08582925388299245,0.0,0.0,0.7372448947636386,0.0,0.0,0.17942178860645816,0.08333331662990325,0.0,0.0
2013-08-26,516054597.7011332,202734.451133179,8723700.0,507128163.25,0.9827025386637427,Bull,1.0,0.0,0.0,0.0,0.7190726812687114,0.0,0.0,0.17949379854889838,0.08413605884613294,0.0,0.0,0.7372448947636386,0.0,0.0,0.17942178860645816,0.08333331662990325,0.0,0.0
2013-08-27,514617055.0125007,58520.512500679004,8723700.0,505834834.5,0.9829344549953025,Bear,1.0,0.0,0.0,0.0,0.7183837591449815,0.0,0.0,0.18147571886775385,0.08307497698256718,0.0,0.0,0.7372448947636386,0.0,0.0,0.17942178860645816,0.08333331662990325,0.0,0.0
2013-08-28,514798343.2477153,181540.74771530402,8723700.0,505893102.5,0.9827014968783025,Bear,1.0,0.0,0.0,0.0,0.7178541021880805,0.0,0.0,0.18146717297232598,0.08338022171789594,0.0,0.0,0.7372448947636386,0.0,0.0,0.17942178860645816,0.08333331662990325,0.0,0.0
2013-08-29,516527739.6607538,796253.160753804,8723700.0,507007786.5,0.9815693283636493,Bull,1.0,0.0,0.0,0.0,0.7163359449833503,0.0,0.0,0.18099395796516468,0.08423942541513435,0.0,0.0,0.7372448947636386,0.0,0.0,0.17942178860645816,0.08333331662990325,0.0,0.0
2013-08-30,522651744.96545553,503795.46545555396,8723700.0,513424249.5,0.982344849023578,Bull,1.0,0.0,0.0,0.0,0.7170978631761227,0.0,0.0,0.1821107475806685,0.0831362382667868,0.0,0.0,0.7372448947636386,0.0,0.0,0.17942178860645816,0.08333331662990325,0.0,0.0
2013-09-02,521628831.6610527,367791.9110526792,8723700.0,512537339.75,0.9825709558996152,Bull,1.0,0.0,0.0,0.0,0.7169445342181668,0.0,0.0,0.18154805534509877,0.08407836633634955,0.0,0.0,0.752933671072729,0.0,0.0,0.15334916670414833,0.09371716222312271,0.0,0.0
2013-09-03,525429531.71000266,105193.71000268077,8723700.0,516600638.0,0.9831968072269003,Bull,1.0,0.0,0.0,0.0,0.7309598429879963,0.0,0.0,0.161131978487132,0.09110498575177195,0.0,0.0,0.752933671072729,0.0,0.0,0.15334916670414833,0.09371716222312271,0.0,0.0
2013-09-04,527843956.4418962,809294.4418961809,8723700.0,518310962.0,0.9819397488110758,Bull,1.0,0.0,0.0,0.0,0.7322200193506332,0.0,0.0,0.15726314375096495,0.09245658570947772,0.0,0.0,0.752933671072729,0.0,0.0,0.15334916670414833,0.09371716222312271,0.0,0.0
2013-09-05,529506772.49467844,871584.994678431,8723700.0,519911487.5,0.9818788247986481,Bull,1.0,0.0,0.0,0.0,0.7321481190382625,0.0,0.0,0.15613435803756576,0.09359634772281988,0.0,0.0,0.752933671072729,0.0,0.0,0.15334916670414833,0.09371716222312271,0.0,0.0
2013-09-06,528555417.59127194,7039569.841271931,3451200.0,518064647.75,0.9801519963808518,Bull,1.0,5272500.0,0.0,0.0,0.7320052635411469,0.0,0.0,0.1542171308572848,0.09392960198242006,0.0,0.0,0.752933671072729,0.0,0.0,0.15334916670414833,0.09371716222312271,0.0,0.0
2013-09-09,528511265.96804595,146059.9680459313,3451200.0,524914006.0,0.9931935983210177,Bull,1.0,0.0,0.0,0.0,0.7453774997178921,0.0,0.0,0.15365727323002792,0.09415882537309764,0.0,0.0,0.752933671072729,0.0,0.0,0.15334916670414833,0.09371716222312271,0.0,0.0
2013-09-10,531724911.21804595,146059.9680459313,3451200.0,528127651.25,0.9932347349312531,Bull,1.0,0.0,0.0,0.0,0.7464932390335765,0.0,0.0,0.15290632107823024,0.09383517481944648,0.0,0.0,0.752933671072729,0.0,0.0,0.15334916670414833,0.09371716222312271,0.0,0.0
2013-09-11,532728116.71804595,146059.9680459313,3451200.0,529130856.75,0.9932474749217154,Bull,1.0,0.0,0.0,0.0,0.7470213121126207,0.0,0.0,0.15232272796096477,0.09390343484812996,0.0,0.0,0.752933671072729,0.0,0.0,0.15334916670414833,0.09371716222312271,0.0,0.0
2013-09-12,534415705.71804595,146059.9680459313,3451200.0,530818445.75,0.9932687981854638,Bull,1.0,0.0,0.0,0.0,0.7473420812237808,0.0,0.0,0.15223841501941981,0.09368830194226327,0.0,0.0,0.752933671072729,0.0,0.0,0.15334916670414833,0.09371716222312271,0.0,0.0
2013-09-13,532920705.21804595,146059.9680459313,3451200.0,529323445.25,0.9932499151696984,Bull,1.0,0.0,0.0,0.0,0.7476345755546903,0.0,0.0,0.15239884509041557,0.09321649452459259,0.0,0.0,0.752933671072729,0.0,0.0,0.15334916670414833,0.09371716222312271,0.0,0.0
2013-09-14,531325799.71804595,146059.9680459313,3451200.0,527728539.75,0.9932296531244015,Bull,1.0,0.0,0.0,0.0,0.7465188777967944,0.0,0.0,0.1532144684922122,0.0934963068353949,0.0,0.0,0.752933671072729,0.0,0.0,0.15334916670414833,0.09371716222312271,0.0,0.0
2013-09-16,536862710.71804595,146059.9680459313,3451200.0,533265450.75,0.9932994788123118,Bull,1.0,0.0,0.0,0.0,0.7471577793389792,0.0,0.0,0.152475294643794,0.09366640482953867,0.0,0.0,0.752933671072729,0.0,0.0,0.15334916670414833,0.09371716222312271,0.0,0.0
2013-09-17,537994420.468046,146059.9680459313,3451200.0,534397160.5,0.9933135738379658,Bull,1.0,0.0,0.0,0.0,0.747659539201282,0.0,0.0,0.15226551964745794,0.09338851498922587,0.0,0.0,0.752933671072729,0.0,0.0,0.15334916670414833,0.09371716222312271,0.0,0.0
2013-09-18,535824714.96804595,146059.9680459313,3451200.0,532227455.0,0.9932864986112847,Bull,1.0,0.0,0.0,0.0,0.7479189440223918,0.0,0.0,0.15192561620614053,0.09344193838275237,0.0,0.0,0.752933671072729,0.0,0.0,0.15334916670414833,0.09371716222312271,0.0,0.0
2013-09-23,542858380.468046,146059.9680459313,3451200.0,539261120.5,0.9933734835871109,Bull,1.0,0.0,0.0,0.0,0.750038380450068,0.0,0.0,0.15038268347191028,0.09295241966513254,0.0,0.0,0.752933671072729,0.0,0.0,0.15334916670414833,0.09371716222312271,0.0,0.0
2013-09-24,542203670.718046,146059.9680459313,3451200.0,538606410.75,0.9933654820829928,Bull,1.0,0.0,0.0,0.0,0.7500006597363406,0.0,0.0,0.1502199346827276,0.09314488766392469,0.0,0.0,0.7647002533045468,0.0,0.0,0.1279983756403377,0.10730137105511556,0.0,0.0
2013-09-25,542469009.9144834,1021256.9144834308,3451200.0,537996553.0,0.991755368817864,Bull,1.0,0.0,0.0,0.0,0.7554172598073403,0.0,0.0,0.13309128942016707,0.10324681959035653,0.0,0.0,0.7647002533045468,0.0,0.0,0.1279983756403377,0.10730137105511556,0.0,0.0
2013-09-26,534425091.9144834,1021256.9144834308,3451200.0,529952635.0,0.9916312744626911,Bull,1.0,0.0,0.0,0.0,0.7542287798577,0.0,0.0,0.13359889174407424,0.1038036028609168,0.0,0.0,0.7647002533045468,0.0,0.0,0.1279983756403377,0.10730137105511556,0.0,0.0
2013-09-27,538287352.4144834,1021256.9144834308,3451200.0,533814895.5,0.9916913208262794,Bull,1.0,0.0,0.0,0.0,0.754835114883274,0.0,0.0,0.13352738026929362,0.10332882567371175,0.0,0.0,0.7647002533045468,0.0,0.0,0.1279983756403377,0.10730137105511556,0.0,0.0
2013-09-30,533420272.4144834,1021256.9144834308,3451200.0,528947815.5,0.9916155100475668,Bull,1.0,0.0,0.0,0.0,0.7526837397511301,0.0,0.0,0.13511428741500353,0.10381748288143307,0.0,0.0,0.7647002533045468,0.0,0.0,0.1279983756403377,0.10730137105511556,0.0,0.0
2013-10-01,533715849.1644834,1021256.9144834308,3451200.0,529243392.25,0.9916201534552798,Bull,1.0,0.0,0.0,0.0,0.7532323480356413,0.0,0.0,0.13462781761584142,0.10375998780379707,0.0,0.0,0.7647002533045468,0.0,0.0,0.1279983756403377,0.10730137105511556,0.0,0.0
2013-10-02,531935090.9144834,1021256.9144834308,3451200.0,527462634.0,0.9915921002564532,Bull,1.0,0.0,0.0,0.0,0.7527252682496378,0.0,0.0,0.1343951568923529,0.10447167511446252,0.0,0.0,0.7647002533045468,0.0,0.0,0.1279983756403377,0.10730137105511556,0.0,0.0
2013-10-03,541417968.6644834,1021256.9144834308,3451200.0,536945511.75,0.9917393637202038,Bull,1.0,0.0,0.0,0.0,0.7547517544679639,0.0,0.0,0.13219805056812703,0.10478955868411274,0.0,0.0,0.7647002533045468,0.0,0.0,0.1279983756403377,0.10730137105511556,0.0,0.0
2013-10-04,541851571.1644834,1021256.9144834308,3451200.0,537379114.25,0.9917459740776026,Bull,1.0,0.0,0.0,0.0,0.7554774887341547,0.0,0.0,0.1317416130151456,0.10452687232830236,0.0,0.0,0.7647002533045468,0.0,0.0,0.1279983756403377,0.10730137105511556,0.0,0.0
2013-10-07,540989818.6644834,1021256.9144834308,3451200.0,536517361.75,0.9917328260899172,Bull,1.0,0.0,0.0,0.0,0.756465551903125,0.0,0.0,0.1315590377942773,0.10370823639251486,0.0,0.0,0.7647002533045468,0.0,0.0,0.1279983756403377,0.10730137105511556,0.0,0.0
2013-10-08,543087670.4144834,1021256.9144834308,3451200.0,538615213.5,0.9917647607225735,Bull,1.0,0.0,0.0,0.0,0.7599654456986786,0.0,0.0,0.1276887761916508,0.10411053883224398,0.0,0.0,0.7647002533045468,0.0,0.0,0.1279983756403377,0.10730137105511556,0.0,0.0
2013-10-09,540548130.9144834,4472456.914483431,0.0,536075674.0,0.9917260708923051,Bull,1.0,3451200.0,0.0,0.0,0.7602008970132019,0.0,0.0,0.1271944089117149,0.10433076496738827,0.0,0.0,0.7647002533045468,0.0,0.0,0.1279983756403377,0.10730137105511556,0.0,0.0
2013-10-11,540863862.9708542,173938.47085418086,0.0,540689924.5,0.999678406189131,Bull,1.0,0.0,0.0,0.0,0.7691467354002488,0.0,0.0,0.12581391484767573,0.10471775594120639,0.0,0.0,0.7647002533045468,0.0,0.0,0.1279983756403377,0.10730137105511556,0.0,0.0
2013-10-14,538824297.7208542,173938.47085418086,0.0,538650359.25,0.9996771888877508,Bull,1.0,0.0,0.0,0.0,0.7680057506693687,0.0,0.0,0.12736656511275934,0.10430487310562278,0.0,0.0,0.7647002533045468,0.0,0.0,0.1279983756403377,0.10730137105511556,0.0,0.0
2013-10-15,542626633.9708542,173938.47085418086,0.0,542452695.5,0.9996794509152982,Bull,1.0,0.0,0.0,0.0,0.7682280400603975,0.0,0.0,0.12698455196672317,0.10446685888817757,0.0,0.0,0.7647002533045468,0.0,0.0,0.1279983756403377,0.10730137105511556,0.0,0.0
2013-10-16,540891399.4708542,173938.47085418086,0.0,540717461.0,0.9996784225613047,Bull,1.0,0.0,0.0,0.0,0.7672322233372129,0.0,0.0,0.12809207184247964,0.10435412738161219,0.0,0.0,0.7647002533045468,0.0,0.0,0.1279983756403377,0.10730137105511556,0.0,0.0
2013-10-17,540471241.7208542,173938.47085418086,0.0,540297303.25,0.9996781725697368,Bull,1.0,0.0,0.0,0.0,0.7680235712974172,0.0,0.0,0.1266814859232836,0.10497311534903611,0.0,0.0,0.7647002533045468,0.0,0.0,0.1279983756403377,0.10730137105511556,0.0,0.0
2013-10-18,539892241.7208542,173938.47085418086,0.0,539718303.25,0.9996778274303411,Bull,1.0,0.0,0.0,0.0,0.769686283924885,0.0,0.0,0.12400844988362779,0.10598309362182823,0.0,0.0,0.7647002533045468,0.0,0.0,0.1279983756403377,0.10730137105511556,0.0,0.0
2013-10-21,535814107.72085416,173938.47085418086,0.0,535640169.25,0.9996753753431502,Bull,1.0,0.0,0.0,0.0,0.77215467694543,0.0,0.0,0.12082138015247405,0.10669931824524612,0.0,0.0,0.7647002533045468,0.0,0.0,0.1279983756403377,0.10730137105511556,0.0,0.0
2013-10-22,534244649.47085416,173938.47085418086,0.0,534070711.0,0.9996744216885908,Bull,1.0,0.0,0.0,0.0,0.7739512438908523,0.0,0.0,0.1187104074188017,0.10701277037893663,0.0,0.0,0.7647002533045468,0.0,0.0,0.1279983756403377,0.10730137105511556,0.0,0.0
2013-10-23,536134846.97085416,173938.47085418086,0.0,535960908.5,0.999675569547779,Bull,1.0,0.0,0.0,0.0,0.7715456490790037,0.0,0.0,0.12203664874549155,0.10609327172328378,0.0,0.0,0.7647002533045468,0.0,0.0,0.1279983756403377,0.10730137105511556,0.0,0.0
2013-10-24,537582417.4708542,173938.47085418086,1308150.0,536100329.0,0.9972430488373729,Bull,1.0,0.0,0.0,0.0,0.7722515943753088,0.0,0.0,0.12125675595320996,0.1037346985088541,0.0,0.0,0.7647002533045468,0.0,0.0,0.1279983756403377,0.10730137105511556,0.0,0.0
2013-10-25,534108988.97085416,173938.47085418086,1308150.0,532626900.5,0.9972251197761904,Bull,1.0,0.0,0.0,0.0,0.7713831989494613,0.0,0.0,0.12224901911089733,0.10359290171583183,0.0,0.0,0.7647002533045468,0.0,0.0,0.1279983756403377,0.10730137105511556,0.0,0.0
2013-10-28,538160896.9708542,173938.47085418086,1308150.0,536678808.5,0.9972460123372092,Bull,1.0,0.0,0.0,0.0,0.7711662271190177,0.0,0.0,0.12254662196977073,0.10353316324842078,0.0,0.0,0.7647002533045468,0.0,0.0,0.1279983756403377,0.10730137105511556,0.0,0.0
2013-10-29,536706800.22085416,173938.47085418086,1308150.0,535224711.75,0.9972385509737453,Bull,1.0,0.0,0.0,0.0,0.7701504090872504,0.0,0.0,0.12282311305329838,0.10426502883319651,0.0,0.0,0.7647002533045468,0.0,0.0,0.1279983756403377,0.10730137105511556,0.0,0.0
2013-10-30,541120299.9708542,173938.47085418086,1308150.0,539638211.5,0.9972610739775721,Bull,1.0,0.0,0.0,0.0,0.7681262586570633,0.0,0.0,0.1254515862806411,0.10368322903986772,0.0,0.0,0.7647002533045468,0.0,0.0,0.1279983756403377,0.10730137105511556,0.0,0.0
2013-10-31,543517181.4708542,173938.47085418086,1308150.0,542035093.0,0.9972731524938303,Bull,1.0,0.0,0.0,0.0,0.7667323264229634,0.0,0.0,0.1273148344873633,0.10322599158350362,0.0,0.0,0.7647002533045468,0.0,0.0,0.1279983756403377,0.10730137105511556,0.0,0.0
2013-11-01,538508952.7208542,173938.47085418086,1308150.0,537026864.25,0.9972477923284918,Bull,1.0,0.0,0.0,0.0,0.7686534497868718,0.0,0.0,0.12494815482645978,0.10364618771516024,0.0,0.0,0.7647002533045468,0.0,0.0,0.1279983756403377,0.10730137105511556,0.0,0.0
2013-11-04,534152752.47085416,173938.47085418086,1308150.0,532670664.0,0.9972253471240232,Bull,1.0,0.0,0.0,0.0,0.7679612472321443,0.0,0.0,0.12522616365933606,0.1040379362325429,0.0,0.0,0.7647002533045468,0.0,0.0,0.1279983756403377,0.10730137105511556,0.0,0.0
2013-11-05,532011004.22085416,173938.47085418086,1308150.0,530528915.75,0.9972141770393927,Bull,1.0,0.0,0.0,0.0,0.7686294315450757,0.0,0.0,0.12512974256518306,0.10345500292913402,0.0,0.0,0.7647002533045468,0.0,0.0,0.1279983756403377,0.10730137105511556,0.0,0.0
2013-11-06,532520483.47085416,173938.47085418086,1308150.0,531038395.0,0.9972168423246478,Bull,1.0,0.0,0.0,0.0,0.7674253060396451,0.0,0.0,0.12643551204107825,0.1033560242439245,0.0,0.0,0.7647002533045468,0.0,0.0,0.1279983756403377,0.10730137105511556,0.0,0.0
2013-11-07,530528676.97085416,173938.47085418086,1308150.0,529046588.5,0.9972063932918453,Bull,1.0,0.0,0.0,0.0,0.766831947375297,0.0,0.0,0.12690435582938098,0.10347009008716737,0.0,0.0,0.7647002533045468,0.0,0.0,0.1279983756403377,0.10730137105511556,0.0,0.0
2013-11-08,531735398.47085416,173938.47085418086,1308150.0,530253310.0,0.9972127331091436,Bull,1.0,0.0,0.0,0.0,0.767376144551275,0.0,0.0,0.1269657807137708,0.10287080784409777,0.0,0.0,0.7647002533045468,0.0,0.0,0.1279983756403377,0.10730137105511556,0.0,0.0
2013-11-11,528391121.97085416,173938.47085418086,1308150.0,526909033.5,0.997195092027046,Bull,1.0,0.0,0.0,0.0,0.7671603792055377,0.0,0.0,0.1267878986121484,0.10324681420935988,0.0,0.0,0.7647002533045468,0.0,0.0,0.1279983756403377,0.10730137105511556,0.0,0.0
2013-11-12,529774472.97085416,173938.47085418086,1308150.0,528292384.5,0.9972024162233734,Bull,1.0,0.0,0.0,0.0,0.7674757944072718,0.0,0.0,0.12638359040693822,0.10334303140916345,0.0,0.0,0.7647002533045468,0.0,0.0,0.1279983756403377,0.10730137105511556,0.0,0.0
2013-11-13,524351686.22085416,173938.47085418086,1308150.0,522869597.75,0.9971734839234789,Bull,1.0,0.0,0.0,0.0,0.7672042606544794,0.0,0.0,0.1269434269959876,0.10302579627301194,0.0,0.0,0.7647002533045468,0.0,0.0,0.1279983756403377,0.10730137105511556,0.0,0.0
2013-11-14,524458336.22085416,173938.47085418086,1308150.0,522976247.75,0.9971740587030539,Bull,1.0,0.0,0.0,0.0,0.7670482476239908,0.0,0.0,0.12684382229360924,0.10328198878545376,0.0,0.0,0.7647002533045468,0.0,0.0,0.1279983756403377,0.10730137105511556,0.0,0.0
2013-11-15,526367533.97085416,173938.47085418086,1308150.0,524885445.5,0.9971843087287822,Bull,1.0,0.0,0.0,0.0,0.7676427010074174,0.0,0.0,0.1261740052601296,0.10336760246123526,0.0,0.0,0.7647002533045468,0.0,0.0,0.1279983756403377,0.10730137105511556,0.0,0.0
2013-11-18,526342673.47085416,173938.47085418086,1308150.0,524860585.0,0.997184175736539,Bull,1.0,0.0,0.0,0.0,0.7672492757180216,0.0,0.0,0.12601011345448634,0.10392478656403104,0.0,0.0,0.7647002533045468,0.0,0.0,0.1279983756403377,0.10730137105511556,0.0,0.0
2013-11-19,527929247.22085416,173938.47085418086,1308150.0,526447158.75,0.9971926380691045,Bull,1.0,0.0,0.0,0.0,0.7669093176431365,0.0,0.0,0.1260284410273752,0.10425487939859274,0.0,0.0,0.7647002533045468,0.0,0.0,0.1279983756403377,0.10730137105511556,0.0,0.0
2013-11-20,525905621.22085416,173938.47085418086,1308150.0,524423532.75,0.9971818356544401,Bull,1.0,0.0,0.0,0.0,0.7664198032611121,0.0,0.0,0.12675087945486427,0.10401115293846365,0.0,0.0,0.7647002533045468,0.0,0.0,0.1279983756403377,0.10730137105511556,0.0,0.0
2013-11-21,520498040.97085416,173938.47085418086,1308150.0,519015952.5,0.9971525570622903,Bull,1.0,0.0,0.0,0.0,0.7676864676660231,0.0,0.0,0.12623601786750865,0.1032300715287586,0.0,0.0,0.7647002533045468,0.0,0.0,0.1279983756403377,0.10730137105511556,0.0,0.0
2013-11-22,523920966.97085416,173938.47085418086,1308150.0,522438878.5,0.9971711602239873,Bull,1.0,0.0,0.0,0.0,0.7695830171317235,0.0,0.0,0.12494002745960248,0.10264811563266138,0.0,0.0,0.7647002533045468,0.0,0.0,0.1279983756403377,0.10730137105511556,0.0,0.0
2013-11-25,529590796.22085416,173938.47085418086,1308150.0,528108707.75,0.9972014459438677,Bull,1.0,0.0,0.0,0.0,0.7708176967255331,0.0,0.0,0.12346230422919366,0.10292144498914095,0.0,0.0,0.7647002533045468,0.0,0.0,0.1279983756403377,0.10730137105511556,0.0,0.0
2013-11-26,529910791.47085416,173938.47085418086,1308150.0,528428703.0,0.9972031358962508,Bull,1.0,0.0,0.0,0.0,0.7683682037684917,0.0,0.0,0.12515276357350363,0.10368216855425542,0.0,0.0,0.7647002533045468,0.0,0.0,0.1279983756403377,0.10730137105511556,0.0,0.0
2013-11-27,531162817.72085416,1482088.4708541809,0.0,529680729.25,0.9972097285024325,Bull,1.0,1308150.0,0.0,0.0,0.7687534135052998,0.0,0.0,0.1244712502348868,0.10398506476224584,0.0,0.0,0.7647002533045468,0.0,0.0,0.1279983756403377,0.10730137105511556,0.0,0.0
2013-11-28,534270063.06289566,214973.31289568078,0.0,534055089.75,0.9995976317451455,Bull,1.0,0.0,0.0,0.0,0.7711243212620349,0.0,0.0,0.12445821803826601,0.10401509244484451,0.0,0.0,0.7647002533045468,0.0,0.0,0.1279983756403377,0.10730137105511556,0.0,0.0
2013-11-29,535240963.06289566,214973.31289568078,0.0,535025989.75,0.999598361620782,Bull,1.0,0.0,0.0,0.0,0.7708540045009907,0.0,0.0,0.12455586287435548,0.10418849424543576,0.0,0.0,0.7647002533045468,0.0,0.0,0.1279983756403377,0.10730137105511556,0.0,0.0
2013-12-02,534630381.56289566,214973.31289568078,0.0,534415408.25,0.9995979029245079,Bull,1.0,0.0,0.0,0.0,0.7705620040628668,0.0,0.0,0.12490966152125368,0.10412623734038749,0.0,0.0,0.7647002533045468,0.0,0.0,0.1279983756403377,0.10730137105511556,0.0,0.0
2013-12-03,532108884.31289566,214973.31289568078,0.0,531893911.0,0.9995959975124767,Bull,1.0,0.0,0.0,0.0,0.7709634683693214,0.0,0.0,0.12392181740236723,0.10471071174078814,0.0,0.0,0.7647002533045468,0.0,0.0,0.1279983756403377,0.10730137105511556,0.0,0.0
2013-12-04,533831426.31289566,214973.31289568078,0.0,533616453.0,0.999597301128597,Bull,1.0,0.0,0.0,0.0,0.7721608033589132,0.0,0.0,0.12315442058944187,0.10428207718024189,0.0,0.0,0.7647002533045468,0.0,0.0,0.1279983756403377,0.10730137105511556,0.0,0.0
2013-12-05,531810686.81289566,214973.31289568078,0.0,531595713.5,0.9995957709797372,Bull,1.0,0.0,0.0,0.0,0.7719288530289187,0.0,0.0,0.12362632348366294,0.10404059446715565,0.0,0.0,0.7647002533045468,0.0,0.0,0.1279983756403377,0.10730137105511556,0.0,0.0
2013-12-06,529815812.81289566,214973.31289568078,0.0,529600839.5,0.9995942489678549,Bull,1.0,0.0,0.0,0.0,0.7708535298930952,0.0,0.0,0.12421694182850207,0.10452377724625757,0.0,0.0,0.7647002533045468,0.0,0.0,0.1279983756403377,0.10730137105511556,0.0,0.0
2013-12-09,535802328.81289566,214973.31289568078,0.0,535587355.5,0.9995987824215472,Bull,1.0,0.0,0.0,0.0,0.7709768757728807,0.0,0.0,0.12436172150955435,0.10426018513911225,0.0,0.0,0.7647002533045468,0.0,0.0,0.1279983756403377,0.10730137105511556,0.0,0.0
2013-12-10,537633923.5628957,214973.31289568078,0.0,537418950.25,0.9996001492772796,Bull,1.0,0.0,0.0,0.0,0.7718821898362818,0.0,0.0,0.12354261345681194,0.10417534598418587,0.0,0.0,0.7647002533045468,0.0,0.0,0.1279983756403377,0.10730137105511556,0.0,0.0
2013-12-11,539170276.0628957,214973.31289568078,0.0,538955302.75,0.9996012886421236,Bull,1.0,0.0,0.0,0.0,0.7718889026839668,0.0,0.0,0.12374402477672386,0.10396836118143286,0.0,0.0,0.7647002533045468,0.0,0.0,0.1279983756403377,0.10730137105511556,0.0,0.0
2013-12-12,533799184.31289566,214973.31289568078,0.0,533584211.0,0.9995972768051858,Bull,1.0,0.0,0.0,0.0,0.7710680778386805,0.0,0.0,0.12433158751531023,0.10419761145119513,0.0,0.0,0.7647002533045468,0.0,0.0,0.1279983756403377,0.10730137105511556,0.0,0.0
2013-12-13,536807726.31289566,214973.31289568078,0.0,536592753.0,0.9995995338696553,Bull,1.0,0.0,0.0,0.0,0.7723802819453562,0.0,0.0,0.12369587236770899,0.10352337955659004,0.0,0.0,0.7647002533045468,0.0,0.0,0.1279983756403377,0.10730137105511556,0.0,0.0
2013-12-16,533214781.81289566,214973.31289568078,0.0,532999808.5,0.9995968354212448,Bull,1.0,0.0,0.0,0.0,0.7725142335692801,0.0,0.0,0.12367942947076992,0.10340317238119476,0.0,0.0,0.7647002533045468,0.0,0.0,0.1279983756403377,0.10730137105511556,0.0,0.0
2013-12-17,532541421.06289566,214973.31289568078,0.0,532326447.75,0.9995963256483099,Bull,1.0,0.0,0.0,0.0,0.771351169135603,0.0,0.0,0.12416536514291258,0.10407979136979438,0.0,0.0,0.7647002533045468,0.0,0.0,0.1279983756403377,0.10730137105511556,0.0,0.0
2013-12-18,533129315.06289566,214973.31289568078,0.0,532914341.75,0.9995967707893341,Bull,1.0,0.0,0.0,0.0,0.7717860003655174,0.0,0.0,0.12420926429863977,0.10360150612517699,0.0,0.0,0.7647002533045468,0.0,0.0,0.1279983756403377,0.10730137105511556,0.0,0.0
2013-12-19,534900428.81289566,214973.31289568078,0.0,534685455.5,0.9995981059252976,Bull,1.0,0.0,0.0,0.0,0.7714299396165523,0.0,0.0,0.1242756528491259,0.10389251345961949,0.0,0.0,0.7647002533045468,0.0,0.0,0.1279983756403377,0.10730137105511556,0.0,0.0
2013-12-20,533886716.31289566,214973.31289568078,0.0,533671743.0,0.9995973428326138,Bull,1.0,0.0,0.0,0.0,0.770239604086713,0.0,0.0,0.1250864611526708,0.10427127759323004,0.0,0.0,0.7647002533045468,0.0,0.0,0.1279983756403377,0.10730137105511556,0.0,0.0
2013-12-23,534056334.31289566,214973.31289568078,0.0,533841361.0,0.9995974707178181,Bull,1.0,0.0,0.0,0.0,0.7695658390210314,0.0,0.0,0.125067704862886,0.10496392683390071,0.0,0.0,0.7647002533045468,0.0,0.0,0.1279983756403377,0.10730137105511556,0.0,0.0
2013-12-24,533924084.31289566,214973.31289568078,0.0,533709111.0,0.9995973710135734,Bull,1.0,0.0,0.0,0.0,0.7694736444202712,0.0,0.0,0.12522454402116423,0.10489918257213791,0.0,0.0,0.7647002533045468,0.0,0.0,0.1279983756403377,0.10730137105511556,0.0,0.0
2013-12-25,535627081.56289566,214973.31289568078,0.0,535412108.25,0.9995986511505945,Bull,1.0,0.0,0.0,0.0,0.7696919600238505,0.0,0.0,0.1252505750908756,0.10465611603586848,0.0,0.0,0.7647002533045468,0.0,0.0,0.1279983756403377,0.10730137105511556,0.0,0.0
2013-12-26,536566953.81289566,214973.31289568078,0.0,536351980.5,0.9995993541693762,Bull,1.0,0.0,0.0,0.0,0.7697874935548688,0.0,0.0,0.12533906443938678,0.1044727961751206,0.0,0.0,0.7647002533045468,0.0,0.0,0.1279983756403377,0.10730137105511556,0.0,0.0
2013-12-27,538464506.8128957,214973.31289568078,0.0,538249533.5,0.9996007660483176,Bull,1.0,0.0,0.0,0.0,0.7693867065670043,0.0,0.0,0.12529962355242868,0.10491443592888462,0.0,0.0,0.7647002533045468,0.0,0.0,0.1279983756403377,0.10730137105511556,0.0,0.0
2013-12-30,543970018.3128957,214973.31289568078,0.0,543755045.0,0.9996048066884966,Bull,1.0,0.0,0.0,0.0,0.7703745259705713,0.0,0.0,0.12448700796051697,0.10474327275740827,0.0,0.0,0.7647002533045468,0.0,0.0,0.1279983756403377,0.10730137105511556,0.0,0.0
2013-12-31,541389238.0628957,214973.31289568078,0.0,541174264.75,0.9996029228182207,Bull,1.0,0.0,0.0,0.0,0.7703312800273091,0.0,0.0,0.12420804713555805,0.10506359565535353,0.0,0.0,0.7647002533045468,0.0,0.0,0.1279983756403377,0.10730137105511556,0.0,0.0
2014-01-02,541793813.8128957,214973.31289568078,0.0,541578840.5,0.9996032193291711,Bull,1.0,0.0,0.0,0.0,0.7709709484506074,0.0,0.0,0.1239154052489516,0.10471686562961197,0.0,0.0,0.7647002533045468,0.0,0.0,0.1279983756403377,0.10730137105511556,0.0,0.0
2014-01-03,537156947.0628957,214973.31289568078,0.0,536941973.75,0.9995997942238836,Bull,1.0,0.0,0.0,0.0,0.7705884211556764,0.0,0.0,0.12465332593410515,0.104358047134102,0.0,0.0,0.7647002533045468,0.0,0.0,0.1279983756403377,0.10730137105511556,0.0,0.0
2014-01-06,535531092.06289566,214973.31289568078,0.0,535316118.75,0.999598579212147,Bull,1.0,0.0,0.0,0.0,0.7710232419175879,0.0,0.0,0.12417187533191841,0.10440346196264078,0.0,0.0,0.7647002533045468,0.0,0.0,0.1279983756403377,0.10730137105511556,0.0,0.0
2014-01-07,534189233.81289566,214973.31289568078,0.0,533974260.5,0.9995975708619935,Bull,1.0,0.0,0.0,0.0,0.7716401499854586,0.0,0.0,0.12329170232410265,0.10466571855243233,0.0,0.0,0.7647002533045468,0.0,0.0,0.1279983756403377,0.10730137105511556,0.0,0.0
2014-01-08,534694733.81289566,214973.31289568078,0.0,534479760.5,0.9995979513181985,Bull,1.0,0.0,0.0,0.0,0.7717578543505896,0.0,0.0,0.12309210440630797,0.10474799256130098,0.0,0.0,0.7647002533045468,0.0,0.0,0.1279983756403377,0.10730137105511556,0.0,0.0
2014-01-09,535320817.56289566,214973.31289568078,0.0,535105844.25,0.9995984215336995,Bull,1.0,0.0,0.0,0.0,0.7732129606586209,0.0,0.0,0.1222125085623321,0.10417295231274651,0.0,0.0,0.7647002533045468,0.0,0.0,0.1279983756403377,0.10730137105511556,0.0,0.0
2014-01-10,535587701.56289566,214973.31289568078,0.0,535372728.25,0.9995986216407353,Bull,1.0,0.0,0.0,0.0,0.7736814662487891,0.0,0.0,0.12179611258743504,0.10412104280451115,0.0,0.0,0.7647002533045468,0.0,0.0,0.1279983756403377,0.10730137105511556,0.0,0.0
2014-01-13,537038989.0628957,214973.31289568078,0.0,536824015.75,0.9995997063206328,Bull,1.0,0.0,0.0,0.0,0.7730148540507191,0.0,0.0,0.12211366648524578,0.1044711857846679,0.0,0.0,0.7647002533045468,0.0,0.0,0.1279983756403377,0.10730137105511556,0.0,0.0
2014-01-14,537425119.8128957,214973.31289568078,0.0,537210146.5,0.9995999939247899,Bull,1.0,0.0,0.0,0.0,0.7738963646596931,0.0,0.0,0.12148780842758317,0.10421582083751357,0.0,0.0,0.7647002533045468,0.0,0.0,0.1279983756403377,0.10730137105511556,0.0,0.0
2014-01-15,538008791.5628957,214973.31289568078,0.0,537793818.25,0.9996004278809809,Bull,1.0,0.0,0.0,0.0,0.7729903763131764,0.0,0.0,0.12142664027891223,0.10518341128889233,0.0,0.0,0.7647002533045468,0.0,0.0,0.1279983756403377,0.10730137105511556,0.0,0.0
2014-01-16,538654541.5628957,214973.31289568078,0.0,538439568.25,0.9996009068961492,Bull,1.0,0.0,0.0,0.0,0.7723440278492907,0.0,0.0,0.12192972477208966,0.10532715427476885,0.0,0.0,0.7647002533045468,0.0,0.0,0.1279983756403377,0.10730137105511556,0.0,0.0
2014-01-17,537872001.8128957,214973.31289568078,0.0,537657028.5,0.9996003262631795,Bull,1.0,0.0,0.0,0.0,0.7718337766248213,0.0,0.0,0.12210600250363388,0.10566054713472435,0.0,0.0,0.7647002533045468,0.0,0.0,0.1279983756403377,0.10730137105511556,0.0,0.0
2014-01-20,538896675.5628957,214973.31289568078,0.0,538681702.25,0.9996010862144007,Bull,1.0,0.0,0.0,0.0,0.7728455585942678,0.0,0.0,0.12102616875837079,0.10572935886176214,0.0,0.0,0.7647002533045468,0.0,0.0,0.1279983756403377,0.10730137105511556,0.0,0.0
2014-01-21,536519596.81289566,214973.31289568078,0.0,536304623.5,0.9995993188055522,Bull,1.0,0.0,0.0,0.0,0.7727225174303927,0.0,0.0,0.12113052418971389,0.10574627718544564,0.0,0.0,0.7647002533045468,0.0,0.0,0.1279983756403377,0.10730137105511556,0.0,0.0
2014-01-22,538491728.0628957,214973.31289568078,0.0,538276754.75,0.9996007862299594,Bull,1.0,0.0,0.0,0.0,0.7739532160488856,0.0,0.0,0.12010862308444911,0.10553894709662477,0.0,0.0,0.7647002533045468,0.0,0.0,0.1279983756403377,0.10730137105511556,0.0,0.0
2014-01-23,535908414.31289566,214973.31289568078,0.0,535693441.0,0.9995988618443857,Bull,1.0,0.0,0.0,0.0,0.7737981526781588,0.0,0.0,0.12002423974340685,0.10577646942282008,0.0,0.0,0.7647002533045468,0.0,0.0,0.1279983756403377,0.10730137105511556,0.0,0.0
2014-01-24,537911470.3128957,214973.31289568078,0.0,537696497.0,0.9996003555886797,Bull,1.0,0.0,0.0,0.0,0.7752646485813419,0.0,0.0,0.11868291256712676,0.10565279444021095,0.0,0.0,0.7647002533045468,0.0,0.0,0.1279983756403377,0.10730137105511556,0.0,0.0
2014-01-27,531115082.81289566,214973.31289568078,0.0,530900109.5,0.9995952415590288,Bull,1.0,0.0,0.0,0.0,0.7749239718823644,0.0,0.0,0.11958218106634781,0.10508908861031654,0.0,0.0,0.7647002533045468,0.0,0.0,0.1279983756403377,0.10730137105511556,0.0,0.0
2014-02-05,519861879.31289566,214973.31289568078,0.0,519646906.0,0.9995864799450581,Bull,1.0,0.0,0.0,0.0,0.776989854562664,0.0,0.0,0.11858784506662082,0.10400878031577326,0.0,0.0,0.7647002533045468,0.0,0.0,0.1279983756403377,0.10730137105511556,0.0,0.0
2014-02-06,520439311.81289566,214973.31289568078,0.0,520224338.5,0.9995869387495983,Bull,1.0,0.0,0.0,0.0,0.7765079027029533,0.0,0.0,0.11881327677689052,0.10426575926975436,0.0,0.0,0.7647002533045468,0.0,0.0,0.1279983756403377,0.10730137105511556,0.0,0.0
2014-02-07,523419675.06289566,214973.31289568078,0.0,523204701.75,0.9995892907295282,Bull,1.0,0.0,0.0,0.0,0.7753822049223347,0.0,0.0,0.11942424593131455,0.10478283987587898,0.0,0.0,0.7647002533045468,0.0,0.0,0.1279983756403377,0.10730137105511556,0.0,0.0
2014-02-10,523714059.06289566,214973.31289568078,0.0,523499085.75,0.9995895215926028,Bull,1.0,0.0,0.0,0.0,0.7749545362143099,0.0,0.0,0.11991104480251907,0.10472394057577385,0.0,0.0,0.7647002533045468,0.0,0.0,0.1279983756403377,0.10730137105511556,0.0,0.0
2014-02-11,523427209.06289566,214973.31289568078,0.0,523212235.75,0.9995892966411117,Bull,1.0,0.0,0.0,0.0,0.7756677121865361,0.0,0.0,0.11849231168368121,0.10542927277089441,0.0,0.0,0.7647002533045468,0.0,0.0,0.1279983756403377,0.10730137105511556,0.0,0.0
2014-02-12,528161445.81289566,214973.31289568078,0.0,527946472.5,0.9995929780285935,Bull,1.0,0.0,0.0,0.0,0.7748911355505973,0.0,0.0,0.11911679752233803,0.10558504495565817,0.0,0.0,0.7647002533045468,0.0,0.0,0.1279983756403377,0.10730137105511556,0.0,0.0
2014-02-13,526239237.06289566,214973.31289568078,0.0,526024263.75,0.9995914912880774,Bull,1.0,0.0,0.0,0.0,0.7745548698058862,0.0,0.0,0.11934210825958214,0.1056945132226092,0.0,0.0,0.7647002533045468,0.0,0.0,0.1279983756403377,0.10730137105511556,0.0,0.0
2014-02-14,529308653.31289566,214973.31289568078,0.0,529093680.0,0.999593860195653,Bull,1.0,0.0,0.0,0.0,0.773677376020376,0.0,0.0,0.11982800508365454,0.10608847909162251,0.0,0.0,0.7647002533045468,0.0,0.0,0.1279983756403377,0.10730137105511556,0.0,0.0
2014-02-17,529019711.56289566,214973.31289568078,0.0,528804738.25,0.9995936383688605,Bull,1.0,0.0,0.0,0.0,0.7740055413820217,0.0,0.0,0.11944167413596958,0.10614642285086924,0.0,0.0,0.7647002533045468,0.0,0.0,0.1279983756403377,0.10730137105511556,0.0,0.0
2014-02-18,532620061.81289566,214973.31289568078,0.0,532405088.5,0.9995963852503716,Bull,1.0,0.0,0.0,0.0,0.7746411899988452,0.0,0.0,0.1191624284372071,0.1057927668143193,0.0,0.0,0.7647002533045468,0.0,0.0,0.1279983756403377,0.10730137105511556,0.0,0.0
2014-02-19,533275064.31289566,214973.31289568078,0.0,533060091.0,0.9995968809957904,Bull,1.0,0.0,0.0,0.0,0.7733718836664286,0.0,0.0,0.12056217194936499,0.10566282537999669,0.0,0.0,0.7647002533045468,0.0,0.0,0.1279983756403377,0.10730137105511556,0.0,0.0
2014-02-20,529277111.56289566,214973.31289568078,0.0,529062138.25,0.99959383599215,Bull,1.0,0.0,0.0,0.0,0.772773239791602,0.0,0.0,0.12127503456641035,0.10554556163413774,0.0,0.0,0.7647002533045468,0.0,0.0,0.1279983756403377,0.10730137105511556,0.0,0.0
2014-02-21,534798872.56289566,214973.31289568078,0.0,534583899.25,0.9995980296071578,Bull,1.0,0.0,0.0,0.0,0.7730513665235493,0.0,0.0,0.12109430913653187,0.10545235394707662,0.0,0.0,0.7647002533045468,0.0,0.0,0.1279983756403377,0.10730137105511556,0.0,0.0
2014-02-24,532708130.31289566,214973.31289568078,0.0,532493157.0,0.9995964519768651,Bull,1.0,0.0,0.0,0.0,0.7733365300019475,0.0,0.0,0.12093939689292632,0.10532052508199127,0.0,0.0,0.7647002533045468,0.0,0.0,0.1279983756403377,0.10730137105511556,0.0,0.0
2014-02-25,530444290.81289566,214973.31289568078,0.0,530229317.5,0.9995947297074944,Bull,1.0,0.0,0.0,0.0,0.7728935433949495,0.0,0.0,0.12047447980270806,0.10622670650983683,0.0,0.0,0.7647002533045468,0.0,0.0,0.1279983756403377,0.10730137105511556,0.0,0.0
2014-02-26,529857237.81289566,214973.31289568078,0.0,529642264.5,0.9995942806900534,Bull,1.0,0.0,0.0,0.0,0.7722553082203858,0.0,0.0,0.120537373922885,0.1068015985467826,0.0,0.0,0.7647002533045468,0.0,0.0,0.1279983756403377,0.10730137105511556,0.0,0.0
2014-02-27,533990123.56289566,214973.31289568078,0.0,533775150.25,0.9995974208072215,Bull,1.0,0.0,0.0,0.0,0.7729076476100545,0.0,0.0,0.12089624349090822,0.10579352970625878,0.0,0.0,0.7647002533045468,0.0,0.0,0.1279983756403377,0.10730137105511556,0.0,0.0
2014-03-03,528970469.31289566,214973.31289568078,0.0,528755496.0,0.9995936005403574,Bull,1.0,0.0,0.0,0.0,0.7724511474728534,0.0,0.0,0.1209861489680702,0.10615630409943387,0.0,0.0,0.7647002533045468,0.0,0.0,0.1279983756403377,0.10730137105511556,0.0,0.0
2014-03-04,526306058.06289566,214973.31289568078,0.0,526091084.75,0.9995915431532617,Bull,1.0,0.0,0.0,0.0,0.772369761895124,0.0,0.0,0.12098834703588071,0.106233434222257,0.0,0.0,0.7647002533045468,0.0,0.0,0.1279983756403377,0.10730137105511556,0.0,0.0
2014-03-05,527659418.81289566,214973.31289568078,0.0,527444445.5,0.9995925907787654,Bull,1.0,0.0,0.0,0.0,0.7714037331423681,0.0,0.0,0.12112604782795171,0.10706280980844562,0.0,0.0,0.7647002533045468,0.0,0.0,0.1279983756403377,0.10730137105511556,0.0,0.0
2014-03-06,531889177.31289566,214973.31289568078,0.0,531674204.0,0.9995958306315205,Bull,1.0,0.0,0.0,0.0,0.7713350289860337,0.0,0.0,0.12050085381281561,0.10775994783267114,0.0,0.0,0.7647002533045468,0.0,0.0,0.1279983756403377,0.10730137105511556,0.0,0.0
2014-03-07,534212346.31289566,214973.31289568078,0.0,533997373.0,0.9995975882729417,Bull,1.0,0.0,0.0,0.0,0.7714336365386467,0.0,0.0,0.12041915624750718,0.1077447954867878,0.0,0.0,0.7647002533045468,0.0,0.0,0.1279983756403377,0.10730137105511556,0.0,0.0
2014-03-10,530953688.31289566,214973.31289568078,0.0,530738715.0,0.9995951185242187,Bull,1.0,0.0,0.0,0.0,0.7710492911365596,0.0,0.0,0.12077851875135469,0.1077673086363044,0.0,0.0,0.7647002533045468,0.0,0.0,0.1279983756403377,0.10730137105511556,0.0,0.0
2014-03-11,529376898.81289566,214973.31289568078,0.0,529161925.5,0.9995939125538388,Bull,1.0,0.0,0.0,0.0,0.7687392034155129,0.0,0.0,0.12221727118256323,0.10863743795576267,0.0,0.0,0.7647002533045468,0.0,0.0,0.1279983756403377,0.10730137105511556,0.0,0.0
2014-03-12,530158456.81289566,214973.31289568078,0.0,529943483.5,0.9995945112067287,Bull,1.0,0.0,0.0,0.0,0.7701691414197359,0.0,0.0,0.12195335030337544,0.1074720194836173,0.0,0.0,0.7647002533045468,0.0,0.0,0.1279983756403377,0.10730137105511556,0.0,0.0
2014-03-13,528896601.31289566,214973.31289568078,0.0,528681628.0,0.9995935437808411,Bull,1.0,0.0,0.0,0.0,0.7676893309431446,0.0,0.0,0.12243527343389098,0.10946893940380541,0.0,0.0,0.7647002533045468,0.0,0.0,0.1279983756403377,0.10730137105511556,0.0,0.0
2014-03-14,526639640.56289566,214973.31289568078,0.0,526424667.25,0.9995918018767712,Bull,1.0,0.0,0.0,0.0,0.7688154974761054,0.0,0.0,0.12194220687861487,0.10883409752205087,0.0,0.0,0.7647002533045468,0.0,0.0,0.1279983756403377,0.10730137105511556,0.0,0.0
2014-03-17,528047373.81289566,214973.31289568078,0.0,527832400.5,0.9995928901012359,Bull,1.0,0.0,0.0,0.0,0.7687652105317341,0.0,0.0,0.12246723155357297,0.1083604480159288,0.0,0.0,0.7647002533045468,0.0,0.0,0.1279983756403377,0.10730137105511556,0.0,0.0
2014-03-18,530255135.31289566,214973.31289568078,0.0,530040162.0,0.9995945851372683,Bull,1.0,0.0,0.0,0.0,0.7671544034363019,0.0,0.0,0.12389130368579071,0.10854887801517571,0.0,0.0,0.7647002533045468,0.0,0.0,0.1279983756403377,0.10730137105511556,0.0,0.0
2014-03-19,528439000.81289566,214973.31289568078,0.0,528224027.5,0.9995931918110417,Bull,1.0,0.0,0.0,0.0,0.7659632935444806,0.0,0.0,0.12498301582283262,0.10864688244372846,0.0,0.0,0.7647002533045468,0.0,0.0,0.1279983756403377,0.10730137105511556,0.0,0.0
2014-03-20,524274058.81289566,214973.31289568078,0.0,524059085.5,0.999589960042306,Bull,1.0,0.0,0.0,0.0,0.7657038885520493,0.0,0.0,0.1257622781285287,0.10812379336172807,0.0,0.0,0.7647002533045468,0.0,0.0,0.1279983756403377,0.10730137105511556,0.0,0.0
2014-03-21,524455708.31289566,214973.31289568078,0.0,524240735.0,0.9995901020629803,Bull,1.0,0.0,0.0,0.0,0.7666501262678954,0.0,0.0,0.12485363198856411,0.10808634380652074,0.0,0.0,0.7647002533045468,0.0,0.0,0.1279983756403377,0.10730137105511556,0.0,0.0
2014-03-24,525805698.31289566,214973.31289568078,0.0,525590725.0,0.999591154463359,Bull,1.0,0.0,0.0,0.0,0.7666755539041544,0.0,0.0,0.12483033221321449,0.10808526834599003,0.0,0.0,0.7647002533045468,0.0,0.0,0.1279983756403377,0.10730137105511556,0.0,0.0
2014-03-25,527182077.31289566,214973.31289568078,0.0,526967104.0,0.9995922218866177,Bull,1.0,0.0,0.0,0.0,0.7656114867509873,0.0,0.0,0.12525862096181833,0.10872211417381195,0.0,0.0,0.7647002533045468,0.0,0.0,0.1279983756403377,0.10730137105511556,0.0,0.0
2014-03-26,528159069.56289566,214973.31289568078,0.0,527944096.25,0.9995929761973537,Bull,1.0,0.0,0.0,0.0,0.7661100974463433,0.0,0.0,0.12395280848661808,0.10953007026439227,0.0,0.0,0.7647002533045468,0.0,0.0,0.1279983756403377,0.10730137105511556,0.0,0.0
2014-03-27,527161024.31289566,214973.31289568078,0.0,526946051.0,0.9995922056013609,Bull,1.0,0.0,0.0,0.0,0.763566979415161,0.0,0.0,0.12610397380315927,0.1099212523830406,0.0,0.0,0.7647002533045468,0.0,0.0,0.1279983756403377,0.10730137105511556,0.0,0.0
2014-03-28,531516635.31289566,214973.31289568078,0.0,531301662.0,0.9995955473476966,Bull,1.0,0.0,0.0,0.0,0.7647654560439264,0.0,0.0,0.1256273003773283,0.10920279092644188,0.0,0.0,0.7647002533045468,0.0,0.0,0.1279983756403377,0.10730137105511556,0.0,0.0
2014-03-31,534768806.31289566,214973.31289568078,0.0,534553833.0,0.999598007007219,Bull,1.0,0.0,0.0,0.0,0.7655645358649775,0.0,0.0,0.1251323921852813,0.10890107895696019,0.0,0.0,0.7647002533045468,0.0,0.0,0.1279983756403377,0.10730137105511556,0.0,0.0
2014-04-01,535792795.31289566,214973.31289568078,0.0,535577822.0,0.9995987752825789,Bull,1.0,0.0,0.0,0.0,0.7648858394235603,0.0,0.0,0.1251157174684513,0.1095972183905674,0.0,0.0,0.7647002533045468,0.0,0.0,0.1279983756403377,0.10730137105511556,0.0,0.0
2014-04-02,534030257.06289566,214973.31289568078,0.0,533815283.75,0.9995974510618968,Bull,1.0,0.0,0.0,0.0,0.7643716406539196,0.0,0.0,0.12490397148441737,0.11032183892355979,0.0,0.0,0.7647002533045468,0.0,0.0,0.1279983756403377,0.10730137105511556,0.0,0.0
2014-04-03,535270456.81289566,214973.31289568078,0.0,535055483.5,0.9995983837513177,Bull,1.0,0.0,0.0,0.0,0.7655147566704417,0.0,0.0,0.12428894431447204,0.10979468276640394,0.0,0.0,0.7647002533045468,0.0,0.0,0.1279983756403377,0.10730137105511556,0.0,0.0
2014-04-07,534181699.31289566,214973.31289568078,0.0,533966726.0,0.9995975651858306,Bull,1.0,0.0,0.0,0.0,0.7652001678937567,0.0,0.0,0.12465103182240848,0.10974636546966549,0.0,0.0,0.7647002533045468,0.0,0.0,0.1279983756403377,0.10730137105511556,0.0,0.0
2014-04-08,536161935.06289566,214973.31289568078,0.0,535946961.75,0.9995990515200032,Bull,1.0,0.0,0.0,0.0,0.7654350950927866,0.0,0.0,0.12428073617755665,0.10988322024965988,0.0,0.0,0.7647002533045468,0.0,0.0,0.1279983756403377,0.10730137105511556,0.0,0.0
2014-04-09,537397535.0628957,214973.31289568078,0.0,537182561.75,0.9995999733923779,Bull,1.0,0.0,0.0,0.0,0.7650801035063918,0.0,0.0,0.12452866943680285,0.10999120044918337,0.0,0.0,0.7647002533045468,0.0,0.0,0.1279983756403377,0.10730137105511556,0.0,0.0
2014-04-10,539316524.0628957,214973.31289568078,0.0,539101550.75,0.9996013967618196,Bull,1.0,0.0,0.0,0.0,0.7650969928410328,0.0,0.0,0.12454522901316972,0.10995917490761704,0.0,0.0,0.7647002533045468,0.0,0.0,0.1279983756403377,0.10730137105511556,0.0,0.0
2014-04-11,538779087.5628957,214973.31289568078,0.0,538564114.25,0.9996009991518637,Bull,1.0,0.0,0.0,0.0,0.7644852477721997,0.0,0.0,0.1251368168444909,0.1099789345351731,0.0,0.0,0.7647002533045468,0.0,0.0,0.1279983756403377,0.10730137105511556,0.0,0.0
2014-04-14,537952361.8128957,214973.31289568078,0.0,537737388.5,0.9996003859669448,Bull,1.0,0.0,0.0,0.0,0.7647172272162678,0.0,0.0,0.12491533594822696,0.10996782280245004,0.0,0.0,0.7647002533045468,0.0,0.0,0.1279983756403377,0.10730137105511556,0.0,0.0
2014-04-15,537071377.0628957,214973.31289568078,0.0,536856403.75,0.9995997304602765,Bull,1.0,0.0,0.0,0.0,0.7627333558348007,0.0,0.0,0.12617689732525816,0.11068947730021761,0.0,0.0,0.7647002533045468,0.0,0.0,0.1279983756403377,0.10730137105511556,0.0,0.0
2014-04-16,535737326.56289566,214973.31289568078,0.0,535522353.25,0.9995987337408897,Bull,1.0,0.0,0.0,0.0,0.7622744076281126,0.0,0.0,0.12644965478627493,0.11087467132650214,0.0,0.0,0.7647002533045468,0.0,0.0,0.1279983756403377,0.10730137105511556,0.0,0.0
2014-04-17,538173868.5628957,214973.31289568078,0.0,537958895.25,0.9996005504439119,Bull,1.0,0.0,0.0,0.0,0.7636008904471229,0.0,0.0,0.12589704546771696,0.11010261452907208,0.0,0.0,0.7647002533045468,0.0,0.0,0.1279983756403377,0.10730137105511556,0.0,0.0
2014-04-18,539136250.0628957,214973.31289568078,0.0,538921276.75,0.999601263478628,Bull,1.0,0.0,0.0,0.0,0.7628402406664747,0.0,0.0,0.12613601847782743,0.11062500433432582,0.0,0.0,0.7647002533045468,0.0,0.0,0.1279983756403377,0.10730137105511556,0.0,0.0
2014-04-21,537023847.0628957,214973.31289568078,0.0,536808873.75,0.9995996950338958,Bull,1.0,0.0,0.0,0.0,0.762679210597571,0.0,0.0,0.12586033258981874,0.11106015184650599,0.0,0.0,0.7647002533045468,0.0,0.0,0.1279983756403377,0.10730137105511556,0.0,0.0
2014-04-22,536603291.31289566,214973.31289568078,0.0,536388318.0,0.99959938130016,Bull,1.0,0.0,0.0,0.0,0.7624913499858125,0.0,0.0,0.1255996768769359,0.11150835443741161,0.0,0.0,0.7647002533045468,0.0,0.0,0.1279983756403377,0.10730137105511556,0.0,0.0
2014-04-23,535125665.06289566,214973.31289568078,0.0,534910691.75,0.9995982750839087,Bull,1.0,0.0,0.0,0.0,0.7618523430418588,0.0,0.0,0.1261107519335074,0.1116351801085426,0.0,0.0,0.7647002533045468,0.0,0.0,0.1279983756403377,0.10730137105511556,0.0,0.0
2014-04-24,535987223.31289566,214973.31289568078,0.0,535772250.0,0.9995989208258232,Bull,1.0,0.0,0.0,0.0,0.7619431625174977,0.0,0.0,0.1260192352767505,0.11163652303157498,0.0,0.0,0.7647002533045468,0.0,0.0,0.1279983756403377,0.10730137105511556,0.0,0.0
2014-04-25,530296123.06289566,214973.31289568078,0.0,530081149.75,0.9995946164726719,Bull,1.0,0.0,0.0,0.0,0.7625183971070459,0.0,0.0,0.1261602661048779,0.11091595326074799,0.0,0.0,0.7647002533045468,0.0,0.0,0.1279983756403377,0.10730137105511556,0.0,0.0
2014-04-28,531161303.06289566,214973.31289568078,0.0,530946329.75,0.9995952767800365,Bull,1.0,0.0,0.0,0.0,0.7611150839091325,0.0,0.0,0.1267415371033317,0.11173865576757222,0.0,0.0,0.7647002533045468,0.0,0.0,0.1279983756403377,0.10730137105511556,0.0,0.0
2014-04-29,533696495.06289566,214973.31289568078,0.0,533481521.75,0.9995971993166822,Bull,1.0,0.0,0.0,0.0,0.7617514364640696,0.0,0.0,0.12645632981353278,0.1113894330390798,0.0,0.0,0.7647002533045468,0.0,0.0,0.1279983756403377,0.10730137105511556,0.0,0.0
2014-04-30,529234407.81289566,214973.31289568078,0.0,529019434.5,0.99959380321891,Bull,1.0,0.0,0.0,0.0,0.7599083290181354,0.0,0.0,0.12799772463764097,0.11168774956313358,0.0,0.0,0.7647002533045468,0.0,0.0,0.1279983756403377,0.10730137105511556,0.0,0.0
2014-05-02,533855105.31289566,214973.31289568078,0.0,533640132.0,0.9995973189901974,Bull,1.0,0.0,0.0,0.0,0.7612931448165035,0.0,0.0,0.12703859029361567,0.11126558388007825,0.0,0.0,0.7647002533045468,0.0,0.0,0.1279983756403377,0.10730137105511556,0.0,0.0
2014-05-05,532347818.81289566,214973.31289568078,0.0,532132845.5,0.999596178841542,Bull,1.0,0.0,0.0,0.0,0.7612061723172476,0.0,0.0,0.12699140977181433,0.1113985967524799,0.0,0.0,0.7647002533045468,0.0,0.0,0.1279983756403377,0.10730137105511556,0.0,0.0
2014-05-06,535142697.56289566,214973.31289568078,0.0,534927724.25,0.999598287869993,Bull,1.0,0.0,0.0,0.0,0.7619156088775346,0.0,0.0,0.12623212520256907,0.11145055378988937,0.0,0.0,0.7647002533045468,0.0,0.0,0.1279983756403377,0.10730137105511556,0.0,0.0
2014-05-07,535181703.31289566,214973.31289568078,0.0,534966730.0,0.9995983171480547,Bull,1.0,0.0,0.0,0.0,0.7626477651859687,0.0,0.0,0.12577971104636976,0.1111708409157163,0.0,0.0,0.7647002533045468,0.0,0.0,0.1279983756403377,0.10730137105511556,0.0,0.0
2014-05-08,537521458.8128957,214973.31289568078,0.0,537306485.5,0.9996000656171562,Bull,1.0,0.0,0.0,0.0,0.7621714980547514,0.0,0.0,0.12593041429358476,0.11149815326882008,0.0,0.0,0.7647002533045468,0.0,0.0,0.1279983756403377,0.10730137105511556,0.0,0.0
2014-05-09,536540700.56289566,214973.31289568078,0.0,536325727.25,0.9995993345655416,Bull,1.0,0.0,0.0,0.0,0.7625320442992937,0.0,0.0,0.12608773188879382,0.1109795583774541,0.0,0.0,0.7647002533045468,0.0,0.0,0.1279983756403377,0.10730137105511556,0.0,0.0
2014-05-12,533402716.06289566,214973.31289568078,0.0,533187742.75,0.9995969774685769,Bull,1.0,0.0,0.0,0.0,0.7626597700001813,0.0,0.0,0.12584975287618258,0.11108745459221299,0.0,0.0,0.7647002533045468,0.0,0.0,0.1279983756403377,0.10730137105511556,0.0,0.0
2014-05-13,533857985.31289566,214973.31289568078,0.0,533643012.0,0.9995973211625379,Bull,1.0,0.0,0.0,0.0,0.762259951514057,0.0,0.0,0.12580012259372253,0.11153724705475836,0.0,0.0,0.7647002533045468,0.0,0.0,0.1279983756403377,0.10730137105511556,0.0,0.0
2014-05-14,536797294.81289566,214973.31289568078,0.0,536582321.5,0.9995995260874581,Bull,1.0,0.0,0.0,0.0,0.7627887201680498,0.0,0.0,0.12525249409730219,0.11155831182210604,0.0,0.0,0.7647002533045468,0.0,0.0,0.1279983756403377,0.10730137105511556,0.0,0.0
2014-05-15,537153630.8128957,214973.31289568078,0.0,536938657.5,0.9995997917531148,Bull,1.0,0.0,0.0,0.0,0.7627153276056089,0.0,0.0,0.1254903553346357,0.1113941088128702,0.0,0.0,0.7647002533045468,0.0,0.0,0.1279983756403377,0.10730137105511556,0.0,0.0
2014-05-16,537897503.0628957,214973.31289568078,0.0,537682529.75,0.9996003452113618,Bull,1.0,0.0,0.0,0.0,0.7625392893895616,0.0,0.0,0.12564085093382138,0.11142020488797873,0.0,0.0,0.7647002533045468,0.0,0.0,0.1279983756403377,0.10730137105511556,0.0,0.0
2014-05-19,538673842.8128957,214973.31289568078,0.0,538458869.5,0.9996009211960746,Bull,1.0,0.0,0.0,0.0,0.762511165114563,0.0,0.0,0.1258301306149431,0.11125962546656856,0.0,0.0,0.7647002533045468,0.0,0.0,0.1279983756403377,0.10730137105511556,0.0,0.0
2014-05-20,537337887.5628957,214973.31289568078,0.0,537122914.25,0.9995999289871953,Bull,1.0,0.0,0.0,0.0,0.7607539384651187,0.0,0.0,0.12685891238596333,0.1119870781361132,0.0,0.0,0.7647002533045468,0.0,0.0,0.1279983756403377,0.10730137105511556,0.0,0.0
2014-05-21,536883605.8128957,214973.31289568078,0.0,536668632.5,0.9995995904688314,Bull,1.0,0.0,0.0,0.0,0.7596332390937836,0.0,0.0,0.12842597399785208,0.11154037737719577,0.0,0.0,0.7647002533045468,0.0,0.0,0.1279983756403377,0.10730137105511556,0.0,0.0
2014-05-22,542910452.8128957,214973.31289568078,0.0,542695479.5,0.9996040354136085,Bull,1.0,0.0,0.0,0.0,0.7586496582742102,0.0,0.0,0.1291351080767674,0.11181926906263098,0.0,0.0,0.7647002533045468,0.0,0.0,0.1279983756403377,0.10730137105511556,0.0,0.0
2014-05-23,544673271.8128957,214973.31289568078,0.0,544458298.5,0.9996053169413286,Bull,1.0,0.0,0.0,0.0,0.7595809633231294,0.0,0.0,0.12838907950677292,0.11163527411142628,0.0,0.0,0.7647002533045468,0.0,0.0,0.1279983756403377,0.10730137105511556,0.0,0.0
2014-05-26,545005969.3128957,214973.31289568078,0.0,544790996.0,0.9996055578745923,Bull,1.0,0.0,0.0,0.0,0.7597053414332265,0.0,0.0,0.12779970114421266,0.11210051529715308,0.0,0.0,0.7647002533045468,0.0,0.0,0.1279983756403377,0.10730137105511556,0.0,0.0
2014-05-27,546746224.8128957,214973.31289568078,0.0,546531251.5,0.9996068133566551,Bull,1.0,0.0,0.0,0.0,0.7609112466069058,0.0,0.0,0.12686324450385855,0.11183232224589079,0.0,0.0,0.7647002533045468,0.0,0.0,0.1279983756403377,0.10730137105511556,0.0,0.0
2014-05-28,552377264.0628957,214973.31289568078,0.0,552162290.75,0.9996108215763363,Bull,1.0,0.0,0.0,0.0,0.7614866109009617,0.0,0.0,0.12637938695473042,0.11174482372064419,0.0,0.0,0.7647002533045468,0.0,0.0,0.1279983756403377,0.10730137105511556,0.0,0.0
2014-05-29,551691343.3128957,214973.31289568078,0.0,551476370.0,0.9996103377087544,Bull,1.0,0.0,0.0,0.0,0.7619943200043566,0.0,0.0,0.12625918612700443,0.11135683157739332,0.0,0.0,0.7647002533045468,0.0,0.0,0.1279983756403377,0.10730137105511556,0.0,0.0
2014-05-30,554684995.8128957,214973.31289568078,0.0,554470022.5,0.9996124407284884,Bull,1.0,0.0,0.0,0.0,0.7642328992129279,0.0,0.0,0.12514778752626599,0.11023175398929456,0.0,0.0,0.7647002533045468,0.0,0.0,0.1279983756403377,0.10730137105511556,0.0,0.0
2014-06-03,555375372.0628957,214973.31289568078,0.0,555160398.75,0.9996129224958299,Bull,1.0,0.0,0.0,0.0,0.7640240638937554,0.0,0.0,0.12540689325365412,0.1101819653484203,0.0,0.0,0.7647002533045468,0.0,0.0,0.1279983756403377,0.10730137105511556,0.0,0.0
2014-06-04,552619264.8128957,214973.31289568078,0.0,552404291.5,0.999610992003747,Bull,1.0,0.0,0.0,0.0,0.7634728254413082,0.0,0.0,0.12496831796731175,0.11116984859512699,0.0,0.0,0.7647002533045468,0.0,0.0,0.1279983756403377,0.10730137105511556,0.0,0.0
2014-06-05,551934627.5628957,214973.31289568078,0.0,551719654.25,0.9996105094658676,Bull,1.0,0.0,0.0,0.0,0.7641619735154913,0.0,0.0,0.12414078874258,0.11130774720779632,0.0,0.0,0.7647002533045468,0.0,0.0,0.1279983756403377,0.10730137105511556,0.0,0.0
2014-06-06,552822364.0628957,214973.31289568078,0.0,552607390.75,0.999611134919876,Bull,1.0,0.0,0.0,0.0,0.7642748705838001,0.0,0.0,0.12394433448102045,0.11139192985505544,0.0,0.0,0.7647002533045468,0.0,0.0,0.1279983756403377,0.10730137105511556,0.0,0.0
2014-06-09,554124795.5628957,214973.31289568078,0.0,553909822.25,0.9996120489199959,Bull,1.0,0.0,0.0,0.0,0.7630646122241728,0.0,0.0,0.12498014987697711,0.11156728681884603,0.0,0.0,0.7647002533045468,0.0,0.0,0.1279983756403377,0.10730137105511556,0.0,0.0
2014-06-10,558039122.5628957,214973.31289568078,0.0,557824149.25,0.9996147701761332,Bull,1.0,0.0,0.0,0.0,0.7631822430191696,0.0,0.0,0.12495324643146499,0.11147928072549866,0.0,0.0,0.7647002533045468,0.0,0.0,0.1279983756403377,0.10730137105511556,0.0,0.0
2014-06-11,557072811.8128957,214973.31289568078,0.0,556857838.5,0.9996141019480091,Bull,1.0,0.0,0.0,0.0,0.7630025725304309,0.0,0.0,0.1250258467530325,0.11158568266454578,0.0,0.0,0.7647002533045468,0.0,0.0,0.1279983756403377,0.10730137105511556,0.0,0.0
2014-06-12,557377208.5628957,214973.31289568078,0.0,557162235.25,0.9996143126959749,Bull,1.0,0.0,0.0,0.0,0.7634218420001723,0.0,0.0,0.12492850251185421,0.11126396818394842,0.0,0.0,0.7647002533045468,0.0,0.0,0.1279983756403377,0.10730137105511556,0.0,0.0
2014-06-13,557899003.3128957,214973.31289568078,0.0,557684030.0,0.99961467342365,Bull,1.0,0.0,0.0,0.0,0.7639461219129738,0.0,0.0,0.12476917790971616,0.11089937360095993,0.0,0.0,0.7647002533045468,0.0,0.0,0.1279983756403377,0.10730137105511556,0.0,0.0
2014-06-16,558089732.3128957,214973.31289568078,0.0,557874759.0,0.9996148051102737,Bull,1.0,0.0,0.0,0.0,0.7637590056235314,0.0,0.0,0.12490751211476685,0.11094828737197544,0.0,0.0,0.7647002533045468,0.0,0.0,0.1279983756403377,0.10730137105511556,0.0,0.0
2014-06-17,559955039.3128957,214973.31289568078,0.0,559740066.0,0.9996160882610157,Bull,1.0,0.0,0.0,0.0,0.7638683215082005,0.0,0.0,0.12439034406310397,0.11135742268971123,0.0,0.0,0.7647002533045468,0.0,0.0,0.1279983756403377,0.10730137105511556,0.0,0.0
2014-06-18,560551289.3128957,214973.31289568078,0.0,560336316.0,0.999616496622175,Bull,1.0,0.0,0.0,0.0,0.7633251838997357,0.0,0.0,0.1247930409467898,0.11149827177564955,0.0,0.0,0.7647002533045468,0.0,0.0,0.1279983756403377,0.10730137105511556,0.0,0.0
2014-06-19,560294727.0628957,214973.31289568078,0.0,560079753.75,0.9996163210137233,Bull,1.0,0.0,0.0,0.0,0.761986296012517,0.0,0.0,0.12530244638928936,0.11232757861191701,0.0,0.0,0.7647002533045468,0.0,0.0,0.1279983756403377,0.10730137105511556,0.0,0.0
2014-06-20,557685514.5628957,214973.31289568078,0.0,557470541.25,0.9996145259159831,Bull,1.0,0.0,0.0,0.0,0.7619265341382255,0.0,0.0,0.1251823799919167,0.11250561178584079,0.0,0.0,0.7647002533045468,0.0,0.0,0.1279983756403377,0.10730137105511556,0.0,0.0
2014-06-23,559596093.5628957,214973.31289568078,0.0,559381120.25,0.9996158420057457,Bull,1.0,0.0,0.0,0.0,0.762759113510548,0.0,0.0,0.12482181488307557,0.11203491361212208,0.0,0.0,0.7647002533045468,0.0,0.0,0.1279983756403377,0.10730137105511556,0.0,0.0
2014-06-24,561869799.0628957,214973.31289568078,0.0,561654825.75,0.999617396569002,Bull,1.0,0.0,0.0,0.0,0.7634676689607608,0.0,0.0,0.1243957232023714,0.11175400440586976,0.0,0.0,0.7647002533045468,0.0,0.0,0.1279983756403377,0.10730137105511556,0.0,0.0
2014-06-25,563241980.3128957,214973.31289568078,0.0,563027007.0,0.9996183286750462,Bull,1.0,0.0,0.0,0.0,0.7649537358004623,0.0,0.0,0.12344090538382078,0.11122368749076303,0.0,0.0,0.7647002533045468,0.0,0.0,0.1279983756403377,0.10730137105511556,0.0,0.0
2014-06-26,566012011.5628957,214973.31289568078,0.0,565797038.25,0.9996201965532462,Bull,1.0,0.0,0.0,0.0,0.7650733189464836,0.0,0.0,0.1226691281838365,0.11187774942292611,0.0,0.0,0.7647002533045468,0.0,0.0,0.1279983756403377,0.10730137105511556,0.0,0.0
2014-06-27,567014867.8128957,214973.31289568078,1243200.0,565556694.5,0.9974283331960586,Bull,1.0,0.0,0.0,0.0,0.76509394925276,0.0,0.0,0.12065450816816144,0.11167987577513713,0.0,0.0,0.7647002533045468,0.0,0.0,0.1279983756403377,0.10730137105511556,0.0,0.0
2014-06-30,567623554.3128957,214973.31289568078,1243200.0,566165381.0,0.9974310909020314,Bull,1.0,0.0,0.0,0.0,0.7650465307516472,0.0,0.0,0.11980017299020514,0.11258438716017911,0.0,0.0,0.7647002533045468,0.0,0.0,0.1279983756403377,0.10730137105511556,0.0,0.0
2014-07-01,567949770.3128957,214973.31289568078,1243200.0,566491597.0,0.9974325664185192,Bull,1.0,0.0,0.0,0.0,0.7645995644311294,0.0,0.0,0.11928959837887566,0.11354340360851412,0.0,0.0,0.7647002533045468,0.0,0.0,0.1279983756403377,0.10730137105511556,0.0,0.0
2014-07-02,569228523.3128957,214973.31289568078,1243200.0,567770350.0,0.9974383340729148,Bull,1.0,0.0,0.0,0.0,0.7640078319844581,0.0,0.0,0.1192059027630648,0.11422459932539188,0.0,0.0,0.7647002533045468,0.0,0.0,0.1279983756403377,0.10730137105511556,0.0,0.0
2014-07-03,566042770.5628957,214973.31289568078,1243200.0,564584597.25,0.997423916727272,Bull,1.0,0.0,0.0,0.0,0.7625524424961078,0.0,0.0,0.11897687507434895,0.11589459915681537,0.0,0.0,0.7647002533045468,0.0,0.0,0.1279983756403377,0.10730137105511556,0.0,0.0
2014-07-04,566289357.0628957,214973.31289568078,1243200.0,564831183.75,0.9974250384636247,Bull,1.0,0.0,0.0,0.0,0.7635285359989158,0.0,0.0,0.11805236875143146,0.11584413371327745,0.0,0.0,0.7647002533045468,0.0,0.0,0.1279983756403377,0.10730137105511556,0.0,0.0
2014-07-07,564995593.3128957,214973.31289568078,1243200.0,563537420.0,0.9974191421487988,Bull,1.0,0.0,0.0,0.0,0.7626601430170217,0.0,0.0,0.11882110372995669,0.11593789540182046,0.0,0.0,0.7647002533045468,0.0,0.0,0.1279983756403377,0.10730137105511556,0.0,0.0
2014-07-08,569468472.8128957,214973.31289568078,1243200.0,568010299.5,0.997439413448662,Bull,1.0,0.0,0.0,0.0,0.7635886273951302,0.0,0.0,0.11856828467865796,0.11528250137487393,0.0,0.0,0.7647002533045468,0.0,0.0,0.1279983756403377,0.10730137105511556,0.0,0.0
2014-07-09,570828399.0628957,214973.31289568078,1243200.0,569370225.75,0.9974455137213049,Bull,1.0,0.0,0.0,0.0,0.7638132168367459,0.0,0.0,0.11845468815322503,0.11517760873133402,0.0,0.0,0.7647002533045468,0.0,0.0,0.1279983756403377,0.10730137105511556,0.0,0.0
2014-07-10,575595573.0628957,214973.31289568078,1243200.0,574137399.75,0.9974666703825807,Bull,1.0,0.0,0.0,0.0,0.7649757405307326,0.0,0.0,0.11742550353599479,0.11506542631585333,0.0,0.0,0.7647002533045468,0.0,0.0,0.1279983756403377,0.10730137105511556,0.0,0.0
2014-07-11,572187442.0628957,214973.31289568078,1243200.0,570729268.75,0.9974515810629494,Bull,1.0,0.0,0.0,0.0,0.7635123329078207,0.0,0.0,0.11827313049027234,0.11566611766485624,0.0,0.0,0.7647002533045468,0.0,0.0,0.1279983756403377,0.10730137105511556,0.0,0.0
2014-07-14,574739189.8128957,214973.31289568078,1243200.0,573281016.5,0.9974628956251089,Bull,1.0,0.0,0.0,0.0,0.7640159646029197,0.0,0.0,0.11761995910180965,0.11582697192037962,0.0,0.0,0.7647002533045468,0.0,0.0,0.1279983756403377,0.10730137105511556,0.0,0.0
2014-07-15,579399590.0628957,214973.31289568078,1243200.0,577941416.75,0.9974833028226041,Bull,1.0,0.0,0.0,0.0,0.7658706950445547,0.0,0.0,0.11629918480385064,0.11531342297419866,0.0,0.0,0.7647002533045468,0.0,0.0,0.1279983756403377,0.10730137105511556,0.0,0.0
2014-07-16,577346696.0628957,214973.31289568078,2360700.0,574771022.75,0.9955387753485732,Bull,1.0,0.0,0.0,0.0,0.7663607945923003,0.0,0.0,0.11446155395128625,0.11471642680498656,0.0,0.0,0.7647002533045468,0.0,0.0,0.1279983756403377,0.10730137105511556,0.0,0.0
2014-07-17,580184744.3628956,214973.31289568078,3641303.3,576328467.75,0.9933533643371988,Bull,1.0,0.0,0.0,0.0,0.768408635493435,0.0,0.0,0.11220908621354549,0.11273564263021837,0.0,0.0,0.7647002533045468,0.0,0.0,0.1279983756403377,0.10730137105511556,0.0,0.0
2014-07-18,579882155.7758262,1825751.225826306,2398103.3,575658301.25,0.9927160122384261,Bull,1.0,1243200.0,0.0,0.0,0.7675123243869159,0.0,0.0,0.11648332221851039,0.10872036563299985,0.0,0.0,0.7647002533045468,0.0,0.0,0.1279983756403377,0.10730137105511556,0.0,0.0
2014-07-21,580013757.0040791,414490.95407918096,2398103.3,577201162.75,0.9951508145796285,Bull,1.0,0.0,0.0,0.0,0.7701847712326905,0.0,0.0,0.11627034563513934,0.10869569771179861,0.0,0.0,0.7647002533045468,0.0,0.0,0.1279983756403377,0.10730137105511556,0.0,0.0
2014-07-22,583283943.2540791,414490.95407918096,2398103.3,580471349.0,0.9951780015777771,Bull,1.0,0.0,0.0,0.0,0.7703295353773786,0.0,0.0,0.11580140475524334,0.10904706144515522,0.0,0.0,0.7647002533045468,0.0,0.0,0.1279983756403377,0.10730137105511556,0.0,0.0
2014-07-24,586021712.7540791,414490.95407918096,2398103.3,583209118.5,0.9952005289345663,Bull,1.0,0.0,0.0,0.0,0.7707702780793525,0.0,0.0,0.11541449493763525,0.10901575591757853,0.0,0.0,0.7647002533045468,0.0,0.0,0.1279983756403377,0.10730137105511556,0.0,0.0
2014-07-25,587579854.7540791,414490.95407918096,2398103.3,584767260.5,0.995213256153487,Bull,1.0,0.0,0.0,0.0,0.7731084665762129,0.0,0.0,0.11457029960323475,0.10753448997403933,0.0,0.0,0.7647002533045468,0.0,0.0,0.1279983756403377,0.10730137105511556,0.0,0.0
2014-07-28,595127851.7540791,414490.95407918096,2398103.3,592315257.5,0.9952739663489294,Bull,1.0,0.0,0.0,0.0,0.7767268094369297,0.0,0.0,0.11261193675017857,0.1059352201618211,0.0,0.0,0.7647002533045468,0.0,0.0,0.1279983756403377,0.10730137105511556,0.0,0.0
2014-07-29,590730877.3364629,422662.78646293236,2398103.3,587910111.25,0.9952249557375749,Bull,1.0,0.0,0.0,0.0,0.7694914531970448,0.0,0.0,0.11806120633893459,0.10767229620159549,0.0,0.0,0.7647002533045468,0.0,0.0,0.1279983756403377,0.10730137105511556,0.0,0.0
2014-07-30,594801850.5864629,422662.78646293236,2398103.3,591981084.5,0.99525763733976,Bull,1.0,0.0,0.0,0.0,0.7704349508128943,0.0,0.0,0.11725316579165881,0.10756952073520697,0.0,0.0,0.7647002533045468,0.0,0.0,0.1279983756403377,0.10730137105511556,0.0,0.0
2014-07-31,589832079.8364629,422662.78646293236,2398103.3,587011313.75,0.9952176794330262,Bull,1.0,0.0,0.0,0.0,0.7708951060716637,0.0,0.0,0.11760533611402221,0.10671723724734035,0.0,0.0,0.7647002533045468,0.0,0.0,0.1279983756403377,0.10730137105511556,0.0,0.0
2014-08-01,585864493.2864629,422667.78646293236,4907685.8,580534139.7,0.9909017295850074,Bull,1.0,5.0,351341.0,5.0,0.765251341969932,0.0,0.0,0.11901523440832,0.10663515320675525,0.0,0.0,0.7647002533045468,0.0,0.0,0.1279983756403377,0.10730137105511556,0.0,0.0
2014-08-04,583439436.9864628,422667.78646293236,4907685.8,578109083.4,0.9908639127756005,Bull,1.0,0.0,0.0,0.0,0.7636249028711738,0.0,0.0,0.11959493235562507,0.10764407754880168,0.0,0.0,0.7647002533045468,0.0,0.0,0.1279983756403377,0.10730137105511556,0.0,0.0
2014-08-05,571229507.4864628,422667.78646293236,4907685.8,565899153.9,0.9906686305301041,Bull,1.0,0.0,0.0,0.0,0.7620471250083591,0.0,0.0,0.12090516875414864,0.1077163367675963,0.0,0.0,0.7647002533045468,0.0,0.0,0.1279983756403377,0.10730137105511556,0.0,0.0
2014-08-06,577765915.2864628,422667.78646293236,4907685.8,572435561.6999999,0.9907741986063335,Bull,1.0,0.0,0.0,0.0,0.7636567856053619,0.0,0.0,0.11988523062260836,0.10723218237836334,0.0,0.0,0.7647002533045468,0.0,0.0,0.1279983756403377,0.10730137105511556,0.0,0.0
2014-08-07,579539470.2864629,422667.78646293236,4907685.8,574209116.7,0.9908024321728629,Bull,1.0,0.0,0.0,0.0,0.7630838611931035,0.0,0.0,0.12081454946526958,0.10690402151448972,0.0,0.0,0.7647002533045468,0.0,0.0,0.1279983756403377,0.10730137105511556,0.0,0.0
2014-08-08,577485178.1864629,1540167.7864629324,3790185.8,572154824.6,0.990769713599919,Bull,1.0,1117500.0,0.0,0.0,0.7620786493292485,0.0,0.0,0.12140675232596558,0.10728431194470495,0.0,0.0,0.7647002533045468,0.0,0.0,0.1279983756403377,0.10730137105511556,0.0,0.0
2014-08-11,580420631.8864628,1540167.7864629324,3790185.8,575090278.3,0.9908163953973547,Bull,1.0,0.0,0.0,0.0,0.7623766351340834,0.0,0.0,0.12112939502424974,0.10731036523902154,0.0,0.0,0.7647002533045468,0.0,0.0,0.1279983756403377,0.10730137105511556,0.0,0.0
2014-08-12,578959984.9864628,1540167.7864629324,3790185.8,573629631.4,0.9907932262596914,Bull,1.0,0.0,0.0,0.0,0.7621831263698091,0.0,0.0,0.12094756428052154,0.1076625356093607,0.0,0.0,0.7647002533045468,0.0,0.0,0.1279983756403377,0.10730137105511556,0.0,0.0
2014-08-13,584708472.1864629,1540167.7864629324,7119075.800000001,576049228.6,0.9851904940694934,Bull,1.0,0.0,0.0,0.0,0.7574765881941228,0.0,0.0,0.1200615406468969,0.10765236522847377,0.0,0.0,0.7647002533045468,0.0,0.0,0.1279983756403377,0.10730137105511556,0.0,0.0
2014-08-14,584421557.9864628,1540172.7864629324,11126610.8,571754774.4,0.9783259474032676,Bull,1.0,5.0,171751.0,5.0,0.7506240459564999,0.0,0.0,0.11943193923318067,0.10826996221358703,0.0,0.0,0.7647002533045468,0.0,0.0,0.1279983756403377,0.10730137105511556,0.0,0.0
2014-08-15,582644374.6364628,1540172.7864629324,11126610.8,569977591.05,0.9782598371530383,Bull,1.0,0.0,0.0,0.0,0.7496217419459604,0.0,0.0,0.12003788768000762,0.10860020752707036,0.0,0.0,0.7647002533045468,0.0,0.0,0.1279983756403377,0.10730137105511556,0.0,0.0
2014-08-18,580231097.004898,971414.3548979324,11126610.8,568133071.85,0.979149643620711,Bull,1.0,0.0,0.0,0.0,0.7485537643397517,0.0,0.0,0.12279141943231384,0.10780445984864542,0.0,0.0,0.7647002533045468,0.0,0.0,0.1279983756403377,0.10730137105511556,0.0,0.0
2014-08-19,588513428.1886781,435040.3886781826,15650450.8,572427937.0,0.9726675885065428,Bull,1.0,0.0,452384.0,0.0,0.7410891852414498,0.0,0.0,0.12428603409292123,0.10729236917217168,0.0,0.0,0.7647002533045468,0.0,0.0,0.1279983756403377,0.10730137105511556,0.0,0.0
2014-08-20,594483260.3886782,2944622.888678183,13140868.3,578397769.2,0.9729420620217947,Bull,1.0,2509582.5,0.0,0.0,0.7429820124980796,0.0,0.0,0.12335317894746996,0.10660687057624504,0.0,0.0,0.7647002533045468,0.0,0.0,0.1279983756403377,0.10730137105511556,0.0,0.0
2014-08-21,598188514.1384192,409591.48841918283,13140868.3,584638054.35,0.9773475092414035,Bull,1.0,0.0,0.0,0.0,0.7449288039102797,0.0,0.0,0.12617393717214556,0.10624476815897822,0.0,0.0,0.7647002533045468,0.0,0.0,0.1279983756403377,0.10730137105511556,0.0,0.0
2014-08-22,606063207.8107426,437.6607426829287,13140868.3,592921901.85,0.9783169382477244,Bull,1.0,0.0,0.0,0.0,0.7462561594585931,0.0,0.0,0.1252031125170951,0.1068576662720361,0.0,0.0,0.7647002533045468,0.0,0.0,0.1279983756403377,0.10730137105511556,0.0,0.0
2014-08-25,604698594.6607426,437.6607426829287,13140868.3,591557288.7,0.9782680064468889,Bull,1.0,0.0,0.0,0.0,0.7459064609750817,0.0,0.0,0.1254185153887271,0.10694303008308001,0.0,0.0,0.7647002533045468,0.0,0.0,0.1279983756403377,0.10730137105511556,0.0,0.0
2014-08-26,603662148.6107426,437.6607426829287,13140868.3,590520842.65,0.978230694120899,Bull,1.0,0.0,0.0,0.0,0.7456293949949838,0.0,0.0,0.1255526790513949,0.1070486200745203,0.0,0.0,0.7647002533045468,0.0,0.0,0.1279983756403377,0.10730137105511556,0.0,0.0
2014-08-27,606091016.1607428,1281040.960742683,11860265.0,592949710.2,0.9783179330985868,Bull,1.0,1280603.3,0.0,0.0,0.7451927155445836,0.0,0.0,0.1254953430621838,0.10762987449181935,0.0,0.0,0.7647002533045468,0.0,0.0,0.1279983756403377,0.10730137105511556,0.0,0.0
2014-08-28,604666673.3802171,136228.28021705814,11860265.0,592670180.1,0.9801601546631402,Bull,1.0,0.0,0.0,0.0,0.7444849367726508,0.0,0.0,0.12729195007511424,0.10838326781537508,0.0,0.0,0.7647002533045468,0.0,0.0,0.1279983756403377,0.10730137105511556,0.0,0.0
2014-08-29,598173823.0931977,49069.74319768304,11860265.0,586264488.35,0.9800905116816819,Bull,1.0,0.0,0.0,0.0,0.7435385354211729,0.0,0.0,0.1280390365528701,0.10851293970763887,0.0,0.0,0.7647002533045468,0.0,0.0,0.1279983756403377,0.10730137105511556,0.0,0.0
2014-09-01,600936416.876376,4063.076376058125,11860265.0,589072088.8,0.9802569327749415,Bull,1.0,0.0,0.0,0.0,0.7465087423588216,0.0,0.0,0.12561062681532992,0.10813756360079006,0.0,0.0,0.7647002533045468,0.0,0.0,0.1279983756403377,0.10730137105511556,0.0,0.0
2014-09-02,596498286.4774915,75068.17749155819,11860265.0,584562953.3,0.9799910017378701,Bull,1.0,0.0,0.0,0.0,0.7478760013451163,0.0,0.0,0.1253879544930131,0.10672704589974084,0.0,0.0,0.7647002533045468,0.0,0.0,0.1279983756403377,0.10730137105511556,0.0,0.0
2014-09-03,602995932.3774916,75068.17749155819,11860265.0,591060599.2,0.9802066107968044,Bull,1.0,0.0,0.0,0.0,0.7485932739549765,0.0,0.0,0.12526850670812187,0.10634483013370598,0.0,0.0,0.7647002533045468,0.0,0.0,0.1279983756403377,0.10730137105511556,0.0,0.0
2014-09-04,602611120.2274915,75068.17749155819,11860265.0,590675787.05,0.9801939712413773,Bull,1.0,0.0,0.0,0.0,0.7491735082478554,0.0,0.0,0.12499188526684574,0.1060285777266762,0.0,0.0,0.7647002533045468,0.0,0.0,0.1279983756403377,0.10730137105511556,0.0,0.0
2014-09-05,600180924.7774916,7411493.177491559,4523840.0,588245591.6,0.9801137745557035,Bull,1.0,7336425.0,0.0,0.0,0.7485369378684532,0.0,0.0,0.12511893813992842,0.10645789854732185,0.0,0.0,0.7647002533045468,0.0,0.0,0.1279983756403377,0.10730137105511556,0.0,0.0
2014-09-09,601340183.1958411,195525.69584105728,4523840.0,596620817.5,0.9921519202811961,Bull,1.0,0.0,0.0,0.0,0.7538174400568398,0.0,0.0,0.12916332912797301,0.10917115109638334,0.0,0.0,0.7647002533045468,0.0,0.0,0.1279983756403377,0.10730137105511556,0.0,0.0
2014-09-10,598752424.595841,195525.69584105728,4523840.0,594033058.9,0.9921180015278825,Bull,1.0,0.0,0.0,0.0,0.7545705709750845,0.0,0.0,0.12885442602103478,0.10869300453176328,0.0,0.0,0.7647002533045468,0.0,0.0,0.1279983756403377,0.10730137105511556,0.0,0.0
2014-09-11,599187996.345841,195525.69584105728,4523840.0,594468630.65,0.9921237312419103,Bull,1.0,0.0,0.0,0.0,0.7555605810045235,0.0,0.0,0.1283446939341107,0.10821845630327619,0.0,0.0,0.7647002533045468,0.0,0.0,0.1279983756403377,0.10730137105511556,0.0,0.0
2014-09-12,596694516.6458411,195525.69584105728,4523840.0,591975150.95,0.9920908177229955,Bull,1.0,0.0,0.0,0.0,0.7554204678866504,0.0,0.0,0.1290323571813514,0.10763799265499359,0.0,0.0,0.7647002533045468,0.0,0.0,0.1279983756403377,0.10730137105511556,0.0,0.0
2014-09-15,593921873.1458411,195525.69584105728,4523840.0,589202507.45,0.9920538947810696,Bull,1.0,0.0,0.0,0.0,0.75533774345408,0.0,0.0,0.1285756653404957,0.10814048598649384,0.0,0.0,0.7647002533045468,0.0,0.0,0.1279983756403377,0.10730137105511556,0.0,0.0
2014-09-16,588102689.995841,195525.69584105728,4523840.0,583383324.3,0.9919752693260518,Bull,1.0,0.0,0.0,0.0,0.7540413125863037,0.0,0.0,0.12961001759835353,0.10832393914139471,0.0,0.0,0.7647002533045468,0.0,0.0,0.1279983756403377,0.10730137105511556,0.0,0.0
2014-09-17,591909269.9458411,195525.69584105728,4523840.0,587189904.25,0.9920268765240442,Bull,1.0,0.0,0.0,0.0,0.7540635481022949,0.0,0.0,0.12953522421944075,0.10842810420230849,0.0,0.0,0.7647002533045468,0.0,0.0,0.1279983756403377,0.10730137105511556,0.0,0.0
2014-09-18,594035778.5458411,195525.69584105728,4523840.0,589316412.85,0.9920554184338968,Bull,1.0,0.0,0.0,0.0,0.7541412975942986,0.0,0.0,0.12963478426923977,0.10827933657035836,0.0,0.0,0.7647002533045468,0.0,0.0,0.1279983756403377,0.10730137105511556,0.0,0.0
2014-09-19,593426380.1458411,195525.69584105728,4523840.0,588707014.45,0.9920472600246029,Bull,1.0,0.0,0.0,0.0,0.7539264000027207,0.0,0.0,0.12949070444275654,0.10863015557912552,0.0,0.0,0.7647002533045468,0.0,0.0,0.1279983756403377,0.10730137105511556,0.0,0.0
2014-09-22,589145632.845841,195525.69584105728,4523840.0,584426267.15,0.9919894752116817,Bull,1.0,0.0,0.0,0.0,0.7545566704834111,0.0,0.0,0.12970290491823924,0.1077298998100314,0.0,0.0,0.7647002533045468,0.0,0.0,0.1279983756403377,0.10730137105511556,0.0,0.0
2014-09-23,587657164.2958411,195525.69584105728,4523840.0,582937798.6,0.9919691854663322,Bull,1.0,0.0,0.0,0.0,0.7541764578520199,0.0,0.0,0.1300319380800252,0.10776078953428692,0.0,0.0,0.7647002533045468,0.0,0.0,0.1279983756403377,0.10730137105511556,0.0,0.0
2014-09-24,589089774.495841,195525.69584105728,4523840.0,584370408.8,0.9919887156420598,Bull,1.0,0.0,0.0,0.0,0.7536370991670206,0.0,0.0,0.1312552065025632,0.10709640997247595,0.0,0.0,0.7647002533045468,0.0,0.0,0.1279983756403377,0.10730137105511556,0.0,0.0
2014-09-25,585411200.5458411,195525.69584105728,4523840.0,580691834.85,0.9919383747843555,Bull,1.0,0.0,0.0,0.0,0.7540659188590855,0.0,0.0,0.13107470429068327,0.10679775163458677,0.0,0.0,0.7647002533045468,0.0,0.0,0.1279983756403377,0.10730137105511556,0.0,0.0
2014-09-26,584109196.495841,195525.69584105728,4523840.0,579389830.8,0.9919204050815271,Bull,1.0,0.0,0.0,0.0,0.7532162366889436,0.0,0.0,0.13223640453425042,0.10646776385833327,0.0,0.0,0.7647002533045468,0.0,0.0,0.1279983756403377,0.10730137105511556,0.0,0.0
2014-09-29,580676185.6958411,195525.69584105728,4523840.0,575956820.0,0.9918726377762751,Bull,1.0,0.0,0.0,0.0,0.7531068619181572,0.0,0.0,0.13199508071465407,0.10677069514346378,0.0,0.0,0.7647002533045468,0.0,0.0,0.1279983756403377,0.10730137105511556,0.0,0.0
2014-09-30,580599468.1458411,195525.69584105728,4523840.0,575880102.45,0.9918715638667178,Bull,1.0,0.0,0.0,0.0,0.7523079617087809,0.0,0.0,0.1329420783771913,0.10662152378074552,0.0,0.0,0.7647002533045468,0.0,0.0,0.1279983756403377,0.10730137105511556,0.0,0.0
2014-10-01,578826806.9458411,195525.69584105728,4523840.0,574107441.25,0.9918466704734312,Bull,1.0,0.0,0.0,0.0,0.7513508981118981,0.0,0.0,0.13322016028745376,0.10727561207407924,0.0,0.0,0.7647002533045468,0.0,0.0,0.1279983756403377,0.10730137105511556,0.0,0.0
2014-10-02,575669372.3958411,195525.69584105728,4523840.0,570950006.7,0.9918019510466575,Bull,1.0,0.0,0.0,0.0,0.7500485997769912,0.0,0.0,0.13388935332658464,0.10786399794308146,0.0,0.0,0.7647002533045468,0.0,0.0,0.1279983756403377,0.10730137105511556,0.0,0.0
2014-10-03,585305625.345841,195525.69584105728,4523840.0,580586259.65,0.9919369206590958,Bull,1.0,0.0,0.0,0.0,0.7510186825733426,0.0,0.0,0.13288647269371862,0.1080317653920346,0.0,0.0,0.7647002533045468,0.0,0.0,0.1279983756403377,0.10730137105511556,0.0,0.0
2014-10-06,580071076.4458411,195525.69584105728,4523840.0,575351710.75,0.9918641596047899,Bull,1.0,0.0,0.0,0.0,0.7500072463802969,0.0,0.0,0.13293198563262523,0.10892492759186773,0.0,0.0,0.7647002533045468,0.0,0.0,0.1279983756403377,0.10730137105511556,0.0,0.0
2014-10-07,579608693.745841,195525.69584105728,4523840.0,574889328.05,0.9918576692400157,Bull,1.0,0.0,0.0,0.0,0.7499253077811842,0.0,0.0,0.1338201114595627,0.1081122499992688,0.0,0.0,0.7647002533045468,0.0,0.0,0.1279983756403377,0.10730137105511556,0.0,0.0
2014-10-08,580736710.095841,4719365.695841057,0.0,576017344.4,0.991873484810247,Bear,1.0,4523840.0,0.0,0.0,0.7508735659711188,0.0,0.0,0.13375062855451517,0.107249290284613,0.0,0.0,0.7561228808820212,0.0,0.0,0.1634010908266421,0.08047602829133665,0.0,0.0
2014-10-09,584301556.966064,135019.06606405508,0.0,584166537.9,0.9997689222894338,Bear,1.0,0.0,0.0,0.0,0.7717034680538916,0.0,0.0,0.14097686206368298,0.08708859217185937,0.0,0.0,0.7466130024567196,0.0,0.0,0.1930299763247779,0.06035702121850249,0.0,0.0
2014-10-13,573233129.3148999,24470.264899812057,0.0,573208659.0500001,0.9999573118446083,Bear,0.5,0.0,0.0,0.0,0.7754833702324283,0.0,0.0,0.1581553740767779,0.06631856753540197,0.0,0.0,0.36458338728444317,0.0,0.0,0.11278272975861844,0.022633882956938436,0.0,0.0
2014-10-14,575197456.6822788,242090.63227880996,0.0,574955366.05,0.999579117345763,Bear,0.5,0.0,0.0,0.0,0.8081904060065747,0.0,0.0,0.1422353298846229,0.04915338145456556,0.0,0.0,0.3573826418556042,0.0,0.0,0.12564194592669195,0.016975412217703826,0.0,0.0
2014-10-15,570421705.977705,1089204.1777050751,0.0,569332501.8,0.9980905281718931,Bear,0.5,0.0,0.0,0.0,0.7388093710032692,0.0,0.0,0.22287230424041565,0.036408852928208404,0.0,0.0,0.3573826418556042,0.0,0.0,0.12564194592669195,0.016975412217703826,0.0,0.0
2014-10-16,568216949.3631575,89966691.41315748,0.0,478250257.95,0.8416684128940719,Bear,0.5,0.0,0.0,0.0,0.627495815374068,0.0,0.0,0.1854511733909085,0.028721424129095452,0.0,0.0,0.3573826418556042,0.0,0.0,0.12564194592669195,0.016975412217703826,0.0,0.0
2014-10-17,567272623.3731447,203410472.17314476,0.0,363862151.2,0.6414237814551753,Bear,0.5,0.0,0.0,0.0,0.4691239101537761,0.0,0.0,0.15063497951282473,0.021664891788574572,0.0,0.0,0.3573826418556042,0.0,0.0,0.12564194592669195,0.016975412217703826,0.0,0.0
2014-10-20,568903246.2566694,262894749.60666943,0.0,306008496.65,0.5378919854360253,Bear,0.5,0.0,0.0,0.0,0.38779510945252166,0.0,0.0,0.13158792904167294,0.018508946941830806,0.0,0.0,0.3573826418556042,0.0,0.0,0.12564194592669195,0.016975412217703826,0.0,0.0
2014-10-21,568820597.9157408,278816481.11574084,0.0,290004116.8,0.509834063433403,Bear,0.5,0.0,0.0,0.0,0.36566839801889683,0.0,0.0,0.12687040565062307,0.01729525976388303,0.0,0.0,0.3573826418556042,0.0,0.0,0.12564194592669195,0.016975412217703826,0.0,0.0
2014-10-22,570045817.6657408,278816481.11574084,0.0,291229336.55,0.5108875945139709,Bear,0.5,0.0,0.0,0.0,0.3673964970177286,0.0,0.0,0.12596461157110853,0.017526485925133808,0.0,0.0,0.3573826418556042,0.0,0.0,0.12564194592669195,0.016975412217703826,0.0,0.0
2014-10-23,570975826.8657408,278816481.11574084,0.0,292159345.75,0.5116842640322465,Bear,0.5,0.0,0.0,0.0,0.3687807536544139,0.0,0.0,0.1254725622856287,0.017430948092204024,0.0,0.0,0.3573826418556042,0.0,0.0,0.12564194592669195,0.016975412217703826,0.0,0.0
2014-10-24,570699033.0157409,278816481.11574084,237150.0,291645401.9,0.5110318837564175,Bear,0.5,0.0,0.0,0.0,0.367524105992685,0.0,0.0,0.12660456005715212,0.016903217706580428,0.0,0.0,0.3573826418556042,0.0,0.0,0.12564194592669195,0.016975412217703826,0.0,0.0
2014-10-27,571400926.2657409,278816481.11574084,237150.0,292347295.15,0.5116325188000104,Bear,0.5,0.0,0.0,0.0,0.3677901723461035,0.0,0.0,0.12690633960623962,0.016936006847667256,0.0,0.0,0.3573826418556042,0.0,0.0,0.12564194592669195,0.016975412217703826,0.0,0.0
2014-10-28,573592274.1657408,278816481.11574084,237150.0,294538643.05,0.5134982744988863,Bear,0.5,0.0,0.0,0.0,0.3699960801575869,0.0,0.0,0.12633747570153067,0.01716471863976868,0.0,0.0,0.3573826418556042,0.0,0.0,0.12564194592669195,0.016975412217703826,0.0,0.0
2014-10-29,575714522.8157408,278816481.11574084,237150.0,296660891.7,0.5152916592221302,Bear,0.5,0.0,0.0,0.0,0.37007558999547735,0.0,0.0,0.12794188279244514,0.01727418643420765,0.0,0.0,0.3573826418556042,0.0,0.0,0.12564194592669195,0.016975412217703826,0.0,0.0
2014-10-30,576472072.5657408,278816481.11574084,237150.0,297418441.45,0.5159286210106604,Bear,0.5,0.0,0.0,0.0,0.36865088798514967,0.0,0.0,0.1300793283293849,0.017198404696125782,0.0,0.0,0.3573826418556042,0.0,0.0,0.12564194592669195,0.016975412217703826,0.0,0.0
2014-10-31,577778951.3157408,278816481.11574084,237150.0,298725320.2,0.5170235425152319,Bear,0.5,0.0,0.0,0.0,0.3696298034285655,0.0,0.0,0.1301018319009713,0.017291907185695034,0.0,0.0,0.3573826418556042,0.0,0.0,0.12564194592669195,0.016975412217703826,0.0,0.0
2014-11-03,576626244.9157408,278816481.11574084,237150.0,297572613.8,0.516058046999721,Bull,0.5,0.0,0.0,0.0,0.3693219233042692,0.0,0.0,0.1293300481161714,0.01740607557928034,0.0,0.0,0.3573826418556042,0.0,0.0,0.12564194592669195,0.016975412217703826,0.0,0.0
2014-11-04,576346079.5657408,278816481.11574084,237150.0,297292448.45,0.5158227998601131,Bull,1.0,0.0,0.0,0.0,0.36895869684794885,0.0,0.0,0.12943629295823247,0.01742781005393181,0.0,0.0,0.7147652837112084,0.0,0.0,0.2512838918533839,0.03395082443540765,0.0,0.0
2014-11-05,575733126.8562614,163454528.00626135,237150.0,412041448.85,0.7156813280832303,Bear,1.0,0.0,0.0,0.0,0.5114248861408864,0.0,0.0,0.18013762829022123,0.02411881365212255,0.0,0.0,0.7147652837112084,0.0,0.0,0.2512838918533839,0.03395082443540765,0.0,0.0
2014-11-06,574371499.7193135,48289992.11931345,237150.0,525844357.6,0.9155126218083106,Bear,1.0,0.0,0.0,0.0,0.6532557025955502,0.0,0.0,0.23142809151386992,0.030828827698890414,0.0,0.0,0.7147652837112084,0.0,0.0,0.2512838918533839,0.03395082443540765,0.0,0.0
2014-11-07,571266204.0746069,12260623.024606958,237150.0,558768431.05,0.9781226809227196,Bear,1.0,0.0,0.0,0.0,0.6997290023440549,0.0,0.0,0.2450670090431541,0.03332666953551063,0.0,0.0,0.7147652837112084,0.0,0.0,0.2512838918533839,0.03395082443540765,0.0,0.0
2014-11-10,578658744.0285665,9414570.628566457,237150.0,569007023.4,0.9833205309205696,Bull,1.0,0.0,0.0,0.0,0.7014506003558499,0.0,0.0,0.24803237051389754,0.03383756005082225,0.0,0.0,0.7353789652469261,0.0,0.0,0.21971726694340568,0.04490376780966818,0.0,0.0
2014-11-11,577734677.1406502,2043659.140650211,237150.0,575453868.0,0.9960521512194171,Bull,1.0,0.0,0.0,0.0,0.7265419311117649,0.0,0.0,0.2275020094873097,0.04200821062034249,0.0,0.0,0.7353789652469261,0.0,0.0,0.21971726694340568,0.04490376780966818,0.0,0.0
2014-11-12,570916386.9906502,2043659.140650211,237150.0,568635577.85,0.9960050031972764,Bear,1.0,0.0,0.0,0.0,0.7252632562056431,0.0,0.0,0.22884419326036906,0.04189755373126421,0.0,0.0,0.7353789652469261,0.0,0.0,0.21971726694340568,0.04490376780966818,0.0,0.0
2014-11-13,575115487.8406502,2043659.140650211,237150.0,572834678.7,0.9960341719378594,Bear,1.0,0.0,0.0,0.0,0.7256576940171595,0.0,0.0,0.2283689150732636,0.04200756284743613,0.0,0.0,0.7353789652469261,0.0,0.0,0.21971726694340568,0.04490376780966818,0.0,0.0
2014-11-14,575835638.4406501,2043659.140650211,237150.0,573554829.3,0.9960391316750965,Bear,1.0,0.0,0.0,0.0,0.725716335362024,0.0,0.0,0.22833581533101255,0.04198698098206008,0.0,0.0,0.7353789652469261,0.0,0.0,0.21971726694340568,0.04490376780966818,0.0,0.0
2014-11-17,572218324.4406501,2043659.140650211,237150.0,569937515.3,0.9960140927977452,Bear,1.0,0.0,0.0,0.0,0.7256559211134938,0.0,0.0,0.2284916340765682,0.04186653760768329,0.0,0.0,0.7110729827248558,0.0,0.0,0.24540479835334147,0.0435222189218029,0.0,0.0
2014-11-18,574736771.3576456,453536.9076455883,237150.0,574046084.45,0.9987982552325405,Bear,1.0,0.0,0.0,0.0,0.7151885957792944,0.0,0.0,0.24092542342977055,0.04268423602347547,0.0,0.0,0.7110729827248558,0.0,0.0,0.24540479835334147,0.0435222189218029,0.0,0.0
2014-11-19,578513223.8076456,453536.9076455883,237150.0,577822536.9,0.9988061000523036,Bear,1.0,0.0,0.0,0.0,0.7154250237806408,0.0,0.0,0.2403547477874651,0.043026328484197796,0.0,0.0,0.6941978048163178,0.0,0.0,0.27155359876500607,0.03424859641867623,0.0,0.0
2014-11-20,580763029.5715576,4478228.671557711,237150.0,576047650.9,0.9918807182422815,Bull,1.0,0.0,0.0,0.0,0.6998965674517287,0.0,0.0,0.25517292329941677,0.036811227491136085,0.0,0.0,0.7147474331046982,0.0,0.0,0.23749350771547856,0.04775905917982319,0.0,0.0
2014-11-21,577535733.2704712,917290.6204712102,237150.0,576381292.65,0.9980010923065593,Bull,1.0,0.0,0.0,0.0,0.7093656185220613,0.0,0.0,0.24339706082596296,0.04523841295853518,0.0,0.0,0.7301467520136835,0.0,0.0,0.20811426200446004,0.06173898598185641,0.0,0.0
2014-11-24,579541495.0387354,3200817.4887354597,237150.0,576103527.55,0.9940677802742914,Bull,1.0,0.0,0.0,0.0,0.7204359500126797,0.0,0.0,0.21611532749976547,0.057516502761846375,0.0,0.0,0.7301467520136835,0.0,0.0,0.20811426200446004,0.06173898598185641,0.0,0.0
2014-11-25,575000494.1887354,3200817.4887354597,237150.0,571562526.6999999,0.9940209312453095,Bull,1.0,0.0,0.0,0.0,0.7202918621563053,0.0,0.0,0.2157149450367028,0.05801412405230156,0.0,0.0,0.7451166965144883,0.0,0.0,0.1829750951350371,0.0719082083504746,0.0,0.0
2014-11-26,575097285.8911713,2419970.741171335,237150.0,572440165.15,0.9953797021715137,Bull,1.0,0.0,0.0,0.0,0.7364520326220894,0.0,0.0,0.19057784254739177,0.06834982700203253,0.0,0.0,0.7451166965144883,0.0,0.0,0.1829750951350371,0.0719082083504746,0.0,0.0
2014-11-27,577547491.2911713,2657120.741171335,0.0,574890370.55,0.9953993034664023,Bull,1.0,237150.0,0.0,0.0,0.7348759659593521,0.0,0.0,0.19180171617116912,0.06872162133588117,0.0,0.0,0.7451166965144883,0.0,0.0,0.1829750951350371,0.0719082083504746,0.0,0.0
2014-11-28,579054424.5911714,2657120.741171335,0.0,576397303.85,0.9954112763354717,Bull,1.0,0.0,0.0,0.0,0.7350930858537643,0.0,0.0,0.1917754105383156,0.06854277994339177,0.0,0.0,0.7451166965144883,0.0,0.0,0.1829750951350371,0.0719082083504746,0.0,0.0
2014-12-01,571702029.6411713,2657120.741171335,0.0,569044908.9,0.9953522628862467,Bull,1.0,0.0,0.0,0.0,0.7328984106685522,0.0,0.0,0.1937495307993272,0.06870432141836733,0.0,0.0,0.7451166965144883,0.0,0.0,0.1829750951350371,0.0719082083504746,0.0,0.0
2014-12-02,569416258.2911713,2657120.741171335,0.0,566759137.55,0.9953336057717329,Bear,1.0,0.0,0.0,0.0,0.7310274890976959,0.0,0.0,0.19635863636128562,0.06794748031275152,0.0,0.0,0.7125871941226529,0.0,0.0,0.22473132135127782,0.06268148452606925,0.0,0.0
2014-12-03,574460152.3105555,3443323.8605554625,0.0,571016828.45,0.9940059831013415,Bull,1.0,0.0,0.0,0.0,0.72633798318605,0.0,0.0,0.2031989504067385,0.06446904950855283,0.0,0.0,0.7125871941226529,0.0,0.0,0.22473132135127782,0.06268148452606925,0.0,0.0
2014-12-04,578101074.7191676,2891506.3691675887,0.0,575209568.35,0.9949982684765424,Bull,1.0,0.0,0.0,0.0,0.717734642772569,0.0,0.0,0.21423779580441865,0.06302582989955467,0.0,0.0,0.7253613227424548,0.0,0.0,0.19832979363119307,0.07630888362635219,0.0,0.0
2014-12-05,575873678.0379366,846147.7379365894,0.0,575027530.3,0.998530671273569,Bull,1.0,0.0,0.0,0.0,0.7191688838966472,0.0,0.0,0.2064607300772785,0.07290105729964338,0.0,0.0,0.7253613227424548,0.0,0.0,0.19832979363119307,0.07630888362635219,0.0,0.0
2014-12-08,576434718.6879367,846147.7379365894,0.0,575588570.95,0.9985321013629044,Bull,1.0,0.0,0.0,0.0,0.7194326738228767,0.0,0.0,0.20681405219892574,0.07228537534110192,0.0,0.0,0.7253613227424548,0.0,0.0,0.19832979363119307,0.07630888362635219,0.0,0.0
2014-12-09,576224218.0879366,846147.7379365894,0.0,575378070.35,0.9985315651245198,Bull,1.0,0.0,0.0,0.0,0.7189688620251229,0.0,0.0,0.20741439920138982,0.07214830389800715,0.0,0.0,0.7253613227424548,0.0,0.0,0.19832979363119307,0.07630888362635219,0.0,0.0
2014-12-10,572118586.1379366,846147.7379365894,0.0,571272438.4,0.9985210273561492,Bear,1.0,0.0,0.0,0.0,0.7187896851525334,0.0,0.0,0.208053195410963,0.07167814679265282,0.0,0.0,0.7017597896373684,0.0,0.0,0.23624734522339483,0.061992865139236894,0.0,0.0
2014-12-11,567696956.7589662,231299.30896621384,0.0,567465657.45,0.9995925655295271,Bear,1.0,0.0,0.0,0.0,0.7051855795309002,0.0,0.0,0.22946696903874594,0.06494001695988083,0.0,0.0,0.6825369546257544,0.0,0.0,0.2646855089175461,0.052777536456699595,0.0,0.0
2014-12-12,567697129.0797751,532661.0797750903,0.0,567164468.0,0.9990617160938641,Bear,1.0,0.0,0.0,0.0,0.689075649605811,0.0,0.0,0.25408337053564783,0.055902695952405206,0.0,0.0,0.6825369546257544,0.0,0.0,0.2646855089175461,0.052777536456699595,0.0,0.0
2014-12-15,565564260.5297751,532661.0797750903,0.0,565031599.45,0.9990581776166759,Bear,1.0,0.0,0.0,0.0,0.6894365975048594,0.0,0.0,0.25367992642534853,0.05594165368646792,0.0,0.0,0.6825369546257544,0.0,0.0,0.2646855089175461,0.052777536456699595,0.0,0.0
2014-12-16,567930363.129775,532661.0797750903,0.0,567397702.05,0.9990621014223651,Bear,1.0,0.0,0.0,0.0,0.6866477430453745,0.0,0.0,0.2571764242276036,0.05523793414938707,0.0,0.0,0.6825369546257544,0.0,0.0,0.2646855089175461,0.052777536456699595,0.0,0.0
2014-12-17,561960806.879775,532661.0797750903,0.0,561428145.8,0.9990521383817981,Bear,1.0,0.0,0.0,0.0,0.6868093665517346,0.0,0.0,0.25728288918008446,0.05495988264997909,0.0,0.0,0.6825369546257544,0.0,0.0,0.2646855089175461,0.052777536456699595,0.0,0.0
2014-12-18,565555656.7297751,532661.0797750903,0.0,565022995.65,0.999058163288729,Bear,1.0,0.0,0.0,0.0,0.6872739950963279,0.0,0.0,0.25704472808316353,0.054739440109237494,0.0,0.0,0.6825369546257544,0.0,0.0,0.2646855089175461,0.052777536456699595,0.0,0.0
2014-12-19,572665970.9797751,532661.0797750903,0.0,572133309.9,0.9990698572872004,Bear,1.0,0.0,0.0,0.0,0.6870193617875976,0.0,0.0,0.25671771582389363,0.05533277967570925,0.0,0.0,0.6825369546257544,0.0,0.0,0.2646855089175461,0.052777536456699595,0.0,0.0
2014-12-22,573153470.9797751,532661.0797750903,0.0,572620809.9,0.9990706484270879,Bull,1.0,0.0,0.0,0.0,0.686582093321888,0.0,0.0,0.2565244867987342,0.055964068306465636,0.0,0.0,0.7102503592020485,0.0,0.0,0.23503753382625728,0.05471210697169429,0.0,0.0
2014-12-23,571853663.4187596,25562.118759591132,0.0,571828101.3,0.9999552995453298,Bull,1.0,0.0,0.0,0.0,0.7037608168740425,0.0,0.0,0.24119369835880167,0.055000784312485715,0.0,0.0,0.7102503592020485,0.0,0.0,0.23503753382625728,0.05471210697169429,0.0,0.0
2014-12-24,575414657.5187596,25562.118759591132,0.0,575389095.4,0.9999555761772391,Bull,1.0,0.0,0.0,0.0,0.7039535578510947,0.0,0.0,0.2409262575927349,0.05507576073340954,0.0,0.0,0.7102503592020485,0.0,0.0,0.23503753382625728,0.05471210697169429,0.0,0.0
2014-12-25,574640626.8187596,25562.118759591132,0.0,574615064.6999999,0.9999555163391403,Bull,1.0,0.0,0.0,0.0,0.7030266323780425,0.0,0.0,0.2417789371579189,0.05514994680317895,0.0,0.0,0.7102503592020485,0.0,0.0,0.23503753382625728,0.05471210697169429,0.0,0.0
2014-12-26,576948936.0187596,25562.118759591132,0.0,576923373.9,0.999955694313372,Bull,1.0,0.0,0.0,0.0,0.7036156036637538,0.0,0.0,0.24128651828465034,0.05505357236496787,0.0,0.0,0.7102503592020485,0.0,0.0,0.23503753382625728,0.05471210697169429,0.0,0.0
2014-12-27,575613680.6187596,25562.118759591132,0.0,575588118.5,0.9999555915371362,Bull,1.0,0.0,0.0,0.0,0.7039466436315868,0.0,0.0,0.24070310464313954,0.05530584326240991,0.0,0.0,0.7102503592020485,0.0,0.0,0.23503753382625728,0.05471210697169429,0.0,0.0
2014-12-29,577688798.1687596,25562.118759591132,0.0,577663236.05,0.9999557510569,Bull,1.0,0.0,0.0,0.0,0.7028068353359253,0.0,0.0,0.24154527566109552,0.055603640059879354,0.0,0.0,0.7292276404346174,0.0,0.0,0.20889513510718102,0.06187722445820161,0.0,0.0
2014-12-30,578495837.4834563,2778716.1834563436,0.0,575717121.3,0.9951966531072304,Bull,1.0,0.0,0.0,0.0,0.7167142690319827,0.0,0.0,0.2186231806786628,0.05985920339658502,0.0,0.0,0.7292276404346174,0.0,0.0,0.20889513510718102,0.06187722445820161,0.0,0.0
2014-12-31,582269514.0334563,2778716.1834563436,0.0,579490797.85,0.9952277834980441,Bull,1.0,0.0,0.0,0.0,0.7153903610108389,0.0,0.0,0.2203661653366715,0.059471257150533745,0.0,0.0,0.7292276404346174,0.0,0.0,0.20889513510718102,0.06187722445820161,0.0,0.0
2015-01-05,576434855.7834563,2778716.1834563436,0.0,573656139.6,0.9951794792497763,Bull,1.0,0.0,0.0,0.0,0.7160337988913228,0.0,0.0,0.21934204486672668,0.059803635491726924,0.0,0.0,0.7292276404346174,0.0,0.0,0.20889513510718102,0.06187722445820161,0.0,0.0
2015-01-06,567616036.5334563,2778716.1834563436,0.0,564837320.35,0.9951045847815956,Bear,1.0,0.0,0.0,0.0,0.7165601289808283,0.0,0.0,0.2193174469845382,0.05922700881622903,0.0,0.0,0.7119280909675775,0.0,0.0,0.23948612973864208,0.048585779293780516,0.0,0.0
2015-01-07,567147972.158522,453341.85852209385,0.0,566694630.3,0.9992006638817791,Bear,1.0,0.0,0.0,0.0,0.7131442765468461,0.0,0.0,0.2345971537086113,0.05145923362632174,0.0,0.0,0.7119280909675775,0.0,0.0,0.23948612973864208,0.048585779293780516,0.0,0.0
2015-01-08,576520249.158522,453341.85852209385,0.0,576066907.3,0.9992136583941609,Bull,1.0,0.0,0.0,0.0,0.7108612540464521,0.0,0.0,0.23656150880920715,0.051790895538501726,0.0,0.0,0.7312645688239343,0.0,0.0,0.20852211943794877,0.060213311738117024,0.0,0.0
2015-01-09,577993209.6728837,1562159.1228838428,0.0,576431050.55,0.9972972708039807,Bull,1.0,0.0,0.0,0.0,0.7105081749704616,0.0,0.0,0.2292218970443999,0.05756719878911929,0.0,0.0,0.7312645688239343,0.0,0.0,0.20852211943794877,0.060213311738117024,0.0,0.0
2015-01-12,578228324.3140556,630111.4640555894,0.0,577598212.85,0.9989102722271466,Bull,1.0,0.0,0.0,0.0,0.7107585283677359,0.0,0.0,0.22902285210102247,0.05912889175838824,0.0,0.0,0.7312645688239343,0.0,0.0,0.20852211943794877,0.060213311738117024,0.0,0.0
2015-01-13,583503114.5433711,6039780.693371089,0.0,577463333.85,0.9896491029047932,Bull,1.0,0.0,0.0,0.0,0.7163620440605731,0.0,0.0,0.21372328080475153,0.05956377803946864,0.0,0.0,0.7312645688239343,0.0,0.0,0.20852211943794877,0.060213311738117024,0.0,0.0
2015-01-14,576762324.993371,6039780.693371089,0.0,570722544.3,0.9895281289507936,Bull,1.0,0.0,0.0,0.0,0.7156664477083245,0.0,0.0,0.21392156639464632,0.05994011484782288,0.0,0.0,0.7312645688239343,0.0,0.0,0.20852211943794877,0.060213311738117024,0.0,0.0
2015-01-15,574551100.6845851,1474321.7345850905,0.0,573076778.95,0.9974339589066519,Bull,1.0,0.0,0.0,0.0,0.7289601890083663,0.0,0.0,0.20800499704482836,0.06046877285345721,0.0,0.0,0.7312645688239343,0.0,0.0,0.20852211943794877,0.060213311738117024,0.0,0.0
2015-01-16,576635331.784585,1474321.7345850905,0.0,575161010.05,0.9974432337851684,Bull,1.0,0.0,0.0,0.0,0.7276926801404461,0.0,0.0,0.2097750403632719,0.05997551328145051,0.0,0.0,0.7312645688239343,0.0,0.0,0.20852211943794877,0.060213311738117024,0.0,0.0
2015-01-19,578090112.484585,1474321.7345850905,0.0,576615790.75,0.9974496679622342,Bull,1.0,0.0,0.0,0.0,0.7278154074313444,0.0,0.0,0.20912466307443314,0.060509597456456676,0.0,0.0,0.7312645688239343,0.0,0.0,0.20852211943794877,0.060213311738117024,0.0,0.0
2015-01-20,576709769.234585,1474321.7345850905,0.0,575235447.5,0.9974435637937228,Bull,1.0,0.0,0.0,0.0,0.7280479192458604,0.0,0.0,0.2082834493326223,0.06111219521524005,0.0,0.0,0.7463270812614122,0.0,0.0,0.1823609826703372,0.0713119360682507,0.0,0.0
2015-01-21,582133871.1463878,8064181.1463878425,0.0,574069690.0,0.986147205056962,Bull,1.0,0.0,0.0,0.0,0.7269911801671773,0.0,0.0,0.19053521105303967,0.06862081383674504,0.0,0.0,0.7463270812614122,0.0,0.0,0.1823609826703372,0.0713119360682507,0.0,0.0
2015-01-22,582747232.9885179,1948140.788517843,0.0,580799092.2,0.996656971190533,Bull,1.0,0.0,0.0,0.0,0.7412390273992274,0.0,0.0,0.18454055877450887,0.07087738501679651,0.0,0.0,0.7463270812614122,0.0,0.0,0.1823609826703372,0.0713119360682507,0.0,0.0
2015-01-23,586773825.4885179,1948140.788517843,0.0,584825684.7,0.9966799119117219,Bull,1.0,0.0,0.0,0.0,0.7416642764146538,0.0,0.0,0.18347921349485405,0.07153642200221384,0.0,0.0,0.7463270812614122,0.0,0.0,0.1823609826703372,0.0713119360682507,0.0,0.0
2015-01-26,585930132.2385178,1948140.788517843,0.0,583981991.4499999,0.9966751312463228,Bull,1.0,0.0,0.0,0.0,0.7414134681729591,0.0,0.0,0.1836222342567677,0.07163942881659605,0.0,0.0,0.7463270812614122,0.0,0.0,0.1823609826703372,0.0713119360682507,0.0,0.0
2015-01-27,587584750.7885178,1948140.788517843,0.0,585636610.0,0.99668449396295,Bull,1.0,0.0,0.0,0.0,0.741636775656969,0.0,0.0,0.18314209117168068,0.07190562713430042,0.0,0.0,0.7463270812614122,0.0,0.0,0.1823609826703372,0.0713119360682507,0.0,0.0
2015-01-28,586009252.1385177,1948140.788517843,0.0,584061111.3499999,0.9966755801526879,Bull,1.0,0.0,0.0,0.0,0.740743870111105,0.0,0.0,0.18383276306111274,0.07209894698047023,0.0,0.0,0.7463270812614122,0.0,0.0,0.1823609826703372,0.0713119360682507,0.0,0.0
2015-01-29,583174980.7885178,1948140.788517843,0.0,581226840.0,0.9966594232388301,Bull,1.0,0.0,0.0,0.0,0.7409927624393522,0.0,0.0,0.18410786391217893,0.07155879688729892,0.0,0.0,0.7463270812614122,0.0,0.0,0.1823609826703372,0.0713119360682507,0.0,0.0
2015-01-30,583475077.2385179,1948140.788517843,0.0,581526936.45,0.9966611413845848,Bull,1.0,0.0,0.0,0.0,0.743121434598572,0.0,0.0,0.1823318666900156,0.0712078400959972,0.0,0.0,0.7463270812614122,0.0,0.0,0.1823609826703372,0.0713119360682507,0.0,0.0
2015-02-02,582574618.2385179,1948140.788517843,0.0,580626477.45,0.9966559806632012,Bull,1.0,0.0,0.0,0.0,0.7424225393783273,0.0,0.0,0.18275821957696223,0.07147522170791155,0.0,0.0,0.7463270812614122,0.0,0.0,0.1823609826703372,0.0713119360682507,0.0,0.0
2015-02-03,581517329.7885178,1948140.788517843,0.0,579569189.0,0.9966499007188206,Bull,1.0,0.0,0.0,0.0,0.7423064058245428,0.0,0.0,0.1822129704002713,0.0721305244940066,0.0,0.0,0.7565445381728051,0.0,0.0,0.15510269353307687,0.0883527682941179,0.0,0.0
2015-02-04,585615161.9398096,207048.38980959356,0.0,585408113.55,0.9996464429146202,Bull,1.0,0.0,0.0,0.0,0.7528345271827396,0.0,0.0,0.16219730323471837,0.08461461249716243,0.0,0.0,0.7565445381728051,0.0,0.0,0.15510269353307687,0.0883527682941179,0.0,0.0
2015-02-05,586672477.2898096,207048.38980959356,0.0,586465428.9,0.999647080103764,Bull,1.0,0.0,0.0,0.0,0.7527110031477702,0.0,0.0,0.16283906898330203,0.08409700797269185,0.0,0.0,0.7565445381728051,0.0,0.0,0.15510269353307687,0.0883527682941179,0.0,0.0
2015-02-06,586023177.2898096,207048.38980959356,0.0,585816128.9,0.9996466890767578,Bull,1.0,0.0,0.0,0.0,0.7527634503128908,0.0,0.0,0.1631194869153211,0.08376375184854586,0.0,0.0,0.7565445381728051,0.0,0.0,0.15510269353307687,0.0883527682941179,0.0,0.0
2015-02-09,583597766.4898096,207048.38980959356,0.0,583390718.1,0.9996452207295875,Bull,1.0,0.0,0.0,0.0,0.7529386562648416,0.0,0.0,0.1629005549007015,0.0838060095640445,0.0,0.0,0.7565445381728051,0.0,0.0,0.15510269353307687,0.0883527682941179,0.0,0.0
2015-02-10,584405126.6898096,207048.38980959356,0.0,584198078.3,0.9996457108598921,Bull,1.0,0.0,0.0,0.0,0.7538242876055895,0.0,0.0,0.16243663113925128,0.08338479211505131,0.0,0.0,0.7565445381728051,0.0,0.0,0.15510269353307687,0.0883527682941179,0.0,0.0
2015-02-11,585196776.0898097,207048.38980959356,0.0,584989727.7,0.9996461901393355,Bull,1.0,0.0,0.0,0.0,0.7517825553305555,0.0,0.0,0.16367656814517423,0.0841870666636058,0.0,0.0,0.7565445381728051,0.0,0.0,0.15510269353307687,0.0883527682941179,0.0,0.0
2015-02-12,585143596.5898097,207048.38980959356,0.0,584936548.2,0.9996461579840978,Bull,1.0,0.0,0.0,0.0,0.7524982769463125,0.0,0.0,0.16295316321617687,0.08419471782160826,0.0,0.0,0.7565445381728051,0.0,0.0,0.15510269353307687,0.0883527682941179,0.0,0.0
2015-02-13,585143102.7398096,207048.38980959356,0.0,584936054.35,0.9996461576854616,Bull,1.0,0.0,0.0,0.0,0.7501234352670392,0.0,0.0,0.16477883708880334,0.08474388532961917,0.0,0.0,0.7565445381728051,0.0,0.0,0.15510269353307687,0.0883527682941179,0.0,0.0
2015-02-24,590642194.2398096,207048.38980959356,0.0,590435145.85,0.9996494520848175,Bull,1.0,0.0,0.0,0.0,0.7484105439147207,0.0,0.0,0.16631693596904726,0.08492197220104951,0.0,0.0,0.7565445381728051,0.0,0.0,0.15510269353307687,0.0883527682941179,0.0,0.0
2015-02-25,592807892.8898096,207048.38980959356,0.0,592600844.5,0.9996507327377167,Bull,1.0,0.0,0.0,0.0,0.7486591353170378,0.0,0.0,0.1657174291676654,0.08527416825301345,0.0,0.0,0.7565445381728051,0.0,0.0,0.15510269353307687,0.0883527682941179,0.0,0.0
2015-02-26,588778936.2898096,207048.38980959356,0.0,588571887.9,0.9996483427360456,Bull,1.0,0.0,0.0,0.0,0.7500925401356681,0.0,0.0,0.1643044511911394,0.08525135140923816,0.0,0.0,0.7674084036296039,0.0,0.0,0.1291810744057596,0.1034105219646365,0.0,0.0
2015-03-02,587380374.5509381,3737186.3009380954,0.0,583643188.25,0.9936375363174241,Bull,1.0,0.0,0.0,0.0,0.7562744815735698,0.0,0.0,0.1386876435261892,0.09867541121766515,0.0,0.0,0.7674084036296039,0.0,0.0,0.1291810744057596,0.1034105219646365,0.0,0.0
2015-03-03,586351720.7509382,3737186.3009380954,0.0,582614534.45,0.9936263744631773,Bull,1.0,0.0,0.0,0.0,0.7560522443461947,0.0,0.0,0.13886682194045513,0.09870730817652743,0.0,0.0,0.7674084036296039,0.0,0.0,0.1291810744057596,0.1034105219646365,0.0,0.0
2015-03-04,585809075.5509381,3737186.3009380954,0.0,582071889.25,0.9936204704622861,Bull,1.0,0.0,0.0,0.0,0.7569457486348597,0.0,0.0,0.13780530785406117,0.09886941397336507,0.0,0.0,0.7674084036296039,0.0,0.0,0.1291810744057596,0.1034105219646365,0.0,0.0
2015-03-05,583077551.6009381,3737186.3009380954,0.0,579340365.3,0.9935905844931312,Bull,1.0,0.0,0.0,0.0,0.7566955100373481,0.0,0.0,0.13791750304775516,0.09897757140802803,0.0,0.0,0.7674084036296039,0.0,0.0,0.1291810744057596,0.1034105219646365,0.0,0.0
2015-03-06,585741375.5509381,3737186.3009380954,0.0,582004189.25,0.9936197331161334,Bull,1.0,0.0,0.0,0.0,0.7572287152035552,0.0,0.0,0.1377222155838378,0.09866880232874038,0.0,0.0,0.7674084036296039,0.0,0.0,0.1291810744057596,0.1034105219646365,0.0,0.0
2015-03-09,581700461.5509381,3737186.3009380954,0.0,577963275.25,0.9935754111472183,Bull,1.0,0.0,0.0,0.0,0.7581325860979777,0.0,0.0,0.13708498663966961,0.09835783840957092,0.0,0.0,0.7674084036296039,0.0,0.0,0.1291810744057596,0.1034105219646365,0.0,0.0
2015-03-10,581112418.3009381,3737186.3009380954,0.0,577375232.0,0.9935689099333569,Bull,1.0,0.0,0.0,0.0,0.757321678457219,0.0,0.0,0.13800359013919655,0.09824364133694136,0.0,0.0,0.7674084036296039,0.0,0.0,0.1291810744057596,0.1034105219646365,0.0,0.0
2015-03-11,580036259.7009381,3737186.3009380954,0.0,576299073.4,0.9935569781398408,Bull,1.0,0.0,0.0,0.0,0.7562749156857418,0.0,0.0,0.13871339705811478,0.09856866539598426,0.0,0.0,0.7674084036296039,0.0,0.0,0.1291810744057596,0.1034105219646365,0.0,0.0
2015-03-12,583518268.9009382,3737186.3009380954,0.0,579781082.6,0.9935954253703536,Bull,1.0,0.0,0.0,0.0,0.7564014806791431,0.0,0.0,0.1383620775953913,0.09883186709581919,0.0,0.0,0.7674084036296039,0.0,0.0,0.1291810744057596,0.1034105219646365,0.0,0.0
2015-03-13,581750635.000938,3737186.3009380954,0.0,578013448.6999999,0.9935759652399312,Bull,1.0,0.0,0.0,0.0,0.7552491089232615,0.0,0.0,0.1394793492573827,0.09884750705928713,0.0,0.0,0.7674084036296039,0.0,0.0,0.1291810744057596,0.1034105219646365,0.0,0.0
2015-03-16,579379406.5009382,3737186.3009380954,0.0,575642220.2,0.9935496735662246,Bull,1.0,0.0,0.0,0.0,0.7564981000050272,0.0,0.0,0.1385855263391554,0.09846604722204193,0.0,0.0,0.7674084036296039,0.0,0.0,0.1291810744057596,0.1034105219646365,0.0,0.0
2015-03-17,581638079.8509381,3737186.3009380954,0.0,577900893.55,0.9935747220988421,Bull,1.0,0.0,0.0,0.0,0.7563378478636424,0.0,0.0,0.1387973084924037,0.09843956574279593,0.0,0.0,0.7674084036296039,0.0,0.0,0.1291810744057596,0.1034105219646365,0.0,0.0
2015-03-18,584742150.6009381,3737186.3009380954,0.0,581004964.3,0.9936088303244474,Bull,1.0,0.0,0.0,0.0,0.7558715646644729,0.0,0.0,0.13875825424354116,0.0989790114164333,0.0,0.0,0.7674084036296039,0.0,0.0,0.1291810744057596,0.1034105219646365,0.0,0.0
2015-03-19,586788306.000938,3737186.3009380954,0.0,583051119.6999999,0.9936311166007931,Bull,1.0,0.0,0.0,0.0,0.7551307944764865,0.0,0.0,0.13880815136740265,0.09969217075690409,0.0,0.0,0.7674084036296039,0.0,0.0,0.1291810744057596,0.1034105219646365,0.0,0.0
2015-03-20,586468165.9509381,3737186.3009380954,0.0,582730979.65,0.9936276399676726,Bull,1.0,0.0,0.0,0.0,0.754703503697125,0.0,0.0,0.1393187298879497,0.09960540638259781,0.0,0.0,0.7674084036296039,0.0,0.0,0.1291810744057596,0.1034105219646365,0.0,0.0
2015-03-23,586086825.9009382,3737186.3009380954,0.0,582349639.6,0.9936234937627316,Bull,1.0,0.0,0.0,0.0,0.7551359628663709,0.0,0.0,0.13853476381283394,0.09995276708352681,0.0,0.0,0.7674084036296039,0.0,0.0,0.1291810744057596,0.1034105219646365,0.0,0.0
2015-03-24,588615287.7009381,3737186.3009380954,0.0,584878101.4,0.9936508847475995,Bull,1.0,0.0,0.0,0.0,0.7554188800239198,0.0,0.0,0.13906026858342088,0.09917173614025887,0.0,0.0,0.7674084036296039,0.0,0.0,0.1291810744057596,0.1034105219646365,0.0,0.0
2015-03-25,585811965.9509381,3737186.3009380954,0.0,582074779.65,0.9936205019389257,Bull,1.0,0.0,0.0,0.0,0.7551579779219625,0.0,0.0,0.13916957102038424,0.09929295299657893,0.0,0.0,0.7674084036296039,0.0,0.0,0.1291810744057596,0.1034105219646365,0.0,0.0
2015-03-26,586969222.9509382,3737186.3009380954,0.0,583232036.6500001,0.9936330796320977,Bull,1.0,0.0,0.0,0.0,0.75691538717548,0.0,0.0,0.13881954421792697,0.09789814823869064,0.0,0.0,0.7674084036296039,0.0,0.0,0.1291810744057596,0.1034105219646365,0.0,0.0
2015-03-27,581220100.9509381,3737186.3009380954,0.0,577482914.65,0.9935701014214345,Bull,1.0,0.0,0.0,0.0,0.755442755561311,0.0,0.0,0.14018682400469462,0.097940521855429,0.0,0.0,0.7674084036296039,0.0,0.0,0.1291810744057596,0.1034105219646365,0.0,0.0
2015-03-30,582020011.5009382,3737186.3009380954,0.0,578282825.2,0.9935789384779047,Bull,1.0,0.0,0.0,0.0,0.7561599541312174,0.0,0.0,0.13954193738211196,0.09787704696457533,0.0,0.0,0.7674084036296039,0.0,0.0,0.1291810744057596,0.1034105219646365,0.0,0.0
2015-03-31,584754400.2009381,3737186.3009380954,0.0,581017213.9,0.9936089642084712,Bull,1.0,0.0,0.0,0.0,0.7566421282985843,0.0,0.0,0.13919348015513988,0.09777335575474697,0.0,0.0,0.7674084036296039,0.0,0.0,0.1291810744057596,0.1034105219646365,0.0,0.0
2015-04-01,583075232.2509382,3737186.3009380954,0.0,579338045.95,0.9935905589978314,Bull,1.0,0.0,0.0,0.0,0.7574666552804677,0.0,0.0,0.1386369983302784,0.09748690538708532,0.0,0.0,0.7674084036296039,0.0,0.0,0.1291810744057596,0.1034105219646365,0.0,0.0
2015-04-02,587576712.000938,3737186.3009380954,0.0,583839525.6999999,0.9936396623204968,Bull,1.0,0.0,0.0,0.0,0.7566380978340922,0.0,0.0,0.1390637142880325,0.09793785019837227,0.0,0.0,0.7674084036296039,0.0,0.0,0.1291810744057596,0.1034105219646365,0.0,0.0
2015-04-07,589250645.9009382,3737186.3009380954,0.0,585513459.6,0.9936577306670167,Bull,1.0,0.0,0.0,0.0,0.7577010949514671,0.0,0.0,0.13815648835739425,0.09780014735815538,0.0,0.0,0.7674084036296039,0.0,0.0,0.1291810744057596,0.1034105219646365,0.0,0.0
2015-04-08,585676048.8509381,3737186.3009380954,0.0,581938862.55,0.9936190214568783,Bull,1.0,0.0,0.0,0.0,0.7582315572256283,0.0,0.0,0.13783865698176517,0.0975488072494848,0.0,0.0,0.7674084036296039,0.0,0.0,0.1291810744057596,0.1034105219646365,0.0,0.0
2015-04-09,589353801.3009381,3737186.3009380954,0.0,585616615.0,0.9936588407630719,Bull,1.0,0.0,0.0,0.0,0.7586780877853112,0.0,0.0,0.13790018800353945,0.09708056497422123,0.0,0.0,0.7674084036296039,0.0,0.0,0.1291810744057596,0.1034105219646365,0.0,0.0
2015-04-10,590092141.3509381,3737186.3009380954,0.0,586354955.05,0.9936667750016424,Bull,1.0,0.0,0.0,0.0,0.7585631525700853,0.0,0.0,0.1373727835358354,0.09773083889572177,0.0,0.0,0.7674084036296039,0.0,0.0,0.1291810744057596,0.1034105219646365,0.0,0.0
2015-04-13,591201366.6509382,3737186.3009380954,0.0,587464180.35,0.9936786575408161,Bull,1.0,0.0,0.0,0.0,0.7580330588352656,0.0,0.0,0.13781801700080815,0.09782758170474236,0.0,0.0,0.7674084036296039,0.0,0.0,0.1291810744057596,0.1034105219646365,0.0,0.0
2015-04-14,590817094.1509382,3737186.3009380954,0.0,587079907.85,0.9936745460855211,Bull,1.0,0.0,0.0,0.0,0.7591295382110566,0.0,0.0,0.13714430540714803,0.09740070246731643,0.0,0.0,0.7674084036296039,0.0,0.0,0.1291810744057596,0.1034105219646365,0.0,0.0
2015-04-15,584465929.5509381,3737186.3009380954,0.0,580728743.25,0.9936058098308493,Bull,1.0,0.0,0.0,0.0,0.7620196845215494,0.0,0.0,0.13433118344524037,0.09725494186405954,0.0,0.0,0.7674084036296039,0.0,0.0,0.1291810744057596,0.1034105219646365,0.0,0.0
2015-04-16,588295491.9509381,3737186.3009380954,0.0,584558305.65,0.9936474333866733,Bull,1.0,0.0,0.0,0.0,0.7624802701826733,0.0,0.0,0.13306748236399632,0.09809968084000371,0.0,0.0,0.7674084036296039,0.0,0.0,0.1291810744057596,0.1034105219646365,0.0,0.0
2015-04-17,585925735.9509381,3737186.3009380954,0.0,582188549.65,0.9936217406547729,Bull,1.0,0.0,0.0,0.0,0.7627433345706829,0.0,0.0,0.133300510982402,0.09757789510168803,0.0,0.0,0.7674084036296039,0.0,0.0,0.1291810744057596,0.1034105219646365,0.0,0.0
2015-04-20,586909003.9009382,3737186.3009380954,0.0,583171817.6,0.9936324263623515,Bull,1.0,0.0,0.0,0.0,0.7626160352372889,0.0,0.0,0.13374304956692884,0.09727334155813373,0.0,0.0,0.7674084036296039,0.0,0.0,0.1291810744057596,0.1034105219646365,0.0,0.0
2015-04-21,588027743.9509381,3737186.3009380954,0.0,584290557.65,0.9936445408581777,Bull,1.0,0.0,0.0,0.0,0.7616129719337974,0.0,0.0,0.13494329275494282,0.09708827616943756,0.0,0.0,0.7674084036296039,0.0,0.0,0.1291810744057596,0.1034105219646365,0.0,0.0
2015-04-22,589670334.6009382,3737186.3009380954,0.0,585933148.3000001,0.9936622446786859,Bull,1.0,0.0,0.0,0.0,0.7613405693942904,0.0,0.0,0.13452092694078321,0.09780074834361228,0.0,0.0,0.7674084036296039,0.0,0.0,0.1291810744057596,0.1034105219646365,0.0,0.0
2015-04-23,600996759.6509382,3737186.3009380954,0.0,597259573.35,0.993781686438528,Bull,1.0,0.0,0.0,0.0,0.761701233823425,0.0,0.0,0.13357409788136898,0.09850635473373402,0.0,0.0,0.7674084036296039,0.0,0.0,0.1291810744057596,0.1034105219646365,0.0,0.0
2015-04-24,603786106.1009381,3737186.3009380954,0.0,600048919.8,0.9938104135501367,Bull,1.0,0.0,0.0,0.0,0.760783852358484,0.0,0.0,0.1340153395091088,0.09901122168254398,0.0,0.0,0.7674084036296039,0.0,0.0,0.1291810744057596,0.1034105219646365,0.0,0.0
2015-04-27,613059553.9009382,3737186.3009380954,0.0,609322367.6,0.9939040403543862,Bull,1.0,0.0,0.0,0.0,0.7637022612580535,0.0,0.0,0.13194541947073343,0.09825635962559921,0.0,0.0,0.7674084036296039,0.0,0.0,0.1291810744057596,0.1034105219646365,0.0,0.0
2015-04-28,614721463.1009381,3737186.3009380954,0.0,610984276.8,0.9939205208777223,Bull,1.0,0.0,0.0,0.0,0.7651102247633271,0.0,0.0,0.13102161683717709,0.09778867927721827,0.0,0.0,0.7674084036296039,0.0,0.0,0.1291810744057596,0.1034105219646365,0.0,0.0
2015-04-29,607905444.0509381,3737186.3009380954,0.0,604168257.75,0.9938523559255623,Bull,1.0,0.0,0.0,0.0,0.7642202620430424,0.0,0.0,0.1318366216067058,0.09779547227581413,0.0,0.0,0.7674084036296039,0.0,0.0,0.1291810744057596,0.1034105219646365,0.0,0.0
2015-04-30,605226610.1509382,3737186.3009380954,0.0,601489423.85,0.9938251454277496,Bull,1.0,0.0,0.0,0.0,0.7639076274830302,0.0,0.0,0.13216801551414073,0.09774950243057864,0.0,0.0,0.7674084036296039,0.0,0.0,0.1291810744057596,0.1034105219646365,0.0,0.0
2015-05-04,609401540.7009381,3737186.3009380954,0.0,605664354.4,0.9938674485518373,Bull,1.0,0.0,0.0,0.0,0.7648726221858113,0.0,0.0,0.13171118653175476,0.09728363983427114,0.0,0.0,0.7674084036296039,0.0,0.0,0.1291810744057596,0.1034105219646365,0.0,0.0
2015-05-05,608425835.3009381,3737186.3009380954,0.0,604688649.0,0.9938576140523526,Bull,1.0,0.0,0.0,0.0,0.7647420967419306,0.0,0.0,0.13222022362053362,0.09689529368988829,0.0,0.0,0.7674084036296039,0.0,0.0,0.1291810744057596,0.1034105219646365,0.0,0.0
2015-05-06,607048576.1009381,3737186.3009380954,0.0,603311389.8,0.9938436783347027,Bull,1.0,0.0,0.0,0.0,0.763809368894562,0.0,0.0,0.1327827840693216,0.09725152537081912,0.0,0.0,0.7674084036296039,0.0,0.0,0.1291810744057596,0.1034105219646365,0.0,0.0
2015-05-07,599430645.9009382,3737186.3009380954,0.0,595693459.6,0.993765440044659,Bull,1.0,0.0,0.0,0.0,0.7628353050130304,0.0,0.0,0.1336167921138225,0.0973133429178061,0.0,0.0,0.7674084036296039,0.0,0.0,0.1291810744057596,0.1034105219646365,0.0,0.0
2015-05-08,600532366.6509382,3737186.3009380954,0.0,596795180.35,0.9937768778029737,Bull,1.0,0.0,0.0,0.0,0.7634612317515522,0.0,0.0,0.13311189277906862,0.09720375327235296,0.0,0.0,0.7674084036296039,0.0,0.0,0.1291810744057596,0.1034105219646365,0.0,0.0
2015-05-11,600574703.5009382,3737186.3009380954,0.0,596837517.2,0.9937773164950956,Bull,1.0,0.0,0.0,0.0,0.7621854775628008,0.0,0.0,0.13391240012471547,0.09767943880757933,0.0,0.0,0.7674084036296039,0.0,0.0,0.1291810744057596,0.1034105219646365,0.0,0.0
2015-05-12,603132891.6009381,3737186.3009380954,0.0,599395705.3,0.9938037100065654,Bull,1.0,0.0,0.0,0.0,0.7644482861416588,0.0,0.0,0.13229621715407022,0.09705920671083651,0.0,0.0,0.7674084036296039,0.0,0.0,0.1291810744057596,0.1034105219646365,0.0,0.0
2015-05-13,605731551.2009381,3737186.3009380954,0.0,601994364.9,0.9938302928194368,Bull,1.0,0.0,0.0,0.0,0.7654459537079532,0.0,0.0,0.13119475094609687,0.09718958816538666,0.0,0.0,0.7674084036296039,0.0,0.0,0.1291810744057596,0.1034105219646365,0.0,0.0
2015-05-14,597770053.6509382,3737186.3009380954,0.0,594032867.35,0.993748120572262,Bull,1.0,0.0,0.0,0.0,0.7633642143212168,0.0,0.0,0.13328503077961934,0.09709887547142584,0.0,0.0,0.7674084036296039,0.0,0.0,0.1291810744057596,0.1034105219646365,0.0,0.0
2015-05-15,595810212.0009382,3737186.3009380954,0.0,592073025.7,0.9937275558128026,Bull,1.0,0.0,0.0,0.0,0.7641014143934868,0.0,0.0,0.1323468420173299,0.09727929940198597,0.0,0.0,0.7674084036296039,0.0,0.0,0.1291810744057596,0.1034105219646365,0.0,0.0
2015-05-18,599226494.3009381,3737186.3009380954,0.0,595489308.0,0.9937633159807162,Bull,1.0,0.0,0.0,0.0,0.7641883534108667,0.0,0.0,0.13250482205835887,0.09707014051149063,0.0,0.0,0.7674084036296039,0.0,0.0,0.1291810744057596,0.1034105219646365,0.0,0.0
2015-05-19,602137402.9009382,3737186.3009380954,0.0,598400216.6,0.9937934659382835,Bull,1.0,0.0,0.0,0.0,0.7627608156996694,0.0,0.0,0.1329879187278689,0.09804473151074539,0.0,0.0,0.7674084036296039,0.0,0.0,0.1291810744057596,0.1034105219646365,0.0,0.0
2015-05-20,600042866.4009382,3737186.3009380954,0.0,596305680.1,0.9937718011325527,Bull,1.0,0.0,0.0,0.0,0.7626529798526483,0.0,0.0,0.13342180114596364,0.0976970201339408,0.0,0.0,0.7674084036296039,0.0,0.0,0.1291810744057596,0.1034105219646365,0.0,0.0
2015-05-21,594875841.8509382,3737186.3009380954,0.0,591138655.5500001,0.993717703698792,Bull,1.0,0.0,0.0,0.0,0.7636848289829128,0.0,0.0,0.13239199587421568,0.09764087884166346,0.0,0.0,0.7674084036296039,0.0,0.0,0.1291810744057596,0.1034105219646365,0.0,0.0
2015-05-22,597649703.6509382,3737186.3009380954,0.0,593912517.35,0.9937468616179205,Bull,1.0,0.0,0.0,0.0,0.7636137265058337,0.0,0.0,0.13218345046840382,0.09794968464368302,0.0,0.0,0.7674084036296039,0.0,0.0,0.1291810744057596,0.1034105219646365,0.0,0.0
2015-05-25,596115385.1009381,3737186.3009380954,0.0,592378198.8,0.9937307669046231,Bull,1.0,0.0,0.0,0.0,0.7630589818160427,0.0,0.0,0.1324699915044614,0.09820179358411912,0.0,0.0,0.7674084036296039,0.0,0.0,0.1291810744057596,0.1034105219646365,0.0,0.0
2015-05-26,598166868.4009382,3737186.3009380954,0.0,594429682.1,0.9937522679734359,Bull,1.0,0.0,0.0,0.0,0.763372406968443,0.0,0.0,0.13209959323095816,0.09828026777403474,0.0,0.0,0.7674084036296039,0.0,0.0,0.1291810744057596,0.1034105219646365,0.0,0.0
2015-05-27,599692319.0009382,3737186.3009380954,0.0,595955132.7,0.9937681604674141,Bull,1.0,0.0,0.0,0.0,0.7628097245969301,0.0,0.0,0.13272105958034705,0.09823737629013694,0.0,0.0,0.7674084036296039,0.0,0.0,0.1291810744057596,0.1034105219646365,0.0,0.0
2015-05-28,597997778.3509381,3737186.3009380954,0.0,594260592.05,0.9937505013626573,Bull,1.0,0.0,0.0,0.0,0.7632436249322464,0.0,0.0,0.13150650863095575,0.09900036779945527,0.0,0.0,0.7674084036296039,0.0,0.0,0.1291810744057596,0.1034105219646365,0.0,0.0
2015-05-29,597452874.5509381,3737186.3009380954,0.0,593715688.25,0.9937448015397916,Bull,1.0,0.0,0.0,0.0,0.7623237039278294,0.0,0.0,0.13288479038564086,0.09853630722632123,0.0,0.0,0.7674084036296039,0.0,0.0,0.1291810744057596,0.1034105219646365,0.0,0.0
2015-06-01,595268676.5009382,3737186.3009380954,0.0,591531490.2,0.9937218495639553,Bull,1.0,0.0,0.0,0.0,0.7630055269660811,0.0,0.0,0.13265304074818987,0.09806328184968423,0.0,0.0,0.7674084036296039,0.0,0.0,0.1291810744057596,0.1034105219646365,0.0,0.0
2015-06-02,595390424.9009382,3737186.3009380954,0.0,591653238.6,0.9937231333514308,Bull,1.0,0.0,0.0,0.0,0.7637573927656953,0.0,0.0,0.13206157961489265,0.09790416097084291,0.0,0.0,0.7674084036296039,0.0,0.0,0.1291810744057596,0.1034105219646365,0.0,0.0
2015-06-03,594219176.5009382,3737186.3009380954,0.0,590481990.2,0.9937107611993531,Bull,1.0,0.0,0.0,0.0,0.7641604447602056,0.0,0.0,0.13208022073968878,0.09747009569945872,0.0,0.0,0.7674084036296039,0.0,0.0,0.1291810744057596,0.1034105219646365,0.0,0.0
2015-06-04,585396702.0509381,3737186.3009380954,0.0,581659515.75,0.9936159765030365,Bull,1.0,0.0,0.0,0.0,0.7645316657610008,0.0,0.0,0.13205472413692104,0.09702958660511464,0.0,0.0,0.7674084036296039,0.0,0.0,0.1291810744057596,0.1034105219646365,0.0,0.0
2015-06-05,585495715.2009381,3737186.3009380954,0.0,581758528.9,0.9936170561049187,Bull,1.0,0.0,0.0,0.0,0.7647757571485,0.0,0.0,0.13204024895975214,0.09680104999666647,0.0,0.0,0.7674084036296039,0.0,0.0,0.1291810744057596,0.1034105219646365,0.0,0.0
2015-06-08,587880117.4009382,3737186.3009380954,0.0,584142931.1,0.9936429448958735,Bull,1.0,0.0,0.0,0.0,0.763135064141028,0.0,0.0,0.1334656466132678,0.09704223414157767,0.0,0.0,0.7674084036296039,0.0,0.0,0.1291810744057596,0.1034105219646365,0.0,0.0
2015-06-09,584768980.9009382,3737186.3009380954,0.0,581031794.6,0.9936091235633252,Bear,1.0,0.0,0.0,0.0,0.76317761231525,0.0,0.0,0.13365175403043444,0.09677975721764075,0.0,0.0,0.7619132293658398,0.0,0.0,0.16052887916068279,0.07755789147347737,0.0,0.0
2015-06-10,587332476.0922389,738225.0922388481,0.0,586594251.0,0.9987430882467957,Bear,1.0,0.0,0.0,0.0,0.769761794900301,0.0,0.0,0.14657779623015402,0.08240349711634062,0.0,0.0,0.7619132293658398,0.0,0.0,0.16052887916068279,0.07755789147347737,0.0,0.0
2015-06-11,587172486.042239,738225.0922388481,0.0,586434260.95,0.9987427457692801,Bear,1.0,0.0,0.0,0.0,0.7688630201203331,0.0,0.0,0.14721364174032817,0.08266608390861874,0.0,0.0,0.7619132293658398,0.0,0.0,0.16052887916068279,0.07755789147347737,0.0,0.0
2015-06-12,587137698.1922389,738225.0922388481,0.0,586399473.1,0.9987426712770925,Bear,1.0,0.0,0.0,0.0,0.7696333832613939,0.0,0.0,0.1464983431737291,0.08261094484196953,0.0,0.0,0.7619132293658398,0.0,0.0,0.16052887916068279,0.07755789147347737,0.0,0.0
2015-06-15,585604207.542239,738225.0922388481,0.0,584865982.45,0.9987393787771143,Bear,1.0,0.0,0.0,0.0,0.7697380357662255,0.0,0.0,0.14635465199217876,0.0826466910187101,0.0,0.0,0.7619132293658398,0.0,0.0,0.16052887916068279,0.07755789147347737,0.0,0.0
2015-06-16,583844136.792239,738225.0922388481,0.0,583105911.7,0.9987355784776827,Bear,1.0,0.0,0.0,0.0,0.7703484258163381,0.0,0.0,0.14603469423953525,0.0823524584218093,0.0,0.0,0.7619132293658398,0.0,0.0,0.16052887916068279,0.07755789147347737,0.0,0.0
2015-06-17,581939306.6922389,738225.0922388481,0.0,581201081.6,0.9987314397158786,Bear,1.0,0.0,0.0,0.0,0.7714106547496201,0.0,0.0,0.14433532678420843,0.08298545818205007,0.0,0.0,0.7619132293658398,0.0,0.0,0.16052887916068279,0.07755789147347737,0.0,0.0
2015-06-18,586822901.789207,225142.03920697328,0.0,586597759.75,0.9996163373335967,Bear,1.0,0.0,0.0,0.0,0.763689451082433,0.0,0.0,0.1577152147910636,0.07821167146010004,0.0,0.0,0.7619132293658398,0.0,0.0,0.16052887916068279,0.07755789147347737,0.0,0.0
2015-06-22,589549432.0892069,225142.03920697328,0.0,589324290.05,0.9996181116850387,Bull,1.0,0.0,0.0,0.0,0.762652316459133,0.0,0.0,0.15803458527613715,0.07893120994976853,0.0,0.0,0.7619132293658398,0.0,0.0,0.16052887916068279,0.07755789147347737,0.0,0.0
2015-06-23,589326203.5892069,225142.03920697328,0.0,589101061.55,0.9996179670311013,Bull,1.0,0.0,0.0,0.0,0.761442489434587,0.0,0.0,0.15898665192445882,0.07918882567205551,0.0,0.0,0.7619132293658398,0.0,0.0,0.16052887916068279,0.07755789147347737,0.0,0.0
2015-06-24,591534452.239207,225142.03920697328,0.0,591309310.2,0.9996193931928146,Bull,1.0,0.0,0.0,0.0,0.7616242105503166,0.0,0.0,0.15898854182371244,0.07900664081878542,0.0,0.0,0.7619132293658398,0.0,0.0,0.16052887916068279,0.07755789147347737,0.0,0.0
2015-06-25,594291100.889207,225142.03920697328,0.0,594065958.85,0.9996211586563047,Bull,1.0,0.0,0.0,0.0,0.7607845854893418,0.0,0.0,0.15929314751366025,0.07954342565330261,0.0,0.0,0.7619132293658398,0.0,0.0,0.16052887916068279,0.07755789147347737,0.0,0.0
2015-06-26,594886686.139207,225142.03920697328,1708000.0,592953544.1,0.9967504029183222,Bull,1.0,0.0,0.0,0.0,0.7599776640390398,0.0,0.0,0.15730895005793,0.07946378882135224,0.0,0.0,0.7619132293658398,0.0,0.0,0.16052887916068279,0.07755789147347737,0.0,0.0
2015-06-29,589303025.089207,225142.03920697328,1708000.0,587369883.0500001,0.9967196129038802,Bear,1.0,0.0,0.0,0.0,0.759014571463112,0.0,0.0,0.1593670760230415,0.07833796541772664,0.0,0.0,0.7619132293658398,0.0,0.0,0.16052887916068279,0.07755789147347737,0.0,0.0
2015-06-30,591654056.789207,225142.03920697328,1708000.0,589720914.75,0.9967326480448765,Bull,1.0,0.0,0.0,0.0,0.7590146802796198,0.0,0.0,0.15901082553299956,0.07870714223225705,0.0,0.0,0.7619132293658398,0.0,0.0,0.16052887916068279,0.07755789147347737,0.0,0.0
2015-07-01,593612566.989207,225142.03920697328,1708000.0,591679424.95,0.9967434280426174,Bull,1.0,0.0,0.0,0.0,0.7584742978633506,0.0,0.0,0.15908692849778738,0.07918220168147924,0.0,0.0,0.7619132293658398,0.0,0.0,0.16052887916068279,0.07755789147347737,0.0,0.0
2015-07-02,593415265.389207,225142.03920697328,1708000.0,591482123.35,0.996742345281699,Bull,1.0,0.0,0.0,0.0,0.7596559267047783,0.0,0.0,0.1578213528743229,0.07926506570259778,0.0,0.0,0.7619132293658398,0.0,0.0,0.16052887916068279,0.07755789147347737,0.0,0.0
2015-07-03,594255470.789207,225142.03920697328,1708000.0,592322328.75,0.9967469512116739,Bull,1.0,0.0,0.0,0.0,0.7599550209445076,0.0,0.0,0.15763893578563148,0.07915299448153484,0.0,0.0,0.7619132293658398,0.0,0.0,0.16052887916068279,0.07755789147347737,0.0,0.0
2015-07-06,590182843.039207,225142.03920697328,1708000.0,588249701.0,0.9967245031569334,Bear,1.0,0.0,0.0,0.0,0.7590301993415297,0.0,0.0,0.15890465320383743,0.07878965061156631,0.0,0.0,0.7619132293658398,0.0,0.0,0.16052887916068279,0.07755789147347737,0.0,0.0
2015-07-07,593114342.289207,225142.03920697328,1708000.0,591181200.25,0.9967406924746656,Bear,1.0,0.0,0.0,0.0,0.7587633077848593,0.0,0.0,0.15923776119705993,0.07873962349274627,0.0,0.0,0.7524138240271012,0.0,0.0,0.18941775736779085,0.05816841860510804,0.0,0.0
2015-07-08,585828858.8608242,3203659.7108242232,1708000.0,580917199.15,0.9916158795584512,Bear,1.0,0.0,0.0,0.0,0.7536931519703365,0.0,0.0,0.1757031912018756,0.06221953638623913,0.0,0.0,0.7367130734829707,0.0,0.0,0.21966061256319835,0.04362631395383103,0.0,0.0
2015-07-09,581907207.9522781,1823121.2022780958,1708000.0,578376086.75,0.9939318139489901,Bear,1.0,0.0,0.0,0.0,0.7419808190198749,0.0,0.0,0.20363590342348514,0.04831509150563002,0.0,0.0,0.7367130734829707,0.0,0.0,0.21966061256319835,0.04362631395383103,0.0,0.0
2015-07-13,585502277.2432748,1531947.9932748466,1708000.0,582262329.25,0.994466378493813,Bear,1.0,0.0,0.0,0.0,0.7393375672049484,0.0,0.0,0.20988406839097654,0.04524474289788815,0.0,0.0,0.7225051870196771,0.0,0.0,0.2447750775149496,0.03271973546537327,0.0,0.0
2015-07-14,587067356.7614398,1856027.5114398492,1708000.0,583503329.25,0.9939290994970308,Bear,1.0,0.0,0.0,0.0,0.725550014566876,0.0,0.0,0.2325349867059183,0.0358440982242366,0.0,0.0,0.7225051870196771,0.0,0.0,0.2447750775149496,0.03271973546537327,0.0,0.0
2015-07-15,589386723.9614398,1856027.5114398492,3564250.0,583966446.45,0.9908035296841969,Bear,1.0,0.0,0.0,0.0,0.7277505227248081,0.0,0.0,0.2272713221290061,0.03578168483038269,0.0,0.0,0.7225051870196771,0.0,0.0,0.2447750775149496,0.03271973546537327,0.0,0.0
2015-07-16,592386115.3274041,402962.977404098,6045870.4,585937281.95,0.9891138005929799,Bear,1.0,0.0,0.0,0.0,0.7223548474182215,0.0,0.0,0.23317612689766906,0.0335828262770893,0.0,0.0,0.7225051870196771,0.0,0.0,0.2447750775149496,0.03271973546537327,0.0,0.0
2015-07-17,593363435.0774041,2110962.977404098,4337870.4,586914601.7,0.9891317310838966,Bear,1.0,1708000.0,0.0,0.0,0.723859739762984,0.0,0.0,0.23179335272329046,0.03347863859762207,0.0,0.0,0.7225051870196771,0.0,0.0,0.2447750775149496,0.03271973546537327,0.0,0.0
2015-07-20,591356294.427404,2110962.977404098,4337870.4,584907461.05,0.98909484275694,Bear,1.0,0.0,0.0,0.0,0.7252192376936777,0.0,0.0,0.23052853463240752,0.033347070430854886,0.0,0.0,0.7225051870196771,0.0,0.0,0.2447750775149496,0.03271973546537327,0.0,0.0
2015-07-21,591108005.9774041,2110962.977404098,4337870.4,584659172.6,0.9890902621649644,Bear,1.0,0.0,0.0,0.0,0.7238566696326495,0.0,0.0,0.23155362237680835,0.03367997015550662,0.0,0.0,0.7225051870196771,0.0,0.0,0.2447750775149496,0.03271973546537327,0.0,0.0
2015-07-22,590748372.6774042,2110962.977404098,4337870.4,584299539.3000001,0.9890836205808294,Bear,1.0,0.0,0.0,0.0,0.7224877105722838,0.0,0.0,0.23331270363949982,0.03328320636904577,0.0,0.0,0.7225051870196771,0.0,0.0,0.2447750775149496,0.03271973546537327,0.0,0.0
2015-07-23,590756382.6274041,2110962.977404098,4337870.4,584307549.25,0.9890837685938784,Bear,1.0,0.0,0.0,0.0,0.7216185246344975,0.0,0.0,0.23450157133109525,0.032963672628285645,0.0,0.0,0.7225051870196771,0.0,0.0,0.2447750775149496,0.03271973546537327,0.0,0.0
2015-07-24,591539332.0274041,2110962.977404098,4337870.4,585090498.65,0.9890982170952153,Bear,0.5,0.0,0.0,0.0,0.7195345695631306,0.0,0.0,0.23683970348992725,0.032723944042157505,0.0,0.0,0.36125259350983857,0.0,0.0,0.1223875387574748,0.016359867732686634,0.0,0.0
2015-07-27,585833959.1209536,101215534.4209536,4337870.4,480280554.3,0.8198236835240195,Bear,0.5,0.0,0.0,0.0,0.5708220718405931,0.0,0.0,0.22305603484659137,0.02594557683683508,0.0,0.0,0.36125259350983857,0.0,0.0,0.1223875387574748,0.016359867732686634,0.0,0.0
2015-07-28,584345641.5982827,204865512.34828272,4337870.4,375142258.85,0.6419869203164131,Bear,0.5,0.0,0.0,0.0,0.46229823518682667,0.0,0.0,0.1596298378214414,0.02005884730814504,0.0,0.0,0.36125259350983857,0.0,0.0,0.1223875387574748,0.016359867732686634,0.0,0.0
2015-07-29,584131449.416442,266683114.766442,4337870.4,313110464.25,0.5360274036996349,Bear,0.5,0.0,0.0,0.0,0.38721312553186665,0.0,0.0,0.1315722686679172,0.01724200949985095,0.0,0.0,0.36125259350983857,0.0,0.0,0.1223875387574748,0.016359867732686634,0.0,0.0
2015-07-30,585968222.3410105,282162047.79101056,4337870.4,299468304.15,0.5110657758087797,Bear,0.5,0.0,0.0,0.0,0.368982302975763,0.0,0.0,0.12517385278499696,0.016909620048019675,0.0,0.0,0.36125259350983857,0.0,0.0,0.1223875387574748,0.016359867732686634,0.0,0.0
2015-07-31,586771963.7410105,282162055.79101056,6059524.6,298550383.35,0.5088013773639911,Bear,0.5,8.0,159867.0,8.0,0.36443839611325685,0.0,0.0,0.1275653995510905,0.016797581699643706,0.0,0.0,0.36125259350983857,0.0,0.0,0.1223875387574748,0.016359867732686634,0.0,0.0
2015-08-03,586222889.1410106,282162055.79101056,6059524.6,298001308.75,0.5083413054489561,Bear,0.5,0.0,0.0,0.0,0.36388609640025193,0.0,0.0,0.12787064679415627,0.01658456225454786,0.0,0.0,0.36125259350983857,0.0,0.0,0.1223875387574748,0.016359867732686634,0.0,0.0
2015-08-04,588696394.7410105,282162055.79101056,6059524.6,300474814.35,0.5104070910476529,Bear,0.5,0.0,0.0,0.0,0.36543083374010255,0.0,0.0,0.12844872276356792,0.016527534543982484,0.0,0.0,0.36125259350983857,0.0,0.0,0.1223875387574748,0.016359867732686634,0.0,0.0
2015-08-05,588471262.9410106,282162055.79101056,6059524.6,300249682.54999995,0.5102197871981686,Bear,0.5,0.0,0.0,0.0,0.3647212634944158,0.0,0.0,0.12886338683899604,0.016635136864756803,0.0,0.0,0.36125259350983857,0.0,0.0,0.1223875387574748,0.016359867732686634,0.0,0.0
2015-08-06,586047327.6910106,282162055.79101056,6059524.6,297825747.3,0.5081940198813202,Crisis,0.5,0.0,0.0,0.0,0.3637306019973679,0.0,0.0,0.12793744883268424,0.016525969051268075,0.0,0.0,0.35218944513237893,0.0,0.0,0.13554065406810611,0.012269900799514975,0.0,0.0
2015-08-07,585472290.3910106,284018305.79101056,4203274.6,297250710.0,0.5077109794581048,Crisis,0.5,1856250.0,0.0,0.0,0.36364045488440233,0.0,0.0,0.12760467271662884,0.016465851857073673,0.0,0.0,0.35218944513237893,0.0,0.0,0.13554065406810611,0.012269900799514975,0.0,0.0
2015-08-10,584557087.1910106,284018305.79101056,4203274.6,296335506.8,0.5069402343986449,Crisis,0.5,0.0,0.0,0.0,0.3634462081726125,0.0,0.0,0.12704062892617687,0.01645339729985555,0.0,0.0,0.35218944513237893,0.0,0.0,0.13554065406810611,0.012269900799514975,0.0,0.0
2015-08-11,584041879.7410105,284018305.79101056,4203274.6,295820299.35,0.506505286027056,Crisis,0.5,0.0,0.0,0.0,0.3629202916818097,0.0,0.0,0.12711708282447481,0.01646791152077145,0.0,0.0,0.35218944513237893,0.0,0.0,0.13554065406810611,0.012269900799514975,0.0,0.0
2015-08-12,581293004.7910105,284018305.79101056,4203274.6,293071424.4,0.5041716001818507,Crisis,0.5,0.0,0.0,0.0,0.35954668760402764,0.0,0.0,0.12836108362739737,0.016263828950425732,0.0,0.0,0.35218944513237893,0.0,0.0,0.13554065406810611,0.012269900799514975,0.0,0.0
2015-08-13,582147849.3610106,284018313.79101056,9627683.22,288501852.35,0.4955817541311396,Crisis,0.5,8.0,542440.0,8.0,0.3506413406389049,0.0,0.0,0.12867487199724587,0.016265541494988787,0.0,0.0,0.35218944513237893,0.0,0.0,0.13554065406810611,0.012269900799514975,0.0,0.0
2015-08-14,581552360.2110106,284018313.79101056,9627683.22,287906363.2,0.49506524759960735,Crisis,0.5,0.0,0.0,0.0,0.35078640748011125,0.0,0.0,0.1280606959844129,0.016218144135083212,0.0,0.0,0.35218944513237893,0.0,0.0,0.13554065406810611,0.012269900799514975,0.0,0.0
2015-08-17,578581152.9110106,284018313.79101056,9627683.22,284935155.90000004,0.4924722391429588,Crisis,0.5,0.0,0.0,0.0,0.3491941534622967,0.0,0.0,0.12707966657757472,0.01619841910308732,0.0,0.0,0.35218944513237893,0.0,0.0,0.13554065406810611,0.012269900799514975,0.0,0.0
2015-08-18,573756589.5110106,284018313.79101056,9627683.22,280110592.5,0.4882045759835662,Crisis,0.5,0.0,0.0,0.0,0.34396544825427705,0.0,0.0,0.1279953927197392,0.016243735009549978,0.0,0.0,0.35218944513237893,0.0,0.0,0.13554065406810611,0.012269900799514975,0.0,0.0
2015-08-19,568194279.5110106,284018313.79101056,9627683.22,274548282.5,0.48319437981015384,Crisis,0.5,0.0,0.0,0.0,0.3374415924514505,0.0,0.0,0.12959915763913113,0.016153629719572245,0.0,0.0,0.35218944513237893,0.0,0.0,0.13554065406810611,0.012269900799514975,0.0,0.0
2015-08-20,567515023.6110106,285739967.99101055,7906029.02,273869026.6,0.48257581774208136,Crisis,0.5,1721654.2,0.0,0.0,0.33682690086989153,0.0,0.0,0.12962846257692043,0.016120454295269347,0.0,0.0,0.35218944513237893,0.0,0.0,0.13554065406810611,0.012269900799514975,0.0,0.0
2015-08-21,565364481.25545,284922825.13545,7906029.02,272535627.1,0.48205296960786537,Crisis,0.5,0.0,0.0,0.0,0.3350868924049052,0.0,0.0,0.13395606287792408,0.013010014325036085,0.0,0.0,0.35218944513237893,0.0,0.0,0.13554065406810611,0.012269900799514975,0.0,0.0
2015-08-24,557261010.3529947,284606201.8829948,7906029.02,264748779.45,0.4750893648243863,Crisis,1.0,0.0,0.0,0.0,0.3294764500636722,0.0,0.0,0.13343729171523655,0.012175623045477504,0.0,0.0,0.7043788902647579,0.0,0.0,0.27108130813621223,0.02453980159902995,0.0,0.0
2015-08-25,563192120.2809768,252900084.7109768,7906029.02,302386006.55,0.5369144838161789,Crisis,1.0,0.0,0.0,0.0,0.3367197439754476,0.0,0.0,0.18282944006501578,0.01736529977571553,0.0,0.0,0.7043788902647579,0.0,0.0,0.27108130813621223,0.02453980159902995,0.0,0.0
2015-08-26,563562456.3215295,229792907.00152954,7906029.02,325863520.3,0.5782207750796036,Crisis,1.0,0.0,0.0,0.0,0.3376488589073718,0.0,0.0,0.22001128465743622,0.020560631514795497,0.0,0.0,0.7043788902647579,0.0,0.0,0.27108130813621223,0.02453980159902995,0.0,0.0
2015-08-27,566432667.1224486,119637662.95244856,5424408.62,441370595.55,0.7792110539673143,Crisis,1.0,2481620.4,0.0,0.0,0.5118609190089727,0.0,0.0,0.24515623490687724,0.02219390005146435,0.0,0.0,0.7043788902647579,0.0,0.0,0.27108130813621223,0.02453980159902995,0.0,0.0
2015-08-28,575363981.4827461,25686040.712746188,5424408.62,544253532.15,0.9459290982161018,Crisis,1.0,0.0,0.0,0.0,0.6614943659997133,0.0,0.0,0.2602674217007632,0.024167310515625283,0.0,0.0,0.7043788902647579,0.0,0.0,0.27108130813621223,0.02453980159902995,0.0,0.0
2015-08-31,580904248.966428,2484885.796428063,5424408.62,572994954.55,0.9863845127135829,Crisis,1.0,0.0,0.0,0.0,0.6926233630858719,0.0,0.0,0.2694161736266536,0.024344976001057464,0.0,0.0,0.7043788902647579,0.0,0.0,0.27108130813621223,0.02453980159902995,0.0,0.0
2015-09-01,572127489.8164281,2484885.796428063,5424408.62,564218195.4,0.9861756434409997,Crisis,1.0,0.0,0.0,0.0,0.6897276436177096,0.0,0.0,0.2719477787196032,0.02450022110368714,0.0,0.0,0.7043788902647579,0.0,0.0,0.27108130813621223,0.02453980159902995,0.0,0.0
2015-09-02,571701539.8164281,2484885.796428063,5424408.62,563792245.4,0.986165343513037,Crisis,1.0,0.0,0.0,0.0,0.6894589535766605,0.0,0.0,0.27204894366725085,0.024657446269125697,0.0,0.0,0.7043788902647579,0.0,0.0,0.27108130813621223,0.02453980159902995,0.0,0.0
2015-09-03,574320947.2664281,2484885.796428063,5424408.62,566411652.85,0.9862284416856574,Crisis,1.0,0.0,0.0,0.0,0.6890502683796725,0.0,0.0,0.2726134241580572,0.024564749147927667,0.0,0.0,0.7043788902647579,0.0,0.0,0.27108130813621223,0.02453980159902995,0.0,0.0
2015-09-04,572141961.5952466,2410308.4452465633,4463532.0,565268121.15,0.9879857781693184,Crisis,0.5,960876.62,0.0,0.0,0.6923971631891075,0.0,0.0,0.2712477154573544,0.024340899522856643,0.0,0.0,0.35218944513237893,0.0,0.0,0.13554065406810611,0.012269900799514975,0.0,0.0
2015-09-07,573525139.0837271,111180615.08372706,4463532.0,457880992.0,0.7983625490793969,Crisis,0.5,0.0,0.0,0.0,0.5624055861183643,0.0,0.0,0.21662694716135616,0.019330015799676314,0.0,0.0,0.35218944513237893,0.0,0.0,0.13554065406810611,0.012269900799514975,0.0,0.0
2015-09-08,570564280.921861,224910409.47186106,4463532.0,341190339.45,0.5979875552299533,Crisis,0.5,0.0,0.0,0.0,0.4211144957440921,0.0,0.0,0.1621181049934455,0.014754954492415793,0.0,0.0,0.35218944513237893,0.0,0.0,0.13554065406810611,0.012269900799514975,0.0,0.0
2015-09-09,576386303.7651678,266325178.11516786,4463532.0,305597593.65,0.5301957934352775,Crisis,0.5,0.0,0.0,0.0,0.3753269157105767,0.0,0.0,0.14151325155920405,0.013355626165496693,0.0,0.0,0.35218944513237893,0.0,0.0,0.13554065406810611,0.012269900799514975,0.0,0.0
2015-09-10,577716122.8945919,279084439.94459194,4463532.0,294168150.95,0.5091915203544923,Crisis,0.5,0.0,0.0,0.0,0.35972027214465924,0.0,0.0,0.13706056809227615,0.01241068011755695,0.0,0.0,0.35218944513237893,0.0,0.0,0.13554065406810611,0.012269900799514975,0.0,0.0
2015-09-11,576628170.8445919,279084439.94459194,4463532.0,293080198.9,0.5082654884355079,Crisis,0.5,0.0,0.0,0.0,0.35748530738286827,0.0,0.0,0.138336286767194,0.012443894285445659,0.0,0.0,0.35218944513237893,0.0,0.0,0.13554065406810611,0.012269900799514975,0.0,0.0
2015-09-14,575404479.1445919,279084439.94459194,4463532.0,291856507.2,0.5072197346010928,Crisis,0.5,0.0,0.0,0.0,0.35595666113772384,0.0,0.0,0.13876325766302552,0.012499815800343513,0.0,0.0,0.35218944513237893,0.0,0.0,0.13554065406810611,0.012269900799514975,0.0,0.0
2015-09-15,575890648.1445919,279084439.94459194,4463532.0,292342676.2,0.5076357415107737,Crisis,0.5,0.0,0.0,0.0,0.3560523631710681,0.0,0.0,0.1391922238332197,0.012391154506485993,0.0,0.0,0.35218944513237893,0.0,0.0,0.13554065406810611,0.012269900799514975,0.0,0.0
2015-09-16,576881423.0445919,279084439.94459194,4463532.0,293333451.1,0.5084813609560901,Crisis,0.5,0.0,0.0,0.0,0.3574362821596029,0.0,0.0,0.13852829508400163,0.01251678371248549,0.0,0.0,0.35218944513237893,0.0,0.0,0.13554065406810611,0.012269900799514975,0.0,0.0
2015-09-17,580245103.744592,279084439.94459194,4463532.0,296697131.8,0.5113306943656658,Crisis,0.5,0.0,0.0,0.0,0.3611639813030532,0.0,0.0,0.1375082693246141,0.012658443737998466,0.0,0.0,0.35218944513237893,0.0,0.0,0.13554065406810611,0.012269900799514975,0.0,0.0
2015-09-18,579750306.444592,279084439.94459194,4463532.0,296202334.5,0.510913631622735,Crisis,0.5,0.0,0.0,0.0,0.35896795945874965,0.0,0.0,0.13930566159643532,0.012640010567550009,0.0,0.0,0.35218944513237893,0.0,0.0,0.13554065406810611,0.012269900799514975,0.0,0.0
2015-09-21,574926232.0445919,279084439.94459194,4463532.0,291378260.1,0.5068098198681608,Crisis,0.5,0.0,0.0,0.0,0.3552789883557747,0.0,0.0,0.13905992724610808,0.012470904266277937,0.0,0.0,0.35218944513237893,0.0,0.0,0.13554065406810611,0.012269900799514975,0.0,0.0
2015-09-22,576528827.5945919,279084439.94459194,4463532.0,292980855.65,0.5081807563246787,Crisis,0.5,0.0,0.0,0.0,0.35568517277022904,0.0,0.0,0.13999074484572588,0.012504838708723796,0.0,0.0,0.35218944513237893,0.0,0.0,0.13554065406810611,0.012269900799514975,0.0,0.0
2015-09-23,571015387.944592,279084439.94459194,4463532.0,287467416.0,0.5034319951249617,Crisis,0.5,0.0,0.0,0.0,0.3518731197827134,0.0,0.0,0.13922024113247525,0.012338634209773098,0.0,0.0,0.35218944513237893,0.0,0.0,0.13554065406810611,0.012269900799514975,0.0,0.0
2015-09-24,569220869.7945919,279084439.94459194,4463532.0,285672897.84999996,0.5018665214314567,Crisis,0.5,0.0,0.0,0.0,0.35011294986762526,0.0,0.0,0.13944551967787694,0.012308051885954522,0.0,0.0,0.35218944513237893,0.0,0.0,0.13554065406810611,0.012269900799514975,0.0,0.0
2015-09-25,567526298.5945919,283547971.94459194,0.0,283978326.65,0.500379149571107,Crisis,0.5,4463532.0,0.0,0.0,0.3487645896589402,0.0,0.0,0.13921998010605127,0.012394579806115493,0.0,0.0,0.35218944513237893,0.0,0.0,0.13554065406810611,0.012269900799514975,0.0,0.0
2015-09-30,570888624.5445919,283547971.94459194,0.0,287340652.6,0.5033217343036338,Crisis,0.5,0.0,0.0,0.0,0.3509611927542444,0.0,0.0,0.14000927074656874,0.012351270802820547,0.0,0.0,0.35218944513237893,0.0,0.0,0.13554065406810611,0.012269900799514975,0.0,0.0
2015-10-01,569904605.194592,283547971.94459194,0.0,286356633.25,0.5024641503857027,Crisis,0.5,0.0,0.0,0.0,0.35034799057611593,0.0,0.0,0.13950562826712606,0.012610531542460675,0.0,0.0,0.35218944513237893,0.0,0.0,0.13554065406810611,0.012269900799514975,0.0,0.0
2015-10-02,572760907.944592,283547971.94459194,0.0,289212936.0,0.5049453131113096,Crisis,0.5,0.0,0.0,0.0,0.353154664004352,0.0,0.0,0.13931205655487752,0.012478592552080062,0.0,0.0,0.35218944513237893,0.0,0.0,0.13554065406810611,0.012269900799514975,0.0,0.0
2015-10-05,573015051.1445919,283547971.94459194,0.0,289467079.2,0.5051648793898037,Crisis,0.5,0.0,0.0,0.0,0.3544096770134494,0.0,0.0,0.13825256394532262,0.012502638431031752,0.0,0.0,0.3394953046976872,0.0,0.0,0.1454054905510796,0.015099204751233195,0.0,0.0
2015-10-06,574470434.194592,283547971.94459194,0.0,290922462.25,0.5064185116121311,Crisis,0.5,0.0,0.0,0.0,0.3558316496071546,0.0,0.0,0.13801754673617003,0.012569315268806527,0.0,0.0,0.3394953046976872,0.0,0.0,0.1454054905510796,0.015099204751233195,0.0,0.0
2015-10-07,575387600.5899911,286352819.6899912,0.0,289034780.9,0.5023305691739437,Bear,1.0,0.0,0.0,0.0,0.34407794102096934,0.0,0.0,0.14360076566696403,0.014651862486010355,0.0,0.0,0.6789906093953744,0.0,0.0,0.2908109811021592,0.03019840950246639,0.0,0.0
2015-10-08,573156510.0552531,171205757.45525315,0.0,401950752.6,0.7012931817894755,Crisis,1.0,0.0,0.0,0.0,0.47787951073537605,0.0,0.0,0.20253019544139797,0.020883475612701534,0.0,0.0,0.6789906093953744,0.0,0.0,0.2908109811021592,0.03019840950246639,0.0,0.0
2015-10-12,578627822.1037557,56181060.85375568,0.0,522446761.25,0.9029063956007257,Bear,1.0,0.0,0.0,0.0,0.6149233542838495,0.0,0.0,0.2607945802732954,0.02718846104358086,0.0,0.0,0.6789906093953744,0.0,0.0,0.2908109811021592,0.03019840950246639,0.0,0.0
2015-10-13,582119780.304623,14408417.70462294,0.0,567711362.6,0.9752483626358083,Bear,1.0,0.0,0.0,0.0,0.6638262015384244,0.0,0.0,0.28236851857874345,0.029053642518640396,0.0,0.0,0.6789906093953744,0.0,0.0,0.2908109811021592,0.03019840950246639,0.0,0.0
2015-10-14,576966432.0797994,3802661.82979944,0.0,573163770.25,0.9934092147855259,Bear,1.0,0.0,0.0,0.0,0.6728080676213591,0.0,0.0,0.2906110142241506,0.02999013294001618,0.0,0.0,0.6789906093953744,0.0,0.0,0.2908109811021592,0.03019840950246639,0.0,0.0
2015-10-15,581153129.0297995,3802661.82979944,0.0,577350467.2,0.9934566955939002,Bear,1.0,0.0,0.0,0.0,0.67353550664601,0.0,0.0,0.2897122833719901,0.03020890557589993,0.0,0.0,0.6789906093953744,0.0,0.0,0.2908109811021592,0.03019840950246639,0.0,0.0
2015-10-16,586268314.6297994,3802661.82979944,0.0,582465652.8,0.9935137858640705,Bear,1.0,0.0,0.0,0.0,0.6748521844470321,0.0,0.0,0.28882969755396887,0.029831903863069574,0.0,0.0,0.6789906093953744,0.0,0.0,0.2908109811021592,0.03019840950246639,0.0,0.0
2015-10-19,585997218.7297994,3802661.82979944,0.0,582194556.9,0.9935107851910253,Bear,1.0,0.0,0.0,0.0,0.6747633679168048,0.0,0.0,0.28881092706693695,0.02993649020728349,0.0,0.0,0.6789906093953744,0.0,0.0,0.2908109811021592,0.03019840950246639,0.0,0.0
2015-10-20,589041152.6297994,3802661.82979944,0.0,585238490.8,0.9935443189107888,Bear,1.0,0.0,0.0,0.0,0.6757273053384687,0.0,0.0,0.2880352234177954,0.02978179015452463,0.0,0.0,0.6789906093953744,0.0,0.0,0.2908109811021592,0.03019840950246639,0.0,0.0
2015-10-21,585116087.7297994,3802661.82979944,0.0,581313425.9,0.9935010130305023,Bear,1.0,0.0,0.0,0.0,0.6755528247969397,0.0,0.0,0.2881711912147321,0.029776997018830496,0.0,0.0,0.6789906093953744,0.0,0.0,0.2908109811021592,0.03019840950246639,0.0,0.0
2015-10-22,588112737.3797994,3802661.82979944,0.0,584310075.55,0.993534127747783,Bear,1.0,0.0,0.0,0.0,0.6753626478480735,0.0,0.0,0.2885462075792627,0.029625272320446854,0.0,0.0,0.6789906093953744,0.0,0.0,0.2908109811021592,0.03019840950246639,0.0,0.0
2015-10-23,590817604.4797994,3802661.82979944,0.0,587014942.65,0.993563729650291,Bear,1.0,0.0,0.0,0.0,0.6776540502758309,0.0,0.0,0.28623994735042163,0.029669732024038473,0.0,0.0,0.6789906093953744,0.0,0.0,0.2908109811021592,0.03019840950246639,0.0,0.0
2015-10-26,596650263.9797994,3802661.82979944,532000.0,592315602.15,0.9927350039185666,Bear,1.0,0.0,0.0,0.0,0.6787383272886827,0.0,0.0,0.2852188464057423,0.02877783022414171,0.0,0.0,0.6789906093953744,0.0,0.0,0.2908109811021592,0.03019840950246639,0.0,0.0
2015-10-27,595994801.6297994,3802661.82979944,532000.0,591660139.8,0.9927270140310857,Bear,1.0,0.0,0.0,0.0,0.6791945813840139,0.0,0.0,0.2848791625962242,0.028653270050847623,0.0,0.0,0.6789906093953744,0.0,0.0,0.2908109811021592,0.03019840950246639,0.0,0.0
2015-10-28,596420572.4797994,3802661.82979944,532000.0,592085910.65,0.9927322060475265,Bear,1.0,0.0,0.0,0.0,0.6793566978505313,0.0,0.0,0.2849433903552279,0.028432117841767347,0.0,0.0,0.6789906093953744,0.0,0.0,0.2908109811021592,0.03019840950246639,0.0,0.0
2015-10-29,589248732.1297994,3802661.82979944,532000.0,584914070.3,0.9926437485675496,Bear,1.0,0.0,0.0,0.0,0.6763939378527242,0.0,0.0,0.2876747810509671,0.028575029663858453,0.0,0.0,0.6789906093953744,0.0,0.0,0.2908109811021592,0.03019840950246639,0.0,0.0
2015-10-30,587149051.1297994,3802661.82979944,532000.0,582814389.3,0.9926174421614774,Bear,1.0,0.0,0.0,0.0,0.6768645687756437,0.0,0.0,0.2871209613225312,0.02863191206330264,0.0,0.0,0.6789906093953744,0.0,0.0,0.2908109811021592,0.03019840950246639,0.0,0.0
2015-11-02,584985001.4797994,3802661.82979944,532000.0,580650339.65,0.9925901316805827,Bear,1.0,0.0,0.0,0.0,0.6757922658700017,0.0,0.0,0.28801456374744006,0.028783302063140913,0.0,0.0,0.6789906093953744,0.0,0.0,0.2908109811021592,0.03019840950246639,0.0,0.0
2015-11-03,590946832.9797994,3802661.82979944,532000.0,586612171.15,0.9926648869443259,Bear,1.0,0.0,0.0,0.0,0.6782196786283486,0.0,0.0,0.2855021646351176,0.02894304368085964,0.0,0.0,0.6789906093953744,0.0,0.0,0.2908109811021592,0.03019840950246639,0.0,0.0
2015-11-04,593248718.7297994,3802661.82979944,532000.0,588914056.9,0.9926933481810457,Bear,1.0,0.0,0.0,0.0,0.6791767840016423,0.0,0.0,0.28412535025932495,0.029391213920078475,0.0,0.0,0.6789906093953744,0.0,0.0,0.2908109811021592,0.03019840950246639,0.0,0.0
2015-11-05,593506095.1797994,3802661.82979944,532000.0,589171433.35,0.9926965167417763,Bear,1.0,0.0,0.0,0.0,0.6797865036714993,0.0,0.0,0.28359877239172937,0.029311240678547464,0.0,0.0,0.6789906093953744,0.0,0.0,0.2908109811021592,0.03019840950246639,0.0,0.0
2015-11-06,585402104.8297994,3802661.82979944,532000.0,581067443.0,0.9925954112668254,Bear,1.0,0.0,0.0,0.0,0.676164536707779,0.0,0.0,0.2873045699910823,0.029126304567964126,0.0,0.0,0.6789906093953744,0.0,0.0,0.2908109811021592,0.03019840950246639,0.0,0.0
2015-11-09,582453797.5297995,3802661.82979944,532000.0,578119135.7,0.9925579301771525,Bear,1.0,0.0,0.0,0.0,0.6762418536379246,0.0,0.0,0.28724784817192334,0.029068228367304588,0.0,0.0,0.6789906093953744,0.0,0.0,0.2908109811021592,0.03019840950246639,0.0,0.0
2015-11-10,573990438.8797994,3802661.82979944,532000.0,569655777.05,0.9924481985479429,Bear,1.0,0.0,0.0,0.0,0.6746321032902975,0.0,0.0,0.28866682923040454,0.02914926602724085,0.0,0.0,0.6789906093953744,0.0,0.0,0.2908109811021592,0.03019840950246639,0.0,0.0
2015-11-11,571926691.2297994,3802661.82979944,532000.0,567592029.4,0.9924209485301714,Crisis,1.0,0.0,0.0,0.0,0.6738068625042708,0.0,0.0,0.28970845834055536,0.02890562768534526,0.0,0.0,0.6789906093953744,0.0,0.0,0.2908109811021592,0.03019840950246639,0.0,0.0
2015-11-12,571957378.5297995,3802661.82979944,532000.0,567622716.7,0.9924213551699577,Crisis,1.0,0.0,0.0,0.0,0.6739832917111597,0.0,0.0,0.2894874796887919,0.028950583770006016,0.0,0.0,0.6789906093953744,0.0,0.0,0.2908109811021592,0.03019840950246639,0.0,0.0
2015-11-13,567346160.7297994,3802661.82979944,532000.0,563011498.9,0.9923597582396194,Crisis,1.0,0.0,0.0,0.0,0.6741404549349779,0.0,0.0,0.28933817017258245,0.02888113313205921,0.0,0.0,0.6789906093953744,0.0,0.0,0.2908109811021592,0.03019840950246639,0.0,0.0
2015-11-16,564976342.9297994,3802661.82979944,532000.0,560641681.1,0.9923277109138391,Crisis,1.0,0.0,0.0,0.0,0.6744889159851947,0.0,0.0,0.2890483859078881,0.028790409020756295,0.0,0.0,0.6789906093953744,0.0,0.0,0.2908109811021592,0.03019840950246639,0.0,0.0
2015-11-17,572860031.4297994,3802661.82979944,532000.0,568525369.6,0.992433296805538,Crisis,1.0,0.0,0.0,0.0,0.6747949732767681,0.0,0.0,0.2886869233785356,0.028951400150234438,0.0,0.0,0.6789906093953744,0.0,0.0,0.2908109811021592,0.03019840950246639,0.0,0.0
2015-11-18,567823708.1797994,3802661.82979944,532000.0,563489046.35,0.9923661837866994,Crisis,1.0,0.0,0.0,0.0,0.6715206513167657,0.0,0.0,0.29208237981405977,0.028763152655873963,0.0,0.0,0.6789906093953744,0.0,0.0,0.2908109811021592,0.03019840950246639,0.0,0.0
2015-11-19,574574557.1797994,3802661.82979944,532000.0,570239895.35,0.992455875785598,Bear,1.0,0.0,0.0,0.0,0.673293118388015,0.0,0.0,0.29032089554880947,0.028841861848773527,0.0,0.0,0.6789906093953744,0.0,0.0,0.2908109811021592,0.03019840950246639,0.0,0.0
2015-11-20,572496826.6797994,3802661.82979944,532000.0,568162164.85,0.9924284963203406,Crisis,1.0,0.0,0.0,0.0,0.672795807592187,0.0,0.0,0.2906861527340445,0.028946535994109006,0.0,0.0,0.6789906093953744,0.0,0.0,0.2908109811021592,0.03019840950246639,0.0,0.0
2015-11-23,571679505.8297994,3802661.82979944,532000.0,567344844.0,0.9924176714652249,Bear,1.0,0.0,0.0,0.0,0.6713138044767657,0.0,0.0,0.29197635790304954,0.029127509085409682,0.0,0.0,0.6789906093953744,0.0,0.0,0.2908109811021592,0.03019840950246639,0.0,0.0
2015-11-24,570838568.5297995,3802661.82979944,532000.0,566503906.7,0.9924065014721003,Crisis,1.0,0.0,0.0,0.0,0.6724440636319085,0.0,0.0,0.2910949069681257,0.02886753087206609,0.0,0.0,0.6789906093953744,0.0,0.0,0.2908109811021592,0.03019840950246639,0.0,0.0
2015-11-25,571622867.6797994,3802661.82979944,532000.0,567288205.85,0.9924169201848175,Crisis,1.0,0.0,0.0,0.0,0.6736885936930632,0.0,0.0,0.28990040351714247,0.028827922974611852,0.0,0.0,0.6789906093953744,0.0,0.0,0.2908109811021592,0.03019840950246639,0.0,0.0
2015-11-26,574438122.4297994,4334661.82979944,0.0,570103460.6,0.9924540839812923,Bear,1.0,532000.0,0.0,0.0,0.6738622411803902,0.0,0.0,0.28951160012943583,0.029080242671466236,0.0,0.0,0.6789906093953744,0.0,0.0,0.2908109811021592,0.03019840950246639,0.0,0.0
2015-11-27,569641100.5797994,4334661.82979944,0.0,565306438.75,0.992390538840355,Crisis,1.0,0.0,0.0,0.0,0.6725791702179478,0.0,0.0,0.29088315402688836,0.028928214595518895,0.0,0.0,0.6789906093953744,0.0,0.0,0.2908109811021592,0.03019840950246639,0.0,0.0
2015-11-30,566865419.7297994,4334661.82979944,0.0,562530757.9,0.9923532787872904,Crisis,1.0,0.0,0.0,0.0,0.6723115304540167,0.0,0.0,0.29132382087924125,0.02871792745403239,0.0,0.0,0.6789906093953744,0.0,0.0,0.2908109811021592,0.03019840950246639,0.0,0.0
2015-12-01,575350441.0797994,4334661.82979944,0.0,571015779.25,0.9924660493495682,Crisis,1.0,0.0,0.0,0.0,0.6730751409927033,0.0,0.0,0.29054170826092224,0.02884920009594266,0.0,0.0,0.6789906093953744,0.0,0.0,0.2908109811021592,0.03019840950246639,0.0,0.0
2015-12-02,568787929.3797994,4334661.82979944,0.0,564453267.55,0.9923791247916849,Crisis,1.0,0.0,0.0,0.0,0.6723607302408801,0.0,0.0,0.29088310678534596,0.029135287765458952,0.0,0.0,0.6789906093953744,0.0,0.0,0.2908109811021592,0.03019840950246639,0.0,0.0
2015-12-03,566980108.1797994,4334661.82979944,0.0,562645446.35,0.9923548255621962,Crisis,1.0,0.0,0.0,0.0,0.6725197954018545,0.0,0.0,0.29055992904032796,0.029275101120013813,0.0,0.0,0.6789906093953744,0.0,0.0,0.2908109811021592,0.03019840950246639,0.0,0.0
2015-12-04,566100820.8797994,4334661.82979944,0.0,561766159.05,0.9923429508138448,Crisis,1.0,0.0,0.0,0.0,0.6726350589957034,0.0,0.0,0.29069274222964153,0.02901514958849996,0.0,0.0,0.6789906093953744,0.0,0.0,0.2908109811021592,0.03019840950246639,0.0,0.0
2015-12-07,566470526.4797994,4334661.82979944,0.0,562135864.65,0.9923479481682195,Crisis,1.0,0.0,0.0,0.0,0.6717482143593392,0.0,0.0,0.2912513401628557,0.029348393646024682,0.0,0.0,0.6789906093953744,0.0,0.0,0.2908109811021592,0.03019840950246639,0.0,0.0
2015-12-08,560257351.2297994,4334661.82979944,0.0,555922689.4,0.9922630879893239,Crisis,1.0,0.0,0.0,0.0,0.6708100992785514,0.0,0.0,0.29225390731703266,0.029199081393739838,0.0,0.0,0.6789906093953744,0.0,0.0,0.2908109811021592,0.03019840950246639,0.0,0.0
2015-12-09,555363336.8297994,4334661.82979944,0.0,551028675.0,0.9921949081937185,Crisis,1.0,0.0,0.0,0.0,0.6693333001092957,0.0,0.0,0.29376444064761675,0.029097167436806067,0.0,0.0,0.6789906093953744,0.0,0.0,0.2908109811021592,0.03019840950246639,0.0,0.0
2015-12-10,554824220.1797994,4334661.82979944,0.0,550489558.35,0.9921873240710459,Crisis,0.5,0.0,0.0,0.0,0.6705079641790748,0.0,0.0,0.29264980527955636,0.029029554612414906,0.0,0.0,0.3394953046976872,0.0,0.0,0.1454054905510796,0.015099204751233195,0.0,0.0
2015-12-11,553169913.7956082,114557456.2456082,0.0,438612457.55,0.7929072905292962,Crisis,0.5,0.0,0.0,0.0,0.5357204001147049,0.0,0.0,0.23392505046435402,0.023261839950237298,0.0,0.0,0.3394953046976872,0.0,0.0,0.1454054905510796,0.015099204751233195,0.0,0.0
2015-12-14,549878547.1841791,223749972.03417906,0.0,326128575.15,0.5930920142639513,Crisis,0.5,0.0,0.0,0.0,0.40213857456769353,0.0,0.0,0.173237527610062,0.017715912086195825,0.0,0.0,0.3394953046976872,0.0,0.0,0.1454054905510796,0.015099204751233195,0.0,0.0
2015-12-15,549654705.6844673,262029069.33446732,0.0,287625636.34999996,0.5232842243965309,Crisis,0.5,0.0,0.0,0.0,0.3549536360414596,0.0,0.0,0.15253940179697317,0.015791186558098233,0.0,0.0,0.3394953046976872,0.0,0.0,0.1454054905510796,0.015099204751233195,0.0,0.0
2015-12-16,551941040.6442673,271508107.8442673,0.0,280432932.8,0.5080849441321803,Crisis,0.5,0.0,0.0,0.0,0.34595150340173064,0.0,0.0,0.14660696350020633,0.015526477230243285,0.0,0.0,0.3394953046976872,0.0,0.0,0.1454054905510796,0.015099204751233195,0.0,0.0
2015-12-17,555997442.6942673,271508107.8442673,0.0,284489334.85,0.511673818986314,Crisis,0.5,0.0,0.0,0.0,0.34796335377460325,0.0,0.0,0.14811848702204314,0.015591978189667642,0.0,0.0,0.3394953046976872,0.0,0.0,0.1454054905510796,0.015099204751233195,0.0,0.0
2015-12-18,552576196.5942674,271508107.8442673,0.0,281068088.75,0.5086503734368711,Crisis,0.5,0.0,0.0,0.0,0.34561258687410723,0.0,0.0,0.1474263649105676,0.015611421652196256,0.0,0.0,0.3394953046976872,0.0,0.0,0.1454054905510796,0.015099204751233195,0.0,0.0
2015-12-21,551704754.8942673,271508107.8442673,0.0,280196647.05,0.5078742652919476,Crisis,0.5,0.0,0.0,0.0,0.3439291493624422,0.0,0.0,0.14833477376080226,0.01561034216870312,0.0,0.0,0.3394953046976872,0.0,0.0,0.1454054905510796,0.015099204751233195,0.0,0.0
2015-12-22,553908237.9442673,271508107.8442673,0.0,282400130.09999996,0.5098319735197986,Crisis,0.5,0.0,0.0,0.0,0.345792889470028,0.0,0.0,0.1484523868162323,0.015586697233538328,0.0,0.0,0.3394953046976872,0.0,0.0,0.1454054905510796,0.015099204751233195,0.0,0.0
2015-12-23,555176155.7442673,271508107.8442673,0.0,283668047.90000004,0.5109514249935961,Crisis,0.5,0.0,0.0,0.0,0.3478087916818713,0.0,0.0,0.14756595569233602,0.015576677619388728,0.0,0.0,0.3394953046976872,0.0,0.0,0.1454054905510796,0.015099204751233195,0.0,0.0
2015-12-24,555854489.6442673,271508107.8442673,0.0,284346381.8,0.5115482326714217,Crisis,0.5,0.0,0.0,0.0,0.34799733636008595,0.0,0.0,0.14791658884075717,0.01563430747057856,0.0,0.0,0.3394953046976872,0.0,0.0,0.1454054905510796,0.015099204751233195,0.0,0.0
2015-12-25,556275684.0442673,271508107.8442673,0.0,284767576.2,0.5119180729412195,Crisis,0.5,0.0,0.0,0.0,0.3480964236872714,0.0,0.0,0.1480970719429184,0.015724577311029678,0.0,0.0,0.3394953046976872,0.0,0.0,0.1454054905510796,0.015099204751233195,0.0,0.0
2015-12-28,557227070.1442673,271508107.8442673,0.0,285718962.3,0.5127514035275184,Crisis,0.5,0.0,0.0,0.0,0.34954720029946096,0.0,0.0,0.14754469839147283,0.015659504836584563,0.0,0.0,0.3394953046976872,0.0,0.0,0.1454054905510796,0.015099204751233195,0.0,0.0
2015-12-29,555871466.0942674,271508107.8442673,0.0,284363358.25,0.5115631501073961,Crisis,0.5,0.0,0.0,0.0,0.34873018327788413,0.0,0.0,0.1472502277821886,0.015582739047323319,0.0,0.0,0.3394953046976872,0.0,0.0,0.1454054905510796,0.015099204751233195,0.0,0.0
2015-12-30,553959721.8442674,271508107.8442673,0.0,282451614.0,0.5098775287482085,Crisis,0.5,0.0,0.0,0.0,0.34655157483447757,0.0,0.0,0.1478047893579852,0.015521164555745719,0.0,0.0,0.3394953046976872,0.0,0.0,0.1454054905510796,0.015099204751233195,0.0,0.0
2015-12-31,554960290.4942672,271508107.8442673,0.0,283452182.65,0.510761197702177,Crisis,0.5,0.0,0.0,0.0,0.34612167021702295,0.0,0.0,0.14909517206412579,0.015544355421028295,0.0,0.0,0.3394953046976872,0.0,0.0,0.1454054905510796,0.015099204751233195,0.0,0.0
2016-01-04,550149707.9442673,271508107.8442673,0.0,278641600.1,0.50648322824926,Crisis,0.5,0.0,0.0,0.0,0.3431878584567508,0.0,0.0,0.14792482632426346,0.015370543468245634,0.0,0.0,0.3394953046976872,0.0,0.0,0.1454054905510796,0.015099204751233195,0.0,0.0
2016-01-05,549836482.1942673,271508107.8442673,0.0,278328374.35,0.506202086189802,Crisis,0.5,0.0,0.0,0.0,0.3428591598681764,0.0,0.0,0.1480927560045578,0.015250170317067813,0.0,0.0,0.3394953046976872,0.0,0.0,0.1454054905510796,0.015099204751233195,0.0,0.0
2016-01-06,548549850.4942672,271508107.8442673,0.0,277041742.65,0.5050438759583533,Crisis,0.5,0.0,0.0,0.0,0.3421914024420315,0.0,0.0,0.147721852311118,0.01513062120520392,0.0,0.0,0.3394953046976872,0.0,0.0,0.1454054905510796,0.015099204751233195,0.0,0.0
2016-01-07,545361357.7942673,271508107.8442673,0.0,273853249.95,0.5021500809254416,Crisis,0.5,0.0,0.0,0.0,0.3381496457612394,0.0,0.0,0.1490677673401791,0.014932667824023091,0.0,0.0,0.3394953046976872,0.0,0.0,0.1454054905510796,0.015099204751233195,0.0,0.0
2016-01-08,546078107.7942673,271508107.8442673,0.0,274569999.95,0.5028035294420613,Crisis,0.5,0.0,0.0,0.0,0.3385971664325729,0.0,0.0,0.1492672913207302,0.014939071688758224,0.0,0.0,0.3394953046976872,0.0,0.0,0.1454054905510796,0.015099204751233195,0.0,0.0
2016-01-11,543855096.4442673,271508107.8442673,0.0,272346988.6,0.5007712355379378,Crisis,1.0,0.0,0.0,0.0,0.33533415388098525,0.0,0.0,0.15067193547646998,0.014765146180482473,0.0,0.0,0.6789906093953744,0.0,0.0,0.2908109811021592,0.03019840950246639,0.0,0.0
2016-01-12,545703033.8254132,237752816.92541328,0.0,307950216.9,0.5643183156619989,Crisis,1.0,0.0,0.0,0.0,0.3359061715582193,0.0,0.0,0.20760137469978673,0.020810769403992877,0.0,0.0,0.6789906093953744,0.0,0.0,0.2908109811021592,0.03019840950246639,0.0,0.0
2016-01-13,546766135.6316267,214749079.23162678,0.0,332017056.4,0.6072377836942158,Crisis,1.0,0.0,0.0,0.0,0.33586344221530773,0.0,0.0,0.2460796147233397,0.02529472675556831,0.0,0.0,0.6789906093953744,0.0,0.0,0.2908109811021592,0.03019840950246639,0.0,0.0
2016-01-14,545567758.8089857,201302478.00898576,0.0,344265280.8,0.6310220412429728,Crisis,1.0,0.0,0.0,0.0,0.3333653388848397,0.0,0.0,0.27011566871493947,0.027541033643193588,0.0,0.0,0.6789906093953744,0.0,0.0,0.2908109811021592,0.03019840950246639,0.0,0.0
2016-01-15,542278288.39123,194612121.99122998,0.0,347666166.4,0.6411213095612157,Crisis,1.0,0.0,0.0,0.0,0.3319267436171819,0.0,0.0,0.2801272026779096,0.029067363266124305,0.0,0.0,0.6789906093953744,0.0,0.0,0.2908109811021592,0.03019840950246639,0.0,0.0
2016-01-18,541151981.044889,191299237.69488898,0.0,349852743.35,0.6464962812747783,Crisis,1.0,0.0,0.0,0.0,0.3302701451908286,0.0,0.0,0.2862596930734512,0.029966443010498445,0.0,0.0,0.6789906093953744,0.0,0.0,0.2908109811021592,0.03019840950246639,0.0,0.0
2016-01-19,544586157.2616665,190038531.21166646,0.0,354547626.05,0.6510404668248747,Crisis,1.0,0.0,0.0,0.0,0.3321172850948836,0.0,0.0,0.28896235774936935,0.029960823980621776,0.0,0.0,0.6789906093953744,0.0,0.0,0.2908109811021592,0.03019840950246639,0.0,0.0
2016-01-20,542590201.3452296,189645749.54522958,0.0,352944451.8,0.6504806959745202,Crisis,1.0,0.0,0.0,0.0,0.33189661618201516,0.0,0.0,0.2891191171736393,0.029464962618865692,0.0,0.0,0.6789906093953744,0.0,0.0,0.2908109811021592,0.03019840950246639,0.0,0.0
2016-01-21,538698201.4245136,189086592.67451358,0.0,349611608.75,0.6489934583510767,Crisis,1.0,0.0,0.0,0.0,0.3288269912199103,0.0,0.0,0.29012738410247074,0.030039083028695693,0.0,0.0,0.6789906093953744,0.0,0.0,0.2908109811021592,0.03019840950246639,0.0,0.0
2016-01-22,541354700.1988153,189018200.09881532,0.0,352336500.1,0.6508422296335519,Crisis,0.5,0.0,0.0,0.0,0.32878776158151385,0.0,0.0,0.29176102090181066,0.03029344715022738,0.0,0.0,0.3394953046976872,0.0,0.0,0.1454054905510796,0.015099204751233195,0.0,0.0
2016-01-25,548029661.5120308,254635986.3620308,0.0,293393675.15,0.5353609407573264,Crisis,0.5,0.0,0.0,0.0,0.3338345312281673,0.0,0.0,0.18251913541326475,0.019007274115894413,0.0,0.0,0.3394953046976872,0.0,0.0,0.1454054905510796,0.015099204751233195,0.0,0.0
2016-01-26,544918412.2541275,268694340.3041275,0.0,276224071.95,0.5069090449841149,Crisis,0.5,0.0,0.0,0.0,0.3358902320676972,0.0,0.0,0.15490997936886214,0.01610883354755556,0.0,0.0,0.3394953046976872,0.0,0.0,0.1454054905510796,0.015099204751233195,0.0,0.0
2016-01-27,546718074.4541276,268694340.3041275,0.0,278023734.15,0.5085321798215537,Crisis,0.5,0.0,0.0,0.0,0.33695928991178276,0.0,0.0,0.15544666249575534,0.016126227414015648,0.0,0.0,0.3394953046976872,0.0,0.0,0.1454054905510796,0.015099204751233195,0.0,0.0
2016-01-28,549159907.4041276,268694340.3041275,0.0,280465567.1,0.5107174855967863,Crisis,0.5,0.0,0.0,0.0,0.34047417624463433,0.0,0.0,0.15410465851383076,0.01613865083832117,0.0,0.0,0.3394953046976872,0.0,0.0,0.1454054905510796,0.015099204751233195,0.0,0.0
2016-01-29,556428538.2541275,268694340.3041275,0.0,287734197.95,0.5171089873513791,Crisis,0.5,0.0,0.0,0.0,0.34816024813867996,0.0,0.0,0.15261959831617256,0.01632914089652662,0.0,0.0,0.3394953046976872,0.0,0.0,0.1454054905510796,0.015099204751233195,0.0,0.0
2016-01-30,558009124.0041275,268694340.3041275,0.0,289314783.7,0.5184767976981323,Crisis,0.5,0.0,0.0,0.0,0.350161091090967,0.0,0.0,0.1518810290983219,0.016434677508843323,0.0,0.0,0.3394953046976872,0.0,0.0,0.1454054905510796,0.015099204751233195,0.0,0.0
2016-02-01,558949592.6541276,268694340.3041275,0.0,290255252.35,0.5192869914650909,Crisis,0.5,0.0,0.0,0.0,0.3501239734708926,0.0,0.0,0.1527559928875985,0.016407025106599794,0.0,0.0,0.3394953046976872,0.0,0.0,0.1454054905510796,0.015099204751233195,0.0,0.0
2016-02-02,557346229.7541275,268694340.3041275,0.0,288651889.45,0.5179040855400392,Crisis,0.5,0.0,0.0,0.0,0.3486032183903207,0.0,0.0,0.15290190450843164,0.016398962641286825,0.0,0.0,0.3394953046976872,0.0,0.0,0.1454054905510796,0.015099204751233195,0.0,0.0
2016-02-03,554402957.5541275,268694340.3041275,0.0,285708617.25,0.515344684506135,Crisis,0.5,0.0,0.0,0.0,0.3454763627073549,0.0,0.0,0.15349340915392176,0.016374912644858443,0.0,0.0,0.3394953046976872,0.0,0.0,0.1454054905510796,0.015099204751233195,0.0,0.0
2016-02-15,556016399.2541275,268694340.3041275,0.0,287322058.95,0.516751051471558,Crisis,0.5,0.0,0.0,0.0,0.3461019480866894,0.0,0.0,0.15430785875217706,0.016341244632691564,0.0,0.0,0.3394953046976872,0.0,0.0,0.1454054905510796,0.015099204751233195,0.0,0.0
2016-02-16,560480059.7541275,268694340.3041275,0.0,291785719.45,0.5205996437732345,Crisis,1.0,0.0,0.0,0.0,0.35070582089259145,0.0,0.0,0.15333926426874475,0.016554558611898362,0.0,0.0,0.6789906093953744,0.0,0.0,0.2908109811021592,0.03019840950246639,0.0,0.0
2016-02-17,558541918.5350763,156456916.53507626,0.0,402085002.0,0.7198833044699208,Crisis,1.0,0.0,0.0,0.0,0.48577965770524467,0.0,0.0,0.21199304129321866,0.02211060547145745,0.0,0.0,0.6789906093953744,0.0,0.0,0.2908109811021592,0.03019840950246639,0.0,0.0
2016-02-18,559524002.9708076,121727406.92080753,0.0,437796596.05,0.7824447096558992,Crisis,1.0,0.0,0.0,0.0,0.48643828433612407,0.0,0.0,0.2678162137895239,0.028190211530251263,0.0,0.0,0.6789906093953744,0.0,0.0,0.2908109811021592,0.03019840950246639,0.0,0.0
2016-02-19,561179443.5269058,30632401.376905777,0.0,530547042.15,0.9454142489889027,Crisis,1.0,0.0,0.0,0.0,0.6332338902448809,0.0,0.0,0.2826867623713913,0.029493596372630587,0.0,0.0,0.6789906093953744,0.0,0.0,0.2908109811021592,0.03019840950246639,0.0,0.0
2016-02-22,560483411.8139113,7796240.513911403,0.0,552687171.3,0.9860901494146274,Crisis,1.0,0.0,0.0,0.0,0.6680912644464209,0.0,0.0,0.28805901583685856,0.02993986913134812,0.0,0.0,0.6789906093953744,0.0,0.0,0.2908109811021592,0.03019840950246639,0.0,0.0
2016-02-23,560890732.6639113,7796240.513911403,0.0,553094492.15,0.9861002507977201,Crisis,1.0,0.0,0.0,0.0,0.668610248503985,0.0,0.0,0.287547271879497,0.02994273041423812,0.0,0.0,0.6789906093953744,0.0,0.0,0.2908109811021592,0.03019840950246639,0.0,0.0
2016-02-24,557979825.2139114,7796240.513911403,0.0,550183584.7,0.9860277376320505,Crisis,1.0,0.0,0.0,0.0,0.670123663622879,0.0,0.0,0.28607718915070957,0.02982688485846184,0.0,0.0,0.6789906093953744,0.0,0.0,0.2908109811021592,0.03019840950246639,0.0,0.0
2016-02-25,562533379.2639114,7796240.513911403,0.0,554737138.75,0.9861408392794168,Crisis,1.0,0.0,0.0,0.0,0.6678866581066243,0.0,0.0,0.2882762267586625,0.029977954414129933,0.0,0.0,0.6789906093953744,0.0,0.0,0.2908109811021592,0.03019840950246639,0.0,0.0
2016-02-26,566723886.5639113,7796240.513911403,0.0,558927646.05,0.9862433176036032,Crisis,1.0,0.0,0.0,0.0,0.6691232803846807,0.0,0.0,0.2872906963338996,0.02982934088502297,0.0,0.0,0.6789906093953744,0.0,0.0,0.2908109811021592,0.03019840950246639,0.0,0.0
2016-03-01,567326477.2639114,7796240.513911403,0.0,559530236.75,0.9862579293821947,Bear,1.0,0.0,0.0,0.0,0.6669162323865826,0.0,0.0,0.28925214418234013,0.03008955281327197,0.0,0.0,0.6789906093953744,0.0,0.0,0.2908109811021592,0.03019840950246639,0.0,0.0
2016-03-02,569994410.3139113,7796240.513911403,0.0,562198169.8,0.9863222509329209,Bear,1.0,0.0,0.0,0.0,0.6686400127855752,0.0,0.0,0.2874914157662585,0.03019082238108749,0.0,0.0,0.6789906093953744,0.0,0.0,0.2908109811021592,0.03019840950246639,0.0,0.0
2016-03-03,576712306.4139113,7796240.513911403,0.0,568916065.9,0.9864815776823116,Bull,1.0,0.0,0.0,0.0,0.6700926295521793,0.0,0.0,0.2862626619268163,0.030126286203316057,0.0,0.0,0.7092429570465308,0.0,0.0,0.24020303880154256,0.050554004151926624,0.0,0.0
2016-03-04,576822289.7653303,1684705.9153302843,0.0,575137583.85,0.9970793328461428,Bull,1.0,0.0,0.0,0.0,0.7015472373902747,0.0,0.0,0.25002483877430126,0.04550725668156682,0.0,0.0,0.7319322177848981,0.0,0.0,0.2007792414805445,0.0672885407345574,0.0,0.0
2016-03-07,580046681.662777,185008.3127769134,0.0,579861673.35,0.9996810458216112,Bull,1.0,0.0,0.0,0.0,0.7247654139575056,0.0,0.0,0.21345247531642822,0.061463156547677304,0.0,0.0,0.7489491633386737,0.0,0.0,0.1715492770187382,0.07950155964258825,0.0,0.0
2016-03-08,578185174.7059517,2502075.6059516687,0.0,575683099.1,0.9956725358666898,Bull,1.0,0.0,0.0,0.0,0.7396776462099725,0.0,0.0,0.1808607425003275,0.07513414715638994,0.0,0.0,0.7489491633386737,0.0,0.0,0.1715492770187382,0.07950155964258825,0.0,0.0
2016-03-09,574849719.3059517,2502075.6059516687,0.0,572347643.7,0.9956474265848602,Bull,1.0,0.0,0.0,0.0,0.7372807700275272,0.0,0.0,0.1827366291955888,0.07563002736174403,0.0,0.0,0.7489491633386737,0.0,0.0,0.1715492770187382,0.07950155964258825,0.0,0.0
2016-03-10,578456410.1559516,2502075.6059516687,0.0,575954334.55,0.9956745649939689,Bull,1.0,0.0,0.0,0.0,0.7384934751346791,0.0,0.0,0.1818439525488898,0.07533713731040002,0.0,0.0,0.7489491633386737,0.0,0.0,0.1715492770187382,0.07950155964258825,0.0,0.0
2016-03-11,579745356.7559516,2502075.6059516687,0.0,577243281.15,0.9956841817242791,Bull,1.0,0.0,0.0,0.0,0.7380891044033483,0.0,0.0,0.18206890106139068,0.07552617625954017,0.0,0.0,0.7489491633386737,0.0,0.0,0.1715492770187382,0.07950155964258825,0.0,0.0
2016-03-14,579796325.4059516,2502075.6059516687,0.0,577294249.8,0.9956845611185966,Bull,1.0,0.0,0.0,0.0,0.7374925142904515,0.0,0.0,0.18213775316023412,0.07605429366791112,0.0,0.0,0.7489491633386737,0.0,0.0,0.1715492770187382,0.07950155964258825,0.0,0.0
2016-03-15,574247272.2059517,2502075.6059516687,0.0,571745196.6,0.9956428602675986,Bull,1.0,0.0,0.0,0.0,0.7353270394788365,0.0,0.0,0.18466644097870025,0.07564937981006183,0.0,0.0,0.7489491633386737,0.0,0.0,0.1715492770187382,0.07950155964258825,0.0,0.0
2016-03-16,576527440.8559517,2502075.6059516687,0.0,574025365.25,0.9956600927750517,Bull,1.0,0.0,0.0,0.0,0.7351984228551302,0.0,0.0,0.18445418632999694,0.07600748358992465,0.0,0.0,0.7489491633386737,0.0,0.0,0.1715492770187382,0.07950155964258825,0.0,0.0
2016-03-17,582607112.7059517,2502075.6059516687,0.0,580105037.1,0.995705380948182,Bull,1.0,0.0,0.0,0.0,0.7349260380830671,0.0,0.0,0.18473718849759677,0.07604215436751811,0.0,0.0,0.7617118725040051,0.0,0.0,0.1440508282172392,0.09423729927875557,0.0,0.0
2016-03-18,584867949.5230228,1627689.7230227897,0.0,583240259.8,0.9972169962051258,Bull,1.0,0.0,0.0,0.0,0.7540648451666256,0.0,0.0,0.15332606287134223,0.08982608816715808,0.0,0.0,0.771283904378004,0.0,0.0,0.11784582308449233,0.11087027253750377,0.0,0.0
2016-03-21,582303506.4457636,213113.7457635356,0.0,582090392.7,0.9996340160356163,Bull,1.0,0.0,0.0,0.0,0.7663920751979302,0.0,0.0,0.12740641122501994,0.10583552961266623,0.0,0.0,0.771283904378004,0.0,0.0,0.11784582308449233,0.11087027253750377,0.0,0.0
2016-03-22,582804245.2457635,213113.7457635356,0.0,582591131.5,0.9996343304848891,Bull,1.0,0.0,0.0,0.0,0.7664002710063423,0.0,0.0,0.12781684520603875,0.10541721427250808,0.0,0.0,0.771283904378004,0.0,0.0,0.11784582308449233,0.11087027253750377,0.0,0.0
2016-03-23,584884454.8957635,213113.7457635356,0.0,584671341.15,0.9996356310310871,Bull,1.0,0.0,0.0,0.0,0.7666191799026522,0.0,0.0,0.12805572001968846,0.10496073110874649,0.0,0.0,0.771283904378004,0.0,0.0,0.11784582308449233,0.11087027253750377,0.0,0.0
2016-03-24,583594876.5957636,213113.7457635356,0.0,583381762.85,0.9996348258795439,Bull,1.0,0.0,0.0,0.0,0.7654571360458082,0.0,0.0,0.1289850254325321,0.10519266440120362,0.0,0.0,0.771283904378004,0.0,0.0,0.11784582308449233,0.11087027253750377,0.0,0.0
2016-03-25,582105192.6957636,213113.7457635356,0.0,581892078.95,0.9996338913508457,Bull,1.0,0.0,0.0,0.0,0.76551246156448,0.0,0.0,0.12915122720661334,0.1049702025797522,0.0,0.0,0.771283904378004,0.0,0.0,0.11784582308449233,0.11087027253750377,0.0,0.0
2016-03-28,580995421.8457636,213113.7457635356,0.0,580782308.1,0.9996331920394717,Bull,1.0,0.0,0.0,0.0,0.765515340356796,0.0,0.0,0.12886504296737072,0.10525280871530483,0.0,0.0,0.771283904378004,0.0,0.0,0.11784582308449233,0.11087027253750377,0.0,0.0
2016-03-29,579994260.9957635,213113.7457635356,0.0,579781147.25,0.9996325588715349,Bull,1.0,0.0,0.0,0.0,0.7666890470373948,0.0,0.0,0.12824920003914198,0.10469431179499815,0.0,0.0,0.771283904378004,0.0,0.0,0.11784582308449233,0.11087027253750377,0.0,0.0
2016-03-30,583200207.9457636,213113.7457635356,0.0,582987094.2,0.9996345787555285,Bull,1.0,0.0,0.0,0.0,0.7652372000551545,0.0,0.0,0.12856099668430276,0.1058363820160712,0.0,0.0,0.771283904378004,0.0,0.0,0.11784582308449233,0.11087027253750377,0.0,0.0
2016-03-31,582918657.2457635,213113.7457635356,0.0,582705543.5,0.9996344022564477,Bull,1.0,0.0,0.0,0.0,0.7653308707048462,0.0,0.0,0.12849785998258056,0.10580567156902104,0.0,0.0,0.771283904378004,0.0,0.0,0.11784582308449233,0.11087027253750377,0.0,0.0
2016-04-01,578184819.9957635,213113.7457635356,0.0,577971706.25,0.9996314089571479,Bull,1.0,0.0,0.0,0.0,0.765173160812561,0.0,0.0,0.12902379554092513,0.1054344526036617,0.0,0.0,0.771283904378004,0.0,0.0,0.11784582308449233,0.11087027253750377,0.0,0.0
2016-04-06,572081230.1457635,213113.7457635356,0.0,571868116.4,0.9996274764237427,Bull,1.0,0.0,0.0,0.0,0.7674443650041352,0.0,0.0,0.12812516149380399,0.10405794992580363,0.0,0.0,0.771283904378004,0.0,0.0,0.11784582308449233,0.11087027253750377,0.0,0.0
2016-04-07,569777999.2957635,213113.7457635356,0.0,569564885.55,0.9996259705604166,Bull,1.0,0.0,0.0,0.0,0.7657740138953874,0.0,0.0,0.12979195421972106,0.10406000244530826,0.0,0.0,0.771283904378004,0.0,0.0,0.11784582308449233,0.11087027253750377,0.0,0.0
2016-04-08,570100123.5457635,213113.7457635356,0.0,569887009.8,0.9996261818986495,Bull,1.0,0.0,0.0,0.0,0.7646900812590425,0.0,0.0,0.1299308611604851,0.10500523947912212,0.0,0.0,0.771283904378004,0.0,0.0,0.11784582308449233,0.11087027253750377,0.0,0.0
2016-04-11,573479880.9957635,213113.7457635356,0.0,573266767.25,0.9996283849654961,Bull,1.0,0.0,0.0,0.0,0.7637296124312258,0.0,0.0,0.131096490899487,0.10480228163478326,0.0,0.0,0.771283904378004,0.0,0.0,0.11784582308449233,0.11087027253750377,0.0,0.0
2016-04-12,574171044.0457635,213113.7457635356,0.0,573957930.3,0.9996288323001071,Bull,1.0,0.0,0.0,0.0,0.7645328597675022,0.0,0.0,0.13050292378385372,0.10459304874875135,0.0,0.0,0.771283904378004,0.0,0.0,0.11784582308449233,0.11087027253750377,0.0,0.0
2016-04-13,581229966.2457635,213113.7457635356,0.0,581016852.5,0.9996333400579119,Bull,1.0,0.0,0.0,0.0,0.7649136801594502,0.0,0.0,0.12959139131541467,0.10512826858304705,0.0,0.0,0.771283904378004,0.0,0.0,0.11784582308449233,0.11087027253750377,0.0,0.0
2016-04-14,581080960.2957635,213113.7457635356,0.0,580867846.55,0.9996332460357072,Bull,1.0,0.0,0.0,0.0,0.7653965229279301,0.0,0.0,0.1287531430420978,0.10548358006567933,0.0,0.0,0.771283904378004,0.0,0.0,0.11784582308449233,0.11087027253750377,0.0,0.0
2016-04-15,582387147.5957636,213113.7457635356,0.0,582174033.85,0.9996340685974213,Bull,1.0,0.0,0.0,0.0,0.7647406638155004,0.0,0.0,0.12964640499314006,0.10524699978878084,0.0,0.0,0.771283904378004,0.0,0.0,0.11784582308449233,0.11087027253750377,0.0,0.0
2016-04-18,582686124.0457635,213113.7457635356,0.0,582473010.3,0.9996342563569494,Bull,1.0,0.0,0.0,0.0,0.7648445568012154,0.0,0.0,0.13025160007764186,0.10453809947809221,0.0,0.0,0.771283904378004,0.0,0.0,0.11784582308449233,0.11087027253750377,0.0,0.0
2016-04-19,580951247.2457635,213113.7457635356,0.0,580738133.5,0.9996331641479833,Bull,1.0,0.0,0.0,0.0,0.7651195097821376,0.0,0.0,0.130073909572024,0.10443974479382177,0.0,0.0,0.771283904378004,0.0,0.0,0.11784582308449233,0.11087027253750377,0.0,0.0
2016-04-20,575488280.9957635,213113.7457635356,0.0,575275167.25,0.9996296818670316,Bull,1.0,0.0,0.0,0.0,0.7652859003279028,0.0,0.0,0.13048745296787861,0.10385632857125024,0.0,0.0,0.771283904378004,0.0,0.0,0.11784582308449233,0.11087027253750377,0.0,0.0
2016-04-21,578044514.5457635,213113.7457635356,0.0,577831400.8,0.999631319491145,Bull,1.0,0.0,0.0,0.0,0.765059246600615,0.0,0.0,0.13067990111342823,0.103892171777102,0.0,0.0,0.771283904378004,0.0,0.0,0.11784582308449233,0.11087027253750377,0.0,0.0
2016-04-22,579132424.5457635,213113.7457635356,0.0,578919310.8,0.9996320120636818,Bull,1.0,0.0,0.0,0.0,0.7649381937947315,0.0,0.0,0.1305849867745127,0.10410883149443761,0.0,0.0,0.771283904378004,0.0,0.0,0.11784582308449233,0.11087027253750377,0.0,0.0
2016-04-25,581094621.4957635,213113.7457635356,0.0,580881507.75,0.9996332546578818,Bull,1.0,0.0,0.0,0.0,0.7647098963094424,0.0,0.0,0.13108398732710577,0.10383937102133359,0.0,0.0,0.771283904378004,0.0,0.0,0.11784582308449233,0.11087027253750377,0.0,0.0
2016-04-26,581171140.1457635,213113.7457635356,0.0,580958026.4,0.9996333029446196,Bull,1.0,0.0,0.0,0.0,0.7649316968638546,0.0,0.0,0.13046552858936333,0.10423607749140155,0.0,0.0,0.771283904378004,0.0,0.0,0.11784582308449233,0.11087027253750377,0.0,0.0
2016-04-27,580166059.6457635,213113.7457635356,0.0,579952945.9,0.9996326676781236,Bull,1.0,0.0,0.0,0.0,0.7643393447916564,0.0,0.0,0.13104110234648944,0.10425222053997771,0.0,0.0,0.771283904378004,0.0,0.0,0.11784582308449233,0.11087027253750377,0.0,0.0
2016-04-28,575153015.7457635,213113.7457635356,0.0,574939902.0,0.9996294660030823,Crisis,1.0,0.0,0.0,0.0,0.7649760845459685,0.0,0.0,0.13115118574522683,0.10350219571188693,0.0,0.0,0.740962928283503,0.0,0.0,0.17588436731336926,0.08315270440312783,0.0,0.0
2016-04-29,576152857.314197,2544074.464196915,0.0,573608782.85,0.995584375861544,Crisis,1.0,0.0,0.0,0.0,0.7552960595883816,0.0,0.0,0.1532586341958322,0.08702968207733029,0.0,0.0,0.7200346787940852,0.0,0.0,0.2176007929035689,0.06236452830234587,0.0,0.0
2016-05-03,579054842.6233279,3346250.4233277896,0.0,575708592.2,0.9942211856684108,Crisis,1.0,0.0,0.0,0.0,0.7288831922860717,0.0,0.0,0.19808918181280918,0.06724881156952996,0.0,0.0,0.7045806156335603,0.0,0.0,0.2486459881396803,0.046773396226759405,0.0,0.0
2016-05-04,578658404.0169486,757148.4169485429,0.0,577901255.6,0.998691545112466,Crisis,1.0,0.0,0.0,0.0,0.7105626614004158,0.0,0.0,0.23671772335650373,0.051411160355546576,0.0,0.0,0.7045806156335603,0.0,0.0,0.2486459881396803,0.046773396226759405,0.0,0.0
2016-05-05,572749800.1169486,757148.4169485429,0.0,571992651.7,0.998678046824645,Crisis,1.0,0.0,0.0,0.0,0.7097883781312385,0.0,0.0,0.23686171513687015,0.05202795355653621,0.0,0.0,0.7045806156335603,0.0,0.0,0.2486459881396803,0.046773396226759405,0.0,0.0
2016-05-06,569345790.6169486,757148.4169485429,0.0,568588642.2,0.998670143119653,Crisis,1.0,0.0,0.0,0.0,0.708344469822088,0.0,0.0,0.23842136402362135,0.05190430927394354,0.0,0.0,0.6909354617251703,0.0,0.0,0.2739844911047602,0.03508004717006955,0.0,0.0
2016-05-09,571151519.2284307,177343.4784307927,0.0,570974175.75,0.999689498368716,Crisis,1.0,0.0,0.0,0.0,0.694384874062431,0.0,0.0,0.26610749491714625,0.0391971293891388,0.0,0.0,0.6909354617251703,0.0,0.0,0.2739844911047602,0.03508004717006955,0.0,0.0
2016-05-10,572809496.1784308,177343.4784307927,0.0,572632152.7,0.9996903971047724,Crisis,1.0,0.0,0.0,0.0,0.6917663819186537,0.0,0.0,0.2686439401347942,0.03928007505132426,0.0,0.0,0.6909354617251703,0.0,0.0,0.2739844911047602,0.03508004717006955,0.0,0.0
2016-05-11,571164638.0284307,177343.4784307927,0.0,570987294.55,0.9996895055004754,Crisis,1.0,0.0,0.0,0.0,0.6906709874611736,0.0,0.0,0.2697238059621113,0.039294712077190645,0.0,0.0,0.6909354617251703,0.0,0.0,0.2739844911047602,0.03508004717006955,0.0,0.0
2016-05-12,573797337.1784308,177343.4784307927,0.0,573619993.7,0.9996909301125327,Crisis,1.0,0.0,0.0,0.0,0.6911516802258656,0.0,0.0,0.26945750700115306,0.03908174288551397,0.0,0.0,0.6909354617251703,0.0,0.0,0.2739844911047602,0.03508004717006955,0.0,0.0
2016-05-13,575016667.4784307,177343.4784307927,0.0,574839324.0,0.999691585499237,Crisis,0.5,0.0,0.0,0.0,0.6920190257179395,0.0,0.0,0.2690975909942719,0.038574968787025696,0.0,0.0,0.34546773086258514,0.0,0.0,0.1369922455523801,0.017540023585034776,0.0,0.0
2016-05-16,570479001.812247,104408143.71224706,0.0,466070858.1,0.8169816182881885,Crisis,0.5,0.0,0.0,0.0,0.5524223627843868,0.0,0.0,0.23384401454955725,0.030715240954244407,0.0,0.0,0.34546773086258514,0.0,0.0,0.1369922455523801,0.017540023585034776,0.0,0.0
2016-05-17,572009476.8787994,217856048.7787994,0.0,354153428.1,0.6191390919473175,Crisis,0.5,0.0,0.0,0.0,0.42369434055959176,0.0,0.0,0.17287388408243526,0.02257086730529047,0.0,0.0,0.34546773086258514,0.0,0.0,0.1369922455523801,0.017540023585034776,0.0,0.0
2016-05-18,574398936.2483041,268388212.04830414,0.0,306010724.2,0.5327494618961413,Crisis,0.5,0.0,0.0,0.0,0.36745389115546634,0.0,0.0,0.14650897606053576,0.018786594680139188,0.0,0.0,0.34546773086258514,0.0,0.0,0.1369922455523801,0.017540023585034776,0.0,0.0
2016-05-19,570349055.4037361,281767480.20373607,0.0,288581575.2,0.5059736182007353,Crisis,0.5,0.0,0.0,0.0,0.3491571929737529,0.0,0.0,0.13882779194567124,0.017988633281311107,0.0,0.0,0.34546773086258514,0.0,0.0,0.1369922455523801,0.017540023585034776,0.0,0.0
2016-05-20,570489766.6037362,281767480.20373607,0.0,288722286.40000004,0.5060954697204014,Crisis,0.5,0.0,0.0,0.0,0.349031477962178,0.0,0.0,0.13897427200490078,0.01808971975332259,0.0,0.0,0.34546773086258514,0.0,0.0,0.1369922455523801,0.017540023585034776,0.0,0.0
2016-05-23,574565067.103736,281767480.20373607,0.0,292797586.9,0.509598657600143,Bull,1.0,0.0,0.0,0.0,0.35265490107392305,0.0,0.0,0.13838363059695835,0.01856012592926163,0.0,0.0,0.7182015962938777,0.0,0.0,0.2492562557400002,0.03254214796612208,0.0,0.0
2016-05-24,573200238.1420177,167109429.8920177,0.0,406090808.25,0.7084623857908897,Bear,1.0,0.0,0.0,0.0,0.500437524554777,0.0,0.0,0.1840499933181494,0.023974867917963327,0.0,0.0,0.7182015962938777,0.0,0.0,0.2492562557400002,0.03254214796612208,0.0,0.0
2016-05-25,575301058.0180451,52208350.61804507,0.0,523092707.4,0.9092503830987088,Bull,1.0,0.0,0.0,0.0,0.6519861247817049,0.0,0.0,0.22730429255685164,0.029959965760152262,0.0,0.0,0.7182015962938777,0.0,0.0,0.2492562557400002,0.03254214796612208,0.0,0.0
2016-05-26,575422665.4890629,13232242.839062944,0.0,562190422.65,0.9770043072116101,Bull,1.0,0.0,0.0,0.0,0.7038385815160386,0.0,0.0,0.24130349450518673,0.03186223119038484,0.0,0.0,0.7182015962938777,0.0,0.0,0.2492562557400002,0.03254214796612208,0.0,0.0
2016-05-27,580143179.539063,13232242.839062944,0.0,566910936.7,0.9771914187639399,Bull,1.0,0.0,0.0,0.0,0.7042906839388057,0.0,0.0,0.2410689376907225,0.03183179713441164,0.0,0.0,0.7182015962938777,0.0,0.0,0.2492562557400002,0.03254214796612208,0.0,0.0
2016-05-30,582939071.5890629,13232242.839062944,0.0,569706828.75,0.9773008132685419,Bull,1.0,0.0,0.0,0.0,0.7051209959722178,0.0,0.0,0.24022236083484944,0.03195745646147476,0.0,0.0,0.7182015962938777,0.0,0.0,0.2492562557400002,0.03254214796612208,0.0,0.0
2016-05-31,585524140.439063,13232242.839062944,0.0,572291897.6,0.9774010293936974,Bull,1.0,0.0,0.0,0.0,0.7063178424887521,0.0,0.0,0.23926682150960812,0.03181636539533727,0.0,0.0,0.7386511972204082,0.0,0.0,0.21238059824682848,0.04896820453276324,0.0,0.0
2016-06-01,587531191.8708341,3145831.5708342018,0.0,584385360.3,0.994645677345543,Bull,1.0,0.0,0.0,0.0,0.7311856225574561,0.0,0.0,0.21857426767604254,0.04488578711204445,0.0,0.0,0.7539883979153063,0.0,0.0,0.18408219789266178,0.06192940419203201,0.0,0.0
2016-06-02,586654330.0681963,572253.668196328,0.0,586082076.4,0.9990245470989197,Bull,1.0,0.0,0.0,0.0,0.7483251275908369,0.0,0.0,0.19304246844446749,0.05765695106361528,0.0,0.0,0.7539883979153063,0.0,0.0,0.18408219789266178,0.06192940419203201,0.0,0.0
2016-06-03,589878279.2181964,572253.668196328,0.0,589306025.5500001,0.9990298783861735,Bull,1.0,0.0,0.0,0.0,0.7476906526114968,0.0,0.0,0.19386236793048608,0.05747685784419052,0.0,0.0,0.7539883979153063,0.0,0.0,0.18408219789266178,0.06192940419203201,0.0,0.0
2016-06-04,587706174.4681963,572253.668196328,0.0,587133920.8,0.9990262929112254,Bull,1.0,0.0,0.0,0.0,0.7469570507698587,0.0,0.0,0.1942896041603169,0.057779637981049674,0.0,0.0,0.7539883979153063,0.0,0.0,0.18408219789266178,0.06192940419203201,0.0,0.0
2016-06-06,589045263.2681963,572253.668196328,0.0,588473009.6,0.9990285064597222,Bull,1.0,0.0,0.0,0.0,0.7464799176218768,0.0,0.0,0.19481015663095594,0.057738432206889276,0.0,0.0,0.7539883979153063,0.0,0.0,0.18408219789266178,0.06192940419203201,0.0,0.0
2016-06-07,596594761.9181963,572253.668196328,0.0,596022508.25,0.999040800045987,Bull,1.0,0.0,0.0,0.0,0.7474048327483312,0.0,0.0,0.1938716317724885,0.057764335525167305,0.0,0.0,0.7539883979153063,0.0,0.0,0.18408219789266178,0.06192940419203201,0.0,0.0
2016-06-08,599708601.0681963,572253.668196328,0.0,599136347.4,0.9990457804554128,Bull,1.0,0.0,0.0,0.0,0.7473012669848915,0.0,0.0,0.19397020451733016,0.05777430895319109,0.0,0.0,0.7539883979153063,0.0,0.0,0.18408219789266178,0.06192940419203201,0.0,0.0
2016-06-13,589218956.1681963,572253.668196328,0.0,588646702.5,0.999028792841429,Bull,1.0,0.0,0.0,0.0,0.7468854284015544,0.0,0.0,0.19469231055637232,0.05745105388350225,0.0,0.0,0.7539883979153063,0.0,0.0,0.18408219789266178,0.06192940419203201,0.0,0.0
2016-06-14,593001723.9681964,572253.668196328,0.0,592429470.3000001,0.9990349881879483,Bull,1.0,0.0,0.0,0.0,0.7466484537973217,0.0,0.0,0.19494378401874582,0.05744275037188069,0.0,0.0,0.7539883979153063,0.0,0.0,0.18408219789266178,0.06192940419203201,0.0,0.0
2016-06-15,593581218.3681964,572253.668196328,0.0,593008964.7,0.9990359302981832,Bull,1.0,0.0,0.0,0.0,0.7465253296224277,0.0,0.0,0.1950344728195039,0.05747612785625151,0.0,0.0,0.7539883979153063,0.0,0.0,0.18408219789266178,0.06192940419203201,0.0,0.0
2016-06-16,584223407.0181963,572253.668196328,0.0,583651153.35,0.9990204882904007,Bull,1.0,0.0,0.0,0.0,0.7455940623351862,0.0,0.0,0.19584768194067972,0.057578744014534625,0.0,0.0,0.7539883979153063,0.0,0.0,0.18408219789266178,0.06192940419203201,0.0,0.0
2016-06-17,591707918.3681964,572253.668196328,0.0,591135664.7,0.9990328781305234,Bull,1.0,0.0,0.0,0.0,0.746979888183556,0.0,0.0,0.19457437770565447,0.057478612241312926,0.0,0.0,0.7539883979153063,0.0,0.0,0.18408219789266178,0.06192940419203201,0.0,0.0
2016-06-20,593889312.7681963,572253.668196328,0.0,593317059.1,0.9990364304325852,Bull,1.0,0.0,0.0,0.0,0.7464265639564126,0.0,0.0,0.19494002924613632,0.0576698372300363,0.0,0.0,0.7539883979153063,0.0,0.0,0.18408219789266178,0.06192940419203201,0.0,0.0
2016-06-21,597084480.2181963,572253.668196328,0.0,596512226.55,0.9990415867650969,Bull,1.0,0.0,0.0,0.0,0.7481306102392088,0.0,0.0,0.19332741651200963,0.05758356001387858,0.0,0.0,0.7539883979153063,0.0,0.0,0.18408219789266178,0.06192940419203201,0.0,0.0
2016-06-22,596444847.0181963,572253.668196328,0.0,595872593.35,0.9990405589535106,Bull,1.0,0.0,0.0,0.0,0.746808603640113,0.0,0.0,0.19440858711360864,0.05782336819978902,0.0,0.0,0.7539883979153063,0.0,0.0,0.18408219789266178,0.06192940419203201,0.0,0.0
2016-06-23,594755251.9181963,572253.668196328,0.0,594182998.25,0.9990378333501878,Bull,1.0,0.0,0.0,0.0,0.7469327875915956,0.0,0.0,0.19425133216964088,0.05785371358895145,0.0,0.0,0.7539883979153063,0.0,0.0,0.18408219789266178,0.06192940419203201,0.0,0.0
2016-06-24,583131422.4181963,572253.668196328,0.0,582559168.75,0.9990186540354433,Bull,1.0,0.0,0.0,0.0,0.7452046863603212,0.0,0.0,0.19635505067652664,0.05745891699859537,0.0,0.0,0.7539883979153063,0.0,0.0,0.18408219789266178,0.06192940419203201,0.0,0.0
2016-06-27,582931880.5681963,572253.668196328,0.0,582359626.9,0.9990183181135358,Bull,1.0,0.0,0.0,0.0,0.7447024109864482,0.0,0.0,0.19624522832495314,0.058070678802134575,0.0,0.0,0.7539883979153063,0.0,0.0,0.18408219789266178,0.06192940419203201,0.0,0.0
2016-06-28,585944030.5681963,572253.668196328,0.0,585371776.9,0.9990233646247042,Bull,1.0,0.0,0.0,0.0,0.7447294521916155,0.0,0.0,0.19629519885792812,0.05799871357516066,0.0,0.0,0.7539883979153063,0.0,0.0,0.18408219789266178,0.06192940419203201,0.0,0.0
2016-06-29,592211650.9181963,572253.668196328,0.0,591639397.25,0.9990337007600085,Bull,1.0,0.0,0.0,0.0,0.7441037280620311,0.0,0.0,0.1969174362226598,0.05801253647531774,0.0,0.0,0.7539883979153063,0.0,0.0,0.18408219789266178,0.06192940419203201,0.0,0.0
2016-06-30,596316658.3681962,572253.668196328,1903999.9999999998,593840404.6999999,0.9958474182576544,Bull,1.0,0.0,0.0,0.0,0.7406401422837647,0.0,0.0,0.19692624439059775,0.058281031583292016,0.0,0.0,0.7539883979153063,0.0,0.0,0.18408219789266178,0.06192940419203201,0.0,0.0
2016-07-01,601261909.7181963,572253.668196328,1903999.9999999998,598785656.05,0.995881572359445,Bull,1.0,0.0,0.0,0.0,0.7393012909438049,0.0,0.0,0.19807208485203637,0.05850819656360375,0.0,0.0,0.7539883979153063,0.0,0.0,0.18408219789266178,0.06192940419203201,0.0,0.0
2016-07-04,601502959.7181963,572253.668196328,1903999.9999999998,599026706.05,0.9958832228034981,Bull,1.0,0.0,0.0,0.0,0.7396309508741749,0.0,0.0,0.19772338286700897,0.05852888906231427,0.0,0.0,0.7539883979153063,0.0,0.0,0.18408219789266178,0.06192940419203201,0.0,0.0
2016-07-05,600125183.9681963,572253.668196328,1903999.9999999998,597648930.3,0.9958737714491123,Bull,1.0,0.0,0.0,0.0,0.7402386071562402,0.0,0.0,0.1971488668708662,0.05848629742200601,0.0,0.0,0.7539883979153063,0.0,0.0,0.18408219789266178,0.06192940419203201,0.0,0.0
2016-07-06,593820282.2681963,572253.668196328,1903999.9999999998,591344028.6,0.9958299611142654,Bull,1.0,0.0,0.0,0.0,0.7390972348124963,0.0,0.0,0.1986985010840532,0.058034225217715674,0.0,0.0,0.7539883979153063,0.0,0.0,0.18408219789266178,0.06192940419203201,0.0,0.0
2016-07-07,595166163.6181964,572253.668196328,1903999.9999999998,592689909.95,0.9958393910481361,Bull,1.0,0.0,0.0,0.0,0.7372885704428241,0.0,0.0,0.19993408105830351,0.0586167395470084,0.0,0.0,0.7539883979153063,0.0,0.0,0.18408219789266178,0.06192940419203201,0.0,0.0
2016-07-11,604973388.3449104,5914085.344910328,1903999.9999999998,597155303.0,0.9870769764496597,Bull,1.0,0.0,0.0,0.0,0.735847082824408,0.0,0.0,0.1899858774192426,0.06124401620600922,0.0,0.0,0.7539883979153063,0.0,0.0,0.18408219789266178,0.06192940419203201,0.0,0.0
2016-07-12,606670406.0721558,3180666.972155828,3655250.0,599834489.1,0.9887320744448135,Bull,1.0,0.0,0.0,0.0,0.7448134680336745,0.0,0.0,0.18185327468714244,0.06206533172399648,0.0,0.0,0.7539883979153063,0.0,0.0,0.18408219789266178,0.06192940419203201,0.0,0.0
2016-07-13,609497971.6721559,3180666.972155828,3655250.0,602662054.7,0.988784348283553,Bull,1.0,0.0,0.0,0.0,0.7469445771098996,0.0,0.0,0.18001667782254313,0.06182309335111018,0.0,0.0,0.7539883979153063,0.0,0.0,0.18408219789266178,0.06192940419203201,0.0,0.0
2016-07-14,610942296.5721558,3180666.972155828,3655250.0,604106379.6,0.9888108631363217,Bull,1.0,0.0,0.0,0.0,0.7499426413438496,0.0,0.0,0.17714569871365568,0.06172252307881643,0.0,0.0,0.7539883979153063,0.0,0.0,0.18408219789266178,0.06192940419203201,0.0,0.0
2016-07-15,617484948.2721559,3180666.972155828,3655250.0,610649031.3000001,0.988929419265548,Bull,1.0,0.0,0.0,0.0,0.7495031783285158,0.0,0.0,0.17763607081747892,0.06179017011955317,0.0,0.0,0.7539883979153063,0.0,0.0,0.18408219789266178,0.06192940419203201,0.0,0.0
2016-07-18,621405361.1721557,3180666.972155828,3655250.0,614569444.1999999,0.9889992629621649,Bull,1.0,0.0,0.0,0.0,0.7492271925716718,0.0,0.0,0.1777891001641883,0.061982970226304945,0.0,0.0,0.7539883979153063,0.0,0.0,0.18408219789266178,0.06192940419203201,0.0,0.0
2016-07-19,622504239.4721558,3180666.972155828,3655250.0,615668322.5,0.9890186820607805,Bull,1.0,0.0,0.0,0.0,0.7506777349761359,0.0,0.0,0.17637791526223187,0.06196303182241269,0.0,0.0,0.7654912984364797,0.0,0.0,0.15653558476048135,0.07797311680303899,0.0,0.0
2016-07-20,620816494.5998825,840387.3498824555,3655250.0,616320857.25,0.9927585085303188,Bull,1.0,0.0,0.0,0.0,0.7575342493970021,0.0,0.0,0.16121076174772586,0.07401349738559072,0.0,0.0,0.7654912984364797,0.0,0.0,0.15653558476048135,0.07797311680303899,0.0,0.0
2016-07-21,622307248.9998825,2744387.3498824555,3380354.4,616182507.25,0.9901580099545271,Bull,1.0,1903999.9999999998,0.0,0.0,0.7566395988584875,0.0,0.0,0.15930876614297437,0.07420964495306517,0.0,0.0,0.7654912984364797,0.0,0.0,0.15653558476048135,0.07797311680303899,0.0,0.0
2016-07-22,619605785.9498824,2744387.3498824555,3380354.4,613481044.1999999,0.9901150991666533,Bull,1.0,0.0,0.0,0.0,0.7582660699007779,0.0,0.0,0.1575837447197398,0.0742652845461356,0.0,0.0,0.7741184738273598,0.0,0.0,0.13028725723288617,0.09559426893975412,0.0,0.0
2016-07-25,619028549.0010811,403508.20108120795,3380354.4,615244686.4,0.9938874182665935,Bull,1.0,0.0,0.0,0.0,0.7672776759108253,0.0,0.0,0.13665750979742336,0.08995223255834482,0.0,0.0,0.7780115892474873,0.0,0.0,0.10521544292466464,0.11677296782784818,0.0,0.0
2016-07-26,618661597.6404932,2312751.24049321,3380354.4,612968492.0,0.9907977064323921,Bull,1.0,0.0,0.0,0.0,0.7667910757823805,0.0,0.0,0.11328729675044023,0.11071933389957131,0.0,0.0,0.7780115892474873,0.0,0.0,0.10521544292466464,0.11677296782784818,0.0,0.0
2016-07-27,619663442.0404931,2312751.24049321,3380354.4,613970336.4,0.9908125842929408,Bull,1.0,0.0,0.0,0.0,0.7661835509233975,0.0,0.0,0.11361086555014091,0.11101816781940241,0.0,0.0,0.7780115892474873,0.0,0.0,0.10521544292466464,0.11677296782784818,0.0,0.0
2016-07-28,621045044.5904931,2312751.24049321,4219304.4,614512988.9499999,0.9894821548011863,Bull,1.0,0.0,0.0,0.0,0.7665356049397377,0.0,0.0,0.11320837451711672,0.10973817534433197,0.0,0.0,0.7780115892474873,0.0,0.0,0.10521544292466464,0.11677296782784818,0.0,0.0
2016-07-29,618813293.0904931,2312751.24049321,4219304.4,612281237.4499999,0.9894442221693872,Bull,1.0,0.0,0.0,0.0,0.7683129835099922,0.0,0.0,0.11179478652518757,0.10933645213420748,0.0,0.0,0.7780115892474873,0.0,0.0,0.10521544292466464,0.11677296782784818,0.0,0.0
2016-08-01,622329215.7904931,2312751.24049321,4219304.4,615797160.15,0.9895038582879384,Bull,1.0,0.0,0.0,0.0,0.76714486165265,0.0,0.0,0.11245077078875115,0.10990822584653735,0.0,0.0,0.7780115892474873,0.0,0.0,0.10521544292466464,0.11677296782784818,0.0,0.0
2016-08-02,621135476.2904931,2312751.24049321,4219304.4,614603420.65,0.9894836861041918,Bull,1.0,0.0,0.0,0.0,0.766718113565411,0.0,0.0,0.11264611774851688,0.11011945479026392,0.0,0.0,0.7780115892474873,0.0,0.0,0.10521544292466464,0.11677296782784818,0.0,0.0
2016-08-03,618975661.3904932,2312751.24049321,4219304.4,612443605.75,0.9894469911372294,Bull,1.0,0.0,0.0,0.0,0.766891309883886,0.0,0.0,0.11292899601734421,0.10962668523599918,0.0,0.0,0.7780115892474873,0.0,0.0,0.10521544292466464,0.11677296782784818,0.0,0.0
2016-08-04,618658298.3404931,2312751.24049321,4219304.4,612126242.6999999,0.9894415775913539,Bull,1.0,0.0,0.0,0.0,0.7668204628832166,0.0,0.0,0.11269888432277492,0.10992223038536249,0.0,0.0,0.7780115892474873,0.0,0.0,0.10521544292466464,0.11677296782784818,0.0,0.0
2016-08-05,623401576.3404932,4064008.24049321,4108108.75,615229459.35,0.9868910870606626,Bull,1.0,1751257.0,77686.0,7.0,0.7645825378690811,0.0,0.0,0.11211441012113484,0.1101941390704467,0.0,0.0,0.7780115892474873,0.0,0.0,0.10521544292466464,0.11677296782784818,0.0,0.0
2016-08-08,629154677.1217942,1673172.0217942102,4108108.75,623373396.35,0.9908110342622868,Bull,1.0,0.0,0.0,0.0,0.7679277670798763,0.0,0.0,0.11299081543065184,0.10989245175175855,0.0,0.0,0.7780115892474873,0.0,0.0,0.10521544292466464,0.11677296782784818,0.0,0.0
2016-08-09,631211403.5717943,1673172.0217942102,4108108.75,625430122.8000001,0.9908409754020918,Bull,1.0,0.0,0.0,0.0,0.7677930405845035,0.0,0.0,0.11296627341728574,0.11008166140030258,0.0,0.0,0.7780115892474873,0.0,0.0,0.10521544292466464,0.11677296782784818,0.0,0.0
2016-08-10,640364132.3717942,1673173.0217942102,8385033.85,630305925.5,0.9842929883743794,Bull,1.0,1.0,997949.0,1.0,0.7636610184407943,0.0,0.0,0.11181544433913994,0.10881652559444514,0.0,0.0,0.7780115892474873,0.0,0.0,0.10521544292466464,0.11677296782784818,0.0,0.0
2016-08-11,639073587.6717942,1673173.0217942102,8385033.85,629015380.8,0.9842612696474639,Bull,1.0,0.0,0.0,0.0,0.764306865785932,0.0,0.0,0.11192200926434384,0.10803239459718818,0.0,0.0,0.7780115892474873,0.0,0.0,0.10521544292466464,0.11677296782784818,0.0,0.0
2016-08-12,639180334.7217942,1673173.0217942102,8385033.85,629122127.85,0.9842638981123033,Bull,1.0,0.0,0.0,0.0,0.7640380989858829,0.0,0.0,0.11182540531556008,0.1084003938108603,0.0,0.0,0.7780115892474873,0.0,0.0,0.10521544292466464,0.11677296782784818,0.0,0.0
2016-08-15,634835497.5217942,1673173.0217942102,14251533.85,618910790.65,0.974915223023981,Bull,1.0,0.0,0.0,0.0,0.7536645989673482,0.0,0.0,0.11187512399235641,0.10937550006427649,0.0,0.0,0.7780115892474873,0.0,0.0,0.10521544292466464,0.11677296782784818,0.0,0.0
2016-08-16,635782505.9621204,1250368.4621204599,14251533.85,620280603.65,0.9756176016692035,Bull,1.0,0.0,0.0,0.0,0.7552577322387175,0.0,0.0,0.10626715797685908,0.11409271145362686,0.0,0.0,0.7780115892474873,0.0,0.0,0.10521544292466464,0.11677296782784818,0.0,0.0
2016-08-17,636655703.7577567,366518.9077567097,14251533.85,622037651.0,0.977039312344999,Bull,1.0,0.0,0.0,0.0,0.7555931693702965,0.0,0.0,0.10536652637219494,0.11607961660250751,0.0,0.0,0.7780115892474873,0.0,0.0,0.10521544292466464,0.11677296782784818,0.0,0.0
2016-08-18,636999749.1780567,86139.38805670972,19187513.29,617726096.5,0.9697430765036781,Bull,1.0,0.0,485763.0,0.0,0.7484024869949233,0.0,0.0,0.10513316541554922,0.11620742409320554,0.0,0.0,0.7780115892474873,0.0,0.0,0.10521544292466464,0.11677296782784818,0.0,0.0
2016-08-19,629815537.7780567,86139.38805670972,19187513.29,610541885.1,0.9693979403143137,Bull,1.0,0.0,0.0,0.0,0.7474796299260215,0.0,0.0,0.10556233692575055,0.1163559734625417,0.0,0.0,0.7780115892474873,0.0,0.0,0.10521544292466464,0.11677296782784818,0.0,0.0
2016-08-22,620860480.4280567,86139.38805670972,19187513.29,601586827.75,0.9689565477500383,Bull,1.0,0.0,0.0,0.0,0.7444673035580003,0.0,0.0,0.10730784467722307,0.11718139951481485,0.0,0.0,0.7780115892474873,0.0,0.0,0.10521544292466464,0.11677296782784818,0.0,0.0
2016-08-23,624282125.2052594,626179.7652594598,19187513.29,604468432.15,0.9682616364376204,Bull,1.0,0.0,0.0,0.0,0.7442500968568269,0.0,0.0,0.10595145580734426,0.11806008377344947,0.0,0.0,0.7780115892474873,0.0,0.0,0.10521544292466464,0.11677296782784818,0.0,0.0
2016-08-24,620005441.4469774,1367253.6069774597,19187513.29,599450674.55,0.9668474411305061,Bull,1.0,0.0,0.0,0.0,0.7418210289842001,0.0,0.0,0.10738744460792601,0.1176389675383801,0.0,0.0,0.7780115892474873,0.0,0.0,0.10521544292466464,0.11677296782784818,0.0,0.0
2016-08-25,626586002.1380463,4105701.3480462097,17547458.94,604932841.85,0.965442636423155,Bull,1.0,1640054.3499999999,0.0,0.0,0.7428904256744738,0.0,0.0,0.10536159405848844,0.11719061669019264,0.0,0.0,0.7780115892474873,0.0,0.0,0.10521544292466464,0.11677296782784818,0.0,0.0
2016-08-26,627620408.8903933,2612861.65039321,15918354.54,609089192.7,0.9704738470452935,Bull,1.0,1629104.4,0.0,0.0,0.7484405956945771,0.0,0.0,0.10509202547541566,0.1169412258753006,0.0,0.0,0.7780115892474873,0.0,0.0,0.10521544292466464,0.11677296782784818,0.0,0.0
2016-08-29,627797089.1410882,47129.751088209916,15918354.54,611831604.85,0.9745690374051731,Bull,1.0,0.0,0.0,0.0,0.7532924459669155,0.0,0.0,0.10456324365856905,0.1167133477796886,0.0,0.0,0.7780115892474873,0.0,0.0,0.10521544292466464,0.11677296782784818,0.0,0.0
2016-08-30,627066009.5410882,886079.7510882099,15079404.54,611100525.25,0.9745393881215594,Bull,1.0,838950.0,0.0,0.0,0.7533392307385888,0.0,0.0,0.10443414090954485,0.11676601647342566,0.0,0.0,0.7780115892474873,0.0,0.0,0.10521544292466464,0.11677296782784818,0.0,0.0
2016-08-31,621752933.1894932,507567.3994932099,15079404.54,606165961.25,0.974930601678814,Bull,1.0,0.0,0.0,0.0,0.7535822289513853,0.0,0.0,0.10459395770985476,0.11675441501757393,0.0,0.0,0.7780115892474873,0.0,0.0,0.10521544292466464,0.11677296782784818,0.0,0.0
2016-09-01,618092986.0089437,433667.3689437099,15079404.54,602579914.1,0.974901718252601,Bull,1.0,0.0,0.0,0.0,0.7533617508050192,0.0,0.0,0.10468651394640437,0.11685345350117742,0.0,0.0,0.7780115892474873,0.0,0.0,0.10521544292466464,0.11677296782784818,0.0,0.0
2016-09-02,619335412.5916506,6226868.15165071,9212904.54,603895639.9,0.9750704184231257,Bull,1.0,5866500.0,0.0,0.0,0.7530107764199356,0.0,0.0,0.10527171331471666,0.1167879286884735,0.0,0.0,0.7780115892474873,0.0,0.0,0.10521544292466464,0.11677296782784818,0.0,0.0
2016-09-05,627176007.1328832,1603610.1428832114,9212904.54,616359492.45,0.9827536216949202,Bull,1.0,0.0,0.0,0.0,0.7607955135772645,0.0,0.0,0.10471223269560678,0.11724587542204878,0.0,0.0,0.7780115892474873,0.0,0.0,0.10521544292466464,0.11677296782784818,0.0,0.0
2016-09-06,629617169.0550413,1738762.3650413363,9212904.54,618665502.15,0.9826058318557639,Bull,1.0,0.0,0.0,0.0,0.7608246339103933,0.0,0.0,0.1044137663823029,0.11736743156306773,0.0,0.0,0.7780115892474873,0.0,0.0,0.10521544292466464,0.11677296782784818,0.0,0.0
2016-09-07,632431736.2082329,1649002.3682329613,9212904.54,621569829.3,0.9828251710242185,Bull,1.0,0.0,0.0,0.0,0.7597239382398744,0.0,0.0,0.10494776937972389,0.11815346340462042,0.0,0.0,0.7780115892474873,0.0,0.0,0.10521544292466464,0.11677296782784818,0.0,0.0
2016-09-08,635623463.7130173,392708.0230174612,9212904.54,626017851.15,0.9848878886457308,Bull,1.0,0.0,0.0,0.0,0.7646055863183624,0.0,0.0,0.1041449911450843,0.11613731118228417,0.0,0.0,0.7780115892474873,0.0,0.0,0.10521544292466464,0.11677296782784818,0.0,0.0
2016-09-09,629432658.2130175,5328687.463017462,4276925.1,619827045.65,0.9847392529801549,Bull,1.0,4935979.44,0.0,0.0,0.7649454462959456,0.0,0.0,0.10447980279050595,0.11531400389370344,0.0,0.0,0.7780115892474873,0.0,0.0,0.10521544292466464,0.11677296782784818,0.0,0.0
2016-09-10,623872888.7610065,105217.01100646239,4276925.1,619490746.65,0.9929759055250673,Bull,1.0,0.0,0.0,0.0,0.7732072595877644,0.0,0.0,0.10507957819772056,0.11468906773958236,0.0,0.0,0.7780115892474873,0.0,0.0,0.10521544292466464,0.11677296782784818,0.0,0.0
2016-09-12,619174257.4610065,105217.01100646239,4276925.1,614792115.35,0.9929226028727746,Bull,1.0,0.0,0.0,0.0,0.7729566589420754,0.0,0.0,0.10532236961435187,0.11464357431634721,0.0,0.0,0.7780115892474873,0.0,0.0,0.10521544292466464,0.11677296782784818,0.0,0.0
2016-09-13,619403645.4110065,105217.01100646239,4276925.1,615021503.3,0.9929252238932196,Bull,1.0,0.0,0.0,0.0,0.7733295676394615,0.0,0.0,0.10499453866928175,0.11460111758447628,0.0,0.0,0.7780115892474873,0.0,0.0,0.10521544292466464,0.11677296782784818,0.0,0.0
2016-09-14,614978364.3610065,4382142.111006462,0.0,610596222.25,0.9928743149922684,Bull,1.0,4276925.1,0.0,0.0,0.7727190089748318,0.0,0.0,0.1054001307303713,0.11475517528706528,0.0,0.0,0.7780115892474873,0.0,0.0,0.10521544292466464,0.11677296782784818,0.0,0.0
2016-09-19,627383343.1134993,557064.513499212,0.0,626826278.6,0.9991120827168686,Bull,1.0,0.0,0.0,0.0,0.7772947496181415,0.0,0.0,0.1051406619637758,0.11667667113495118,0.0,0.0,0.7780115892474873,0.0,0.0,0.10521544292466464,0.11677296782784818,0.0,0.0
2016-09-20,625299189.3134992,557064.513499212,0.0,624742124.8,0.9991091232436894,Bull,1.0,0.0,0.0,0.0,0.7780589406075163,0.0,0.0,0.1041495033305556,0.11690067930561754,0.0,0.0,0.7780115892474873,0.0,0.0,0.10521544292466464,0.11677296782784818,0.0,0.0
2016-09-21,626627760.5634992,557064.513499212,0.0,626070696.05,0.9991110120735821,Bull,1.0,0.0,0.0,0.0,0.7778127250725424,0.0,0.0,0.10406959937644139,0.11722868762459826,0.0,0.0,0.7780115892474873,0.0,0.0,0.10521544292466464,0.11677296782784818,0.0,0.0
2016-09-22,626284307.3634993,557064.513499212,0.0,625727242.85,0.9991105245541847,Bull,1.0,0.0,0.0,0.0,0.7772026811578522,0.0,0.0,0.1043679351877203,0.11753990820861224,0.0,0.0,0.7780115892474873,0.0,0.0,0.10521544292466464,0.11677296782784818,0.0,0.0
2016-09-23,629798779.4634993,557064.513499212,0.0,629241714.95,0.9991154881024479,Bull,1.0,0.0,0.0,0.0,0.7774758080146112,0.0,0.0,0.10393716554319518,0.1177025145446415,0.0,0.0,0.7780115892474873,0.0,0.0,0.10521544292466464,0.11677296782784818,0.0,0.0
2016-09-26,626282969.7634993,557064.513499212,0.0,625725905.25,0.9991105226544647,Bull,1.0,0.0,0.0,0.0,0.7775249028947493,0.0,0.0,0.10470394879931441,0.11688167096040086,0.0,0.0,0.7780115892474873,0.0,0.0,0.10521544292466464,0.11677296782784818,0.0,0.0
2016-09-29,628788493.9634993,557064.513499212,0.0,628231429.45,0.9991140669416708,Bull,1.0,0.0,0.0,0.0,0.7769107325274273,0.0,0.0,0.10431170517539312,0.11789162923885042,0.0,0.0,0.7780115892474873,0.0,0.0,0.10521544292466464,0.11677296782784818,0.0,0.0
2016-09-30,621063714.5134993,557064.513499212,0.0,620506650.0,0.999103047722027,Bull,1.0,0.0,0.0,0.0,0.7765929464705775,0.0,0.0,0.10472919038741593,0.11778091086403349,0.0,0.0,0.7780115892474873,0.0,0.0,0.10521544292466464,0.11677296782784818,0.0,0.0
2016-10-03,621857997.0634993,557064.513499212,0.0,621300932.5500001,0.9991041933751278,Bull,1.0,0.0,0.0,0.0,0.7757090603125958,0.0,0.0,0.10493569320993495,0.11845943985259694,0.0,0.0,0.7780115892474873,0.0,0.0,0.10521544292466464,0.11677296782784818,0.0,0.0
2016-10-04,625700175.6634992,557064.513499212,0.0,625143111.15,0.9991096941711602,Bull,1.0,0.0,0.0,0.0,0.7763677877105924,0.0,0.0,0.10451555320510181,0.11822635325546602,0.0,0.0,0.7780115892474873,0.0,0.0,0.10521544292466464,0.11677296782784818,0.0,0.0
2016-10-05,625636672.7134993,557064.513499212,0.0,625079608.2,0.9991096038039408,Bull,1.0,0.0,0.0,0.0,0.7762933814182095,0.0,0.0,0.10498984932438522,0.117826373061346,0.0,0.0,0.7780115892474873,0.0,0.0,0.10521544292466464,0.11677296782784818,0.0,0.0
2016-10-06,624514892.2634993,557064.513499212,0.0,623957827.75,0.9991080044360828,Bull,1.0,0.0,0.0,0.0,0.7757451963941185,0.0,0.0,0.10499461391920498,0.11836819412275931,0.0,0.0,0.7780115892474873,0.0,0.0,0.10521544292466464,0.11677296782784818,0.0,0.0
2016-10-07,620532352.1134993,557064.513499212,0.0,619975287.6,0.9991022796610008,Bull,1.0,0.0,0.0,0.0,0.7750436153118301,0.0,0.0,0.10501386394771083,0.11904480040145997,0.0,0.0,0.7780115892474873,0.0,0.0,0.10521544292466464,0.11677296782784818,0.0,0.0
2016-10-11,622393768.3134993,557064.513499212,0.0,621836703.8000001,0.9991049645066198,Bull,1.0,0.0,0.0,0.0,0.7755117071751876,0.0,0.0,0.1052357901613961,0.11835746717003602,0.0,0.0,0.7780115892474873,0.0,0.0,0.10521544292466464,0.11677296782784818,0.0,0.0
2016-10-12,623262312.4134992,557064.513499212,0.0,622705247.9,0.9991062117788864,Bull,1.0,0.0,0.0,0.0,0.7744371643953515,0.0,0.0,0.10515315733789989,0.11951589004563502,0.0,0.0,0.7780115892474873,0.0,0.0,0.10521544292466464,0.11677296782784818,0.0,0.0
2016-10-13,621587423.7134992,557064.513499212,0.0,621030359.1999999,0.9991038034357722,Bull,1.0,0.0,0.0,0.0,0.7745879997435728,0.0,0.0,0.10559013502540177,0.11892566866679771,0.0,0.0,0.7780115892474873,0.0,0.0,0.10521544292466464,0.11677296782784818,0.0,0.0
2016-10-14,617873183.5634992,557064.513499212,0.0,617316119.05,0.9990984161016886,Bull,1.0,0.0,0.0,0.0,0.774172567728602,0.0,0.0,0.10570243496137743,0.11922341341170928,0.0,0.0,0.7780115892474873,0.0,0.0,0.10521544292466464,0.11677296782784818,0.0,0.0
2016-10-17,619871152.7134993,557064.513499212,0.0,619314088.2,0.999101322087565,Bull,1.0,0.0,0.0,0.0,0.7746292694829304,0.0,0.0,0.10563292018569527,0.11883913241893916,0.0,0.0,0.7780115892474873,0.0,0.0,0.10521544292466464,0.11677296782784818,0.0,0.0
2016-10-18,622276770.7634993,557064.513499212,0.0,621719706.25,0.9991047962262584,Bull,1.0,0.0,0.0,0.0,0.7745186368738393,0.0,0.0,0.1053780296499642,0.11920812970245488,0.0,0.0,0.7780115892474873,0.0,0.0,0.10521544292466464,0.11677296782784818,0.0,0.0
2016-10-19,622677073.7134992,557064.513499212,0.0,622120009.1999999,0.9991053717295595,Bull,1.0,0.0,0.0,0.0,0.7744887029868256,0.0,0.0,0.10482287329247622,0.11979379545025777,0.0,0.0,0.7780115892474873,0.0,0.0,0.10521544292466464,0.11677296782784818,0.0,0.0
2016-10-20,623630942.0134993,557064.513499212,0.0,623073877.5,0.9991067400990389,Bull,1.0,0.0,0.0,0.0,0.7745605532984347,0.0,0.0,0.10443965430854157,0.12010653249206267,0.0,0.0,0.7780115892474873,0.0,0.0,0.10521544292466464,0.11677296782784818,0.0,0.0
2016-10-21,623894806.5134993,557064.513499212,0.0,623337742.0,0.9991071178864074,Bull,1.0,0.0,0.0,0.0,0.7742850829285557,0.0,0.0,0.10484892535899738,0.11997310959885422,0.0,0.0,0.7780115892474873,0.0,0.0,0.10521544292466464,0.11677296782784818,0.0,0.0
2016-10-24,623236306.5134993,557064.513499212,0.0,622679242.0,0.999106174483615,Bull,1.0,0.0,0.0,0.0,0.7738481166124965,0.0,0.0,0.10499276007531932,0.12026529779579924,0.0,0.0,0.7780115892474873,0.0,0.0,0.10521544292466464,0.11677296782784818,0.0,0.0
2016-10-25,624673379.6134993,557064.513499212,0.0,624116315.1,0.9991082307463719,Bull,1.0,0.0,0.0,0.0,0.7732596439420315,0.0,0.0,0.10470463787086368,0.1211439489334766,0.0,0.0,0.7780115892474873,0.0,0.0,0.10521544292466464,0.11677296782784818,0.0,0.0
2016-10-26,623118021.0134993,557064.513499212,0.0,622560956.5,0.999106004810143,Bull,1.0,0.0,0.0,0.0,0.7734195453313,0.0,0.0,0.10490195724668971,0.12078450223215338,0.0,0.0,0.7780115892474873,0.0,0.0,0.10521544292466464,0.11677296782784818,0.0,0.0
2016-10-27,620402867.2134993,557064.513499212,0.0,619845802.7,0.9991020922968953,Bull,1.0,0.0,0.0,0.0,0.7737025859598663,0.0,0.0,0.10475112775008454,0.1206483785869443,0.0,0.0,0.7780115892474873,0.0,0.0,0.10521544292466464,0.11677296782784818,0.0,0.0
2016-10-28,622957977.7634993,557064.513499212,0.0,622400913.25,0.9991057751351076,Bull,1.0,0.0,0.0,0.0,0.7746638304280752,0.0,0.0,0.10428841481931272,0.12015352988771964,0.0,0.0,0.7780115892474873,0.0,0.0,0.10521544292466464,0.11677296782784818,0.0,0.0
2016-10-31,620078008.6134993,557064.513499212,0.0,619520944.1,0.9991016218834388,Bull,1.0,0.0,0.0,0.0,0.7746800199769935,0.0,0.0,0.10371001568624247,0.12071158622020269,0.0,0.0,0.7780115892474873,0.0,0.0,0.10521544292466464,0.11677296782784818,0.0,0.0
2016-11-01,620030282.3134993,557064.513499212,0.0,619473217.8000001,0.9991015527315525,Bull,1.0,0.0,0.0,0.0,0.7746996098444304,0.0,0.0,0.10368106499594491,0.12072087789117707,0.0,0.0,0.7780115892474873,0.0,0.0,0.10521544292466464,0.11677296782784818,0.0,0.0
2016-11-02,617722617.2134993,557064.513499212,0.0,617165552.7,0.9990981963457771,Bull,1.0,0.0,0.0,0.0,0.775793356671557,0.0,0.0,0.10355165606295388,0.11975318361126605,0.0,0.0,0.7780115892474873,0.0,0.0,0.10521544292466464,0.11677296782784818,0.0,0.0
2016-11-03,617363480.8634993,557064.513499212,0.0,616806416.35,0.9990976717432004,Bull,1.0,0.0,0.0,0.0,0.7765030346134019,0.0,0.0,0.10369029264650301,0.11890434448329562,0.0,0.0,0.7780115892474873,0.0,0.0,0.10521544292466464,0.11677296782784818,0.0,0.0
2016-11-04,614720867.6134993,557064.513499212,0.0,614163803.1,0.9990937927393584,Bull,1.0,0.0,0.0,0.0,0.7762219053217667,0.0,0.0,0.10379182383656384,0.11908006358102768,0.0,0.0,0.7780115892474873,0.0,0.0,0.10521544292466464,0.11677296782784818,0.0,0.0
2016-11-07,617774368.4634993,557064.513499212,0.0,617217303.95,0.9990982718902942,Bull,1.0,0.0,0.0,0.0,0.7747119796186195,0.0,0.0,0.1042259169154965,0.12016037535617818,0.0,0.0,0.7780115892474873,0.0,0.0,0.10521544292466464,0.11677296782784818,0.0,0.0
2016-11-08,624846829.8634993,557064.513499212,0.0,624289765.35,0.9991084782911983,Bull,1.0,0.0,0.0,0.0,0.776121270321466,0.0,0.0,0.10360939178349157,0.11937781618624065,0.0,0.0,0.7780115892474873,0.0,0.0,0.10521544292466464,0.11677296782784818,0.0,0.0
2016-11-09,612631628.3134992,557064.513499212,0.0,612074563.8,0.999090702327869,Bull,1.0,0.0,0.0,0.0,0.7764193714735752,0.0,0.0,0.1048680757421227,0.11780325511217121,0.0,0.0,0.7780115892474873,0.0,0.0,0.10521544292466464,0.11677296782784818,0.0,0.0
2016-11-10,620774841.8134992,557064.513499212,0.0,620217777.3,0.9991026303323248,Bull,1.0,0.0,0.0,0.0,0.776523217164819,0.0,0.0,0.10299982488531574,0.11957958828219023,0.0,0.0,0.7780115892474873,0.0,0.0,0.10521544292466464,0.11677296782784818,0.0,0.0
2016-11-11,612949630.6634992,557064.513499212,0.0,612392566.15,0.9990911740775563,Bull,1.0,0.0,0.0,0.0,0.7795161172261278,0.0,0.0,0.10174881732531552,0.11782623952611307,0.0,0.0,0.7780115892474873,0.0,0.0,0.10521544292466464,0.11677296782784818,0.0,0.0
2016-11-14,613488715.3134992,557064.513499212,0.0,612931650.8,0.9990919726808429,Bull,1.0,0.0,0.0,0.0,0.7799414053695983,0.0,0.0,0.10134383640329682,0.11780673090794781,0.0,0.0,0.7780115892474873,0.0,0.0,0.10521544292466464,0.11677296782784818,0.0,0.0
2016-11-15,613197730.6634992,557064.513499212,0.0,612640666.15,0.9990915417888183,Bull,1.0,0.0,0.0,0.0,0.7814330389506167,0.0,0.0,0.10013213834559108,0.11752636449261047,0.0,0.0,0.7780115892474873,0.0,0.0,0.10521544292466464,0.11677296782784818,0.0,0.0
2016-11-16,613985566.1634992,557064.513499212,0.0,613428501.65,0.9990927074768547,Bull,1.0,0.0,0.0,0.0,0.7800588939617857,0.0,0.0,0.10149033370502135,0.11754347981004773,0.0,0.0,0.7780115892474873,0.0,0.0,0.10521544292466464,0.11677296782784818,0.0,0.0
2016-11-17,615404543.3134992,557064.513499212,0.0,614847478.8,0.9990947994785676,Bull,1.0,0.0,0.0,0.0,0.7796830296645535,0.0,0.0,0.10180425328463077,0.1176075165293834,0.0,0.0,0.7780115892474873,0.0,0.0,0.10521544292466464,0.11677296782784818,0.0,0.0
2016-11-18,614078937.4134992,557064.513499212,0.0,613521872.9,0.9990928454314919,Bull,1.0,0.0,0.0,0.0,0.7791432725493804,0.0,0.0,0.1017523907645858,0.11819718211752564,0.0,0.0,0.7780115892474873,0.0,0.0,0.10521544292466464,0.11677296782784818,0.0,0.0
2016-11-21,617986109.5134993,557064.513499212,0.0,617429045.0,0.9990985808500812,Bull,1.0,0.0,0.0,0.0,0.7801812008032976,0.0,0.0,0.10130065876283667,0.11761672128394701,0.0,0.0,0.7780115892474873,0.0,0.0,0.10521544292466464,0.11677296782784818,0.0,0.0
2016-11-22,618341631.7634993,557064.513499212,0.0,617784567.25,0.9990990991308307,Bull,1.0,0.0,0.0,0.0,0.7786120043007914,0.0,0.0,0.10135400364562594,0.11913309118441351,0.0,0.0,0.7780115892474873,0.0,0.0,0.10521544292466464,0.11677296782784818,0.0,0.0
2016-11-23,620941218.9634993,557064.513499212,0.0,620384154.45,0.9991028707766749,Bull,1.0,0.0,0.0,0.0,0.7777252334063323,0.0,0.0,0.10216216618038525,0.11921547118995728,0.0,0.0,0.7780115892474873,0.0,0.0,0.10521544292466464,0.11677296782784818,0.0,0.0
2016-11-24,622384104.4634993,557064.513499212,0.0,621827039.95,0.9991049506092713,Bull,1.0,0.0,0.0,0.0,0.779011926032302,0.0,0.0,0.10181654631849033,0.118276478258479,0.0,0.0,0.7780115892474873,0.0,0.0,0.10521544292466464,0.11677296782784818,0.0,0.0
2016-11-25,623430337.8634993,557064.513499212,0.0,622873273.35,0.9991064526705449,Bull,1.0,0.0,0.0,0.0,0.7794906565108499,0.0,0.0,0.10162049575115684,0.11799530040853809,0.0,0.0,0.7780115892474873,0.0,0.0,0.10521544292466464,0.11677296782784818,0.0,0.0
2016-11-28,628699379.1134993,557064.513499212,0.0,628142314.6,0.9991139413652917,Bull,1.0,0.0,0.0,0.0,0.7804866378139295,0.0,0.0,0.10096494780940535,0.11766235574195694,0.0,0.0,0.7780115892474873,0.0,0.0,0.10521544292466464,0.11677296782784818,0.0,0.0
2016-11-29,625043171.5134993,557064.513499212,0.0,624486107.0,0.9991087583404034,Bull,1.0,0.0,0.0,0.0,0.7795203262843374,0.0,0.0,0.10140275566330403,0.11818567639276191,0.0,0.0,0.7780115892474873,0.0,0.0,0.10521544292466464,0.11677296782784818,0.0,0.0
2016-11-30,627736744.2134993,557064.513499212,0.0,627179679.7,0.9991125825935246,Bull,1.0,0.0,0.0,0.0,0.7803399820313816,0.0,0.0,0.10101192989657783,0.11776067066556514,0.0,0.0,0.7780115892474873,0.0,0.0,0.10521544292466464,0.11677296782784818,0.0,0.0
2016-12-01,626745243.3634993,557064.513499212,0.0,626188178.85,0.9991111787135237,Bull,1.0,0.0,0.0,0.0,0.7805290650866228,0.0,0.0,0.1001416455323596,0.1184404680945412,0.0,0.0,0.7780115892474873,0.0,0.0,0.10521544292466464,0.11677296782784818,0.0,0.0
2016-12-02,626511399.2634993,557064.513499212,0.0,625954334.75,0.9991108469627941,Bull,1.0,0.0,0.0,0.0,0.7820627610702532,0.0,0.0,0.09987990653252539,0.11716817936001556,0.0,0.0,0.7780115892474873,0.0,0.0,0.10521544292466464,0.11677296782784818,0.0,0.0
2016-12-05,622556265.0134993,557064.513499212,0.0,621999200.5,0.9991051981245628,Bull,1.0,0.0,0.0,0.0,0.780735056114905,0.0,0.0,0.10062319427247537,0.11774694773718244,0.0,0.0,0.7780115892474873,0.0,0.0,0.10521544292466464,0.11677296782784818,0.0,0.0
2016-12-06,627919522.6134993,557064.513499212,0.0,627362458.1,0.9991128409080503,Bull,1.0,0.0,0.0,0.0,0.7811301296359078,0.0,0.0,0.09976374000806272,0.11821897126407983,0.0,0.0,0.7780115892474873,0.0,0.0,0.10521544292466464,0.11677296782784818,0.0,0.0
2016-12-07,629222393.6134993,557064.513499212,0.0,628665329.1,0.9991146778640535,Bull,1.0,0.0,0.0,0.0,0.7812740520515596,0.0,0.0,0.09986643933495865,0.11797418647753517,0.0,0.0,0.7780115892474873,0.0,0.0,0.10521544292466464,0.11677296782784818,0.0,0.0
2016-12-08,637924162.6134993,557064.513499212,0.0,637367098.1,0.9991267543288891,Bull,1.0,0.0,0.0,0.0,0.7826344060312522,0.0,0.0,0.09867285751039521,0.11781949078724162,0.0,0.0,0.7780115892474873,0.0,0.0,0.10521544292466464,0.11677296782784818,0.0,0.0
2016-12-09,639879213.4634993,557064.513499212,0.0,639322148.95,0.9991294223944485,Bull,1.0,0.0,0.0,0.0,0.7837119700069863,0.0,0.0,0.09755513022859091,0.11786232215887109,0.0,0.0,0.7780115892474873,0.0,0.0,0.10521544292466464,0.11677296782784818,0.0,0.0
2016-12-12,639100560.5134993,557064.513499212,0.0,638543496.0,0.9991283617197086,Bull,1.0,0.0,0.0,0.0,0.7845168303359822,0.0,0.0,0.0970895721796028,0.11752195920412362,0.0,0.0,0.7780115892474873,0.0,0.0,0.10521544292466464,0.11677296782784818,0.0,0.0
2016-12-13,639690204.8634993,557064.513499212,0.0,639133140.35,0.9991291651657881,Bull,1.0,0.0,0.0,0.0,0.7848037792873916,0.0,0.0,0.09675058259365801,0.1175748032847385,0.0,0.0,0.7780115892474873,0.0,0.0,0.10521544292466464,0.11677296782784818,0.0,0.0
2016-12-14,635167611.7634993,557064.513499212,0.0,634610547.25,0.9991229645479677,Bull,1.0,0.0,0.0,0.0,0.7834600474485289,0.0,0.0,0.09700746520895076,0.11865545189048793,0.0,0.0,0.7780115892474873,0.0,0.0,0.10521544292466464,0.11677296782784818,0.0,0.0
2016-12-15,635199288.4134992,557064.513499212,0.0,634642223.9,0.999123008284706,Bull,1.0,0.0,0.0,0.0,0.7838406512443736,0.0,0.0,0.09679513362422926,0.11848722341610311,0.0,0.0,0.7780115892474873,0.0,0.0,0.10521544292466464,0.11677296782784818,0.0,0.0
2016-12-16,632000915.4634993,557064.513499212,0.0,631443850.95,0.9991185700845217,Bull,1.0,0.0,0.0,0.0,0.7846519503635757,0.0,0.0,0.09652169562960564,0.11794492409134029,0.0,0.0,0.7780115892474873,0.0,0.0,0.10521544292466464,0.11677296782784818,0.0,0.0
2016-12-19,628271458.7134993,557064.513499212,0.0,627714394.2,0.9991133378641138,Bull,1.0,0.0,0.0,0.0,0.7848491879763391,0.0,0.0,0.09635755239298004,0.11790659749479455,0.0,0.0,0.7780115892474873,0.0,0.0,0.10521544292466464,0.11677296782784818,0.0,0.0
2016-12-20,627330723.2134993,557064.513499212,0.0,626773658.7,0.9991120082392176,Bull,1.0,0.0,0.0,0.0,0.7845193778792589,0.0,0.0,0.09667356906950061,0.11791906129045805,0.0,0.0,0.7780115892474873,0.0,0.0,0.10521544292466464,0.11677296782784818,0.0,0.0
2016-12-21,624992119.4134992,557064.513499212,0.0,624435054.9,0.9991086855398721,Bull,1.0,0.0,0.0,0.0,0.784375897987381,0.0,0.0,0.09645497619485333,0.11827781135763764,0.0,0.0,0.7780115892474873,0.0,0.0,0.10521544292466464,0.11677296782784818,0.0,0.0
2016-12-22,621127094.6134993,557064.513499212,0.0,620570030.1,0.9991031392474581,Bull,1.0,0.0,0.0,0.0,0.7843743000829182,0.0,0.0,0.09720892957917304,0.11751990958536679,0.0,0.0,0.7780115892474873,0.0,0.0,0.10521544292466464,0.11677296782784818,0.0,0.0
2016-12-23,618850440.8134992,557064.513499212,0.0,618293376.3,0.9990998398372845,Bull,1.0,0.0,0.0,0.0,0.7844663173574495,0.0,0.0,0.09709777360909858,0.11753574887073646,0.0,0.0,0.7780115892474873,0.0,0.0,0.10521544292466464,0.11677296782784818,0.0,0.0
2016-12-26,622353951.3634993,557064.513499212,0.0,621796886.85,0.9991049072440549,Bull,1.0,0.0,0.0,0.0,0.7851314927453643,0.0,0.0,0.09668517387600711,0.11728824062268355,0.0,0.0,0.7780115892474873,0.0,0.0,0.10521544292466464,0.11677296782784818,0.0,0.0
2016-12-27,620959983.0634993,557064.513499212,0.0,620402918.5500001,0.9991028978860265,Bull,1.0,0.0,0.0,0.0,0.7846873902342478,0.0,0.0,0.09694698795726411,0.1174685196945144,0.0,0.0,0.7780115892474873,0.0,0.0,0.10521544292466464,0.11677296782784818,0.0,0.0
2016-12-28,626596047.4134992,557064.513499212,0.0,626038982.9,0.9991109670803083,Bull,1.0,0.0,0.0,0.0,0.785123182520416,0.0,0.0,0.09617727441588977,0.11781051014400262,0.0,0.0,0.7780115892474873,0.0,0.0,0.10521544292466464,0.11677296782784818,0.0,0.0
2016-12-29,622470407.2634993,557064.513499212,0.0,621913342.75,0.9991050747039555,Bull,1.0,0.0,0.0,0.0,0.784035975132561,0.0,0.0,0.09705746537509763,0.11801163419629686,0.0,0.0,0.7780115892474873,0.0,0.0,0.10521544292466464,0.11677296782784818,0.0,0.0
2016-12-30,627764800.3634993,557064.513499212,0.0,627207735.85,0.9991126222541042,Bull,1.0,0.0,0.0,0.0,0.7838141539077759,0.0,0.0,0.09737882717317516,0.11791964117315322,0.0,0.0,0.7780115892474873,0.0,0.0,0.10521544292466464,0.11677296782784818,0.0,0.0
2017-01-03,628244247.4134992,557064.513499212,0.0,627687182.9,0.9991132994598952,Bull,1.0,0.0,0.0,0.0,0.7836859389115051,0.0,0.0,0.09743360206163779,0.11799375848675248,0.0,0.0,0.7780115892474873,0.0,0.0,0.10521544292466464,0.11677296782784818,0.0,0.0
2017-01-04,630190770.7634993,557064.513499212,0.0,629633706.25,0.99911603828659,Bull,1.0,0.0,0.0,0.0,0.7830144126867632,0.0,0.0,0.09855412500686736,0.11754750059295944,0.0,0.0,0.7780115892474873,0.0,0.0,0.10521544292466464,0.11677296782784818,0.0,0.0
2017-01-05,635410663.8634993,557064.513499212,0.0,634853599.35,0.9991233000244092,Bull,1.0,0.0,0.0,0.0,0.7828955786251423,0.0,0.0,0.09859120024692845,0.11763652115233852,0.0,0.0,0.7780115892474873,0.0,0.0,0.10521544292466464,0.11677296782784818,0.0,0.0
2017-01-06,635620646.4134992,557064.513499212,0.0,635063581.9,0.9991235896495142,Bull,1.0,0.0,0.0,0.0,0.7836655947389646,0.0,0.0,0.09761703045692986,0.1178409644536198,0.0,0.0,0.7780115892474873,0.0,0.0,0.10521544292466464,0.11677296782784818,0.0,0.0
2017-01-09,634076726.0134993,557064.513499212,0.0,633519661.5,0.9991214556683045,Bull,1.0,0.0,0.0,0.0,0.783986528925865,0.0,0.0,0.09733222726532638,0.11780269947711304,0.0,0.0,0.7780115892474873,0.0,0.0,0.10521544292466464,0.11677296782784818,0.0,0.0
2017-01-10,635854547.2634993,557064.513499212,0.0,635297482.75,0.9991239120394803,Bull,1.0,0.0,0.0,0.0,0.7847152857479339,0.0,0.0,0.0970163699630448,0.11739225632850153,0.0,0.0,0.7780115892474873,0.0,0.0,0.10521544292466464,0.11677296782784818,0.0,0.0
2017-01-11,637793651.0634992,557064.513499212,0.0,637236586.55,0.9991265756368531,Bull,1.0,0.0,0.0,0.0,0.7850400920660005,0.0,0.0,0.09705113855678273,0.11703534501407,0.0,0.0,0.7780115892474873,0.0,0.0,0.10521544292466464,0.11677296782784818,0.0,0.0
2017-01-12,641611869.9634993,557064.513499212,0.0,641054805.45,0.999131773367081,Bull,1.0,0.0,0.0,0.0,0.7851008982714998,0.0,0.0,0.09648683713336201,0.11754403796221918,0.0,0.0,0.7780115892474873,0.0,0.0,0.10521544292466464,0.11677296782784818,0.0,0.0
2017-01-13,640458254.8634993,557064.513499212,0.0,639901190.35,0.9991302094878644,Bull,1.0,0.0,0.0,0.0,0.785083940337633,0.0,0.0,0.09717588855695923,0.11687038059327207,0.0,0.0,0.7780115892474873,0.0,0.0,0.10521544292466464,0.11677296782784818,0.0,0.0
2017-01-16,635117882.1634992,557064.513499212,0.0,634560817.65,0.9991228958762716,Bull,1.0,0.0,0.0,0.0,0.784182325261292,0.0,0.0,0.09806148078817126,0.11687908982680849,0.0,0.0,0.7780115892474873,0.0,0.0,0.10521544292466464,0.11677296782784818,0.0,0.0
2017-01-17,635381031.9134992,557064.513499212,0.0,634823967.4,0.9991232591381873,Bull,1.0,0.0,0.0,0.0,0.7836021889110819,0.0,0.0,0.09820359259401795,0.1173174776330875,0.0,0.0,0.7780115892474873,0.0,0.0,0.10521544292466464,0.11677296782784818,0.0,0.0
2017-01-18,633183863.8634993,557064.513499212,0.0,632626799.35,0.999120216819645,Bull,1.0,0.0,0.0,0.0,0.7834870369611102,0.0,0.0,0.09815284871725337,0.1174803311412815,0.0,0.0,0.7780115892474873,0.0,0.0,0.10521544292466464,0.11677296782784818,0.0,0.0
2017-01-19,632328275.4134992,557064.513499212,0.0,631771210.9,0.9991190264058096,Bull,1.0,0.0,0.0,0.0,0.7841377337993619,0.0,0.0,0.0976680980454564,0.11731319456099142,0.0,0.0,0.7780115892474873,0.0,0.0,0.10521544292466464,0.11677296782784818,0.0,0.0
2017-01-20,633310326.2634993,557064.513499212,0.0,632753261.75,0.9991203924989098,Bull,1.0,0.0,0.0,0.0,0.7842651400939683,0.0,0.0,0.09739838029158489,0.11745687211335663,0.0,0.0,0.7780115892474873,0.0,0.0,0.10521544292466464,0.11677296782784818,0.0,0.0
2017-01-23,637940236.8134992,557064.513499212,0.0,637383172.3,0.9991267763320875,Bull,1.0,0.0,0.0,0.0,0.7844500055360211,0.0,0.0,0.09710266953753809,0.11757410125852849,0.0,0.0,0.7780115892474873,0.0,0.0,0.10521544292466464,0.11677296782784818,0.0,0.0
2017-01-24,637442536.8134992,557064.513499212,0.0,636885472.3,0.9991260945397777,Bull,1.0,0.0,0.0,0.0,0.7835286217275593,0.0,0.0,0.09704200210614186,0.11855547070607667,0.0,0.0,0.7780115892474873,0.0,0.0,0.10521544292466464,0.11677296782784818,0.0,0.0
2017-02-02,632471852.5634992,557064.513499212,0.0,631914788.05,0.9991192263952279,Bull,1.0,0.0,0.0,0.0,0.7850349166331492,0.0,0.0,0.09524913995117554,0.11883516981090327,0.0,0.0,0.7780115892474873,0.0,0.0,0.10521544292466464,0.11677296782784818,0.0,0.0
2017-02-03,634434571.4634993,557064.513499212,0.0,633877506.95,0.9991219512010289,Bull,1.0,0.0,0.0,0.0,0.7855430321212766,0.0,0.0,0.0951926372181857,0.11838628186156652,0.0,0.0,0.7780115892474873,0.0,0.0,0.10521544292466464,0.11677296782784818,0.0,0.0
2017-02-06,641080039.0134993,557064.513499212,0.0,640522974.5,0.9991310530985235,Bull,1.0,0.0,0.0,0.0,0.786042293994103,0.0,0.0,0.09528638591524405,0.11780237318917638,0.0,0.0,0.7780115892474873,0.0,0.0,0.10521544292466464,0.11677296782784818,0.0,0.0
2017-02-07,645488700.4134992,557064.513499212,0.0,644931635.9,0.9991369879702892,Bull,1.0,0.0,0.0,0.0,0.7874967223661246,0.0,0.0,0.09456261583029793,0.11707764977386666,0.0,0.0,0.7780115892474873,0.0,0.0,0.10521544292466464,0.11677296782784818,0.0,0.0
2017-02-08,645337783.2134993,557064.513499212,1752700.0,643028018.7,0.9964208441322037,Bull,1.0,0.0,0.0,0.0,0.7874303688985838,0.0,0.0,0.09436174602511044,0.11462872920850947,0.0,0.0,0.7780115892474873,0.0,0.0,0.10521544292466464,0.11677296782784818,0.0,0.0
2017-02-09,645677818.7134993,557064.513499212,1752700.0,643368054.2,0.9964227290351999,Bull,1.0,0.0,0.0,0.0,0.7869653246141108,0.0,0.0,0.09448984963051892,0.11496755479057007,0.0,0.0,0.7780115892474873,0.0,0.0,0.10521544292466464,0.11677296782784818,0.0,0.0
2017-02-10,649927290.5634992,557064.513499212,1752700.0,647617526.05,0.9964461185935174,Bull,1.0,0.0,0.0,0.0,0.786940221584725,0.0,0.0,0.0940209787882876,0.11548491822050486,0.0,0.0,0.7780115892474873,0.0,0.0,0.10521544292466464,0.11677296782784818,0.0,0.0
2017-02-13,651362676.0634992,557064.513499212,1752700.0,649052911.55,0.9964539501595973,Bull,1.0,0.0,0.0,0.0,0.787257668261007,0.0,0.0,0.09372842848313329,0.11546785341545711,0.0,0.0,0.7780115892474873,0.0,0.0,0.10521544292466464,0.11677296782784818,0.0,0.0
2017-02-14,652661744.3634993,557064.513499212,1752700.0,650351979.85,0.9964610082735096,Bull,1.0,0.0,0.0,0.0,0.7865916522358242,0.0,0.0,0.09423641040885818,0.11563294562882716,0.0,0.0,0.7780115892474873,0.0,0.0,0.10521544292466464,0.11677296782784818,0.0,0.0
2017-02-15,658462852.8134992,557064.513499212,1752700.0,656153088.3,0.9964921870632033,Bull,1.0,0.0,0.0,0.0,0.7876896716099256,0.0,0.0,0.09309226744999353,0.11571024800328418,0.0,0.0,0.7780115892474873,0.0,0.0,0.10521544292466464,0.11677296782784818,0.0,0.0
2017-02-16,656669873.2134993,557064.513499212,1752700.0,654360108.7,0.9964826092870743,Bull,1.0,0.0,0.0,0.0,0.7875017262012702,0.0,0.0,0.0936612177729728,0.11531966531283114,0.0,0.0,0.7780115892474873,0.0,0.0,0.10521544292466464,0.11677296782784818,0.0,0.0
2017-02-17,654653051.9634993,557064.513499212,1752700.0,652343287.45,0.9964717730917597,Bull,1.0,0.0,0.0,0.0,0.7867922343066056,0.0,0.0,0.09416209061442973,0.11551744817072428,0.0,0.0,0.7780115892474873,0.0,0.0,0.10521544292466464,0.11677296782784818,0.0,0.0
2017-02-18,657030820.2634993,557064.513499212,1752700.0,654721055.75,0.9964845416040409,Bull,1.0,0.0,0.0,0.0,0.7866255886485275,0.0,0.0,0.0945241807303544,0.1153347722251589,0.0,0.0,0.7780115892474873,0.0,0.0,0.10521544292466464,0.11677296782784818,0.0,0.0
2017-02-20,655234733.6634992,557064.513499212,1752700.0,652924969.15,0.9964749052593945,Bull,1.0,0.0,0.0,0.0,0.7866885600950472,0.0,0.0,0.09476481756824637,0.1150215275961009,0.0,0.0,0.7780115892474873,0.0,0.0,0.10521544292466464,0.11677296782784818,0.0,0.0
2017-02-21,655465751.1134993,557064.513499212,1752700.0,653155986.6,0.9964761476712163,Bull,1.0,0.0,0.0,0.0,0.7866071350396471,0.0,0.0,0.0946520850168067,0.11521692761476253,0.0,0.0,0.7780115892474873,0.0,0.0,0.10521544292466464,0.11677296782784818,0.0,0.0
2017-02-22,656987051.9634993,557064.513499212,1752700.0,654677287.45,0.9964843074051517,Bull,1.0,0.0,0.0,0.0,0.7872712040582741,0.0,0.0,0.09418450457291173,0.11502859877396583,0.0,0.0,0.7780115892474873,0.0,0.0,0.10521544292466464,0.11677296782784818,0.0,0.0
2017-02-23,654026755.6634992,557064.513499212,1752700.0,651716991.15,0.9964683944601684,Bull,1.0,0.0,0.0,0.0,0.7858010191473308,0.0,0.0,0.09543340461152848,0.11523397070130922,0.0,0.0,0.7780115892474873,0.0,0.0,0.10521544292466464,0.11677296782784818,0.0,0.0
2017-02-24,652895949.1634992,557064.513499212,1752700.0,650586184.65,0.9964622777695916,Bull,1.0,0.0,0.0,0.0,0.7853510736388344,0.0,0.0,0.09559869391128614,0.11551251021947112,0.0,0.0,0.7780115892474873,0.0,0.0,0.10521544292466464,0.11677296782784818,0.0,0.0
2017-03-01,651665034.0634992,557064.513499212,1752700.0,649355269.55,0.9964555954474087,Bull,1.0,0.0,0.0,0.0,0.7863282403764337,0.0,0.0,0.09566233684700891,0.11446501822396621,0.0,0.0,0.7780115892474873,0.0,0.0,0.10521544292466464,0.11677296782784818,0.0,0.0
2017-03-02,653744788.7134992,557064.513499212,1752700.0,651435024.1999999,0.9964668712418425,Bull,1.0,0.0,0.0,0.0,0.7865760203028627,0.0,0.0,0.09547456603490195,0.114416284904078,0.0,0.0,0.7780115892474873,0.0,0.0,0.10521544292466464,0.11677296782784818,0.0,0.0
2017-03-03,652435406.1634992,557064.513499212,1752700.0,650125641.65,0.9964597805519456,Bull,1.0,0.0,0.0,0.0,0.7865530239500816,0.0,0.0,0.09597195279176596,0.11393480381009817,0.0,0.0,0.7780115892474873,0.0,0.0,0.10521544292466464,0.11677296782784818,0.0,0.0
2017-03-06,654105488.7134992,557064.513499212,1752700.0,651795724.1999999,0.9964688195507393,Bull,1.0,0.0,0.0,0.0,0.7867401865288455,0.0,0.0,0.09600592119095605,0.1137227118309378,0.0,0.0,0.7780115892474873,0.0,0.0,0.10521544292466464,0.11677296782784818,0.0,0.0
2017-03-07,655612707.0134993,557064.513499212,1752700.0,653302942.5,0.9964769375443913,Bull,1.0,0.0,0.0,0.0,0.7864249533061352,0.0,0.0,0.09611894236623218,0.11393304187202398,0.0,0.0,0.7780115892474873,0.0,0.0,0.10521544292466464,0.11677296782784818,0.0,0.0
2017-03-08,654372856.1634992,557064.513499212,1752700.0,652063091.65,0.9964702623408906,Bull,1.0,0.0,0.0,0.0,0.7854195613541534,0.0,0.0,0.09627156659484004,0.11477913439189737,0.0,0.0,0.7780115892474873,0.0,0.0,0.10521544292466464,0.11677296782784818,0.0,0.0
2017-03-09,652380879.5134993,557064.513499212,1752700.0,650071115.0,0.9964594846568439,Bull,1.0,0.0,0.0,0.0,0.786210143654872,0.0,0.0,0.09638403266338968,0.11386530833858215,0.0,0.0,0.7780115892474873,0.0,0.0,0.10521544292466464,0.11677296782784818,0.0,0.0
2017-03-10,652111458.2634993,557064.513499212,1752700.0,649801693.75,0.9964580218853233,Bull,1.0,0.0,0.0,0.0,0.7860860091540777,0.0,0.0,0.09653871159945501,0.11383330113179059,0.0,0.0,0.7780115892474873,0.0,0.0,0.10521544292466464,0.11677296782784818,0.0,0.0
2017-03-13,654748336.2634993,557064.513499212,1752700.0,652438571.75,0.9964722865480184,Bull,1.0,0.0,0.0,0.0,0.7858554856150527,0.0,0.0,0.09645461699132028,0.11416218394164555,0.0,0.0,0.7780115892474873,0.0,0.0,0.10521544292466464,0.11677296782784818,0.0,0.0
2017-03-14,655953998.0634993,2309764.513499212,0.0,653644233.5500001,0.9964787705840377,Bull,1.0,1752700.0,0.0,0.0,0.7852936868602399,0.0,0.0,0.09644685478977093,0.11473822893402687,0.0,0.0,0.7780115892474873,0.0,0.0,0.10521544292466464,0.11677296782784818,0.0,0.0
2017-03-15,656544541.0493193,74739.19931921177,0.0,656469801.85,0.9998861627891996,Bull,1.0,0.0,0.0,0.0,0.7894782751853899,0.0,0.0,0.09600841383778247,0.11439947376602724,0.0,0.0,0.7780115892474873,0.0,0.0,0.10521544292466464,0.11677296782784818,0.0,0.0
2017-03-16,660612112.8993193,74739.19931921177,0.0,660537373.7,0.9998868637164535,Bull,1.0,0.0,0.0,0.0,0.7887849216283072,0.0,0.0,0.09592421749865448,0.11517772458949171,0.0,0.0,0.7780115892474873,0.0,0.0,0.10521544292466464,0.11677296782784818,0.0,0.0
2017-03-17,662084536.5993192,74739.19931921177,0.0,662009797.4,0.9998871153226095,Bull,1.0,0.0,0.0,0.0,0.7884428174100582,0.0,0.0,0.09621127889073477,0.11523301902181662,0.0,0.0,0.7780115892474873,0.0,0.0,0.10521544292466464,0.11677296782784818,0.0,0.0
2017-03-20,661491482.7993193,74739.19931921177,0.0,661416743.6,0.9998870141169423,Bull,1.0,0.0,0.0,0.0,0.7877096034478771,0.0,0.0,0.09691901054975455,0.11525840011931059,0.0,0.0,0.7780115892474873,0.0,0.0,0.10521544292466464,0.11677296782784818,0.0,0.0
2017-03-21,664523636.5993192,74739.19931921177,0.0,664448897.4,0.9998875296600408,Bull,1.0,0.0,0.0,0.0,0.7867259621875964,0.0,0.0,0.0969551667563152,0.11620640071612934,0.0,0.0,0.7780115892474873,0.0,0.0,0.10521544292466464,0.11677296782784818,0.0,0.0
2017-03-22,661744065.5993192,74739.19931921177,0.0,661669326.4,0.9998870572428156,Bull,1.0,0.0,0.0,0.0,0.7877465828543371,0.0,0.0,0.09653656650799547,0.115603907880483,0.0,0.0,0.7780115892474873,0.0,0.0,0.10521544292466464,0.11677296782784818,0.0,0.0
2017-03-23,661766921.4993192,74739.19931921177,0.0,661692182.3,0.9998870611435974,Bull,1.0,0.0,0.0,0.0,0.7874362035494035,0.0,0.0,0.09661724985458611,0.11583360773960785,0.0,0.0,0.7780115892474873,0.0,0.0,0.10521544292466464,0.11677296782784818,0.0,0.0
2017-03-24,660901783.0493193,74739.19931921177,0.0,660827043.85,0.9998869133035556,Bull,1.0,0.0,0.0,0.0,0.7871694511848175,0.0,0.0,0.09688822400290233,0.11582923811583572,0.0,0.0,0.7780115892474873,0.0,0.0,0.10521544292466464,0.11677296782784818,0.0,0.0
2017-03-27,661605318.5493193,74739.19931921177,0.0,661530579.35,0.9998870335572829,Bull,1.0,0.0,0.0,0.0,0.7868834556703937,0.0,0.0,0.09737542639660252,0.11562815149028659,0.0,0.0,0.7780115892474873,0.0,0.0,0.10521544292466464,0.11677296782784818,0.0,0.0
2017-03-28,664418405.9993192,74739.19931921177,0.0,664343666.8,0.9998875118469862,Bull,1.0,0.0,0.0,0.0,0.7880739185911965,0.0,0.0,0.09659741425054044,0.11521617900524934,0.0,0.0,0.7780115892474873,0.0,0.0,0.10521544292466464,0.11677296782784818,0.0,0.0
2017-03-29,667614134.2493192,74739.19931921177,0.0,667539395.05,0.9998880503040828,Bull,1.0,0.0,0.0,0.0,0.7900774833700847,0.0,0.0,0.0955319798190223,0.11427858711497584,0.0,0.0,0.7780115892474873,0.0,0.0,0.10521544292466464,0.11677296782784818,0.0,0.0
2017-03-30,667800198.4993192,74739.19931921177,0.0,667725459.3,0.9998880814958019,Bull,1.0,0.0,0.0,0.0,0.7902487308118673,0.0,0.0,0.09554699166515004,0.11409235901878469,0.0,0.0,0.7780115892474873,0.0,0.0,0.10521544292466464,0.11677296782784818,0.0,0.0
2017-03-31,664991441.7493192,74739.19931921177,0.0,664916702.55,0.9998876087801631,Bull,1.0,0.0,0.0,0.0,0.7902364896119928,0.0,0.0,0.09538694187272213,0.11426417729544831,0.0,0.0,0.7780115892474873,0.0,0.0,0.10521544292466464,0.11677296782784818,0.0,0.0
2017-04-05,670035123.5493193,74739.19931921177,0.0,669960384.35,0.999888454803797,Bull,1.0,0.0,0.0,0.0,0.7894804552153651,0.0,0.0,0.09554215555281698,0.1148658440356148,0.0,0.0,0.7780115892474873,0.0,0.0,0.10521544292466464,0.11677296782784818,0.0,0.0
2017-04-06,668726176.7493192,74739.19931921177,0.0,668651437.55,0.999888236468202,Bull,1.0,0.0,0.0,0.0,0.7890723526257374,0.0,0.0,0.09611063875564885,0.11470524508681586,0.0,0.0,0.7780115892474873,0.0,0.0,0.10521544292466464,0.11677296782784818,0.0,0.0
2017-04-07,668242862.4993192,74739.19931921177,0.0,668168123.3,0.9998881556339566,Bull,1.0,0.0,0.0,0.0,0.7889593034007708,0.0,0.0,0.09660350094658253,0.11432535128660327,0.0,0.0,0.7780115892474873,0.0,0.0,0.10521544292466464,0.11677296782784818,0.0,0.0
2017-04-10,669878095.0493193,74739.19931921177,0.0,669803355.85,0.999888428656092,Bull,1.0,0.0,0.0,0.0,0.7897609427145839,0.0,0.0,0.09592730449749806,0.11420018144400994,0.0,0.0,0.7780115892474873,0.0,0.0,0.10521544292466464,0.11677296782784818,0.0,0.0
2017-04-11,670195502.0493191,74739.19931921177,0.0,670120762.8499999,0.9998884814966816,Bull,1.0,0.0,0.0,0.0,0.790026285212276,0.0,0.0,0.09617760758301329,0.11368458870139235,0.0,0.0,0.7780115892474873,0.0,0.0,0.10521544292466464,0.11677296782784818,0.0,0.0
2017-04-12,668994697.9993192,74739.19931921177,0.0,668919958.8,0.9998882813278749,Bull,1.0,0.0,0.0,0.0,0.7897868404340294,0.0,0.0,0.09598162764522439,0.11411981324862114,0.0,0.0,0.7780115892474873,0.0,0.0,0.10521544292466464,0.11677296782784818,0.0,0.0
2017-04-13,670175672.4493192,74739.19931921177,0.0,670100933.25,0.9998884781969986,Bull,1.0,0.0,0.0,0.0,0.7895178160022115,0.0,0.0,0.09591350841649801,0.11445715377828904,0.0,0.0,0.7780115892474873,0.0,0.0,0.10521544292466464,0.11677296782784818,0.0,0.0
2017-04-14,663339398.1493193,74739.19931921177,0.0,663264658.95,0.9998873288703675,Bull,1.0,0.0,0.0,0.0,0.7888556151043039,0.0,0.0,0.0967161006552462,0.11431561311081732,0.0,0.0,0.7780115892474873,0.0,0.0,0.10521544292466464,0.11677296782784818,0.0,0.0
2017-04-17,663725242.2493192,74739.19931921177,0.0,663650503.05,0.999887394369595,Bull,1.0,0.0,0.0,0.0,0.7880901158397016,0.0,0.0,0.09747045295543957,0.11432682557445378,0.0,0.0,0.7780115892474873,0.0,0.0,0.10521544292466464,0.11677296782784818,0.0,0.0
2017-04-18,664879743.0993192,74739.19931921177,0.0,664805003.9,0.9998875898986321,Bull,1.0,0.0,0.0,0.0,0.7888835678088161,0.0,0.0,0.09687571424533291,0.11412830784448319,0.0,0.0,0.7780115892474873,0.0,0.0,0.10521544292466464,0.11677296782784818,0.0,0.0
2017-04-19,658174475.7993191,74739.19931921177,0.0,658099736.5999999,0.9998864447011129,Bull,1.0,0.0,0.0,0.0,0.7895949413244286,0.0,0.0,0.09625365663574634,0.11403784674093806,0.0,0.0,0.7835086919356153,0.0,0.0,0.12891158219349846,0.08757972587088614,0.0,0.0
2017-04-20,656199470.7663345,1010103.316334465,0.0,655189367.45,0.9984606764233521,Bull,1.0,0.0,0.0,0.0,0.7995763343686594,0.0,0.0,0.10436186411431253,0.09452247794038017,0.0,0.0,0.7835086919356153,0.0,0.0,0.12891158219349846,0.08757972587088614,0.0,0.0
2017-04-21,661465096.4446417,2394364.394641715,0.0,659070732.05,0.9963802105243172,Bull,1.0,0.0,0.0,0.0,0.7967727018142188,0.0,0.0,0.11004722757293971,0.08956028113715885,0.0,0.0,0.7835086919356153,0.0,0.0,0.12891158219349846,0.08757972587088614,0.0,0.0
2017-04-24,661990028.6741215,1267319.474121591,0.0,660722709.1999999,0.9980855912940867,Bull,1.0,0.0,0.0,0.0,0.7955445495981192,0.0,0.0,0.1143154680918207,0.08822557360414687,0.0,0.0,0.7835086919356153,0.0,0.0,0.12891158219349846,0.08757972587088614,0.0,0.0
2017-04-25,666703556.4241216,1267319.474121591,0.0,665436236.95,0.9980991259729903,Bull,1.0,0.0,0.0,0.0,0.7956060558533549,0.0,0.0,0.11405863860672924,0.08843443151290623,0.0,0.0,0.7835086919356153,0.0,0.0,0.12891158219349846,0.08757972587088614,0.0,0.0
2017-04-26,669893267.2241216,1267319.474121591,0.0,668625947.75,0.9981081770244191,Bull,1.0,0.0,0.0,0.0,0.7967125867103834,0.0,0.0,0.11314548706255567,0.08825010325147999,0.0,0.0,0.7835086919356153,0.0,0.0,0.12891158219349846,0.08757972587088614,0.0,0.0
2017-04-27,667979534.1755638,2107205.225563718,0.0,665872328.95,0.996845404510537,Bull,1.0,0.0,0.0,0.0,0.7917677142650216,0.0,0.0,0.11708023374776771,0.08799745649774778,0.0,0.0,0.7835086919356153,0.0,0.0,0.12891158219349846,0.08757972587088614,0.0,0.0
2017-04-28,667179410.8255638,2107205.225563718,0.0,665072205.6,0.9968416213219825,Bull,1.0,0.0,0.0,0.0,0.7916796397335133,0.0,0.0,0.116999863505094,0.08816211808337512,0.0,0.0,0.7835086919356153,0.0,0.0,0.12891158219349846,0.08757972587088614,0.0,0.0
2017-05-02,674520828.1255637,2107205.225563718,0.0,672413622.9,0.9968759967999513,Bull,1.0,0.0,0.0,0.0,0.7923733421030946,0.0,0.0,0.11653976678295667,0.08796288791390004,0.0,0.0,0.7835086919356153,0.0,0.0,0.12891158219349846,0.08757972587088614,0.0,0.0
2017-05-03,676649796.4255638,2107205.225563718,0.0,674542591.2,0.9968858259668514,Bull,1.0,0.0,0.0,0.0,0.791604821326395,0.0,0.0,0.11718676399354083,0.0880942406469155,0.0,0.0,0.7835086919356153,0.0,0.0,0.12891158219349846,0.08757972587088614,0.0,0.0
2017-05-04,680461804.0255638,2107205.225563718,0.0,678354598.8000001,0.996903271847005,Bull,1.0,0.0,0.0,0.0,0.7916891816895594,0.0,0.0,0.11749741062173757,0.08771667953570783,0.0,0.0,0.7835086919356153,0.0,0.0,0.12891158219349846,0.08757972587088614,0.0,0.0
2017-05-05,676536782.1755638,2107205.225563718,0.0,674429576.95,0.9968853057496925,Bull,1.0,0.0,0.0,0.0,0.791848929820611,0.0,0.0,0.11739391278121206,0.08764246314786941,0.0,0.0,0.7835086919356153,0.0,0.0,0.12891158219349846,0.08757972587088614,0.0,0.0
2017-05-08,679378168.5255637,2107205.225563718,0.0,677270963.3,0.996898332441066,Bull,1.0,0.0,0.0,0.0,0.791219806881053,0.0,0.0,0.11776386658646291,0.08791465897355012,0.0,0.0,0.7835086919356153,0.0,0.0,0.12891158219349846,0.08757972587088614,0.0,0.0
2017-05-09,679546401.3255638,2107205.225563718,0.0,677439196.1,0.9968991003094809,Bull,1.0,0.0,0.0,0.0,0.7913060021377104,0.0,0.0,0.11740993675246553,0.08818316141930499,0.0,0.0,0.7835086919356153,0.0,0.0,0.12891158219349846,0.08757972587088614,0.0,0.0
2017-05-10,678432150.4755638,2107205.225563718,0.0,676324945.25,0.9968940074197742,Bull,1.0,0.0,0.0,0.0,0.7904654796711554,0.0,0.0,0.11775164243616931,0.08867688531244942,0.0,0.0,0.7835086919356153,0.0,0.0,0.12891158219349846,0.08757972587088614,0.0,0.0
2017-05-11,679328103.4255637,2107205.225563718,0.0,677220898.1999999,0.9968981038544732,Bull,1.0,0.0,0.0,0.0,0.7904389579826021,0.0,0.0,0.11760885439174881,0.0888502914801223,0.0,0.0,0.7835086919356153,0.0,0.0,0.12891158219349846,0.08757972587088614,0.0,0.0
2017-05-12,680050703.4255637,2107205.225563718,0.0,677943498.1999999,0.9969013998295284,Bull,1.0,0.0,0.0,0.0,0.7901918128944615,0.0,0.0,0.11818574643794529,0.08852384049712168,0.0,0.0,0.7835086919356153,0.0,0.0,0.12891158219349846,0.08757972587088614,0.0,0.0
2017-05-15,682311363.1255637,2107205.225563718,0.0,680204157.9,0.9969116662282876,Bull,1.0,0.0,0.0,0.0,0.790373262185812,0.0,0.0,0.11807659135404705,0.08846181268842859,0.0,0.0,0.7835086919356153,0.0,0.0,0.12891158219349846,0.08757972587088614,0.0,0.0
2017-05-16,682089371.7255638,2107205.225563718,0.0,679982166.5,0.9969106611055485,Bull,1.0,0.0,0.0,0.0,0.7904273088672636,0.0,0.0,0.11799274895076578,0.08849060328751908,0.0,0.0,0.7835086919356153,0.0,0.0,0.12891158219349846,0.08757972587088614,0.0,0.0
2017-05-17,681909195.9255637,2107205.225563718,0.0,679801990.6999999,0.9969098448324873,Bull,1.0,0.0,0.0,0.0,0.7908249278968017,0.0,0.0,0.1178023415433875,0.08828257539229817,0.0,0.0,0.7835086919356153,0.0,0.0,0.12891158219349846,0.08757972587088614,0.0,0.0
2017-05-18,679887492.1255639,2107205.225563718,0.0,677780286.9000001,0.9969006559909259,Bull,1.0,0.0,0.0,0.0,0.7903222123120983,0.0,0.0,0.11849754692225017,0.08808089675657724,0.0,0.0,0.7835086919356153,0.0,0.0,0.12891158219349846,0.08757972587088614,0.0,0.0
2017-05-19,679575624.6755637,2107205.225563718,0.0,677468419.4499999,0.99689923365546,Bull,1.0,0.0,0.0,0.0,0.7908077481539552,0.0,0.0,0.1180282180342955,0.08806326746720929,0.0,0.0,0.7835086919356153,0.0,0.0,0.12891158219349846,0.08757972587088614,0.0,0.0
2017-05-22,680610083.5255637,2107205.225563718,0.0,678502878.3,0.996903946508332,Bull,1.0,0.0,0.0,0.0,0.7905751638482592,0.0,0.0,0.11816751168803276,0.08816127097204,0.0,0.0,0.7835086919356153,0.0,0.0,0.12891158219349846,0.08757972587088614,0.0,0.0
2017-05-23,680927677.6255637,2107205.225563718,0.0,678820472.4,0.9969053905505623,Bull,1.0,0.0,0.0,0.0,0.7905471316382728,0.0,0.0,0.11789049356889628,0.0884677653433931,0.0,0.0,0.7835086919356153,0.0,0.0,0.12891158219349846,0.08757972587088614,0.0,0.0
2017-05-24,680329641.8755637,2107205.225563718,0.0,678222436.65,0.996902670270614,Bull,1.0,0.0,0.0,0.0,0.7905382972396955,0.0,0.0,0.11787682773738109,0.08848754529353736,0.0,0.0,0.7835086919356153,0.0,0.0,0.12891158219349846,0.08757972587088614,0.0,0.0
2017-05-25,682334748.8755637,2107205.225563718,0.0,680227543.65,0.9969117720751636,Bull,1.0,0.0,0.0,0.0,0.7898663295957803,0.0,0.0,0.1180084996883026,0.08903694279108072,0.0,0.0,0.7800863727898143,0.0,0.0,0.10418368664512385,0.11572994056506189,0.0,0.0
2017-05-26,682728739.9312415,251278.2312414702,0.0,682477461.7,0.9996319501193596,Bull,1.0,0.0,0.0,0.0,0.7828127489606267,0.0,0.0,0.10794184525968822,0.10887735589904453,0.0,0.0,0.7800863727898143,0.0,0.0,0.10418368664512385,0.11572994056506189,0.0,0.0
2017-05-31,679138185.0312414,251278.2312414702,0.0,678886906.8,0.9996300042660244,Bull,1.0,0.0,0.0,0.0,0.7821293493835355,0.0,0.0,0.10868774812979252,0.10881290675269648,0.0,0.0,0.7800863727898143,0.0,0.0,0.10418368664512385,0.11572994056506189,0.0,0.0
2017-06-01,680588956.5312414,251278.2312414702,0.0,680337678.3,0.9996307929641965,Bull,1.0,0.0,0.0,0.0,0.7812757953200667,0.0,0.0,0.10920629740865953,0.10914870023547031,0.0,0.0,0.7800863727898143,0.0,0.0,0.10418368664512385,0.11572994056506189,0.0,0.0
2017-06-02,681302306.5312414,251278.2312414702,0.0,681051028.3,0.9996311795383156,Bull,1.0,0.0,0.0,0.0,0.7813342523530558,0.0,0.0,0.10883714804596771,0.10945977913929214,0.0,0.0,0.7800863727898143,0.0,0.0,0.10418368664512385,0.11572994056506189,0.0,0.0
2017-06-03,681628406.5312414,251278.2312414702,0.0,681377128.3,0.9996313559868782,Bull,1.0,0.0,0.0,0.0,0.7815444943249785,0.0,0.0,0.1083960106298967,0.10969085103200303,0.0,0.0,0.7800863727898143,0.0,0.0,0.10418368664512385,0.11572994056506189,0.0,0.0
2017-06-05,684608446.0812415,251278.2312414702,0.0,684357167.85,0.9996329606614119,Bull,1.0,0.0,0.0,0.0,0.7810640825581417,0.0,0.0,0.10850888624763559,0.11005999185563446,0.0,0.0,0.7800863727898143,0.0,0.0,0.10418368664512385,0.11572994056506189,0.0,0.0
2017-06-06,685224031.8312415,251278.2312414702,0.0,684972753.6,0.9996332903990978,Bull,1.0,0.0,0.0,0.0,0.7813474553266384,0.0,0.0,0.10839520587376686,0.10989062919869247,0.0,0.0,0.7800863727898143,0.0,0.0,0.10418368664512385,0.11572994056506189,0.0,0.0
2017-06-07,683776063.5312415,251278.2312414702,0.0,683524785.3000001,0.9996325138526438,Bull,1.0,0.0,0.0,0.0,0.7813085508448641,0.0,0.0,0.10820062875251503,0.11012333425526466,0.0,0.0,0.7800863727898143,0.0,0.0,0.10418368664512385,0.11572994056506189,0.0,0.0
2017-06-08,686766126.1812415,251278.2312414702,0.0,686514847.95,0.9996341138246893,Bull,1.0,0.0,0.0,0.0,0.7813552932987641,0.0,0.0,0.10821296678279575,0.11006585374312929,0.0,0.0,0.7800863727898143,0.0,0.0,0.10418368664512385,0.11572994056506189,0.0,0.0
2017-06-09,684386722.3812414,251278.2312414702,0.0,684135444.15,0.9996328417501041,Bull,1.0,0.0,0.0,0.0,0.7812630296064543,0.0,0.0,0.10827416368069367,0.11009564846295626,0.0,0.0,0.7800863727898143,0.0,0.0,0.10418368664512385,0.11572994056506189,0.0,0.0
2017-06-12,683966540.6812415,251278.2312414702,0.0,683715262.45,0.9996326161934892,Bull,1.0,0.0,0.0,0.0,0.7825629334395301,0.0,0.0,0.10810689646653343,0.10896278628742574,0.0,0.0,0.7800863727898143,0.0,0.0,0.10418368664512385,0.11572994056506189,0.0,0.0
2017-06-13,684068225.3312415,251278.2312414702,0.0,683816947.1,0.9996326708039688,Bull,1.0,0.0,0.0,0.0,0.7823290532766087,0.0,0.0,0.10821581424009927,0.1090878032872607,0.0,0.0,0.7800863727898143,0.0,0.0,0.10418368664512385,0.11572994056506189,0.0,0.0
2017-06-14,682060351.1312414,251278.2312414702,0.0,681809072.9,0.9996315894468507,Bull,1.0,0.0,0.0,0.0,0.7821093426926892,0.0,0.0,0.10867982558589849,0.1088424211682631,0.0,0.0,0.7800863727898143,0.0,0.0,0.10418368664512385,0.11572994056506189,0.0,0.0
2017-06-15,682596895.2312415,251278.2312414702,0.0,682345617.0,0.9996318790299268,Bull,1.0,0.0,0.0,0.0,0.782128252750314,0.0,0.0,0.10867599972729088,0.10882762655232198,0.0,0.0,0.7800863727898143,0.0,0.0,0.10418368664512385,0.11572994056506189,0.0,0.0
2017-06-16,683128707.0312414,251278.2312414702,0.0,682877428.8,0.9996321656100012,Bull,1.0,0.0,0.0,0.0,0.7814185281714232,0.0,0.0,0.10833946698219392,0.10987417045638426,0.0,0.0,0.7800863727898143,0.0,0.0,0.10418368664512385,0.11572994056506189,0.0,0.0
2017-06-19,685179009.9812415,251278.2312414702,0.0,684927731.75,0.9996332663032858,Bull,1.0,0.0,0.0,0.0,0.7803623928360538,0.0,0.0,0.10852711323138141,0.11074376023585047,0.0,0.0,0.7800863727898143,0.0,0.0,0.10418368664512385,0.11572994056506189,0.0,0.0
2017-06-20,685552662.0812415,251278.2312414702,0.0,685301383.85,0.9996334661870051,Bull,1.0,0.0,0.0,0.0,0.7788249005248953,0.0,0.0,0.10885699104929783,0.11195157461281201,0.0,0.0,0.7800863727898143,0.0,0.0,0.10418368664512385,0.11572994056506189,0.0,0.0
2017-06-21,687080248.6812415,251278.2312414702,0.0,686828970.45,0.9996342811022093,Bull,1.0,0.0,0.0,0.0,0.7790155101639631,0.0,0.0,0.10877550350697553,0.1118432674312706,0.0,0.0,0.7800863727898143,0.0,0.0,0.10418368664512385,0.11572994056506189,0.0,0.0
2017-06-22,688267954.3312414,251278.2312414702,0.0,688016676.0999999,0.9996349122029289,Bull,1.0,0.0,0.0,0.0,0.7783293886180048,0.0,0.0,0.10937455321909499,0.11193097036582911,0.0,0.0,0.7800863727898143,0.0,0.0,0.10418368664512385,0.11572994056506189,0.0,0.0
2017-06-23,687783913.1812414,251278.2312414702,0.0,687532634.9499999,0.9996346552653737,Bull,1.0,0.0,0.0,0.0,0.7783679215086956,0.0,0.0,0.1093272153636216,0.11193951839305658,0.0,0.0,0.7800863727898143,0.0,0.0,0.10418368664512385,0.11572994056506189,0.0,0.0
2017-06-26,697218216.8312415,251278.2312414702,0.0,696966938.6,0.9996395988728127,Bull,1.0,0.0,0.0,0.0,0.7786508233639626,0.0,0.0,0.10820858976245183,0.11278018574639827,0.0,0.0,0.7800863727898143,0.0,0.0,0.10418368664512385,0.11572994056506189,0.0,0.0
2017-06-27,699884144.5812415,251278.2312414702,0.0,699632866.35,0.9996409716762596,Bull,1.0,0.0,0.0,0.0,0.7798800281103402,0.0,0.0,0.10754837151659837,0.11221257204932106,0.0,0.0,0.7800863727898143,0.0,0.0,0.10418368664512385,0.11572994056506189,0.0,0.0
2017-06-28,697747018.5312414,251278.2312414702,0.0,697495740.3,0.9996398720101013,Bull,1.0,0.0,0.0,0.0,0.7804820742141467,0.0,0.0,0.10763987233954361,0.111517925456411,0.0,0.0,0.7800863727898143,0.0,0.0,0.10418368664512385,0.11572994056506189,0.0,0.0
2017-06-29,703714815.4312414,251278.2312414702,0.0,703463537.1999999,0.9996429260465584,Bull,1.0,0.0,0.0,0.0,0.7828615017326268,0.0,0.0,0.10607194613951304,0.11070947817441855,0.0,0.0,0.7800863727898143,0.0,0.0,0.10418368664512385,0.11572994056506189,0.0,0.0
2017-06-30,702720079.9312414,251278.2312414702,0.0,702468801.6999999,0.9996424205904775,Bull,1.0,0.0,0.0,0.0,0.7828820001184964,0.0,0.0,0.10623789205981529,0.11052252841216573,0.0,0.0,0.7800863727898143,0.0,0.0,0.10418368664512385,0.11572994056506189,0.0,0.0
2017-07-03,705772036.9312415,251278.2312414702,0.0,705520758.7,0.9996439668645218,Bull,1.0,0.0,0.0,0.0,0.7827743659300325,0.0,0.0,0.10675656735793915,0.11011303357655017,0.0,0.0,0.7800863727898143,0.0,0.0,0.10418368664512385,0.11572994056506189,0.0,0.0
2017-07-04,703196583.1312414,251278.2312414702,0.0,702945304.9,0.9996426628950292,Bull,1.0,0.0,0.0,0.0,0.783190672582112,0.0,0.0,0.10655384539321022,0.10989814491970705,0.0,0.0,0.7800863727898143,0.0,0.0,0.10418368664512385,0.11572994056506189,0.0,0.0
2017-07-05,708085920.3312415,251278.2312414702,0.0,707834642.1,0.9996451303097174,Bull,1.0,0.0,0.0,0.0,0.7829348475685826,0.0,0.0,0.10654780420532432,0.11016247853581047,0.0,0.0,0.7800863727898143,0.0,0.0,0.10418368664512385,0.11572994056506189,0.0,0.0
2017-07-06,706317605.2312415,251278.2312414702,0.0,706066327.0,0.9996442418688414,Bull,1.0,0.0,0.0,0.0,0.7832455582342184,0.0,0.0,0.10643908553771199,0.10995959809691107,0.0,0.0,0.7800863727898143,0.0,0.0,0.10418368664512385,0.11572994056506189,0.0,0.0
2017-07-07,704563149.3312415,251278.2312414702,0.0,704311871.1,0.9996433559838036,Bull,1.0,0.0,0.0,0.0,0.783549738052587,0.0,0.0,0.10647718387089578,0.10961643406032082,0.0,0.0,0.7800863727898143,0.0,0.0,0.10418368664512385,0.11572994056506189,0.0,0.0
2017-07-10,702004274.2812414,251278.2312414702,0.0,701752996.05,0.9996420559810711,Bull,1.0,0.0,0.0,0.0,0.7830349702825001,0.0,0.0,0.10604066488942342,0.11056642080914758,0.0,0.0,0.7800863727898143,0.0,0.0,0.10418368664512385,0.11572994056506189,0.0,0.0
2017-07-11,706606893.4312415,251278.2312414702,957600.0000000001,705398015.2,0.9982891785482431,Bull,1.0,0.0,0.0,0.0,0.78245898863963,0.0,0.0,0.10434344850780103,0.11148674140081208,0.0,0.0,0.7800863727898143,0.0,0.0,0.10418368664512385,0.11572994056506189,0.0,0.0
2017-07-12,707241050.4312415,251278.2312414702,1887600.0,705102172.2,0.9969757436591989,Bull,1.0,0.0,0.0,0.0,0.7827767800842926,0.0,0.0,0.10281218822869956,0.11138677534620678,0.0,0.0,0.7800863727898143,0.0,0.0,0.10418368664512385,0.11572994056506189,0.0,0.0
2017-07-13,708962621.6812415,251278.2312414702,1887600.0,706823743.45,0.9969830874494211,Bull,1.0,0.0,0.0,0.0,0.7820638585080294,0.0,0.0,0.10291727344802919,0.11200195549336249,0.0,0.0,0.7800863727898143,0.0,0.0,0.10418368664512385,0.11572994056506189,0.0,0.0
2017-07-14,710093928.1812414,251278.2312414702,1887600.0,707955049.9499999,0.9969878939301456,Bull,1.0,0.0,0.0,0.0,0.7829257903584008,0.0,0.0,0.10244264471647918,0.1116194588552656,0.0,0.0,0.7800863727898143,0.0,0.0,0.10418368664512385,0.11572994056506189,0.0,0.0
2017-07-17,715239390.4312414,251278.2312414702,1887600.0,713100512.1999999,0.9970095631478688,Bull,1.0,0.0,0.0,0.0,0.7843109869295266,0.0,0.0,0.10167952293028992,0.11101905328805226,0.0,0.0,0.7800863727898143,0.0,0.0,0.10418368664512385,0.11572994056506189,0.0,0.0
2017-07-18,717382511.6812414,251278.2312414702,1887600.0,715243633.4499999,0.9970184968320055,Bull,1.0,0.0,0.0,0.0,0.7839742735461308,0.0,0.0,0.10208751789664658,0.11095670538922812,0.0,0.0,0.7800863727898143,0.0,0.0,0.10418368664512385,0.11572994056506189,0.0,0.0
2017-07-19,715002257.0312415,251278.2312414702,1887600.0,712863378.8000001,0.9970085713573517,Bull,1.0,0.0,0.0,0.0,0.7832709243818925,0.0,0.0,0.10200625142476043,0.11173139555069872,0.0,0.0,0.7800863727898143,0.0,0.0,0.10418368664512385,0.11572994056506189,0.0,0.0
2017-07-20,713211334.9312415,251278.2312414702,1887600.0,711072456.7,0.9970010596768661,Bull,1.0,0.0,0.0,0.0,0.7828725222851782,0.0,0.0,0.10218429858104545,0.11194423881064246,0.0,0.0,0.7800863727898143,0.0,0.0,0.10418368664512385,0.11572994056506189,0.0,0.0
2017-07-21,709692544.8812414,251278.2312414702,3528310.8000000003,705912955.85,0.9946743289632923,Bull,1.0,0.0,0.0,0.0,0.7830395850402975,0.0,0.0,0.09988409841879076,0.11175064550420401,0.0,0.0,0.7800863727898143,0.0,0.0,0.10418368664512385,0.11572994056506189,0.0,0.0
2017-07-24,712899248.6812414,251278.2312414702,3528310.8000000003,709119659.65,0.9946982844515082,Bull,1.0,0.0,0.0,0.0,0.783330688990098,0.0,0.0,0.09984861133137146,0.11151898413003888,0.0,0.0,0.7800863727898143,0.0,0.0,0.10418368664512385,0.11572994056506189,0.0,0.0
2017-07-25,712744475.3312414,251278.2312414702,3528310.8000000003,708964886.3,0.9946971331773776,Bull,1.0,0.0,0.0,0.0,0.7836682087790532,0.0,0.0,0.09928242511751993,0.11174649928080457,0.0,0.0,0.7800863727898143,0.0,0.0,0.10418368664512385,0.11572994056506189,0.0,0.0
2017-07-26,710041279.8812414,251278.2312414702,3528310.8000000003,706261690.85,0.9946769446533115,Bull,1.0,0.0,0.0,0.0,0.7833226132190881,0.0,0.0,0.09959054776621894,0.11176378366800435,0.0,0.0,0.7800863727898143,0.0,0.0,0.10418368664512385,0.11572994056506189,0.0,0.0
2017-07-27,714532273.2312415,251278.2312414702,3528310.8000000003,710752684.2,0.9947104012333139,Bull,1.0,0.0,0.0,0.0,0.7830530616479596,0.0,0.0,0.09944687267751132,0.11221046690784292,0.0,0.0,0.7800863727898143,0.0,0.0,0.10418368664512385,0.11572994056506189,0.0,0.0
2017-07-28,711049465.3812414,251278.2312414702,3528310.8000000003,707269876.35,0.9946844921271195,Bull,1.0,0.0,0.0,0.0,0.7835668311082575,0.0,0.0,0.09958027316993463,0.1115373878489274,0.0,0.0,0.7800863727898143,0.0,0.0,0.10418368664512385,0.11572994056506189,0.0,0.0
2017-07-31,710019421.7812414,251278.2312414702,4204510.8,705563632.75,0.9937244124673899,Bull,1.0,0.0,0.0,0.0,0.7838426889137581,0.0,0.0,0.09920292014448795,0.11067880340914384,0.0,0.0,0.7800863727898143,0.0,0.0,0.10418368664512385,0.11572994056506189,0.0,0.0
2017-08-01,712959446.5812415,251278.2312414702,4204510.8,708503657.5500001,0.9937502910542702,Bull,1.0,0.0,0.0,0.0,0.7840547737048635,0.0,0.0,0.09886340708155297,0.11083211026785356,0.0,0.0,0.7800863727898143,0.0,0.0,0.10418368664512385,0.11572994056506189,0.0,0.0
2017-08-02,718407290.2812414,251278.2312414702,4204510.8,713951501.25,0.9937976839997029,Bull,1.0,0.0,0.0,0.0,0.7847165652081638,0.0,0.0,0.09814822448752804,0.11093289430401114,0.0,0.0,0.7800863727898143,0.0,0.0,0.10418368664512385,0.11572994056506189,0.0,0.0
2017-08-03,716181506.8812414,1208878.2312414702,3246910.8,711725717.85,0.9937784081431464,Bull,1.0,957600.0000000001,0.0,0.0,0.784467641864372,0.0,0.0,0.0984377554050559,0.11087301087371852,0.0,0.0,0.7800863727898143,0.0,0.0,0.10418368664512385,0.11572994056506189,0.0,0.0
2017-08-04,721564482.2312415,2138879.23124147,4292181.6,715133421.4,0.9910873373210455,Bull,1.0,930001.0,32921.0,1.0,0.7829759298198709,0.0,0.0,0.09786471166324623,0.11024669583792844,0.0,0.0,0.7800863727898143,0.0,0.0,0.10418368664512385,0.11572994056506189,0.0,0.0
2017-08-07,726816052.2312416,2138879.23124147,4292181.6,720384991.4000001,0.9911517352822645,Bull,1.0,0.0,0.0,0.0,0.7839749681515186,0.0,0.0,0.09692920207764748,0.11024756505309843,0.0,0.0,0.7800863727898143,0.0,0.0,0.10418368664512385,0.11572994056506189,0.0,0.0
2017-08-08,726069504.2312416,2138879.23124147,4292181.6,719638443.4000001,0.9911426374558305,Bull,1.0,0.0,0.0,0.0,0.7837273705669502,0.0,0.0,0.09712086733991464,0.1102943995489657,0.0,0.0,0.7800863727898143,0.0,0.0,0.10418368664512385,0.11572994056506189,0.0,0.0
2017-08-09,720181340.4312415,2138879.23124147,4292181.6,713750279.6,0.9910702201373468,Bull,1.0,0.0,0.0,0.0,0.7830578882567452,0.0,0.0,0.09782216789706745,0.11019016398353423,0.0,0.0,0.7800863727898143,0.0,0.0,0.10418368664512385,0.11572994056506189,0.0,0.0
2017-08-10,712890761.0312415,2138879.23124147,9945201.6,700806680.2,0.9830491829999857,Bull,1.0,0.0,0.0,0.0,0.7735696832460879,0.0,0.0,0.09890772030486446,0.11057177944903337,0.0,0.0,0.7800863727898143,0.0,0.0,0.10418368664512385,0.11572994056506189,0.0,0.0
2017-08-11,712899231.3312415,2138879.23124147,9945201.6,700815150.5,0.9830493844008275,Bull,1.0,0.0,0.0,0.0,0.7743908623229945,0.0,0.0,0.09856231696138844,0.11009620511644452,0.0,0.0,0.7800863727898143,0.0,0.0,0.10418368664512385,0.11572994056506189,0.0,0.0
2017-08-14,708363916.3312415,2138879.23124147,9945201.6,696279835.5,0.9829408577249003,Bull,1.0,0.0,0.0,0.0,0.7736125780350271,0.0,0.0,0.09920903419809127,0.11011924549178186,0.0,0.0,0.7800863727898143,0.0,0.0,0.10418368664512385,0.11572994056506189,0.0,0.0
2017-08-15,709487313.3312415,2138879.23124147,9945201.6,697403232.5,0.9829678690454614,Bull,1.0,0.0,0.0,0.0,0.7730231706679478,0.0,0.0,0.09925096429049741,0.11069373408701622,0.0,0.0,0.7800863727898143,0.0,0.0,0.10418368664512385,0.11572994056506189,0.0,0.0
2017-08-16,712415913.0812415,2138888.23124147,21343226.1,688933798.75,0.967038756574541,Bull,1.0,9.0,455920.0,9.0,0.758259450457275,0.0,0.0,0.09894739674626185,0.10983190937100402,0.0,0.0,0.7800863727898143,0.0,0.0,0.10418368664512385,0.11572994056506189,0.0,0.0
2017-08-17,720361727.0317227,353977.1817227204,28104981.8,691902768.05,0.96049351608533,Bull,1.0,5.0,482982.0,5.0,0.7507533337153323,0.0,0.0,0.10024810770772649,0.10949207466227119,0.0,0.0,0.7800863727898143,0.0,0.0,0.10418368664512385,0.11572994056506189,0.0,0.0
2017-08-18,716529337.1317227,353977.1817227204,28104981.8,688070378.15,0.9602822138509438,Bull,1.0,0.0,0.0,0.0,0.7503787357853263,0.0,0.0,0.10049986269684572,0.10940361536877179,0.0,0.0,0.7800863727898143,0.0,0.0,0.10418368664512385,0.11572994056506189,0.0,0.0
2017-08-21,717620334.0817227,353977.1817227204,28104981.8,689161375.1,0.9603425967323805,Bull,1.0,0.0,0.0,0.0,0.7507125279405052,0.0,0.0,0.10052739112014157,0.10910267767173364,0.0,0.0,0.7800863727898143,0.0,0.0,0.10418368664512385,0.11572994056506189,0.0,0.0
2017-08-22,720114345.3817227,353977.1817227204,28104981.8,691655386.4,0.960479944380726,Bull,1.0,0.0,0.0,0.0,0.7505834175730596,0.0,0.0,0.10009854749080177,0.10979797931686477,0.0,0.0,0.7800863727898143,0.0,0.0,0.10418368664512385,0.11572994056506189,0.0,0.0
2017-08-23,720749358.6817228,353977.1817227204,28104981.8,692290399.7,0.960514763365485,Bull,1.0,0.0,0.0,0.0,0.750572155470887,0.0,0.0,0.10037539281661324,0.10956721507798489,0.0,0.0,0.7800863727898143,0.0,0.0,0.10418368664512385,0.11572994056506189,0.0,0.0
2017-08-24,725168528.2317227,2329247.98172272,26129711.0,696709569.25,0.9607553859912839,Bull,1.0,1975270.7999999998,0.0,0.0,0.7509922839287615,0.0,0.0,0.09979790515243453,0.10996519691008787,0.0,0.0,0.7800863727898143,0.0,0.0,0.10418368664512385,0.11572994056506189,0.0,0.0
2017-08-25,724526034.6191378,2113445.8191377204,24489000.2,697923588.6,0.963282967418663,Bull,1.0,1640710.8,0.0,0.0,0.7502929675753588,0.0,0.0,0.10272729542303466,0.11026270442026959,0.0,0.0,0.7800863727898143,0.0,0.0,0.10418368664512385,0.11572994056506189,0.0,0.0
2017-08-28,729105732.0842128,40640.084212720394,24489000.2,704576091.8,0.9663565389698793,Bull,1.0,0.0,0.0,0.0,0.7515586117168382,0.0,0.0,0.10542654736819672,0.10937137988484437,0.0,0.0,0.7800863727898143,0.0,0.0,0.10418368664512385,0.11572994056506189,0.0,0.0
2017-08-29,727531147.6478628,36968.94786272044,24489000.2,703005178.5,0.9662887709658119,Bull,1.0,0.0,0.0,0.0,0.7514468353245164,0.0,0.0,0.1055657895174732,0.10927614612382232,0.0,0.0,0.7800863727898143,0.0,0.0,0.10418368664512385,0.11572994056506189,0.0,0.0
2017-08-30,728541025.834834,26798.13483397069,24489000.2,704025227.5,0.9663494608189822,Bull,1.0,0.0,0.0,0.0,0.751066869395562,0.0,0.0,0.10562754501274453,0.1096550464106757,0.0,0.0,0.7800863727898143,0.0,0.0,0.10418368664512385,0.11572994056506189,0.0,0.0
2017-08-31,731160789.3950458,695017.745045721,23812800.2,706652971.45,0.9664809460511098,Bull,1.0,676200.0,0.0,0.0,0.7511861678255932,0.0,0.0,0.10570233130792622,0.10959244691759033,0.0,0.0,0.7800863727898143,0.0,0.0,0.10418368664512385,0.11572994056506189,0.0,0.0
2017-09-01,730916104.4204723,5692075.120472221,18159780.2,707064249.1,0.9673671777428083,Bull,1.0,5653020.0,0.0,0.0,0.7512995619865278,0.0,0.0,0.10637239969099567,0.10969521606528485,0.0,0.0,0.7800863727898143,0.0,0.0,0.10418368664512385,0.11572994056506189,0.0,0.0
2017-09-04,725971381.9615871,131736.51158697112,18159780.2,707679865.25,0.9748040802074551,Bull,1.0,0.0,0.0,0.0,0.7498017535886864,0.0,0.0,0.10574383771516482,0.119258488903604,0.0,0.0,0.7800863727898143,0.0,0.0,0.10418368664512385,0.11572994056506189,0.0,0.0
2017-09-05,727316360.5424442,214470.1424440965,18159780.2,708942110.2,0.9747369214563792,Bull,1.0,0.0,0.0,0.0,0.7539633919289496,0.0,0.0,0.10421503504124278,0.11655849448618688,0.0,0.0,0.7800863727898143,0.0,0.0,0.10418368664512385,0.11572994056506189,0.0,0.0
2017-09-06,723780577.8834654,626996.7334653465,18159780.2,704993800.95,0.9740435464731547,Bull,1.0,0.0,0.0,0.0,0.753638212488516,0.0,0.0,0.10434225828612864,0.11606307569851006,0.0,0.0,0.7800863727898143,0.0,0.0,0.10418368664512385,0.11572994056506189,0.0,0.0
2017-09-07,722749899.4983219,146332.6483218465,18159780.2,704443786.65,0.9746715802229393,Bull,1.0,0.0,0.0,0.0,0.7536300413574317,0.0,0.0,0.10553304822725484,0.1155084906382527,0.0,0.0,0.7800863727898143,0.0,0.0,0.10418368664512385,0.11572994056506189,0.0,0.0
2017-09-08,725737458.0065548,51763.556554846466,18159780.2,707525914.25,0.9749061543459834,Bull,1.0,0.0,0.0,0.0,0.7536316449096114,0.0,0.0,0.10549820621124462,0.11577630322512732,0.0,0.0,0.7800863727898143,0.0,0.0,0.10418368664512385,0.11572994056506189,0.0,0.0
2017-09-11,724054127.8973285,39496.747328346595,18159780.2,705854850.95,0.9748647563129298,Bull,1.0,0.0,0.0,0.0,0.7536283958971866,0.0,0.0,0.1054013740956418,0.1158349863201014,0.0,0.0,0.7800863727898143,0.0,0.0,0.10418368664512385,0.11572994056506189,0.0,0.0
2017-09-12,726309682.3350294,28225.585029346636,18159780.2,708121676.55,0.9749583321999008,Bull,1.0,0.0,0.0,0.0,0.7540104309078787,0.0,0.0,0.10505298477461872,0.11589491651740338,0.0,0.0,0.7800863727898143,0.0,0.0,0.10418368664512385,0.11572994056506189,0.0,0.0
2017-09-13,722634899.7651454,464882.91514534666,18159780.2,704010236.65,0.9742267317545853,Bull,1.0,0.0,0.0,0.0,0.7537499736409377,0.0,0.0,0.10487965641381487,0.11559710169983281,0.0,0.0,0.7800863727898143,0.0,0.0,0.10418368664512385,0.11572994056506189,0.0,0.0
2017-09-14,724878438.6285626,26576.878562596743,18159780.2,706692081.55,0.9749111628799852,Bull,1.0,0.0,0.0,0.0,0.7544073632326855,0.0,0.0,0.10519446563242746,0.11530933401487226,0.0,0.0,0.7800863727898143,0.0,0.0,0.10418368664512385,0.11572994056506189,0.0,0.0
2017-09-15,723987210.7960666,6976167.046066596,11398024.5,705613019.25,0.9746208340809458,Bull,1.0,6761755.699999999,0.0,0.0,0.7538105108927499,0.0,0.0,0.10513155324430148,0.11567876994389444,0.0,0.0,0.7800863727898143,0.0,0.0,0.10418368664512385,0.11572994056506189,0.0,0.0
2017-09-18,725827111.8400955,11676149.640095472,0.0,714150962.2,0.9839133184065081,Bull,1.0,11398024.5,0.0,0.0,0.7536958227051174,0.0,0.0,0.10397352037274936,0.12624397532864132,0.0,0.0,0.7800863727898143,0.0,0.0,0.10418368664512385,0.11572994056506189,0.0,0.0
2017-09-19,723184822.4116979,491051.1116979717,0.0,722693771.3,0.9993209880842627,Bull,1.0,0.0,0.0,0.0,0.7532286414466499,0.0,0.0,0.10569358984208074,0.14039875679553204,0.0,0.0,0.7800863727898143,0.0,0.0,0.10418368664512385,0.11572994056506189,0.0,0.0
2017-09-20,719747833.0107677,212734.26076772483,0.0,719535098.75,0.9997044322316639,Bull,1.0,0.0,0.0,0.0,0.7531611404544377,0.0,0.0,0.10641171322408718,0.14013157855313904,0.0,0.0,0.7800863727898143,0.0,0.0,0.10418368664512385,0.11572994056506189,0.0,0.0
2017-09-21,720146690.1611629,343176.11116285296,0.0,719803514.05,0.9995234636000534,Bull,1.0,0.0,0.0,0.0,0.7716068429414646,0.0,0.0,0.10538477929130784,0.1225318413672809,0.0,0.0,0.7800863727898143,0.0,0.0,0.10418368664512385,0.11572994056506189,0.0,0.0
2017-09-22,716515279.9111629,343176.11116285296,0.0,716172103.8,0.9995210484398805,Bull,1.0,0.0,0.0,0.0,0.7720134089374666,0.0,0.0,0.1059928547642642,0.12151478473814965,0.0,0.0,0.7800863727898143,0.0,0.0,0.10418368664512385,0.11572994056506189,0.0,0.0
2017-09-25,714575301.2611629,343176.11116285296,0.0,714232125.15,0.9995197481489253,Bull,1.0,0.0,0.0,0.0,0.7726862014059496,0.0,0.0,0.1059594417360464,0.12087410500692938,0.0,0.0,0.7800863727898143,0.0,0.0,0.10418368664512385,0.11572994056506189,0.0,0.0
2017-09-26,717477805.5111629,343176.11116285296,0.0,717134629.4,0.99952169097284,Bull,1.0,0.0,0.0,0.0,0.7746463028274855,0.0,0.0,0.10545692064452689,0.11941846750082773,0.0,0.0,0.7800863727898143,0.0,0.0,0.10418368664512385,0.11572994056506189,0.0,0.0
2017-09-27,719751615.7611629,343176.11116285296,0.0,719408439.65,0.9995232020274105,Bull,1.0,0.0,0.0,0.0,0.7745811575016994,0.0,0.0,0.10530785668309138,0.1196341878426197,0.0,0.0,0.7800863727898143,0.0,0.0,0.10418368664512385,0.11572994056506189,0.0,0.0
2017-09-28,716503542.2111629,343176.11116285296,0.0,716160366.1,0.9995210405937368,Bull,1.0,0.0,0.0,0.0,0.7739257846356544,0.0,0.0,0.10586549197777048,0.11972976398031193,0.0,0.0,0.7800863727898143,0.0,0.0,0.10418368664512385,0.11572994056506189,0.0,0.0
2017-09-29,717378425.8611629,343176.11116285296,0.0,717035249.75,0.9995216247118793,Bull,1.0,0.0,0.0,0.0,0.7729068505013951,0.0,0.0,0.10665918745486257,0.11995558675562162,0.0,0.0,0.7800863727898143,0.0,0.0,0.10418368664512385,0.11572994056506189,0.0,0.0
2017-09-30,719119505.5111629,343176.11116285296,0.0,718776329.4,0.9995227829192048,Bull,1.0,0.0,0.0,0.0,0.772324245335574,0.0,0.0,0.10671731111708627,0.12048122646654462,0.0,0.0,0.7800863727898143,0.0,0.0,0.10418368664512385,0.11572994056506189,0.0,0.0
2017-10-02,719514056.5111629,343176.11116285296,0.0,719170880.4,0.9995230446048171,Bull,1.0,0.0,0.0,0.0,0.7726053096106198,0.0,0.0,0.10605769172880097,0.12086004326539637,0.0,0.0,0.7800863727898143,0.0,0.0,0.10418368664512385,0.11572994056506189,0.0,0.0
2017-10-03,720273651.4611629,343176.11116285296,0.0,719930475.35,0.9995235475982402,Bull,1.0,0.0,0.0,0.0,0.7734858469691501,0.0,0.0,0.10530511541846918,0.12073258521062102,0.0,0.0,0.7800863727898143,0.0,0.0,0.10418368664512385,0.11572994056506189,0.0,0.0
2017-10-05,722227930.061163,343176.11116285296,0.0,721884753.95,0.9995248368321427,Bull,1.0,0.0,0.0,0.0,0.7735602303592535,0.0,0.0,0.10504163137747297,0.1209229750954162,0.0,0.0,0.7800863727898143,0.0,0.0,0.10418368664512385,0.11572994056506189,0.0,0.0
2017-10-06,724840373.0111629,343176.11116285296,0.0,724497196.9,0.9995265493977146,Bull,1.0,0.0,0.0,0.0,0.7738041612802963,0.0,0.0,0.10486722708922476,0.12085516102819359,0.0,0.0,0.7800863727898143,0.0,0.0,0.10418368664512385,0.11572994056506189,0.0,0.0
2017-10-11,729204979.2611629,343176.11116285296,0.0,728861803.15,0.9995293832037315,Bull,1.0,0.0,0.0,0.0,0.7731104685011925,0.0,0.0,0.10438491530477953,0.12203399939775952,0.0,0.0,0.7800863727898143,0.0,0.0,0.10418368664512385,0.11572994056506189,0.0,0.0
2017-10-12,732631333.4611629,343176.11116285296,0.0,732288157.35,0.9995315841740734,Bull,1.0,0.0,0.0,0.0,0.7733531606862878,0.0,0.0,0.10355003469698253,0.1226283887908031,0.0,0.0,0.7800863727898143,0.0,0.0,0.10418368664512385,0.11572994056506189,0.0,0.0
2017-10-13,734983560.061163,343176.11116285296,0.0,734640383.95,0.9995330832826597,Bull,1.0,0.0,0.0,0.0,0.7735241505302364,0.0,0.0,0.1039907613629339,0.12201817138948932,0.0,0.0,0.7800863727898143,0.0,0.0,0.10418368664512385,0.11572994056506189,0.0,0.0
2017-10-16,734816780.4111629,343176.11116285296,0.0,734473604.3,0.9995329773076618,Bull,1.0,0.0,0.0,0.0,0.773282020018725,0.0,0.0,0.10355166352818372,0.122699293760753,0.0,0.0,0.7800863727898143,0.0,0.0,0.10418368664512385,0.11572994056506189,0.0,0.0
2017-10-17,737410140.6611629,343176.11116285296,0.0,737066964.55,0.9995346197560353,Bull,1.0,0.0,0.0,0.0,0.7742372027025599,0.0,0.0,0.10331902939616384,0.1219783876573116,0.0,0.0,0.7800863727898143,0.0,0.0,0.10418368664512385,0.11572994056506189,0.0,0.0
2017-10-18,734684099.7611629,343176.11116285296,0.0,734340923.65,0.9995328929654603,Bull,1.0,0.0,0.0,0.0,0.7730958432810019,0.0,0.0,0.1035703644937143,0.12286668519074406,0.0,0.0,0.7800863727898143,0.0,0.0,0.10418368664512385,0.11572994056506189,0.0,0.0
2017-10-19,734774148.7111629,343176.11116285296,0.0,734430972.6,0.9995329502109391,Bull,1.0,0.0,0.0,0.0,0.7730575083464016,0.0,0.0,0.10318817031463715,0.12328727154990034,0.0,0.0,0.7800863727898143,0.0,0.0,0.10418368664512385,0.11572994056506189,0.0,0.0
2017-10-20,732171389.4611628,343176.11116285296,0.0,731828213.3499999,0.9995312899191329,Bull,1.0,0.0,0.0,0.0,0.7727970137789892,0.0,0.0,0.10351879504029757,0.12321548109984615,0.0,0.0,0.7800863727898143,0.0,0.0,0.10418368664512385,0.11572994056506189,0.0,0.0
2017-10-23,731492076.1611629,343176.11116285296,0.0,731148900.05,0.9995308546430689,Bull,1.0,0.0,0.0,0.0,0.7725625724009778,0.0,0.0,0.10371130798590576,0.12325697425618531,0.0,0.0,0.7800863727898143,0.0,0.0,0.10418368664512385,0.11572994056506189,0.0,0.0
2017-10-24,734555145.7111629,343176.11116285296,0.0,734211969.6,0.99953281096298,Bull,1.0,0.0,0.0,0.0,0.7738965180750773,0.0,0.0,0.10303855393555619,0.1225977389523465,0.0,0.0,0.7800863727898143,0.0,0.0,0.10418368664512385,0.11572994056506189,0.0,0.0
2017-10-25,736080975.311163,343176.11116285296,0.0,735737799.2,0.9995337794037975,Bull,1.0,0.0,0.0,0.0,0.7745667505657018,0.0,0.0,0.1026959024012879,0.12227112643680779,0.0,0.0,0.7800863727898143,0.0,0.0,0.10418368664512385,0.11572994056506189,0.0,0.0
2017-10-26,732251388.4111629,343176.11116285296,0.0,731908212.3,0.9995313411260203,Bull,1.0,0.0,0.0,0.0,0.7735846886259923,0.0,0.0,0.10318177772791806,0.12276487477210989,0.0,0.0,0.7800863727898143,0.0,0.0,0.10418368664512385,0.11572994056506189,0.0,0.0
2017-10-27,732265626.061163,343176.11116285296,0.0,731922449.95,0.9995313502382888,Bull,1.0,0.0,0.0,0.0,0.7732752020544854,0.0,0.0,0.10342080428840787,0.12283534389539545,0.0,0.0,0.7800863727898143,0.0,0.0,0.10418368664512385,0.11572994056506189,0.0,0.0
2017-10-30,731699993.4111629,343176.11116285296,0.0,731356817.3,0.9995309879537335,Bull,1.0,0.0,0.0,0.0,0.7727042126434635,0.0,0.0,0.10294861374649672,0.12387816156377345,0.0,0.0,0.7800863727898143,0.0,0.0,0.10418368664512385,0.11572994056506189,0.0,0.0
2017-10-31,731986193.4111629,343176.11116285296,0.0,731643017.3,0.9995311713332138,Bull,1.0,0.0,0.0,0.0,0.7721301609066398,0.0,0.0,0.103206864664953,0.12419414576162091,0.0,0.0,0.7800863727898143,0.0,0.0,0.10418368664512385,0.11572994056506189,0.0,0.0
2017-11-01,732691787.3611629,343176.11116285296,0.0,732348611.25,0.999531622822744,Bull,1.0,0.0,0.0,0.0,0.7731762809711383,0.0,0.0,0.10242642444551842,0.12392891740608725,0.0,0.0,0.7800863727898143,0.0,0.0,0.10418368664512385,0.11572994056506189,0.0,0.0
2017-11-02,730281942.4111629,343176.11116285296,0.0,729938766.3,0.99953007723287,Bull,1.0,0.0,0.0,0.0,0.7732378873228023,0.0,0.0,0.1023926454392596,0.12389954447080812,0.0,0.0,0.7800863727898143,0.0,0.0,0.10418368664512385,0.11572994056506189,0.0,0.0
2017-11-03,732124122.011163,343176.11116285296,0.0,731780945.9000001,0.9995312596582391,Bull,1.0,0.0,0.0,0.0,0.7738818171208424,0.0,0.0,0.10220739591866508,0.1234420466187317,0.0,0.0,0.7800863727898143,0.0,0.0,0.10418368664512385,0.11572994056506189,0.0,0.0
2017-11-06,731276760.7111629,343176.11116285296,0.0,730933584.6,0.9995307165089874,Bull,1.0,0.0,0.0,0.0,0.7733072688513342,0.0,0.0,0.10241949973517968,0.1238039479224736,0.0,0.0,0.7800863727898143,0.0,0.0,0.10418368664512385,0.11572994056506189,0.0,0.0
2017-11-07,732185426.061163,343176.11116285296,0.0,731842249.95,0.9995312989046927,Bull,1.0,0.0,0.0,0.0,0.7722724733703803,0.0,0.0,0.10295274573479848,0.12430607979951389,0.0,0.0,0.7800863727898143,0.0,0.0,0.10418368664512385,0.11572994056506189,0.0,0.0
2017-11-08,731030144.4111629,343176.11116285296,0.0,730686968.3,0.9995305581940956,Bull,1.0,0.0,0.0,0.0,0.7724720008021833,0.0,0.0,0.10306688523862392,0.12399167215328843,0.0,0.0,0.7800863727898143,0.0,0.0,0.10418368664512385,0.11572994056506189,0.0,0.0
2017-11-09,731647477.061163,343176.11116285296,0.0,731304300.95,0.999530954288886,Bull,1.0,0.0,0.0,0.0,0.7729890673876016,0.0,0.0,0.10345692751383911,0.12308495938744522,0.0,0.0,0.7800863727898143,0.0,0.0,0.10418368664512385,0.11572994056506189,0.0,0.0
2017-11-10,730890645.4111629,343176.11116285296,0.0,730547469.3,0.9995304685956545,Bull,1.0,0.0,0.0,0.0,0.7724960263821385,0.0,0.0,0.1036030498890874,0.1234313923244285,0.0,0.0,0.7800863727898143,0.0,0.0,0.10418368664512385,0.11572994056506189,0.0,0.0
2017-11-13,728676250.4611629,343176.11116285296,0.0,728333074.35,0.9995290417233363,Bull,1.0,0.0,0.0,0.0,0.7728946483346611,0.0,0.0,0.10319397668362426,0.12344041670505092,0.0,0.0,0.7800863727898143,0.0,0.0,0.10418368664512385,0.11572994056506189,0.0,0.0
2017-11-14,729859914.7611629,343176.11116285296,0.0,729516738.65,0.9995298055089445,Bull,1.0,0.0,0.0,0.0,0.7729862638566989,0.0,0.0,0.10352260546426233,0.12302093618798338,0.0,0.0,0.7800863727898143,0.0,0.0,0.10418368664512385,0.11572994056506189,0.0,0.0
2017-11-15,729020681.061163,343176.11116285296,0.0,728677504.95,0.9995292642306617,Bull,1.0,0.0,0.0,0.0,0.7744292029249492,0.0,0.0,0.10318157214759331,0.1219184891581191,0.0,0.0,0.7800863727898143,0.0,0.0,0.10418368664512385,0.11572994056506189,0.0,0.0
2017-11-16,726559473.811163,343176.11116285296,0.0,726216297.7,0.9995276696216446,Bull,1.0,0.0,0.0,0.0,0.7732245162988729,0.0,0.0,0.10353109788167253,0.12277205544109926,0.0,0.0,0.7800863727898143,0.0,0.0,0.10418368664512385,0.11572994056506189,0.0,0.0
2017-11-17,728547254.4611629,343176.11116285296,0.0,728204078.35,0.9995289583358368,Bull,1.0,0.0,0.0,0.0,0.7722630548736663,0.0,0.0,0.10373040257477023,0.12353550088740024,0.0,0.0,0.7800863727898143,0.0,0.0,0.10418368664512385,0.11572994056506189,0.0,0.0
2017-11-20,728915285.1111629,343176.11116285296,0.0,728572109.0,0.9995291961656277,Bull,1.0,0.0,0.0,0.0,0.7727476985396171,0.0,0.0,0.10382070666615119,0.12296079095985937,0.0,0.0,0.7800863727898143,0.0,0.0,0.10418368664512385,0.11572994056506189,0.0,0.0
2017-11-21,734914503.6611629,343176.11116285296,0.0,734571327.55,0.9995330394087295,Bull,1.0,0.0,0.0,0.0,0.7730424079532596,0.0,0.0,0.1034446859073704,0.12304594554809949,0.0,0.0,0.7800863727898143,0.0,0.0,0.10418368664512385,0.11572994056506189,0.0,0.0
2017-11-22,740558539.5111629,343176.11116285296,0.0,740215363.4,0.9995365982662364,Bull,1.0,0.0,0.0,0.0,0.7735577713790779,0.0,0.0,0.1032943324784211,0.12268449440873741,0.0,0.0,0.7800863727898143,0.0,0.0,0.10418368664512385,0.11572994056506189,0.0,0.0
2017-11-23,740476538.5111629,343176.11116285296,0.0,740133362.4,0.9995365469487353,Bull,1.0,0.0,0.0,0.0,0.7734964345414781,0.0,0.0,0.10326998361589171,0.12277012879136552,0.0,0.0,0.7800863727898143,0.0,0.0,0.10418368664512385,0.11572994056506189,0.0,0.0
2017-11-24,736671098.6111629,343176.11116285296,0.0,736327922.5,0.9995341528779805,Bull,1.0,0.0,0.0,0.0,0.7720153180601268,0.0,0.0,0.10418692975019472,0.123331905067659,0.0,0.0,0.7800863727898143,0.0,0.0,0.10418368664512385,0.11572994056506189,0.0,0.0
2017-11-27,733576971.011163,343176.11116285296,0.0,733233794.9000001,0.9995321879983639,Bull,1.0,0.0,0.0,0.0,0.7724721021693264,0.0,0.0,0.1046625003701645,0.12239758545887297,0.0,0.0,0.7800863727898143,0.0,0.0,0.10418368664512385,0.11572994056506189,0.0,0.0
2017-11-28,735424414.9111629,343176.11116285296,0.0,735081238.8,0.99953336317886,Bull,1.0,0.0,0.0,0.0,0.7736016472457261,0.0,0.0,0.10463957741910959,0.12129213851402425,0.0,0.0,0.7800863727898143,0.0,0.0,0.10418368664512385,0.11572994056506189,0.0,0.0
2017-11-29,733758817.9611629,343176.11116285296,0.0,733415641.85,0.9995323039358949,Bull,1.0,0.0,0.0,0.0,0.7733968273482971,0.0,0.0,0.10442259516948724,0.12171288141811057,0.0,0.0,0.7800863727898143,0.0,0.0,0.10418368664512385,0.11572994056506189,0.0,0.0
2017-11-30,728876080.061163,343176.11116285296,0.0,728532903.95,0.9995291708418609,Bull,1.0,0.0,0.0,0.0,0.7749796836556908,0.0,0.0,0.1041439033005861,0.120405583885584,0.0,0.0,0.7850647795923607,0.0,0.0,0.12813776498384288,0.08679745542379641,0.0,0.0
2017-12-01,733225130.542679,1151356.0426789797,0.0,732073774.5,0.9984297373416173,Bull,1.0,0.0,0.0,0.0,0.7923546947579467,0.0,0.0,0.11099592282081883,0.09507911976285177,0.0,0.0,0.7850647795923607,0.0,0.0,0.12813776498384288,0.08679745542379641,0.0,0.0
2017-12-04,737775169.2774593,1627641.577459231,0.0,736147527.7,0.9977938515075626,Bull,1.0,0.0,0.0,0.0,0.794800980187875,0.0,0.0,0.11433700063748843,0.08865587068219914,0.0,0.0,0.7850647795923607,0.0,0.0,0.12813776498384288,0.08679745542379641,0.0,0.0
2017-12-05,737354800.9274592,1627641.577459231,0.0,735727159.35,0.9977925937751921,Bull,1.0,0.0,0.0,0.0,0.7955287042441164,0.0,0.0,0.11425300261696947,0.08801088691410633,0.0,0.0,0.7850647795923607,0.0,0.0,0.12813776498384288,0.08679745542379641,0.0,0.0
2017-12-06,731643284.3774592,1627641.577459231,0.0,730015642.8,0.9977753618297144,Bull,1.0,0.0,0.0,0.0,0.7956096983727521,0.0,0.0,0.11497747850112254,0.08718818495583978,0.0,0.0,0.7850647795923607,0.0,0.0,0.12813776498384288,0.08679745542379641,0.0,0.0
2017-12-07,729466938.4274592,1627641.577459231,0.0,727839296.85,0.9977687246786427,Bull,1.0,0.0,0.0,0.0,0.7947470492628113,0.0,0.0,0.1155192861538849,0.08750238926194664,0.0,0.0,0.7850647795923607,0.0,0.0,0.12813776498384288,0.08679745542379641,0.0,0.0
2017-12-08,728463457.7774593,1627641.577459231,0.0,726835816.2,0.9977656510287761,Bull,1.0,0.0,0.0,0.0,0.7946324692333958,0.0,0.0,0.11551025532114713,0.08762292647423321,0.0,0.0,0.7850647795923607,0.0,0.0,0.12813776498384288,0.08679745542379641,0.0,0.0
2017-12-11,729597074.1274592,1627641.577459231,0.0,727969432.55,0.9977691226634842,Bull,1.0,0.0,0.0,0.0,0.7940765569034993,0.0,0.0,0.11555693270950701,0.08813563305047781,0.0,0.0,0.7850647795923607,0.0,0.0,0.12813776498384288,0.08679745542379641,0.0,0.0
2017-12-12,731297182.3774592,1627641.577459231,0.0,729669540.8,0.9977743089722187,Bull,1.0,0.0,0.0,0.0,0.7951486821124709,0.0,0.0,0.11528828775998672,0.08733733909976112,0.0,0.0,0.7850647795923607,0.0,0.0,0.12813776498384288,0.08679745542379641,0.0,0.0
2017-12-13,732940115.0274593,1627641.577459231,0.0,731312473.45,0.9977792980025412,Bull,1.0,0.0,0.0,0.0,0.795403964794803,0.0,0.0,0.11517994208413226,0.08719539112360589,0.0,0.0,0.7850647795923607,0.0,0.0,0.12813776498384288,0.08679745542379641,0.0,0.0
2017-12-14,733369980.3774592,1627641.577459231,0.0,731742338.8,0.99778059966864,Bull,1.0,0.0,0.0,0.0,0.7943897410419639,0.0,0.0,0.11543968565010833,0.08795117297656774,0.0,0.0,0.7850647795923607,0.0,0.0,0.12813776498384288,0.08679745542379641,0.0,0.0
2017-12-15,732505133.3774592,1627641.577459231,0.0,730877491.8,0.9977779792887533,Bull,1.0,0.0,0.0,0.0,0.7950621303016814,0.0,0.0,0.1153609662916259,0.08735488269544603,0.0,0.0,0.7850647795923607,0.0,0.0,0.12813776498384288,0.08679745542379641,0.0,0.0
2017-12-18,733170983.3774592,1627641.577459231,0.0,731543341.8,0.9977799972798143,Bull,1.0,0.0,0.0,0.0,0.794608699755467,0.0,0.0,0.11578813390695074,0.0873831636173965,0.0,0.0,0.7850647795923607,0.0,0.0,0.12813776498384288,0.08679745542379641,0.0,0.0
2017-12-19,733592529.3274592,1627641.577459231,0.0,731964887.75,0.9977812729650458,Bull,1.0,0.0,0.0,0.0,0.7954909086724208,0.0,0.0,0.11538762544051925,0.08690273885210587,0.0,0.0,0.7850647795923607,0.0,0.0,0.12813776498384288,0.08679745542379641,0.0,0.0
2017-12-20,732056718.0774592,1627641.577459231,0.0,730429076.5,0.997776618208308,Bull,1.0,0.0,0.0,0.0,0.7943347996684479,0.0,0.0,0.11608731659915997,0.08735450194070016,0.0,0.0,0.7850647795923607,0.0,0.0,0.12813776498384288,0.08679745542379641,0.0,0.0
2017-12-21,732851513.0274593,1627641.577459231,0.0,731223871.45,0.9977790295189057,Bull,1.0,0.0,0.0,0.0,0.7952018397868333,0.0,0.0,0.11537125665568762,0.08720593307638486,0.0,0.0,0.7850647795923607,0.0,0.0,0.12813776498384288,0.08679745542379641,0.0,0.0
2017-12-22,735698925.3274592,1627641.577459231,0.0,734071283.75,0.9977876254518997,Bull,1.0,0.0,0.0,0.0,0.7949353514274757,0.0,0.0,0.11566212355431316,0.08719015047011083,0.0,0.0,0.7850647795923607,0.0,0.0,0.12813776498384288,0.08679745542379641,0.0,0.0
2017-12-25,734483580.3774592,1627641.577459231,0.0,732855938.8,0.9977839646508875,Bull,1.0,0.0,0.0,0.0,0.7942579036282881,0.0,0.0,0.11603050398513091,0.08749555703746842,0.0,0.0,0.7850647795923607,0.0,0.0,0.12813776498384288,0.08679745542379641,0.0,0.0
2017-12-26,732786399.7274592,1627641.577459231,0.0,731158758.15,0.9977788321698321,Bull,1.0,0.0,0.0,0.0,0.7948952223548927,0.0,0.0,0.11604677711216732,0.08683683270277204,0.0,0.0,0.7850647795923607,0.0,0.0,0.12813776498384288,0.08679745542379641,0.0,0.0
2017-12-27,735421244.6774592,1627641.577459231,0.0,733793603.1,0.997786790102626,Bull,1.0,0.0,0.0,0.0,0.7945731882633909,0.0,0.0,0.11641967188145359,0.08679392995778167,0.0,0.0,0.7850647795923607,0.0,0.0,0.12813776498384288,0.08679745542379641,0.0,0.0
2017-12-28,737393806.9774592,1627641.577459231,0.0,735766165.4,0.9977927105407478,Bull,1.0,0.0,0.0,0.0,0.7942768977145799,0.0,0.0,0.11609807295630968,0.08741773986985826,0.0,0.0,0.7850647795923607,0.0,0.0,0.12813776498384288,0.08679745542379641,0.0,0.0
2017-12-29,739771600.9274592,1627641.577459231,0.0,738143959.35,0.9977998052704123,Bull,1.0,0.0,0.0,0.0,0.794353430995823,0.0,0.0,0.11582966944469442,0.0876167048298949,0.0,0.0,0.7850647795923607,0.0,0.0,0.12813776498384288,0.08679745542379641,0.0,0.0
2018-01-02,743449928.5274591,1627641.577459231,0.0,741822286.9499999,0.9978106910566484,Bull,1.0,0.0,0.0,0.0,0.7938710655591933,0.0,0.0,0.11627884633902023,0.08766077915843515,0.0,0.0,0.7850647795923607,0.0,0.0,0.12813776498384288,0.08679745542379641,0.0,0.0
2018-01-03,747961588.7774591,1627641.577459231,0.0,746333947.1999999,0.9978238968392487,Bull,1.0,0.0,0.0,0.0,0.7935444895908901,0.0,0.0,0.11635624249401665,0.08792316475434207,0.0,0.0,0.7850647795923607,0.0,0.0,0.12813776498384288,0.08679745542379641,0.0,0.0
2018-01-04,750047533.7274592,1627641.577459231,0.0,748419892.15,0.9978299487642197,Bull,1.0,0.0,0.0,0.0,0.7938142122687744,0.0,0.0,0.1161793034195398,0.08783643307590558,0.0,0.0,0.7850647795923607,0.0,0.0,0.12813776498384288,0.08679745542379641,0.0,0.0
2018-01-05,755869136.9274591,1627641.577459231,0.0,754241495.3499999,0.9978466622091816,Bull,1.0,0.0,0.0,0.0,0.794714608658045,0.0,0.0,0.11571116708842921,0.08742088646270735,0.0,0.0,0.7850647795923607,0.0,0.0,0.12813776498384288,0.08679745542379641,0.0,0.0
2018-01-08,765924443.2774593,1627641.577459231,0.0,764296801.7,0.9978749319312824,Bull,1.0,0.0,0.0,0.0,0.7963897836839688,0.0,0.0,0.11485140704424994,0.08663374120306362,0.0,0.0,0.7850647795923607,0.0,0.0,0.12813776498384288,0.08679745542379641,0.0,0.0
2018-01-09,766610207.5774592,1627641.577459231,0.0,764982566.0,0.9978768328919039,Bull,1.0,0.0,0.0,0.0,0.7959236779903539,0.0,0.0,0.11534545082491017,0.08660770407663981,0.0,0.0,0.7850647795923607,0.0,0.0,0.12813776498384288,0.08679745542379641,0.0,0.0
2018-01-10,767270757.5774592,1627641.577459231,0.0,765643116.0,0.9978786607447439,Bull,1.0,0.0,0.0,0.0,0.7970352837775944,0.0,0.0,0.11472156227863768,0.0861218146885118,0.0,0.0,0.7850647795923607,0.0,0.0,0.12813776498384288,0.08679745542379641,0.0,0.0
2018-01-11,764198683.0274593,1627641.577459231,0.0,762571041.45,0.9978701329724737,Bull,1.0,0.0,0.0,0.0,0.796655967840924,0.0,0.0,0.11510750012224143,0.08610666500930829,0.0,0.0,0.7850647795923607,0.0,0.0,0.12813776498384288,0.08679745542379641,0.0,0.0
2018-01-12,766709743.2774593,1627641.577459231,0.0,765082101.7,0.9978771085254486,Bull,1.0,0.0,0.0,0.0,0.7966015914825483,0.0,0.0,0.11473051017191385,0.08654500687098649,0.0,0.0,0.7850647795923607,0.0,0.0,0.12813776498384288,0.08679745542379641,0.0,0.0
2018-01-15,771466086.2274593,1627641.577459231,0.0,769838444.6500001,0.9978901968517909,Bull,1.0,0.0,0.0,0.0,0.7968783147114813,0.0,0.0,0.11443795336710372,0.08657392877320592,0.0,0.0,0.7850647795923607,0.0,0.0,0.12813776498384288,0.08679745542379641,0.0,0.0
2018-01-16,771699717.8774592,1627641.577459231,0.0,770072076.3,0.9978908355934922,Bull,1.0,0.0,0.0,0.0,0.7968994442442606,0.0,0.0,0.1140858263394884,0.08690556500974318,0.0,0.0,0.7850647795923607,0.0,0.0,0.12813776498384288,0.08679745542379641,0.0,0.0
2018-01-17,773125980.1774592,1627641.577459231,0.0,771498338.6,0.9978947265786029,Bull,1.0,0.0,0.0,0.0,0.7970854742955991,0.0,0.0,0.11391093076420153,0.08689832151880227,0.0,0.0,0.7850647795923607,0.0,0.0,0.12813776498384288,0.08679745542379641,0.0,0.0
2018-01-18,773666044.4774592,1627641.577459231,0.0,772038402.9,0.9978961961829945,Bull,1.0,0.0,0.0,0.0,0.7972822476868717,0.0,0.0,0.1126034942619718,0.08801045423415094,0.0,0.0,0.7850647795923607,0.0,0.0,0.12813776498384288,0.08679745542379641,0.0,0.0
2018-01-19,773362587.4762572,1279816.2262572339,0.0,772082771.25,0.9983451278262196,Bull,1.0,0.0,0.0,0.0,0.7930570099744182,0.0,0.0,0.11727746010571594,0.08801065774608552,0.0,0.0,0.7850647795923607,0.0,0.0,0.12813776498384288,0.08679745542379641,0.0,0.0
2018-01-22,772159392.5262572,1279816.2262572339,0.0,770879576.3,0.9983425491697121,Bull,1.0,0.0,0.0,0.0,0.7921468445767826,0.0,0.0,0.1172387474350662,0.0889569571578633,0.0,0.0,0.7850647795923607,0.0,0.0,0.12813776498384288,0.08679745542379641,0.0,0.0
2018-01-23,772297442.5262572,1279816.2262572339,0.0,771017626.3,0.9983428454429801,Bull,1.0,0.0,0.0,0.0,0.7915018134728802,0.0,0.0,0.1175460321389237,0.08929499983117627,0.0,0.0,0.7850647795923607,0.0,0.0,0.12813776498384288,0.08679745542379641,0.0,0.0
2018-01-24,767471118.9762572,1279816.2262572339,0.0,766191302.75,0.9983324242507465,Bull,1.0,0.0,0.0,0.0,0.7915882275288518,0.0,0.0,0.11800704646815748,0.08873715025373725,0.0,0.0,0.7850647795923607,0.0,0.0,0.12813776498384288,0.08679745542379641,0.0,0.0
2018-01-25,773330154.8262572,1279816.2262572339,0.0,772050338.6,0.9983450584226283,Bull,1.0,0.0,0.0,0.0,0.7926658294318292,0.0,0.0,0.11736190478747177,0.08831732420332748,0.0,0.0,0.7850647795923607,0.0,0.0,0.12813776498384288,0.08679745542379641,0.0,0.0
2018-01-26,772084109.8762573,1279816.2262572339,0.0,770804293.6500001,0.9983423875587049,Bull,1.0,0.0,0.0,0.0,0.7920507439895513,0.0,0.0,0.11778120911538326,0.08851043445377023,0.0,0.0,0.7850647795923607,0.0,0.0,0.12813776498384288,0.08679745542379641,0.0,0.0
2018-01-29,773307724.2262572,1279816.2262572339,1718200.0000000002,770309708.0,0.9961231264963027,Bull,1.0,0.0,0.0,0.0,0.7914037825140606,0.0,0.0,0.11831835779417305,0.0864009861880691,0.0,0.0,0.7850647795923607,0.0,0.0,0.12813776498384288,0.08679745542379641,0.0,0.0
2018-01-30,766887571.0262572,1279816.2262572339,1718200.0000000002,763889554.8,0.9960906704717548,Bull,1.0,0.0,0.0,0.0,0.7915762723701978,0.0,0.0,0.11840849093235718,0.08610590716919977,0.0,0.0,0.7850647795923607,0.0,0.0,0.12813776498384288,0.08679745542379641,0.0,0.0
2018-01-31,771371389.5262573,1279816.2262572339,1718200.0000000002,768373373.3000001,0.9961133945762515,Bull,1.0,0.0,0.0,0.0,0.7922704051485916,0.0,0.0,0.11813634941265612,0.08570664001500354,0.0,0.0,0.7850647795923607,0.0,0.0,0.12813776498384288,0.08679745542379641,0.0,0.0
2018-02-01,771016460.9262571,1279816.2262572339,1718200.0000000002,768018444.6999999,0.9961116054219445,Bull,1.0,0.0,0.0,0.0,0.7911312217215297,0.0,0.0,0.11862652048974588,0.08635386321066883,0.0,0.0,0.7850647795923607,0.0,0.0,0.12813776498384288,0.08679745542379641,0.0,0.0
2018-02-02,770515975.2262572,1279816.2262572339,1718200.0000000002,767517959.0,0.9961090797301421,Bull,1.0,0.0,0.0,0.0,0.7921452359514952,0.0,0.0,0.1179086520215526,0.0860551917570942,0.0,0.0,0.7850647795923607,0.0,0.0,0.12813776498384288,0.08679745542379641,0.0,0.0
2018-02-05,760020364.8262572,1279816.2262572339,1718200.0000000002,757022348.6,0.9960553475077704,Bull,1.0,0.0,0.0,0.0,0.7915672743026158,0.0,0.0,0.11858037517271328,0.08590769803244132,0.0,0.0,0.7850647795923607,0.0,0.0,0.12813776498384288,0.08679745542379641,0.0,0.0
2018-02-06,736096003.0262573,1279816.2262572339,1718200.0000000002,733097986.8000001,0.9959271396476388,Bear,0.5,0.0,0.0,0.0,0.7908660479158096,0.0,0.0,0.12055221008561111,0.08450888164621786,0.0,0.0,0.3797184972660544,0.0,0.0,0.08674665370818906,0.03353484902575659,0.0,0.0
2018-02-07,743261531.0622584,221728.76225837693,1718200.0000000002,741321602.3,0.9973899782496668,Bull,0.5,0.0,0.0,0.0,0.8256942901684946,0.0,0.0,0.10745881047529929,0.06423687760587292,0.0,0.0,0.3797184972660544,0.0,0.0,0.08674665370818906,0.03353484902575659,0.0,0.0
2018-02-08,740313230.6561732,328071.25617327075,1718200.0000000002,738266959.4,0.9972359385575758,Bull,0.5,0.0,0.0,0.0,0.8336184385803856,0.0,0.0,0.11146741214777166,0.05215008782941851,0.0,0.0,0.3797184972660544,0.0,0.0,0.08674665370818906,0.03353484902575659,0.0,0.0
2018-02-09,733784184.9071391,789094.0571391298,1718200.0000000002,731276890.8499999,0.996583063373795,Bear,0.5,0.0,0.0,0.0,0.7944459049955852,0.0,0.0,0.15786044777547104,0.044276710602738835,0.0,0.0,0.36830276268860385,0.0,0.0,0.10654610054207875,0.02515113676931744,0.0,0.0
2018-02-12,736177564.6877174,112328231.9377175,1718200.0000000002,622131132.75,0.8450829834972011,Bear,0.5,0.0,0.0,0.0,0.6715181994981108,0.0,0.0,0.1367557296352904,0.03680905436379989,0.0,0.0,0.36071661558894463,0.0,0.0,0.12042003183406726,0.01886335257698808,0.0,0.0
2018-02-21,742968131.4402845,251605785.1902845,1718200.0000000002,489644146.25,0.6590378853811643,Bull,0.5,0.0,0.0,0.0,0.5040837290342132,0.0,0.0,0.1281885399517366,0.026765616395214555,0.0,0.0,0.36071661558894463,0.0,0.0,0.12042003183406726,0.01886335257698808,0.0,0.0
2018-02-22,743343252.1756492,339642615.02564913,1718200.0000000002,401982437.15000004,0.5407763317598706,Bull,0.5,0.0,0.0,0.0,0.3988491673022445,0.0,0.0,0.12122340484864885,0.020703759608977256,0.0,0.0,0.36071661558894463,0.0,0.0,0.12042003183406726,0.01886335257698808,0.0,0.0
2018-02-23,747375389.2568831,362127868.3068831,1718200.0000000002,383529320.95000005,0.5131682504709502,Bull,0.5,0.0,0.0,0.0,0.37271272904365926,0.0,0.0,0.12092584436030471,0.01952967706698615,0.0,0.0,0.36071661558894463,0.0,0.0,0.12042003183406726,0.01886335257698808,0.0,0.0
2018-02-26,748097048.5568831,362127868.3068831,1718200.0000000002,384250980.25,0.513637877587192,Bull,0.5,0.0,0.0,0.0,0.37307630178249296,0.0,0.0,0.12095556341861396,0.01960601238608516,0.0,0.0,0.36071661558894463,0.0,0.0,0.12042003183406726,0.01886335257698808,0.0,0.0
2018-02-27,747673717.906883,362127868.3068831,1718200.0000000002,383827649.59999996,0.5133625007904888,Bull,0.5,0.0,0.0,0.0,0.37277403622031774,0.0,0.0,0.1209832549059396,0.019605209664231606,0.0,0.0,0.36071661558894463,0.0,0.0,0.12042003183406726,0.01886335257698808,0.0,0.0
2018-03-01,745161977.0068831,362127868.3068831,1718200.0000000002,381315908.7,0.5117221764744952,Bull,0.5,0.0,0.0,0.0,0.3718780845650157,0.0,0.0,0.12031612289199217,0.019527969017487302,0.0,0.0,0.36071661558894463,0.0,0.0,0.12042003183406726,0.01886335257698808,0.0,0.0
2018-03-02,743797552.4068831,362127868.3068831,1718200.0000000002,379951484.1,0.5108264780792844,Bull,0.5,0.0,0.0,0.0,0.3711033778032713,0.0,0.0,0.12030289654818706,0.019420203727825994,0.0,0.0,0.36071661558894463,0.0,0.0,0.12042003183406726,0.01886335257698808,0.0,0.0
2018-03-05,741791027.856883,362127868.3068831,1718200.0000000002,377944959.54999995,0.5095032770104069,Bull,0.5,0.0,0.0,0.0,0.36951776073905845,0.0,0.0,0.12060876532637324,0.01937675094497522,0.0,0.0,0.36071661558894463,0.0,0.0,0.12042003183406726,0.01886335257698808,0.0,0.0
2018-03-06,745469162.7068832,362127868.3068831,1718200.0000000002,381623094.40000004,0.5119233812627249,Bull,0.5,0.0,0.0,0.0,0.37096691350160743,0.0,0.0,0.12134103531733491,0.01961543244378254,0.0,0.0,0.36071661558894463,0.0,0.0,0.12042003183406726,0.01886335257698808,0.0,0.0
2018-03-07,744861650.4068831,362127868.3068831,1718200.0000000002,381015582.1,0.51152530391633,Bull,0.5,0.0,0.0,0.0,0.3704509178976657,0.0,0.0,0.1215265948388575,0.019547791179806793,0.0,0.0,0.36071661558894463,0.0,0.0,0.12042003183406726,0.01886335257698808,0.0,0.0
2018-03-08,746764409.656883,362127868.3068831,1718200.0000000002,382918341.34999996,0.5127699397537439,Bull,0.5,0.0,0.0,0.0,0.3713525146135678,0.0,0.0,0.12169299825329777,0.01972442688687827,0.0,0.0,0.36071661558894463,0.0,0.0,0.12042003183406726,0.01886335257698808,0.0,0.0
2018-03-09,747643499.5568831,362127868.3068831,1718200.0000000002,383797431.25,0.513342831814188,Bull,0.5,0.0,0.0,0.0,0.3730910941047745,0.0,0.0,0.12052669494673252,0.019725042762681007,0.0,0.0,0.3705374616917085,0.0,0.0,0.10003247037645696,0.029430067931834572,0.0,0.0
2018-03-12,749664694.0121386,369253757.5621387,1718200.0000000002,378692736.45,0.5051494881308471,Bull,1.0,0.0,0.0,0.0,0.3730978511914169,0.0,0.0,0.1047748421759451,0.02727679476348515,0.0,0.0,0.7558061925375628,0.0,0.0,0.16413124109872101,0.08006256636371628,0.0,0.0
2018-03-13,751449836.6333516,221050224.58335164,0.0,530399612.04999995,0.7058350221038018,Sideways,1.0,1718200.0000000002,0.0,0.0,0.5287043029112382,0.0,0.0,0.12818087822274332,0.048949840969820295,0.0,0.0,0.7558061925375628,0.0,0.0,0.16413124109872101,0.08006256636371628,0.0,0.0
2018-03-14,749756924.9259342,70970077.17593417,0.0,678786847.75,0.9053425519438248,Bull,1.0,0.0,0.0,0.0,0.6825540795112414,0.0,0.0,0.15307787922243976,0.06971059321014364,0.0,0.0,0.7668546444031721,0.0,0.0,0.13623410226643573,0.09691125333039222,0.0,0.0
2018-03-15,748718864.6203989,17638146.52039893,0.0,731080718.0999999,0.9764422303833075,Bull,1.0,0.0,0.0,0.0,0.7449731727846775,0.0,0.0,0.14133609422763957,0.09013296337099048,0.0,0.0,0.7668546444031721,0.0,0.0,0.13623410226643573,0.09691125333039222,0.0,0.0
2018-03-16,752400481.9070913,4264974.907091305,0.0,748135507.0,0.994331509602066,Bull,1.0,0.0,0.0,0.0,0.7630206529704101,0.0,0.0,0.13697359647986782,0.0943372601517881,0.0,0.0,0.7668546444031721,0.0,0.0,0.13623410226643573,0.09691125333039222,0.0,0.0
2018-03-19,752797680.9070913,4264974.907091305,0.0,748532706.0,0.9943345004703625,Bull,1.0,0.0,0.0,0.0,0.7626970971910595,0.0,0.0,0.13740610873742348,0.09423129454187959,0.0,0.0,0.7668546444031721,0.0,0.0,0.13623410226643573,0.09691125333039222,0.0,0.0
2018-03-20,750091572.6570913,4264974.907091305,0.0,745826597.75,0.9943140610259316,Bull,1.0,0.0,0.0,0.0,0.7618805737619658,0.0,0.0,0.1379186272331225,0.09451486003084315,0.0,0.0,0.7668546444031721,0.0,0.0,0.13623410226643573,0.09691125333039222,0.0,0.0
2018-03-21,751257054.3070914,4264974.907091305,0.0,746992079.4000001,0.994322882051304,Bull,1.0,0.0,0.0,0.0,0.7612760188022392,0.0,0.0,0.13862232561137494,0.0944245376376899,0.0,0.0,0.7668546444031721,0.0,0.0,0.13623410226643573,0.09691125333039222,0.0,0.0
2018-03-22,753040967.6070913,4264974.907091305,0.0,748775992.7,0.9943363308364963,Bull,1.0,0.0,0.0,0.0,0.7609616439871947,0.0,0.0,0.13951086928754589,0.0938638175617557,0.0,0.0,0.7668546444031721,0.0,0.0,0.13623410226643573,0.09691125333039222,0.0,0.0
2018-03-23,746944396.0570912,4264974.907091305,0.0,742679421.15,0.9942901038824243,Bull,1.0,0.0,0.0,0.0,0.7620452394511222,0.0,0.0,0.13925721988019257,0.09298764455110956,0.0,0.0,0.7668546444031721,0.0,0.0,0.13623410226643573,0.09691125333039222,0.0,0.0
2018-03-26,750084788.9570912,4264974.907091305,0.0,745819814.05,0.994314009602806,Bull,1.0,0.0,0.0,0.0,0.7617674994375688,0.0,0.0,0.13983539133733874,0.09271111882789843,0.0,0.0,0.7668546444031721,0.0,0.0,0.13623410226643573,0.09691125333039222,0.0,0.0
2018-03-27,755217345.2070912,4264974.907091305,0.0,750952370.3,0.9943526523402058,Bull,1.0,0.0,0.0,0.0,0.7610915903187904,0.0,0.0,0.13983577134479247,0.09342529067662296,0.0,0.0,0.7668546444031721,0.0,0.0,0.13623410226643573,0.09691125333039222,0.0,0.0
2018-03-28,753024413.5570912,4264974.907091305,0.0,748759438.65,0.994336206329693,Bull,1.0,0.0,0.0,0.0,0.7614031209713634,0.0,0.0,0.14052771476575387,0.0924053705925757,0.0,0.0,0.7668546444031721,0.0,0.0,0.13623410226643573,0.09691125333039222,0.0,0.0
2018-03-29,751292552.3070912,4264974.907091305,0.0,747027577.4,0.9943231502907965,Bull,1.0,0.0,0.0,0.0,0.7607848309487428,0.0,0.0,0.14108884704699276,0.09244947229506087,0.0,0.0,0.7668546444031721,0.0,0.0,0.13623410226643573,0.09691125333039222,0.0,0.0
2018-03-30,754827479.9070913,4264974.907091305,0.0,750562505.0,0.994349735508283,Bull,1.0,0.0,0.0,0.0,0.7595886745810744,0.0,0.0,0.14190394871843315,0.09285711220877549,0.0,0.0,0.7668546444031721,0.0,0.0,0.13623410226643573,0.09691125333039222,0.0,0.0
2018-03-31,755644228.9070913,4264974.907091305,0.0,751379254.0,0.9943558426784258,Bull,1.0,0.0,0.0,0.0,0.7594139305873746,0.0,0.0,0.1420732083870647,0.09286870370398649,0.0,0.0,0.7668546444031721,0.0,0.0,0.13623410226643573,0.09691125333039222,0.0,0.0
2018-04-02,754312448.2570913,4264974.907091305,0.0,750047473.35,0.9943458776042396,Bull,1.0,0.0,0.0,0.0,0.7604797914649916,0.0,0.0,0.14161850337592616,0.0922475827633219,0.0,0.0,0.7668546444031721,0.0,0.0,0.13623410226643573,0.09691125333039222,0.0,0.0
2018-04-03,751385503.3070912,4264974.907091305,0.0,747120528.4,0.9943238525519594,Bull,1.0,0.0,0.0,0.0,0.7611822771170068,0.0,0.0,0.14137909173446445,0.09176248370048809,0.0,0.0,0.7668546444031721,0.0,0.0,0.13623410226643573,0.09691125333039222,0.0,0.0
2018-04-09,756091362.5570912,4264974.907091305,0.0,751826387.65,0.9943591804928611,Bull,1.0,0.0,0.0,0.0,0.7599483555885927,0.0,0.0,0.14243622574364237,0.09197459916062599,0.0,0.0,0.7668546444031721,0.0,0.0,0.13623410226643573,0.09691125333039222,0.0,0.0
2018-04-10,760525634.1070913,4264974.907091305,0.0,756260659.2,0.9943920694900723,Bull,1.0,0.0,0.0,0.0,0.7605532716581008,0.0,0.0,0.1420667432556072,0.09177205457636424,0.0,0.0,0.7668546444031721,0.0,0.0,0.13623410226643573,0.09691125333039222,0.0,0.0
2018-04-11,759014188.1570913,4264974.907091305,0.0,754749213.25,0.9943809022629119,Bull,1.0,0.0,0.0,0.0,0.7599090007137322,0.0,0.0,0.14212698745714764,0.092344914092032,0.0,0.0,0.7668546444031721,0.0,0.0,0.13623410226643573,0.09691125333039222,0.0,0.0
2018-04-12,759448568.8070912,4264974.907091305,0.0,755183593.9,0.9943841162097514,Bull,1.0,0.0,0.0,0.0,0.7608767961833894,0.0,0.0,0.14160511246854013,0.09190220755782179,0.0,0.0,0.7668546444031721,0.0,0.0,0.13623410226643573,0.09691125333039222,0.0,0.0
2018-04-13,758050655.5070913,4264974.907091305,0.0,753785680.6,0.9943737600170819,Bull,1.0,0.0,0.0,0.0,0.7608007148469579,0.0,0.0,0.1415013617107763,0.09207168345934778,0.0,0.0,0.7668546444031721,0.0,0.0,0.13623410226643573,0.09691125333039222,0.0,0.0
2018-04-16,756811460.5570912,4264974.907091305,0.0,752546485.65,0.9943645476722144,Bull,1.0,0.0,0.0,0.0,0.7603694125170949,0.0,0.0,0.14199626406409746,0.0919988710910221,0.0,0.0,0.7668546444031721,0.0,0.0,0.13623410226643573,0.09691125333039222,0.0,0.0
2018-04-17,754234046.2570913,4264974.907091305,0.0,749969071.35,0.9943452898629327,Bull,1.0,0.0,0.0,0.0,0.7608018680641798,0.0,0.0,0.14223966755729217,0.09130375424146074,0.0,0.0,0.7668546444031721,0.0,0.0,0.13623410226643573,0.09691125333039222,0.0,0.0
2018-04-18,754510796.2570913,4264974.907091305,0.0,750245821.35,0.9943473639764354,Bull,1.0,0.0,0.0,0.0,0.7599544290080938,0.0,0.0,0.14289841912780538,0.09149451584053617,0.0,0.0,0.7668546444031721,0.0,0.0,0.13623410226643573,0.09691125333039222,0.0,0.0
2018-04-19,760650599.4570912,4264974.907091305,0.0,756385624.55,0.9943929908026953,Bull,1.0,0.0,0.0,0.0,0.7608867001000091,0.0,0.0,0.14158248225514627,0.09192380844753983,0.0,0.0,0.7668546444031721,0.0,0.0,0.13623410226643573,0.09691125333039222,0.0,0.0
2018-04-20,755308943.2570913,4264974.907091305,0.0,751043968.35,0.9943533372070248,Bull,0.5,0.0,0.0,0.0,0.7618480801625244,0.0,0.0,0.14205948566860507,0.09044577137589536,0.0,0.0,0.38342732220158604,0.0,0.0,0.06811705113321787,0.04845562666519611,0.0,0.0
2018-04-23,754573052.8210465,154233304.82104644,0.0,600339748.0,0.7956018913683308,Bull,0.5,0.0,0.0,0.0,0.6104513622344295,0.0,0.0,0.11225420743998962,0.07289632169391166,0.0,0.0,0.38342732220158604,0.0,0.0,0.06811705113321787,0.04845562666519611,0.0,0.0
2018-04-24,752883043.9667032,304276027.6167032,0.0,448607016.35,0.595852197688543,Bear,0.5,0.0,0.0,0.0,0.4576530433394093,0.0,0.0,0.08198776754856751,0.05621138680056614,0.0,0.0,0.37684942534068505,0.0,0.0,0.08680885466041789,0.036341719998897085,0.0,0.0
2018-04-25,752464558.5776887,358088410.57768863,0.0,394376148.0,0.5241125890971546,Bear,0.5,0.0,0.0,0.0,0.3977325504415776,0.0,0.0,0.08517371252825985,0.04120632612731718,0.0,0.0,0.37269234368289367,0.0,0.0,0.10005136631793353,0.027256289999172813,0.0,0.0
2018-04-26,753004601.4469292,368370721.7969292,0.0,384633879.65000004,0.5107988436072107,Bear,0.5,0.0,0.0,0.0,0.38352671297766844,0.0,0.0,0.09661813468363992,0.030653995945902374,0.0,0.0,0.37269234368289367,0.0,0.0,0.10005136631793353,0.027256289999172813,0.0,0.0
2018-04-27,755176895.3469292,368370721.7969292,0.0,386806173.55,0.5122060485872,Bear,0.5,0.0,0.0,0.0,0.3847263804549094,0.0,0.0,0.09685584986865611,0.030623818263634382,0.0,0.0,0.37269234368289367,0.0,0.0,0.10005136631793353,0.027256289999172813,0.0,0.0
2018-04-30,756264009.6469293,368370721.7969292,0.0,387893287.85,0.5129072425793375,Bear,0.5,0.0,0.0,0.0,0.38488171344540184,0.0,0.0,0.09713684515318424,0.030888683980751497,0.0,0.0,0.37269234368289367,0.0,0.0,0.10005136631793353,0.027256289999172813,0.0,0.0
2018-05-02,758515447.4969292,368370721.7969292,0.0,390144725.7,0.5143530391997448,Bear,0.5,0.0,0.0,0.0,0.3870965669439299,0.0,0.0,0.09669045006535205,0.030566022190462856,0.0,0.0,0.37269234368289367,0.0,0.0,0.10005136631793353,0.027256289999172813,0.0,0.0
2018-05-03,756123006.5969292,368370721.7969292,0.0,387752284.8,0.5128164087284561,Bear,0.5,0.0,0.0,0.0,0.3861163888055482,0.0,0.0,0.0963655375703204,0.030334482352587566,0.0,0.0,0.37269234368289367,0.0,0.0,0.10005136631793353,0.027256289999172813,0.0,0.0
2018-05-04,754377716.6969292,368370721.7969292,0.0,386006994.9,0.5116892855612781,Bear,0.5,0.0,0.0,0.0,0.38475777912805026,0.0,0.0,0.09637201416595864,0.030559492267269193,0.0,0.0,0.37269234368289367,0.0,0.0,0.10005136631793353,0.027256289999172813,0.0,0.0
2018-05-07,754233085.0469291,368370721.7969292,0.0,385862363.25,0.5115956471546077,Bear,0.5,0.0,0.0,0.0,0.3845668785955639,0.0,0.0,0.09625048468336952,0.030778283875674325,0.0,0.0,0.37269234368289367,0.0,0.0,0.10005136631793353,0.027256289999172813,0.0,0.0
2018-05-08,754927565.6969292,368370721.7969292,0.0,386556843.9,0.5120449450579287,Bull,0.5,0.0,0.0,0.0,0.3845888759300619,0.0,0.0,0.09651270308660338,0.030943366041263395,0.0,0.0,0.37269234368289367,0.0,0.0,0.10005136631793353,0.027256289999172813,0.0,0.0
2018-05-09,753437185.0469291,368370721.7969292,0.0,385066463.25,0.5110797169189565,Bull,1.0,0.0,0.0,0.0,0.38501492759735717,0.0,0.0,0.09488581320226064,0.03117897611933873,0.0,0.0,0.7453846873657873,0.0,0.0,0.20010273263586706,0.05451257999834563,0.0,0.0
2018-05-10,752803957.0941582,328876863.1941582,0.0,423927093.90000004,0.5631307990680191,Bull,1.0,0.0,0.0,0.0,0.38564587920157317,0.0,0.0,0.13666732092792608,0.040817598938519786,0.0,0.0,0.7453846873657873,0.0,0.0,0.20010273263586706,0.05451257999834563,0.0,0.0
2018-05-11,754745848.2746792,302381399.12467915,0.0,452364449.15000004,0.5993599702258559,Bull,1.0,0.0,0.0,0.0,0.3865845036670057,0.0,0.0,0.165312601964247,0.04746286459460316,0.0,0.0,0.7590385155243404,0.0,0.0,0.1737708568562925,0.06719062761936702,0.0,0.0
2018-05-14,756707101.4160843,151372094.01608437,0.0,605335007.4,0.7999594641931996,Bull,1.0,0.0,0.0,0.0,0.5737081184880926,0.0,0.0,0.1684680899140962,0.05778325579101087,0.0,0.0,0.7590385155243404,0.0,0.0,0.1737708568562925,0.06719062761936702,0.0,0.0
2018-05-15,755762735.9861852,37577362.28618512,0.0,718185373.7,0.9502788897931691,Bull,1.0,0.0,0.0,0.0,0.7135466569363346,0.0,0.0,0.1725585210678922,0.06417371178894238,0.0,0.0,0.7590385155243404,0.0,0.0,0.1737708568562925,0.06719062761936702,0.0,0.0
2018-05-16,757472529.883667,9489592.883667,0.0,747982937.0,0.9874720303254767,Bull,1.0,0.0,0.0,0.0,0.7480415653977867,0.0,0.0,0.17316469551726815,0.06626576941042192,0.0,0.0,0.7590385155243404,0.0,0.0,0.1737708568562925,0.06719062761936702,0.0,0.0
2018-05-17,756448115.583667,9489592.883667,0.0,746958522.7,0.9874550644146362,Bull,1.0,0.0,0.0,0.0,0.7478665238837895,0.0,0.0,0.17367945969252502,0.06590908083832166,0.0,0.0,0.7590385155243404,0.0,0.0,0.1737708568562925,0.06719062761936702,0.0,0.0
2018-05-18,759972477.883667,9489592.883667,0.0,750482885.0,0.9875132413872498,Bull,1.0,0.0,0.0,0.0,0.7469732148469956,0.0,0.0,0.17513857918993533,0.06540144735031884,0.0,0.0,0.7590385155243404,0.0,0.0,0.1737708568562925,0.06719062761936702,0.0,0.0
2018-05-21,763222355.4836669,9489592.883667,0.0,753732762.5999999,0.9875664112620846,Bull,1.0,0.0,0.0,0.0,0.7468617218880698,0.0,0.0,0.17469679581844133,0.06600789355557354,0.0,0.0,0.7590385155243404,0.0,0.0,0.1737708568562925,0.06719062761936702,0.0,0.0
2018-05-22,762303508.483667,9489592.883667,0.0,752813915.6,0.9875514243630557,Bull,1.0,0.0,0.0,0.0,0.7470002554923316,0.0,0.0,0.17470534835253676,0.06584582051818728,0.0,0.0,0.7590385155243404,0.0,0.0,0.1737708568562925,0.06719062761936702,0.0,0.0
2018-05-23,762096528.833667,9489592.883667,0.0,752606935.95,0.9875480434241183,Bull,1.0,0.0,0.0,0.0,0.7466449648062782,0.0,0.0,0.17536164375991853,0.06554143485792166,0.0,0.0,0.7590385155243404,0.0,0.0,0.1737708568562925,0.06719062761936702,0.0,0.0
2018-05-24,764870854.433667,9489592.883667,0.0,755381261.55,0.987593208933692,Bull,1.0,0.0,0.0,0.0,0.7472249180852605,0.0,0.0,0.17490403670702545,0.0654642541414061,0.0,0.0,0.7590385155243404,0.0,0.0,0.1737708568562925,0.06719062761936702,0.0,0.0
2018-05-25,766870466.733667,9489592.883667,0.0,757380873.85,0.9876255596018895,Bull,1.0,0.0,0.0,0.0,0.7462061699772555,0.0,0.0,0.17588563629852777,0.06553375332610611,0.0,0.0,0.7590385155243404,0.0,0.0,0.1737708568562925,0.06719062761936702,0.0,0.0
2018-05-28,771868770.933667,9489592.883667,0.0,762379178.05,0.9877056913804296,Bull,1.0,0.0,0.0,0.0,0.7470704862854924,0.0,0.0,0.175247406157367,0.06538779893757014,0.0,0.0,0.7590385155243404,0.0,0.0,0.1737708568562925,0.06719062761936702,0.0,0.0
2018-05-29,770158152.583667,9489592.883667,0.0,760668559.7,0.9876783841710537,Bull,1.0,0.0,0.0,0.0,0.7485172464461757,0.0,0.0,0.17390713784004216,0.06525399988483585,0.0,0.0,0.7590385155243404,0.0,0.0,0.1737708568562925,0.06719062761936702,0.0,0.0
2018-05-30,760221895.133667,9489592.883667,0.0,750732302.25,0.9875173381029778,Bull,1.0,0.0,0.0,0.0,0.7480542271806179,0.0,0.0,0.17452733320272426,0.0649357777196357,0.0,0.0,0.7590385155243404,0.0,0.0,0.1737708568562925,0.06719062761936702,0.0,0.0
2018-05-31,759592664.4836669,9489592.883667,0.0,750103071.5999999,0.9875069977273707,Bull,1.0,0.0,0.0,0.0,0.7467220236856252,0.0,0.0,0.175512490093125,0.06527248394862047,0.0,0.0,0.7590385155243404,0.0,0.0,0.1737708568562925,0.06719062761936702,0.0,0.0
2018-06-01,765941150.383667,9489592.883667,0.0,756451557.5,0.987610545694126,Bull,1.0,0.0,0.0,0.0,0.7468513177722046,0.0,0.0,0.17554677658022225,0.06521245134169922,0.0,0.0,0.7590385155243404,0.0,0.0,0.1737708568562925,0.06719062761936702,0.0,0.0
2018-06-04,769416676.983667,9489592.883667,0.0,759927084.1,0.9876665100100651,Bull,1.0,0.0,0.0,0.0,0.7472988320893981,0.0,0.0,0.17445228835720872,0.06591538956345834,0.0,0.0,0.7590385155243404,0.0,0.0,0.1737708568562925,0.06719062761936702,0.0,0.0
2018-06-05,772751549.533667,9489592.883667,0.0,763261956.65,0.9877197361954257,Bull,1.0,0.0,0.0,0.0,0.7487955954267423,0.0,0.0,0.17337267079030694,0.06555146997837638,0.0,0.0,0.7590385155243404,0.0,0.0,0.1737708568562925,0.06719062761936702,0.0,0.0
2018-06-06,774526661.833667,9489592.883667,0.0,765037068.95,0.9877478809300113,Bull,1.0,0.0,0.0,0.0,0.7487145343416673,0.0,0.0,0.17299791808687312,0.06603542850147083,0.0,0.0,0.7590385155243404,0.0,0.0,0.1737708568562925,0.06719062761936702,0.0,0.0
2018-06-07,778662833.383667,9489592.883667,0.0,769173240.5,0.987812962842428,Bull,1.0,0.0,0.0,0.0,0.7487354160292057,0.0,0.0,0.1732746115718615,0.06580293524136085,0.0,0.0,0.7590385155243404,0.0,0.0,0.1737708568562925,0.06719062761936702,0.0,0.0
2018-06-08,776748452.733667,9489592.883667,0.0,767258859.85,0.9877829265700246,Bull,1.0,0.0,0.0,0.0,0.7492009257333364,0.0,0.0,0.1733283143676413,0.06525368646904689,0.0,0.0,0.7590385155243404,0.0,0.0,0.1737708568562925,0.06719062761936702,0.0,0.0
2018-06-11,774286323.133667,9489592.883667,0.0,764796730.25,0.9877440778686869,Bull,1.0,0.0,0.0,0.0,0.7489989334990276,0.0,0.0,0.1732046608510845,0.06554048351857482,0.0,0.0,0.7590385155243404,0.0,0.0,0.1737708568562925,0.06719062761936702,0.0,0.0
2018-06-12,773199927.133667,9489592.883667,0.0,763710334.25,0.9877268575039241,Bull,1.0,0.0,0.0,0.0,0.7488138758578909,0.0,0.0,0.17339952487711785,0.06551345676891536,0.0,0.0,0.7590385155243404,0.0,0.0,0.1737708568562925,0.06719062761936702,0.0,0.0
2018-06-13,773594712.833667,9489592.883667,0.0,764105119.95,0.9877331208108873,Bull,1.0,0.0,0.0,0.0,0.7472699985661557,0.0,0.0,0.17458625008601816,0.06587687215871328,0.0,0.0,0.7590385155243404,0.0,0.0,0.1737708568562925,0.06719062761936702,0.0,0.0
2018-06-14,765885065.683667,9489592.883667,0.0,756395472.8,0.9876096384315888,Bull,1.0,0.0,0.0,0.0,0.7476225852359127,0.0,0.0,0.17444915168927452,0.06553790150640149,0.0,0.0,0.7590385155243404,0.0,0.0,0.1737708568562925,0.06719062761936702,0.0,0.0
2018-06-15,764543818.733667,9489592.883667,0.0,755054225.85,0.9875879018950349,Bull,1.0,0.0,0.0,0.0,0.7475273644833315,0.0,0.0,0.1742470434469731,0.06581349396473023,0.0,0.0,0.7590385155243404,0.0,0.0,0.1737708568562925,0.06719062761936702,0.0,0.0
2018-06-19,756795273.583667,9489592.883667,0.0,747305680.7,0.9874608190419442,Bull,1.0,0.0,0.0,0.0,0.7468542688216365,0.0,0.0,0.17521449278097312,0.06539205743933448,0.0,0.0,0.7590385155243404,0.0,0.0,0.1737708568562925,0.06719062761936702,0.0,0.0
2018-06-20,761283367.533667,9489592.883667,0.0,751793774.65,0.9875347429244244,Bull,1.0,0.0,0.0,0.0,0.7452084188939161,0.0,0.0,0.17659390147395362,0.06573242255655479,0.0,0.0,0.7590385155243404,0.0,0.0,0.1737708568562925,0.06719062761936702,0.0,0.0
2018-06-21,761873800.183667,9489592.883667,0.0,752384207.3,0.9875444031788738,Bull,1.0,0.0,0.0,0.0,0.745298902735746,0.0,0.0,0.17676549576522257,0.0654800046779053,0.0,0.0,0.7590385155243404,0.0,0.0,0.1737708568562925,0.06719062761936702,0.0,0.0
2018-06-22,762020115.533667,9489592.883667,0.0,752530522.65,0.9875467947758556,Bull,1.0,0.0,0.0,0.0,0.7451501752710792,0.0,0.0,0.1770097629319611,0.06538685657281526,0.0,0.0,0.7590385155243404,0.0,0.0,0.1737708568562925,0.06719062761936702,0.0,0.0
2018-06-25,761457201.183667,9489592.883667,0.0,751967608.3,0.9875375886275477,Bull,1.0,0.0,0.0,0.0,0.7453925281916087,0.0,0.0,0.17691145318554446,0.06523360725039455,0.0,0.0,0.7590385155243404,0.0,0.0,0.1737708568562925,0.06719062761936702,0.0,0.0
2018-06-26,760068307.233667,9489592.883667,0.0,750578714.35,0.9875148157167543,Bear,1.0,0.0,0.0,0.0,0.745012532374824,0.0,0.0,0.17731103733360673,0.0651912460083235,0.0,0.0,0.7423925929539901,0.0,0.0,0.20721443633148467,0.05039297071452527,0.0,0.0
2018-06-27,758877338.7642112,2499270.36421125,0.0,756378068.4,0.996706621430703,Bear,1.0,0.0,0.0,0.0,0.7425368232995581,0.0,0.0,0.20013735058596888,0.054032447545176006,0.0,0.0,0.7294043398513173,0.0,0.0,0.23280093211278877,0.037794728035893954,0.0,0.0
2018-06-28,758548538.728881,535470.3288809992,0.0,758013068.4,0.9992940856101598,Bear,1.0,0.0,0.0,0.0,0.7320866629452206,0.0,0.0,0.22541734809288838,0.04179007457205067,0.0,0.0,0.7294043398513173,0.0,0.0,0.23280093211278877,0.037794728035893954,0.0,0.0
2018-06-29,766234999.178881,535470.3288809992,0.0,765699528.85,0.9993011669664595,Bull,1.0,0.0,0.0,0.0,0.734374349191839,0.0,0.0,0.22283242110184465,0.04209439667277599,0.0,0.0,0.7294043398513173,0.0,0.0,0.23280093211278877,0.037794728035893954,0.0,0.0
2018-07-02,758157853.0288811,535470.3288809992,0.0,757622382.7,0.9992937218459959,Bull,1.0,0.0,0.0,0.0,0.7338749845789765,0.0,0.0,0.2230848092178992,0.04233392804912007,0.0,0.0,0.7470532548884878,0.0,0.0,0.20223290675390787,0.05071383835760418,0.0,0.0
2018-07-03,757682827.4321058,7514820.332105749,0.0,750168007.1,0.9900818389172491,Bear,1.0,0.0,0.0,0.0,0.7315392233165893,0.0,0.0,0.2099179158369565,0.04862469976370335,0.0,0.0,0.7332134509948522,0.0,0.0,0.22875117023694458,0.038035378768203135,0.0,0.0
2018-07-04,760812083.4724199,2879900.7724197516,0.0,757932182.7,0.9962147015866577,Bear,1.0,0.0,0.0,0.0,0.7313147290728721,0.0,0.0,0.2242434153008358,0.040656557212949834,0.0,0.0,0.7332134509948522,0.0,0.0,0.22875117023694458,0.038035378768203135,0.0,0.0
2018-07-05,759443571.1724199,2879900.7724197516,0.0,756563670.4000001,0.9962078805039144,Bear,1.0,0.0,0.0,0.0,0.7311334132999568,0.0,0.0,0.22466988526427653,0.040404581939681,0.0,0.0,0.7332134509948522,0.0,0.0,0.22875117023694458,0.038035378768203135,0.0,0.0
2018-07-06,759399188.5224198,2879900.7724197516,0.0,756519287.75,0.9962076588756655,Bear,1.0,0.0,0.0,0.0,0.7306930217158351,0.0,0.0,0.22500761468084632,0.040507022478984175,0.0,0.0,0.7332134509948522,0.0,0.0,0.22875117023694458,0.038035378768203135,0.0,0.0
2018-07-09,762019432.4724197,2879900.7724197516,0.0,759139531.6999999,0.9962206990403436,Bear,1.0,0.0,0.0,0.0,0.7304572665476563,0.0,0.0,0.22474741811285578,0.04101601437983175,0.0,0.0,0.7332134509948522,0.0,0.0,0.22875117023694458,0.038035378768203135,0.0,0.0
2018-07-10,764900957.0724198,2879900.7724197516,2760800.0,759260256.3,0.9926255801875199,Bear,1.0,0.0,0.0,0.0,0.7307750776511022,0.0,0.0,0.22088964386536022,0.04096085867105749,0.0,0.0,0.7332134509948522,0.0,0.0,0.22875117023694458,0.038035378768203135,0.0,0.0
2018-07-11,762838995.7724198,2879900.7724197516,5475800.0,754483295.0,0.9890465736299189,Bear,1.0,0.0,0.0,0.0,0.7310036561979351,0.0,0.0,0.21734494555055942,0.04069797188142444,0.0,0.0,0.7332134509948522,0.0,0.0,0.22875117023694458,0.038035378768203135,0.0,0.0
2018-07-12,765568615.3224199,2879900.7724197516,5475800.0,757212914.5500001,0.9890856278520498,Bear,1.0,0.0,0.0,0.0,0.7337087797328756,0.0,0.0,0.21435243910944352,0.04102440900973053,0.0,0.0,0.7332134509948522,0.0,0.0,0.22875117023694458,0.038035378768203135,0.0,0.0
2018-07-13,766756610.2724198,2879900.7724197516,5475800.0,758400909.5,0.9891025383277086,Bull,1.0,0.0,0.0,0.0,0.7348131101208536,0.0,0.0,0.21298166564482512,0.04130776256202988,0.0,0.0,0.7499100882461393,0.0,0.0,0.1826410892674156,0.06744882248644522,0.0,0.0
2018-07-16,766269282.4967418,89870.99674175587,5475800.0,760703611.5,0.9927366643504133,Bull,1.0,0.0,0.0,0.0,0.7412950309702847,0.0,0.0,0.19078410597859458,0.060657527401534114,0.0,0.0,0.7624325661846045,0.0,0.0,0.15402384081416023,0.08354359300123537,0.0,0.0
2018-07-17,768420299.7595568,777110.6595567628,5475800.0,762167389.1,0.991862642538838,Bear,1.0,0.0,0.0,0.0,0.7510928449971913,0.0,0.0,0.16363635895530773,0.07713343858633903,0.0,0.0,0.7624325661846045,0.0,0.0,0.15402384081416023,0.08354359300123537,0.0,0.0
2018-07-18,772188839.6595567,777110.6595567628,5475800.0,765935929.0,0.9919023555658827,Bull,1.0,0.0,0.0,0.0,0.7515582966154535,0.0,0.0,0.1631221451679279,0.07722191378250129,0.0,0.0,0.7718244246384534,0.0,0.0,0.12511405646628337,0.10306151889526331,0.0,0.0
2018-07-19,770439017.7328095,756418.382809516,5475800.0,764206799.35,0.9919108219607708,Bull,1.0,0.0,0.0,0.0,0.7604922464521342,0.0,0.0,0.13432666001852311,0.0970919154901135,0.0,0.0,0.7718244246384534,0.0,0.0,0.12511405646628337,0.10306151889526331,0.0,0.0
2018-07-20,772357597.3828095,756418.382809516,5475800.0,766125379.0,0.9919309159333347,Bull,1.0,0.0,0.0,0.0,0.7596341137681654,0.0,0.0,0.1338764587159888,0.09842034344918052,0.0,0.0,0.7718244246384534,0.0,0.0,0.12511405646628337,0.10306151889526331,0.0,0.0
2018-07-23,773634990.0328095,756418.382809516,7768612.0,765109959.65,0.9889805522078985,Bull,1.0,0.0,0.0,0.0,0.759230214787842,0.0,0.0,0.13160857679883634,0.09814176062122011,0.0,0.0,0.7718244246384534,0.0,0.0,0.12511405646628337,0.10306151889526331,0.0,0.0
2018-07-24,775143002.3328096,756418.382809516,7768612.0,766617971.95,0.9890019901396861,Bull,1.0,0.0,0.0,0.0,0.7597190069157823,0.0,0.0,0.1311583794139049,0.0981246038099989,0.0,0.0,0.7718244246384534,0.0,0.0,0.12511405646628337,0.10306151889526331,0.0,0.0
2018-07-25,775137035.9828094,756418.382809516,7768612.0,766612005.5999999,0.9890019054862983,Bull,1.0,0.0,0.0,0.0,0.7604848926520305,0.0,0.0,0.1303337285024793,0.09818328433178856,0.0,0.0,0.7718244246384534,0.0,0.0,0.12511405646628337,0.10306151889526331,0.0,0.0
2018-07-26,779916240.1828095,756418.382809516,7768612.0,771391209.8,0.9890693000817482,Bull,1.0,0.0,0.0,0.0,0.7610961013721991,0.0,0.0,0.13010371469661383,0.0978694840129352,0.0,0.0,0.7718244246384534,0.0,0.0,0.12511405646628337,0.10306151889526331,0.0,0.0
2018-07-27,783082481.0828096,756418.382809516,7768612.0,774557450.7,0.9891134962296417,Bull,1.0,0.0,0.0,0.0,0.7614891982712374,0.0,0.0,0.129347804920806,0.09827649303759838,0.0,0.0,0.7718244246384534,0.0,0.0,0.12511405646628337,0.10306151889526331,0.0,0.0
2018-07-30,785708672.9828095,756418.382809516,7768612.0,777183642.6,0.9891498838234206,Bull,1.0,0.0,0.0,0.0,0.7622370265131377,0.0,0.0,0.12913628611837905,0.09777657119190387,0.0,0.0,0.7718244246384534,0.0,0.0,0.12511405646628337,0.10306151889526331,0.0,0.0
2018-07-31,790485723.1328095,756418.382809516,7768612.0,781960692.75,0.989215453064701,Bull,1.0,0.0,0.0,0.0,0.7637307987769556,0.0,0.0,0.1282989648415961,0.09718568944614932,0.0,0.0,0.7718244246384534,0.0,0.0,0.12511405646628337,0.10306151889526331,0.0,0.0
2018-08-01,791423823.1328095,3517218.382809516,5007812.0,782898792.75,0.989228236333519,Bull,1.0,2760800.0,0.0,0.0,0.7634229285117314,0.0,0.0,0.12805401737697403,0.09775129044481354,0.0,0.0,0.7718244246384534,0.0,0.0,0.12511405646628337,0.10306151889526331,0.0,0.0
2018-08-02,786454333.2328095,3517218.382809516,5007812.0,777929302.85,0.9891601711344555,Bull,1.0,0.0,0.0,0.0,0.7643043943558039,0.0,0.0,0.12797119393607193,0.09688458284257981,0.0,0.0,0.7718244246384534,0.0,0.0,0.12511405646628337,0.10306151889526331,0.0,0.0
2018-08-03,789363059.8328096,6232218.382809516,2292812.0,780838029.45,0.9892001148563816,Bull,1.0,2715000.0,0.0,0.0,0.7640997661807866,0.0,0.0,0.12777643790597826,0.09732391076961674,0.0,0.0,0.7718244246384534,0.0,0.0,0.12511405646628337,0.10306151889526331,0.0,0.0
2018-08-06,791874590.7874652,2468423.7374652666,2292812.0,787113355.05,0.9939873866482689,Bull,1.0,0.0,0.0,0.0,0.7690772783154696,0.0,0.0,0.1277247700288264,0.09718533830397301,0.0,0.0,0.7718244246384534,0.0,0.0,0.12511405646628337,0.10306151889526331,0.0,0.0
2018-08-07,789921961.1874653,2468423.7374652666,2292812.0,785160725.45,0.9939725239056427,Bull,1.0,0.0,0.0,0.0,0.7688686418301311,0.0,0.0,0.1279056729200394,0.09719820915547214,0.0,0.0,0.7718244246384534,0.0,0.0,0.12511405646628337,0.10306151889526331,0.0,0.0
2018-08-08,795794462.3374652,2468423.7374652666,2292812.0,791033226.5999999,0.9940170031800922,Bull,1.0,0.0,0.0,0.0,0.7695662078385991,0.0,0.0,0.12723637169149105,0.09721442365000213,0.0,0.0,0.7718244246384534,0.0,0.0,0.12511405646628337,0.10306151889526331,0.0,0.0
2018-08-09,797118224.6374652,2468423.7374652666,5838812.0,788810988.9,0.9895784144927267,Bull,1.0,0.0,0.0,0.0,0.7656132679409775,0.0,0.0,0.1269121654394617,0.09705298111228743,0.0,0.0,0.7718244246384534,0.0,0.0,0.12511405646628337,0.10306151889526331,0.0,0.0
2018-08-10,801559522.6874653,2468430.7374652666,8329994.0,790761097.95,0.9865282309899328,Bull,1.0,7.0,27679.0,7.0,0.7636575708035965,0.0,0.0,0.12685957451926874,0.09601108566706754,0.0,0.0,0.7718244246384534,0.0,0.0,0.12511405646628337,0.10306151889526331,0.0,0.0
2018-08-13,794289637.2874653,2468430.7374652666,8329994.0,783491212.5500001,0.9864049280885215,Bear,1.0,0.0,0.0,0.0,0.7642704676635467,0.0,0.0,0.1272231126482993,0.09491134777667543,0.0,0.0,0.7718244246384534,0.0,0.0,0.12511405646628337,0.10306151889526331,0.0,0.0
2018-08-14,795727899.2874652,2468430.7374652666,8329994.0,784929474.55,0.9864295009045998,Bull,1.0,0.0,0.0,0.0,0.7637806530275238,0.0,0.0,0.12723193454779855,0.09541691332927735,0.0,0.0,0.7718244246384534,0.0,0.0,0.12511405646628337,0.10306151889526331,0.0,0.0
2018-08-15,791196840.1874652,2468430.7374652666,8329994.0,780398415.4499999,0.986351784803758,Bear,1.0,0.0,0.0,0.0,0.7636410874781095,0.0,0.0,0.12765533792585557,0.09505535939979289,0.0,0.0,0.7718244246384534,0.0,0.0,0.12511405646628337,0.10306151889526331,0.0,0.0
2018-08-16,790555137.9874653,2468434.7374652666,12342810.5,775743892.75,0.9812647536828732,Bear,1.0,4.0,361153.0,4.0,0.7591260418315255,0.0,0.0,0.12694939945047992,0.09518931240086782,0.0,0.0,0.7718244246384534,0.0,0.0,0.12511405646628337,0.10306151889526331,0.0,0.0
2018-08-17,792577982.4874653,2468434.7374652666,12342810.5,777766737.25,0.9813125704161236,Bear,1.0,0.0,0.0,0.0,0.7591960041099379,0.0,0.0,0.1273401510388237,0.09477641526736204,0.0,0.0,0.7718244246384534,0.0,0.0,0.12511405646628337,0.10306151889526331,0.0,0.0
2018-08-20,798565962.7874652,2468434.7374652666,12342810.5,783754717.55,0.9814526965489923,Bear,1.0,0.0,0.0,0.0,0.7603261920037477,0.0,0.0,0.12672340760275194,0.09440309694249258,0.0,0.0,0.7718244246384534,0.0,0.0,0.12511405646628337,0.10306151889526331,0.0,0.0
2018-08-21,812149577.2874652,2468439.7374652666,25879775.0,783801362.55,0.965094835323135,Bear,1.0,5.0,541478.0,5.0,0.7459542915400226,0.0,0.0,0.12565296203297677,0.09348758175013563,0.0,0.0,0.7718244246384534,0.0,0.0,0.12511405646628337,0.10306151889526331,0.0,0.0
2018-08-22,814539134.6705737,2752597.3705737665,25879775.0,785906762.3,0.9648483772579526,Bear,1.0,0.0,0.0,0.0,0.7463985908373614,0.0,0.0,0.1251262163618693,0.0933235700587219,0.0,0.0,0.7718244246384534,0.0,0.0,0.12511405646628337,0.10306151889526331,0.0,0.0
2018-08-23,815432078.3205738,2752597.3705737665,25879775.0,786799705.95,0.9648868702473127,Bull,1.0,0.0,0.0,0.0,0.7456732720183186,0.0,0.0,0.12555172002903645,0.09366187819995776,0.0,0.0,0.7718244246384534,0.0,0.0,0.12511405646628337,0.10306151889526331,0.0,0.0
2018-08-24,811815327.384661,4488396.384661017,24215563.0,783111368.0,0.964642254936066,Bear,1.0,1664212.0,0.0,0.0,0.7452088518074348,0.0,0.0,0.12563078887481358,0.0938026142538176,0.0,0.0,0.772826977623449,0.0,0.0,0.14987688320510356,0.07729613917144748,0.0,0.0
2018-08-27,809658552.322911,3377485.8729110193,23586963.0,782694103.45,0.966696518185907,Bull,1.0,628600.0,0.0,0.0,0.7432780172869555,0.0,0.0,0.1264209458497479,0.09699755504920353,0.0,0.0,0.772826977623449,0.0,0.0,0.14987688320510356,0.07729613917144748,0.0,0.0
2018-08-28,814783354.0198218,422528.4698217707,23586963.0,790773862.55,0.9705326681609677,Bull,1.0,0.0,0.0,0.0,0.7488727642012627,0.0,0.0,0.13210542344656373,0.08955448051314126,0.0,0.0,0.772826977623449,0.0,0.0,0.14987688320510356,0.07729613917144748,0.0,0.0
2018-08-29,816106990.0000048,3167902.9000047715,23586963.0,789352124.1,0.9672164725607796,Bull,1.0,0.0,0.0,0.0,0.7487411964208226,0.0,0.0,0.13722367455766962,0.08125160158228716,0.0,0.0,0.772826977623449,0.0,0.0,0.14987688320510356,0.07729613917144748,0.0,0.0
2018-08-30,813176247.0921263,4455273.592126273,21095781.0,787625192.5,0.9685787002713183,Bull,1.0,2491182.0,0.0,0.0,0.7481341771546817,0.0,0.0,0.14152663756663036,0.07891788555000623,0.0,0.0,0.7796202332175868,0.0,0.0,0.12251188621953013,0.09786788056288315,0.0,0.0
2018-08-31,817871597.86659,1886983.4165900233,21095781.0,794888833.45,0.97189929999215,Bull,1.0,0.0,0.0,0.0,0.7494251971199773,0.0,0.0,0.1305137631364622,0.09196033973571048,0.0,0.0,0.7796202332175868,0.0,0.0,0.12251188621953013,0.09786788056288315,0.0,0.0
2018-09-03,813691907.9481207,542380.348120648,21095781.0,792053746.6,0.9734074271394865,Bull,1.0,0.0,0.0,0.0,0.7490007466546633,0.0,0.0,0.12814948628768752,0.09625719419713555,0.0,0.0,0.7796202332175868,0.0,0.0,0.12251188621953013,0.09786788056288315,0.0,0.0
2018-09-04,817205880.2456287,262719.89562864834,21095781.0,795847379.35,0.9738639901988848,Bull,1.0,0.0,0.0,0.0,0.7492793360296863,0.0,0.0,0.1269605401870271,0.09762411398217144,0.0,0.0,0.7796202332175868,0.0,0.0,0.12251188621953013,0.09786788056288315,0.0,0.0
2018-09-05,809988911.9656612,2754327.5156611484,21095781.0,786138803.45,0.9705550185152754,Bull,1.0,0.0,0.0,0.0,0.7478692541357665,0.0,0.0,0.12408441463240785,0.09860134974710105,0.0,0.0,0.7796202332175868,0.0,0.0,0.12251188621953013,0.09786788056288315,0.0,0.0
2018-09-06,811743710.8686548,4157690.468654773,17549781.0,790036239.4000001,0.9732582203249528,Bull,1.0,3546000.0,0.0,0.0,0.7531559914960936,0.0,0.0,0.12281228504168946,0.09728994378716975,0.0,0.0,0.7796202332175868,0.0,0.0,0.12251188621953013,0.09786788056288315,0.0,0.0
2018-09-07,812841723.9235035,427140.8235035236,17549781.0,794864802.1,0.9778838594348593,Bull,1.0,0.0,0.0,0.0,0.7570726058815276,0.0,0.0,0.12333987915393362,0.0974713743993981,0.0,0.0,0.7796202332175868,0.0,0.0,0.12251188621953013,0.09786788056288315,0.0,0.0
2018-09-10,810558657.0483663,613433.2983662736,17549781.0,792395442.75,0.977591733626648,Bear,1.0,0.0,0.0,0.0,0.7564473433455827,0.0,0.0,0.12363880038606515,0.09750558989500005,0.0,0.0,0.7518145964540313,0.0,0.0,0.15526851787821355,0.09291688566775516,0.0,0.0
2018-09-11,812722555.2698421,2976410.36984215,17549781.0,792196363.9,0.9747439132373692,Bear,1.0,0.0,0.0,0.0,0.7567783247947256,0.0,0.0,0.12448774719486892,0.09347784124777457,0.0,0.0,0.7378906422479093,0.0,0.0,0.186741849122881,0.07536750862920973,0.0,0.0
2018-09-12,814624114.2111564,316852.51115626935,17549781.0,796757480.7,0.9780676348766603,Bear,1.0,0.0,0.0,0.0,0.7505535621076838,0.0,0.0,0.14780559266477827,0.07970848010419815,0.0,0.0,0.7378906422479093,0.0,0.0,0.186741849122881,0.07536750862920973,0.0,0.0
2018-09-13,815996096.8894516,2714158.8394516455,17549781.0,795732157.05,0.9751666216092245,Bear,1.0,0.0,0.0,0.0,0.7422916106571268,0.0,0.0,0.15708592294573878,0.07578908800635889,0.0,0.0,0.7378906422479093,0.0,0.0,0.186741849122881,0.07536750862920973,0.0,0.0
2018-09-14,815096191.258188,4493973.80818802,13536964.5,797065252.95,0.9778787601984065,Bull,1.0,4012816.5,0.0,0.0,0.744339452762601,0.0,0.0,0.15660053545700794,0.07693877197879745,0.0,0.0,0.7534179816859319,0.0,0.0,0.15730179540947506,0.08928022290459296,0.0,0.0
2018-09-17,814770578.6124233,1176583.4124232708,13536964.5,800057030.7,0.9819414835308844,Bear,1.0,0.0,0.0,0.0,0.7491351513201208,0.0,0.0,0.15641519630843578,0.07639113590232793,0.0,0.0,0.7399524665662396,0.0,0.0,0.18532185194134554,0.07472568149241493,0.0,0.0
2018-09-18,817407911.0889866,1696287.2889865208,13536964.5,802174659.3000001,0.9813639535630476,Bear,1.0,0.0,0.0,0.0,0.7420536932312211,0.0,0.0,0.16471396737600533,0.07459629295582133,0.0,0.0,0.7399524665662396,0.0,0.0,0.18532185194134554,0.07472568149241493,0.0,0.0
2018-09-19,822012529.692663,2939452.042663021,13536964.5,805536113.15,0.9799560031660062,Bull,1.0,0.0,0.0,0.0,0.7406973630653096,0.0,0.0,0.1644287588299111,0.07482988127078549,0.0,0.0,0.7399524665662396,0.0,0.0,0.18532185194134554,0.07472568149241493,0.0,0.0
2018-09-20,823677277.1536497,22260.453649646137,13536964.5,810118052.2,0.9835381825749695,Bear,1.0,0.0,0.0,0.0,0.7457070496378673,0.0,0.0,0.16336920263844837,0.07446193029865379,0.0,0.0,0.7399524665662396,0.0,0.0,0.18532185194134554,0.07472568149241493,0.0,0.0
2018-09-21,832982816.438831,13786873.738830896,0.0,819195942.7,0.9834487897388177,Bull,1.0,13536964.5,0.0,0.0,0.7476351017208914,0.0,0.0,0.16126503134157322,0.074548656676353,0.0,0.0,0.7549643499246796,0.0,0.0,0.15817589321708062,0.08685975685823973,0.0,0.0
2018-09-25,833153091.5670516,229272.26705152076,0.0,832923819.3000001,0.9997248137594732,Bull,1.0,0.0,0.0,0.0,0.751760781589314,0.0,0.0,0.17321606492338817,0.07474796724677102,0.0,0.0,0.7549643499246796,0.0,0.0,0.15817589321708062,0.08685975685823973,0.0,0.0
2018-09-26,828909830.6402603,461914.1402603971,0.0,828447916.5,0.9994427450089431,Bull,1.0,0.0,0.0,0.0,0.7529482621986967,0.0,0.0,0.16252045158632586,0.08397403122392065,0.0,0.0,0.7549643499246796,0.0,0.0,0.15817589321708062,0.08685975685823973,0.0,0.0
2018-09-27,834444071.5902604,461914.1402603971,0.0,833982157.45,0.9994464408628609,Bull,1.0,0.0,0.0,0.0,0.7534304920542481,0.0,0.0,0.1621668900374742,0.08384905877113868,0.0,0.0,0.7549643499246796,0.0,0.0,0.15817589321708062,0.08685975685823973,0.0,0.0
2018-09-28,833881772.7402604,461914.1402603971,0.0,833419858.6,0.9994460675897227,Bull,1.0,0.0,0.0,0.0,0.7539360844092069,0.0,0.0,0.1620366392659926,0.08347334391452316,0.0,0.0,0.7549643499246796,0.0,0.0,0.15817589321708062,0.08685975685823973,0.0,0.0
2018-10-01,836292983.1902603,461914.1402603971,0.0,835831069.05,0.9994476646946167,Bull,1.0,0.0,0.0,0.0,0.7535871180526481,0.0,0.0,0.16219686488645377,0.08366368175551477,0.0,0.0,0.7549643499246796,0.0,0.0,0.15817589321708062,0.08685975685823973,0.0,0.0
2018-10-02,827403258.4402604,461914.1402603971,0.0,826941344.3000001,0.9994417303345758,Bull,1.0,0.0,0.0,0.0,0.7532810488019135,0.0,0.0,0.16285662236091977,0.0833040591717425,0.0,0.0,0.7549643499246796,0.0,0.0,0.15817589321708062,0.08685975685823973,0.0,0.0
2018-10-03,827172964.7902603,461914.1402603971,0.0,826711050.65,0.9994415749064315,Bull,1.0,0.0,0.0,0.0,0.7537666572650797,0.0,0.0,0.1624445015971612,0.08323041604419061,0.0,0.0,0.7549643499246796,0.0,0.0,0.15817589321708062,0.08685975685823973,0.0,0.0
2018-10-04,819321932.5402603,461914.1402603971,0.0,818860018.4,0.9994362238798756,Bear,1.0,0.0,0.0,0.0,0.7539656804801147,0.0,0.0,0.16246910367367584,0.08300143972608512,0.0,0.0,0.7549643499246796,0.0,0.0,0.15817589321708062,0.08685975685823973,0.0,0.0
2018-10-05,814787572.3402603,461914.1402603971,0.0,814325658.1999999,0.9994330864191587,Bear,1.0,0.0,0.0,0.0,0.752595313203822,0.0,0.0,0.16479988718326344,0.08203788603207336,0.0,0.0,0.7508434252476841,0.0,0.0,0.1840117571086361,0.0651448176436798,0.0,0.0
2018-10-08,813156326.8588716,2554139.8588715233,0.0,810602187.0,0.9968589805250143,Bear,1.0,0.0,0.0,0.0,0.7525712667869449,0.0,0.0,0.17508330845799253,0.06920440528007686,0.0,0.0,0.7508434252476841,0.0,0.0,0.1840117571086361,0.0651448176436798,0.0,0.0
2018-10-09,816895920.2588717,2554139.8588715233,0.0,814341780.4000001,0.9968733595118676,Bear,1.0,0.0,0.0,0.0,0.7525227696145101,0.0,0.0,0.1752554963851837,0.06909509351217379,0.0,0.0,0.7508434252476841,0.0,0.0,0.1840117571086361,0.0651448176436798,0.0,0.0
2018-10-11,791042911.9088715,2554139.8588715233,0.0,788488772.05,0.99677117407865,Bear,0.5,0.0,0.0,0.0,0.7511187612012232,0.0,0.0,0.17931315465265243,0.06633925822477428,0.0,0.0,0.37096786152377076,0.0,0.0,0.10460283185984935,0.024429306616379924,0.0,0.0
2018-10-12,798093723.8787627,1940391.8787626708,0.0,796153332.0,0.997568716780114,Bear,0.5,0.0,0.0,0.0,0.7442271680991543,0.0,0.0,0.20258898818826113,0.0507525604926986,0.0,0.0,0.37096786152377076,0.0,0.0,0.10460283185984935,0.024429306616379924,0.0,0.0
2018-10-15,785830774.175715,26224316.675714925,0.0,759606457.5,0.9666285445448194,Bear,0.5,0.0,0.0,0.0,0.642513724446099,0.0,0.0,0.2837000119190416,0.04041480817967879,0.0,0.0,0.37096786152377076,0.0,0.0,0.10460283185984935,0.024429306616379924,0.0,0.0
2018-10-16,786917932.3809817,182429697.3809817,0.0,604488235.0,0.7681718895018655,Bear,0.5,0.0,0.0,0.0,0.5268697254687447,0.0,0.0,0.20764401632785695,0.033658147705263965,0.0,0.0,0.37096786152377076,0.0,0.0,0.10460283185984935,0.024429306616379924,0.0,0.0
2018-10-17,786534378.1425266,324218764.2925267,0.0,462315613.84999996,0.5877881840864997,Bear,0.5,0.0,0.0,0.0,0.4294233325791079,0.0,0.0,0.13151236980166173,0.026852481705730104,0.0,0.0,0.37096786152377076,0.0,0.0,0.10460283185984935,0.024429306616379924,0.0,0.0
2018-10-18,787116176.2764846,375440341.2764846,0.0,411675835.0,0.5230178814866506,Bear,0.5,0.0,0.0,0.0,0.38617124658511603,0.0,0.0,0.1119085119260197,0.024938122975514853,0.0,0.0,0.37096786152377076,0.0,0.0,0.10460283185984935,0.024429306616379924,0.0,0.0
2018-10-19,786980482.848637,388657475.598637,0.0,398323007.25,0.5061408966689851,Bear,0.5,0.0,0.0,0.0,0.37507449508982604,0.0,0.0,0.10637900408529172,0.024687397493867405,0.0,0.0,0.37096786152377076,0.0,0.0,0.10460283185984935,0.024429306616379924,0.0,0.0
2018-10-22,787791664.698637,388657475.598637,0.0,399134189.1,0.5066494188570596,Bear,0.5,0.0,0.0,0.0,0.37536420141373406,0.0,0.0,0.10665433992899845,0.024630877514327135,0.0,0.0,0.37096786152377076,0.0,0.0,0.10460283185984935,0.024429306616379924,0.0,0.0
2018-10-23,783685556.998637,388657475.598637,0.0,395028081.40000004,0.5040645165299213,Bear,0.5,0.0,0.0,0.0,0.3730305207098623,0.0,0.0,0.10672737203468134,0.024306623785377648,0.0,0.0,0.36447189212600173,0.0,0.0,0.11720612791171332,0.01832197996228494,0.0,0.0
2018-10-24,784204641.098637,388657475.598637,0.0,395547165.5,0.5043927882725298,Bear,0.5,0.0,0.0,0.0,0.37277663275551876,0.0,0.0,0.10743496733450592,0.024181188182505083,0.0,0.0,0.36447189212600173,0.0,0.0,0.11720612791171332,0.01832197996228494,0.0,0.0
2018-10-25,781254233.098637,388657475.598637,0.0,392596757.5,0.5025211267564842,Crisis,0.5,0.0,0.0,0.0,0.37044427439724414,0.0,0.0,0.1084001806481191,0.02367667171112096,0.0,0.0,0.35460391909450134,0.0,0.0,0.131654595933785,0.013741484971713708,0.0,0.0
2018-10-26,781551053.4186312,387877730.0186312,0.0,393673323.4,0.5037077509882546,Crisis,0.5,0.0,0.0,0.0,0.361531882228366,0.0,0.0,0.12596809839787373,0.016207770362014883,0.0,0.0,0.35460391909450134,0.0,0.0,0.131654595933785,0.013741484971713708,0.0,0.0
2018-10-29,781651508.9186312,387877730.0186312,0.0,393773778.9,0.5037715329747944,Crisis,0.5,0.0,0.0,0.0,0.3611146088497904,0.0,0.0,0.12637601139753324,0.016280912727470676,0.0,0.0,0.35460391909450134,0.0,0.0,0.131654595933785,0.013741484971713708,0.0,0.0
2018-10-30,784181130.7186313,387877730.0186312,0.0,396303400.7,0.5053722732869429,Crisis,0.5,0.0,0.0,0.0,0.363290175624257,0.0,0.0,0.12581085687383015,0.01627124078885573,0.0,0.0,0.35460391909450134,0.0,0.0,0.131654595933785,0.013741484971713708,0.0,0.0
2018-10-31,787548772.7686312,387877730.0186312,0.0,399671042.75,0.50748735388788,Bear,0.5,0.0,0.0,0.0,0.3646950546825105,0.0,0.0,0.1262493237726245,0.016542975432745074,0.0,0.0,0.35460391909450134,0.0,0.0,0.131654595933785,0.013741484971713708,0.0,0.0
2018-11-01,784566108.2186313,387877730.0186312,0.0,396688378.20000005,0.5056149813821129,Bear,0.5,0.0,0.0,0.0,0.36416329383474016,0.0,0.0,0.12466380968465769,0.016787877862714976,0.0,0.0,0.35460391909450134,0.0,0.0,0.131654595933785,0.013741484971713708,0.0,0.0
2018-11-02,786429504.3686312,387877730.0186312,0.0,398551774.35,0.506786396156346,Bear,0.5,0.0,0.0,0.0,0.3671277244128741,0.0,0.0,0.12285716578953657,0.016801505953935373,0.0,0.0,0.35460391909450134,0.0,0.0,0.131654595933785,0.013741484971713708,0.0,0.0
2018-11-05,787459747.7686312,387877730.0186312,0.0,399582017.75,0.5074316736598502,Bear,0.5,0.0,0.0,0.0,0.36769500735810706,0.0,0.0,0.12304247966267882,0.016694186639064267,0.0,0.0,0.35460391909450134,0.0,0.0,0.131654595933785,0.013741484971713708,0.0,0.0
2018-11-06,788203301.8686312,387877730.0186312,0.0,400325571.85,0.5078963395623046,Bear,0.5,0.0,0.0,0.0,0.36821093131930505,0.0,0.0,0.12306025586298074,0.01662515238001886,0.0,0.0,0.35460391909450134,0.0,0.0,0.131654595933785,0.013741484971713708,0.0,0.0
2018-11-07,793084320.3186312,387877730.0186312,0.0,405206590.3,0.5109249797514638,Bear,0.5,0.0,0.0,0.0,0.3705972779564172,0.0,0.0,0.12372013603872399,0.0166075657563225,0.0,0.0,0.35460391909450134,0.0,0.0,0.131654595933785,0.013741484971713708,0.0,0.0
2018-11-08,795138864.872953,394462372.9729531,0.0,400676491.9,0.5039075683516235,Bear,0.5,0.0,0.0,0.0,0.36037811074142995,0.0,0.0,0.128952192541089,0.014577265069104624,0.0,0.0,0.35460391909450134,0.0,0.0,0.131654595933785,0.013741484971713708,0.0,0.0
2018-11-09,793627405.522953,394462372.9729531,0.0,399165032.55,0.5029627628433195,Bear,1.0,0.0,0.0,0.0,0.35938430372380964,0.0,0.0,0.12916791845469505,0.014410540664814824,0.0,0.0,0.7092078381890027,0.0,0.0,0.26330919186757,0.027482969943427416,0.0,0.0
2018-11-12,791760961.0088899,236440726.00888988,0.0,555320235.0,0.7013735992898554,Bear,1.0,0.0,0.0,0.0,0.4984248459246389,0.0,0.0,0.18324583699495,0.01970291637026651,0.0,0.0,0.7092078381890027,0.0,0.0,0.26330919186757,0.027482969943427416,0.0,0.0
2018-11-13,791068595.4421908,80455435.44219077,0.0,710613160.0,0.898295247838504,Bear,1.0,0.0,0.0,0.0,0.6355567177065887,0.0,0.0,0.23817782817516597,0.024560701956749382,0.0,0.0,0.7092078381890027,0.0,0.0,0.26330919186757,0.027482969943427416,0.0,0.0
2018-11-14,797988157.2684598,20229514.06845977,0.0,777758643.2,0.9746493555271472,Bear,1.0,0.0,0.0,0.0,0.6925001808192143,0.0,0.0,0.25559000862638664,0.02655916608154616,0.0,0.0,0.7092078381890027,0.0,0.0,0.26330919186757,0.027482969943427416,0.0,0.0
2018-11-15,796957256.3268551,5280379.026855024,0.0,791676877.3000001,0.9933743259316163,Bear,1.0,0.0,0.0,0.0,0.705128126808253,0.0,0.0,0.26088513323571316,0.027361065887650186,0.0,0.0,0.7092078381890027,0.0,0.0,0.26330919186757,0.027482969943427416,0.0,0.0
2018-11-16,797589739.026855,5280379.026855024,0.0,792309360.0,0.9933795800416169,Bear,1.0,0.0,0.0,0.0,0.7072671354677575,0.0,0.0,0.2590020782514662,0.02711036632239316,0.0,0.0,0.7092078381890027,0.0,0.0,0.26330919186757,0.027482969943427416,0.0,0.0
2018-11-19,800183948.376855,5280379.026855024,0.0,794903569.35,0.993401043550591,Bear,1.0,0.0,0.0,0.0,0.7072655862417568,0.0,0.0,0.2592007755475731,0.026934681761261136,0.0,0.0,0.7092078381890027,0.0,0.0,0.26330919186757,0.027482969943427416,0.0,0.0
2018-11-20,798313498.626855,5280379.026855024,0.0,793033119.6,0.993385582185523,Bear,1.0,0.0,0.0,0.0,0.70612800681639,0.0,0.0,0.2605061800379334,0.026751395331199516,0.0,0.0,0.7092078381890027,0.0,0.0,0.26330919186757,0.027482969943427416,0.0,0.0
2018-11-21,796368999.976855,5280379.026855024,0.0,791088620.95,0.9933694317244789,Bear,1.0,0.0,0.0,0.0,0.7051170009961714,0.0,0.0,0.2614357163652163,0.02681671436309132,0.0,0.0,0.7092078381890027,0.0,0.0,0.26330919186757,0.027482969943427416,0.0,0.0
2018-11-22,795869799.976855,5280379.026855024,0.0,790589420.95,0.9933652727782754,Bear,0.5,0.0,0.0,0.0,0.7052253031416978,0.0,0.0,0.26144766393454205,0.026692305702035422,0.0,0.0,0.35460391909450134,0.0,0.0,0.131654595933785,0.013741484971713708,0.0,0.0
2018-11-23,794176086.9395161,163390414.63951614,0.0,630785672.3,0.7942642477826711,Bear,0.5,0.0,0.0,0.0,0.56208009740036,0.0,0.0,0.21074167650271555,0.021442473879595577,0.0,0.0,0.35460391909450134,0.0,0.0,0.131654595933785,0.013741484971713708,0.0,0.0
2018-11-26,794147155.6708976,321498132.4708976,0.0,472649023.2,0.5951655430922055,Bear,0.5,0.0,0.0,0.0,0.4222466463620533,0.0,0.0,0.15652187269371992,0.01639702403643224,0.0,0.0,0.35460391909450134,0.0,0.0,0.131654595933785,0.013741484971713708,0.0,0.0
2018-11-27,793967541.7516651,377629320.8016652,0.0,416338220.95,0.5243768782178013,Bear,0.5,0.0,0.0,0.0,0.3723019587146493,0.0,0.0,0.137611418923941,0.014463500579211072,0.0,0.0,0.35460391909450134,0.0,0.0,0.131654595933785,0.013741484971713708,0.0,0.0
2018-11-28,794508512.206108,391768367.85610795,0.0,402740144.35,0.5069047570449728,Bear,0.5,0.0,0.0,0.0,0.3589845042163758,0.0,0.0,0.13378900083127745,0.014131251997319617,0.0,0.0,0.35460391909450134,0.0,0.0,0.131654595933785,0.013741484971713708,0.0,0.0
2018-11-29,792646801.756108,391768367.85610795,0.0,400878433.90000004,0.5057466112420492,Bear,0.5,0.0,0.0,0.0,0.35880991794818456,0.0,0.0,0.1327446219008089,0.014192071393055759,0.0,0.0,0.35460391909450134,0.0,0.0,0.131654595933785,0.013741484971713708,0.0,0.0
2018-11-30,793381884.806108,391768367.85610795,0.0,401613516.95,0.5062045461854086,Bear,0.5,0.0,0.0,0.0,0.3595765449317248,0.0,0.0,0.13250428578375156,0.014123715469932208,0.0,0.0,0.35460391909450134,0.0,0.0,0.131654595933785,0.013741484971713708,0.0,0.0
2018-12-03,794277296.106108,391768367.85610795,0.0,402508928.25,0.5067612157911016,Bear,0.5,0.0,0.0,0.0,0.3607664850232856,0.0,0.0,0.13151011682202954,0.014484613945786344,0.0,0.0,0.35460391909450134,0.0,0.0,0.131654595933785,0.013741484971713708,0.0,0.0
2018-12-04,794662079.956108,391768367.85610795,0.0,402893712.1,0.507000047268209,Bear,0.5,0.0,0.0,0.0,0.3617449722980084,0.0,0.0,0.13087852386984983,0.01437655110035075,0.0,0.0,0.35460391909450134,0.0,0.0,0.131654595933785,0.013741484971713708,0.0,0.0
2018-12-05,792644253.806108,391768367.85610795,0.0,400875885.95,0.50574502246762,Bear,0.5,0.0,0.0,0.0,0.3598778198167288,0.0,0.0,0.1317487630782031,0.01411843957268812,0.0,0.0,0.35460391909450134,0.0,0.0,0.131654595933785,0.013741484971713708,0.0,0.0
2018-12-06,791821831.556108,391768367.85610795,0.0,400053463.7,0.5052316667169999,Bear,0.5,0.0,0.0,0.0,0.36004003973941817,0.0,0.0,0.13134431996603838,0.01384730701154336,0.0,0.0,0.35460391909450134,0.0,0.0,0.131654595933785,0.013741484971713708,0.0,0.0
2018-12-07,793431486.806108,391768367.85610795,0.0,401663118.95,0.5062354162006618,Bear,0.5,0.0,0.0,0.0,0.36008354054622654,0.0,0.0,0.13226825724102598,0.013883618413409302,0.0,0.0,0.35460391909450134,0.0,0.0,0.131654595933785,0.013741484971713708,0.0,0.0
2018-12-10,790090389.5061079,391768367.85610795,0.0,398322021.65,0.5041474076136965,Bear,0.5,0.0,0.0,0.0,0.35799058614902113,0.0,0.0,0.13239928163838438,0.01375753982629094,0.0,0.0,0.35460391909450134,0.0,0.0,0.131654595933785,0.013741484971713708,0.0,0.0
2018-12-11,791865865.9061079,391768367.85610795,0.0,400097498.05,0.5052591799650067,Bear,0.5,0.0,0.0,0.0,0.35878184713127514,0.0,0.0,0.1326400145810223,0.013837318252709247,0.0,0.0,0.35460391909450134,0.0,0.0,0.131654595933785,0.013741484971713708,0.0,0.0
2018-12-12,791041577.706108,391768367.85610795,0.0,399273209.85,0.5047436457231836,Bear,0.5,0.0,0.0,0.0,0.3583579142224539,0.0,0.0,0.1323217425606525,0.014063988940077298,0.0,0.0,0.35460391909450134,0.0,0.0,0.131654595933785,0.013741484971713708,0.0,0.0
2018-12-13,792233414.756108,391768367.85610795,0.0,400465046.90000004,0.5054887100707367,Bear,0.5,0.0,0.0,0.0,0.35867818954276093,0.0,0.0,0.13274926056025607,0.014061259967719777,0.0,0.0,0.35460391909450134,0.0,0.0,0.131654595933785,0.013741484971713708,0.0,0.0
2018-12-14,791577758.4061079,391768367.85610795,0.0,399809390.55,0.5050791110592112,Bear,0.5,0.0,0.0,0.0,0.3588066839092336,0.0,0.0,0.13237474005205888,0.013897687097918736,0.0,0.0,0.35460391909450134,0.0,0.0,0.131654595933785,0.013741484971713708,0.0,0.0
2018-12-17,791928642.506108,391768367.85610795,0.0,400160274.65000004,0.5052983983300158,Bear,0.5,0.0,0.0,0.0,0.35860980321571034,0.0,0.0,0.13268644971278398,0.014002145401521419,0.0,0.0,0.35460391909450134,0.0,0.0,0.131654595933785,0.013741484971713708,0.0,0.0
2018-12-18,787828939.956108,391768367.85610795,0.0,396060572.1,0.5027240711950307,Bear,0.5,0.0,0.0,0.0,0.35607218505533544,0.0,0.0,0.13269733402510495,0.013954552114590376,0.0,0.0,0.35460391909450134,0.0,0.0,0.131654595933785,0.013741484971713708,0.0,0.0
2018-12-19,790780238.356108,391768367.85610795,0.0,399011870.5,0.5045799719647459,Bear,0.5,0.0,0.0,0.0,0.357744613203908,0.0,0.0,0.1328221102468939,0.014013248513943985,0.0,0.0,0.35460391909450134,0.0,0.0,0.131654595933785,0.013741484971713708,0.0,0.0
2018-12-20,789967460.856108,391768367.85610795,0.0,398199093.0,0.5040702468535367,Bear,0.5,0.0,0.0,0.0,0.3571267260733258,0.0,0.0,0.13307294946816567,0.013870571312045301,0.0,0.0,0.35460391909450134,0.0,0.0,0.131654595933785,0.013741484971713708,0.0,0.0
2018-12-21,788498955.9061079,391768367.85610795,0.0,396730588.05,0.5031466244544293,Bear,1.0,0.0,0.0,0.0,0.3563592392168739,0.0,0.0,0.13286320700274307,0.013924178234812234,0.0,0.0,0.7092078381890027,0.0,0.0,0.26330919186757,0.027482969943427416,0.0,0.0
2018-12-22,788086892.1424658,346199335.94246584,0.0,441887556.2,0.560709181444066,Bear,1.0,0.0,0.0,0.0,0.3559124114315235,0.0,0.0,0.1855164721780073,0.019280297834535248,0.0,0.0,0.7092078381890027,0.0,0.0,0.26330919186757,0.027482969943427416,0.0,0.0
2018-12-24,790231330.7401657,315451165.44016576,0.0,474780165.3,0.6008116191182902,Bear,1.0,0.0,0.0,0.0,0.3577544375963965,0.0,0.0,0.2201810953724519,0.022876086149441716,0.0,0.0,0.7092078381890027,0.0,0.0,0.26330919186757,0.027482969943427416,0.0,0.0
2018-12-25,785054929.21506,159418660.96506006,0.0,625636268.25,0.7969331125346155,Crisis,1.0,0.0,0.0,0.0,0.5302333031221157,0.0,0.0,0.24171111209979756,0.02498869731270222,0.0,0.0,0.7092078381890027,0.0,0.0,0.26330919186757,0.027482969943427416,0.0,0.0
2018-12-26,782858748.4093604,145465974.70936054,0.0,637392773.6999999,0.8141861798122288,Crisis,1.0,0.0,0.0,0.0,0.530240001205097,0.0,0.0,0.2571702754923097,0.026775903114822197,0.0,0.0,0.7092078381890027,0.0,0.0,0.26330919186757,0.027482969943427416,0.0,0.0
2018-12-27,787752228.0043111,141586924.05431104,0.0,646165303.95,0.8202646479172685,Bear,1.0,0.0,0.0,0.0,0.5320900265961623,0.0,0.0,0.26054601015850987,0.02762861116259628,0.0,0.0,0.7092078381890027,0.0,0.0,0.26330919186757,0.027482969943427416,0.0,0.0
2018-12-28,798505811.1782879,35311041.57828791,0.0,763194769.5999999,0.9557786041329086,Bear,1.0,0.0,0.0,0.0,0.658936556546261,0.0,0.0,0.26951663593084163,0.027325411655805983,0.0,0.0,0.7092078381890027,0.0,0.0,0.26330919186757,0.027482969943427416,0.0,0.0
2019-01-02,787708344.103973,8575823.103973038,0.0,779132521.0,0.9891129462215763,Crisis,1.0,0.0,0.0,0.0,0.7024336166317997,0.0,0.0,0.2594173357811068,0.027261993808669734,0.0,0.0,0.7092078381890027,0.0,0.0,0.26330919186757,0.027482969943427416,0.0,0.0
2019-01-03,790133065.003973,8575823.103973038,0.0,781557241.9,0.9891463558686411,Crisis,1.0,0.0,0.0,0.0,0.704114745403298,0.0,0.0,0.2581101956528987,0.02692141481244433,0.0,0.0,0.7092078381890027,0.0,0.0,0.26330919186757,0.027482969943427416,0.0,0.0
2019-01-04,788185065.253973,8575823.103973038,0.0,779609242.15,0.9891195310821962,Crisis,0.5,0.0,0.0,0.0,0.7033834648609583,0.0,0.0,0.2591712390974796,0.026564827123758367,0.0,0.0,0.35460391909450134,0.0,0.0,0.131654595933785,0.013741484971713708,0.0,0.0
2019-01-07,795046435.6196616,146598192.01966155,0.0,648448243.6,0.8156105285782428,Bear,0.5,0.0,0.0,0.0,0.5859570871944164,0.0,0.0,0.20798131101754072,0.021672130366285604,0.0,0.0,0.35460391909450134,0.0,0.0,0.131654595933785,0.013741484971713708,0.0,0.0
2019-01-08,794427182.2444298,304910373.7944298,0.0,489516808.45,0.6161883925811908,Crisis,0.5,0.0,0.0,0.0,0.4407689795567228,0.0,0.0,0.1588246258688295,0.016594787155638564,0.0,0.0,0.35460391909450134,0.0,0.0,0.131654595933785,0.013741484971713708,0.0,0.0
2019-01-09,798449106.2419648,373985783.7419649,0.0,424463322.5,0.5316097409111121,Bear,0.5,0.0,0.0,0.0,0.37872811195603134,0.0,0.0,0.1382282216075944,0.014653407347486455,0.0,0.0,0.35460391909450134,0.0,0.0,0.131654595933785,0.013741484971713708,0.0,0.0
2019-01-10,799302818.4711096,392630219.57110965,0.0,406672598.9,0.508784142257718,Bear,1.0,0.0,0.0,0.0,0.3617708986102514,0.0,0.0,0.1330695920770664,0.013943651570400208,0.0,0.0,0.7092078381890027,0.0,0.0,0.26330919186757,0.027482969943427416,0.0,0.0
2019-01-11,800028944.5989296,232795318.1989296,0.0,567233626.4,0.7090163802565487,Bear,1.0,0.0,0.0,0.0,0.5036265614139619,0.0,0.0,0.18585490063055268,0.019534918212034038,0.0,0.0,0.7092078381890027,0.0,0.0,0.26330919186757,0.027482969943427416,0.0,0.0
2019-01-14,799151009.4013394,72889771.20133932,0.0,726261238.2,0.9087909915099243,Bear,1.0,0.0,0.0,0.0,0.6448578956135599,0.0,0.0,0.23915680234599684,0.024776293550367395,0.0,0.0,0.7092078381890027,0.0,0.0,0.26330919186757,0.027482969943427416,0.0,0.0
2019-01-15,802230126.4049895,18262377.954989437,0.0,783967748.45,0.9772354872325375,Bear,1.0,0.0,0.0,0.0,0.6940383814119214,0.0,0.0,0.2563217127253488,0.026875393095267215,0.0,0.0,0.7092078381890027,0.0,0.0,0.26330919186757,0.027482969943427416,0.0,0.0
2019-01-16,797445725.3985344,4802158.298534435,0.0,792643567.1,0.9939780750644385,Bear,1.0,0.0,0.0,0.0,0.7039309375186121,0.0,0.0,0.2626672804538742,0.027379857091952165,0.0,0.0,0.7092078381890027,0.0,0.0,0.26330919186757,0.027482969943427416,0.0,0.0
2019-01-17,798898636.9485345,4802158.298534435,0.0,794096478.6500001,0.9939890267970958,Bear,1.0,0.0,0.0,0.0,0.7040732110877735,0.0,0.0,0.26258575280747926,0.027330062901842898,0.0,0.0,0.7092078381890027,0.0,0.0,0.26330919186757,0.027482969943427416,0.0,0.0
2019-01-18,803971445.7985344,4802158.298534435,0.0,799169287.5,0.9940269541615813,Bear,1.0,0.0,0.0,0.0,0.7056804572661034,0.0,0.0,0.26104509195789477,0.027301404937583186,0.0,0.0,0.7092078381890027,0.0,0.0,0.26330919186757,0.027482969943427416,0.0,0.0
2019-01-21,803650661.7485344,4802158.298534435,0.0,798848503.45,0.9940245699691379,Bear,1.0,0.0,0.0,0.0,0.706809600845869,0.0,0.0,0.2597048816533008,0.02751008746996819,0.0,0.0,0.7092078381890027,0.0,0.0,0.26330919186757,0.027482969943427416,0.0,0.0
2019-01-22,807536554.0485344,4802158.298534435,664700.0,802069695.75,0.9932302033002387,Bear,1.0,0.0,0.0,0.0,0.7067613755546449,0.0,0.0,0.2599679221299778,0.026500905615616,0.0,0.0,0.7092078381890027,0.0,0.0,0.26330919186757,0.027482969943427416,0.0,0.0
2019-01-23,806609194.4985344,4802158.298534435,664700.0,801142336.2,0.9932224200569234,Bear,1.0,0.0,0.0,0.0,0.7074355711439102,0.0,0.0,0.2593808766711004,0.02640597224191287,0.0,0.0,0.7092078381890027,0.0,0.0,0.26330919186757,0.027482969943427416,0.0,0.0
2019-01-24,808566037.8985344,4802158.298534435,664700.0,803099179.6,0.993238822752508,Bear,1.0,0.0,0.0,0.0,0.7076719807415462,0.0,0.0,0.2590996779242535,0.02646716408670816,0.0,0.0,0.7092078381890027,0.0,0.0,0.26330919186757,0.027482969943427416,0.0,0.0
2019-01-25,810546526.9485344,4802158.298534435,664700.0,805079668.65,0.9932553430102088,Bear,1.0,0.0,0.0,0.0,0.7077722864469518,0.0,0.0,0.25874184026121466,0.026741216302042403,0.0,0.0,0.7092078381890027,0.0,0.0,0.26330919186757,0.027482969943427416,0.0,0.0
2019-01-28,809306809.8985344,4802158.298534435,664700.0,803839951.6,0.9932450113706324,Bear,1.0,0.0,0.0,0.0,0.709211876855405,0.0,0.0,0.2571973909698062,0.02683574354542118,0.0,0.0,0.7092078381890027,0.0,0.0,0.26330919186757,0.027482969943427416,0.0,0.0
2019-01-29,809660565.3485343,4802158.298534435,664700.0,804193707.05,0.9932479627482153,Bear,1.0,0.0,0.0,0.0,0.7088293929727806,0.0,0.0,0.25782656206077986,0.02659200771465481,0.0,0.0,0.7092078381890027,0.0,0.0,0.26330919186757,0.027482969943427416,0.0,0.0
2019-01-30,810248787.5985343,4802158.298534435,664700.0,804781929.3,0.9932528645741793,Bear,1.0,0.0,0.0,0.0,0.7085883843179211,0.0,0.0,0.2581452798219261,0.026519200434331966,0.0,0.0,0.7092078381890027,0.0,0.0,0.26330919186757,0.027482969943427416,0.0,0.0
2019-02-11,811337363.9985344,4802158.298534435,664700.0,805870505.7,0.9932619172478487,Bear,1.0,0.0,0.0,0.0,0.7086542309187164,0.0,0.0,0.25783910526321807,0.026768581065914315,0.0,0.0,0.7092078381890027,0.0,0.0,0.26330919186757,0.027482969943427416,0.0,0.0
2019-02-12,813644173.2985344,4802158.298534435,664700.0,808177315.0,0.9932810207730345,Bear,1.0,0.0,0.0,0.0,0.7098911095969627,0.0,0.0,0.25651962719017724,0.026870283985894527,0.0,0.0,0.7092078381890027,0.0,0.0,0.26330919186757,0.027482969943427416,0.0,0.0
2019-02-13,810593956.4985344,4802158.298534435,664700.0,805127098.2,0.9932557376542145,Bear,1.0,0.0,0.0,0.0,0.7110065324068846,0.0,0.0,0.25533128928574017,0.026917915961589642,0.0,0.0,0.7092078381890027,0.0,0.0,0.26330919186757,0.027482969943427416,0.0,0.0
2019-02-14,809818656.4985344,4802158.298534435,664700.0,804351798.2,0.993249280867186,Bear,1.0,0.0,0.0,0.0,0.7114853968556882,0.0,0.0,0.25490941501960024,0.02685446899189752,0.0,0.0,0.7092078381890027,0.0,0.0,0.26330919186757,0.027482969943427416,0.0,0.0
2019-02-15,808981423.7985344,4802158.298534435,664700.0,803514565.5,0.993242294399215,Bear,1.0,0.0,0.0,0.0,0.709547584918278,0.0,0.0,0.2568838960778823,0.026810813403054676,0.0,0.0,0.7092078381890027,0.0,0.0,0.26330919186757,0.027482969943427416,0.0,0.0
2019-02-18,814308172.1985344,4802158.298534435,664700.0,808841313.9,0.9932864995278452,Bear,1.0,0.0,0.0,0.0,0.7105018513297456,0.0,0.0,0.2559362746382801,0.026848373559819408,0.0,0.0,0.7092078381890027,0.0,0.0,0.26330919186757,0.027482969943427416,0.0,0.0
2019-02-19,813646589.2485344,4802158.298534435,664700.0,808179730.95,0.9932810407236101,Bear,1.0,0.0,0.0,0.0,0.7111278269898337,0.0,0.0,0.2553362881934728,0.02681692554030368,0.0,0.0,0.7092078381890027,0.0,0.0,0.26330919186757,0.027482969943427416,0.0,0.0
2019-02-20,817105077.1985344,4802158.298534435,664700.0,811638218.9,0.9933094794646514,Bear,1.0,0.0,0.0,0.0,0.7115182430309868,0.0,0.0,0.2547871819788191,0.02700405445484555,0.0,0.0,0.7092078381890027,0.0,0.0,0.26330919186757,0.027482969943427416,0.0,0.0
2019-02-21,818861082.3985344,4802158.298534435,664700.0,813394224.1,0.9933238269395813,Bear,1.0,0.0,0.0,0.0,0.7112132162809969,0.0,0.0,0.2548997680883968,0.027210842570187677,0.0,0.0,0.7092078381890027,0.0,0.0,0.26330919186757,0.027482969943427416,0.0,0.0
2019-02-22,821626563.9985343,4802158.298534435,664700.0,816159705.6999999,0.9933462980165474,Bear,1.0,0.0,0.0,0.0,0.7114377520309125,0.0,0.0,0.25484205255122877,0.027066493434406133,0.0,0.0,0.7203148205574194,0.0,0.0,0.23822161672094846,0.041463562721632236,0.0,0.0
2019-02-25,823477075.7151434,510442.5151434345,664700.0,822301933.2,0.9985729505413095,Bear,1.0,0.0,0.0,0.0,0.7182510001099273,0.0,0.0,0.24230024840305428,0.03802170202832791,0.0,0.0,0.7203148205574194,0.0,0.0,0.23822161672094846,0.041463562721632236,0.0,0.0
2019-02-26,823500863.9151434,510442.5151434345,664700.0,822325721.4,0.9985729917640201,Bear,1.0,0.0,0.0,0.0,0.7187293266288411,0.0,0.0,0.24172494374032857,0.038118721394850445,0.0,0.0,0.7203148205574194,0.0,0.0,0.23822161672094846,0.041463562721632236,0.0,0.0
2019-02-27,827623547.5151434,510442.5151434345,664700.0,826448405.0,0.9985801001932925,Bear,1.0,0.0,0.0,0.0,0.7192256754742814,0.0,0.0,0.24144999329703537,0.03790443142197571,0.0,0.0,0.7203148205574194,0.0,0.0,0.23822161672094846,0.041463562721632236,0.0,0.0
2019-03-04,824801692.4651434,510442.5151434345,664700.0,823626549.95,0.9985752423571888,Bear,1.0,0.0,0.0,0.0,0.7187154868441932,0.0,0.0,0.2421685137466436,0.03769124176635196,0.0,0.0,0.7203148205574194,0.0,0.0,0.23822161672094846,0.041463562721632236,0.0,0.0
2019-03-05,823593593.6151434,510442.5151434345,664700.0,822418451.1,0.9985731524331253,Bear,1.0,0.0,0.0,0.0,0.7185086864292959,0.0,0.0,0.24241604299473876,0.037648423009090624,0.0,0.0,0.7203148205574194,0.0,0.0,0.23822161672094846,0.041463562721632236,0.0,0.0
2019-03-06,825608587.0151434,510442.5151434345,664700.0,824433444.5,0.9985766348199067,Bear,1.0,0.0,0.0,0.0,0.719283028107734,0.0,0.0,0.2416392018417085,0.0376544048704641,0.0,0.0,0.7203148205574194,0.0,0.0,0.23822161672094846,0.041463562721632236,0.0,0.0
2019-03-07,823526514.9651433,510442.5151434345,664700.0,822351372.4499999,0.998573036212206,Bear,1.0,0.0,0.0,0.0,0.7190080242590151,0.0,0.0,0.24196257968504392,0.037602432268147065,0.0,0.0,0.7203148205574194,0.0,0.0,0.23822161672094846,0.041463562721632236,0.0,0.0
2019-03-08,822322459.7651434,1175142.5151434345,0.0,821147317.25,0.9985709468333396,Bear,1.0,664700.0,0.0,0.0,0.7186279667209559,0.0,0.0,0.24260482932325275,0.037338150789130956,0.0,0.0,0.7203148205574194,0.0,0.0,0.23822161672094846,0.041463562721632236,0.0,0.0
2019-03-11,822542626.8151433,1175142.5151434345,0.0,821367484.3,0.9985713293429016,Bear,1.0,0.0,0.0,0.0,0.7190907376924657,0.0,0.0,0.24207876103757217,0.037401830612863764,0.0,0.0,0.7203148205574194,0.0,0.0,0.23822161672094846,0.041463562721632236,0.0,0.0
2019-03-12,827688941.1151434,1175142.5151434345,0.0,826513798.6,0.9985802123759681,Bear,1.0,0.0,0.0,0.0,0.7198775639036971,0.0,0.0,0.24099645421292495,0.037706194259346015,0.0,0.0,0.7203148205574194,0.0,0.0,0.23822161672094846,0.041463562721632236,0.0,0.0
2019-03-13,830055568.6151434,1175142.5151434345,0.0,828880426.1,0.9985842604283662,Bear,1.0,0.0,0.0,0.0,0.7196385985297301,0.0,0.0,0.2414199814770619,0.03752568042157428,0.0,0.0,0.7203148205574194,0.0,0.0,0.23822161672094846,0.041463562721632236,0.0,0.0
2019-03-14,826389859.2651434,1175142.5151434345,0.0,825214716.75,0.9985779804749924,Bear,1.0,0.0,0.0,0.0,0.720078435230503,0.0,0.0,0.24083185166015575,0.03766769358433361,0.0,0.0,0.7203148205574194,0.0,0.0,0.23822161672094846,0.041463562721632236,0.0,0.0
2019-03-15,828376032.6651434,1175142.5151434345,0.0,827200890.15,0.9985813900103283,Bull,1.0,0.0,0.0,0.0,0.7185700294042886,0.0,0.0,0.24216574609793282,0.03784561450810691,0.0,0.0,0.7402361154180646,0.0,0.0,0.19046109398879643,0.0693027905931391,0.0,0.0
2019-03-18,834412474.5560883,4409154.156088318,0.0,830003320.4,0.9947158578154839,Bull,1.0,0.0,0.0,0.0,0.7310465015812714,0.0,0.0,0.20236214719804005,0.061307209036172414,0.0,0.0,0.7551770865635483,0.0,0.0,0.15488848483387357,0.08993442860257808,0.0,0.0
2019-03-19,836589156.9766688,73069.7766688224,0.0,836516087.2,0.9999126575140743,Bull,1.0,0.0,0.0,0.0,0.750280686721242,0.0,0.0,0.1667889176382086,0.08284305315462369,0.0,0.0,0.7663828149226612,0.0,0.0,0.12891310021021107,0.10470408486712766,0.0,0.0
2019-03-20,841640329.012577,3188456.3125769505,0.0,838451872.7,0.9962116165270767,Bull,1.0,0.0,0.0,0.0,0.7596591449581616,0.0,0.0,0.13787255196782042,0.0986799196010947,0.0,0.0,0.7663828149226612,0.0,0.0,0.12891310021021107,0.10470408486712766,0.0,0.0
2019-03-21,843194318.312577,3188456.3125769505,0.0,840005862.0,0.996218598437715,Bull,1.0,0.0,0.0,0.0,0.7590521521549648,0.0,0.0,0.13785280269987585,0.09931364358287438,0.0,0.0,0.7663828149226612,0.0,0.0,0.12891310021021107,0.10470408486712766,0.0,0.0
2019-03-22,841709051.512577,3188456.3125769505,0.0,838520595.2,0.9962119258348865,Bull,1.0,0.0,0.0,0.0,0.758350042752822,0.0,0.0,0.1381215988958185,0.09974028418624599,0.0,0.0,0.7663828149226612,0.0,0.0,0.12891310021021107,0.10470408486712766,0.0,0.0
2019-03-25,835088126.5125769,3188456.3125769505,0.0,831899670.1999999,0.9961818924118915,Bull,1.0,0.0,0.0,0.0,0.7583899831564205,0.0,0.0,0.13878116131765472,0.09901074793781629,0.0,0.0,0.7663828149226612,0.0,0.0,0.12891310021021107,0.10470408486712766,0.0,0.0
2019-03-26,840288074.0125769,3188456.3125769505,0.0,837099617.6999999,0.9962055199744162,Bull,1.0,0.0,0.0,0.0,0.7583832704621508,0.0,0.0,0.13879466293395756,0.09902758657830783,0.0,0.0,0.7663828149226612,0.0,0.0,0.12891310021021107,0.10470408486712766,0.0,0.0
2019-03-27,839524434.712577,3188456.3125769505,0.0,836335978.4,0.9962020684797952,Bull,1.0,0.0,0.0,0.0,0.7584991598463838,0.0,0.0,0.1387742812273081,0.09892862740610327,0.0,0.0,0.7663828149226612,0.0,0.0,0.12891310021021107,0.10470408486712766,0.0,0.0
2019-03-28,839470023.1625769,3188456.3125769505,0.0,836281566.8499999,0.9962018223109802,Bull,1.0,0.0,0.0,0.0,0.757488354919911,0.0,0.0,0.13977842777272734,0.09893503961834198,0.0,0.0,0.7663828149226612,0.0,0.0,0.12891310021021107,0.10470408486712766,0.0,0.0
2019-03-29,844723457.612577,3188456.3125769505,0.0,841535001.3,0.9962254436243685,Bull,1.0,0.0,0.0,0.0,0.7578061145705646,0.0,0.0,0.13928546548539486,0.09913386356840909,0.0,0.0,0.7663828149226612,0.0,0.0,0.12891310021021107,0.10470408486712766,0.0,0.0
2019-04-01,842985351.512577,3188456.3125769505,0.0,839796895.2,0.9962176610698443,Bull,1.0,0.0,0.0,0.0,0.7567585771868329,0.0,0.0,0.1392422772108499,0.10021680667216146,0.0,0.0,0.7663828149226612,0.0,0.0,0.12891310021021107,0.10470408486712766,0.0,0.0
2019-04-02,841800713.312577,3188456.3125769505,0.0,838612257.0,0.9962123383098238,Bull,1.0,0.0,0.0,0.0,0.7567050572971793,0.0,0.0,0.13877239369435285,0.10073488731829168,0.0,0.0,0.7663828149226612,0.0,0.0,0.12891310021021107,0.10470408486712766,0.0,0.0
2019-04-03,842859328.112577,3188456.3125769505,0.0,839670871.8,0.9962170955386862,Bull,1.0,0.0,0.0,0.0,0.757676578403725,0.0,0.0,0.13793215086120755,0.1006083662737536,0.0,0.0,0.7663828149226612,0.0,0.0,0.12891310021021107,0.10470408486712766,0.0,0.0
2019-04-08,843859934.462577,3188456.3125769505,0.0,840671478.15,0.9962215811151082,Bull,1.0,0.0,0.0,0.0,0.756993847037928,0.0,0.0,0.1377983421787361,0.10142939189844401,0.0,0.0,0.7663828149226612,0.0,0.0,0.12891310021021107,0.10470408486712766,0.0,0.0
2019-04-09,846406050.362577,3188456.3125769505,0.0,843217594.05,0.9962329471638215,Bull,1.0,0.0,0.0,0.0,0.7560874520873995,0.0,0.0,0.13839622241573146,0.10174927266069053,0.0,0.0,0.7663828149226612,0.0,0.0,0.12891310021021107,0.10470408486712766,0.0,0.0
2019-04-10,847773310.812577,3188456.3125769505,0.0,844584854.5,0.9962390225406825,Bull,1.0,0.0,0.0,0.0,0.7562394879894215,0.0,0.0,0.13828956220340208,0.1017099723478589,0.0,0.0,0.7663828149226612,0.0,0.0,0.12891310021021107,0.10470408486712766,0.0,0.0
2019-04-11,846238044.012577,3188456.3125769505,0.0,843049587.7,0.9962321992787533,Bull,1.0,0.0,0.0,0.0,0.7564640850518013,0.0,0.0,0.13831120076452205,0.10145691346242992,0.0,0.0,0.7663828149226612,0.0,0.0,0.12891310021021107,0.10470408486712766,0.0,0.0
2019-04-12,846353295.112577,3188456.3125769505,0.0,843164838.8,0.9962327123542978,Bull,1.0,0.0,0.0,0.0,0.7560386927008861,0.0,0.0,0.13881342540808894,0.10138059424532267,0.0,0.0,0.7663828149226612,0.0,0.0,0.12891310021021107,0.10470408486712766,0.0,0.0
2019-04-15,847068084.4125769,3188456.3125769505,0.0,843879628.0999999,0.9962358913394923,Bull,1.0,0.0,0.0,0.0,0.7553077962365742,0.0,0.0,0.13869628919081917,0.10223180591209893,0.0,0.0,0.7663828149226612,0.0,0.0,0.12891310021021107,0.10470408486712766,0.0,0.0
2019-04-16,850706446.812577,3188456.3125769505,0.0,847517990.5,0.9962519899496195,Bull,1.0,0.0,0.0,0.0,0.755380299406119,0.0,0.0,0.13876619889540814,0.10210549164809246,0.0,0.0,0.7663828149226612,0.0,0.0,0.12891310021021107,0.10470408486712766,0.0,0.0
2019-04-17,852500257.262577,3188456.3125769505,0.0,849311800.95,0.9962598764218379,Bull,1.0,0.0,0.0,0.0,0.7553738494083013,0.0,0.0,0.13818869730113736,0.10269732971239919,0.0,0.0,0.7663828149226612,0.0,0.0,0.12891310021021107,0.10470408486712766,0.0,0.0
2019-04-18,855206032.562577,3188456.3125769505,0.0,852017576.25,0.9962717097504294,Bull,1.0,0.0,0.0,0.0,0.7557233598006795,0.0,0.0,0.13823779942916795,0.10231055052058197,0.0,0.0,0.7663828149226612,0.0,0.0,0.12891310021021107,0.10470408486712766,0.0,0.0
2019-04-19,857810169.362577,3188456.3125769505,0.0,854621713.05,0.9962830280795735,Bull,1.0,0.0,0.0,0.0,0.7570567897703584,0.0,0.0,0.13710294445144264,0.10212329385777245,0.0,0.0,0.7663828149226612,0.0,0.0,0.12891310021021107,0.10470408486712766,0.0,0.0
2019-04-22,860206917.8625771,3188456.3125769505,0.0,857018461.5500001,0.9962933844795161,Bull,1.0,0.0,0.0,0.0,0.7576311559657974,0.0,0.0,0.1369464689876158,0.10171575952610286,0.0,0.0,0.7663828149226612,0.0,0.0,0.12891310021021107,0.10470408486712766,0.0,0.0
2019-04-23,864214816.5125769,3188456.3125769505,0.0,861026360.1999999,0.9963105743483506,Bull,1.0,0.0,0.0,0.0,0.7574171926853026,0.0,0.0,0.13722085959894462,0.10167252206410335,0.0,0.0,0.7663828149226612,0.0,0.0,0.12891310021021107,0.10470408486712766,0.0,0.0
2019-04-24,870730442.412577,3188456.3125769505,0.0,867541986.1,0.9963381821086413,Bull,1.0,0.0,0.0,0.0,0.7591915406889783,0.0,0.0,0.13605266823078158,0.10109397318888151,0.0,0.0,0.7663828149226612,0.0,0.0,0.12891310021021107,0.10470408486712766,0.0,0.0
2019-04-25,870512622.312577,3188456.3125769505,0.0,867324166.0,0.9963372658467529,Bull,1.0,0.0,0.0,0.0,0.7585765548645731,0.0,0.0,0.13639836684339887,0.10136234413878087,0.0,0.0,0.7663828149226612,0.0,0.0,0.12891310021021107,0.10470408486712766,0.0,0.0
2019-04-26,870822622.312577,3188456.3125769505,0.0,867634166.0,0.9963385697260486,Bull,1.0,0.0,0.0,0.0,0.7591647817374944,0.0,0.0,0.13700172336264413,0.10017206462591013,0.0,0.0,0.7663828149226612,0.0,0.0,0.12891310021021107,0.10470408486712766,0.0,0.0
2019-04-29,877877741.812577,3188456.3125769505,0.0,874689285.5,0.9963679950399543,Bull,1.0,0.0,0.0,0.0,0.7607388292145354,0.0,0.0,0.13584032755378778,0.09978883827163114,0.0,0.0,0.7663828149226612,0.0,0.0,0.12891310021021107,0.10470408486712766,0.0,0.0
2019-04-30,881915276.462577,3188456.3125769505,0.0,878726820.15,0.9963846228796873,Bull,1.0,0.0,0.0,0.0,0.7615541289226093,0.0,0.0,0.13549850330217153,0.09933199065490653,0.0,0.0,0.7663828149226612,0.0,0.0,0.12891310021021107,0.10470408486712766,0.0,0.0
2019-05-02,884419982.812577,3188456.3125769505,0.0,881231526.5,0.9963948617460708,Bull,1.0,0.0,0.0,0.0,0.7612933217076393,0.0,0.0,0.1358116079851785,0.09928993205325305,0.0,0.0,0.7663828149226612,0.0,0.0,0.12891310021021107,0.10470408486712766,0.0,0.0
2019-05-03,883878155.312577,3188456.3125769505,0.0,880689699.0,0.9963926517547552,Bull,1.0,0.0,0.0,0.0,0.7603610237005219,0.0,0.0,0.13578308195382127,0.100248546100412,0.0,0.0,0.7663828149226612,0.0,0.0,0.12891310021021107,0.10470408486712766,0.0,0.0
2019-05-06,875084625.312577,3188456.3125769505,0.0,871896169.0,0.9963564023177323,Bull,1.0,0.0,0.0,0.0,0.7609707104180217,0.0,0.0,0.13588285813789283,0.09950283376181784,0.0,0.0,0.7663828149226612,0.0,0.0,0.12891310021021107,0.10470408486712766,0.0,0.0
2019-05-07,880748740.962577,3188456.3125769505,0.0,877560284.65,0.9963798343792211,Bull,1.0,0.0,0.0,0.0,0.7605342517071636,0.0,0.0,0.13596159089495433,0.09988399177710316,0.0,0.0,0.7663828149226612,0.0,0.0,0.12891310021021107,0.10470408486712766,0.0,0.0
2019-05-08,880224386.612577,3188456.3125769505,0.0,877035930.3,0.9963776778273011,Bull,1.0,0.0,0.0,0.0,0.7613169329230953,0.0,0.0,0.1358384314483063,0.09922231345589952,0.0,0.0,0.7663828149226612,0.0,0.0,0.12891310021021107,0.10470408486712766,0.0,0.0
2019-05-09,869951657.712577,3188456.3125769505,0.0,866763201.4,0.9963349040325291,Bull,1.0,0.0,0.0,0.0,0.7601285606360422,0.0,0.0,0.13702853364684908,0.09917780974963782,0.0,0.0,0.7663828149226612,0.0,0.0,0.12891310021021107,0.10470408486712766,0.0,0.0
2019-05-10,869524069.312577,3188456.3125769505,0.0,866335613.0,0.9963331017218445,Bull,1.0,0.0,0.0,0.0,0.7597305656210946,0.0,0.0,0.13743679354900112,0.09916574255174881,0.0,0.0,0.7663828149226612,0.0,0.0,0.12891310021021107,0.10470408486712766,0.0,0.0
2019-05-13,866097025.912577,3188456.3125769505,0.0,862908569.6,0.9963185922394578,Bull,1.0,0.0,0.0,0.0,0.760400913403525,0.0,0.0,0.13800867157355315,0.09790900726237974,0.0,0.0,0.7663828149226612,0.0,0.0,0.12891310021021107,0.10470408486712766,0.0,0.0
2019-05-14,863377305.012577,3188456.3125769505,0.0,860188848.7,0.9963069954537077,Bull,1.0,0.0,0.0,0.0,0.7596701290294463,0.0,0.0,0.1390321465517922,0.09760471987246921,0.0,0.0,0.7663828149226612,0.0,0.0,0.12891310021021107,0.10470408486712766,0.0,0.0
2019-05-15,865911348.4125769,3188456.3125769505,0.0,862722892.0999999,0.996317802834641,Bull,1.0,0.0,0.0,0.0,0.7602148803186175,0.0,0.0,0.13866165424453059,0.09744126827149283,0.0,0.0,0.7663828149226612,0.0,0.0,0.12891310021021107,0.10470408486712766,0.0,0.0
2019-05-16,860433767.012577,3188456.3125769505,0.0,857245310.7,0.9962943617105505,Bull,1.0,0.0,0.0,0.0,0.7602089036685131,0.0,0.0,0.13888460051365376,0.0972008575283837,0.0,0.0,0.7663828149226612,0.0,0.0,0.12891310021021107,0.10470408486712766,0.0,0.0
2019-05-17,861402561.7625769,3188456.3125769505,0.0,858214105.4499999,0.9962985293356303,Bull,1.0,0.0,0.0,0.0,0.7607781013665318,0.0,0.0,0.13941147302171536,0.09610895494738322,0.0,0.0,0.7747871111919961,0.0,0.0,0.14668482515765832,0.07852806365034576,0.0,0.0
2019-05-20,867428991.4120511,827243.9620510761,0.0,866601747.45,0.9990463265924461,Bull,1.0,0.0,0.0,0.0,0.7725989724634991,0.0,0.0,0.14413906064687587,0.08230829348207107,0.0,0.0,0.7747871111919961,0.0,0.0,0.14668482515765832,0.07852806365034576,0.0,0.0
2019-05-21,880684752.762051,827243.9620510761,0.0,879857508.8,0.9990606809537049,Bull,1.0,0.0,0.0,0.0,0.7736996770558386,0.0,0.0,0.14408424762894095,0.08127675626892535,0.0,0.0,0.7747871111919961,0.0,0.0,0.14668482515765832,0.07852806365034576,0.0,0.0
2019-05-22,875565433.012051,827243.9620510761,0.0,874738189.05,0.999055188874685,Bull,1.0,0.0,0.0,0.0,0.7731910871824953,0.0,0.0,0.14411213056450495,0.08175197112768476,0.0,0.0,0.7747871111919961,0.0,0.0,0.14668482515765832,0.07852806365034576,0.0,0.0
2019-05-23,872925784.362051,827243.9620510761,0.0,872098540.4,0.9990523318512632,Bear,0.5,0.0,0.0,0.0,0.7735812167508666,0.0,0.0,0.14498849990150683,0.08048261519888979,0.0,0.0,0.3787482815878616,0.0,0.0,0.09180369454325867,0.029448023868879653,0.0,0.0
2019-05-24,874038608.3766015,167166658.67660135,0.0,706871949.7,0.8087422488268694,Bear,0.5,0.0,0.0,0.0,0.624938068484782,0.0,0.0,0.12353756340415065,0.06026661693793679,0.0,0.0,0.37296686005329294,0.0,0.0,0.1049471220450473,0.02208601790165974,0.0,0.0
2019-05-27,876849787.0498936,341418672.9998937,0.0,535431114.04999995,0.610630374732056,Bear,0.5,0.0,0.0,0.0,0.46346115383942743,0.0,0.0,0.11179908058120101,0.035370140311427434,0.0,0.0,0.37296686005329294,0.0,0.0,0.1049471220450473,0.02208601790165974,0.0,0.0
2019-05-28,876219304.7284697,413603001.6284697,0.0,462616303.1,0.5279686268078281,Bear,0.5,0.0,0.0,0.0,0.39663803482131593,0.0,0.0,0.1059009993265959,0.025429592659916234,0.0,0.0,0.37296686005329294,0.0,0.0,0.1049471220450473,0.02208601790165974,0.0,0.0
2019-05-29,876834112.1239266,431519220.6239266,0.0,445314891.5,0.5078667507829141,Bear,0.5,0.0,0.0,0.0,0.37854268773371863,0.0,0.0,0.10647852165998359,0.02284554138921186,0.0,0.0,0.37296686005329294,0.0,0.0,0.1049471220450473,0.02208601790165974,0.0,0.0
2019-05-30,880591960.2739265,431519220.6239266,0.0,449072739.65,0.5099668858097529,Bull,0.5,0.0,0.0,0.0,0.38038814202414656,0.0,0.0,0.1066380392239659,0.022940704561640483,0.0,0.0,0.37296686005329294,0.0,0.0,0.1049471220450473,0.02208601790165974,0.0,0.0
2019-05-31,883565430.9239266,431519220.6239266,0.0,452046210.3,0.5116159986332923,Bull,0.5,0.0,0.0,0.0,0.38203821526496884,0.0,0.0,0.10640411757812934,0.023173665790194208,0.0,0.0,0.37296686005329294,0.0,0.0,0.1049471220450473,0.02208601790165974,0.0,0.0
2019-06-03,881564340.8739266,431519220.6239266,0.0,450045120.25,0.5105074007461032,Bull,0.5,0.0,0.0,0.0,0.38055982382116166,0.0,0.0,0.10669170205632328,0.02325587486861829,0.0,0.0,0.37296686005329294,0.0,0.0,0.1049471220450473,0.02208601790165974,0.0,0.0
2019-06-04,881922255.6239266,431519220.6239266,0.0,450403035.0,0.5107060538815373,Bull,0.5,0.0,0.0,0.0,0.3808340053312154,0.0,0.0,0.10677358395200166,0.023098464598320236,0.0,0.0,0.37296686005329294,0.0,0.0,0.1049471220450473,0.02208601790165974,0.0,0.0
2019-06-05,883843032.9239266,431519220.6239266,0.0,452323812.3,0.5117693928113275,Bull,0.5,0.0,0.0,0.0,0.3818272020355982,0.0,0.0,0.10682009868615004,0.023122092089579188,0.0,0.0,0.37296686005329294,0.0,0.0,0.1049471220450473,0.02208601790165974,0.0,0.0
2019-06-06,886972336.5239265,431519220.6239266,0.0,455453115.9,0.5134919062807929,Bull,0.5,0.0,0.0,0.0,0.384143227324665,0.0,0.0,0.10648471898249805,0.02286395997362985,0.0,0.0,0.37296686005329294,0.0,0.0,0.1049471220450473,0.02208601790165974,0.0,0.0
2019-06-10,889446724.4739265,431519220.6239266,0.0,457927503.85,0.514845342896559,Bull,1.0,0.0,0.0,0.0,0.3849110288786453,0.0,0.0,0.1067378150795394,0.02319649893837437,0.0,0.0,0.7459337201065859,0.0,0.0,0.2098942440900946,0.04417203580331948,0.0,0.0
2019-06-11,879087623.1852212,253376437.83522117,0.0,625711185.35,0.7117733987459001,Bull,1.0,0.0,0.0,0.0,0.5294454990318246,0.0,0.0,0.1499930115296574,0.032334888184418105,0.0,0.0,0.7459337201065859,0.0,0.0,0.2098942440900946,0.04417203580331948,0.0,0.0
2019-06-12,872215329.4047486,77793219.65474859,0.0,794422109.75,0.9108096165796131,Bull,1.0,0.0,0.0,0.0,0.6764296497203801,0.0,0.0,0.19344328666540106,0.040936680193831974,0.0,0.0,0.7459337201065859,0.0,0.0,0.2098942440900946,0.04417203580331948,0.0,0.0
2019-06-13,872479928.3606125,65209786.81061259,0.0,807270141.55,0.9252592699374281,Bull,1.0,0.0,0.0,0.0,0.6767669058696664,0.0,0.0,0.20554616120163338,0.04294620286612836,0.0,0.0,0.7459337201065859,0.0,0.0,0.2098942440900946,0.04417203580331948,0.0,0.0
2019-06-14,876056812.0049496,61743895.40494958,0.0,814312916.6,0.9295206719942717,Bull,1.0,0.0,0.0,0.0,0.6785619476430045,0.0,0.0,0.20736840066825896,0.043590323683008185,0.0,0.0,0.7459337201065859,0.0,0.0,0.2098942440900946,0.04417203580331948,0.0,0.0
2019-06-17,877311232.2584085,59953071.358408585,0.0,817358160.9,0.9316627108442747,Bull,1.0,0.0,0.0,0.0,0.6802029188248552,0.0,0.0,0.2076833092983048,0.043776482721114625,0.0,0.0,0.7459337201065859,0.0,0.0,0.2098942440900946,0.04417203580331948,0.0,0.0
2019-06-18,880173166.2959255,58321663.09592559,0.0,821851503.1999999,0.9337384217910626,Bull,1.0,0.0,0.0,0.0,0.6807913784985083,0.0,0.0,0.20893309071657312,0.04401395257598111,0.0,0.0,0.7459337201065859,0.0,0.0,0.2098942440900946,0.04417203580331948,0.0,0.0
2019-06-19,891579014.3038499,14599731.403849974,0.0,876979282.9,0.9836248597492512,Bull,1.0,0.0,0.0,0.0,0.7302928539748027,0.0,0.0,0.2087717375731824,0.04456026820126608,0.0,0.0,0.7594502900799395,0.0,0.0,0.18138924868592426,0.05916046123413631,0.0,0.0
2019-06-20,891254100.51099,3364046.210990102,0.0,887890054.3,0.996225491463028,Bull,1.0,0.0,0.0,0.0,0.7529850958500298,0.0,0.0,0.18772289508017465,0.05551750053282348,0.0,0.0,0.7594502900799395,0.0,0.0,0.18138924868592426,0.05916046123413631,0.0,0.0
2019-06-21,885689086.2109901,3364046.210990102,0.0,882325040.0,0.9962017752466821,Bull,1.0,0.0,0.0,0.0,0.7503265540314996,0.0,0.0,0.1900088898237931,0.05586633139138937,0.0,0.0,0.7594502900799395,0.0,0.0,0.18138924868592426,0.05916046123413631,0.0,0.0
2019-06-24,890425801.61099,3364046.210990102,0.0,887061755.4,0.9962219803099779,Bull,1.0,0.0,0.0,0.0,0.750406327165164,0.0,0.0,0.1900059496186008,0.0558097035262131,0.0,0.0,0.7594502900799395,0.0,0.0,0.18138924868592426,0.05916046123413631,0.0,0.0
2019-06-25,890406601.61099,3364046.210990102,0.0,887042555.4,0.99622189884385,Bull,1.0,0.0,0.0,0.0,0.7507864993256905,0.0,0.0,0.18993378945531014,0.05550161006284933,0.0,0.0,0.7594502900799395,0.0,0.0,0.18138924868592426,0.05916046123413631,0.0,0.0
2019-06-26,887922607.3109901,3364046.210990102,0.0,884558561.1,0.9962113294747863,Bull,1.0,0.0,0.0,0.0,0.7506708981299187,0.0,0.0,0.19015925330625394,0.05538117803861368,0.0,0.0,0.7594502900799395,0.0,0.0,0.18138924868592426,0.05916046123413631,0.0,0.0
2019-06-27,891623412.06099,3364046.210990102,0.0,888259365.8499999,0.9962270548692591,Bull,1.0,0.0,0.0,0.0,0.7509000512922854,0.0,0.0,0.18938634597949447,0.05594065759747926,0.0,0.0,0.7594502900799395,0.0,0.0,0.18138924868592426,0.05916046123413631,0.0,0.0
2019-06-28,888857550.7109901,3364046.210990102,0.0,885493504.5,0.9962153145818481,Bull,1.0,0.0,0.0,0.0,0.7511327365852404,0.0,0.0,0.18938096421114048,0.05570161378546732,0.0,0.0,0.7594502900799395,0.0,0.0,0.18138924868592426,0.05916046123413631,0.0,0.0
2019-07-01,886743412.76099,3364046.210990102,0.0,883379366.55,0.9962062912872218,Bull,1.0,0.0,0.0,0.0,0.7501964570322717,0.0,0.0,0.18896762872843031,0.05704220552651983,0.0,0.0,0.7594502900799395,0.0,0.0,0.18138924868592426,0.05916046123413631,0.0,0.0
2019-07-02,887713196.8109901,3364046.210990102,0.0,884349150.6,0.9962104357318613,Bull,1.0,0.0,0.0,0.0,0.7493008473790047,0.0,0.0,0.1900675810679929,0.056842007284863764,0.0,0.0,0.7594502900799395,0.0,0.0,0.18138924868592426,0.05916046123413631,0.0,0.0
2019-07-03,886856813.86099,3364046.210990102,0.0,883492767.65,0.996206776383276,Bull,1.0,0.0,0.0,0.0,0.7500971490018579,0.0,0.0,0.18986830497126178,0.0562413224101564,0.0,0.0,0.7594502900799395,0.0,0.0,0.18138924868592426,0.05916046123413631,0.0,0.0
2019-07-04,889388901.8109901,3364046.210990102,0.0,886024855.6,0.9962175756813019,Bull,1.0,0.0,0.0,0.0,0.7508628163002652,0.0,0.0,0.18892949941004497,0.056425259970991785,0.0,0.0,0.7594502900799395,0.0,0.0,0.18138924868592426,0.05916046123413631,0.0,0.0
2019-07-05,891535972.9609901,3364046.210990102,0.0,888171926.75,0.9962266848304311,Bull,1.0,0.0,0.0,0.0,0.7511341629052827,0.0,0.0,0.18887179553815703,0.05622072638699142,0.0,0.0,0.7594502900799395,0.0,0.0,0.18138924868592426,0.05916046123413631,0.0,0.0
2019-07-08,890789307.0609901,3364046.210990102,0.0,887425260.85,0.9962235220109577,Bull,1.0,0.0,0.0,0.0,0.751180953280331,0.0,0.0,0.18898082707729905,0.05606174165332767,0.0,0.0,0.7594502900799395,0.0,0.0,0.18138924868592426,0.05916046123413631,0.0,0.0
2019-07-09,886954328.4309901,3364046.210990102,2585820.02,881004462.2,0.9932918008963153,Bull,1.0,0.0,0.0,0.0,0.7525832399744986,0.0,0.0,0.18447342186089855,0.056235139060918156,0.0,0.0,0.7594502900799395,0.0,0.0,0.18138924868592426,0.05916046123413631,0.0,0.0
2019-07-10,889400383.38099,3364046.210990102,2585820.02,883450517.15,0.99331024998171,Bull,1.0,0.0,0.0,0.0,0.752901763550457,0.0,0.0,0.18384633406432474,0.0565621523669283,0.0,0.0,0.7594502900799395,0.0,0.0,0.18138924868592426,0.05916046123413631,0.0,0.0
2019-07-11,891507349.9309901,3364046.210990102,2585820.02,885557483.7,0.9933260603724123,Bull,1.0,0.0,0.0,0.0,0.7550422144608291,0.0,0.0,0.18140916057788983,0.056874685333693456,0.0,0.0,0.7695877175599546,0.0,0.0,0.15459742559494363,0.07581485684510175,0.0,0.0
2019-07-12,889896128.6185405,2067196.0485406038,2585820.02,885243112.55,0.9947712818171669,Bull,1.0,0.0,0.0,0.0,0.76220874632072,0.0,0.0,0.16151941263429534,0.07104312286215156,0.0,0.0,0.7695877175599546,0.0,0.0,0.15459742559494363,0.07581485684510175,0.0,0.0
2019-07-15,889489361.5685406,2067196.0485406038,2585820.02,884836345.5,0.9947688907033858,Bull,1.0,0.0,0.0,0.0,0.7623025915726496,0.0,0.0,0.16100417406618378,0.07146212506455249,0.0,0.0,0.7695877175599546,0.0,0.0,0.15459742559494363,0.07581485684510175,0.0,0.0
2019-07-16,889574777.4685405,2067196.0485406038,4835820.02,882671761.4,0.9922400946571525,Bull,1.0,0.0,0.0,0.0,0.7637535130362071,0.0,0.0,0.15690249266867964,0.07158408895226573,0.0,0.0,0.7695877175599546,0.0,0.0,0.15459742559494363,0.07581485684510175,0.0,0.0
2019-07-17,892840148.3685405,2067196.0485406038,4835820.02,885937132.3,0.9922684748427204,Bull,1.0,0.0,0.0,0.0,0.7637995822052895,0.0,0.0,0.1576172400593165,0.07085165257811446,0.0,0.0,0.7695877175599546,0.0,0.0,0.15459742559494363,0.07581485684510175,0.0,0.0
2019-07-18,893718591.8185406,2067196.0485406038,4835820.02,886815575.75,0.9922760742232135,Bull,1.0,0.0,0.0,0.0,0.7646839642883463,0.0,0.0,0.1568955835579956,0.0706965263768716,0.0,0.0,0.7695877175599546,0.0,0.0,0.15459742559494363,0.07581485684510175,0.0,0.0
2019-07-19,896398852.2685406,2067196.0485406038,5370620.02,888961036.2,0.9917025595807966,Bull,1.0,0.0,0.0,0.0,0.7639032942390035,0.0,0.0,0.1570584340259992,0.0707408313157938,0.0,0.0,0.7695877175599546,0.0,0.0,0.15459742559494363,0.07581485684510175,0.0,0.0
2019-07-22,897236591.5685406,2067196.0485406038,5370620.02,889798775.5,0.991710306803763,Bull,1.0,0.0,0.0,0.0,0.7635256764354417,0.0,0.0,0.15716924758214962,0.07101538278617181,0.0,0.0,0.7695877175599546,0.0,0.0,0.15459742559494363,0.07581485684510175,0.0,0.0
2019-07-23,896783403.3685405,2067196.0485406038,5370620.02,889345587.3,0.9917061176192575,Bull,1.0,0.0,0.0,0.0,0.7635898308641939,0.0,0.0,0.15689462970823734,0.07122165704682641,0.0,0.0,0.7695877175599546,0.0,0.0,0.15459742559494363,0.07581485684510175,0.0,0.0
2019-07-24,896437792.6685406,2067196.0485406038,5370620.02,888999976.6,0.9917029200136693,Bull,1.0,0.0,0.0,0.0,0.7644036007899199,0.0,0.0,0.15609281663980273,0.0712065025839468,0.0,0.0,0.7695877175599546,0.0,0.0,0.15459742559494363,0.07581485684510175,0.0,0.0
2019-07-25,901614422.9185406,2067196.0485406038,7439918.02,892107308.85,0.9894554547632836,Bull,1.0,0.0,0.0,0.0,0.7654492777699865,0.0,0.0,0.15299666519693975,0.07100951179635731,0.0,0.0,0.7695877175599546,0.0,0.0,0.15459742559494363,0.07581485684510175,0.0,0.0
2019-07-26,900909889.9685405,2067196.0485406038,7439918.02,891402775.9,0.989447208678248,Bull,1.0,0.0,0.0,0.0,0.7659342888600056,0.0,0.0,0.15291429424180325,0.07059862557643916,0.0,0.0,0.7695877175599546,0.0,0.0,0.15459742559494363,0.07581485684510175,0.0,0.0
2019-07-29,898392313.5685406,2067196.0485406038,7439918.02,888885199.5,0.9894176364546386,Bull,1.0,0.0,0.0,0.0,0.7652418538279824,0.0,0.0,0.1532092360110102,0.07096654661564612,0.0,0.0,0.7695877175599546,0.0,0.0,0.15459742559494363,0.07581485684510175,0.0,0.0
2019-07-30,899411730.3185406,2067196.0485406038,7439918.02,889904616.25,0.9894296307819185,Bull,1.0,0.0,0.0,0.0,0.7657202958717105,0.0,0.0,0.15303558466071146,0.07067375024949646,0.0,0.0,0.7695877175599546,0.0,0.0,0.15459742559494363,0.07581485684510175,0.0,0.0
2019-07-31,898664781.3685405,4653016.068540604,4854098.0,889157667.3,0.9894208449405767,Bull,1.0,2585820.02,0.0,0.0,0.7654455605264253,0.0,0.0,0.15358285187254767,0.07039243254160367,0.0,0.0,0.7695877175599546,0.0,0.0,0.15459742559494363,0.07581485684510175,0.0,0.0
2019-08-01,890458968.0758502,1346340.175850104,4854098.0,884258529.9000001,0.9930368064131597,Bull,1.0,0.0,0.0,0.0,0.7684765434825863,0.0,0.0,0.1539481378869363,0.0706121250436371,0.0,0.0,0.7695877175599546,0.0,0.0,0.15459742559494363,0.07581485684510175,0.0,0.0
2019-08-02,883106819.9258502,1346340.175850104,4854098.0,876906381.75,0.9929788355882352,Bull,1.0,0.0,0.0,0.0,0.7677548926719068,0.0,0.0,0.15519187136558119,0.07003207155074724,0.0,0.0,0.7695877175599546,0.0,0.0,0.15459742559494363,0.07581485684510175,0.0,0.0
2019-08-05,883120813.5758501,1346340.175850104,4854098.0,876920375.4,0.9929789468433612,Bull,1.0,0.0,0.0,0.0,0.7675176091201746,0.0,0.0,0.15612246691563011,0.06933887080755644,0.0,0.0,0.7695877175599546,0.0,0.0,0.15459742559494363,0.07581485684510175,0.0,0.0
2019-08-06,880119414.9758502,1346340.175850104,4854098.0,873918976.8000001,0.9929550035252657,Bull,1.0,0.0,0.0,0.0,0.7675277528317401,0.0,0.0,0.1558953224589016,0.06953192823462391,0.0,0.0,0.7695877175599546,0.0,0.0,0.15459742559494363,0.07581485684510175,0.0,0.0
2019-08-07,878044950.1758502,3596340.175850104,2604098.0,871844512.0,0.9929383590502874,Bull,1.0,2250000.0,0.0,0.0,0.7670532264494131,0.0,0.0,0.1565369745278678,0.06934815807300652,0.0,0.0,0.7695877175599546,0.0,0.0,0.15459742559494363,0.07581485684510175,0.0,0.0
2019-08-08,883900897.4758501,3596340.175850104,2604098.0,877700459.3,0.9929851432512891,Bull,1.0,0.0,0.0,0.0,0.7673884722110855,0.0,0.0,0.15588681988385994,0.06970985115634357,0.0,0.0,0.7695877175599546,0.0,0.0,0.15459742559494363,0.07581485684510175,0.0,0.0
2019-08-12,872657789.4258502,3596340.175850104,2604098.0,866457351.25,0.9928947655644836,Bull,1.0,0.0,0.0,0.0,0.7640611925193329,0.0,0.0,0.15826937165239804,0.07056420139275262,0.0,0.0,0.7695877175599546,0.0,0.0,0.15459742559494363,0.07581485684510175,0.0,0.0
2019-08-13,864757604.0258502,3596340.175850104,2604098.0,858557165.85,0.9928298541152062,Bull,1.0,0.0,0.0,0.0,0.7627291888262868,0.0,0.0,0.15968694505503542,0.07041372023388394,0.0,0.0,0.7695877175599546,0.0,0.0,0.15459742559494363,0.07581485684510175,0.0,0.0
2019-08-14,871583777.1758502,3596349.175850104,16916921.0,851070507.0,0.9764643735771238,Bull,1.0,9.0,572512.0,9.0,0.747915259634851,0.0,0.0,0.15816092911535157,0.07038818482692139,0.0,0.0,0.7695877175599546,0.0,0.0,0.15459742559494363,0.07581485684510175,0.0,0.0
2019-08-15,866086668.3227707,2336082.252770604,18406834.37,845343751.7,0.9760498372952207,Bull,1.0,3.0,148991.0,3.0,0.745351562736932,0.0,0.0,0.15662347079270192,0.07407480376558669,0.0,0.0,0.7695877175599546,0.0,0.0,0.15459742559494363,0.07581485684510175,0.0,0.0
2019-08-16,875291148.9896266,2403808.819626604,18406834.37,854480505.8000001,0.976224318943875,Bull,1.0,0.0,0.0,0.0,0.746834018091673,0.0,0.0,0.15393232315387756,0.07545797769832441,0.0,0.0,0.7695877175599546,0.0,0.0,0.15459742559494363,0.07581485684510175,0.0,0.0
2019-08-19,876420734.6498433,1880800.8798433545,18406834.37,856133099.4,0.9768517169348476,Bull,1.0,0.0,0.0,0.0,0.7469968173009575,0.0,0.0,0.1538877329892073,0.07596716664468282,0.0,0.0,0.7695877175599546,0.0,0.0,0.15459742559494363,0.07581485684510175,0.0,0.0
2019-08-20,874842095.0059253,1600371.7859252295,18406834.37,854834888.85,0.9771304944399255,Bull,1.0,0.0,0.0,0.0,0.7465448823031047,0.0,0.0,0.15438557514666143,0.07620003699015934,0.0,0.0,0.7695877175599546,0.0,0.0,0.15459742559494363,0.07581485684510175,0.0,0.0
2019-08-21,871062069.1694186,1842650.0994186045,18406834.37,850812584.6999999,0.9767531095818154,Bull,1.0,0.0,0.0,0.0,0.7449566542585732,0.0,0.0,0.15545057555900046,0.07634587976424168,0.0,0.0,0.7695877175599546,0.0,0.0,0.15459742559494363,0.07581485684510175,0.0,0.0
2019-08-22,874815929.1099474,3061611.7899473547,17872034.37,853882282.95,0.9760707990522696,Bull,1.0,534800.0,0.0,0.0,0.7457674937558262,0.0,0.0,0.15484240226148818,0.07546090303495523,0.0,0.0,0.7695877175599546,0.0,0.0,0.15459742559494363,0.07581485684510175,0.0,0.0
2019-08-23,875927375.7017779,2899592.4817778547,17872034.37,855155748.85,0.9762861312159172,Bull,1.0,0.0,0.0,0.0,0.745805836159202,0.0,0.0,0.15483703759268716,0.07564325746402803,0.0,0.0,0.7695877175599546,0.0,0.0,0.15459742559494363,0.07581485684510175,0.0,0.0
2019-08-26,866598353.3386633,2819684.318663355,17872034.37,845906634.65,0.9761230579207238,Bull,1.0,0.0,0.0,0.0,0.7454090838752808,0.0,0.0,0.15543879062433272,0.07527518342111027,0.0,0.0,0.7695877175599546,0.0,0.0,0.15459742559494363,0.07581485684510175,0.0,0.0
2019-08-27,869671581.2263619,2859073.9563618554,17872034.37,848940472.9,0.9761621412336735,Bull,1.0,0.0,0.0,0.0,0.7458625036192429,0.0,0.0,0.1547348480793624,0.07556478953506819,0.0,0.0,0.7695877175599546,0.0,0.0,0.15459742559494363,0.07581485684510175,0.0,0.0
2019-08-28,869496489.6368765,4767954.816876356,15802736.370000001,848925798.45,0.9763418352666757,Bull,1.0,2069298.0,0.0,0.0,0.7444331359179164,0.0,0.0,0.15562316997566078,0.07628552937309854,0.0,0.0,0.7695877175599546,0.0,0.0,0.15459742559494363,0.07581485684510175,0.0,0.0
2019-08-29,872387413.4437042,688462.1737042312,15802736.370000001,855896214.9,0.9810964735511186,Bull,1.0,0.0,0.0,0.0,0.7498866957715632,0.0,0.0,0.15531219033198881,0.07589758744756663,0.0,0.0,0.7695877175599546,0.0,0.0,0.15459742559494363,0.07581485684510175,0.0,0.0
2019-08-30,885090247.5810127,1052271.5610127312,15802736.370000001,868235239.65,0.9809567352288897,Bull,1.0,0.0,0.0,0.0,0.751267728310539,0.0,0.0,0.15367336875729218,0.07601563816105857,0.0,0.0,0.7695877175599546,0.0,0.0,0.15459742559494363,0.07581485684510175,0.0,0.0
2019-09-02,884950496.4259897,766381.5559897312,15802736.370000001,868381378.5,0.9812767855457376,Bull,1.0,0.0,0.0,0.0,0.750448506647672,0.0,0.0,0.15484674064077464,0.075981538257291,0.0,0.0,0.7695877175599546,0.0,0.0,0.15459742559494363,0.07581485684510175,0.0,0.0
2019-09-03,880976613.3951555,848038.8751556062,15802736.370000001,864325838.15,0.9810996398860284,Bull,1.0,0.0,0.0,0.0,0.7510803670485251,0.0,0.0,0.15443951397943906,0.07557975885806431,0.0,0.0,0.7695877175599546,0.0,0.0,0.15459742559494363,0.07581485684510175,0.0,0.0
2019-09-04,888561715.5955857,766478.4755857312,15802736.370000001,871992500.75,0.9813527698135411,Bull,1.0,0.0,0.0,0.0,0.7515226449998511,0.0,0.0,0.15392639318060608,0.07590373163308395,0.0,0.0,0.7695877175599546,0.0,0.0,0.15459742559494363,0.07581485684510175,0.0,0.0
2019-09-05,892292195.7958642,399381.57586423133,15802736.370000001,876090077.85,0.9818421386825948,Bull,1.0,0.0,0.0,0.0,0.7517781518325246,0.0,0.0,0.15369550540300225,0.07636848144706797,0.0,0.0,0.777190788169966,0.0,0.0,0.1248543081706549,0.09795490365937913,0.0,0.0
2019-09-06,896103733.6191895,1014042.2991894823,15802736.370000001,879286954.95,0.9812334464880871,Bull,1.0,0.0,0.0,0.0,0.7569541666905454,0.0,0.0,0.13156400936289475,0.09271527043464696,0.0,0.0,0.777190788169966,0.0,0.0,0.1248543081706549,0.09795490365937913,0.0,0.0
2019-09-09,901361699.1962711,1820958.976270982,15802736.370000001,883738003.85,0.9804476988960306,Bull,1.0,0.0,0.0,0.0,0.7575098924869258,0.0,0.0,0.1265274529655451,0.09641035344355967,0.0,0.0,0.777190788169966,0.0,0.0,0.1248543081706549,0.09795490365937913,0.0,0.0
2019-09-10,907696949.802425,1844679.382424982,15802736.370000001,890049534.0500001,0.9805580312280809,Bull,1.0,0.0,0.0,0.0,0.7589982914451339,0.0,0.0,0.12517669033120776,0.09638304945173924,0.0,0.0,0.777190788169966,0.0,0.0,0.1248543081706549,0.09795490365937913,0.0,0.0
2019-09-11,907819065.2977874,838317.1777874822,15802736.370000001,891178011.75,0.9816691957859149,Bull,1.0,0.0,0.0,0.0,0.7590819449511725,0.0,0.0,0.1250563072970491,0.09753094353769329,0.0,0.0,0.777190788169966,0.0,0.0,0.1248543081706549,0.09795490365937913,0.0,0.0
2019-09-12,906419959.5234293,2075588.5734292325,14312823.0,890031547.95,0.98191962632636,Bull,1.0,1489913.37,0.0,0.0,0.7584436339105464,0.0,0.0,0.12499007640957797,0.09848591600623569,0.0,0.0,0.777190788169966,0.0,0.0,0.1248543081706549,0.09795490365937913,0.0,0.0
2019-09-16,908815367.8799832,61217.229983232915,14312823.0,894441327.65,0.9841837619190861,Bull,1.0,0.0,0.0,0.0,0.760333013802263,0.0,0.0,0.12541051134057338,0.09844023677624968,0.0,0.0,0.777190788169966,0.0,0.0,0.1248543081706549,0.09795490365937913,0.0,0.0
2019-09-17,911764330.3101488,611519.6101487329,14312823.0,896839987.7,0.9836313594269782,Bull,1.0,0.0,0.0,0.0,0.7611812774732266,0.0,0.0,0.12477983204420783,0.09767024990954372,0.0,0.0,0.777190788169966,0.0,0.0,0.1248543081706549,0.09795490365937913,0.0,0.0
2019-09-18,917520453.5639868,14755313.813986734,0.0,902765139.75,0.983918272604527,Bull,1.0,14312823.0,0.0,0.0,0.7615400692550027,0.0,0.0,0.12432910847588487,0.09804909487363941,0.0,0.0,0.777190788169966,0.0,0.0,0.1248543081706549,0.09795490365937913,0.0,0.0
2019-09-19,915800379.4980857,83053.548085735,0.0,915717325.95,0.9999093104240345,Bull,1.0,0.0,0.0,0.0,0.777210068792604,0.0,0.0,0.1250441718125968,0.09765506981883375,0.0,0.0,0.777190788169966,0.0,0.0,0.1248543081706549,0.09795490365937913,0.0,0.0
2019-09-20,916742617.1980857,83053.548085735,0.0,916659563.65,0.9999094036357342,Bull,1.0,0.0,0.0,0.0,0.7769708206944776,0.0,0.0,0.1250950897761312,0.09784349316512533,0.0,0.0,0.777190788169966,0.0,0.0,0.1248543081706549,0.09795490365937913,0.0,0.0
2019-09-23,912534657.7980857,83053.548085735,0.0,912451604.25,0.999908985869878,Bull,1.0,0.0,0.0,0.0,0.7768697859219952,0.0,0.0,0.12497662310732155,0.0980625768405612,0.0,0.0,0.777190788169966,0.0,0.0,0.1248543081706549,0.09795490365937913,0.0,0.0
2019-09-24,911327885.9980856,83053.548085735,0.0,911244832.4499999,0.9999088653498244,Bull,1.0,0.0,0.0,0.0,0.7768383842162897,0.0,0.0,0.12470374466324487,0.0983667364702898,0.0,0.0,0.777190788169966,0.0,0.0,0.1248543081706549,0.09795490365937913,0.0,0.0
2019-09-25,907856600.3980857,83053.548085735,0.0,907773546.85,0.9999085168868638,Bull,1.0,0.0,0.0,0.0,0.7772996820649518,0.0,0.0,0.12450754882482026,0.0981012859970917,0.0,0.0,0.777190788169966,0.0,0.0,0.1248543081706549,0.09795490365937913,0.0,0.0
2019-09-26,903990610.1480857,83053.548085735,0.0,903907556.6,0.9999081256518006,Bull,1.0,0.0,0.0,0.0,0.7764769331896212,0.0,0.0,0.12467607377198006,0.09875511869019943,0.0,0.0,0.777190788169966,0.0,0.0,0.1248543081706549,0.09795490365937913,0.0,0.0
2019-09-27,902472555.8980857,83053.548085735,0.0,902389502.35,0.9999079711094339,Bull,1.0,0.0,0.0,0.0,0.7758009900403722,0.0,0.0,0.12483371296303701,0.09927326810602467,0.0,0.0,0.777190788169966,0.0,0.0,0.1248543081706549,0.09795490365937913,0.0,0.0
2019-10-01,910918983.9980857,83053.548085735,0.0,910835930.45,0.9999088244404336,Bull,1.0,0.0,0.0,0.0,0.7748915028117181,0.0,0.0,0.12509509846842698,0.09992222316028851,0.0,0.0,0.777190788169966,0.0,0.0,0.1248543081706549,0.09795490365937913,0.0,0.0
2019-10-02,909538190.3980856,83053.548085735,0.0,909455136.8499999,0.9999086860244435,Bull,1.0,0.0,0.0,0.0,0.7752091053388317,0.0,0.0,0.12497496113961885,0.09972461954599297,0.0,0.0,0.777190788169966,0.0,0.0,0.1248543081706549,0.09795490365937913,0.0,0.0
2019-10-03,901389205.9980857,83053.548085735,0.0,901306152.45,0.9999078605029514,Bull,1.0,0.0,0.0,0.0,0.7750097824573724,0.0,0.0,0.12527052603760577,0.09962755200797326,0.0,0.0,0.777190788169966,0.0,0.0,0.1248543081706549,0.09795490365937913,0.0,0.0
2019-10-04,904955690.4480857,83053.548085735,0.0,904872636.9,0.9999082236302149,Bull,1.0,0.0,0.0,0.0,0.774811733105759,0.0,0.0,0.1254519985876731,0.09964449193678282,0.0,0.0,0.777190788169966,0.0,0.0,0.1248543081706549,0.09795490365937913,0.0,0.0
2019-10-07,904273910.7480856,83053.548085735,0.0,904190857.1999999,0.9999081544351789,Bull,1.0,0.0,0.0,0.0,0.774082718610028,0.0,0.0,0.1257544850607543,0.10007095076439655,0.0,0.0,0.777190788169966,0.0,0.0,0.1248543081706549,0.09795490365937913,0.0,0.0
2019-10-08,907217320.2480856,83053.548085735,0.0,907134266.6999999,0.9999084524223336,Bull,1.0,0.0,0.0,0.0,0.7737454422806267,0.0,0.0,0.12519106223516754,0.10097194790653943,0.0,0.0,0.777190788169966,0.0,0.0,0.1248543081706549,0.09795490365937913,0.0,0.0
2019-10-09,901683600.1980857,83053.548085735,0.0,901600546.65,0.9999078905859357,Bull,1.0,0.0,0.0,0.0,0.7740130201954201,0.0,0.0,0.12512537654584652,0.10076949384466903,0.0,0.0,0.777190788169966,0.0,0.0,0.1248543081706549,0.09795490365937913,0.0,0.0
2019-10-14,910940378.6980857,83053.548085735,0.0,910857325.15,0.9999088265818182,Bull,1.0,0.0,0.0,0.0,0.7737074693706089,0.0,0.0,0.12442142499159609,0.10177993221961326,0.0,0.0,0.777190788169966,0.0,0.0,0.1248543081706549,0.09795490365937913,0.0,0.0
2019-10-15,910116414.8980857,83053.548085735,0.0,910033361.35,0.9999087440389756,Bull,1.0,0.0,0.0,0.0,0.7733280598271741,0.0,0.0,0.12453406854846344,0.10204661566333798,0.0,0.0,0.777190788169966,0.0,0.0,0.1248543081706549,0.09795490365937913,0.0,0.0
2019-10-16,912277600.4980857,83053.548085735,0.0,912194546.95,0.9999089602243436,Bull,1.0,0.0,0.0,0.0,0.7730915968614533,0.0,0.0,0.1245481637803716,0.1022691995825187,0.0,0.0,0.777190788169966,0.0,0.0,0.1248543081706549,0.09795490365937913,0.0,0.0
2019-10-17,912164625.5480857,83053.548085735,0.0,912081572.0,0.999908948948732,Bull,1.0,0.0,0.0,0.0,0.7726962899668426,0.0,0.0,0.12487274425004043,0.10233991473184893,0.0,0.0,0.777190788169966,0.0,0.0,0.1248543081706549,0.09795490365937913,0.0,0.0
2019-10-18,913799656.2980857,83053.548085735,0.0,913716602.75,0.9999091118632916,Bull,1.0,0.0,0.0,0.0,0.7732576258701316,0.0,0.0,0.12472646407170548,0.10192502192145453,0.0,0.0,0.777190788169966,0.0,0.0,0.1248543081706549,0.09795490365937913,0.0,0.0
2019-10-21,915493482.8480856,83053.548085735,0.0,915410429.3,0.999909280022587,Bull,1.0,0.0,0.0,0.0,0.7735104537248871,0.0,0.0,0.12477805919996438,0.10162076709773547,0.0,0.0,0.777190788169966,0.0,0.0,0.1248543081706549,0.09795490365937913,0.0,0.0
2019-10-22,918013768.4480857,83053.548085735,0.0,917930714.9,0.9999095290823077,Bull,1.0,0.0,0.0,0.0,0.772793327598244,0.0,0.0,0.12479387993675674,0.10232232154730694,0.0,0.0,0.777190788169966,0.0,0.0,0.1248543081706549,0.09795490365937913,0.0,0.0
2019-10-23,912837623.4480857,83053.548085735,0.0,912754569.9,0.9999090160769536,Bull,1.0,0.0,0.0,0.0,0.772438604399943,0.0,0.0,0.12485791237381214,0.10261249930319843,0.0,0.0,0.777190788169966,0.0,0.0,0.1248543081706549,0.09795490365937913,0.0,0.0
2019-10-24,918852063.1980857,83053.548085735,0.0,918769009.65,0.9999096116214872,Bull,1.0,0.0,0.0,0.0,0.7733201438073241,0.0,0.0,0.12424524531473877,0.10234422249942435,0.0,0.0,0.777190788169966,0.0,0.0,0.1248543081706549,0.09795490365937913,0.0,0.0
2019-10-25,920503931.7480857,83053.548085735,0.0,920420878.2,0.999909773825813,Bull,1.0,0.0,0.0,0.0,0.7738035152629117,0.0,0.0,0.12394569546632168,0.1021605630965797,0.0,0.0,0.777190788169966,0.0,0.0,0.1248543081706549,0.09795490365937913,0.0,0.0
2019-10-28,922868184.3980857,83053.548085735,0.0,922785130.85,0.9999100049720103,Bull,1.0,0.0,0.0,0.0,0.7736438886076318,0.0,0.0,0.12390826981925068,0.10235784654512783,0.0,0.0,0.777190788169966,0.0,0.0,0.1248543081706549,0.09795490365937913,0.0,0.0
2019-10-29,923362323.2480857,83053.548085735,0.0,923279269.7,0.999910053132996,Bull,1.0,0.0,0.0,0.0,0.7738091556374117,0.0,0.0,0.12351110406890477,0.10258979342667952,0.0,0.0,0.777190788169966,0.0,0.0,0.1248543081706549,0.09795490365937913,0.0,0.0
2019-10-30,927688139.1980857,83053.548085735,0.0,927605085.65,0.9999104725558338,Bull,1.0,0.0,0.0,0.0,0.7740272892469052,0.0,0.0,0.1233151478026745,0.10256803550625405,0.0,0.0,0.777190788169966,0.0,0.0,0.1248543081706549,0.09795490365937913,0.0,0.0
2019-10-31,928877630.6980857,83053.548085735,0.0,928794577.15,0.999910587201865,Bull,1.0,0.0,0.0,0.0,0.7747147238427765,0.0,0.0,0.12247415185841277,0.10272171150067576,0.0,0.0,0.777190788169966,0.0,0.0,0.1248543081706549,0.09795490365937913,0.0,0.0
2019-11-01,930155196.0980856,83053.548085735,0.0,930072142.55,0.9999107100100778,Bull,1.0,0.0,0.0,0.0,0.7742914790684597,0.0,0.0,0.12303860740668451,0.10258062353493354,0.0,0.0,0.777190788169966,0.0,0.0,0.1248543081706549,0.09795490365937913,0.0,0.0
2019-11-04,936268708.2480857,83053.548085735,0.0,936185654.7,0.9999112930429545,Bull,1.0,0.0,0.0,0.0,0.7731390020013307,0.0,0.0,0.12248620400289285,0.10428608703873088,0.0,0.0,0.777190788169966,0.0,0.0,0.1248543081706549,0.09795490365937913,0.0,0.0
2019-11-05,939916832.6980857,83053.548085735,0.0,939833779.15,0.9999116373436495,Bull,1.0,0.0,0.0,0.0,0.7727807970679397,0.0,0.0,0.12246083482683269,0.10467000544887717,0.0,0.0,0.777190788169966,0.0,0.0,0.1248543081706549,0.09795490365937913,0.0,0.0
2019-11-06,943526724.1980857,83053.548085735,0.0,943443670.65,0.9999119754152631,Bull,1.0,0.0,0.0,0.0,0.7728710824484345,0.0,0.0,0.12226627719320518,0.10477461577362344,0.0,0.0,0.777190788169966,0.0,0.0,0.1248543081706549,0.09795490365937913,0.0,0.0
2019-11-07,941808571.5480857,83053.548085735,0.0,941725518.0,0.9999118148309596,Bull,1.0,0.0,0.0,0.0,0.7724949527738016,0.0,0.0,0.12301332085942353,0.10440354119773446,0.0,0.0,0.777190788169966,0.0,0.0,0.1248543081706549,0.09795490365937913,0.0,0.0
2019-11-08,943098479.4480858,83053.548085735,0.0,943015425.9000001,0.9999119354448177,Bull,1.0,0.0,0.0,0.0,0.7725449587474456,0.0,0.0,0.12344310009717119,0.10392387660020093,0.0,0.0,0.777190788169966,0.0,0.0,0.1248543081706549,0.09795490365937913,0.0,0.0
2019-11-11,938437918.7480857,83053.548085735,0.0,938354865.2,0.9999114980901491,Bull,1.0,0.0,0.0,0.0,0.7726195848599697,0.0,0.0,0.12443177930808456,0.10286013392209478,0.0,0.0,0.777190788169966,0.0,0.0,0.1248543081706549,0.09795490365937913,0.0,0.0
2019-11-12,939619868.7480857,83053.548085735,0.0,939536815.2,0.9999116094169056,Bull,1.0,0.0,0.0,0.0,0.7723477752411869,0.0,0.0,0.12387509446248832,0.10368873971323044,0.0,0.0,0.777190788169966,0.0,0.0,0.1248543081706549,0.09795490365937913,0.0,0.0
2019-11-13,932247490.1480857,83053.548085735,0.0,932164436.6,0.9999109104084877,Bull,1.0,0.0,0.0,0.0,0.7729115864774737,0.0,0.0,0.1231153757054024,0.10388394822561149,0.0,0.0,0.777190788169966,0.0,0.0,0.1248543081706549,0.09795490365937913,0.0,0.0
2019-11-14,928328243.3480856,83053.548085735,0.0,928245189.8,0.9999105342871115,Bull,1.0,0.0,0.0,0.0,0.7717567519179339,0.0,0.0,0.12388829147889693,0.10426549089028059,0.0,0.0,0.777190788169966,0.0,0.0,0.1248543081706549,0.09795490365937913,0.0,0.0
2019-11-15,931745962.5480857,83053.548085735,0.0,931662909.0,0.9999108624545487,Bull,1.0,0.0,0.0,0.0,0.7713944979535202,0.0,0.0,0.12361040952088495,0.10490595498014356,0.0,0.0,0.777190788169966,0.0,0.0,0.1248543081706549,0.09795490365937913,0.0,0.0
2019-11-18,938332077.2480857,83053.548085735,0.0,938249023.7,0.9999114881073561,Bull,1.0,0.0,0.0,0.0,0.7722718228126932,0.0,0.0,0.12279288195914125,0.10484678333552164,0.0,0.0,0.777190788169966,0.0,0.0,0.1248543081706549,0.09795490365937913,0.0,0.0
2019-11-19,940284256.9480857,83053.548085735,0.0,940201203.4,0.9999116718721259,Bull,1.0,0.0,0.0,0.0,0.7722811458706497,0.0,0.0,0.12221304265263755,0.10541748334883871,0.0,0.0,0.777190788169966,0.0,0.0,0.1248543081706549,0.09795490365937913,0.0,0.0
2019-11-20,939941343.1480857,83053.548085735,0.0,939858289.6,0.9999116396478449,Bull,1.0,0.0,0.0,0.0,0.7713423235238789,0.0,0.0,0.12350770699285038,0.10506160913111562,0.0,0.0,0.777190788169966,0.0,0.0,0.1248543081706549,0.09795490365937913,0.0,0.0
2019-11-21,931248767.7980857,83053.548085735,0.0,931165714.25,0.9999108148639143,Bull,1.0,0.0,0.0,0.0,0.7709440689490015,0.0,0.0,0.12377734498650356,0.10518940092840932,0.0,0.0,0.777190788169966,0.0,0.0,0.1248543081706549,0.09795490365937913,0.0,0.0
2019-11-22,934016571.3980857,83053.548085735,0.0,933933517.85,0.9999110791493117,Bull,1.0,0.0,0.0,0.0,0.7704842610798618,0.0,0.0,0.12449243788678063,0.10493438018266929,0.0,0.0,0.777190788169966,0.0,0.0,0.1248543081706549,0.09795490365937913,0.0,0.0
2019-11-25,933801422.0480857,83053.548085735,0.0,933718368.5,0.9999110586618046,Bull,1.0,0.0,0.0,0.0,0.7707521658313965,0.0,0.0,0.12414363189310978,0.10501526093729836,0.0,0.0,0.777190788169966,0.0,0.0,0.1248543081706549,0.09795490365937913,0.0,0.0
2019-11-26,937224592.4980857,83053.548085735,0.0,937141538.95,0.9999113835160212,Bull,1.0,0.0,0.0,0.0,0.7726108498923955,0.0,0.0,0.12238635319445512,0.10491418042917054,0.0,0.0,0.777190788169966,0.0,0.0,0.1248543081706549,0.09795490365937913,0.0,0.0
2019-11-27,940905711.6980857,83053.548085735,0.0,940822658.15,0.9999117302115896,Bull,1.0,0.0,0.0,0.0,0.7725570682721565,0.0,0.0,0.12245700984433128,0.10489765209510185,0.0,0.0,0.777190788169966,0.0,0.0,0.1248543081706549,0.09795490365937913,0.0,0.0
2019-11-28,937599895.2480856,83053.548085735,0.0,937516841.6999999,0.9999114189874523,Bull,1.0,0.0,0.0,0.0,0.7727894332883666,0.0,0.0,0.12213685238275289,0.10498513331633287,0.0,0.0,0.777190788169966,0.0,0.0,0.1248543081706549,0.09795490365937913,0.0,0.0
2019-11-29,930874015.4980857,83053.548085735,0.0,930790961.95,0.9999107789596627,Bull,1.0,0.0,0.0,0.0,0.772797338816124,0.0,0.0,0.12301933246973902,0.10409410767379967,0.0,0.0,0.777190788169966,0.0,0.0,0.1248543081706549,0.09795490365937913,0.0,0.0
2019-12-02,931495182.5480857,83053.548085735,0.0,931412129.0,0.9999108384566644,Bull,1.0,0.0,0.0,0.0,0.7719955964054361,0.0,0.0,0.12326526443852295,0.1046499776127053,0.0,0.0,0.777190788169966,0.0,0.0,0.1248543081706549,0.09795490365937913,0.0,0.0
2019-12-03,931459487.2980857,83053.548085735,0.0,931376433.75,0.9999108350398291,Bull,1.0,0.0,0.0,0.0,0.7719364004071783,0.0,0.0,0.12332044663928571,0.10465398799336524,0.0,0.0,0.777190788169966,0.0,0.0,0.1248543081706549,0.09795490365937913,0.0,0.0
2019-12-04,932259551.0980856,83053.548085735,0.0,932176497.55,0.9999109115610691,Bull,1.0,0.0,0.0,0.0,0.772680952103446,0.0,0.0,0.12306336777656596,0.10416659168105724,0.0,0.0,0.777190788169966,0.0,0.0,0.1248543081706549,0.09795490365937913,0.0,0.0
2019-12-05,929959854.9480857,83053.548085735,0.0,929876801.4,0.9999106912544194,Bull,1.0,0.0,0.0,0.0,0.7706259550741644,0.0,0.0,0.12349404051039506,0.10579069566985991,0.0,0.0,0.777190788169966,0.0,0.0,0.1248543081706549,0.09795490365937913,0.0,0.0
2019-12-06,929080610.1980857,83053.548085735,0.0,928997556.65,0.9999106067361927,Bull,1.0,0.0,0.0,0.0,0.7708449609095885,0.0,0.0,0.12300385859482602,0.10606178723177817,0.0,0.0,0.777190788169966,0.0,0.0,0.1248543081706549,0.09795490365937913,0.0,0.0
2019-12-09,933431601.0980856,83053.548085735,0.0,933348547.55,0.9999110234236895,Bull,1.0,0.0,0.0,0.0,0.7717107463499151,0.0,0.0,0.12195216003624271,0.10624811703753169,0.0,0.0,0.777190788169966,0.0,0.0,0.1248543081706549,0.09795490365937913,0.0,0.0
2019-12-10,929895595.7980857,83053.548085735,0.0,929812542.25,0.999910685082862,Bull,1.0,0.0,0.0,0.0,0.77226523654375,0.0,0.0,0.12173355859680805,0.10591188994230394,0.0,0.0,0.777190788169966,0.0,0.0,0.1248543081706549,0.09795490365937913,0.0,0.0
2019-12-11,930318140.5480857,83053.548085735,0.0,930235087.0,0.9999107256491454,Bull,1.0,0.0,0.0,0.0,0.7717170134692127,0.0,0.0,0.12147618655852571,0.10671752562140695,0.0,0.0,0.777190788169966,0.0,0.0,0.1248543081706549,0.09795490365937913,0.0,0.0
2019-12-12,935288653.1980857,83053.548085735,0.0,935205599.65,0.9999112000901522,Bull,1.0,0.0,0.0,0.0,0.7696981538142683,0.0,0.0,0.1216848933330275,0.10852815294285638,0.0,0.0,0.777190788169966,0.0,0.0,0.1248543081706549,0.09795490365937913,0.0,0.0
2019-12-13,938467062.6980857,83053.548085735,0.0,938384009.15,0.9999115008385623,Bull,1.0,0.0,0.0,0.0,0.7691931212531328,0.0,0.0,0.12137293308145032,0.10934544650397918,0.0,0.0,0.777190788169966,0.0,0.0,0.1248543081706549,0.09795490365937913,0.0,0.0
2019-12-16,935610694.1480857,83053.548085735,0.0,935527640.6,0.999911230655437,Bull,1.0,0.0,0.0,0.0,0.7698762905396979,0.0,0.0,0.12041226196391537,0.10962267815182374,0.0,0.0,0.777190788169966,0.0,0.0,0.1248543081706549,0.09795490365937913,0.0,0.0
2019-12-17,943768765.6980857,83053.548085735,0.0,943685712.15,0.9999119979902871,Bull,1.0,0.0,0.0,0.0,0.7703071860110348,0.0,0.0,0.1194710019001307,0.11013381007912162,0.0,0.0,0.777190788169966,0.0,0.0,0.1248543081706549,0.09795490365937913,0.0,0.0
2019-12-18,949612299.0480857,83053.548085735,0.0,949529245.5,0.9999125395193713,Bull,1.0,0.0,0.0,0.0,0.7714421414237651,0.0,0.0,0.11895854772862392,0.10951185036698229,0.0,0.0,0.777190788169966,0.0,0.0,0.1248543081706549,0.09795490365937913,0.0,0.0
2019-12-19,945769073.5480857,83053.548085735,0.0,945686020.0,0.9999121841151201,Bull,1.0,0.0,0.0,0.0,0.7716758671987739,0.0,0.0,0.11889530239992864,0.10934101451641753,0.0,0.0,0.777190788169966,0.0,0.0,0.1248543081706549,0.09795490365937913,0.0,0.0
2019-12-20,942821471.8980857,83053.548085735,0.0,942738418.35,0.9999119095708348,Bull,1.0,0.0,0.0,0.0,0.7709506942885693,0.0,0.0,0.12006461814250693,0.10889659713975852,0.0,0.0,0.777190788169966,0.0,0.0,0.1248543081706549,0.09795490365937913,0.0,0.0
2019-12-23,948552651.6480857,83053.548085735,0.0,948469598.1,0.999912441815495,Bull,1.0,0.0,0.0,0.0,0.771591062265602,0.0,0.0,0.11985945092500806,0.10846192862488492,0.0,0.0,0.777190788169966,0.0,0.0,0.1248543081706549,0.09795490365937913,0.0,0.0
2019-12-24,944777980.4480857,83053.548085735,0.0,944694926.9,0.9999120919943051,Bull,1.0,0.0,0.0,0.0,0.7714184093858099,0.0,0.0,0.1195423711573324,0.10895131145116282,0.0,0.0,0.777190788169966,0.0,0.0,0.1248543081706549,0.09795490365937913,0.0,0.0
2019-12-25,946013644.2480856,83053.548085735,0.0,945930590.6999999,0.9999122068179559,Bull,1.0,0.0,0.0,0.0,0.7714496985718045,0.0,0.0,0.11948559165850398,0.10897691658764744,0.0,0.0,0.777190788169966,0.0,0.0,0.1248543081706549,0.09795490365937913,0.0,0.0
2019-12-26,947390446.8980857,83053.548085735,0.0,947307393.35,0.9999123344040911,Bull,1.0,0.0,0.0,0.0,0.7715834012717625,0.0,0.0,0.11951038810947585,0.10881854502285282,0.0,0.0,0.777190788169966,0.0,0.0,0.1248543081706549,0.09795490365937913,0.0,0.0
2019-12-27,948722926.6980857,83053.548085735,0.0,948639873.15,0.9999124575302774,Bull,1.0,0.0,0.0,0.0,0.7708071056057842,0.0,0.0,0.11971408806919599,0.10939126385529713,0.0,0.0,0.777190788169966,0.0,0.0,0.1248543081706549,0.09795490365937913,0.0,0.0
2019-12-30,945629199.0980856,83053.548085735,0.0,945546145.55,0.999912171125675,Bull,1.0,0.0,0.0,0.0,0.7705546172273172,0.0,0.0,0.1198323826168635,0.1095251712814942,0.0,0.0,0.777190788169966,0.0,0.0,0.1248543081706549,0.09795490365937913,0.0,0.0
2019-12-31,940449442.8480856,83053.548085735,0.0,940366389.3,0.9999116873865818,Bull,1.0,0.0,0.0,0.0,0.7715474179053866,0.0,0.0,0.11919301016387239,0.10917125931732269,0.0,0.0,0.777190788169966,0.0,0.0,0.1248543081706549,0.09795490365937913,0.0,0.0
2020-01-02,943226870.4480857,83053.548085735,0.0,943143816.9,0.9999119474320677,Bull,1.0,0.0,0.0,0.0,0.7713594573004106,0.0,0.0,0.11891677762181976,0.10963571250983743,0.0,0.0,0.777190788169966,0.0,0.0,0.1248543081706549,0.09795490365937913,0.0,0.0
2020-01-03,946249821.9480857,83053.548085735,0.0,946166768.4,0.9999122287305537,Bull,1.0,0.0,0.0,0.0,0.7716925292484355,0.0,0.0,0.11893423638200103,0.10928546310011722,0.0,0.0,0.777190788169966,0.0,0.0,0.1248543081706549,0.09795490365937913,0.0,0.0
2020-01-06,938914515.1480857,83053.548085735,0.0,938831461.6,0.9999115430140383,Bull,1.0,0.0,0.0,0.0,0.7723699547723182,0.0,0.0,0.11881220089818892,0.1087293873435312,0.0,0.0,0.777190788169966,0.0,0.0,0.1248543081706549,0.09795490365937913,0.0,0.0
2020-01-07,937691443.9980857,83053.548085735,0.0,937608390.45,0.9999114276357993,Bull,1.0,0.0,0.0,0.0,0.7729632120344693,0.0,0.0,0.11841581866905322,0.10853239693227676,0.0,0.0,0.777190788169966,0.0,0.0,0.1248543081706549,0.09795490365937913,0.0,0.0
2020-01-08,932730513.2980857,83053.548085735,0.0,932647459.75,0.9999109565443592,Bull,1.0,0.0,0.0,0.0,0.772720093825925,0.0,0.0,0.11859213183545694,0.10859873088297721,0.0,0.0,0.777190788169966,0.0,0.0,0.1248543081706549,0.09795490365937913,0.0,0.0
2020-01-09,938594033.3480856,83053.548085735,0.0,938510979.8,0.9999115128105072,Bull,1.0,0.0,0.0,0.0,0.7725479856434236,0.0,0.0,0.11797645847481548,0.10938706869226808,0.0,0.0,0.777190788169966,0.0,0.0,0.1248543081706549,0.09795490365937913,0.0,0.0
2020-01-10,942063804.5480857,83053.548085735,0.0,941980751.0,0.999911838722935,Bull,1.0,0.0,0.0,0.0,0.7729673377583114,0.0,0.0,0.11756687759926214,0.10937762336536146,0.0,0.0,0.777190788169966,0.0,0.0,0.1248543081706549,0.09795490365937913,0.0,0.0
2020-01-13,950574449.0480857,83053.548085735,0.0,950491395.5,0.9999126280448956,Bull,1.0,0.0,0.0,0.0,0.7742943188059198,0.0,0.0,0.11644011693228344,0.10917819230669232,0.0,0.0,0.777190788169966,0.0,0.0,0.1248543081706549,0.09795490365937913,0.0,0.0
2020-01-14,953631406.4480857,83053.548085735,0.0,953548352.9,0.9999129081241199,Bull,1.0,0.0,0.0,0.0,0.7748690404946587,0.0,0.0,0.11554936137267273,0.10949450625678857,0.0,0.0,0.777190788169966,0.0,0.0,0.1248543081706549,0.09795490365937913,0.0,0.0
2020-01-15,953227745.1980857,83053.548085735,0.0,953144691.65,0.9999128712435155,Bull,1.0,0.0,0.0,0.0,0.7763530755142,0.0,0.0,0.11512988428299936,0.1084299114463161,0.0,0.0,0.777190788169966,0.0,0.0,0.1248543081706549,0.09795490365937913,0.0,0.0
2020-01-16,953197406.3480856,83053.548085735,0.0,953114352.8,0.9999128684703372,Bull,1.0,0.0,0.0,0.0,0.7766792564368865,0.0,0.0,0.11513354869528848,0.10810006333816222,0.0,0.0,0.777190788169966,0.0,0.0,0.1248543081706549,0.09795490365937913,0.0,0.0
2020-01-17,958546842.2980857,83053.548085735,0.0,958463788.75,0.9999133547319539,Bull,1.0,0.0,0.0,0.0,0.7772881364500928,0.0,0.0,0.11512843726596082,0.10749678101590027,0.0,0.0,0.777190788169966,0.0,0.0,0.1248543081706549,0.09795490365937913,0.0,0.0
2020-01-20,966133359.6480857,83053.548085735,0.0,966050306.1,0.9999140351098983,Bull,1.0,0.0,0.0,0.0,0.7788660836368326,0.0,0.0,0.11395683515172589,0.10709111632133983,0.0,0.0,0.777190788169966,0.0,0.0,0.1248543081706549,0.09795490365937913,0.0,0.0
2020-01-30,927598181.1480857,83053.548085735,0.0,927515127.6,0.999910463873503,Bull,1.0,0.0,0.0,0.0,0.7778144591734778,0.0,0.0,0.11689220850540881,0.10520379619461633,0.0,0.0,0.777190788169966,0.0,0.0,0.1248543081706549,0.09795490365937913,0.0,0.0
2020-01-31,934197418.7980857,83053.548085735,3071100.0,931043265.25,0.9966236755908149,Bull,0.5,0.0,0.0,0.0,0.7789929629502539,0.0,0.0,0.1156639890303039,0.10196672361025709,0.0,0.0,0.388595394084983,0.0,0.0,0.06242715408532745,0.048977451829689565,0.0,0.0
2020-02-03,929345580.704636,1341636.1546359882,3071100.0,924932844.55,0.9952517812036183,Bull,0.5,0.0,0.0,0.0,0.82010778377202,0.0,0.0,0.09484674143838676,0.08029725599321155,0.0,0.0,0.388595394084983,0.0,0.0,0.06242715408532745,0.048977451829689565,0.0,0.0
2020-02-04,934136131.8060797,107406274.55607973,3071100.0,823658757.25,0.8817331106308025,Bull,0.5,0.0,0.0,0.0,0.7317294920692535,0.0,0.0,0.08143309889204835,0.06857051966950059,0.0,0.0,0.388595394084983,0.0,0.0,0.06242715408532745,0.048977451829689565,0.0,0.0
2020-02-05,937768537.259249,293381057.309249,3071100.0,641316379.95,0.6838749163245879,Bull,0.5,0.0,0.0,0.0,0.554107180294905,0.0,0.0,0.07144662817950517,0.058321107850177654,0.0,0.0,0.388595394084983,0.0,0.0,0.06242715408532745,0.048977451829689565,0.0,0.0
2020-02-06,943082508.0437589,410768525.6937589,3071100.0,529242882.34999996,0.5611840722693621,Bull,0.5,0.0,0.0,0.0,0.4445976664541687,0.0,0.0,0.06471501642692767,0.05187138938826566,0.0,0.0,0.388595394084983,0.0,0.0,0.06242715408532745,0.048977451829689565,0.0,0.0
2020-02-07,941760216.6869986,451819444.98699856,3071100.0,486869671.7,0.5169783805614024,Sideways,0.5,0.0,0.0,0.0,0.4046439475226358,0.0,0.0,0.06313974507139626,0.049194687967370365,0.0,0.0,0.388595394084983,0.0,0.0,0.06242715408532745,0.048977451829689565,0.0,0.0
2020-02-10,941576551.5506406,463409751.6506406,3071100.0,475095699.9,0.5045746934942102,Bull,0.5,0.0,0.0,0.0,0.392603340951103,0.0,0.0,0.06297161914488382,0.048999733398223465,0.0,0.0,0.388595394084983,0.0,0.0,0.06242715408532745,0.048977451829689565,0.0,0.0
2020-02-11,942614848.3006406,463409751.6506406,3071100.0,476133996.65000004,0.5051204078827967,Sideways,0.5,0.0,0.0,0.0,0.39308329093053196,0.0,0.0,0.06268795797830828,0.04934915897395629,0.0,0.0,0.388595394084983,0.0,0.0,0.06242715408532745,0.048977451829689565,0.0,0.0
2020-02-12,941170493.6506406,463409751.6506406,3071100.0,474689642.0,0.5043609475672781,Sideways,0.5,0.0,0.0,0.0,0.3918589612488421,0.0,0.0,0.06259227249198826,0.04990971382644772,0.0,0.0,0.388595394084983,0.0,0.0,0.06242715408532745,0.048977451829689565,0.0,0.0
2020-02-13,943416476.0006406,463409751.6506406,3071100.0,476935624.35,0.5055409105974488,Bull,1.0,0.0,0.0,0.0,0.3927493676183671,0.0,0.0,0.06292003744903825,0.049871505530043395,0.0,0.0,0.777190788169966,0.0,0.0,0.1248543081706549,0.09795490365937913,0.0,0.0
2020-02-14,945523135.6146545,275462397.46465456,3071100.0,666989638.15,0.7054186333752809,Bull,1.0,0.0,0.0,0.0,0.5481966740169171,0.0,0.0,0.08801498013679082,0.06920697922157305,0.0,0.0,0.777190788169966,0.0,0.0,0.1248543081706549,0.09795490365937913,0.0,0.0
2020-02-17,946480029.9008927,86985025.85089272,3071100.0,856423904.0500001,0.9048515309294771,Bull,1.0,0.0,0.0,0.0,0.7034357651684585,0.0,0.0,0.11345342385221172,0.0879623419088068,0.0,0.0,0.777190788169966,0.0,0.0,0.1248543081706549,0.09795490365937913,0.0,0.0
2020-02-18,947501245.4222255,19890306.922225475,3071100.0,924539838.5,0.9757663570014693,Bull,1.0,0.0,0.0,0.0,0.7606517057176357,0.0,0.0,0.12113387771733661,0.09398077356649692,0.0,0.0,0.777190788169966,0.0,0.0,0.1248543081706549,0.09795490365937913,0.0,0.0
2020-02-19,955124366.4248474,2753360.4748473526,3071100.0,949299905.95,0.9939018826452423,Bull,1.0,0.0,0.0,0.0,0.773276477820979,0.0,0.0,0.12333032654263103,0.09729507828163232,0.0,0.0,0.777190788169966,0.0,0.0,0.1248543081706549,0.09795490365937913,0.0,0.0
2020-02-20,951225584.0748473,2753360.4748473526,3071100.0,945401123.6,0.9938768883297939,Bull,1.0,0.0,0.0,0.0,0.7736820118392568,0.0,0.0,0.12292531020780384,0.09726956628273324,0.0,0.0,0.777190788169966,0.0,0.0,0.1248543081706549,0.09795490365937913,0.0,0.0
2020-02-21,945219071.3748473,2753360.4748473526,3071100.0,939394610.9,0.9938379782515651,Bull,1.0,0.0,0.0,0.0,0.7728325454092597,0.0,0.0,0.12359811977774789,0.09740731306455742,0.0,0.0,0.777190788169966,0.0,0.0,0.1248543081706549,0.09795490365937913,0.0,0.0
2020-02-24,935188113.0748473,2753360.4748473526,3071100.0,929363652.6,0.9937718835457641,Bull,1.0,0.0,0.0,0.0,0.7732057780573262,0.0,0.0,0.12335475439342675,0.09721135109501118,0.0,0.0,0.777190788169966,0.0,0.0,0.1248543081706549,0.09795490365937913,0.0,0.0
2020-02-25,932561280.7248473,2753360.4748473526,3071100.0,926736820.25,0.9937543402291803,Bull,1.0,0.0,0.0,0.0,0.772241551450906,0.0,0.0,0.12375712179503634,0.0977556669832379,0.0,0.0,0.777190788169966,0.0,0.0,0.1248543081706549,0.09795490365937913,0.0,0.0
2020-02-26,926907209.5248474,2753360.4748473526,3071100.0,921082749.0500001,0.9937162421275879,Bull,0.5,0.0,0.0,0.0,0.772872075746646,0.0,0.0,0.12347190616703478,0.09737226021390716,0.0,0.0,0.388595394084983,0.0,0.0,0.06242715408532745,0.048977451829689565,0.0,0.0
2020-02-27,927184705.2224246,186753210.3724246,3071100.0,737360394.85,0.7952680740922197,Bull,0.5,0.0,0.0,0.0,0.619411419984789,0.0,0.0,0.09879336822971635,0.07706328587771433,0.0,0.0,0.388595394084983,0.0,0.0,0.06242715408532745,0.048977451829689565,0.0,0.0
2020-03-02,914794629.5639348,338362243.9139349,3071100.0,573361285.65,0.6267650324131334,Bull,0.5,0.0,0.0,0.0,0.4942141886704228,0.0,0.0,0.07449540891214551,0.05805543483056515,0.0,0.0,0.388595394084983,0.0,0.0,0.06242715408532745,0.048977451829689565,0.0,0.0
2020-03-03,918200042.5928531,425593276.24285305,3071100.0,489535666.34999996,0.5331470743212209,Bull,0.5,0.0,0.0,0.0,0.4154840434037782,0.0,0.0,0.06584621781248282,0.05181681310495981,0.0,0.0,0.388595394084983,0.0,0.0,0.06242715408532745,0.048977451829689565,0.0,0.0
2020-03-04,921902654.624387,448120308.024387,3071100.0,470711246.6,0.510586713509121,Bull,0.5,0.0,0.0,0.0,0.3965948517080322,0.0,0.0,0.06416230575244432,0.049829556048644454,0.0,0.0,0.388595394084983,0.0,0.0,0.06242715408532745,0.048977451829689565,0.0,0.0
2020-03-05,925588245.524387,448120308.024387,3071100.0,474396837.5,0.5125355035502132,Bull,0.5,0.0,0.0,0.0,0.3978574050401523,0.0,0.0,0.0644905553723643,0.05018754313769651,0.0,0.0,0.388595394084983,0.0,0.0,0.06242715408532745,0.048977451829689565,0.0,0.0
2020-03-06,918451420.774387,451191408.024387,0.0,467260012.75,0.508747661750071,Bull,0.5,3071100.0,0.0,0.0,0.3952211892099267,0.0,0.0,0.06398629113170716,0.04954018140843718,0.0,0.0,0.388595394084983,0.0,0.0,0.06242715408532745,0.048977451829689565,0.0,0.0
2020-03-09,910168489.774387,451191408.024387,0.0,458977081.75,0.5042770507950363,Bear,0.5,0.0,0.0,0.0,0.39207447385753497,0.0,0.0,0.06362613148072714,0.048576445456774135,0.0,0.0,0.3857281893551949,0.0,0.0,0.07753872177253801,0.03673308887226717,0.0,0.0
2020-03-10,910175043.524387,451191408.024387,0.0,458983635.5,0.5042806202669763,Bear,0.5,0.0,0.0,0.0,0.3911082137800475,0.0,0.0,0.06434168945484924,0.048830717032079515,0.0,0.0,0.38209792453669766,0.0,0.0,0.09035225880910198,0.02754981665420038,0.0,0.0
2020-03-11,909954193.418899,454135441.51889896,0.0,455818751.90000004,0.5009249423725256,Bear,0.5,0.0,0.0,0.0,0.3844657834759246,0.0,0.0,0.08393103801527443,0.03252812088132661,0.0,0.0,0.38209792453669766,0.0,0.0,0.09035225880910198,0.02754981665420038,0.0,0.0
2020-03-12,895941007.3188989,454135441.51889896,0.0,441805565.8,0.4931190359531617,Bear,0.5,0.0,0.0,0.0,0.37701423759005437,0.0,0.0,0.08428791559165756,0.03181688277144974,0.0,0.0,0.3761554460669101,0.0,0.0,0.10318219144243966,0.020662362490650284,0.0,0.0
2020-03-13,882939203.538831,449436495.13883096,0.0,433502708.4,0.4909768494393678,Crisis,0.5,0.0,0.0,0.0,0.36925669071354283,0.0,0.0,0.09823496301032174,0.023485195715503244,0.0,0.0,0.3633885489476283,0.0,0.0,0.12111467918438401,0.015496771867987712,0.0,0.0
2020-03-16,866866524.573204,443389000.5232041,0.0,423477524.04999995,0.4885152581690662,Crisis,0.5,0.0,0.0,0.0,0.35593313999743015,0.0,0.0,0.11555031502608364,0.01703180314555243,0.0,0.0,0.3537914117107212,0.0,0.0,0.13458600938828802,0.011622578900990783,0.0,0.0
2020-03-17,854426478.3483896,435899202.74838954,0.0,418527275.6,0.489834159176592,Crisis,0.5,0.0,0.0,0.0,0.34365528578606863,0.0,0.0,0.1333888905459794,0.012789982844543944,0.0,0.0,0.3537914117107212,0.0,0.0,0.13458600938828802,0.011622578900990783,0.0,0.0
2020-03-18,849132573.7983896,435899202.74838954,0.0,413233371.05,0.48665353774087394,Crisis,0.5,0.0,0.0,0.0,0.3408149445444686,0.0,0.0,0.13332134874250975,0.012517244453895614,0.0,0.0,0.3537914117107212,0.0,0.0,0.13458600938828802,0.011622578900990783,0.0,0.0
2020-03-19,829655448.8483896,435899202.74838954,0.0,393756246.1,0.47460213350802044,Crisis,0.5,0.0,0.0,0.0,0.3273966879588791,0.0,0.0,0.13514224507972702,0.01206320046941427,0.0,0.0,0.3537914117107212,0.0,0.0,0.13458600938828802,0.011622578900990783,0.0,0.0
2020-03-20,853448839.3309808,436379032.5309808,0.0,417069806.79999995,0.4886875317880112,Crisis,0.5,0.0,0.0,0.0,0.345039553900897,0.0,0.0,0.13124887496221568,0.012399102924898507,0.0,0.0,0.3537914117107212,0.0,0.0,0.13458600938828802,0.011622578900990783,0.0,0.0
2020-03-23,835455324.5809808,436379032.5309808,0.0,399076292.05,0.4776752033391553,Crisis,0.5,0.0,0.0,0.0,0.3342400052211685,0.0,0.0,0.1313167763399249,0.012118421778061982,0.0,0.0,0.3537914117107212,0.0,0.0,0.13458600938828802,0.011622578900990783,0.0,0.0
2020-03-24,852947571.0233127,434772563.72331274,0.0,418175007.29999995,0.4902704709016288,Crisis,0.5,0.0,0.0,0.0,0.34524215473960407,0.0,0.0,0.13292821722204198,0.012100098939982694,0.0,0.0,0.3537914117107212,0.0,0.0,0.13458600938828802,0.011622578900990783,0.0,0.0
2020-03-25,868696820.7733127,434772563.72331274,0.0,433924257.04999995,0.49951173605507293,Crisis,0.5,0.0,0.0,0.0,0.3535941420581707,0.0,0.0,0.13362084126964952,0.01229675272725272,0.0,0.0,0.3537914117107212,0.0,0.0,0.13458600938828802,0.011622578900990783,0.0,0.0
2020-03-26,868478476.6733127,434772563.72331274,0.0,433705912.95,0.4993859083431759,Crisis,0.5,0.0,0.0,0.0,0.35368304592486033,0.0,0.0,0.13334700065752209,0.01235586176079353,0.0,0.0,0.3537914117107212,0.0,0.0,0.13458600938828802,0.011622578900990783,0.0,0.0
2020-03-27,873313986.9733127,434772563.72331274,0.0,438541423.25,0.5021577918039245,Crisis,1.0,0.0,0.0,0.0,0.35656937584295884,0.0,0.0,0.13339646649167888,0.012191949469286778,0.0,0.0,0.7075828234214424,0.0,0.0,0.26917201877657604,0.023245157801981567,0.0,0.0
2020-03-30,868703932.4263783,263306117.9763782,0.0,605397814.45,0.69689774830311,Crisis,1.0,0.0,0.0,0.0,0.495353650867085,0.0,0.0,0.18504175473342074,0.01650234270260418,0.0,0.0,0.7075828234214424,0.0,0.0,0.26917201877657604,0.023245157801981567,0.0,0.0
2020-03-31,871354942.3863603,88205903.58636023,0.0,783149038.8000001,0.8987715576102745,Crisis,1.0,0.0,0.0,0.0,0.6365825931748142,0.0,0.0,0.24130212588703082,0.020886838548429505,0.0,0.0,0.7075828234214424,0.0,0.0,0.26917201877657604,0.023245157801981567,0.0,0.0
2020-04-01,860423139.2719448,22424662.571944747,0.0,837998476.7,0.9739376342308511,Crisis,1.0,0.0,0.0,0.0,0.6894809653794065,0.0,0.0,0.26160965428064414,0.022847014570800465,0.0,0.0,0.7075828234214424,0.0,0.0,0.26917201877657604,0.023245157801981567,0.0,0.0
2020-04-06,870571918.0834035,5253369.633403369,0.0,865318548.45,0.9939656109687424,Crisis,1.0,0.0,0.0,0.0,0.7017008425850416,0.0,0.0,0.2690764486358703,0.02318831974783043,0.0,0.0,0.7075828234214424,0.0,0.0,0.26917201877657604,0.023245157801981567,0.0,0.0
2020-04-07,878764354.5834035,5253369.633403369,0.0,873510984.95,0.9940218676303798,Crisis,1.0,0.0,0.0,0.0,0.7014849677673103,0.0,0.0,0.26913244576484857,0.023404454098220923,0.0,0.0,0.7075828234214424,0.0,0.0,0.26917201877657604,0.023245157801981567,0.0,0.0
2020-04-08,881859641.7834034,5253369.633403369,0.0,876606272.15,0.9940428506028698,Crisis,1.0,0.0,0.0,0.0,0.7007735050673576,0.0,0.0,0.26962023062894497,0.023649114906567317,0.0,0.0,0.7075828234214424,0.0,0.0,0.26917201877657604,0.023245157801981567,0.0,0.0
2020-04-09,887126981.4334034,5253369.633403369,0.0,881873611.8,0.9940782213331906,Crisis,1.0,0.0,0.0,0.0,0.7038948480532456,0.0,0.0,0.2667780430007883,0.023405330279156564,0.0,0.0,0.7075828234214424,0.0,0.0,0.26917201877657604,0.023245157801981567,0.0,0.0
2020-04-10,901769360.3334033,5253369.633403369,0.0,896515990.6999999,0.994174375550461,Crisis,1.0,0.0,0.0,0.0,0.7072730775241606,0.0,0.0,0.26386148217769084,0.023039815848609504,0.0,0.0,0.7075828234214424,0.0,0.0,0.26917201877657604,0.023245157801981567,0.0,0.0
2020-04-13,894870540.6334034,5253369.633403369,0.0,889617171.0,0.9941294641013827,Crisis,0.5,0.0,0.0,0.0,0.7050657523639218,0.0,0.0,0.2659926650747932,0.023071046662667787,0.0,0.0,0.3537914117107212,0.0,0.0,0.13458600938828802,0.011622578900990783,0.0,0.0
2020-04-14,911430103.8128815,183326816.9128815,0.0,728103286.9,0.7988580625700741,Crisis,0.5,0.0,0.0,0.0,0.5682482778803736,0.0,0.0,0.21195832702017195,0.01865145766952858,0.0,0.0,0.3537914117107212,0.0,0.0,0.13458600938828802,0.011622578900990783,0.0,0.0
2020-04-15,919406645.1493421,364828505.2493421,0.0,554578139.9,0.603191354800267,Crisis,0.5,0.0,0.0,0.0,0.42934292674802355,0.0,0.0,0.15989421087566869,0.013954217176574843,0.0,0.0,0.3537914117107212,0.0,0.0,0.13458600938828802,0.011622578900990783,0.0,0.0
2020-04-16,913488866.7538723,432583881.0538722,0.0,480904985.70000005,0.5264486554816148,Crisis,0.5,0.0,0.0,0.0,0.3736485447413398,0.0,0.0,0.14050527014751482,0.012294840592760176,0.0,0.0,0.3537914117107212,0.0,0.0,0.13458600938828802,0.011622578900990783,0.0,0.0
2020-04-17,915492397.6421258,446407675.1921258,0.0,469084722.45,0.5123851641566218,Crisis,0.5,0.0,0.0,0.0,0.36340741147263367,0.0,0.0,0.1367925067674396,0.012185245916548598,0.0,0.0,0.3537914117107212,0.0,0.0,0.13458600938828802,0.011622578900990783,0.0,0.0
2020-04-20,915157357.2921258,446407675.1921258,0.0,468749682.1,0.5122066477037251,Bear,0.5,0.0,0.0,0.0,0.3626137947269665,0.0,0.0,0.13743975175173104,0.012153101225027649,0.0,0.0,0.3537914117107212,0.0,0.0,0.13458600938828802,0.011622578900990783,0.0,0.0
2020-04-21,902857545.1421258,446407675.1921258,0.0,456449869.95,0.5055613395556734,Crisis,0.5,0.0,0.0,0.0,0.35558651713927025,0.0,0.0,0.13801235939207318,0.011962463024329961,0.0,0.0,0.3410353149558727,0.0,0.0,0.14468950704121603,0.014275178002911264,0.0,0.0
2020-04-22,901699218.6921258,446407675.1921258,0.0,455291543.5,0.5049261816599774,Crisis,0.5,0.0,0.0,0.0,0.3542058558764825,0.0,0.0,0.13874249573095754,0.011977830052537358,0.0,0.0,0.3410353149558727,0.0,0.0,0.14468950704121603,0.014275178002911264,0.0,0.0
2020-04-23,900263954.8921258,446407675.1921258,0.0,453856279.7,0.5041369003320624,Bear,0.5,0.0,0.0,0.0,0.35385475334083744,0.0,0.0,0.1382405674732502,0.012041579517974786,0.0,0.0,0.3410353149558727,0.0,0.0,0.14468950704121603,0.014275178002911264,0.0,0.0
2020-04-24,899975819.4421258,446407675.1921258,0.0,453568144.25,0.5039781452474539,Crisis,0.5,0.0,0.0,0.0,0.3530350898171344,0.0,0.0,0.1388976206910619,0.012045434739257592,0.0,0.0,0.3410353149558727,0.0,0.0,0.14468950704121603,0.014275178002911264,0.0,0.0
2020-04-27,910126054.1421258,446407675.1921258,0.0,463718378.95,0.5095100583480114,Bear,0.5,0.0,0.0,0.0,0.35824288016600875,0.0,0.0,0.13911314748520365,0.012154030696799059,0.0,0.0,0.3410353149558727,0.0,0.0,0.14468950704121603,0.014275178002911264,0.0,0.0
2020-04-28,914787127.3416169,451740290.5416169,0.0,463046836.8,0.5061798783129142,Bear,0.5,0.0,0.0,0.0,0.35041659115989265,0.0,0.0,0.14213711158994433,0.013626175563077277,0.0,0.0,0.3410353149558727,0.0,0.0,0.14468950704121603,0.014275178002911264,0.0,0.0
2020-04-29,918169796.2916169,451740290.5416169,0.0,466429505.75,0.5079991823231994,Bear,0.5,0.0,0.0,0.0,0.35265231666056746,0.0,0.0,0.1415817646420514,0.01376510102058058,0.0,0.0,0.3410353149558727,0.0,0.0,0.14468950704121603,0.014275178002911264,0.0,0.0
2020-04-30,920242881.741617,451740290.5416169,0.0,468502591.20000005,0.5091075416017669,Bear,0.5,0.0,0.0,0.0,0.35361750430944255,0.0,0.0,0.14146058891934032,0.014029448372983961,0.0,0.0,0.3410353149558727,0.0,0.0,0.14468950704121603,0.014275178002911264,0.0,0.0
2020-05-04,912738244.2916169,451740290.5416169,0.0,460997953.75,0.505071368087336,Bear,0.5,0.0,0.0,0.0,0.34854314009478377,0.0,0.0,0.14279701854846127,0.013731209444090902,0.0,0.0,0.3410353149558727,0.0,0.0,0.14468950704121603,0.014275178002911264,0.0,0.0
2020-05-05,914452709.5916169,451740290.5416169,0.0,462712419.05,0.505999287001557,Bear,0.5,0.0,0.0,0.0,0.3496600925298754,0.0,0.0,0.14256767860442146,0.013771515867260161,0.0,0.0,0.3410353149558727,0.0,0.0,0.14468950704121603,0.014275178002911264,0.0,0.0
2020-05-06,913146619.241617,451740290.5416169,0.0,461406328.7,0.5052927087253583,Bear,0.5,0.0,0.0,0.0,0.3492736237307467,0.0,0.0,0.14221133524849566,0.013807749746115868,0.0,0.0,0.3410353149558727,0.0,0.0,0.14468950704121603,0.014275178002911264,0.0,0.0
2020-05-07,914858762.741617,451740290.5416169,0.0,463118472.2,0.5062185454858,Bear,0.5,0.0,0.0,0.0,0.3503895194044665,0.0,0.0,0.14198934883754033,0.013839677243793246,0.0,0.0,0.3410353149558727,0.0,0.0,0.14468950704121603,0.014275178002911264,0.0,0.0
2020-05-08,916594054.241617,451740290.5416169,0.0,464853763.70000005,0.507153370184816,Bear,0.5,0.0,0.0,0.0,0.35060931522831684,0.0,0.0,0.14264820876258244,0.013895846193916645,0.0,0.0,0.3410353149558727,0.0,0.0,0.14468950704121603,0.014275178002911264,0.0,0.0
2020-05-11,921183321.0916169,451740290.5416169,0.0,469443030.55,0.5096086954697601,Bear,0.5,0.0,0.0,0.0,0.3532563748162303,0.0,0.0,0.1424109588138676,0.013941361839662245,0.0,0.0,0.3410353149558727,0.0,0.0,0.14468950704121603,0.014275178002911264,0.0,0.0
2020-05-12,918600005.141617,451740290.5416169,0.0,466859714.6,0.5082296015533182,Bear,0.5,0.0,0.0,0.0,0.35248733157810275,0.0,0.0,0.14192608237564822,0.013816187599567228,0.0,0.0,0.3410353149558727,0.0,0.0,0.14468950704121603,0.014275178002911264,0.0,0.0
2020-05-13,919647707.7916169,451740290.5416169,0.0,467907417.25,0.5087898477707327,Bear,1.0,0.0,0.0,0.0,0.35296593956558,0.0,0.0,0.14198241227997138,0.013841495925181312,0.0,0.0,0.6820706299117454,0.0,0.0,0.28937901408243205,0.02855035600582253,0.0,0.0
2020-05-14,918279034.5228463,268211116.7728463,0.0,650067917.75,0.707919807934836,Bear,1.0,0.0,0.0,0.0,0.48719779166304084,0.0,0.0,0.20112797206131244,0.019594044210482678,0.0,0.0,0.6820706299117454,0.0,0.0,0.28937901408243205,0.02855035600582253,0.0,0.0
2020-05-15,915043626.0873865,83830640.68738656,0.0,831212985.4,0.9083861814918749,Bear,1.0,0.0,0.0,0.0,0.6202816119564946,0.0,0.0,0.2621718715486574,0.025932697986722913,0.0,0.0,0.6820706299117454,0.0,0.0,0.28937901408243205,0.02855035600582253,0.0,0.0
2020-05-18,915895843.1417899,21342907.741789952,0.0,894552935.4,0.9766972326584893,Bear,1.0,0.0,0.0,0.0,0.6653159744777495,0.0,0.0,0.2837824867819195,0.027598771398820263,0.0,0.0,0.6820706299117454,0.0,0.0,0.28937901408243205,0.02855035600582253,0.0,0.0
2020-05-19,922896040.9342797,17039983.334279705,0.0,905856057.6,0.9815364000077089,Bear,1.0,0.0,0.0,0.0,0.6673180188058216,0.0,0.0,0.2859455326440093,0.02827284855787793,0.0,0.0,0.6820706299117454,0.0,0.0,0.28937901408243205,0.02855035600582253,0.0,0.0
2020-05-20,922810304.8342797,17039983.334279705,0.0,905770321.5,0.9815346845987597,Bear,1.0,0.0,0.0,0.0,0.6675780691575949,0.0,0.0,0.2857148415213555,0.028241773919809268,0.0,0.0,0.6820706299117454,0.0,0.0,0.28937901408243205,0.02855035600582253,0.0,0.0
2020-05-21,926338898.3342797,17039983.334279705,0.0,909298915.0,0.9816050223466589,Bear,1.0,0.0,0.0,0.0,0.6680665317118951,0.0,0.0,0.2851692835905005,0.028369207044263354,0.0,0.0,0.6820706299117454,0.0,0.0,0.28937901408243205,0.02855035600582253,0.0,0.0
2020-05-22,916918359.0842797,17039983.334279705,0.0,899878375.75,0.9814160299382626,Bear,1.0,0.0,0.0,0.0,0.6678964595731363,0.0,0.0,0.2853846227502005,0.028134947614925875,0.0,0.0,0.6820706299117454,0.0,0.0,0.28937901408243205,0.02855035600582253,0.0,0.0
2020-05-25,918288935.6342796,17039983.334279705,0.0,901248952.3,0.9814437671270537,Bear,1.0,0.0,0.0,0.0,0.667642098809051,0.0,0.0,0.28552244269272276,0.028279225625279982,0.0,0.0,0.6820706299117454,0.0,0.0,0.28937901408243205,0.02855035600582253,0.0,0.0
2020-05-26,924785864.2342796,17039983.334279705,0.0,907745880.9,0.9815741308412097,Bear,1.0,0.0,0.0,0.0,0.6685237683773446,0.0,0.0,0.28465032844977856,0.028400034014086584,0.0,0.0,0.6820706299117454,0.0,0.0,0.28937901408243205,0.02855035600582253,0.0,0.0
2020-05-27,926831717.2342796,17039983.334279705,0.0,909791733.9,0.981614803402361,Bear,1.0,0.0,0.0,0.0,0.6708734415730272,0.0,0.0,0.2824375721421612,0.02830378968717252,0.0,0.0,0.6820706299117454,0.0,0.0,0.28937901408243205,0.02855035600582253,0.0,0.0
2020-05-28,925843401.3342797,17039983.334279705,0.0,908803418.0,0.9815951776404924,Bear,1.0,0.0,0.0,0.0,0.6703721894064764,0.0,0.0,0.2830569398910473,0.028166048342968816,0.0,0.0,0.6820706299117454,0.0,0.0,0.28937901408243205,0.02855035600582253,0.0,0.0
2020-05-29,930231334.5342796,17039983.334279705,0.0,913191351.1999999,0.9816819938205901,Bear,1.0,0.0,0.0,0.0,0.6724020982513466,0.0,0.0,0.28104611218121234,0.02823378338803116,0.0,0.0,0.6820706299117454,0.0,0.0,0.28937901408243205,0.02855035600582253,0.0,0.0
2020-06-01,937376838.6342796,17039983.334279705,0.0,920336855.3,0.9818216296456543,Bull,1.0,0.0,0.0,0.0,0.674183774607389,0.0,0.0,0.2794699945666226,0.028167860471642783,0.0,0.0,0.7115529724338091,0.0,0.0,0.24694191255582013,0.041505115010370845,0.0,0.0
2020-06-02,945584924.2667687,4155856.8667687117,0.0,941429067.4,0.9956049882352013,Bull,1.0,0.0,0.0,0.0,0.7033707394560392,0.0,0.0,0.25425638018333335,0.037977868595828725,0.0,0.0,0.7336647293253568,0.0,0.0,0.21619780802504673,0.05013746264959641,0.0,0.0
2020-06-03,955323954.0704962,757768.5704962108,0.0,954566185.5,0.999206794127513,Bull,1.0,0.0,0.0,0.0,0.7253257730506644,0.0,0.0,0.22645250239798337,0.047428518678865314,0.0,0.0,0.7502485469940177,0.0,0.0,0.18999234596898337,0.059759107036998986,0.0,0.0
2020-06-04,957977482.4728358,1980727.3728357172,0.0,955996755.1,0.9979323862939629,Bull,1.0,0.0,0.0,0.0,0.7425176145726055,0.0,0.0,0.1984460005357074,0.05696877118564998,0.0,0.0,0.7626864102455133,0.0,0.0,0.16372380284094598,0.07358978691354078,0.0,0.0
2020-06-05,957951040.5867724,203124.33677246748,0.0,957747916.25,0.9997879595843979,Bull,1.0,0.0,0.0,0.0,0.757692967070015,0.0,0.0,0.17209386807390498,0.07000112444047794,0.0,0.0,0.7720148076841349,0.0,0.0,0.13734446784354523,0.09064072447231983,0.0,0.0
2020-06-08,962883803.6722245,953974.1222245954,0.0,961929829.55,0.9990092531221458,Bull,1.0,0.0,0.0,0.0,0.76643165741857,0.0,0.0,0.1465059433568176,0.08607165234675831,0.0,0.0,0.7720148076841349,0.0,0.0,0.13734446784354523,0.09064072447231983,0.0,0.0
2020-06-09,961744873.9722246,953974.1222245954,0.0,960790899.85,0.9990080798473254,Bull,1.0,0.0,0.0,0.0,0.7660440099951884,0.0,0.0,0.14669420531174518,0.0862698645403918,0.0,0.0,0.7720148076841349,0.0,0.0,0.13734446784354523,0.09064072447231983,0.0,0.0
2020-06-10,966492226.4222245,953974.1222245954,0.0,965538252.3,0.9990129521002399,Bull,1.0,0.0,0.0,0.0,0.7655514778830361,0.0,0.0,0.14680097379077836,0.08666050042642538,0.0,0.0,0.7720148076841349,0.0,0.0,0.13734446784354523,0.09064072447231983,0.0,0.0
2020-06-11,952225228.3722246,953974.1222245954,0.0,951271254.25,0.9989981633611459,Bull,1.0,0.0,0.0,0.0,0.7644204675130325,0.0,0.0,0.14798022127693317,0.08659747457118022,0.0,0.0,0.7720148076841349,0.0,0.0,0.13734446784354523,0.09064072447231983,0.0,0.0
2020-06-12,945726543.8722246,953974.1222245954,0.0,944772569.75,0.9989912791087384,Bull,1.0,0.0,0.0,0.0,0.7633370073279192,0.0,0.0,0.14924504436778274,0.0864092274130364,0.0,0.0,0.7720148076841349,0.0,0.0,0.13734446784354523,0.09064072447231983,0.0,0.0
2020-06-15,937489460.0222245,953974.1222245954,0.0,936535485.9,0.9989824161626287,Bull,1.0,0.0,0.0,0.0,0.7643885253739405,0.0,0.0,0.14866012466603742,0.08593376612265077,0.0,0.0,0.7720148076841349,0.0,0.0,0.13734446784354523,0.09064072447231983,0.0,0.0
2020-06-16,949810035.9222245,953974.1222245954,0.0,948856061.8,0.9989956158746014,Bull,1.0,0.0,0.0,0.0,0.7640994876363132,0.0,0.0,0.1482246919651713,0.08667143627311695,0.0,0.0,0.7720148076841349,0.0,0.0,0.13734446784354523,0.09064072447231983,0.0,0.0
2020-06-17,950367721.6222246,953974.1222245954,0.0,949413747.5,0.998996205257691,Bull,1.0,0.0,0.0,0.0,0.7638024008864074,0.0,0.0,0.14847579183259604,0.08671801253868756,0.0,0.0,0.7720148076841349,0.0,0.0,0.13734446784354523,0.09064072447231983,0.0,0.0
2020-06-18,945131706.8222246,953974.1222245954,0.0,944177732.7,0.9989906442505965,Bull,1.0,0.0,0.0,0.0,0.7636603739882362,0.0,0.0,0.148229817060144,0.08710045320221631,0.0,0.0,0.7720148076841349,0.0,0.0,0.13734446784354523,0.09064072447231983,0.0,0.0
2020-06-19,941501099.4222245,953974.1222245954,0.0,940547125.3,0.9989867519827539,Bull,1.0,0.0,0.0,0.0,0.7629737508971869,0.0,0.0,0.1486258487492711,0.08738715233629589,0.0,0.0,0.7720148076841349,0.0,0.0,0.13734446784354523,0.09064072447231983,0.0,0.0
2020-06-22,944121989.7722245,953974.1222245954,0.0,943168015.65,0.9989895647675204,Bull,1.0,0.0,0.0,0.0,0.7628300404524567,0.0,0.0,0.14881879833547493,0.08734072597958879,0.0,0.0,0.7720148076841349,0.0,0.0,0.13734446784354523,0.09064072447231983,0.0,0.0
2020-06-23,945940919.4722246,953974.1222245954,0.0,944986945.35,0.9989915077119649,Bull,1.0,0.0,0.0,0.0,0.7628707358939757,0.0,0.0,0.14855642367010027,0.08756434814788888,0.0,0.0,0.7720148076841349,0.0,0.0,0.13734446784354523,0.09064072447231983,0.0,0.0
2020-06-24,947471736.5222245,953974.1222245954,0.0,946517762.4,0.9989931371190806,Bull,1.0,0.0,0.0,0.0,0.7617570367314807,0.0,0.0,0.1492756929290021,0.0879604074585977,0.0,0.0,0.7790111057631013,0.0,0.0,0.11175672282140585,0.10923217141549299,0.0,0.0
2020-06-29,942696905.6773832,9246217.627383225,0.0,933450688.05,0.9901917386471749,Bull,1.0,0.0,0.0,0.0,0.764383317384732,0.0,0.0,0.12250236455058582,0.10330605671185715,0.0,0.0,0.7790111057631013,0.0,0.0,0.11175672282140585,0.10923217141549299,0.0,0.0
2020-06-30,947761610.9773833,9246217.627383225,0.0,938515393.35,0.9902441526220417,Bull,1.0,0.0,0.0,0.0,0.7628581754903485,0.0,0.0,0.12370937864753619,0.10367659848415703,0.0,0.0,0.7790111057631013,0.0,0.0,0.11175672282140585,0.10923217141549299,0.0,0.0
2020-07-01,953163866.157595,2224690.4575949744,0.0,950939175.7,0.9976659937114872,Bull,1.0,0.0,0.0,0.0,0.7746911123232955,0.0,0.0,0.11511514850255394,0.10785973288563779,0.0,0.0,0.7790111057631013,0.0,0.0,0.11175672282140585,0.10923217141549299,0.0,0.0
2020-07-02,960227349.457595,2224690.4575949744,1555168.0,956447491.0,0.9960635796723244,Bull,1.0,0.0,0.0,0.0,0.7731832377190448,0.0,0.0,0.11463097782225888,0.10824936413102064,0.0,0.0,0.7790111057631013,0.0,0.0,0.11175672282140585,0.10923217141549299,0.0,0.0
2020-07-03,961945885.057595,2224690.4575949744,1555168.0,958166026.6,0.9960706121661212,Bull,1.0,0.0,0.0,0.0,0.7733491438091229,0.0,0.0,0.11342550729188602,0.10929596106511241,0.0,0.0,0.7790111057631013,0.0,0.0,0.11175672282140585,0.10923217141549299,0.0,0.0
2020-07-06,972167096.107595,2224690.4575949744,1555168.0,968387237.65,0.9961119251281709,Bull,1.0,0.0,0.0,0.0,0.7732800674492268,0.0,0.0,0.1128153796185071,0.11001647806043703,0.0,0.0,0.7790111057631013,0.0,0.0,0.11175672282140585,0.10923217141549299,0.0,0.0
2020-07-07,971003296.607595,2224690.4575949744,1555168.0,967223438.15,0.9961072650620233,Bull,1.0,0.0,0.0,0.0,0.7732315026870809,0.0,0.0,0.11231795029020805,0.1105578120847343,0.0,0.0,0.7790111057631013,0.0,0.0,0.11175672282140585,0.10923217141549299,0.0,0.0
2020-07-08,971781913.6575949,2224690.4575949744,1555168.0,968002055.1999999,0.9961103840229251,Bull,1.0,0.0,0.0,0.0,0.7725339859170496,0.0,0.0,0.11234732656124355,0.11122907154463198,0.0,0.0,0.7790111057631013,0.0,0.0,0.11175672282140585,0.10923217141549299,0.0,0.0
2020-07-09,970983314.1575949,2224690.4575949744,1555168.0,967203455.6999999,0.9961071849510882,Bull,1.0,0.0,0.0,0.0,0.7727510295591118,0.0,0.0,0.11168461745821419,0.1116715379337622,0.0,0.0,0.7790111057631013,0.0,0.0,0.11175672282140585,0.10923217141549299,0.0,0.0
2020-07-10,967680495.607595,2224690.4575949744,1555168.0,963900637.15,0.996093898270398,Bull,1.0,0.0,0.0,0.0,0.7726542392285577,0.0,0.0,0.11232612467997632,0.11111353436186391,0.0,0.0,0.7790111057631013,0.0,0.0,0.11175672282140585,0.10923217141549299,0.0,0.0
2020-07-13,970751145.507595,2224690.4575949744,1555168.0,966971287.05,0.9961062539301784,Bull,1.0,0.0,0.0,0.0,0.7717379376959371,0.0,0.0,0.11196793380363784,0.11240038243060341,0.0,0.0,0.7790111057631013,0.0,0.0,0.11175672282140585,0.10923217141549299,0.0,0.0
2020-07-14,969853784.957595,2224690.4575949744,3027418.0,964601676.5,0.994584638902219,Bull,1.0,0.0,0.0,0.0,0.7708034840867131,0.0,0.0,0.11057398719611007,0.1132071676193959,0.0,0.0,0.7790111057631013,0.0,0.0,0.11175672282140585,0.10923217141549299,0.0,0.0
2020-07-15,973376477.957595,2224690.4575949744,3027418.0,968124369.5,0.9946042373361894,Bull,1.0,0.0,0.0,0.0,0.7714482386872649,0.0,0.0,0.10989170420929358,0.11326429443963097,0.0,0.0,0.7790111057631013,0.0,0.0,0.11175672282140585,0.10923217141549299,0.0,0.0
2020-07-16,970904509.307595,2224690.4575949744,3027418.0,965652400.85,0.9945904994700864,Bull,1.0,0.0,0.0,0.0,0.7729574779554785,0.0,0.0,0.10919189166770377,0.1124411298469041,0.0,0.0,0.7790111057631013,0.0,0.0,0.11175672282140585,0.10923217141549299,0.0,0.0
2020-07-17,973613777.857595,2224690.4575949744,4533168.0,966855919.4,0.993058994632897,Bull,1.0,0.0,0.0,0.0,0.7729686416887114,0.0,0.0,0.10667864646343529,0.11341170648075032,0.0,0.0,0.7790111057631013,0.0,0.0,0.11175672282140585,0.10923217141549299,0.0,0.0
2020-07-20,973025725.207595,2224690.4575949744,4533168.0,966267866.75,0.9930547998038252,Bull,1.0,0.0,0.0,0.0,0.7729105688233964,0.0,0.0,0.10683910744273563,0.11330512353769313,0.0,0.0,0.7790111057631013,0.0,0.0,0.11175672282140585,0.10923217141549299,0.0,0.0
2020-07-21,976714707.6575949,2224690.4575949744,5328368.0,969161649.1999999,0.9922668734294898,Bull,1.0,0.0,0.0,0.0,0.7717770023222178,0.0,0.0,0.10569360652669728,0.11479626458057476,0.0,0.0,0.7790111057631013,0.0,0.0,0.11175672282140585,0.10923217141549299,0.0,0.0
2020-07-22,980176419.157595,2224690.4575949744,5328368.0,972623360.7,0.9922941846896435,Bull,1.0,0.0,0.0,0.0,0.7721315733655861,0.0,0.0,0.10548203158045628,0.11468057974360114,0.0,0.0,0.7790111057631013,0.0,0.0,0.11175672282140585,0.10923217141549299,0.0,0.0
2020-07-23,977656000.607595,2224690.4575949744,5328368.0,970102942.15,0.9922743189292543,Bull,1.0,0.0,0.0,0.0,0.7723378587977073,0.0,0.0,0.10507642763523785,0.11486003249630915,0.0,0.0,0.7790111057631013,0.0,0.0,0.11175672282140585,0.10923217141549299,0.0,0.0
2020-07-24,969619180.007595,2224690.4575949744,5328368.0,962066121.55,0.9922102835697456,Bull,1.0,0.0,0.0,0.0,0.7711178130203069,0.0,0.0,0.10569046292916492,0.1154020076202737,0.0,0.0,0.7790111057631013,0.0,0.0,0.11175672282140585,0.10923217141549299,0.0,0.0
2020-07-27,967960621.107595,2224690.4575949744,5328368.0,960407562.65,0.9921969362256159,Bull,1.0,0.0,0.0,0.0,0.7662212144553331,0.0,0.0,0.1047426907553197,0.12123303101496309,0.0,0.0,0.7790111057631013,0.0,0.0,0.11175672282140585,0.10923217141549299,0.0,0.0
2020-07-28,974112416.6575949,2224690.4575949744,5328368.0,966559358.1999999,0.9922462147813378,Bull,1.0,0.0,0.0,0.0,0.7677865977381273,0.0,0.0,0.10364234997272155,0.1208172670704889,0.0,0.0,0.7790111057631013,0.0,0.0,0.11175672282140585,0.10923217141549299,0.0,0.0
2020-07-29,980361860.5075951,2224690.4575949744,5328368.0,972808802.0500001,0.9922956422910166,Bull,1.0,0.0,0.0,0.0,0.7701832685117502,0.0,0.0,0.10328196564845411,0.1188304081308123,0.0,0.0,0.7790111057631013,0.0,0.0,0.11175672282140585,0.10923217141549299,0.0,0.0
2020-07-30,988036933.207595,2224690.4575949744,5328368.0,980483874.75,0.9923554897557579,Bull,1.0,0.0,0.0,0.0,0.7697853685295349,0.0,0.0,0.10293815603614744,0.11963196519007555,0.0,0.0,0.7790111057631013,0.0,0.0,0.11175672282140585,0.10923217141549299,0.0,0.0
2020-07-31,985013134.957595,2224690.4575949744,5328368.0,977460076.5,0.9923320225999624,Bull,1.0,0.0,0.0,0.0,0.7689013979824799,0.0,0.0,0.10371973365045355,0.11971089096702893,0.0,0.0,0.7790111057631013,0.0,0.0,0.11175672282140585,0.10923217141549299,0.0,0.0
2020-08-03,975161587.307595,2224690.4575949744,5328368.0,967608528.85,0.9922545570335181,Bull,1.0,0.0,0.0,0.0,0.7699728318083967,0.0,0.0,0.10345834096947128,0.11882338425565005,0.0,0.0,0.7790111057631013,0.0,0.0,0.11175672282140585,0.10923217141549299,0.0,0.0
2020-08-04,978998467.007595,2224690.4575949744,5328368.0,971445408.55,0.9922849128858376,Bull,1.0,0.0,0.0,0.0,0.7689928369869036,0.0,0.0,0.10342590250370073,0.11986617339523334,0.0,0.0,0.7790111057631013,0.0,0.0,0.11175672282140585,0.10923217141549299,0.0,0.0
2020-08-05,984905839.707595,2224690.4575949744,5328368.0,977352781.25,0.9923311872535577,Bull,1.0,0.0,0.0,0.0,0.769250877296994,0.0,0.0,0.10277967285690304,0.12030063709966073,0.0,0.0,0.7790111057631013,0.0,0.0,0.11175672282140585,0.10923217141549299,0.0,0.0
2020-08-06,993464920.957595,3779858.4575949744,3773200.0,985911862.5,0.992397257016066,Bull,1.0,1555168.0,0.0,0.0,0.7698157694011262,0.0,0.0,0.10205946668179121,0.12052202093314851,0.0,0.0,0.7790111057631013,0.0,0.0,0.11175672282140585,0.10923217141549299,0.0,0.0
2020-08-07,992460375.0075951,5252115.457594974,7678691.95,979529567.6,0.9869709585055262,Bull,1.0,1472257.0,153649.0,7.0,0.7654105763106025,0.0,0.0,0.10177484415861643,0.11978553803630722,0.0,0.0,0.7790111057631013,0.0,0.0,0.11175672282140585,0.10923217141549299,0.0,0.0
2020-08-10,997550866.307595,5252115.457594974,7678691.95,984620058.9,0.9870374455635952,Bull,1.0,0.0,0.0,0.0,0.7658237636820782,0.0,0.0,0.10095755855816776,0.12025612332334923,0.0,0.0,0.7790111057631013,0.0,0.0,0.11175672282140585,0.10923217141549299,0.0,0.0
2020-08-11,993653539.7575951,5252115.457594974,7678691.95,980722732.35,0.9869866035894669,Bull,1.0,0.0,0.0,0.0,0.7660249794266202,0.0,0.0,0.10114843451825159,0.11981318964459514,0.0,0.0,0.7790111057631013,0.0,0.0,0.11175672282140585,0.10923217141549299,0.0,0.0
2020-08-12,991709040.5575949,6757867.457594974,22183776.55,962767396.55,0.9708163959145494,Bull,1.0,1505752.0,565088.0,2.0,0.7507146411929504,0.0,0.0,0.1018291614476163,0.11827259327398267,0.0,0.0,0.7790111057631013,0.0,0.0,0.11175672282140585,0.10923217141549299,0.0,0.0
2020-08-13,998350138.3457537,6310558.142653725,31568634.3031,960470945.9,0.9620582088479311,Bull,1.0,7.0,325465.0,7.0,0.741052429887858,0.0,0.0,0.10916951459594454,0.11183626436412854,0.0,0.0,0.7790111057631013,0.0,0.0,0.11175672282140585,0.10923217141549299,0.0,0.0
2020-08-14,992756825.4151872,6379129.512087226,31568634.3031,954809061.6,0.9617753685054576,Bull,1.0,0.0,0.0,0.0,0.7400124006125632,0.0,0.0,0.11092162469288162,0.11084134320001285,0.0,0.0,0.7790111057631013,0.0,0.0,0.11175672282140585,0.10923217141549299,0.0,0.0
2020-08-17,995001998.2800168,7021540.7769167265,31568634.3031,956411823.2,0.9612159823329757,Bull,1.0,0.0,0.0,0.0,0.7392217548019492,0.0,0.0,0.11140630892361722,0.1105879186074092,0.0,0.0,0.7790111057631013,0.0,0.0,0.11175672282140585,0.10923217141549299,0.0,0.0
2020-08-18,997646801.9878294,7907315.684729476,31568634.3031,958170852.0,0.9604309361698219,Bull,1.0,0.0,0.0,0.0,0.740613261655114,0.0,0.0,0.11109683284621215,0.10872084166849581,0.0,0.0,0.7790111057631013,0.0,0.0,0.11175672282140585,0.10923217141549299,0.0,0.0
2020-08-19,993819990.4870437,7253130.183943727,31568634.3031,954998226.0,0.9609368247181079,Bull,1.0,0.0,0.0,0.0,0.740448806669072,0.0,0.0,0.1118134079246504,0.10867461012438552,0.0,0.0,0.7790111057631013,0.0,0.0,0.11175672282140585,0.10923217141549299,0.0,0.0
2020-08-20,976282517.7069201,6941308.103820227,31568634.3031,937772575.3,0.9605545098796076,Bull,1.0,0.0,0.0,0.0,0.7403169289537272,0.0,0.0,0.11317492426220961,0.1070626566636707,0.0,0.0,0.7790111057631013,0.0,0.0,0.11175672282140585,0.10923217141549299,0.0,0.0
2020-08-21,988784839.4404033,6350854.537303353,31568634.3031,950865350.6,0.9616504143996952,Bull,1.0,0.0,0.0,0.0,0.7405507461202679,0.0,0.0,0.11151950920121909,0.10958015907820824,0.0,0.0,0.7790111057631013,0.0,0.0,0.11175672282140585,0.10923217141549299,0.0,0.0
2020-08-24,981446904.2076901,7351270.304590102,30773434.3031,943322199.6,0.9611545928320313,Bull,1.0,795200.0,0.0,0.0,0.7388205072442251,0.0,0.0,0.1118225545666152,0.11051153102119098,0.0,0.0,0.7790111057631013,0.0,0.0,0.11175672282140585,0.10923217141549299,0.0,0.0
2020-08-25,982067639.948489,8280128.545388977,30773434.3031,943014077.1,0.9602333268505443,Bull,1.0,0.0,0.0,0.0,0.7385672306013916,0.0,0.0,0.1113196235706679,0.11034647267848481,0.0,0.0,0.7790111057631013,0.0,0.0,0.11175672282140585,0.10923217141549299,0.0,0.0
2020-08-26,983141216.1291418,8842292.626041725,30773434.3031,943525489.2,0.9597049474895192,Bull,1.0,0.0,0.0,0.0,0.7382560890465814,0.0,0.0,0.11154114810867148,0.10990771033426629,0.0,0.0,0.7790111057631013,0.0,0.0,0.11175672282140585,0.10923217141549299,0.0,0.0
2020-08-27,977621333.2770627,14639444.923962727,25395692.3531,937586196.0,0.9590484209843685,Bull,1.0,5377741.95,0.0,0.0,0.7364652053843357,0.0,0.0,0.11221778439741621,0.11036543120261663,0.0,0.0,0.7790111057631013,0.0,0.0,0.11175672282140585,0.10923217141549299,0.0,0.0
2020-08-28,980313729.9870093,4875128.733909354,25395692.3531,950042908.9,0.9691212923362703,Bull,1.0,0.0,0.0,0.0,0.74957586170882,0.0,0.0,0.11132752369126384,0.10821790693618646,0.0,0.0,0.7790111057631013,0.0,0.0,0.11175672282140585,0.10923217141549299,0.0,0.0
2020-08-31,971233421.9902518,3980918.337151854,25395692.3531,941856811.3,0.9697532951141103,Bull,1.0,0.0,0.0,0.0,0.7496066288658951,0.0,0.0,0.1119774068082797,0.1081692594399356,0.0,0.0,0.7790111057631013,0.0,0.0,0.11175672282140585,0.10923217141549299,0.0,0.0
2020-09-01,970789250.9454203,3262796.292320229,25395692.3531,942130762.3,0.9704791862729107,Bull,1.0,0.0,0.0,0.0,0.7476364325142345,0.0,0.0,0.1122310531290849,0.11061170062959129,0.0,0.0,0.7790111057631013,0.0,0.0,0.11175672282140585,0.10923217141549299,0.0,0.0
2020-09-02,967181729.4484758,4464166.695375854,25395692.3531,937321870.4,0.969126940533189,Bull,1.0,0.0,0.0,0.0,0.747427136379245,0.0,0.0,0.11200997361868716,0.1096898305352569,0.0,0.0,0.7790111057631013,0.0,0.0,0.11175672282140585,0.10923217141549299,0.0,0.0
2020-09-03,966153097.088484,4835467.935384104,25395692.3531,935921936.8,0.9687097620660886,Bull,1.0,0.0,0.0,0.0,0.746918101256068,0.0,0.0,0.1119859785432029,0.10980568226681775,0.0,0.0,0.7790111057631013,0.0,0.0,0.11175672282140585,0.10923217141549299,0.0,0.0
2020-09-04,959009672.0269041,11372707.473804105,19265492.3531,928371472.2,0.9680522514833985,Bull,1.0,6130200.0,0.0,0.0,0.7460438023402213,0.0,0.0,0.11261575680643414,0.10939269233674308,0.0,0.0,0.7790111057631013,0.0,0.0,0.11175672282140585,0.10923217141549299,0.0,0.0
2020-09-07,963005114.9362841,1131087.5831839833,19265492.3531,942608535.0,0.9788198633424355,Bull,1.0,0.0,0.0,0.0,0.7580954905398428,0.0,0.0,0.11205122208217913,0.10867315072041357,0.0,0.0,0.7790111057631013,0.0,0.0,0.11175672282140585,0.10923217141549299,0.0,0.0
2020-09-08,967130767.7646475,884349.0115476083,19265492.3531,946980926.4,0.9791653393354238,Bull,1.0,0.0,0.0,0.0,0.7581594452782777,0.0,0.0,0.11184278652410992,0.10916310753303612,0.0,0.0,0.7790111057631013,0.0,0.0,0.11175672282140585,0.10923217141549299,0.0,0.0
2020-09-09,963733909.9646475,884349.0115476083,19265492.3531,943584068.6,0.9790919037336907,Bull,1.0,0.0,0.0,0.0,0.7584845371133764,0.0,0.0,0.11180399370190527,0.10880337291840905,0.0,0.0,0.7790111057631013,0.0,0.0,0.11175672282140585,0.10923217141549299,0.0,0.0
2020-09-10,967506740.4508066,575530.9977066083,19265492.3531,947665717.1,0.9794926251970485,Bull,1.0,0.0,0.0,0.0,0.7579611453231904,0.0,0.0,0.1118789104761836,0.10965256939767458,0.0,0.0,0.7790111057631013,0.0,0.0,0.11175672282140585,0.10923217141549299,0.0,0.0
2020-09-11,968849334.8702426,4036102.8702426087,16010834.6,948802397.4,0.9793085088168766,Bull,1.0,3254657.7531000003,0.0,0.0,0.7579123718945885,0.0,0.0,0.11205560667958764,0.10934053024270048,0.0,0.0,0.7790111057631013,0.0,0.0,0.11175672282140585,0.10923217141549299,0.0,0.0
2020-09-14,969009691.5560607,4099027.7560606087,16010834.6,948899829.2,0.9792469956376105,Bull,1.0,0.0,0.0,0.0,0.7567299229200508,0.0,0.0,0.11181817988425288,0.11069889283330676,0.0,0.0,0.7790111057631013,0.0,0.0,0.11175672282140585,0.10923217141549299,0.0,0.0
2020-09-15,969783857.2542889,29950.55428885948,16010834.6,953743072.1,0.9834594223915991,Bull,1.0,0.0,0.0,0.0,0.7622638452582169,0.0,0.0,0.11124406659587432,0.1099515105375079,0.0,0.0,0.7790111057631013,0.0,0.0,0.11175672282140585,0.10923217141549299,0.0,0.0
2020-09-16,975454071.7779754,16131929.677975358,0.0,959322142.1,0.9834621330263438,Bull,1.0,16010834.6,0.0,0.0,0.761623087744001,0.0,0.0,0.11129709039208428,0.11054195489025856,0.0,0.0,0.7790111057631013,0.0,0.0,0.11175672282140585,0.10923217141549299,0.0,0.0
2020-09-17,968082412.3772235,1530772.777223484,0.0,966551639.6,0.9984187577858536,Bull,1.0,0.0,0.0,0.0,0.7769450513546962,0.0,0.0,0.11216317806390373,0.10931052836725381,0.0,0.0,0.7790111057631013,0.0,0.0,0.11175672282140585,0.10923217141549299,0.0,0.0
2020-09-18,971576468.6772234,1530772.777223484,0.0,970045695.9,0.9984244443679172,Bull,1.0,0.0,0.0,0.0,0.7783334820053446,0.0,0.0,0.11127688193930269,0.10881408042326994,0.0,0.0,0.7790111057631013,0.0,0.0,0.11175672282140585,0.10923217141549299,0.0,0.0
2020-09-21,962965085.8772234,1530772.777223484,0.0,961434313.0999999,0.9984103548512052,Bull,1.0,0.0,0.0,0.0,0.7775013072441329,0.0,0.0,0.1120081107631684,0.10890093684390391,0.0,0.0,0.7790111057631013,0.0,0.0,0.11175672282140585,0.10923217141549299,0.0,0.0
2020-09-22,952069431.5772234,1530772.777223484,0.0,950538658.8,0.9983921626653977,Bull,1.0,0.0,0.0,0.0,0.7771667005149345,0.0,0.0,0.11250187900955858,0.10872358314090456,0.0,0.0,0.7790111057631013,0.0,0.0,0.11175672282140585,0.10923217141549299,0.0,0.0
2020-09-23,945990943.9772234,1530772.777223484,0.0,944460171.1999999,0.9983818314678704,Bull,1.0,0.0,0.0,0.0,0.7765001090937357,0.0,0.0,0.11261873137187778,0.10926299100225703,0.0,0.0,0.7790111057631013,0.0,0.0,0.11175672282140585,0.10923217141549299,0.0,0.0
2020-09-24,924434442.4772235,1530772.777223484,0.0,922903669.7,0.998344098070252,Bull,1.0,0.0,0.0,0.0,0.7752269244529549,0.0,0.0,0.11402149807134324,0.10909567554595394,0.0,0.0,0.7790111057631013,0.0,0.0,0.11175672282140585,0.10923217141549299,0.0,0.0
2020-09-25,933112684.5772234,1530772.777223484,0.0,931581911.8,0.998359498480168,Bull,1.0,0.0,0.0,0.0,0.7764052764197991,0.0,0.0,0.11365797695489686,0.10829624510547203,0.0,0.0,0.7790111057631013,0.0,0.0,0.11175672282140585,0.10923217141549299,0.0,0.0
2020-09-28,952580533.8772235,1530772.777223484,0.0,951049761.1,0.9983930253424423,Bull,1.0,0.0,0.0,0.0,0.7784643237267508,0.0,0.0,0.11210663686915531,0.10782206474653619,0.0,0.0,0.7790111057631013,0.0,0.0,0.11175672282140585,0.10923217141549299,0.0,0.0
2020-09-29,952120271.7772235,1530772.777223484,0.0,950589499.0,0.9983922485188073,Bull,1.0,0.0,0.0,0.0,0.7780811111364911,0.0,0.0,0.1121733284815404,0.10813780890077568,0.0,0.0,0.7790111057631013,0.0,0.0,0.11175672282140585,0.10923217141549299,0.0,0.0
2020-09-30,947020771.4772235,1530772.777223484,0.0,945489998.7,0.9983835911277472,Bull,1.0,0.0,0.0,0.0,0.7772832665029923,0.0,0.0,0.11190314213984351,0.10919718248491145,0.0,0.0,0.7790111057631013,0.0,0.0,0.11175672282140585,0.10923217141549299,0.0,0.0
2020-10-05,951611831.0772234,1530772.777223484,0.0,950081058.3,0.9983913895064854,Bull,1.0,0.0,0.0,0.0,0.7780786599319971,0.0,0.0,0.11158961724949662,0.10872311232499171,0.0,0.0,0.7790111057631013,0.0,0.0,0.11175672282140585,0.10923217141549299,0.0,0.0
2020-10-06,961437619.9772234,1530772.777223484,0.0,959906847.1999999,0.9984078293324327,Bull,1.0,0.0,0.0,0.0,0.7782448196875484,0.0,0.0,0.11129791239345824,0.10886509725142603,0.0,0.0,0.7790111057631013,0.0,0.0,0.11175672282140585,0.10923217141549299,0.0,0.0
2020-10-07,959564699.5772234,1530772.777223484,0.0,958033926.8,0.9984047216640025,Bull,1.0,0.0,0.0,0.0,0.7781835108450714,0.0,0.0,0.11056815663054886,0.10965305418838224,0.0,0.0,0.7790111057631013,0.0,0.0,0.11175672282140585,0.10923217141549299,0.0,0.0
2020-10-08,960931462.1772236,1530772.777223484,0.0,959400689.4000001,0.9984069906778209,Bull,1.0,0.0,0.0,0.0,0.7767473735419667,0.0,0.0,0.11069977848262126,0.110959838653233,0.0,0.0,0.7790111057631013,0.0,0.0,0.11175672282140585,0.10923217141549299,0.0,0.0
2020-10-12,963096564.9772234,1530772.777223484,0.0,961565792.1999999,0.9984105718648684,Bull,1.0,0.0,0.0,0.0,0.7767268822287733,0.0,0.0,0.11008719567233366,0.11159649396376135,0.0,0.0,0.7790111057631013,0.0,0.0,0.11175672282140585,0.10923217141549299,0.0,0.0
2020-10-13,958286187.2772235,1530772.777223484,0.0,956755414.5,0.9984025932988005,Bull,1.0,0.0,0.0,0.0,0.7756696531460765,0.0,0.0,0.1105238721022702,0.11220906805045393,0.0,0.0,0.7790111057631013,0.0,0.0,0.11175672282140585,0.10923217141549299,0.0,0.0
2020-10-14,954869785.4772235,1530772.777223484,0.0,953339012.7,0.9983968779822073,Bull,1.0,0.0,0.0,0.0,0.7754568465373881,0.0,0.0,0.11075007462629835,0.11218995681852088,0.0,0.0,0.7790111057631013,0.0,0.0,0.11175672282140585,0.10923217141549299,0.0,0.0
2020-10-15,947031954.3772235,1530772.777223484,0.0,945501181.6,0.9983836102148949,Bull,1.0,0.0,0.0,0.0,0.7753781466464744,0.0,0.0,0.11094715391002333,0.1120583096583972,0.0,0.0,0.7790111057631013,0.0,0.0,0.11175672282140585,0.10923217141549299,0.0,0.0
2020-10-16,944537433.9772235,1530772.777223484,0.0,943006661.2,0.9983793413345432,Bull,1.0,0.0,0.0,0.0,0.775629567284748,0.0,0.0,0.11087384812164609,0.11187592592814923,0.0,0.0,0.7790111057631013,0.0,0.0,0.11175672282140585,0.10923217141549299,0.0,0.0
2020-10-19,946886699.3772235,1530772.777223484,0.0,945355926.6,0.9983833622562971,Bull,1.0,0.0,0.0,0.0,0.7743645856280968,0.0,0.0,0.1109889916809702,0.11302978494723001,0.0,0.0,0.7790111057631013,0.0,0.0,0.11175672282140585,0.10923217141549299,0.0,0.0
2020-10-20,945384268.5772234,1530772.777223484,0.0,943853495.8,0.9983807930509281,Bull,1.0,0.0,0.0,0.0,0.7746557882776726,0.0,0.0,0.11115279097900115,0.11257221379425439,0.0,0.0,0.7790111057631013,0.0,0.0,0.11175672282140585,0.10923217141549299,0.0,0.0
2020-10-21,944488178.9772235,1530772.777223484,0.0,942957406.2,0.9983792568172943,Bull,1.0,0.0,0.0,0.0,0.7741528401041349,0.0,0.0,0.11160054974339903,0.11262586696976037,0.0,0.0,0.7790111057631013,0.0,0.0,0.11175672282140585,0.10923217141549299,0.0,0.0
2020-10-22,950197563.2772235,1530772.777223484,0.0,948666790.5,0.998388995261213,Bull,1.0,0.0,0.0,0.0,0.7744814541113442,0.0,0.0,0.11179990783559444,0.11210763331427438,0.0,0.0,0.7790111057631013,0.0,0.0,0.11175672282140585,0.10923217141549299,0.0,0.0
2020-10-23,947063733.9772235,1530772.777223484,0.0,945532961.2,0.9983836644543499,Bull,1.0,0.0,0.0,0.0,0.7737509471750329,0.0,0.0,0.11215412035042034,0.11247859692889672,0.0,0.0,0.7790111057631013,0.0,0.0,0.11175672282140585,0.10923217141549299,0.0,0.0
2020-10-26,952189293.5772234,1530772.777223484,0.0,950658520.8,0.9983923650606565,Bull,1.0,0.0,0.0,0.0,0.7743179069259346,0.0,0.0,0.11220132459023016,0.11187313354449177,0.0,0.0,0.7790111057631013,0.0,0.0,0.11175672282140585,0.10923217141549299,0.0,0.0
2020-10-27,949023295.0772234,1530772.777223484,0.0,947492522.3,0.9983870018943013,Bull,1.0,0.0,0.0,0.0,0.773980497749774,0.0,0.0,0.1127949129966189,0.11161159114790851,0.0,0.0,0.7790111057631013,0.0,0.0,0.11175672282140585,0.10923217141549299,0.0,0.0
2020-10-28,948475832.4772235,1530772.777223484,0.0,946945059.7,0.9983860708677992,Bull,1.0,0.0,0.0,0.0,0.774760868477528,0.0,0.0,0.11247845896227605,0.11114674342799508,0.0,0.0,0.7790111057631013,0.0,0.0,0.11175672282140585,0.10923217141549299,0.0,0.0
2020-10-29,938543846.8772235,1530772.777223484,0.0,937013074.1,0.9983689917287117,Bull,1.0,0.0,0.0,0.0,0.7745383196733004,0.0,0.0,0.11273794011015617,0.11109273194525517,0.0,0.0,0.7790111057631013,0.0,0.0,0.11175672282140585,0.10923217141549299,0.0,0.0
2020-10-30,933953549.3772235,1530772.777223484,0.0,932422776.6,0.9983609754700925,Bull,1.0,0.0,0.0,0.0,0.7742950140102929,0.0,0.0,0.11334096869227178,0.11072499276752781,0.0,0.0,0.7790111057631013,0.0,0.0,0.11175672282140585,0.10923217141549299,0.0,0.0
2020-11-02,947133192.2772235,1530772.777223484,0.0,945602419.5,0.9983837829888076,Bull,1.0,0.0,0.0,0.0,0.7756739236786931,0.0,0.0,0.11310162168685307,0.10960823762326136,0.0,0.0,0.7790111057631013,0.0,0.0,0.11175672282140585,0.10923217141549299,0.0,0.0
2020-11-03,953518117.2772235,1530772.777223484,0.0,951987344.5,0.9983946054621441,Bull,1.0,0.0,0.0,0.0,0.7758600818330476,0.0,0.0,0.11239671072641087,0.11013781290268575,0.0,0.0,0.7790111057631013,0.0,0.0,0.11175672282140585,0.10923217141549299,0.0,0.0
2020-11-04,954018824.3772234,1530772.777223484,0.0,952488051.5999999,0.9983954480371782,Bull,1.0,0.0,0.0,0.0,0.7745198865256697,0.0,0.0,0.11216434861214959,0.11171121289935881,0.0,0.0,0.7790111057631013,0.0,0.0,0.11175672282140585,0.10923217141549299,0.0,0.0
2020-11-05,959233471.2772235,1530772.777223484,0.0,957702698.5,0.9984041708061071,Bull,1.0,0.0,0.0,0.0,0.7752887287281407,0.0,0.0,0.11211618778982199,0.11099925428814442,0.0,0.0,0.7790111057631013,0.0,0.0,0.11175672282140585,0.10923217141549299,0.0,0.0
2020-11-06,965571736.9772234,1530772.777223484,0.0,964040964.1999999,0.9984146462467764,Bull,1.0,0.0,0.0,0.0,0.7757379752486154,0.0,0.0,0.11173017588287677,0.1109464951152842,0.0,0.0,0.7790111057631013,0.0,0.0,0.11175672282140585,0.10923217141549299,0.0,0.0
2020-11-09,973100980.0772234,1530772.777223484,0.0,971570207.3,0.9984269127166001,Bull,1.0,0.0,0.0,0.0,0.7754434768322991,0.0,0.0,0.11145092053179659,0.1115325153525044,0.0,0.0,0.7790111057631013,0.0,0.0,0.11175672282140585,0.10923217141549299,0.0,0.0
2020-11-10,979404856.2772235,1530772.777223484,0.0,977874083.5,0.9984370377914583,Bull,1.0,0.0,0.0,0.0,0.7781455019498901,0.0,0.0,0.11050200466778802,0.10978953117378026,0.0,0.0,0.7790111057631013,0.0,0.0,0.11175672282140585,0.10923217141549299,0.0,0.0
2020-11-11,994657716.7772235,1530772.777223484,0.0,993126944.0,0.9984610054781625,Bull,1.0,0.0,0.0,0.0,0.7798008610571322,0.0,0.0,0.10888871435183149,0.10977143006919887,0.0,0.0,0.7790111057631013,0.0,0.0,0.11175672282140585,0.10923217141549299,0.0,0.0
2020-11-12,979514772.5772234,1530772.777223484,0.0,977983999.8,0.9984372131793421,Bull,1.0,0.0,0.0,0.0,0.7764985491732704,0.0,0.0,0.11041895745525683,0.11151970655081475,0.0,0.0,0.7790111057631013,0.0,0.0,0.11175672282140585,0.10923217141549299,0.0,0.0
2020-11-13,984993676.1772234,1530772.777223484,0.0,983462903.4,0.9984459059847324,Bull,1.0,0.0,0.0,0.0,0.7774235732882231,0.0,0.0,0.10966425735769386,0.11135807533881541,0.0,0.0,0.7790111057631013,0.0,0.0,0.11175672282140585,0.10923217141549299,0.0,0.0
2020-11-16,996423261.7772235,1530772.777223484,0.0,994892489.0,0.9984637323957158,Bull,1.0,0.0,0.0,0.0,0.7762572580054157,0.0,0.0,0.10854875046482217,0.11365772392547804,0.0,0.0,0.7790111057631013,0.0,0.0,0.11175672282140585,0.10923217141549299,0.0,0.0
2020-11-17,998074229.9772235,1530772.777223484,0.0,996543457.2,0.9984662736184878,Bull,1.0,0.0,0.0,0.0,0.7759994536855988,0.0,0.0,0.10819235359123965,0.11427446634164953,0.0,0.0,0.7790111057631013,0.0,0.0,0.11175672282140585,0.10923217141549299,0.0,0.0
2020-11-18,1003405586.7772235,1530772.777223484,0.0,1001874814.0,0.9984744227086276,Bull,1.0,0.0,0.0,0.0,0.7761479747201244,0.0,0.0,0.10790870753248011,0.11441774045602318,0.0,0.0,0.7790111057631013,0.0,0.0,0.11175672282140585,0.10923217141549299,0.0,0.0
2020-11-19,998892389.2772235,1530772.777223484,0.0,997361616.5,0.9984675298423976,Bull,1.0,0.0,0.0,0.0,0.775506976342585,0.0,0.0,0.10822687324529907,0.11473368025451351,0.0,0.0,0.7790111057631013,0.0,0.0,0.11175672282140585,0.10923217141549299,0.0,0.0
2020-11-20,992533499.3772235,1530772.777223484,0.0,991002726.6,0.9984577117264214,Bull,1.0,0.0,0.0,0.0,0.7745385189339851,0.0,0.0,0.10860217823139963,0.11531701456103671,0.0,0.0,0.7790111057631013,0.0,0.0,0.11175672282140585,0.10923217141549299,0.0,0.0
2020-11-23,997240935.7772235,1530772.777223484,0.0,995710163.0,0.9984649920372247,Bull,1.0,0.0,0.0,0.0,0.7734789410733867,0.0,0.0,0.1087535580511185,0.11623249291271961,0.0,0.0,0.7790111057631013,0.0,0.0,0.11175672282140585,0.10923217141549299,0.0,0.0
2020-11-24,988752645.8772234,1530772.777223484,0.0,987221873.0999999,0.9984518142291641,Bull,1.0,0.0,0.0,0.0,0.7728830626005646,0.0,0.0,0.10889690201989102,0.11667184960870848,0.0,0.0,0.7790111057631013,0.0,0.0,0.11175672282140585,0.10923217141549299,0.0,0.0
2020-11-25,989482182.2772235,1530772.777223484,0.0,987951409.5,0.9984529556927437,Bull,1.0,0.0,0.0,0.0,0.7742013178417934,0.0,0.0,0.10862974788755245,0.11562188996339795,0.0,0.0,0.7790111057631013,0.0,0.0,0.11175672282140585,0.10923217141549299,0.0,0.0
2020-11-26,993947642.8772235,1530772.777223484,0.0,992416870.1,0.9984599060240313,Bull,1.0,0.0,0.0,0.0,0.7736950488397019,0.0,0.0,0.10875331389397173,0.11601154329035769,0.0,0.0,0.7790111057631013,0.0,0.0,0.11175672282140585,0.10923217141549299,0.0,0.0
2020-11-27,988561783.2772235,1530772.777223484,0.0,987031010.5,0.998451515319408,Bull,1.0,0.0,0.0,0.0,0.7728052241381864,0.0,0.0,0.1092058198346573,0.11644047134656425,0.0,0.0,0.7790111057631013,0.0,0.0,0.11175672282140585,0.10923217141549299,0.0,0.0
2020-11-30,984938764.6772234,1530772.777223484,0.0,983407991.9,0.9984458193421546,Bull,1.0,0.0,0.0,0.0,0.7740762362519599,0.0,0.0,0.10887692092730548,0.11549266216288921,0.0,0.0,0.7790111057631013,0.0,0.0,0.11175672282140585,0.10923217141549299,0.0,0.0
2020-12-01,987157659.0772234,1530772.777223484,0.0,985626886.3,0.9984493127686874,Bull,1.0,0.0,0.0,0.0,0.7733525433147442,0.0,0.0,0.10884664573280133,0.11625012372114187,0.0,0.0,0.7790111057631013,0.0,0.0,0.11175672282140585,0.10923217141549299,0.0,0.0
2020-12-02,987358431.5772235,1530772.777223484,0.0,985827658.8000001,0.998449628090198,Bull,1.0,0.0,0.0,0.0,0.7727435492511172,0.0,0.0,0.10836105367438895,0.11734502516469188,0.0,0.0,0.7790111057631013,0.0,0.0,0.11175672282140585,0.10923217141549299,0.0,0.0
2020-12-03,984905370.4772234,1530772.777223484,0.0,983374597.6999999,0.9984457666461076,Bull,1.0,0.0,0.0,0.0,0.7727244875629399,0.0,0.0,0.10808398775246783,0.11763729133069985,0.0,0.0,0.7790111057631013,0.0,0.0,0.11175672282140585,0.10923217141549299,0.0,0.0
2020-12-04,991890992.1772234,1530772.777223484,0.0,990360219.4,0.9984567126939389,Bull,1.0,0.0,0.0,0.0,0.7716451963334761,0.0,0.0,0.10807951765413933,0.11873199870632348,0.0,0.0,0.7790111057631013,0.0,0.0,0.11175672282140585,0.10923217141549299,0.0,0.0
2020-12-07,989454366.1772234,1530772.777223484,0.0,987923593.4,0.9984529122013603,Bull,1.0,0.0,0.0,0.0,0.770111204161909,0.0,0.0,0.10820114970398162,0.12014055833546979,0.0,0.0,0.7790111057631013,0.0,0.0,0.11175672282140585,0.10923217141549299,0.0,0.0
2020-12-08,979546495.7772235,1530772.777223484,0.0,978015723.0,0.9984372637911293,Bull,1.0,0.0,0.0,0.0,0.765878114243818,0.0,0.0,0.10951220841730902,0.12304694113000224,0.0,0.0,0.7790111057631013,0.0,0.0,0.11175672282140585,0.10923217141549299,0.0,0.0
2020-12-09,974317039.9772235,1530772.777223484,0.0,972786267.2,0.9984288761107378,Bull,1.0,0.0,0.0,0.0,0.7649222343657485,0.0,0.0,0.10979927026884477,0.12370737147614458,0.0,0.0,0.7790111057631013,0.0,0.0,0.11175672282140585,0.10923217141549299,0.0,0.0
2020-12-10,975124676.3772235,1530772.777223484,0.0,973593903.6,0.998430177376999,Bull,1.0,0.0,0.0,0.0,0.7665743896227996,0.0,0.0,0.10974381286050242,0.12211197489369707,0.0,0.0,0.7790111057631013,0.0,0.0,0.11175672282140585,0.10923217141549299,0.0,0.0
2020-12-11,982024670.0772234,1530772.777223484,0.0,980493897.3,0.998441207411721,Bull,1.0,0.0,0.0,0.0,0.7678654317724042,0.0,0.0,0.10916843870283792,0.12140733693647891,0.0,0.0,0.7790111057631013,0.0,0.0,0.11175672282140585,0.10923217141549299,0.0,0.0
2020-12-14,978457472.0772234,1530772.777223484,0.0,976926699.3,0.9984355244648766,Bull,1.0,0.0,0.0,0.0,0.7674929373330306,0.0,0.0,0.10960568349723418,0.12133690363461187,0.0,0.0,0.7790111057631013,0.0,0.0,0.11175672282140585,0.10923217141549299,0.0,0.0
2020-12-15,974411514.2772235,1530772.777223484,0.0,972880741.5,0.9984290284394279,Bull,1.0,0.0,0.0,0.0,0.7676885284497764,0.0,0.0,0.11013621906921314,0.12060428092043837,0.0,0.0,0.7790111057631013,0.0,0.0,0.11175672282140585,0.10923217141549299,0.0,0.0
2020-12-16,984909731.6772234,1530772.777223484,0.0,983378958.9,0.998445773528284,Bull,1.0,0.0,0.0,0.0,0.7672228576858469,0.0,0.0,0.10966152178847205,0.12156139405396511,0.0,0.0,0.7790111057631013,0.0,0.0,0.11175672282140585,0.10923217141549299,0.0,0.0
2020-12-17,981992867.7772235,1530772.777223484,0.0,980462095.0,0.9984411569294913,Bull,1.0,0.0,0.0,0.0,0.7671450778509136,0.0,0.0,0.11003817191115682,0.12125790716742091,0.0,0.0,0.7790111057631013,0.0,0.0,0.11175672282140585,0.10923217141549299,0.0,0.0
2020-12-18,978353410.4772235,1530772.777223484,0.0,976822637.7,0.9984353580609723,Bull,1.0,0.0,0.0,0.0,0.7670628319616524,0.0,0.0,0.11007402728577405,0.12129849881354582,0.0,0.0,0.7790111057631013,0.0,0.0,0.11175672282140585,0.10923217141549299,0.0,0.0
2020-12-21,985021184.8772235,1530772.777223484,0.0,983490412.1,0.998445949385937,Bull,1.0,0.0,0.0,0.0,0.7669754962622115,0.0,0.0,0.10982088675938825,0.12164956636433734,0.0,0.0,0.7790111057631013,0.0,0.0,0.11175672282140585,0.10923217141549299,0.0,0.0
2020-12-22,979104569.2772235,1530772.777223484,0.0,977573796.5,0.9984365584379271,Bull,1.0,0.0,0.0,0.0,0.767497997741681,0.0,0.0,0.10993820617082888,0.12100035452541726,0.0,0.0,0.7790111057631013,0.0,0.0,0.11175672282140585,0.10923217141549299,0.0,0.0
2020-12-23,976862238.9772234,1530772.777223484,0.0,975331466.1999999,0.9984329696489996,Bull,1.0,0.0,0.0,0.0,0.7671017839573507,0.0,0.0,0.10989891482795162,0.1214322708636973,0.0,0.0,0.7790111057631013,0.0,0.0,0.11175672282140585,0.10923217141549299,0.0,0.0
2020-12-24,978420569.2772235,1530772.777223484,0.0,976889796.5,0.9984354654580143,Bull,1.0,0.0,0.0,0.0,0.7672974384160633,0.0,0.0,0.1092321680021,0.12190585903985103,0.0,0.0,0.7790111057631013,0.0,0.0,0.11175672282140585,0.10923217141549299,0.0,0.0
2020-12-25,982224622.7772235,1530772.777223484,0.0,980693850.0,0.9984415247370859,Bull,1.0,0.0,0.0,0.0,0.7676887063449468,0.0,0.0,0.10916576261020854,0.12158705578193059,0.0,0.0,0.7790111057631013,0.0,0.0,0.11175672282140585,0.10923217141549299,0.0,0.0
2020-12-28,985247784.8772235,1530772.777223484,0.0,983717012.1,0.998446306806552,Bull,1.0,0.0,0.0,0.0,0.7664330980394947,0.0,0.0,0.10972924949379326,0.12228395927326403,0.0,0.0,0.7790111057631013,0.0,0.0,0.11175672282140585,0.10923217141549299,0.0,0.0
2020-12-29,986379683.8772235,1530772.777223484,0.0,984848911.1,0.9984480897140883,Bull,1.0,0.0,0.0,0.0,0.7671268209070141,0.0,0.0,0.1092794202495121,0.122041848557562,0.0,0.0,0.7790111057631013,0.0,0.0,0.11175672282140585,0.10923217141549299,0.0,0.0
2020-12-30,1002678046.6772236,1530772.777223484,0.0,1001147273.9000001,0.9984733157544475,Bull,1.0,0.0,0.0,0.0,0.768327058174834,0.0,0.0,0.10838593740048687,0.12176032017912661,0.0,0.0,0.7790111057631013,0.0,0.0,0.11175672282140585,0.10923217141549299,0.0,0.0
2020-12-31,1001225122.4772235,1530772.777223484,0.0,999694349.7,0.9984711003121496,Bull,1.0,0.0,0.0,0.0,0.7683576175122399,0.0,0.0,0.10752466911101607,0.12258881368889357,0.0,0.0,0.7790111057631013,0.0,0.0,0.11175672282140585,0.10923217141549299,0.0,0.0
2021-01-04,997483898.4772234,1530772.777223484,0.0,995953125.6999999,0.9984653659276502,Bull,1.0,0.0,0.0,0.0,0.7654444616756229,0.0,0.0,0.10785858314529641,0.1251623211067309,0.0,0.0,0.7790111057631013,0.0,0.0,0.11175672282140585,0.10923217141549299,0.0,0.0
2021-01-05,1002205100.4558018,51911.85580186173,0.0,1002153188.6,0.9999482023631907,Bull,1.0,0.0,0.0,0.0,0.7782429846398461,0.0,0.0,0.10869302096991676,0.11301219675342784,0.0,0.0,0.7790111057631013,0.0,0.0,0.11175672282140585,0.10923217141549299,0.0,0.0
2021-01-06,995754170.4558017,51911.85580186173,0.0,995702258.5999999,0.9999478667954983,Bull,1.0,0.0,0.0,0.0,0.7758326618369813,0.0,0.0,0.10913848339721689,0.11497672156130002,0.0,0.0,0.7790111057631013,0.0,0.0,0.11175672282140585,0.10923217141549299,0.0,0.0
2021-01-07,1001375271.6558018,51911.85580186173,0.0,1001323359.8,0.9999481594390522,Bull,1.0,0.0,0.0,0.0,0.7746670821192786,0.0,0.0,0.10827189672930829,0.11700918059046535,0.0,0.0,0.7790111057631013,0.0,0.0,0.11175672282140585,0.10923217141549299,0.0,0.0
2021-01-08,1012486019.8558018,51911.85580186173,0.0,1012434108.0,0.9999487283233706,Bull,1.0,0.0,0.0,0.0,0.7739724723424877,0.0,0.0,0.10818618514416649,0.11779007083671644,0.0,0.0,0.7790111057631013,0.0,0.0,0.11175672282140585,0.10923217141549299,0.0,0.0
2021-01-11,1015056888.0558017,51911.85580186173,0.0,1015004976.1999999,0.9999488581808442,Bull,1.0,0.0,0.0,0.0,0.773198906815215,0.0,0.0,0.10827314340037085,0.1184768079652584,0.0,0.0,0.7790111057631013,0.0,0.0,0.11175672282140585,0.10923217141549299,0.0,0.0
2021-01-12,1004609556.7558019,51911.85580186173,0.0,1004557644.9000001,0.9999483263368811,Bull,1.0,0.0,0.0,0.0,0.7710212785565627,0.0,0.0,0.10939911855399068,0.11952792922632777,0.0,0.0,0.7790111057631013,0.0,0.0,0.11175672282140585,0.10923217141549299,0.0,0.0
2021-01-13,1009887483.7558018,51911.85580186173,0.0,1009835571.9,0.9999485963964928,Bull,1.0,0.0,0.0,0.0,0.7687087763607904,0.0,0.0,0.10945625307574267,0.12178356695995982,0.0,0.0,0.7790111057631013,0.0,0.0,0.11175672282140585,0.10923217141549299,0.0,0.0
2021-01-14,1009794067.3558018,51911.85580186173,0.0,1009742155.5,0.9999485916411276,Bull,1.0,0.0,0.0,0.0,0.7698768794866334,0.0,0.0,0.10940210838164345,0.1206696037728508,0.0,0.0,0.7790111057631013,0.0,0.0,0.11175672282140585,0.10923217141549299,0.0,0.0
2021-01-15,1002602605.5558019,51911.85580186173,0.0,1002550693.7,0.9999482228995674,Bull,1.0,0.0,0.0,0.0,0.7688396074660883,0.0,0.0,0.10916548530145263,0.12194313013202651,0.0,0.0,0.7790111057631013,0.0,0.0,0.11175672282140585,0.10923217141549299,0.0,0.0
2021-01-18,996811189.8558018,51911.85580186173,0.0,996759278.0,0.9999479220775909,Bull,1.0,0.0,0.0,0.0,0.7677266124096227,0.0,0.0,0.10966088775128308,0.12256042191668513,0.0,0.0,0.7790111057631013,0.0,0.0,0.11175672282140585,0.10923217141549299,0.0,0.0
2021-01-19,999271074.4558017,51911.85580186173,0.0,999219162.5999999,0.9999480502767178,Bull,1.0,0.0,0.0,0.0,0.7653923266182052,0.0,0.0,0.10906770223420552,0.12548802142430707,0.0,0.0,0.7790111057631013,0.0,0.0,0.11175672282140585,0.10923217141549299,0.0,0.0
2021-01-20,984746579.686916,567740.2869159852,0.0,984178839.4,0.999423465591425,Bull,1.0,0.0,0.0,0.0,0.774349314970392,0.0,0.0,0.10985445619358604,0.11521969442744694,0.0,0.0,0.7790111057631013,0.0,0.0,0.11175672282140585,0.10923217141549299,0.0,0.0
2021-01-21,989523547.886916,567740.2869159852,0.0,988955807.6,0.9994262488364947,Bull,1.0,0.0,0.0,0.0,0.7716462222961276,0.0,0.0,0.10913403751796447,0.11864598902240268,0.0,0.0,0.7790111057631013,0.0,0.0,0.11175672282140585,0.10923217141549299,0.0,0.0
2021-01-22,983087694.386916,567740.2869159852,2504050.0,980015904.1,0.9968753649298482,Bull,1.0,0.0,0.0,0.0,0.7724150738897767,0.0,0.0,0.10967251509260165,0.1147877759474698,0.0,0.0,0.7790111057631013,0.0,0.0,0.11175672282140585,0.10923217141549299,0.0,0.0
2021-01-25,988346753.486916,567740.2869159852,2504050.0,985274963.1999999,0.9968919913217921,Bull,1.0,0.0,0.0,0.0,0.7743694816620166,0.0,0.0,0.10988228535870605,0.11264022430106944,0.0,0.0,0.7790111057631013,0.0,0.0,0.11175672282140585,0.10923217141549299,0.0,0.0
2021-01-26,981307627.9869161,567740.2869159852,2504050.0,978235837.7,0.9968696969234636,Bull,1.0,0.0,0.0,0.0,0.7755020607158132,0.0,0.0,0.11022017654329506,0.11114745966435537,0.0,0.0,0.7790111057631013,0.0,0.0,0.11175672282140585,0.10923217141549299,0.0,0.0
2021-01-27,980562100.486916,567740.2869159852,2504050.0,977490310.1999999,0.9968673169344495,Bull,1.0,0.0,0.0,0.0,0.7753916450803569,0.0,0.0,0.11007625110781064,0.11139942074628202,0.0,0.0,0.7790111057631013,0.0,0.0,0.11175672282140585,0.10923217141549299,0.0,0.0
2021-01-28,975820192.686916,567740.2869159852,2504050.0,972748402.4,0.9968520939513889,Bull,0.5,0.0,0.0,0.0,0.7764103039452901,0.0,0.0,0.11077266161336871,0.10966912839273009,0.0,0.0,0.38950555288155064,0.0,0.0,0.055878361410702924,0.054616085707746495,0.0,0.0
2021-01-29,961611091.7684354,1644949.2684354992,2504050.0,957462092.4999999,0.9956853666685507,Bull,0.5,0.0,0.0,0.0,0.8156117366092808,0.0,0.0,0.09261706812908398,0.08745656193018604,0.0,0.0,0.38950555288155064,0.0,0.0,0.055878361410702924,0.054616085707746495,0.0,0.0
2021-02-01,968309062.9835083,190607654.78350836,2504050.0,775197358.2,0.8005681118087425,Bull,0.5,0.0,0.0,0.0,0.6475567896349219,0.0,0.0,0.07780005669665312,0.07521126547716755,0.0,0.0,0.38950555288155064,0.0,0.0,0.055878361410702924,0.054616085707746495,0.0,0.0
2021-02-02,970805389.1824558,366713569.8824559,2504050.0,601587769.3,0.6196790582370119,Bull,1.0,0.0,0.0,0.0,0.4932613422173757,0.0,0.0,0.06326479095024572,0.06315292506939038,0.0,0.0,0.7790111057631013,0.0,0.0,0.11175672282140585,0.10923217141549299,0.0,0.0
2021-02-03,975022542.1589929,318467063.7589929,2504050.0,654051428.4,0.6708064686912095,Bull,1.0,0.0,0.0,0.0,0.4959596393835436,0.0,0.0,0.08803806710963466,0.08680876219803134,0.0,0.0,0.7790111057631013,0.0,0.0,0.11175672282140585,0.10923217141549299,0.0,0.0
2021-02-04,972529307.5174226,124576965.51742254,2504050.0,845448292.0,0.8693293718398857,Bull,1.0,0.0,0.0,0.0,0.6671662097837358,0.0,0.0,0.10219249870597812,0.09997066335017187,0.0,0.0,0.7790111057631013,0.0,0.0,0.11175672282140585,0.10923217141549299,0.0,0.0
2021-02-05,976995133.901363,29250131.801363043,2504050.0,945240952.1,0.9674981167259643,Bull,1.0,0.0,0.0,0.0,0.7507830148251844,0.0,0.0,0.10937127145485666,0.10734383044592327,0.0,0.0,0.7790111057631013,0.0,0.0,0.11175672282140585,0.10923217141549299,0.0,0.0
2021-02-17,991262118.86505,5510247.66504992,2504050.0,983247821.2,0.9919150570645977,Bull,1.0,0.0,0.0,0.0,0.7709661316171429,0.0,0.0,0.10921924477852375,0.11172968066893106,0.0,0.0,0.7790111057631013,0.0,0.0,0.11175672282140585,0.10923217141549299,0.0,0.0
2021-02-18,992429876.6650499,5510247.66504992,2504050.0,984415579.0,0.991924570336414,Bull,1.0,0.0,0.0,0.0,0.7715171590490315,0.0,0.0,0.10896800120871294,0.11143941007866962,0.0,0.0,0.7790111057631013,0.0,0.0,0.11175672282140585,0.10923217141549299,0.0,0.0
2021-02-19,993404578.4650499,5510247.66504992,2504050.0,985390280.8,0.991932493730366,Bull,1.0,0.0,0.0,0.0,0.7729045118619947,0.0,0.0,0.10888776068169254,0.1101402211866788,0.0,0.0,0.7790111057631013,0.0,0.0,0.11175672282140585,0.10923217141549299,0.0,0.0
2021-02-22,992732297.6650499,5510247.66504992,2504050.0,984718000.0,0.9919270303949012,Bull,1.0,0.0,0.0,0.0,0.772991371193318,0.0,0.0,0.10876053922487505,0.11017511997670815,0.0,0.0,0.7790111057631013,0.0,0.0,0.11175672282140585,0.10923217141549299,0.0,0.0
2021-02-23,1003855241.5650499,5510247.66504992,2504050.0,995840943.9,0.9920164807302742,Bull,1.0,0.0,0.0,0.0,0.7746097362481239,0.0,0.0,0.10868788195985114,0.10871886252229909,0.0,0.0,0.7790111057631013,0.0,0.0,0.11175672282140585,0.10923217141549299,0.0,0.0
2021-02-24,1000736735.4650499,5510247.66504992,2504050.0,992722437.8,0.9919916024054762,Bull,1.0,0.0,0.0,0.0,0.7752146097040062,0.0,0.0,0.10933355009612437,0.10744344260534558,0.0,0.0,0.7790111057631013,0.0,0.0,0.11175672282140585,0.10923217141549299,0.0,0.0
2021-02-25,1012565445.86505,5510247.66504992,2504050.0,1004551148.2,0.9920851558802669,Bull,1.0,0.0,0.0,0.0,0.7758878711576201,0.0,0.0,0.1091529445838212,0.1070443401388256,0.0,0.0,0.7790111057631013,0.0,0.0,0.11175672282140585,0.10923217141549299,0.0,0.0
2021-02-26,992393273.5650499,5510247.66504992,2504050.0,984378975.9,0.9919242724849802,Sideways,1.0,0.0,0.0,0.0,0.7755507785085269,0.0,0.0,0.11044855191958869,0.10592494205686451,0.0,0.0,0.7790111057631013,0.0,0.0,0.11175672282140585,0.10923217141549299,0.0,0.0
2021-03-02,995200847.8650498,5510247.66504992,2504050.0,987186550.1999999,0.9919470550268897,Bull,1.0,0.0,0.0,0.0,0.7759705509261356,0.0,0.0,0.11031079830318478,0.10566570579756941,0.0,0.0,0.7790111057631013,0.0,0.0,0.11175672282140585,0.10923217141549299,0.0,0.0
2021-03-03,1004343999.86505,5510247.66504992,2504050.0,996329702.2,0.9920203658645576,Sideways,1.0,0.0,0.0,0.0,0.7757138015507462,0.0,0.0,0.11007284358233269,0.1062337207314787,0.0,0.0,0.7790111057631013,0.0,0.0,0.11175672282140585,0.10923217141549299,0.0,0.0
2021-03-04,997922389.7650499,5510247.66504992,2504050.0,989908092.1,0.9919690170826443,Sideways,1.0,0.0,0.0,0.0,0.7768866597757463,0.0,0.0,0.1102575722606094,0.10482478504628862,0.0,0.0,0.7790111057631013,0.0,0.0,0.11175672282140585,0.10923217141549299,0.0,0.0
2021-03-05,998724449.1650499,5510247.66504992,2504050.0,990710151.5,0.9919754666347159,Sideways,1.0,0.0,0.0,0.0,0.7772603866351461,0.0,0.0,0.11060568317151966,0.10410939682805015,0.0,0.0,0.7790111057631013,0.0,0.0,0.11175672282140585,0.10923217141549299,0.0,0.0
2021-03-08,997539468.86505,5510247.66504992,2504050.0,989525171.2,0.9919659342660715,Sideways,1.0,0.0,0.0,0.0,0.7774021935014889,0.0,0.0,0.11040966642183037,0.10415407434275224,0.0,0.0,0.7790111057631013,0.0,0.0,0.11175672282140585,0.10923217141549299,0.0,0.0
2021-03-09,1008692437.4650499,8014297.66504992,0.0,1000678139.8,0.9920547657864961,Bull,0.5,2504050.0,0.0,0.0,0.7793002213593344,0.0,0.0,0.11014269154154287,0.10261185288561886,0.0,0.0,0.38950555288155064,0.0,0.0,0.055878361410702924,0.054616085707746495,0.0,0.0
2021-03-10,1010941894.721833,208841587.72183305,0.0,802100307.0,0.7934188019982127,Bull,0.5,0.0,0.0,0.0,0.6217460274242065,0.0,0.0,0.08830092062270542,0.08337185395130083,0.0,0.0,0.38950555288155064,0.0,0.0,0.055878361410702924,0.054616085707746495,0.0,0.0
2021-03-11,1011911988.6477005,382024631.6477005,0.0,629887357.0,0.622472471980265,Bull,1.0,0.0,0.0,0.0,0.4911552215763239,0.0,0.0,0.0662243364559354,0.0650929139480056,0.0,0.0,0.7790111057631013,0.0,0.0,0.11175672282140585,0.10923217141549299,0.0,0.0
2021-03-12,1014146695.431643,179350743.7316429,0.0,834795951.7,0.8231510840201404,Bull,1.0,0.0,0.0,0.0,0.6446286860124812,0.0,0.0,0.08996913406217377,0.08855326394548532,0.0,0.0,0.7790111057631013,0.0,0.0,0.11175672282140585,0.10923217141549299,0.0,0.0
2021-03-15,1015882781.5593148,44861500.0593149,0.0,971021281.5,0.9558398853945971,Bull,1.0,0.0,0.0,0.0,0.7469562387259483,0.0,0.0,0.10530673611358354,0.10357691055506521,0.0,0.0,0.7790111057631013,0.0,0.0,0.11175672282140585,0.10923217141549299,0.0,0.0
2021-03-16,1023266413.7663094,11408017.666309407,0.0,1011858396.1,0.9888513709500929,Bull,1.0,0.0,0.0,0.0,0.7719487666878483,0.0,0.0,0.10962961208420881,0.10727299217803575,0.0,0.0,0.7790111057631013,0.0,0.0,0.11175672282140585,0.10923217141549299,0.0,0.0
2021-03-17,1018512814.0663093,11408017.666309407,0.0,1007104796.4,0.9887993381047765,Bull,1.0,0.0,0.0,0.0,0.7718350574908134,0.0,0.0,0.11010632213086612,0.10685795848309701,0.0,0.0,0.7790111057631013,0.0,0.0,0.11175672282140585,0.10923217141549299,0.0,0.0
2021-03-18,1020232385.5663093,11408017.666309407,0.0,1008824367.9,0.9888182164890041,Bull,1.0,0.0,0.0,0.0,0.7713489387647481,0.0,0.0,0.11023498331468168,0.10723429440957437,0.0,0.0,0.7790111057631013,0.0,0.0,0.11175672282140585,0.10923217141549299,0.0,0.0
2021-03-19,1009160993.8663094,11408017.666309407,0.0,997752976.2,0.9886955424004223,Bull,1.0,0.0,0.0,0.0,0.771001932227947,0.0,0.0,0.11097049993079272,0.1067231102416825,0.0,0.0,0.7790111057631013,0.0,0.0,0.11175672282140585,0.10923217141549299,0.0,0.0
2021-03-22,1012965813.8663094,11408017.666309407,0.0,1001557796.2,0.9887380032868365,Bull,1.0,0.0,0.0,0.0,0.7715936564697877,0.0,0.0,0.11034172967139408,0.10680261714565474,0.0,0.0,0.7790111057631013,0.0,0.0,0.11175672282140585,0.10923217141549299,0.0,0.0
2021-03-23,1016992218.4663093,11408017.666309407,0.0,1005584200.8,0.9887825909980773,Bull,1.0,0.0,0.0,0.0,0.7723483882546747,0.0,0.0,0.10989494115160964,0.10653926159179297,0.0,0.0,0.7790111057631013,0.0,0.0,0.11175672282140585,0.10923217141549299,0.0,0.0
2021-03-24,1016162845.9663093,11408017.666309407,0.0,1004754828.3,0.9887734355653783,Bull,0.5,0.0,0.0,0.0,0.7736342963340979,0.0,0.0,0.1101889332447728,0.10495020598650764,0.0,0.0,0.38950555288155064,0.0,0.0,0.055878361410702924,0.054616085707746495,0.0,0.0
2021-03-25,1020026714.3527232,213463511.0527233,0.0,806563203.3,0.7907275289469448,Bull,0.5,0.0,0.0,0.0,0.6184233161974498,0.0,0.0,0.08796191191613614,0.08434230083335888,0.0,0.0,0.38950555288155064,0.0,0.0,0.055878361410702924,0.054616085707746495,0.0,0.0
2021-03-26,1022811062.8706522,407739373.1706522,0.0,615071689.6999999,0.6013541621007904,Bull,0.5,0.0,0.0,0.0,0.4704119921714679,0.0,0.0,0.06605345058586237,0.06488871934346023,0.0,0.0,0.38950555288155064,0.0,0.0,0.055878361410702924,0.054616085707746495,0.0,0.0
2021-03-29,1027324847.0794938,485151264.1794937,0.0,542173582.9,0.5277528178563046,Bull,1.0,0.0,0.0,0.0,0.4117708085252481,0.0,0.0,0.058496589633590244,0.05748541969746621,0.0,0.0,0.7790111057631013,0.0,0.0,0.11175672282140585,0.10923217141549299,0.0,0.0
2021-03-30,1027903906.4342544,279629821.8342543,0.0,748274084.6,0.727961125467189,Bull,1.0,0.0,0.0,0.0,0.5675230738480632,0.0,0.0,0.0808471487264606,0.07959090289266524,0.0,0.0,0.7790111057631013,0.0,0.0,0.11175672282140585,0.10923217141549299,0.0,0.0
2021-03-31,1028232575.8343098,74179926.33430986,0.0,954052649.5,0.9278568603274214,Bull,1.0,0.0,0.0,0.0,0.7241821228001921,0.0,0.0,0.10329034743314162,0.10038439009408773,0.0,0.0,0.7790111057631013,0.0,0.0,0.11175672282140585,0.10923217141549299,0.0,0.0
2021-04-01,1026024982.151626,18689765.251625996,0.0,1007335216.9,0.9817842980660835,Bull,1.0,0.0,0.0,0.0,0.764077415791564,0.0,0.0,0.10974459877562695,0.10796228349889253,0.0,0.0,0.7790111057631013,0.0,0.0,0.11175672282140585,0.10923217141549299,0.0,0.0
2021-04-06,1028194541.4516261,18689765.251625996,0.0,1009504776.2,0.9818227344163495,Bull,1.0,0.0,0.0,0.0,0.7621470885204734,0.0,0.0,0.11043328419123113,0.10924236170464487,0.0,0.0,0.7790111057631013,0.0,0.0,0.11175672282140585,0.10923217141549299,0.0,0.0
2021-04-07,1029288482.8626419,4762763.762641869,0.0,1024525719.1,0.995372761046159,Bull,1.0,0.0,0.0,0.0,0.7746243471825585,0.0,0.0,0.11150323928701325,0.1092451745765873,0.0,0.0,0.7790111057631013,0.0,0.0,0.11175672282140585,0.10923217141549299,0.0,0.0
2021-04-08,1024478041.4626418,4762763.762641869,0.0,1019715277.6999999,0.9953510338241686,Bull,1.0,0.0,0.0,0.0,0.7742023211816421,0.0,0.0,0.11103215041837279,0.11011656222415359,0.0,0.0,0.7790111057631013,0.0,0.0,0.11175672282140585,0.10923217141549299,0.0,0.0
2021-04-09,1022389499.062642,4762763.762641869,0.0,1017626735.3000001,0.9953415368927316,Bull,1.0,0.0,0.0,0.0,0.7734171135608972,0.0,0.0,0.11182235352066662,0.1101020698111679,0.0,0.0,0.7790111057631013,0.0,0.0,0.11175672282140585,0.10923217141549299,0.0,0.0
2021-04-12,1024464412.962642,4762763.762641869,0.0,1019701649.2,0.995350971978745,Bull,1.0,0.0,0.0,0.0,0.7749255505168531,0.0,0.0,0.11118355948607617,0.10924186197581572,0.0,0.0,0.7790111057631013,0.0,0.0,0.11175672282140585,0.10923217141549299,0.0,0.0
2021-04-13,1028549910.3626419,4762763.762641869,0.0,1023787146.6,0.995369438357189,Bull,1.0,0.0,0.0,0.0,0.775202971257738,0.0,0.0,0.11135852411830625,0.10880794298114486,0.0,0.0,0.7790111057631013,0.0,0.0,0.11175672282140585,0.10923217141549299,0.0,0.0
2021-04-14,1030968208.7626419,4762763.762641869,0.0,1026205445.0,0.9953803000692348,Bull,1.0,0.0,0.0,0.0,0.7747269394064193,0.0,0.0,0.11150702710607742,0.10914633355673799,0.0,0.0,0.7790111057631013,0.0,0.0,0.11175672282140585,0.10923217141549299,0.0,0.0
2021-04-15,1037117620.562642,4762763.762641869,0.0,1032354856.8000001,0.9954076917909677,Bull,1.0,0.0,0.0,0.0,0.7745492322888181,0.0,0.0,0.11145447508382997,0.10940398441831962,0.0,0.0,0.7790111057631013,0.0,0.0,0.11175672282140585,0.10923217141549299,0.0,0.0
2021-04-16,1041439580.6626419,4762763.762641869,0.0,1036676816.9,0.9954267498075966,Bull,1.0,0.0,0.0,0.0,0.7751247714114821,0.0,0.0,0.11119531286329383,0.10910666553282078,0.0,0.0,0.7790111057631013,0.0,0.0,0.11175672282140585,0.10923217141549299,0.0,0.0
2021-04-19,1051980424.562642,4762763.762641869,0.0,1047217660.8000001,0.995472573774724,Bull,1.0,0.0,0.0,0.0,0.7767387507611779,0.0,0.0,0.11052648631588334,0.10820733669766273,0.0,0.0,0.7790111057631013,0.0,0.0,0.11175672282140585,0.10923217141549299,0.0,0.0
2021-04-20,1053773430.0626419,4762763.762641869,0.0,1049010666.3,0.9954802772334478,Bull,1.0,0.0,0.0,0.0,0.7761967069632583,0.0,0.0,0.11145393938526076,0.10782963088492879,0.0,0.0,0.7790111057631013,0.0,0.0,0.11175672282140585,0.10923217141549299,0.0,0.0
2021-04-21,1045593558.8626418,4762763.762641869,0.0,1040830795.0999999,0.9954449186088878,Bull,1.0,0.0,0.0,0.0,0.7759065539601101,0.0,0.0,0.11184068513888219,0.10769767950989564,0.0,0.0,0.7790111057631013,0.0,0.0,0.11175672282140585,0.10923217141549299,0.0,0.0
2021-04-22,1048413757.3626419,4762763.762641869,0.0,1043650993.6,0.9954571716279048,Bull,1.0,0.0,0.0,0.0,0.7764662452043929,0.0,0.0,0.11166078199363719,0.10733014442987474,0.0,0.0,0.7790111057631013,0.0,0.0,0.11175672282140585,0.10923217141549299,0.0,0.0
2021-04-23,1049119167.2626419,4762763.762641869,0.0,1044356403.5,0.9954602261485043,Bull,1.0,0.0,0.0,0.0,0.7758363672105448,0.0,0.0,0.11139363729758582,0.10823022164037369,0.0,0.0,0.7790111057631013,0.0,0.0,0.11175672282140585,0.10923217141549299,0.0,0.0
2021-04-26,1058484783.5626419,4762763.762641869,0.0,1053722019.8,0.9955003946805816,Bull,1.0,0.0,0.0,0.0,0.776338056588953,0.0,0.0,0.11030937979760766,0.10885295829402089,0.0,0.0,0.7790111057631013,0.0,0.0,0.11175672282140585,0.10923217141549299,0.0,0.0
2021-04-27,1054647485.0626419,4762763.762641869,0.0,1049884721.3,0.9954840230218166,Bull,1.0,0.0,0.0,0.0,0.7757825556767942,0.0,0.0,0.11041376540435545,0.10928770194066695,0.0,0.0,0.7790111057631013,0.0,0.0,0.11175672282140585,0.10923217141549299,0.0,0.0
2021-04-28,1051552695.962642,4762763.762641869,0.0,1046789932.2,0.9954707322030287,Bull,1.0,0.0,0.0,0.0,0.776299975582965,0.0,0.0,0.11022100979342422,0.10894974682663944,0.0,0.0,0.7790111057631013,0.0,0.0,0.11175672282140585,0.10923217141549299,0.0,0.0
2021-04-29,1048363754.5626419,4762763.762641869,0.0,1043600990.8,0.9954569549529793,Bull,1.0,0.0,0.0,0.0,0.7756345898654519,0.0,0.0,0.11038554079760036,0.109436824289927,0.0,0.0,0.7790111057631013,0.0,0.0,0.11175672282140585,0.10923217141549299,0.0,0.0
2021-05-03,1037552273.3626419,4762763.762641869,0.0,1032789509.6,0.9954096156069264,Bull,1.0,0.0,0.0,0.0,0.7759544557603282,0.0,0.0,0.11072618021226777,0.1087289796343305,0.0,0.0,0.7790111057631013,0.0,0.0,0.11175672282140585,0.10923217141549299,0.0,0.0
2021-05-04,1030857054.462642,4762763.762641869,0.0,1026094290.7,0.995379801940508,Bull,1.0,0.0,0.0,0.0,0.7761409666222496,0.0,0.0,0.11075357102689114,0.10848526429136719,0.0,0.0,0.7790111057631013,0.0,0.0,0.11175672282140585,0.10923217141549299,0.0,0.0
2021-05-05,1027391714.7626419,4762763.762641869,0.0,1022628951.0,0.9953642182487891,Bull,1.0,0.0,0.0,0.0,0.7764461592765479,0.0,0.0,0.11109939700688587,0.10781866196535528,0.0,0.0,0.7790111057631013,0.0,0.0,0.11175672282140585,0.10923217141549299,0.0,0.0
2021-05-06,1036403638.1626419,4762763.762641869,0.0,1031640874.4,0.9954045281324123,Bull,1.0,0.0,0.0,0.0,0.7763584039770918,0.0,0.0,0.1112201807824134,0.10782594337290716,0.0,0.0,0.7790111057631013,0.0,0.0,0.11175672282140585,0.10923217141549299,0.0,0.0
2021-05-07,1047467893.5626419,4762763.762641869,0.0,1042705129.8,0.9954530694526179,Bull,1.0,0.0,0.0,0.0,0.7761498321775344,0.0,0.0,0.11070764145866879,0.10859559581641474,0.0,0.0,0.7790111057631013,0.0,0.0,0.11175672282140585,0.10923217141549299,0.0,0.0
2021-05-10,1056666425.3626419,4762763.762641869,0.0,1051903661.6,0.9954926515612461,Bull,1.0,0.0,0.0,0.0,0.7784438322791449,0.0,0.0,0.11013220180631882,0.10691661747578242,0.0,0.0,0.7790111057631013,0.0,0.0,0.11175672282140585,0.10923217141549299,0.0,0.0
2021-05-11,1037416209.7626419,4762763.762641869,0.0,1032653446.0,0.9954090135494108,Bull,1.0,0.0,0.0,0.0,0.7782788994445449,0.0,0.0,0.112319721731223,0.10481039237364297,0.0,0.0,0.784258329322326,0.0,0.0,0.1338175421160544,0.08192412856161974,0.0,0.0
2021-05-12,1001229175.5385123,1286779.4385123684,0.0,999942396.1,0.998714800297524,Sideways,0.5,0.0,0.0,0.0,0.7804421956438917,0.0,0.0,0.1300009060662789,0.0882716985873535,0.0,0.0,0.392129164661163,0.0,0.0,0.0669087710580272,0.04096206428080987,0.0,0.0
2021-05-13,992406263.9867436,198280012.08674362,0.0,794126251.9,0.8002027805727432,Sideways,0.5,0.0,0.0,0.0,0.6266998450831098,0.0,0.0,0.10451153299188108,0.06899140249775225,0.0,0.0,0.392129164661163,0.0,0.0,0.0669087710580272,0.04096206428080987,0.0,0.0
2021-05-14,1002129899.5479468,396245644.84794676,0.0,605884254.7,0.6045965248350637,Sideways,0.5,0.0,0.0,0.0,0.47343289020117735,0.0,0.0,0.08072266882416236,0.05044096580972386,0.0,0.0,0.392129164661163,0.0,0.0,0.0669087710580272,0.04096206428080987,0.0,0.0
2021-05-17,985965111.0726247,471102836.6726247,0.0,514862274.40000004,0.5221911694622591,Sideways,0.5,0.0,0.0,0.0,0.4077922939510425,0.0,0.0,0.07116154437114958,0.04323733114006698,0.0,0.0,0.392129164661163,0.0,0.0,0.0669087710580272,0.04096206428080987,0.0,0.0
2021-05-18,1002591248.5019865,487311022.80198646,0.0,515280225.70000005,0.5139484575293289,Sideways,0.5,0.0,0.0,0.0,0.40379948090001494,0.0,0.0,0.06739456393715582,0.042754412692158135,0.0,0.0,0.392129164661163,0.0,0.0,0.0669087710580272,0.04096206428080987,0.0,0.0
2021-05-19,996372803.0019865,487311022.80198646,0.0,509061780.2,0.5109149694434053,Sideways,0.5,0.0,0.0,0.0,0.40069056381018464,0.0,0.0,0.0674958206379966,0.04272858499522404,0.0,0.0,0.392129164661163,0.0,0.0,0.0669087710580272,0.04096206428080987,0.0,0.0
2021-05-20,994522123.7019866,487311022.80198646,0.0,507211100.90000004,0.51000484434873,Sideways,0.5,0.0,0.0,0.0,0.39954857858855525,0.0,0.0,0.06794137444472521,0.04251489131544952,0.0,0.0,0.392129164661163,0.0,0.0,0.0669087710580272,0.04096206428080987,0.0,0.0
2021-05-21,1001358212.1019864,487311022.80198646,0.0,514047189.3,0.5133499511837482,Sideways,0.5,0.0,0.0,0.0,0.40257690447636,0.0,0.0,0.0679498097460752,0.04282323696131291,0.0,0.0,0.392129164661163,0.0,0.0,0.0669087710580272,0.04096206428080987,0.0,0.0
2021-05-24,998695705.3019865,487311022.80198646,0.0,511384682.49999994,0.5120525499259727,Sideways,0.5,0.0,0.0,0.0,0.40175388796598027,0.0,0.0,0.06742614356155484,0.04287251839843757,0.0,0.0,0.392129164661163,0.0,0.0,0.0669087710580272,0.04096206428080987,0.0,0.0
2021-05-25,1000752112.6019864,487311022.80198646,0.0,513441089.8,0.513055214507654,Sideways,1.0,0.0,0.0,0.0,0.40190920881919273,0.0,0.0,0.06763313226890874,0.04351287341955252,0.0,0.0,0.784258329322326,0.0,0.0,0.1338175421160544,0.08192412856161974,0.0,0.0
2021-05-26,1000418771.15295,287154041.75295,0.0,713264729.4,0.7129661597392716,Sideways,1.0,0.0,0.0,0.0,0.5595078236635997,0.0,0.0,0.09416866487963658,0.059289671196035204,0.0,0.0,0.784258329322326,0.0,0.0,0.1338175421160544,0.08192412856161974,0.0,0.0
2021-05-27,998716808.366951,87790034.06695093,0.0,910926774.3000001,0.9120971697567596,Sideways,1.0,0.0,0.0,0.0,0.716667796420042,0.0,0.0,0.12081272587901379,0.0746166474577039,0.0,0.0,0.784258329322326,0.0,0.0,0.1338175421160544,0.08192412856161974,0.0,0.0
2021-05-28,1006444815.2604127,22016703.760412693,0.0,984428111.5,0.978124281205904,Sideways,1.0,0.0,0.0,0.0,0.7667587927315481,0.0,0.0,0.13067711016621414,0.08068837830814174,0.0,0.0,0.784258329322326,0.0,0.0,0.1338175421160544,0.08192412856161974,0.0,0.0
2021-05-31,1011211537.4635404,5848919.163540445,0.0,1005362618.3,0.9942159291633366,Sideways,1.0,0.0,0.0,0.0,0.7796408457497701,0.0,0.0,0.13268479940067696,0.08189028401288952,0.0,0.0,0.784258329322326,0.0,0.0,0.1338175421160544,0.08192412856161974,0.0,0.0
2021-06-01,1013523029.3635405,5848919.163540445,0.0,1007674110.2,0.9942291206079319,Sideways,1.0,0.0,0.0,0.0,0.7798709918770729,0.0,0.0,0.13229704320009553,0.08206108553076348,0.0,0.0,0.784258329322326,0.0,0.0,0.1338175421160544,0.08192412856161974,0.0,0.0
2021-06-02,1018223420.7635405,5848919.163540445,0.0,1012374501.6,0.9942557605293006,Sideways,1.0,0.0,0.0,0.0,0.7800053361613253,0.0,0.0,0.13256815473639258,0.0816822696315827,0.0,0.0,0.784258329322326,0.0,0.0,0.1338175421160544,0.08192412856161974,0.0,0.0
2021-06-03,1018331223.5635405,5848919.163540445,0.0,1012482304.4,0.9942563686272206,Sideways,1.0,0.0,0.0,0.0,0.7801117023791536,0.0,0.0,0.13253035640773414,0.0816143098403328,0.0,0.0,0.784258329322326,0.0,0.0,0.1338175421160544,0.08192412856161974,0.0,0.0
2021-06-04,1015537862.9635404,5848919.163540445,0.0,1009688943.8,0.9942405700694682,Sideways,1.0,0.0,0.0,0.0,0.7795638869531962,0.0,0.0,0.13322447634319007,0.08145220677308189,0.0,0.0,0.784258329322326,0.0,0.0,0.1338175421160544,0.08192412856161974,0.0,0.0
2021-06-07,1013667674.3635405,5848919.163540445,0.0,1007818755.2,0.9942299440818088,Sideways,1.0,0.0,0.0,0.0,0.7788873761765465,0.0,0.0,0.13353153446960556,0.08181103343565672,0.0,0.0,0.784258329322326,0.0,0.0,0.1338175421160544,0.08192412856161974,0.0,0.0
2021-06-08,1017977268.5635405,5848919.163540445,0.0,1012128349.4,0.9942543715423098,Sideways,1.0,0.0,0.0,0.0,0.7795143112770492,0.0,0.0,0.13375003961741358,0.08099002064784697,0.0,0.0,0.784258329322326,0.0,0.0,0.1338175421160544,0.08192412856161974,0.0,0.0
2021-06-09,1011661206.1635405,5848919.163540445,0.0,1005812287.0,0.9942185000987426,Sideways,1.0,0.0,0.0,0.0,0.7788992818932097,0.0,0.0,0.13442059374372886,0.08089862446180407,0.0,0.0,0.784258329322326,0.0,0.0,0.1338175421160544,0.08192412856161974,0.0,0.0
2021-06-10,1015863598.5635405,5848919.163540445,0.0,1010014679.4,0.9942424168246494,Bull,1.0,0.0,0.0,0.0,0.7779259740357457,0.0,0.0,0.13450388437306876,0.08181255841583499,0.0,0.0,0.784258329322326,0.0,0.0,0.1338175421160544,0.08192412856161974,0.0,0.0
2021-06-11,1017584403.6635405,5848919.163540445,0.0,1011735484.5,0.994252153293149,Bull,1.0,0.0,0.0,0.0,0.7780047351843721,0.0,0.0,0.13427642906875623,0.08197098904002062,0.0,0.0,0.784258329322326,0.0,0.0,0.1338175421160544,0.08192412856161974,0.0,0.0
2021-06-15,1017888396.5635406,5848919.163540445,0.0,1012039477.4000001,0.9942538698905629,Bull,1.0,0.0,0.0,0.0,0.7781006052077136,0.0,0.0,0.1337617173549347,0.08239154732791454,0.0,0.0,0.784258329322326,0.0,0.0,0.1338175421160544,0.08192412856161974,0.0,0.0
2021-06-16,1020558926.8635405,5848919.163540445,0.0,1014710007.7,0.9942689059792796,Bull,1.0,0.0,0.0,0.0,0.778302738619038,0.0,0.0,0.13387899160306796,0.08208717575717367,0.0,0.0,0.784258329322326,0.0,0.0,0.1338175421160544,0.08192412856161974,0.0,0.0
2021-06-17,1017677134.4635406,5848919.163540445,0.0,1011828215.3000001,0.9942526770372769,Bull,1.0,0.0,0.0,0.0,0.7784419915434208,0.0,0.0,0.1337284639609594,0.08208222153289686,0.0,0.0,0.784258329322326,0.0,0.0,0.1338175421160544,0.08192412856161974,0.0,0.0
2021-06-18,1007282777.3635405,5848919.163540445,0.0,1001433858.2,0.9941933692355494,Bull,1.0,0.0,0.0,0.0,0.7778477660967897,0.0,0.0,0.1335962482672652,0.0827493548714943,0.0,0.0,0.784258329322326,0.0,0.0,0.1338175421160544,0.08192412856161974,0.0,0.0
2021-06-21,1007816040.7635405,5848919.163540445,0.0,1001967121.6,0.9941964416848245,Bull,1.0,0.0,0.0,0.0,0.779795805794671,0.0,0.0,0.13367280788459707,0.08072782800555649,0.0,0.0,0.784258329322326,0.0,0.0,0.1338175421160544,0.08192412856161974,0.0,0.0
2021-06-22,1010601870.5635405,5848919.163540445,0.0,1004752951.4,0.9942124398005725,Bull,1.0,0.0,0.0,0.0,0.7798412751408503,0.0,0.0,0.13377622181187107,0.08059494284785114,0.0,0.0,0.784258329322326,0.0,0.0,0.1338175421160544,0.08192412856161974,0.0,0.0
2021-06-23,1015553797.0635405,5848919.163540445,0.0,1009704877.9,0.9942406604352694,Bull,1.0,0.0,0.0,0.0,0.7790517648475679,0.0,0.0,0.13367849186575984,0.08151040372194167,0.0,0.0,0.784258329322326,0.0,0.0,0.1338175421160544,0.08192412856161974,0.0,0.0
2021-06-24,1015797361.9635406,5848919.163540445,0.0,1009948442.8000001,0.9942420413927493,Bull,1.0,0.0,0.0,0.0,0.7794155334973366,0.0,0.0,0.13354376087153977,0.08128274702387298,0.0,0.0,0.784258329322326,0.0,0.0,0.1338175421160544,0.08192412856161974,0.0,0.0
2021-06-25,1022107483.6635405,5848919.163540445,0.0,1016258564.5,0.9942775889453659,Bull,1.0,0.0,0.0,0.0,0.7802001034584987,0.0,0.0,0.13314881475302767,0.0809286707338396,0.0,0.0,0.784258329322326,0.0,0.0,0.1338175421160544,0.08192412856161974,0.0,0.0
2021-06-28,1024594440.4635406,5848919.163540445,0.0,1018745521.3000001,0.9942914787231382,Bull,1.0,0.0,0.0,0.0,0.7811965297585294,0.0,0.0,0.13221533774740454,0.08087961121720416,0.0,0.0,0.784258329322326,0.0,0.0,0.1338175421160544,0.08192412856161974,0.0,0.0
2021-06-29,1020890352.3635404,5848919.163540445,0.0,1015041433.1999999,0.9942707665421666,Bull,1.0,0.0,0.0,0.0,0.7800206274419086,0.0,0.0,0.13284041688319054,0.08140972221706752,0.0,0.0,0.784258329322326,0.0,0.0,0.1338175421160544,0.08192412856161974,0.0,0.0
2021-06-30,1023489210.6635405,5848919.163540445,0.0,1017640291.5,0.9942853142929093,Bull,1.0,0.0,0.0,0.0,0.7802308839018295,0.0,0.0,0.1320547384299013,0.08199969196117846,0.0,0.0,0.784258329322326,0.0,0.0,0.1338175421160544,0.08192412856161974,0.0,0.0
2021-07-01,1019366056.6635405,5848919.163540445,0.0,1013517137.5,0.9942621994078512,Bull,1.0,0.0,0.0,0.0,0.7799512572571582,0.0,0.0,0.13236471738290906,0.08194622476778388,0.0,0.0,0.784258329322326,0.0,0.0,0.1338175421160544,0.08192412856161974,0.0,0.0
2021-07-02,1017663760.9635404,5848919.163540445,0.0,1011814841.8,0.994252601509557,Bull,1.0,0.0,0.0,0.0,0.7792976150090234,0.0,0.0,0.1328716862944719,0.0820833002060616,0.0,0.0,0.784258329322326,0.0,0.0,0.1338175421160544,0.08192412856161974,0.0,0.0
2021-07-05,1025506654.1635405,5848919.163540445,0.0,1019657735.0,0.9942965565949339,Bull,1.0,0.0,0.0,0.0,0.779428423750171,0.0,0.0,0.1326469208636718,0.08222121198109116,0.0,0.0,0.784258329322326,0.0,0.0,0.1338175421160544,0.08192412856161974,0.0,0.0
2021-07-06,1028807738.9635406,5848919.163540445,0.0,1022958819.8000001,0.9943148569533187,Bull,1.0,0.0,0.0,0.0,0.7806558887369163,0.0,0.0,0.13161351229376644,0.08204545592263603,0.0,0.0,0.784258329322326,0.0,0.0,0.1338175421160544,0.08192412856161974,0.0,0.0
2021-07-07,1027864808.1635405,5848919.163540445,0.0,1022015889.0,0.9943096415821545,Bull,1.0,0.0,0.0,0.0,0.7806905953261565,0.0,0.0,0.13193904385373473,0.0816800024022634,0.0,0.0,0.784258329322326,0.0,0.0,0.1338175421160544,0.08192412856161974,0.0,0.0
2021-07-08,1027094005.3635404,5848919.163540445,0.0,1021245086.1999999,0.9943053711413005,Bull,1.0,0.0,0.0,0.0,0.7805537584811792,0.0,0.0,0.13209852193809354,0.08165309072202773,0.0,0.0,0.784258329322326,0.0,0.0,0.1338175421160544,0.08192412856161974,0.0,0.0
2021-07-09,1030307234.6635405,5848919.163540445,0.0,1024458315.5,0.9943231310362967,Bull,1.0,0.0,0.0,0.0,0.7812760974767567,0.0,0.0,0.13229345132620698,0.08075358223333287,0.0,0.0,0.784258329322326,0.0,0.0,0.1338175421160544,0.08192412856161974,0.0,0.0
2021-07-12,1029989618.1635405,5848919.163540445,0.0,1024140699.0,0.9943213804679225,Bull,1.0,0.0,0.0,0.0,0.7815089441728641,0.0,0.0,0.1313009350920729,0.08151150120298549,0.0,0.0,0.784258329322326,0.0,0.0,0.1338175421160544,0.08192412856161974,0.0,0.0
2021-07-13,1037223501.9635406,5848919.163540445,0.0,1031374582.8000001,0.9943609847323475,Bull,1.0,0.0,0.0,0.0,0.7813968554180422,0.0,0.0,0.13135143943623157,0.0816126898780737,0.0,0.0,0.784258329322326,0.0,0.0,0.1338175421160544,0.08192412856161974,0.0,0.0
2021-07-14,1038251338.8635404,5848919.163540445,0.0,1032402419.6999999,0.9943665671840668,Bull,1.0,0.0,0.0,0.0,0.781732023180829,0.0,0.0,0.1308990365943197,0.08173550740891805,0.0,0.0,0.784258329322326,0.0,0.0,0.1338175421160544,0.08192412856161974,0.0,0.0
2021-07-15,1038840335.5635405,5848919.163540445,0.0,1032991416.4,0.9943697612007262,Bull,1.0,0.0,0.0,0.0,0.7810401547027458,0.0,0.0,0.13088459828260446,0.08244500821537595,0.0,0.0,0.784258329322326,0.0,0.0,0.1338175421160544,0.08192412856161974,0.0,0.0
2021-07-16,1040636558.7635405,5848919.163540445,0.0,1034787639.6,0.9943794794500685,Bull,1.0,0.0,0.0,0.0,0.7823842365939809,0.0,0.0,0.13079532796899151,0.08119991488709603,0.0,0.0,0.784258329322326,0.0,0.0,0.1338175421160544,0.08192412856161974,0.0,0.0
2021-07-19,1041239548.3635405,5848919.163540445,0.0,1035390629.2,0.9943827343355015,Bull,1.0,0.0,0.0,0.0,0.7832362211767065,0.0,0.0,0.13092174631116166,0.08022476684763326,0.0,0.0,0.784258329322326,0.0,0.0,0.1338175421160544,0.08192412856161974,0.0,0.0
2021-07-20,1033806730.4635404,5848919.163540445,0.0,1027957811.3,0.9943423475673079,Bull,1.0,0.0,0.0,0.0,0.7825841015150294,0.0,0.0,0.13159935604114165,0.08015889001113691,0.0,0.0,0.784258329322326,0.0,0.0,0.1338175421160544,0.08192412856161974,0.0,0.0
2021-07-21,1038608790.0635405,5848919.163540445,211400.0,1032548470.9,0.9941649644972004,Bull,1.0,0.0,0.0,0.0,0.783414100366146,0.0,0.0,0.13125336633407475,0.07949749779697965,0.0,0.0,0.784258329322326,0.0,0.0,0.1338175421160544,0.08192412856161974,0.0,0.0
2021-07-22,1047145966.2635404,5848919.163540445,211400.0,1041085647.0999999,0.9942125364000922,Bull,1.0,0.0,0.0,0.0,0.7839713598184188,0.0,0.0,0.13084384070054028,0.07939733588113311,0.0,0.0,0.784258329322326,0.0,0.0,0.1338175421160544,0.08192412856161974,0.0,0.0
2021-07-23,1048186949.8635405,5848919.163540445,2229650.0,1040108380.7,0.9922928165013004,Bull,1.0,0.0,0.0,0.0,0.7845691847308937,0.0,0.0,0.1284051475908206,0.07931848417958624,0.0,0.0,0.784258329322326,0.0,0.0,0.1338175421160544,0.08192412856161974,0.0,0.0
2021-07-26,1044064261.2635405,5848919.163540445,2229650.0,1035985692.1,0.9922623832044939,Bull,1.0,0.0,0.0,0.0,0.7849117362835811,0.0,0.0,0.12841316858958926,0.07893747833132349,0.0,0.0,0.784258329322326,0.0,0.0,0.1338175421160544,0.08192412856161974,0.0,0.0
2021-07-27,1046034256.9635404,5848919.163540445,2229650.0,1037955687.8,0.9922769554536472,Bull,1.0,0.0,0.0,0.0,0.7851634708256278,0.0,0.0,0.12835354015053038,0.07875994447748909,0.0,0.0,0.784258329322326,0.0,0.0,0.1338175421160544,0.08192412856161974,0.0,0.0
2021-07-28,1043772664.0635406,5848919.163540445,2229650.0,1035694094.9000001,0.9922602215581221,Bull,1.0,0.0,0.0,0.0,0.7858421887642645,0.0,0.0,0.1287315759706659,0.07768645682319168,0.0,0.0,0.784258329322326,0.0,0.0,0.1338175421160544,0.08192412856161974,0.0,0.0
2021-07-29,1047250219.0635405,5848919.163540445,2229650.0,1039171649.9,0.992285922679716,Bull,1.0,0.0,0.0,0.0,0.7847771573014442,0.0,0.0,0.12878259421191593,0.0787261711663559,0.0,0.0,0.784258329322326,0.0,0.0,0.1338175421160544,0.08192412856161974,0.0,0.0
2021-07-30,1042204400.1635405,5848919.163540445,2229650.0,1034125831.0,0.9922485750757982,Bull,1.0,0.0,0.0,0.0,0.7848556683042639,0.0,0.0,0.1285463772547664,0.07884652951676792,0.0,0.0,0.784258329322326,0.0,0.0,0.1338175421160544,0.08192412856161974,0.0,0.0
2021-08-02,1052126651.1635405,5848919.163540445,2229650.0,1044048082.0,0.9923216761455416,Bull,1.0,0.0,0.0,0.0,0.7842396930897106,0.0,0.0,0.12891698908111476,0.07916499397471619,0.0,0.0,0.784258329322326,0.0,0.0,0.1338175421160544,0.08192412856161974,0.0,0.0
2021-08-03,1054672284.7635404,5848919.163540445,2229650.0,1046593715.5999999,0.9923402091054742,Bull,1.0,0.0,0.0,0.0,0.7838885382157907,0.0,0.0,0.12916277593332395,0.07928889495635948,0.0,0.0,0.784258329322326,0.0,0.0,0.1338175421160544,0.08192412856161974,0.0,0.0
2021-08-04,1057231815.0635405,5848919.163540445,2229650.0,1049153245.9,0.9923587532569147,Bull,1.0,0.0,0.0,0.0,0.7834578321408334,0.0,0.0,0.12934693985895726,0.07955398125712392,0.0,0.0,0.784258329322326,0.0,0.0,0.1338175421160544,0.08192412856161974,0.0,0.0
2021-08-05,1062623236.7635405,5848919.163540445,2229650.0,1054544667.6,0.9923975225799263,Bull,1.0,0.0,0.0,0.0,0.7838308431282162,0.0,0.0,0.12955843165947567,0.07900824779223442,0.0,0.0,0.784258329322326,0.0,0.0,0.1338175421160544,0.08192412856161974,0.0,0.0
2021-08-06,1060480337.7635405,5848919.163540445,2229650.0,1052401768.6,0.9923821603514333,Bull,1.0,0.0,0.0,0.0,0.7841561403710072,0.0,0.0,0.12917203188216392,0.0790539880982622,0.0,0.0,0.784258329322326,0.0,0.0,0.1338175421160544,0.08192412856161974,0.0,0.0
2021-08-09,1058441428.8635405,5848919.163540445,2229650.0,1050362859.7,0.9923674858681463,Bull,1.0,0.0,0.0,0.0,0.7843663683794017,0.0,0.0,0.1290231053659998,0.07897801212274477,0.0,0.0,0.784258329322326,0.0,0.0,0.1338175421160544,0.08192412856161974,0.0,0.0
2021-08-10,1055860171.0635405,5848919.163540445,2229650.0,1047781601.9,0.9923488266865838,Bull,1.0,0.0,0.0,0.0,0.7838753886002886,0.0,0.0,0.1297313827663614,0.07874205531993374,0.0,0.0,0.784258329322326,0.0,0.0,0.1338175421160544,0.08192412856161974,0.0,0.0
2021-08-11,1060394992.7635405,5848919.163540445,19244409.4,1035301664.2,0.9763358666017993,Bull,1.0,0.0,0.0,0.0,0.7688346038633156,0.0,0.0,0.12935227055583293,0.07814899218265083,0.0,0.0,0.784258329322326,0.0,0.0,0.1338175421160544,0.08192412856161974,0.0,0.0
2021-08-12,1055344986.36321,603619.1632099454,25036689.4,1029704677.8000001,0.9757043347014248,Bull,1.0,0.0,0.0,0.0,0.7624535466576513,0.0,0.0,0.13214579289430892,0.08110499514946466,0.0,0.0,0.784258329322326,0.0,0.0,0.1338175421160544,0.08192412856161974,0.0,0.0
2021-08-13,1050408348.7576239,56478.557623945526,25036689.4,1025315180.8,0.9761110353061235,Bull,1.0,0.0,0.0,0.0,0.7627485365549698,0.0,0.0,0.13213327956138127,0.08122921918977247,0.0,0.0,0.784258329322326,0.0,0.0,0.1338175421160544,0.08192412856161974,0.0,0.0
2021-08-16,1045347889.157624,56478.557623945526,25036689.4,1020254721.2,0.9759953904170172,Bull,1.0,0.0,0.0,0.0,0.7623720098025969,0.0,0.0,0.1321814502455699,0.08144193036885043,0.0,0.0,0.784258329322326,0.0,0.0,0.1338175421160544,0.08192412856161974,0.0,0.0
2021-08-17,1050063308.057624,56478.557623945526,25036689.4,1024970140.1,0.9761031856221692,Bull,1.0,0.0,0.0,0.0,0.7640381146009657,0.0,0.0,0.1315878756449391,0.08047719537626448,0.0,0.0,0.784258329322326,0.0,0.0,0.1338175421160544,0.08192412856161974,0.0,0.0
2021-08-18,1049470489.8576239,56478.557623945526,25036689.4,1024377321.9,0.9760896869420043,Bull,1.0,0.0,0.0,0.0,0.7635160108300962,0.0,0.0,0.13172137886292923,0.0808522972489788,0.0,0.0,0.784258329322326,0.0,0.0,0.1338175421160544,0.08192412856161974,0.0,0.0
2021-08-19,1040717446.7576239,2074728.5576239456,23018439.4,1015624278.8,0.9758885872089469,Bull,1.0,2018250.0,0.0,0.0,0.7649779306384707,0.0,0.0,0.13125195549048227,0.07965870107999387,0.0,0.0,0.784258329322326,0.0,0.0,0.1338175421160544,0.08192412856161974,0.0,0.0
2021-08-20,1042251748.7324069,221419.93240694562,23018439.4,1019011889.4,0.9777022592088032,Bull,1.0,0.0,0.0,0.0,0.767003979961894,0.0,0.0,0.13003422653387772,0.08066405271303137,0.0,0.0,0.784258329322326,0.0,0.0,0.1338175421160544,0.08192412856161974,0.0,0.0
2021-08-23,1043262555.092407,221419.93240694562,24875836.36,1018165298.8000001,0.9759434898052256,Bull,1.0,0.0,0.0,0.0,0.7653591561419316,0.0,0.0,0.12777962685356062,0.0828047068097333,0.0,0.0,0.784258329322326,0.0,0.0,0.1338175421160544,0.08192412856161974,0.0,0.0
2021-08-24,1054867929.616609,294929.0566089457,24664436.36,1029908564.2,0.9763388717053135,Bull,1.0,211400.0,0.0,0.0,0.7669549348173318,0.0,0.0,0.1271186621900015,0.08226527469798021,0.0,0.0,0.784258329322326,0.0,0.0,0.1338175421160544,0.08192412856161974,0.0,0.0
2021-08-25,1054835536.5865959,232643.42659594573,26675338.36,1027927554.8,0.974490827381803,Bull,1.0,0.0,0.0,0.0,0.7668276491873725,0.0,0.0,0.12485965388139696,0.08280352431303356,0.0,0.0,0.784258329322326,0.0,0.0,0.1338175421160544,0.08192412856161974,0.0,0.0
2021-08-26,1057185028.1681203,257381.00812032056,31329515.56,1025598131.6,0.9701216951370815,Bull,1.0,0.0,51713.0,0.0,0.7619045012354341,0.0,0.0,0.1256687301277904,0.08254846377385694,0.0,0.0,0.784258329322326,0.0,0.0,0.1338175421160544,0.08192412856161974,0.0,0.0
2021-08-27,1074753758.524888,225919.21488807065,31329515.56,1043198323.75,0.9706393817889986,Bull,1.0,0.0,0.0,0.0,0.7648215391013821,0.0,0.0,0.12432280319111426,0.08149503949650226,0.0,0.0,0.784258329322326,0.0,0.0,0.1338175421160544,0.08192412856161974,0.0,0.0
2021-08-30,1087790335.574888,225919.21488807065,31329515.56,1056234900.8,0.9709912528702406,Bull,1.0,0.0,0.0,0.0,0.7660594818206411,0.0,0.0,0.12362658097061376,0.08130519007898579,0.0,0.0,0.784258329322326,0.0,0.0,0.1338175421160544,0.08192412856161974,0.0,0.0
2021-08-31,1096771358.8748882,17240678.61488807,14314756.16,1065215924.1,0.9712287939327127,Bull,1.0,17014759.4,0.0,0.0,0.7664208381246472,0.0,0.0,0.12367719023876651,0.08113076556929895,0.0,0.0,0.784258329322326,0.0,0.0,0.1338175421160544,0.08192412856161974,0.0,0.0
2021-09-01,1088490792.1000884,257340.09008844174,14314756.16,1073918695.85,0.9866125681945608,Bull,1.0,0.0,0.0,0.0,0.7663886565733056,0.0,0.0,0.13434077813177683,0.08588313348947843,0.0,0.0,0.784258329322326,0.0,0.0,0.1338175421160544,0.08192412856161974,0.0,0.0
2021-09-02,1082198354.4848301,131500.2248301917,14314756.16,1067752098.1,0.986651008731475,Bull,1.0,0.0,0.0,0.0,0.7656783016404183,0.0,0.0,0.13810813829147722,0.08286456879957957,0.0,0.0,0.784258329322326,0.0,0.0,0.1338175421160544,0.08192412856161974,0.0,0.0
2021-09-03,1093532605.971,5840313.910999817,8522476.16,1079169815.9,0.9868656956431158,Bull,1.0,5792280.0,0.0,0.0,0.7667952572437854,0.0,0.0,0.13754121201209862,0.08252922638723162,0.0,0.0,0.784258329322326,0.0,0.0,0.1338175421160544,0.08192412856161974,0.0,0.0
2021-09-06,1093807514.200923,266057.09092294145,8522476.16,1085018980.95,0.991965192104807,Bull,1.0,0.0,0.0,0.0,0.7732002385884564,0.0,0.0,0.13626949720572162,0.08249545631062905,0.0,0.0,0.784258329322326,0.0,0.0,0.1338175421160544,0.08192412856161974,0.0,0.0
2021-09-07,1093329118.200923,266057.09092294145,8522476.16,1084540584.95,0.9919616764022672,Bull,1.0,0.0,0.0,0.0,0.7734629681696573,0.0,0.0,0.13634348296265303,0.08215522526995675,0.0,0.0,0.784258329322326,0.0,0.0,0.1338175421160544,0.08192412856161974,0.0,0.0
2021-09-08,1095032194.150923,266059.09092294145,8522476.16,1086243658.9,0.9919741763777663,Bull,1.0,2.0,400347.0,2.0,0.7741009930372608,0.0,0.0,0.1365683135151629,0.08130486982534253,0.0,0.0,0.784258329322326,0.0,0.0,0.1338175421160544,0.08192412856161974,0.0,0.0
2021-09-09,1088224659.1009228,266059.09092294145,8522476.16,1079436123.85,0.9919239697635744,Bull,1.0,0.0,0.0,0.0,0.7737805946666274,0.0,0.0,0.13653348024915565,0.08160989484779144,0.0,0.0,0.784258329322326,0.0,0.0,0.1338175421160544,0.08192412856161974,0.0,0.0
2021-09-10,1095321955.200923,266059.09092294145,8522476.16,1086533419.95,0.9919762995627064,Bull,1.0,0.0,0.0,0.0,0.7738152841047752,0.0,0.0,0.13612636840886577,0.08203464704906545,0.0,0.0,0.784258329322326,0.0,0.0,0.1338175421160544,0.08192412856161974,0.0,0.0
2021-09-13,1096122931.500923,266059.09092294145,8522476.16,1087334396.25,0.9919821627681041,Bull,1.0,0.0,0.0,0.0,0.7738637901576332,0.0,0.0,0.13643241620282998,0.08168595640764095,0.0,0.0,0.784258329322326,0.0,0.0,0.1338175421160544,0.08192412856161974,0.0,0.0
2021-09-14,1101119464.450923,266059.09092294145,8522476.16,1092330929.2,0.9920185451854624,Bull,1.0,0.0,0.0,0.0,0.7749803329700686,0.0,0.0,0.13563669049704338,0.08140152171835024,0.0,0.0,0.784258329322326,0.0,0.0,0.1338175421160544,0.08192412856161974,0.0,0.0
2021-09-15,1098559665.750923,4920236.290922942,3868298.96,1089771130.5,0.9919999472719441,Bull,1.0,4654177.2,0.0,0.0,0.774754441688171,0.0,0.0,0.13614408453433094,0.08110142104944212,0.0,0.0,0.784258329322326,0.0,0.0,0.1338175421160544,0.08192412856161974,0.0,0.0
2021-09-16,1101732553.717059,93553.92705881689,5812668.09,1095826331.7,0.9946391508564104,Bull,1.0,1.0,193703.0,1.0,0.7782491574812799,0.0,0.0,0.13589559416654076,0.08049439920858976,0.0,0.0,0.784258329322326,0.0,0.0,0.1338175421160544,0.08192412856161974,0.0,0.0
2021-09-17,1095147009.0170588,93553.92705881689,5812668.09,1089240787.0,0.9946069139864976,Bull,1.0,0.0,0.0,0.0,0.7769270974530385,0.0,0.0,0.13647017137374293,0.08120964515971632,0.0,0.0,0.784258329322326,0.0,0.0,0.1338175421160544,0.08192412856161974,0.0,0.0
2021-09-22,1083528795.2670588,93553.92705881689,5812668.09,1077622573.25,0.9945490862422321,Bull,1.0,0.0,0.0,0.0,0.7767228493845143,0.0,0.0,0.13767368310985498,0.08015255374786283,0.0,0.0,0.784258329322326,0.0,0.0,0.1338175421160544,0.08192412856161974,0.0,0.0
2021-09-23,1096585432.8670588,93553.92705881689,5812668.09,1090679210.85,0.994613988258428,Bull,1.0,0.0,0.0,0.0,0.7783466616170839,0.0,0.0,0.1366073226126475,0.07966000402869669,0.0,0.0,0.784258329322326,0.0,0.0,0.1338175421160544,0.08192412856161974,0.0,0.0
2021-09-24,1100444365.0170588,93553.92705881689,5812668.09,1094538143.0,0.9946328754048668,Bull,1.0,0.0,0.0,0.0,0.7777039168960925,0.0,0.0,0.13659918191109077,0.08032977659768349,0.0,0.0,0.784258329322326,0.0,0.0,0.1338175421160544,0.08192412856161974,0.0,0.0
2021-09-27,1098069643.917059,93553.92705881689,5812668.09,1092163421.9,0.9946212682867819,Bull,1.0,0.0,0.0,0.0,0.7773426090307926,0.0,0.0,0.1365733957138037,0.08070526354218548,0.0,0.0,0.784258329322326,0.0,0.0,0.1338175421160544,0.08192412856161974,0.0,0.0
2021-09-28,1098742069.467059,2104455.927058817,3801766.09,1092835847.45,0.9946245600480887,Bull,1.0,2010902.0,0.0,0.0,0.777985726772636,0.0,0.0,0.1365590743902051,0.08007975888524756,0.0,0.0,0.784258329322326,0.0,0.0,0.1338175421160544,0.08192412856161974,0.0,0.0
2021-09-29,1092810688.9152267,24840.975226817187,3801766.09,1088984081.85,0.9964983806399027,Bull,1.0,0.0,0.0,0.0,0.7783582192944528,0.0,0.0,0.13936347946155045,0.07877668188389962,0.0,0.0,0.784258329322326,0.0,0.0,0.1338175421160544,0.08192412856161974,0.0,0.0
2021-09-30,1094071571.715227,24840.975226817187,3801766.09,1090244964.65,0.9965024161452001,Bull,1.0,0.0,0.0,0.0,0.778738463439176,0.0,0.0,0.13847055706098968,0.07929339564503429,0.0,0.0,0.784258329322326,0.0,0.0,0.1338175421160544,0.08192412856161974,0.0,0.0
2021-10-01,1087893105.715227,24840.975226817187,3801766.09,1084066498.65,0.9964825523343022,Bull,1.0,0.0,0.0,0.0,0.7795258046905832,0.0,0.0,0.1390167831797881,0.07793996446393071,0.0,0.0,0.784258329322326,0.0,0.0,0.1338175421160544,0.08192412856161974,0.0,0.0
2021-10-04,1087812509.5152268,24840.975226817187,3801766.09,1083985902.45,0.9964822917260512,Bear,1.0,0.0,0.0,0.0,0.7796629888251236,0.0,0.0,0.1393390852505896,0.07748021765033786,0.0,0.0,0.7708199389054645,0.0,0.0,0.16773696467332072,0.0614430964212148,0.0,0.0
2021-10-05,1084912683.9875255,601347.5975255675,3801766.09,1080509570.3,0.9959415040928988,Bear,1.0,0.0,0.0,0.0,0.781543374701433,0.0,0.0,0.1488368625265853,0.06556126686488058,0.0,0.0,0.7595752674316661,0.0,0.0,0.19434241025242285,0.0460823223159111,0.0,0.0
2021-10-06,1087268950.9808552,8719.040855318308,3801766.09,1083458465.85,0.9964953610351719,Bear,1.0,0.0,0.0,0.0,0.7853326125791622,0.0,0.0,0.16027561519419167,0.050887133261818145,0.0,0.0,0.7595752674316661,0.0,0.0,0.19434241025242285,0.0460823223159111,0.0,0.0
2021-10-07,1094810987.9812803,24366.19128032215,3801766.09,1090984855.7,0.9965052120198983,Bull,1.0,0.0,0.0,0.0,0.780559397997759,0.0,0.0,0.1681015280449001,0.04784428597723905,0.0,0.0,0.7595752674316661,0.0,0.0,0.19434241025242285,0.0460823223159111,0.0,0.0
2021-10-08,1088630633.464368,1963832.354368077,1857396.96,1084809404.15,0.9964898752644801,Bull,1.0,1944369.1300000001,0.0,0.0,0.7745371829807123,0.0,0.0,0.1754783432761564,0.04647434900761128,0.0,0.0,0.7595752674316661,0.0,0.0,0.19434241025242285,0.0460823223159111,0.0,0.0
2021-10-12,1089941904.6831033,198663.1731033288,1857396.96,1087885844.55,0.9981136057580049,Bear,1.0,0.0,0.0,0.0,0.7724457523218042,0.0,0.0,0.1799601420564051,0.045707711379795624,0.0,0.0,0.7595752674316661,0.0,0.0,0.19434241025242285,0.0460823223159111,0.0,0.0
2021-10-13,1091564624.7331033,198663.1731033288,1857396.96,1089508564.6,0.9981164100718214,Bear,1.0,0.0,0.0,0.0,0.7730836502752492,0.0,0.0,0.17954759210699106,0.04548516768958122,0.0,0.0,0.7595752674316661,0.0,0.0,0.19434241025242285,0.0460823223159111,0.0,0.0
2021-10-14,1087840990.8831034,198663.1731033288,1857396.96,1085784930.75,0.9981099626229066,Bear,1.0,0.0,0.0,0.0,0.7734306647766424,0.0,0.0,0.17891778452106047,0.04576151332520376,0.0,0.0,0.7595752674316661,0.0,0.0,0.19434241025242285,0.0460823223159111,0.0,0.0
2021-10-15,1095875522.9393244,14492.629324330483,1857396.96,1094003633.35,0.9982918775443549,Bull,1.0,0.0,0.0,0.0,0.7672778666455853,0.0,0.0,0.18426600081219302,0.046748010086576655,0.0,0.0,0.7595752674316661,0.0,0.0,0.19434241025242285,0.0460823223159111,0.0,0.0
2021-10-18,1101696026.1893244,14492.629324330483,1857396.96,1099824136.6,0.9983009019322696,Bull,1.0,0.0,0.0,0.0,0.768837788704559,0.0,0.0,0.18309859998109404,0.046364513246616786,0.0,0.0,0.7595752674316661,0.0,0.0,0.19434241025242285,0.0460823223159111,0.0,0.0
2021-10-19,1101479031.0393245,14492.629324330483,1857396.96,1099607141.45,0.9983005672041181,Bull,1.0,0.0,0.0,0.0,0.7682118475297515,0.0,0.0,0.18333957734034273,0.046749142334023795,0.0,0.0,0.7595752674316661,0.0,0.0,0.19434241025242285,0.0460823223159111,0.0,0.0
2021-10-20,1104591946.6393244,14492.629324330483,1857396.96,1102720057.05,0.9983053564757378,Bull,1.0,0.0,0.0,0.0,0.7691428129951874,0.0,0.0,0.18266428667516127,0.04649825680538914,0.0,0.0,0.7595752674316661,0.0,0.0,0.19434241025242285,0.0460823223159111,0.0,0.0
2021-10-21,1102895611.0893245,14492.629324330483,1857396.96,1101023721.5,0.9983027499878473,Bull,1.0,0.0,0.0,0.0,0.769648562352699,0.0,0.0,0.18225487342493393,0.04639931421021441,0.0,0.0,0.7595752674316661,0.0,0.0,0.19434241025242285,0.0460823223159111,0.0,0.0
2021-10-22,1103397528.2893245,14492.629324330483,1857396.96,1101525638.7,0.9983035220386739,Bull,1.0,0.0,0.0,0.0,0.7684620610076852,0.0,0.0,0.18332694682904802,0.04651451420194065,0.0,0.0,0.7595752674316661,0.0,0.0,0.19434241025242285,0.0460823223159111,0.0,0.0
2021-10-25,1105478246.6393244,14492.629324330483,1857396.96,1103606357.05,0.9983067151298408,Bull,1.0,0.0,0.0,0.0,0.7693397492311597,0.0,0.0,0.18257401320520963,0.046392952693471504,0.0,0.0,0.7595752674316661,0.0,0.0,0.19434241025242285,0.0460823223159111,0.0,0.0
2021-10-26,1113538918.2393246,14492.629324330483,1857396.96,1111667028.65,0.9983189724591897,Bull,1.0,0.0,0.0,0.0,0.7710260634693636,0.0,0.0,0.1808474734932603,0.04644543549656562,0.0,0.0,0.7595752674316661,0.0,0.0,0.19434241025242285,0.0460823223159111,0.0,0.0
2021-10-27,1113554697.5893245,14492.629324330483,1857396.96,1111682808.0,0.9983189962797725,Bull,1.0,0.0,0.0,0.0,0.7712768935906771,0.0,0.0,0.18059732533602665,0.046444777353068775,0.0,0.0,0.7595752674316661,0.0,0.0,0.19434241025242285,0.0460823223159111,0.0,0.0
2021-10-28,1111685973.7393246,14492.629324330483,1857396.96,1109814084.15,0.9983161705431722,Bull,1.0,0.0,0.0,0.0,0.7713878778784357,0.0,0.0,0.18054073249201805,0.04638756017271843,0.0,0.0,0.7696814505737495,0.0,0.0,0.16751676729020812,0.06280178213604229,0.0,0.0
2021-10-29,1108058072.7920167,36495.58201670833,1857396.96,1106164180.25,0.998290800285183,Bull,1.0,0.0,0.0,0.0,0.7804662061356814,0.0,0.0,0.17174325486433212,0.04608133928516954,0.0,0.0,0.7696814505737495,0.0,0.0,0.16751676729020812,0.06280178213604229,0.0,0.0
2021-11-01,1109320701.6974375,230589.98743758386,1857396.96,1107232714.75,0.9981177787953992,Bull,1.0,0.0,0.0,0.0,0.7801892756762562,0.0,0.0,0.171662351300768,0.04626615181837506,0.0,0.0,0.7696814505737495,0.0,0.0,0.16751676729020812,0.06280178213604229,0.0,0.0
2021-11-02,1112784049.7970872,302584.8370872075,1857396.96,1110624068.0,0.99805893893116,Bull,1.0,0.0,0.0,0.0,0.782427073931159,0.0,0.0,0.16959418139971796,0.046037683600283125,0.0,0.0,0.7696814505737495,0.0,0.0,0.16751676729020812,0.06280178213604229,0.0,0.0
2021-11-03,1112112809.7116003,901977.5516003317,1857396.96,1109353435.2,0.9975187998128393,Bull,1.0,0.0,0.0,0.0,0.7769180677129894,0.0,0.0,0.1744169281264747,0.04618380397337514,0.0,0.0,0.7696814505737495,0.0,0.0,0.16751676729020812,0.06280178213604229,0.0,0.0
2021-11-04,1111891994.296302,369956.63630195917,1857396.96,1109664640.7,0.9979967896093076,Bull,1.0,0.0,0.0,0.0,0.7712130720418587,0.0,0.0,0.18074291480728613,0.0460408027601627,0.0,0.0,0.7696814505737495,0.0,0.0,0.16751676729020812,0.06280178213604229,0.0,0.0
2021-11-05,1115938443.1716187,278171.66161870956,1857396.96,1113802874.55,0.9980863024885591,Bull,1.0,0.0,0.0,0.0,0.769767794815447,0.0,0.0,0.18178762568967421,0.04653088198343789,0.0,0.0,0.7696814505737495,0.0,0.0,0.16751676729020812,0.06280178213604229,0.0,0.0
2021-11-08,1116735974.7857594,466406.02575946134,1857396.96,1114412171.8,0.9979191115552579,Bull,1.0,0.0,0.0,0.0,0.7691465048081596,0.0,0.0,0.1819045903298417,0.04686801641725657,0.0,0.0,0.7696814505737495,0.0,0.0,0.16751676729020812,0.06280178213604229,0.0,0.0
2021-11-09,1122296270.4050815,711411.1450814625,1857396.96,1119727462.3,0.9977111141034494,Bull,1.0,0.0,0.0,0.0,0.7700455620226455,0.0,0.0,0.18052719708929602,0.04713835499150783,0.0,0.0,0.7772610879303121,0.0,0.0,0.14146299403356652,0.0812759180361213,0.0,0.0
2021-11-10,1127390987.3553715,921314.1953714658,1857396.96,1124612276.2,0.9975352728675881,Bull,1.0,0.0,0.0,0.0,0.7743016273775083,0.0,0.0,0.15132558439215482,0.07190806109792496,0.0,0.0,0.7772610879303121,0.0,0.0,0.14146299403356652,0.0812759180361213,0.0,0.0
2021-11-11,1128010765.0053713,921314.1953714658,1857396.96,1125232053.85,0.9975366270947261,Bull,1.0,0.0,0.0,0.0,0.7742953621952722,0.0,0.0,0.15201211311062576,0.07122915178882837,0.0,0.0,0.7772610879303121,0.0,0.0,0.14146299403356652,0.0812759180361213,0.0,0.0
2021-11-12,1136791284.2553713,921314.1953714658,1857396.96,1134012573.1,0.9975556540643329,Bull,1.0,0.0,0.0,0.0,0.7757094774680785,0.0,0.0,0.15093878918362164,0.0709073874126328,0.0,0.0,0.7772610879303121,0.0,0.0,0.14146299403356652,0.0812759180361213,0.0,0.0
2021-11-15,1141596499.2053714,921314.1953714658,1857396.96,1138817788.05,0.9975659428201596,Bull,1.0,0.0,0.0,0.0,0.775762661033424,0.0,0.0,0.15056256752682873,0.071240714259907,0.0,0.0,0.7772610879303121,0.0,0.0,0.14146299403356652,0.0812759180361213,0.0,0.0
2021-11-16,1142985377.4553714,921314.1953714658,1857396.96,1140206666.3,0.9975689005212318,Bull,1.0,0.0,0.0,0.0,0.7749522292857023,0.0,0.0,0.15133631926691374,0.07128035196861575,0.0,0.0,0.7772610879303121,0.0,0.0,0.14146299403356652,0.0812759180361213,0.0,0.0
2021-11-17,1150229566.6553714,921314.1953714658,1857396.96,1147450855.5,0.9975842116774555,Bull,1.0,0.0,0.0,0.0,0.7754884167112142,0.0,0.0,0.1510386317969274,0.07105716316931394,0.0,0.0,0.7772610879303121,0.0,0.0,0.14146299403356652,0.0812759180361213,0.0,0.0
2021-11-18,1159840092.0553715,921314.1953714658,1857396.96,1157061380.9,0.9976042290877812,Bull,1.0,0.0,0.0,0.0,0.776490860308185,0.0,0.0,0.15024700490494908,0.07086636387464697,0.0,0.0,0.7772610879303121,0.0,0.0,0.14146299403356652,0.0812759180361213,0.0,0.0
2021-11-19,1149778222.8053715,921314.1953714658,1857396.96,1146999511.65,0.9975832633630931,Bull,1.0,0.0,0.0,0.0,0.7761770869799003,0.0,0.0,0.14974400852706396,0.0716621678561288,0.0,0.0,0.7772610879303121,0.0,0.0,0.14146299403356652,0.0812759180361213,0.0,0.0
2021-11-22,1146372710.0553715,921314.1953714658,1857396.96,1143593998.9,0.9975760839986872,Bull,1.0,0.0,0.0,0.0,0.7767301516249382,0.0,0.0,0.1491470431041066,0.07169888926964244,0.0,0.0,0.7772610879303121,0.0,0.0,0.14146299403356652,0.0812759180361213,0.0,0.0
2021-11-23,1140827224.0053713,921314.1953714658,1857396.96,1138048512.85,0.9975643015025399,Bull,1.0,0.0,0.0,0.0,0.7755158662358801,0.0,0.0,0.15068381642967404,0.07136461883698585,0.0,0.0,0.7772610879303121,0.0,0.0,0.14146299403356652,0.0812759180361213,0.0,0.0
2021-11-24,1146019465.5553715,921314.1953714658,1857396.96,1143240754.4,0.9975753368604217,Bull,1.0,0.0,0.0,0.0,0.7771195701012024,0.0,0.0,0.14971656691437757,0.0707391998448416,0.0,0.0,0.7772610879303121,0.0,0.0,0.14146299403356652,0.0812759180361213,0.0,0.0
2021-11-25,1151328557.1053715,921314.1953714658,1857396.96,1148549845.95,0.9975865176467458,Bull,1.0,0.0,0.0,0.0,0.7782258074121557,0.0,0.0,0.14897276623731182,0.0703879439972782,0.0,0.0,0.7772610879303121,0.0,0.0,0.14146299403356652,0.0812759180361213,0.0,0.0
2021-11-26,1135781518.4553714,921314.1953714658,1857396.96,1133002807.3,0.9975534809202122,Bull,1.0,0.0,0.0,0.0,0.7771929221920025,0.0,0.0,0.15017756252273637,0.07018299620547327,0.0,0.0,0.7772610879303121,0.0,0.0,0.14146299403356652,0.0812759180361213,0.0,0.0
2021-11-29,1133532919.7553713,921314.1953714658,1857396.96,1130754208.6,0.9975486277399238,Bull,1.0,0.0,0.0,0.0,0.7771593071951677,0.0,0.0,0.1500671017447916,0.07032221879996466,0.0,0.0,0.7772610879303121,0.0,0.0,0.14146299403356652,0.0812759180361213,0.0,0.0
2021-11-30,1134242471.5053713,921314.1953714658,1857396.96,1131463760.35,0.9975501612528374,Bull,1.0,0.0,0.0,0.0,0.778684260674696,0.0,0.0,0.14866397991269495,0.07020192066544646,0.0,0.0,0.7772610879303121,0.0,0.0,0.14146299403356652,0.0812759180361213,0.0,0.0
2021-12-01,1144879281.1053715,921314.1953714658,1857396.96,1142100569.95,0.9975729221401504,Bull,1.0,0.0,0.0,0.0,0.7778028519218542,0.0,0.0,0.14906121790869686,0.07070885230959936,0.0,0.0,0.7772610879303121,0.0,0.0,0.14146299403356652,0.0812759180361213,0.0,0.0
2021-12-02,1148531171.5053713,921314.1953714658,1857396.96,1145752460.35,0.9975806393206295,Bull,1.0,0.0,0.0,0.0,0.7766809316814682,0.0,0.0,0.14966211128140558,0.07123759635775576,0.0,0.0,0.7772610879303121,0.0,0.0,0.14146299403356652,0.0812759180361213,0.0,0.0
2021-12-03,1150670426.4553714,921314.1953714658,1857396.96,1147891715.3,0.9975851372456567,Bull,1.0,0.0,0.0,0.0,0.7778681407996673,0.0,0.0,0.14863691294027837,0.0710800835057111,0.0,0.0,0.7772610879303121,0.0,0.0,0.14146299403356652,0.0812759180361213,0.0,0.0
2021-12-06,1156488728.6553714,921314.1953714658,1857396.96,1153710017.5,0.9975972864356385,Bull,1.0,0.0,0.0,0.0,0.7791123641538787,0.0,0.0,0.14796201273742973,0.07052290954433003,0.0,0.0,0.7772610879303121,0.0,0.0,0.14146299403356652,0.0812759180361213,0.0,0.0
2021-12-07,1163451048.4553714,921314.1953714658,1857396.96,1160672337.3,0.9976116647459637,Bull,1.0,0.0,0.0,0.0,0.7796205422688167,0.0,0.0,0.1476670636277227,0.07032405884942435,0.0,0.0,0.7772610879303121,0.0,0.0,0.14146299403356652,0.0812759180361213,0.0,0.0
2021-12-08,1172424877.3553715,921314.1953714658,1857396.96,1169646166.2,0.9976299452450724,Bull,1.0,0.0,0.0,0.0,0.781194287062527,0.0,0.0,0.14637918668795102,0.07005647149459447,0.0,0.0,0.7772610879303121,0.0,0.0,0.14146299403356652,0.0812759180361213,0.0,0.0
2021-12-09,1183563877.3553715,921314.1953714658,1857396.96,1180785166.2,0.9976522507922594,Bull,1.0,0.0,0.0,0.0,0.7829212972184788,0.0,0.0,0.14550444069381807,0.06922651287996252,0.0,0.0,0.7772610879303121,0.0,0.0,0.14146299403356652,0.0812759180361213,0.0,0.0
2021-12-10,1182886208.3553715,921314.1953714658,1857396.96,1180107497.2,0.9976509057796566,Bull,1.0,0.0,0.0,0.0,0.7835702543938542,0.0,0.0,0.1448388685148389,0.06924178287096357,0.0,0.0,0.7772610879303121,0.0,0.0,0.14146299403356652,0.0812759180361213,0.0,0.0
2021-12-13,1179790684.5053713,921314.1953714658,1857396.96,1177011973.35,0.99764474224804,Bull,1.0,0.0,0.0,0.0,0.7837419683794683,0.0,0.0,0.14469939646249408,0.06920337740607774,0.0,0.0,0.7772610879303121,0.0,0.0,0.14146299403356652,0.0812759180361213,0.0,0.0
2021-12-14,1171569772.5053713,921314.1953714658,1857396.96,1168791061.35,0.9976282153905104,Bull,1.0,0.0,0.0,0.0,0.7824435922324013,0.0,0.0,0.14618514749979586,0.06899947565831328,0.0,0.0,0.7772610879303121,0.0,0.0,0.14146299403356652,0.0812759180361213,0.0,0.0
2021-12-15,1168665295.2053714,921314.1953714658,1857396.96,1165886584.05,0.9976223208075302,Bull,1.0,0.0,0.0,0.0,0.7818041553885963,0.0,0.0,0.14654846062653307,0.06926970479240079,0.0,0.0,0.7772610879303121,0.0,0.0,0.14146299403356652,0.0812759180361213,0.0,0.0
2021-12-16,1177386574.0053713,921314.1953714658,1857396.96,1174607862.85,0.9976399330375252,Bull,1.0,0.0,0.0,0.0,0.781855197922276,0.0,0.0,0.14617051340625775,0.06961422170899163,0.0,0.0,0.7772610879303121,0.0,0.0,0.14146299403356652,0.0812759180361213,0.0,0.0
2021-12-17,1185687559.4053714,921314.1953714658,1857396.96,1182908848.25,0.9976564558400487,Bull,1.0,0.0,0.0,0.0,0.7829162420457075,0.0,0.0,0.14568635609757874,0.06905385769676237,0.0,0.0,0.7772610879303121,0.0,0.0,0.14146299403356652,0.0812759180361213,0.0,0.0
2021-12-20,1176821502.9053714,921314.1953714658,1857396.96,1174042791.75,0.9976387998107519,Bull,1.0,0.0,0.0,0.0,0.7821931698880742,0.0,0.0,0.1464844070017487,0.06896122292092899,0.0,0.0,0.7772610879303121,0.0,0.0,0.14146299403356652,0.0812759180361213,0.0,0.0
2021-12-21,1182425142.7553713,921314.1953714658,1857396.96,1179646431.6,0.9976499897922534,Bull,1.0,0.0,0.0,0.0,0.7820171849908844,0.0,0.0,0.14641282034698477,0.06921998445438435,0.0,0.0,0.7772610879303121,0.0,0.0,0.14146299403356652,0.0812759180361213,0.0,0.0
2021-12-22,1180910659.9553714,921314.1953714658,1857396.96,1178131948.8,0.9976469759740534,Bull,1.0,0.0,0.0,0.0,0.7814988297547226,0.0,0.0,0.14683938919355105,0.06930875702577971,0.0,0.0,0.7772610879303121,0.0,0.0,0.14146299403356652,0.0812759180361213,0.0,0.0
2021-12-23,1182879891.0553715,921314.1953714658,1857396.96,1180101179.9,0.997650893234061,Bull,1.0,0.0,0.0,0.0,0.781271232090579,0.0,0.0,0.14679605369322463,0.06958360745025723,0.0,0.0,0.7772610879303121,0.0,0.0,0.14146299403356652,0.0812759180361213,0.0,0.0
2021-12-24,1184531277.6553714,921314.1953714658,1857396.96,1181752566.5,0.9976541681863635,Bull,1.0,0.0,0.0,0.0,0.7812027710501915,0.0,0.0,0.14676995304346968,0.06968144409270231,0.0,0.0,0.7772610879303121,0.0,0.0,0.14146299403356652,0.0812759180361213,0.0,0.0
2021-12-27,1185407593.1553714,921314.1953714658,1857396.96,1182628882.0,0.9976559023483433,Bull,1.0,0.0,0.0,0.0,0.780430998874784,0.0,0.0,0.1470595439126322,0.07016535956092725,0.0,0.0,0.7772610879303121,0.0,0.0,0.14146299403356652,0.0812759180361213,0.0,0.0
2021-12-28,1195269283.1053715,921314.1953714658,1857396.96,1192490571.95,0.9976752425627871,Bull,1.0,0.0,0.0,0.0,0.7812672718601744,0.0,0.0,0.14626637065899376,0.07014160004361886,0.0,0.0,0.7772610879303121,0.0,0.0,0.14146299403356652,0.0812759180361213,0.0,0.0
2021-12-29,1200740938.4553714,921314.1953714658,1857396.96,1197962227.3,0.9976858362479537,Bull,1.0,0.0,0.0,0.0,0.781573399593788,0.0,0.0,0.14597811600017735,0.07013432065398843,0.0,0.0,0.7772610879303121,0.0,0.0,0.14146299403356652,0.0812759180361213,0.0,0.0
2021-12-30,1198308004.6053715,921314.1953714658,1857396.96,1195529293.45,0.9976811377836982,Bull,1.0,0.0,0.0,0.0,0.7816407716966371,0.0,0.0,0.1459803317074628,0.07006003437959817,0.0,0.0,0.7772610879303121,0.0,0.0,0.14146299403356652,0.0812759180361213,0.0,0.0
2022-01-03,1194764225.2053714,921314.1953714658,1857396.96,1191985514.05,0.9976742598273782,Bull,1.0,0.0,0.0,0.0,0.7810016356068952,0.0,0.0,0.14597013897869424,0.0707024852417888,0.0,0.0,0.7772610879303121,0.0,0.0,0.14146299403356652,0.0812759180361213,0.0,0.0
2022-01-04,1197464374.5553715,921314.1953714658,1857396.96,1194685663.4,0.9976795041135122,Bull,1.0,0.0,0.0,0.0,0.7807629882493576,0.0,0.0,0.14483153209831084,0.07208498376584359,0.0,0.0,0.7829458159477342,0.0,0.0,0.11581210795141143,0.10124207610085446,0.0,0.0
2022-01-05,1201697621.5796452,425006.9196449672,1857396.96,1199415217.7,0.9981006837005761,Bull,1.0,0.0,0.0,0.0,0.7827246229076936,0.0,0.0,0.13126496813120753,0.08411109266167502,0.0,0.0,0.7829458159477342,0.0,0.0,0.11581210795141143,0.10124207610085446,0.0,0.0
2022-01-06,1207812839.553979,20685.043978840396,1857396.96,1205934757.55,0.9984450554403176,Bull,1.0,0.0,0.0,0.0,0.7849724944968413,0.0,0.0,0.1189390403011855,0.09453352064229086,0.0,0.0,0.7829458159477342,0.0,0.0,0.11581210795141143,0.10124207610085446,0.0,0.0
2022-01-07,1214999469.453979,20685.043978840396,1857396.96,1213121387.45,0.9984542528196964,Bull,1.0,0.0,0.0,0.0,0.7869603333075502,0.0,0.0,0.11834556608046846,0.09314835343167759,0.0,0.0,0.7829458159477342,0.0,0.0,0.11581210795141143,0.10124207610085446,0.0,0.0
2022-01-10,1226656948.403979,20685.043978840396,1857396.96,1224778866.4,0.9984689427582646,Bull,1.0,0.0,0.0,0.0,0.7876302886940594,0.0,0.0,0.1179776466340445,0.09286100743016058,0.0,0.0,0.7829458159477342,0.0,0.0,0.11581210795141143,0.10124207610085446,0.0,0.0
2022-01-11,1247036506.903979,20685.043978840396,1857396.96,1245158424.9,0.9984939638947365,Bull,1.0,0.0,0.0,0.0,0.7905260346767916,0.0,0.0,0.11616019194148083,0.0918077372764641,0.0,0.0,0.7829458159477342,0.0,0.0,0.11581210795141143,0.10124207610085446,0.0,0.0
2022-01-12,1254058242.953979,20685.043978840396,1857396.96,1252180160.95,0.9985023965078726,Bull,1.0,0.0,0.0,0.0,0.7904596668612446,0.0,0.0,0.11597954147440462,0.09206318817222339,0.0,0.0,0.7829458159477342,0.0,0.0,0.11581210795141143,0.10124207610085446,0.0,0.0
2022-01-13,1266917212.203979,20685.043978840396,1857396.96,1265039130.2,0.9985175968990809,Bull,1.0,0.0,0.0,0.0,0.7918368465882692,0.0,0.0,0.11509497115942809,0.09158577915138344,0.0,0.0,0.7829458159477342,0.0,0.0,0.11581210795141143,0.10124207610085446,0.0,0.0
2022-01-14,1259208969.203979,20685.043978840396,1857396.96,1257330887.2,0.9985085223740375,Bull,1.0,0.0,0.0,0.0,0.7903468856556293,0.0,0.0,0.11601521556215609,0.09214642115625217,0.0,0.0,0.7829458159477342,0.0,0.0,0.11581210795141143,0.10124207610085446,0.0,0.0
2022-01-17,1252729676.6039789,20685.043978840396,1857396.96,1250851594.6,0.9985008082437463,Bull,1.0,0.0,0.0,0.0,0.7889868924311079,0.0,0.0,0.11584326827269406,0.09367064753994453,0.0,0.0,0.7829458159477342,0.0,0.0,0.11581210795141143,0.10124207610085446,0.0,0.0
2022-01-18,1254418706.653979,20685.043978840396,1857396.96,1252540624.65,0.9985028268519779,Bull,1.0,0.0,0.0,0.0,0.7900323228545153,0.0,0.0,0.11597220228646415,0.09249830171099829,0.0,0.0,0.7829458159477342,0.0,0.0,0.11581210795141143,0.10124207610085446,0.0,0.0
2022-01-19,1250143729.3539789,20685.043978840396,1857396.96,1248265647.35,0.9984977071356831,Bull,1.0,0.0,0.0,0.0,0.7901283061751945,0.0,0.0,0.11666634529724748,0.0917030556632413,0.0,0.0,0.7829458159477342,0.0,0.0,0.11581210795141143,0.10124207610085446,0.0,0.0
2022-01-20,1245588795.803979,20685.043978840396,1857396.96,1243710713.8,0.9984922134734147,Bull,1.0,0.0,0.0,0.0,0.7897833676040983,0.0,0.0,0.11629857340399277,0.09241027246532359,0.0,0.0,0.7829458159477342,0.0,0.0,0.11581210795141143,0.10124207610085446,0.0,0.0
2022-01-21,1232114359.903979,20685.043978840396,4327796.96,1227765877.9,0.9964707155881879,Bull,1.0,0.0,0.0,0.0,0.7892125191818891,0.0,0.0,0.11787866834968048,0.08937952805661831,0.0,0.0,0.7829458159477342,0.0,0.0,0.11581210795141143,0.10124207610085446,0.0,0.0
2022-01-24,1230763093.253979,20685.043978840396,4327796.96,1226414611.25,0.9964668407528519,Bull,1.0,0.0,0.0,0.0,0.7878920131462636,0.0,0.0,0.11825037718283846,0.09032445042374981,0.0,0.0,0.7829458159477342,0.0,0.0,0.11581210795141143,0.10124207610085446,0.0,0.0
2022-01-25,1224704943.803979,20685.043978840396,4327796.96,1220356461.8,0.9964493635581543,Bull,1.0,0.0,0.0,0.0,0.7883132722574573,0.0,0.0,0.11884617657205795,0.08928991472863909,0.0,0.0,0.7829458159477342,0.0,0.0,0.11581210795141143,0.10124207610085446,0.0,0.0
2022-01-26,1230841114.3539789,20685.043978840396,4327796.96,1226492632.35,0.9964670647143101,Bull,1.0,0.0,0.0,0.0,0.7895782981380861,0.0,0.0,0.11810671442861204,0.08878205214761216,0.0,0.0,0.7829458159477342,0.0,0.0,0.11581210795141143,0.10124207610085446,0.0,0.0
2022-02-07,1255386081.553979,20685.043978840396,4327796.96,1251037599.55,0.9965361397040533,Bull,1.0,0.0,0.0,0.0,0.7920272609038379,0.0,0.0,0.11700145649072531,0.0875074223094901,0.0,0.0,0.7829458159477342,0.0,0.0,0.11581210795141143,0.10124207610085446,0.0,0.0
2022-02-08,1278924020.153979,20685.043978840396,4327796.96,1274575538.15,0.996599890270686,Bull,1.0,0.0,0.0,0.0,0.7959741330274152,0.0,0.0,0.11436668456847805,0.0862590726747926,0.0,0.0,0.7829458159477342,0.0,0.0,0.11581210795141143,0.10124207610085446,0.0,0.0
2022-02-09,1284580849.303979,20685.043978840396,4327796.96,1280232367.3,0.9966148631233798,Bull,1.0,0.0,0.0,0.0,0.7955560507178071,0.0,0.0,0.11487910634815884,0.0861797060574139,0.0,0.0,0.7829458159477342,0.0,0.0,0.11581210795141143,0.10124207610085446,0.0,0.0
2022-02-10,1287180178.812176,147804.55217609153,4327796.96,1282704577.3,0.9965229409325537,Bull,1.0,0.0,0.0,0.0,0.784325297979371,0.0,0.0,0.12520236300462487,0.08699527994855787,0.0,0.0,0.7829458159477342,0.0,0.0,0.11581210795141143,0.10124207610085446,0.0,0.0
2022-02-11,1288003963.312176,147804.55217609153,4327796.96,1283528361.8,0.9965251647978887,Bull,1.0,0.0,0.0,0.0,0.7847182854941493,0.0,0.0,0.12492717769766733,0.08687970160607202,0.0,0.0,0.7829458159477342,0.0,0.0,0.11581210795141143,0.10124207610085446,0.0,0.0
2022-02-14,1275981066.112176,147804.55217609153,4327796.96,1271505464.6,0.9964924232568647,Bull,1.0,0.0,0.0,0.0,0.783753529860044,0.0,0.0,0.1264018756104495,0.08633701778637133,0.0,0.0,0.7829458159477342,0.0,0.0,0.11581210795141143,0.10124207610085446,0.0,0.0
2022-02-15,1270980093.562176,147804.55217609153,4327796.96,1266504492.05,0.9964786218644603,Bull,1.0,0.0,0.0,0.0,0.7830034452080237,0.0,0.0,0.12719325882352353,0.08628191783291321,0.0,0.0,0.7829458159477342,0.0,0.0,0.11581210795141143,0.10124207610085446,0.0,0.0
2022-02-16,1277400376.762176,147804.55217609153,4327796.96,1272924775.25,0.9964963205009221,Bull,1.0,0.0,0.0,0.0,0.781345452378728,0.0,0.0,0.12788237969215308,0.08726848843004102,0.0,0.0,0.7829458159477342,0.0,0.0,0.11581210795141143,0.10124207610085446,0.0,0.0
2022-02-17,1281939562.062176,147804.55217609153,4327796.96,1277463960.55,0.9965087265853809,Bull,1.0,0.0,0.0,0.0,0.7815961767637556,0.0,0.0,0.12789284678621077,0.0870197030354146,0.0,0.0,0.7829458159477342,0.0,0.0,0.11581210795141143,0.10124207610085446,0.0,0.0
2022-02-18,1276363143.962176,147804.55217609153,4327796.96,1271887542.45,0.9964934732459584,Bull,1.0,0.0,0.0,0.0,0.7805864241403737,0.0,0.0,0.12874909525346637,0.08715795385211833,0.0,0.0,0.7829458159477342,0.0,0.0,0.11581210795141143,0.10124207610085446,0.0,0.0
2022-02-21,1275452172.862176,147804.55217609153,4327796.96,1270976571.35,0.9964909687658985,Bull,1.0,0.0,0.0,0.0,0.7793001513490748,0.0,0.0,0.13015219506622622,0.08703862235059756,0.0,0.0,0.7829458159477342,0.0,0.0,0.11581210795141143,0.10124207610085446,0.0,0.0
2022-02-22,1264240767.4121761,147804.55217609153,4327796.96,1259765165.9,0.9964598503484923,Bull,1.0,0.0,0.0,0.0,0.778485310131695,0.0,0.0,0.1313548054141009,0.08661973480269634,0.0,0.0,0.7829458159477342,0.0,0.0,0.11581210795141143,0.10124207610085446,0.0,0.0
2022-02-23,1270678391.3377378,180406.32773784362,4327796.96,1266170188.05,0.9964521287853241,Bull,1.0,0.0,0.0,0.0,0.7778456726642266,0.0,0.0,0.12076383847092076,0.0978426176501768,0.0,0.0,0.7872093619608005,0.0,0.0,0.13685908096355853,0.07593155707564084,0.0,0.0
2022-02-24,1250767508.555324,504029.89532409294,4327796.96,1245935681.7,0.9961369104791465,Bull,0.5,0.0,0.0,0.0,0.7786534867898047,0.0,0.0,0.12548774966283632,0.09199567402650549,0.0,0.0,0.39360468098040025,0.0,0.0,0.06842954048177927,0.03796577853782042,0.0,0.0
2022-02-25,1242878199.5883756,940272.4783755224,4327796.96,1237610130.15,0.9957613952516665,Bull,0.5,0.0,0.0,0.0,0.6797436228504121,0.0,0.0,0.1474167782978898,0.16860099410336452,0.0,0.0,0.39360468098040025,0.0,0.0,0.06842954048177927,0.03796577853782042,0.0,0.0
2022-03-01,1254033484.9708123,191298382.0108123,4327796.96,1058407306.0,0.8440024279133459,Bull,0.5,0.0,0.0,0.0,0.6116965497279796,0.0,0.0,0.11571533116069661,0.11659054702466977,0.0,0.0,0.39360468098040025,0.0,0.0,0.06842954048177927,0.03796577853782042,0.0,0.0
2022-03-02,1258206921.1189308,440688653.7589309,4327796.96,813190470.4,0.6463090106648157,Bull,0.5,0.0,0.0,0.0,0.4874889098961033,0.0,0.0,0.08856261885835484,0.07025748191035759,0.0,0.0,0.39360468098040025,0.0,0.0,0.06842954048177927,0.03796577853782042,0.0,0.0
2022-03-03,1257106425.870262,562405838.5602618,4327796.96,690372790.35,0.5491760889473403,Bull,0.5,0.0,0.0,0.0,0.4293182575821937,0.0,0.0,0.07365708908527696,0.04620074227986962,0.0,0.0,0.39360468098040025,0.0,0.0,0.06842954048177927,0.03796577853782042,0.0,0.0
2022-03-04,1255217396.2471724,610445946.9871722,1857396.96,642914052.3,0.5121933891469107,Bull,0.5,2470400.0,0.0,0.0,0.40238069820420386,0.0,0.0,0.07010482826567839,0.039707862677028506,0.0,0.0,0.39360468098040025,0.0,0.0,0.06842954048177927,0.03796577853782042,0.0,0.0
2022-03-07,1242912763.2471724,610445946.9871722,1857396.96,630609419.3000001,0.5073641835107567,Bear,0.5,0.0,0.0,0.0,0.39871649399214376,0.0,0.0,0.06983563333377611,0.03881205618483679,0.0,0.0,0.38009150935147645,0.0,0.0,0.09143415674515827,0.02847433390336532,0.0,0.0
2022-03-08,1235864030.9539464,616960500.2939464,1857396.96,617046133.6999999,0.49928318831620216,Bear,0.5,0.0,0.0,0.0,0.3815304692831301,0.0,0.0,0.08708401353579853,0.030668705497273595,0.0,0.0,0.36933471020303904,0.0,0.0,0.10930953936943699,0.02135575042752399,0.0,0.0
2022-03-09,1237410655.9352274,616187885.9252274,1857396.96,619365373.05,0.5005334082741412,Bear,0.5,0.0,0.0,0.0,0.37254574367761933,0.0,0.0,0.10400209452110656,0.023985570075415293,0.0,0.0,0.3614675313073799,0.0,0.0,0.1225156558719771,0.016016812820642993,0.0,0.0
2022-03-10,1252376723.0169168,616799200.8069167,1857396.96,633720125.25,0.5060139761488045,Bear,0.5,0.0,0.0,0.0,0.37073371511690767,0.0,0.0,0.1168807255115542,0.01839953552034258,0.0,0.0,0.3614675313073799,0.0,0.0,0.1225156558719771,0.016016812820642993,0.0,0.0
2022-03-11,1249792251.5169168,616799200.8069167,1857396.96,631135653.75,0.5049924521327193,Bear,0.5,0.0,0.0,0.0,0.3700929119928531,0.0,0.0,0.11672563965966097,0.018173900480205174,0.0,0.0,0.3614675313073799,0.0,0.0,0.1225156558719771,0.016016812820642993,0.0,0.0
2022-03-14,1251979824.4669168,616799200.8069167,1857396.96,633323226.7,0.505857374314849,Bear,0.5,0.0,0.0,0.0,0.37101143135256187,0.0,0.0,0.11670379757294638,0.01814214538934066,0.0,0.0,0.3614675313073799,0.0,0.0,0.1225156558719771,0.016016812820642993,0.0,0.0
2022-03-15,1256055215.6169167,616799200.8069167,1857396.96,637398617.85,0.507460667274041,Bear,0.5,0.0,0.0,0.0,0.3722891812684593,0.0,0.0,0.11745821215951727,0.01771327384606447,0.0,0.0,0.3614675313073799,0.0,0.0,0.1225156558719771,0.016016812820642993,0.0,0.0
2022-03-16,1264088000.8669167,616799200.8069167,1857396.96,645431403.1,0.5105905622530714,Bear,0.5,0.0,0.0,0.0,0.3750155074448083,0.0,0.0,0.11790081062219547,0.017674244186067663,0.0,0.0,0.3614675313073799,0.0,0.0,0.1225156558719771,0.016016812820642993,0.0,0.0
2022-03-17,1267699620.1169167,616799200.8069167,1857396.96,649043022.35,0.5119848677481977,Bear,0.5,0.0,0.0,0.0,0.3774939384346149,0.0,0.0,0.11630712643615193,0.018183802877430863,0.0,0.0,0.3614675313073799,0.0,0.0,0.1225156558719771,0.016016812820642993,0.0,0.0
2022-03-18,1276717606.3804922,628396109.2704922,1857396.96,646464100.15,0.5063485432637939,Bear,0.5,0.0,0.0,0.0,0.37030992428336573,0.0,0.0,0.11962198941782648,0.016416629562601644,0.0,0.0,0.3614675313073799,0.0,0.0,0.1225156558719771,0.016016812820642993,0.0,0.0
2022-03-21,1272628145.8304923,628396109.2704922,1857396.96,642374639.6,0.5047622447331611,Bull,0.5,0.0,0.0,0.0,0.3679056927461377,0.0,0.0,0.12027826077986813,0.0165782912071553,0.0,0.0,0.3614675313073799,0.0,0.0,0.1225156558719771,0.016016812820642993,0.0,0.0
2022-03-22,1274846951.1804924,628396109.2704922,1857396.96,644593444.95,0.5056241804972076,Bull,0.5,0.0,0.0,0.0,0.3693013851694453,0.0,0.0,0.11979751754403141,0.016525277783730852,0.0,0.0,0.3614675313073799,0.0,0.0,0.1225156558719771,0.016016812820642993,0.0,0.0
2022-03-23,1284971109.3304923,628396109.2704922,1857396.96,654717603.1,0.5095193178632064,Bull,0.5,0.0,0.0,0.0,0.37427005137148706,0.0,0.0,0.11869838854156767,0.01655087795015169,0.0,0.0,0.3614675313073799,0.0,0.0,0.1225156558719771,0.016016812820642993,0.0,0.0
2022-03-24,1287221446.980492,628396109.2704922,1857396.96,656967940.75,0.5103767827137178,Bull,0.5,0.0,0.0,0.0,0.37417993763220714,0.0,0.0,0.11968686534969988,0.016509979731810728,0.0,0.0,0.3614675313073799,0.0,0.0,0.1225156558719771,0.016016812820642993,0.0,0.0
2022-03-25,1287286708.3804922,628396109.2704922,1857396.96,657033202.15,0.5104016050756862,Bull,0.5,0.0,0.0,0.0,0.37398731690135706,0.0,0.0,0.11988121915291781,0.01653306902141127,0.0,0.0,0.3614675313073799,0.0,0.0,0.1225156558719771,0.016016812820642993,0.0,0.0
2022-03-28,1290501439.9304922,628396109.2704922,1857396.96,660247933.6999999,0.5116212297566763,Bull,1.0,0.0,0.0,0.0,0.3759938723711416,0.0,0.0,0.1193144736113532,0.01631288377418151,0.0,0.0,0.7229350626147598,0.0,0.0,0.2450313117439542,0.032033625641285986,0.0,0.0
2022-03-29,1286107355.694635,370687376.58463496,1857396.96,913562582.15,0.7103315116774049,Bull,1.0,0.0,0.0,0.0,0.5168400438787514,0.0,0.0,0.17072050713947715,0.022770960659176463,0.0,0.0,0.7229350626147598,0.0,0.0,0.2450313117439542,0.032033625641285986,0.0,0.0
2022-03-30,1293787706.5779748,112394102.66797459,1857396.96,1179536206.95,0.9116922358690777,Bull,1.0,0.0,0.0,0.0,0.66123684944632,0.0,0.0,0.221113091850791,0.02934229457196658,0.0,0.0,0.7422012969610698,0.0,0.0,0.21901123678986475,0.03878746624906539,0.0,0.0
2022-03-31,1310522937.9513764,26264722.741376486,1857396.96,1282400818.25,0.9785412991356434,Bull,1.0,0.0,0.0,0.0,0.7264083601147321,0.0,0.0,0.21630449326062653,0.03582844576028482,0.0,0.0,0.7422012969610698,0.0,0.0,0.21901123678986475,0.03878746624906539,0.0,0.0
2022-04-01,1313124761.5757568,5508276.9657568615,1857396.96,1305759087.6499999,0.9943907280242602,Bull,1.0,0.0,0.0,0.0,0.7390384113124598,0.0,0.0,0.21770246694377604,0.03764984976802432,0.0,0.0,0.7422012969610698,0.0,0.0,0.21901123678986475,0.03878746624906539,0.0,0.0
2022-04-06,1348367275.925757,5508276.9657568615,1857396.96,1341001602.0,0.9945373385595554,Bull,1.0,0.0,0.0,0.0,0.7452931185311062,0.0,0.0,0.21276584289916894,0.03647837712928022,0.0,0.0,0.7422012969610698,0.0,0.0,0.21901123678986475,0.03878746624906539,0.0,0.0
2022-04-07,1327278097.575757,5508276.9657568615,1857396.96,1319912423.65,0.9944505420987432,Bear,1.0,0.0,0.0,0.0,0.7419124337609247,0.0,0.0,0.2161464884593452,0.0363916198784732,0.0,0.0,0.7422012969610698,0.0,0.0,0.21901123678986475,0.03878746624906539,0.0,0.0
2022-04-08,1345034883.9757571,5508276.9657568615,1857396.96,1337669210.0500002,0.9945238045395633,Bear,1.0,0.0,0.0,0.0,0.74353510973179,0.0,0.0,0.21487621134829185,0.0361124834594814,0.0,0.0,0.7422012969610698,0.0,0.0,0.21901123678986475,0.03878746624906539,0.0,0.0
2022-04-11,1349507510.975757,5508276.9657568615,1857396.96,1342141837.05,0.9945419541085538,Bear,1.0,0.0,0.0,0.0,0.7433273834279686,0.0,0.0,0.21578353409048293,0.03543103659010235,0.0,0.0,0.7422012969610698,0.0,0.0,0.21901123678986475,0.03878746624906539,0.0,0.0
2022-04-12,1337708312.675757,5508276.9657568615,1857396.96,1330342638.75,0.9944938116508945,Bear,0.5,0.0,0.0,0.0,0.7413530134729592,0.0,0.0,0.2173702572112825,0.03577054096665269,0.0,0.0,0.3711006484805349,0.0,0.0,0.10950561839493238,0.019393733124532696,0.0,0.0
2022-04-13,1341990063.788175,271937397.9281751,1857396.96,1068195268.9,0.7959785230336907,Bear,0.5,0.0,0.0,0.0,0.5934532157800746,0.0,0.0,0.17283823946151916,0.029687067792096903,0.0,0.0,0.3711006484805349,0.0,0.0,0.10950561839493238,0.019393733124532696,0.0,0.0
2022-04-14,1324359468.9679546,523246703.3579545,1857396.96,799255368.65,0.6035033443547188,Bear,0.5,0.0,0.0,0.0,0.4485349956480535,0.0,0.0,0.13200758864678774,0.022960760059877513,0.0,0.0,0.3711006484805349,0.0,0.0,0.10950561839493238,0.019393733124532696,0.0,0.0
2022-04-15,1318088710.2683797,624590203.9083798,1857396.96,691641109.4,0.5247303189928492,Bear,0.5,0.0,0.0,0.0,0.388537664734056,0.0,0.0,0.11612571961778978,0.020066934641003367,0.0,0.0,0.3711006484805349,0.0,0.0,0.10950561839493238,0.019393733124532696,0.0,0.0
2022-04-18,1306927343.01586,648439258.4558599,1857396.96,656630687.6,0.5024232533728783,Bear,0.5,0.0,0.0,0.0,0.3695019009133545,0.0,0.0,0.11329344419279103,0.0196279082667327,0.0,0.0,0.3711006484805349,0.0,0.0,0.10950561839493238,0.019393733124532696,0.0,0.0
2022-04-19,1306360939.21586,648439258.4558599,1857396.96,656064283.8,0.5022075171612227,Bear,0.5,0.0,0.0,0.0,0.36971603276037107,0.0,0.0,0.11278789465983384,0.019703589741017803,0.0,0.0,0.3711006484805349,0.0,0.0,0.10950561839493238,0.019393733124532696,0.0,0.0
2022-04-20,1314383343.36586,648439258.4558599,1857396.96,664086687.95,0.5052458183541898,Bear,0.5,0.0,0.0,0.0,0.37139533182148776,0.0,0.0,0.11417072557821474,0.019679760954487358,0.0,0.0,0.3711006484805349,0.0,0.0,0.10950561839493238,0.019393733124532696,0.0,0.0
2022-04-21,1308255149.16586,648439258.4558599,1857396.96,657958493.75,0.5029282660721899,Bear,0.5,0.0,0.0,0.0,0.3689223344985364,0.0,0.0,0.11421908034932995,0.019786851224323485,0.0,0.0,0.36178406967975196,0.0,0.0,0.12367063047684856,0.014545299843399521,0.0,0.0
2022-04-22,1313896653.96586,648439258.4558599,1857396.96,663599998.5500001,0.5050625530912136,Bear,0.5,0.0,0.0,0.0,0.37119631675587833,0.0,0.0,0.11433501984084009,0.019531216494495157,0.0,0.0,0.36178406967975196,0.0,0.0,0.12367063047684856,0.014545299843399521,0.0,0.0
2022-04-25,1304082633.0658598,648439258.4558599,1857396.96,653785977.65,0.5013378455266814,Bear,0.5,0.0,0.0,0.0,0.3668299964438225,0.0,0.0,0.1151810446603917,0.019326804422467255,0.0,0.0,0.36178406967975196,0.0,0.0,0.12367063047684856,0.014545299843399521,0.0,0.0
2022-04-26,1315185158.46586,648439258.4558599,1857396.96,664888503.05,0.5055474499313698,Bear,0.5,0.0,0.0,0.0,0.37050619824390996,0.0,0.0,0.11587760021392918,0.01916365147353071,0.0,0.0,0.36178406967975196,0.0,0.0,0.12367063047684856,0.014545299843399521,0.0,0.0
2022-04-27,1306421767.61586,648439258.4558599,1857396.96,656125112.2,0.5022306949136253,Bear,0.5,0.0,0.0,0.0,0.3665570140291854,0.0,0.0,0.11678449011028848,0.018889190774151347,0.0,0.0,0.36178406967975196,0.0,0.0,0.12367063047684856,0.014545299843399521,0.0,0.0
2022-04-28,1305612892.71586,648439258.4558599,1857396.96,655316237.3,0.5019223086383968,Bear,0.5,0.0,0.0,0.0,0.36566254818984806,0.0,0.0,0.11727672180189096,0.018983038646657912,0.0,0.0,0.36178406967975196,0.0,0.0,0.12367063047684856,0.014545299843399521,0.0,0.0
2022-04-29,1311073546.46586,648439258.4558599,1857396.96,660776891.05,0.5039968145427046,Bear,0.5,0.0,0.0,0.0,0.36799731208867276,0.0,0.0,0.11685011905927374,0.01914938339475814,0.0,0.0,0.36178406967975196,0.0,0.0,0.12367063047684856,0.014545299843399521,0.0,0.0
2022-05-03,1301676807.8158598,648439258.4558599,1857396.96,651380152.4,0.5004161927821231,Bear,0.5,0.0,0.0,0.0,0.36609867329480256,0.0,0.0,0.11517221410094282,0.019145305386377768,0.0,0.0,0.36178406967975196,0.0,0.0,0.12367063047684856,0.014545299843399521,0.0,0.0
2022-05-04,1296881137.36586,648439258.4558599,1857396.96,646584481.95,0.49856880736448994,Bear,0.5,0.0,0.0,0.0,0.3661886723979903,0.0,0.0,0.11316403313420836,0.0192161018322912,0.0,0.0,0.36178406967975196,0.0,0.0,0.12367063047684856,0.014545299843399521,0.0,0.0
2022-05-05,1293673167.0658598,648439258.4558599,1857396.96,643376511.65,0.4973253894638801,Bear,0.5,0.0,0.0,0.0,0.3637628681109088,0.0,0.0,0.11408020492125327,0.019482316431718105,0.0,0.0,0.36178406967975196,0.0,0.0,0.12367063047684856,0.014545299843399521,0.0,0.0
2022-05-06,1287221743.91586,648439258.4558599,1857396.96,636925088.5,0.4948060359533773,Bear,0.5,0.0,0.0,0.0,0.36039224841615436,0.0,0.0,0.11522769926864695,0.019186088268575985,0.0,0.0,0.35274584737281617,0.0,0.0,0.1363451777446342,0.01090897488254964,0.0,0.0
2022-05-09,1269263356.729751,643406962.2697511,1857396.96,623998997.5,0.49162295136899675,Bear,0.5,0.0,0.0,0.0,0.3468358990794784,0.0,0.0,0.1318341848543793,0.012952867435138992,0.0,0.0,0.35274584737281617,0.0,0.0,0.1363451777446342,0.01090897488254964,0.0,0.0
2022-05-10,1268549361.529751,643406962.2697511,1857396.96,623285002.3,0.49133681447632194,Bear,0.5,0.0,0.0,0.0,0.34483238537323635,0.0,0.0,0.133601501951507,0.012902927151578661,0.0,0.0,0.35274584737281617,0.0,0.0,0.1363451777446342,0.01090897488254964,0.0,0.0
2022-05-11,1268505425.979751,643406962.2697511,1857396.96,623241066.75,0.4913191965802034,Bear,0.5,0.0,0.0,0.0,0.34424288442655077,0.0,0.0,0.13415212620676362,0.012924185946889044,0.0,0.0,0.35274584737281617,0.0,0.0,0.1363451777446342,0.01090897488254964,0.0,0.0
2022-05-12,1253356519.579751,643406962.2697511,1857396.96,608092160.35,0.48517093967316866,Crisis,1.0,0.0,0.0,0.0,0.33790326513959773,0.0,0.0,0.13449796396042416,0.012769710573146784,0.0,0.0,0.7054916947456323,0.0,0.0,0.2726903554892684,0.02181794976509928,0.0,0.0
2022-05-13,1256683686.6601348,571645226.1001346,1857396.96,683181063.6,0.5436380457962957,Bear,1.0,0.0,0.0,0.0,0.3389621176129753,0.0,0.0,0.1883195449357363,0.016356383247584056,0.0,0.0,0.7054916947456323,0.0,0.0,0.2726903554892684,0.02181794976509928,0.0,0.0
2022-05-16,1258665543.767137,522109174.4571371,1857396.96,734698972.35,0.5837126280195727,Bear,1.0,0.0,0.0,0.0,0.3402574849774654,0.0,0.0,0.2246924144388293,0.018762728603277906,0.0,0.0,0.7054916947456323,0.0,0.0,0.2726903554892684,0.02181794976509928,0.0,0.0
2022-05-17,1263608201.2239578,491168042.7639577,1857396.96,770582761.5,0.609827287250587,Bear,1.0,0.0,0.0,0.0,0.3432526087436543,0.0,0.0,0.24620408422377807,0.020370594283154582,0.0,0.0,0.7054916947456323,0.0,0.0,0.2726903554892684,0.02181794976509928,0.0,0.0
2022-05-18,1289074136.1573966,473320935.04739654,1857396.96,813895804.15,0.631380136580929,Bear,1.0,0.0,0.0,0.0,0.3530140675279492,0.0,0.0,0.2574985337844608,0.020867535268518894,0.0,0.0,0.7054916947456323,0.0,0.0,0.2726903554892684,0.02181794976509928,0.0,0.0
2022-05-19,1280745257.7352352,221343810.6252352,1857396.96,1057544050.1500001,0.825725524855797,Bear,1.0,0.0,0.0,0.0,0.5380790957357301,0.0,0.0,0.26656284529501373,0.021083583825053046,0.0,0.0,0.7054916947456323,0.0,0.0,0.2726903554892684,0.02181794976509928,0.0,0.0
2022-05-20,1290852746.2948651,52927843.9848652,1857396.96,1236067505.35,0.9575588764077736,Bear,1.0,0.0,0.0,0.0,0.6663687301429122,0.0,0.0,0.26955979370904654,0.021630352555815042,0.0,0.0,0.7054916947456323,0.0,0.0,0.2726903554892684,0.02181794976509928,0.0,0.0
2022-05-23,1290086746.416545,11730980.20654495,1857396.96,1276498369.25,0.9894670825785249,Bear,1.0,0.0,0.0,0.0,0.6989966153476291,0.0,0.0,0.26868704834215834,0.021783418888737447,0.0,0.0,0.7054916947456323,0.0,0.0,0.2726903554892684,0.02181794976509928,0.0,0.0
2022-05-24,1292258520.016545,11730980.20654495,1857396.96,1278670142.8500001,0.9894847842315863,Bear,1.0,0.0,0.0,0.0,0.7004813888465681,0.0,0.0,0.26750034505137116,0.02150305033364704,0.0,0.0,0.7054916947456323,0.0,0.0,0.2726903554892684,0.02181794976509928,0.0,0.0
2022-05-25,1300077385.916545,11730980.20654495,1857396.96,1286489008.75,0.9895480243608997,Bear,0.5,0.0,0.0,0.0,0.6989829748552627,0.0,0.0,0.26902690854315936,0.02153814096247765,0.0,0.0,0.35274584737281617,0.0,0.0,0.1363451777446342,0.01090897488254964,0.0,0.0
2022-05-26,1308068654.9207618,240954335.26076186,1857396.96,1065256922.6999999,0.8143738623295192,Bear,0.5,0.0,0.0,0.0,0.5813872382302961,0.0,0.0,0.21607466774526554,0.01691195635395764,0.0,0.0,0.35274584737281617,0.0,0.0,0.1363451777446342,0.01090897488254964,0.0,0.0
2022-05-27,1312437483.7338717,477736519.2238717,1857396.96,832843567.55,0.6345777058885641,Bear,0.5,0.0,0.0,0.0,0.4586537454244645,0.0,0.0,0.1625366561408388,0.01338730432326081,0.0,0.0,0.35274584737281617,0.0,0.0,0.1363451777446342,0.01090897488254964,0.0,0.0
2022-05-30,1317691231.420814,610049885.5608141,1857396.96,705783948.9,0.5356216479781696,Bear,0.5,0.0,0.0,0.0,0.3807457976016362,0.0,0.0,0.1430714536945974,0.011804396681935987,0.0,0.0,0.35274584737281617,0.0,0.0,0.1363451777446342,0.01090897488254964,0.0,0.0
2022-05-31,1315778123.5303512,644675396.5703512,1857396.96,669245330.0,0.5086308383090871,Bear,0.5,0.0,0.0,0.0,0.35951747603978784,0.0,0.0,0.137768744409299,0.011344617860000223,0.0,0.0,0.35274584737281617,0.0,0.0,0.1363451777446342,0.01090897488254964,0.0,0.0
2022-06-01,1307217969.4303513,644675396.5703512,1857396.96,660685175.9,0.5054131685383028,Bear,0.5,0.0,0.0,0.0,0.3555385840530727,0.0,0.0,0.1385128603142624,0.011361724170967594,0.0,0.0,0.35274584737281617,0.0,0.0,0.1363451777446342,0.01090897488254964,0.0,0.0
2022-06-02,1302323304.0303512,644675396.5703512,1857396.96,655790510.5,0.5035543082662342,Bear,0.5,0.0,0.0,0.0,0.35333431343502697,0.0,0.0,0.13893477866828002,0.011285216162927145,0.0,0.0,0.35274584737281617,0.0,0.0,0.1363451777446342,0.01090897488254964,0.0,0.0
2022-06-06,1302900664.6803513,644675396.5703512,1857396.96,656367871.15,0.5037743006379007,Bear,0.5,0.0,0.0,0.0,0.3526530330404929,0.0,0.0,0.13976161417085056,0.011359653426557348,0.0,0.0,0.35274584737281617,0.0,0.0,0.1363451777446342,0.01090897488254964,0.0,0.0
2022-06-07,1301435930.5303512,644675396.5703512,1857396.96,654903137.0,0.5032158108106934,Bear,0.5,0.0,0.0,0.0,0.3527239614576589,0.0,0.0,0.13923428403129837,0.011257565321736229,0.0,0.0,0.35274584737281617,0.0,0.0,0.1363451777446342,0.01090897488254964,0.0,0.0
2022-06-08,1305022776.1803513,644675396.5703512,1857396.96,658489982.65,0.5045812185572139,Bear,0.5,0.0,0.0,0.0,0.35378116847992475,0.0,0.0,0.1394500565979777,0.011349993479311518,0.0,0.0,0.35274584737281617,0.0,0.0,0.1363451777446342,0.01090897488254964,0.0,0.0
2022-06-09,1302307418.4803514,644675396.5703512,1857396.96,655774624.95,0.5035482526201198,Bear,0.5,0.0,0.0,0.0,0.35274852805956813,0.0,0.0,0.1394613878587379,0.011338336701813683,0.0,0.0,0.35274584737281617,0.0,0.0,0.1363451777446342,0.01090897488254964,0.0,0.0
2022-06-10,1298022721.3803513,644675396.5703512,1857396.96,651489927.85,0.5019094944325694,Bear,0.5,0.0,0.0,0.0,0.3518099647472878,0.0,0.0,0.13883894097659052,0.01126058870869104,0.0,0.0,0.35274584737281617,0.0,0.0,0.1363451777446342,0.01090897488254964,0.0,0.0
2022-06-13,1294131303.9303513,644675396.5703512,1857396.96,647598510.4,0.5004117498998796,Bear,0.5,0.0,0.0,0.0,0.349902485956997,0.0,0.0,0.13953027753180608,0.010978986411076471,0.0,0.0,0.35274584737281617,0.0,0.0,0.1363451777446342,0.01090897488254964,0.0,0.0
2022-06-14,1294764979.2803512,644675396.5703512,1857396.96,648232185.75,0.5006562550914041,Bear,0.5,0.0,0.0,0.0,0.35071796273204253,0.0,0.0,0.13898244305311575,0.010955849306245805,0.0,0.0,0.35274584737281617,0.0,0.0,0.1363451777446342,0.01090897488254964,0.0,0.0
2022-06-15,1298962119.3803513,644675396.5703512,1857396.96,652429325.85,0.5022697091130193,Bear,0.5,0.0,0.0,0.0,0.35195119936837427,0.0,0.0,0.13945117975142396,0.010867329993220994,0.0,0.0,0.35274584737281617,0.0,0.0,0.1363451777446342,0.01090897488254964,0.0,0.0
2022-06-16,1296608856.5303512,644675396.5703512,1857396.96,650076063.0,0.5013663601986841,Bear,0.5,0.0,0.0,0.0,0.35120827742806676,0.0,0.0,0.1392932024876789,0.010864880282938465,0.0,0.0,0.35274584737281617,0.0,0.0,0.1363451777446342,0.01090897488254964,0.0,0.0
2022-06-17,1291330159.8803513,644675396.5703512,1857396.96,644797366.35,0.4993280466784296,Crisis,0.5,0.0,0.0,0.0,0.34814962920997344,0.0,0.0,0.14041606525847783,0.010762352209978353,0.0,0.0,0.35274584737281617,0.0,0.0,0.1363451777446342,0.01090897488254964,0.0,0.0
2022-06-20,1280578768.6803513,644675396.5703512,1857396.96,634045975.15,0.495124541072464,Crisis,0.5,0.0,0.0,0.0,0.3427411385262134,0.0,0.0,0.1416294760117733,0.01075392653447738,0.0,0.0,0.35274584737281617,0.0,0.0,0.1363451777446342,0.01090897488254964,0.0,0.0
2022-06-21,1299583098.2803512,644675396.5703512,1857396.96,653050304.75,0.5025075392363416,Crisis,0.5,0.0,0.0,0.0,0.35060036203372413,0.0,0.0,0.14109370939236715,0.010813467810250355,0.0,0.0,0.35274584737281617,0.0,0.0,0.1363451777446342,0.01090897488254964,0.0,0.0
2022-06-22,1293096108.3303514,644675396.5703512,1857396.96,646563314.8,0.5000118016245861,Crisis,0.5,0.0,0.0,0.0,0.3479366397451555,0.0,0.0,0.14144756822148954,0.010627593657941132,0.0,0.0,0.35274584737281617,0.0,0.0,0.1363451777446342,0.01090897488254964,0.0,0.0
2022-06-23,1297730343.9803514,644675396.5703512,1857396.96,651197550.45,0.501797275120092,Crisis,0.5,0.0,0.0,0.0,0.3491936152622329,0.0,0.0,0.14215580367348885,0.010447856184370214,0.0,0.0,0.35274584737281617,0.0,0.0,0.1363451777446342,0.01090897488254964,0.0,0.0
2022-06-24,1307110570.5303512,644675396.5703512,1857396.96,660577777.0,0.505372530750765,Crisis,1.0,0.0,0.0,0.0,0.3516507611238287,0.0,0.0,0.1433268953857411,0.01039487424119527,0.0,0.0,0.7054916947456323,0.0,0.0,0.2726903554892684,0.02181794976509928,0.0,0.0
2022-06-27,1300927437.341714,381714454.53171384,1857396.96,917355585.85,0.7051550759237609,Crisis,1.0,0.0,0.0,0.0,0.4946120493582796,0.0,0.0,0.19510965232515756,0.015433374240323752,0.0,0.0,0.7054916947456323,0.0,0.0,0.2726903554892684,0.02181794976509928,0.0,0.0
2022-06-28,1302541780.5166261,120776250.45662628,1857396.96,1179908133.1,0.9058505076374701,Crisis,1.0,0.0,0.0,0.0,0.6373780446188174,0.0,0.0,0.24897397139259023,0.01949849162606252,0.0,0.0,0.7054916947456323,0.0,0.0,0.2726903554892684,0.02181794976509928,0.0,0.0
2022-06-29,1302653669.85323,29903195.343229905,1857396.96,1270893077.55,0.9756185446383393,Crisis,1.0,0.0,0.0,0.0,0.6861264803028596,0.0,0.0,0.26851642005461834,0.020975644280861384,0.0,0.0,0.7054916947456323,0.0,0.0,0.2726903554892684,0.02181794976509928,0.0,0.0
2022-06-30,1282023554.0927198,6561049.582719785,6211956.96,1269250547.55,0.9900368394153576,Crisis,1.0,0.0,0.0,0.0,0.7031095058061686,0.0,0.0,0.265610408570834,0.021316925038355028,0.0,0.0,0.7054916947456323,0.0,0.0,0.2726903554892684,0.02181794976509928,0.0,0.0
2022-07-01,1276660557.8427198,6561049.582719785,6211956.96,1263887551.3,0.989994986165858,Crisis,1.0,0.0,0.0,0.0,0.6982942692350552,0.0,0.0,0.2710798871900572,0.02062082974074558,0.0,0.0,0.7054916947456323,0.0,0.0,0.2726903554892684,0.02181794976509928,0.0,0.0
2022-07-04,1285577245.49272,6561049.582719785,6211956.96,1272804238.95,0.9900643803493703,Crisis,1.0,0.0,0.0,0.0,0.6960622102540687,0.0,0.0,0.2737262978430593,0.020275872252242356,0.0,0.0,0.7054916947456323,0.0,0.0,0.2726903554892684,0.02181794976509928,0.0,0.0
2022-07-05,1285638232.7927198,6561049.582719785,6211956.96,1272865226.25,0.9900648516690627,Crisis,1.0,0.0,0.0,0.0,0.6966424950699177,0.0,0.0,0.273046484653352,0.020375871945792944,0.0,0.0,0.7054916947456323,0.0,0.0,0.2726903554892684,0.02181794976509928,0.0,0.0
2022-07-06,1270969385.74272,6561049.582719785,6211956.96,1258196379.2,0.9899501855150857,Crisis,1.0,0.0,0.0,0.0,0.6931191176451561,0.0,0.0,0.27661925137130616,0.020211816498623435,0.0,0.0,0.7054916947456323,0.0,0.0,0.2726903554892684,0.02181794976509928,0.0,0.0
2022-07-07,1269852384.69272,6561049.582719785,6211956.96,1257079378.15,0.9899413453904639,Crisis,0.5,0.0,0.0,0.0,0.6934023897297864,0.0,0.0,0.2757053530160663,0.02083360264461113,0.0,0.0,0.35274584737281617,0.0,0.0,0.1363451777446342,0.01090897488254964,0.0,0.0
2022-07-08,1262102494.5416229,258145084.33162293,10477556.96,993479853.25,0.7871625779575194,Crisis,0.5,0.0,0.0,0.0,0.5562042752359437,0.0,0.0,0.2138196391870773,0.017138663534498416,0.0,0.0,0.35274584737281617,0.0,0.0,0.1363451777446342,0.01090897488254964,0.0,0.0
2022-07-11,1251954839.2934418,508898765.63344175,10477556.96,732578516.6999999,0.5851477175593977,Crisis,0.5,0.0,0.0,0.0,0.41209439071394033,0.0,0.0,0.16023197778700485,0.012821349058452483,0.0,0.0,0.35274584737281617,0.0,0.0,0.1363451777446342,0.01090897488254964,0.0,0.0
2022-07-12,1241498653.6631474,587582842.0031474,10477556.96,643438254.7,0.5182754349362206,Crisis,0.5,0.0,0.0,0.0,0.36386938750766484,0.0,0.0,0.14311131105600652,0.011294736372549189,0.0,0.0,0.35274584737281617,0.0,0.0,0.1363451777446342,0.01090897488254964,0.0,0.0
2022-07-13,1254882699.6131473,587582842.0031474,10477556.96,656822300.65,0.5234133045682149,Crisis,0.5,0.0,0.0,0.0,0.36975065541427826,0.0,0.0,0.1420905715370593,0.01157207761687741,0.0,0.0,0.35274584737281617,0.0,0.0,0.1363451777446342,0.01090897488254964,0.0,0.0
2022-07-14,1252835545.509461,609117222.7994608,12963806.96,630754515.75,0.5034615421080714,Crisis,0.5,0.0,0.0,0.0,0.356781715965948,0.0,0.0,0.1354876149614468,0.011192211180676556,0.0,0.0,0.35274584737281617,0.0,0.0,0.1363451777446342,0.01090897488254964,0.0,0.0
2022-07-15,1244472907.009461,609117222.7994608,12963806.96,622391877.25,0.5001248912245451,Crisis,0.5,0.0,0.0,0.0,0.3521974442201881,0.0,0.0,0.13651177060032893,0.011415676404027972,0.0,0.0,0.35274584737281617,0.0,0.0,0.1363451777446342,0.01090897488254964,0.0,0.0
2022-07-18,1245538740.0594606,609117222.7994608,13185206.96,623236310.3,0.5003748902023291,Crisis,0.5,0.0,0.0,0.0,0.3547509170842059,0.0,0.0,0.13434644352532277,0.011277529592800487,0.0,0.0,0.35274584737281617,0.0,0.0,0.1363451777446342,0.01090897488254964,0.0,0.0
2022-07-19,1244048046.7094607,609117222.7994608,13185206.96,621745616.9499999,0.49977620928269867,Crisis,0.5,0.0,0.0,0.0,0.35705173777242183,0.0,0.0,0.13142354142386567,0.011300930086411176,0.0,0.0,0.35274584737281617,0.0,0.0,0.1363451777446342,0.01090897488254964,0.0,0.0
2022-07-20,1241547612.8594608,609117222.7994608,13185206.96,619245183.1,0.4987687759100839,Crisis,0.5,0.0,0.0,0.0,0.3571135158311391,0.0,0.0,0.13025726788482517,0.011397992194119634,0.0,0.0,0.3395593855296121,0.0,0.0,0.14571209084948958,0.014728523620898312,0.0,0.0
2022-07-21,1248411708.895173,608144995.9351729,13185206.96,627081506.0,0.502303448078806,Crisis,0.5,0.0,0.0,0.0,0.3473412279862001,0.0,0.0,0.1410756553668214,0.013886564725784454,0.0,0.0,0.3395593855296121,0.0,0.0,0.14571209084948958,0.014728523620898312,0.0,0.0
2022-07-22,1248884996.9451728,608144995.9351729,13185206.96,627554794.05,0.5024920593849925,Crisis,0.5,0.0,0.0,0.0,0.3481046654523032,0.0,0.0,0.14045240388751393,0.013934990045175486,0.0,0.0,0.3395593855296121,0.0,0.0,0.14571209084948958,0.014728523620898312,0.0,0.0
2022-07-25,1257515461.145173,608144995.9351729,13185206.96,636185258.25,0.5059065100246557,Crisis,0.5,0.0,0.0,0.0,0.3510465452631421,0.0,0.0,0.14103246081642085,0.013827503945092743,0.0,0.0,0.3395593855296121,0.0,0.0,0.14571209084948958,0.014728523620898312,0.0,0.0
2022-07-26,1257455259.045173,608144995.9351729,13185206.96,636125056.15,0.5058828547371385,Crisis,0.5,0.0,0.0,0.0,0.3511398938243559,0.0,0.0,0.14103921290580793,0.013703748006974586,0.0,0.0,0.3395593855296121,0.0,0.0,0.14571209084948958,0.014728523620898312,0.0,0.0
2022-07-27,1268070213.6951728,608144995.9351729,13185206.96,646740010.8,0.5100190855484187,Crisis,0.5,0.0,0.0,0.0,0.354112182393666,0.0,0.0,0.14219449211299331,0.013712411041759487,0.0,0.0,0.3395593855296121,0.0,0.0,0.14571209084948958,0.014728523620898312,0.0,0.0
2022-07-28,1272568521.645173,608144995.9351729,13185206.96,651238318.75,0.5117510826906836,Crisis,0.5,0.0,0.0,0.0,0.3568258298287622,0.0,0.0,0.14123789559688246,0.013687357265039,0.0,0.0,0.3395593855296121,0.0,0.0,0.14571209084948958,0.014728523620898312,0.0,0.0
2022-07-29,1274654876.8289075,617117491.9689076,13185206.96,644352177.9,0.5055110913653917,Crisis,0.5,0.0,0.0,0.0,0.3469309112127276,0.0,0.0,0.14404604990551118,0.014534130247152917,0.0,0.0,0.3395593855296121,0.0,0.0,0.14571209084948958,0.014728523620898312,0.0,0.0
2022-08-01,1275589554.1289077,617117491.9689076,13185206.96,645286855.2,0.5058734238700022,Crisis,0.5,0.0,0.0,0.0,0.34736213052684056,0.0,0.0,0.14403089097532176,0.01448040236783984,0.0,0.0,0.3395593855296121,0.0,0.0,0.14571209084948958,0.014728523620898312,0.0,0.0
2022-08-02,1272741969.1289077,617117491.9689076,13185206.96,642439270.2,0.5047678836580674,Crisis,0.5,0.0,0.0,0.0,0.3458000371443897,0.0,0.0,0.14471409324708553,0.014253753266592077,0.0,0.0,0.3395593855296121,0.0,0.0,0.14571209084948958,0.014728523620898312,0.0,0.0
2022-08-03,1273642845.7289076,621383091.9689076,8919606.96,643340146.8000001,0.5051181726159782,Crisis,0.5,4265600.0,0.0,0.0,0.34669255849923386,0.0,0.0,0.14409565492826018,0.014329959188484103,0.0,0.0,0.3395593855296121,0.0,0.0,0.14571209084948958,0.014728523620898312,0.0,0.0
2022-08-04,1273578794.0789075,621383095.9689076,8919627.96,643276070.15,0.5050932640687046,Crisis,0.5,4.0,0.0,4.0,0.34672815078502367,0.0,0.0,0.14399745100391292,0.01436766227976805,0.0,0.0,0.3395593855296121,0.0,0.0,0.14571209084948958,0.014728523620898312,0.0,0.0
2022-08-05,1279363840.2289076,625737655.9689076,4565067.96,649061116.3,0.5073311405955229,Crisis,1.0,4354560.0,0.0,0.0,0.3488667588261223,0.0,0.0,0.14379967153603712,0.014664710233363432,0.0,0.0,0.6791187710592242,0.0,0.0,0.29142418169897916,0.029457047241796624,0.0,0.0
2022-08-08,1287092844.3279037,371023276.4179036,4565067.96,911504499.95,0.7081886158927183,Crisis,1.0,0.0,0.0,0.0,0.4832113337361957,0.0,0.0,0.20450148655549763,0.020475795601024964,0.0,0.0,0.6791187710592242,0.0,0.0,0.29142418169897916,0.029457047241796624,0.0,0.0
2022-08-09,1297071249.242342,286553238.38234186,4565067.96,1005952942.9,0.7755571974073183,Crisis,1.0,0.0,0.0,0.0,0.48815151308754384,0.0,0.0,0.26104163529781443,0.026364049021959997,0.0,0.0,0.6791187710592242,0.0,0.0,0.29142418169897916,0.029457047241796624,0.0,0.0
2022-08-10,1311310893.0091538,68113262.59915364,19798778.96,1223398851.45,0.9329586583716878,Crisis,1.0,3.0,457011.0,3.0,0.623299215927656,0.0,0.0,0.28160751349559804,0.028051928948433755,0.0,0.0,0.6791187710592242,0.0,0.0,0.29142418169897916,0.029457047241796624,0.0,0.0
2022-08-11,1326936156.5224216,1185871.1624216354,20760856.06,1304989429.3,0.9834606004859053,Crisis,1.0,1.0,20069.0,1.0,0.6660407699012505,0.0,0.0,0.2881975128345507,0.029222317750104046,0.0,0.0,0.6791187710592242,0.0,0.0,0.29142418169897916,0.029457047241796624,0.0,0.0
2022-08-12,1324422003.6724217,1185871.1624216354,20760856.06,1302475276.45,0.9834292037118331,Crisis,1.0,0.0,0.0,0.0,0.6654747308683305,0.0,0.0,0.28849377233278306,0.029460700510719307,0.0,0.0,0.6791187710592242,0.0,0.0,0.29142418169897916,0.029457047241796624,0.0,0.0
2022-08-15,1323994271.2224216,1185871.1624216354,20760856.06,1302047544.0,0.9834238503145798,Crisis,1.0,0.0,0.0,0.0,0.6656331248218436,0.0,0.0,0.28805215270899837,0.029738572783737895,0.0,0.0,0.6791187710592242,0.0,0.0,0.29142418169897916,0.029457047241796624,0.0,0.0
2022-08-16,1320495721.5224216,1185871.1624216354,20760856.06,1298548994.3,0.9833799331079097,Crisis,1.0,0.0,0.0,0.0,0.6686638812294005,0.0,0.0,0.2848497680600877,0.029866283818421557,0.0,0.0,0.6791187710592242,0.0,0.0,0.29142418169897916,0.029457047241796624,0.0,0.0
2022-08-17,1325667632.1724217,3672121.1624216354,18274606.06,1303720904.95,0.9834447740219343,Crisis,1.0,2486250.0,0.0,0.0,0.6702279164001179,0.0,0.0,0.2834549104772336,0.029761947144582915,0.0,0.0,0.6791187710592242,0.0,0.0,0.29142418169897916,0.029457047241796624,0.0,0.0
2022-08-18,1323624558.8224216,3672121.1624216354,18274606.06,1301677831.6,0.983419220294653,Crisis,1.0,0.0,0.0,0.0,0.671386591973339,0.0,0.0,0.28241996380950474,0.029612664511809328,0.0,0.0,0.6791187710592242,0.0,0.0,0.29142418169897916,0.029457047241796624,0.0,0.0
2022-08-19,1317599322.8724217,3893521.1624216354,18053206.06,1295652595.65,0.9833433982232346,Crisis,1.0,221400.0,0.0,0.0,0.672541136191675,0.0,0.0,0.28100515351877586,0.029797108512783794,0.0,0.0,0.6791187710592242,0.0,0.0,0.29142418169897916,0.029457047241796624,0.0,0.0
2022-08-22,1314127998.4224217,3893521.1624216354,18053206.06,1292181271.2,0.9832993991081781,Crisis,1.0,0.0,0.0,0.0,0.6694859802516699,0.0,0.0,0.28436773316496744,0.02944568569154061,0.0,0.0,0.6791187710592242,0.0,0.0,0.29142418169897916,0.029457047241796624,0.0,0.0
2022-08-23,1297548393.4724216,3893521.1624216354,18053206.06,1275601666.25,0.9830860048589871,Crisis,0.5,0.0,0.0,0.0,0.6673514225798349,0.0,0.0,0.2863109398222965,0.02942364245685566,0.0,0.0,0.3395593855296121,0.0,0.0,0.14571209084948958,0.014728523620898312,0.0,0.0
2022-08-24,1299149579.3360696,199771514.37606952,18053206.06,1081324858.9,0.8323328399587453,Crisis,0.5,0.0,0.0,0.0,0.5804126567822572,0.0,0.0,0.2285970027806748,0.02332318039581321,0.0,0.0,0.3395593855296121,0.0,0.0,0.14571209084948958,0.014728523620898312,0.0,0.0
2022-08-25,1304884115.2957273,458775117.98572737,18053185.06,828055812.25,0.6345818778415713,Crisis,0.5,21.0,0.0,0.0,0.43845779525052775,0.0,0.0,0.17779371921269924,0.0183303633783443,0.0,0.0,0.3395593855296121,0.0,0.0,0.14571209084948958,0.014728523620898312,0.0,0.0
2022-08-26,1307115216.7164974,590172164.5564976,18053185.06,698889867.1,0.534681149880289,Crisis,0.5,0.0,0.0,0.0,0.3653791655028876,0.0,0.0,0.15356412153492344,0.01573786284247789,0.0,0.0,0.3395593855296121,0.0,0.0,0.14571209084948958,0.014728523620898312,0.0,0.0
2022-08-29,1301623852.9810658,623262208.6210659,18053185.06,660308459.3000001,0.5072959117856649,Crisis,0.5,0.0,0.0,0.0,0.3439600912926053,0.0,0.0,0.14865093287654632,0.014684887616513315,0.0,0.0,0.3395593855296121,0.0,0.0,0.14571209084948958,0.014728523620898312,0.0,0.0
2022-08-30,1301875886.1810658,623262208.6210659,18053185.06,660560492.5,0.5073912955233344,Crisis,0.5,0.0,0.0,0.0,0.3438935287551157,0.0,0.0,0.1487905276195116,0.014707239148707162,0.0,0.0,0.3395593855296121,0.0,0.0,0.14571209084948958,0.014728523620898312,0.0,0.0
2022-08-31,1306008103.781066,623262208.6210659,18053185.06,664692710.1,0.5089499124665665,Crisis,0.5,0.0,0.0,0.0,0.3469628624723771,0.0,0.0,0.14721960717039423,0.01476744282379514,0.0,0.0,0.3395593855296121,0.0,0.0,0.14571209084948958,0.014728523620898312,0.0,0.0
2022-09-01,1297076134.5810657,623262208.6210659,18053185.06,655760740.9,0.5055684268771161,Crisis,0.5,0.0,0.0,0.0,0.3441998730816192,0.0,0.0,0.1468091925548406,0.014559361240656406,0.0,0.0,0.3395593855296121,0.0,0.0,0.14571209084948958,0.014728523620898312,0.0,0.0
2022-09-02,1294551649.0810657,623262208.6210659,18053185.06,653236255.4,0.5046042433793183,Crisis,0.5,0.0,0.0,0.0,0.34325571769610697,0.0,0.0,0.14691912843725397,0.014429397245957447,0.0,0.0,0.3395593855296121,0.0,0.0,0.14571209084948958,0.014728523620898312,0.0,0.0
2022-09-05,1298863083.9810658,623262208.6210659,18053185.06,657547690.3,0.5062486557740873,Crisis,0.5,0.0,0.0,0.0,0.34501526436987606,0.0,0.0,0.14682032490714775,0.014413066497063443,0.0,0.0,0.3395593855296121,0.0,0.0,0.14571209084948958,0.014728523620898312,0.0,0.0
2022-09-06,1302990322.2310658,623262208.6210659,18053185.06,661674928.5500001,0.5078126193731329,Crisis,0.5,0.0,0.0,0.0,0.3468076629888158,0.0,0.0,0.14654314521158732,0.014461811172729778,0.0,0.0,0.3395593855296121,0.0,0.0,0.14571209084948958,0.014728523620898312,0.0,0.0
2022-09-07,1294063047.2310658,623262208.6210659,18053185.06,652747653.55,0.5044171958597365,Crisis,0.5,0.0,0.0,0.0,0.3433868655015037,0.0,0.0,0.14681093043071572,0.014219399927517121,0.0,0.0,0.3395593855296121,0.0,0.0,0.14571209084948958,0.014728523620898312,0.0,0.0
2022-09-08,1300485045.6310658,623374485.7210659,17940907.96,659169651.95,0.506864461198118,Crisis,0.5,112277.1,0.0,0.0,0.3452263087978374,0.0,0.0,0.14738808465651246,0.014250067743768071,0.0,0.0,0.3395593855296121,0.0,0.0,0.14571209084948958,0.014728523620898312,0.0,0.0
2022-09-12,1304368903.3810658,623374485.7210659,17940907.96,663053509.7,0.5083328098218942,Crisis,1.0,0.0,0.0,0.0,0.3477260984406445,0.0,0.0,0.14609731917560695,0.014509392205642737,0.0,0.0,0.6791187710592242,0.0,0.0,0.29142418169897916,0.029457047241796624,0.0,0.0
2022-09-13,1302495201.6559606,376992425.4959605,2707196.96,922795579.1999999,0.7084829011475667,Crisis,1.0,15233711.0,0.0,0.0,0.4821642938888027,0.0,0.0,0.20565672691879447,0.020661880339969577,0.0,0.0,0.6791187710592242,0.0,0.0,0.29142418169897916,0.029457047241796624,0.0,0.0
2022-09-14,1290499442.2589684,119596666.44896838,2707196.96,1168195578.85,0.9052274961119856,Crisis,1.0,0.0,0.0,0.0,0.614644921861831,0.0,0.0,0.2642506372595297,0.02633193699062511,0.0,0.0,0.6791187710592242,0.0,0.0,0.29142418169897916,0.029457047241796624,0.0,0.0
2022-09-15,1297709353.5499833,90343068.98998338,2707196.96,1204659087.6,0.9282965282669519,Crisis,1.0,0.0,0.0,0.0,0.6165612780791152,0.0,0.0,0.28322250972035057,0.02851274046748623,0.0,0.0,0.6791187710592242,0.0,0.0,0.29142418169897916,0.029457047241796624,0.0,0.0
2022-09-16,1302436446.2636693,21898923.20366925,1857396.96,1278680126.1,0.9817600926081118,Crisis,1.0,849800.0,0.0,0.0,0.6668208484118079,0.0,0.0,0.28616306083049187,0.028776183365812082,0.0,0.0,0.6791187710592242,0.0,0.0,0.29142418169897916,0.029457047241796624,0.0,0.0
2022-09-19,1290433840.7136693,21898923.20366925,1857396.96,1266677520.55,0.9815904392661223,Crisis,1.0,0.0,0.0,0.0,0.6647919044618036,0.0,0.0,0.2878837242787637,0.028914810525555022,0.0,0.0,0.6791187710592242,0.0,0.0,0.29142418169897916,0.029457047241796624,0.0,0.0
2022-09-20,1291256502.7636693,21898923.20366925,1857396.96,1267500182.6,0.9816021680333661,Crisis,1.0,0.0,0.0,0.0,0.6646549548932482,0.0,0.0,0.28779293595396077,0.02915427718615722,0.0,0.0,0.6791187710592242,0.0,0.0,0.29142418169897916,0.029457047241796624,0.0,0.0
2022-09-21,1291800480.8136694,21898923.20366925,1857396.96,1268044160.65,0.9816099153727625,Crisis,1.0,0.0,0.0,0.0,0.6645721018072838,0.0,0.0,0.28814070402385106,0.028897109541627747,0.0,0.0,0.6791187710592242,0.0,0.0,0.29142418169897916,0.029457047241796624,0.0,0.0
2022-09-22,1274885644.2136693,21898923.20366925,1857396.96,1251129324.05,0.9813659207227783,Crisis,1.0,0.0,0.0,0.0,0.6661318039813681,0.0,0.0,0.28630622805791445,0.02892788868349591,0.0,0.0,0.6791187710592242,0.0,0.0,0.29142418169897916,0.029457047241796624,0.0,0.0
2022-09-23,1274191418.9136693,21898923.20366925,1857396.96,1250435098.75,0.9813557682063789,Crisis,0.5,0.0,0.0,0.0,0.667166397553331,0.0,0.0,0.285520130335024,0.02866924031802402,0.0,0.0,0.3395593855296121,0.0,0.0,0.14571209084948958,0.014728523620898312,0.0,0.0
2022-09-26,1262646471.1306863,273686864.7206861,1857396.96,987102209.45,0.7817724375106048,Crisis,0.5,0.0,0.0,0.0,0.5276059646794429,0.0,0.0,0.23148799500327252,0.02267847782788935,0.0,0.0,0.3395593855296121,0.0,0.0,0.14571209084948958,0.014728523620898312,0.0,0.0
2022-09-27,1264147755.1302037,491542213.0202037,1857396.96,770748145.1500001,0.6096978316198609,Crisis,0.5,0.0,0.0,0.0,0.4217930562199836,0.0,0.0,0.1708972698193405,0.017007505580536795,0.0,0.0,0.3395593855296121,0.0,0.0,0.14571209084948958,0.014728523620898312,0.0,0.0
2022-09-28,1265554163.7714539,585877539.7614536,1857396.96,677819227.0500001,0.535590847435596,Crisis,0.5,0.0,0.0,0.0,0.3676311456030425,0.0,0.0,0.1529899750975536,0.01496972673499992,0.0,0.0,0.3395593855296121,0.0,0.0,0.14571209084948958,0.014728523620898312,0.0,0.0
2022-09-29,1265652456.1442204,619256630.3342202,1857396.96,644538428.85,0.5092538838138637,Crisis,0.5,0.0,0.0,0.0,0.34693341502903474,0.0,0.0,0.1475674456232539,0.014753023161575025,0.0,0.0,0.3395593855296121,0.0,0.0,0.14571209084948958,0.014728523620898312,0.0,0.0
2022-09-30,1258208194.7942202,619256630.3342202,1857396.96,637094167.5,0.5063503561143128,Crisis,0.5,0.0,0.0,0.0,0.3450818944721711,0.0,0.0,0.14663328435098466,0.014635177291156988,0.0,0.0,0.3395593855296121,0.0,0.0,0.14571209084948958,0.014728523620898312,0.0,0.0
2022-10-03,1246390885.0442202,619256630.3342202,1857396.96,625276857.75,0.5016699538265766,Crisis,0.5,0.0,0.0,0.0,0.3422410761090138,0.0,0.0,0.14483345647508922,0.014595421242473695,0.0,0.0,0.3395593855296121,0.0,0.0,0.14571209084948958,0.014728523620898312,0.0,0.0
2022-10-04,1247917917.7942202,619256630.3342202,1857396.96,626803890.5,0.5022797425714653,Crisis,0.5,0.0,0.0,0.0,0.342298627505113,0.0,0.0,0.14503269599647242,0.014948419069879948,0.0,0.0,0.3395593855296121,0.0,0.0,0.14571209084948958,0.014728523620898312,0.0,0.0
2022-10-05,1245257957.7942202,619256630.3342202,1857396.96,624143930.5,0.5012165765281061,Crisis,0.5,0.0,0.0,0.0,0.3413334786094493,0.0,0.0,0.14455253939420798,0.015330558524448892,0.0,0.0,0.3395593855296121,0.0,0.0,0.14571209084948958,0.014728523620898312,0.0,0.0
2022-10-06,1249581523.1442204,619256630.3342202,1857396.96,628467495.85,0.5029423724741371,Crisis,0.5,0.0,0.0,0.0,0.3448055111809396,0.0,0.0,0.14275251089753205,0.015384350395665432,0.0,0.0,0.3395593855296121,0.0,0.0,0.14571209084948958,0.014728523620898312,0.0,0.0
2022-10-07,1243871373.3942204,619256630.3342202,1857396.96,622757346.1,0.5006605662132474,Crisis,0.5,0.0,0.0,0.0,0.3427443184391729,0.0,0.0,0.1427188564647008,0.015197391309373658,0.0,0.0,0.3395593855296121,0.0,0.0,0.14571209084948958,0.014728523620898312,0.0,0.0
2022-10-11,1231611785.6442204,619256630.3342202,1857396.96,610497758.35,0.49569009120082946,Crisis,0.5,0.0,0.0,0.0,0.33758036679758135,0.0,0.0,0.14355595006548133,0.0145537743377668,0.0,0.0,0.3395593855296121,0.0,0.0,0.14571209084948958,0.014728523620898312,0.0,0.0
2022-10-12,1234506893.7942202,619256630.3342202,1857396.96,613392866.5,0.49687277534332375,Crisis,0.5,0.0,0.0,0.0,0.3380764162582062,0.0,0.0,0.14434880914460416,0.014447549940513345,0.0,0.0,0.3395593855296121,0.0,0.0,0.14571209084948958,0.014728523620898312,0.0,0.0
2022-10-13,1224326575.3942204,619256630.3342202,1857396.96,603212548.1,0.4926892548303723,Crisis,0.5,0.0,0.0,0.0,0.3331145107004473,0.0,0.0,0.14518152556050373,0.014393218569421235,0.0,0.0,0.3395593855296121,0.0,0.0,0.14571209084948958,0.014728523620898312,0.0,0.0
2022-10-14,1221450425.94422,619256630.3342202,1857396.96,600336398.65,0.49149469016388514,Crisis,0.5,0.0,0.0,0.0,0.33290814757026377,0.0,0.0,0.14374410640879995,0.014842436184821397,0.0,0.0,0.3395593855296121,0.0,0.0,0.14571209084948958,0.014728523620898312,0.0,0.0
2022-10-17,1216943438.2942202,619256630.3342202,1857396.96,595829411.0,0.4896114250265972,Crisis,0.5,0.0,0.0,0.0,0.33022217660607656,0.0,0.0,0.14476975219731272,0.01461949622320791,0.0,0.0,0.3395593855296121,0.0,0.0,0.14571209084948958,0.014728523620898312,0.0,0.0
2022-10-18,1217738988.0942202,619256630.3342202,1857396.96,596624960.8,0.4899448622678387,Crisis,0.5,0.0,0.0,0.0,0.33068864899383715,0.0,0.0,0.14447816955860432,0.014778043715397253,0.0,0.0,0.3395593855296121,0.0,0.0,0.14571209084948958,0.014728523620898312,0.0,0.0
2022-10-19,1210269146.8442202,619256630.3342202,1857396.96,589155119.55,0.4867967766394966,Crisis,0.5,0.0,0.0,0.0,0.32823898765481213,0.0,0.0,0.14388708532649613,0.014670703658188355,0.0,0.0,0.3395593855296121,0.0,0.0,0.14571209084948958,0.014728523620898312,0.0,0.0
2022-10-20,1213909610.1442204,619256630.3342202,1857396.96,592795582.85,0.4883358512826767,Crisis,0.5,0.0,0.0,0.0,0.32874110190345135,0.0,0.0,0.14504869104634655,0.014546058332878807,0.0,0.0,0.3395593855296121,0.0,0.0,0.14571209084948958,0.014728523620898312,0.0,0.0
2022-10-21,1219540972.1442204,619256630.3342202,1857396.96,598426944.85,0.4906985156864671,Crisis,0.5,0.0,0.0,0.0,0.3315623288482529,0.0,0.0,0.14470108346563296,0.014435103372581208,0.0,0.0,0.3395593855296121,0.0,0.0,0.14571209084948958,0.014728523620898312,0.0,0.0
2022-10-24,1223508906.3942204,619256630.3342202,1857396.96,602394879.1,0.4923502198895359,Crisis,0.5,0.0,0.0,0.0,0.33413298175720674,0.0,0.0,0.14387259388145598,0.014344644250873192,0.0,0.0,0.3395593855296121,0.0,0.0,0.14571209084948958,0.014728523620898312,0.0,0.0
2022-10-25,1232968399.4942203,619256630.3342202,1857396.96,611854372.1999999,0.4962449746895302,Crisis,1.0,0.0,0.0,0.0,0.33640138090331023,0.0,0.0,0.14588330088085374,0.013960292905366297,0.0,0.0,0.6791187710592242,0.0,0.0,0.29142418169897916,0.029457047241796624,0.0,0.0
2022-10-26,1234312550.988563,372042102.5285629,1857396.96,860413051.5,0.6970787510917665,Crisis,1.0,0.0,0.0,0.0,0.47434505225688584,0.0,0.0,0.20249117599900018,0.02024252283588058,0.0,0.0,0.6791187710592242,0.0,0.0,0.29142418169897916,0.029457047241796624,0.0,0.0
2022-10-27,1225694335.386191,123733193.3761909,1857396.96,1100103745.05,0.8975351466427232,Crisis,1.0,0.0,0.0,0.0,0.6078234381455832,0.0,0.0,0.26289588741427283,0.026815821082867265,0.0,0.0,0.6791187710592242,0.0,0.0,0.29142418169897916,0.029457047241796624,0.0,0.0
2022-10-28,1223325643.9611223,29189269.40112227,1857396.96,1192278977.6,0.9746210941343522,Crisis,1.0,0.0,0.0,0.0,0.6619545511838673,0.0,0.0,0.28422031510282786,0.028446227847657157,0.0,0.0,0.6791187710592242,0.0,0.0,0.29142418169897916,0.029457047241796624,0.0,0.0
2022-10-31,1229901132.189374,5882872.029373895,1857396.96,1222160863.2,0.9937065925164283,Crisis,1.0,0.0,0.0,0.0,0.672870031208798,0.0,0.0,0.29144131232884224,0.02939524897878808,0.0,0.0,0.6791187710592242,0.0,0.0,0.29142418169897916,0.029457047241796624,0.0,0.0
2022-11-01,1235652705.439374,5882872.029373895,1857396.96,1227912436.45,0.9937358863414444,Crisis,1.0,0.0,0.0,0.0,0.675864773956079,0.0,0.0,0.2884502242669088,0.029420888118456574,0.0,0.0,0.6791187710592242,0.0,0.0,0.29142418169897916,0.029457047241796624,0.0,0.0
2022-11-02,1223217577.889374,5882872.029373895,1857396.96,1215477308.9,0.993672205886111,Crisis,1.0,0.0,0.0,0.0,0.6751889637860432,0.0,0.0,0.28864390635165604,0.029839335748411723,0.0,0.0,0.6791187710592242,0.0,0.0,0.29142418169897916,0.029457047241796624,0.0,0.0
2022-11-03,1215981170.189374,5882872.029373895,1857396.96,1208240901.2,0.9936345486434066,Crisis,1.0,0.0,0.0,0.0,0.6755449190648811,0.0,0.0,0.2884629372553299,0.029626692323195657,0.0,0.0,0.6791187710592242,0.0,0.0,0.29142418169897916,0.029457047241796624,0.0,0.0
2022-11-04,1236391426.389374,5882872.029373895,1857396.96,1228651157.4,0.9937396290331956,Crisis,1.0,0.0,0.0,0.0,0.6792329593003213,0.0,0.0,0.2853247705139796,0.029181899218894556,0.0,0.0,0.6791187710592242,0.0,0.0,0.29142418169897916,0.029457047241796624,0.0,0.0
2022-11-07,1232991265.739374,5882872.029373895,1857396.96,1225250996.75,0.9937223651095919,Crisis,0.5,0.0,0.0,0.0,0.6817325232599638,0.0,0.0,0.2822242214273357,0.029765620422292347,0.0,0.0,0.3395593855296121,0.0,0.0,0.14571209084948958,0.014728523620898312,0.0,0.0
2022-11-08,1240277366.8351648,252076858.87516466,1857396.96,986343111.0,0.7952601066299123,Crisis,0.5,0.0,0.0,0.0,0.5433991049274475,0.0,0.0,0.22802310802595355,0.023837893676511252,0.0,0.0,0.3395593855296121,0.0,0.0,0.14571209084948958,0.014728523620898312,0.0,0.0
2022-11-09,1245551022.5466714,499165702.63667136,1857396.96,744527922.95,0.5977498388044575,Crisis,0.5,0.0,0.0,0.0,0.4071986725304908,0.0,0.0,0.17242906642305172,0.018122099850914952,0.0,0.0,0.3395593855296121,0.0,0.0,0.14571209084948958,0.014728523620898312,0.0,0.0
2022-11-10,1241075465.5372655,589571918.2272656,1857396.96,649646150.3499999,0.5234541882340459,Crisis,0.5,0.0,0.0,0.0,0.3560401140946831,0.0,0.0,0.15190252747312832,0.0155115466662345,0.0,0.0,0.3395593855296121,0.0,0.0,0.14571209084948958,0.014728523620898312,0.0,0.0
2022-11-11,1255538691.425037,611444414.9650369,1857396.96,642236879.5,0.5115229692930139,Crisis,0.5,0.0,0.0,0.0,0.3490102555124347,0.0,0.0,0.14697277054087307,0.015539943239706144,0.0,0.0,0.3395593855296121,0.0,0.0,0.14571209084948958,0.014728523620898312,0.0,0.0
2022-11-14,1254547368.075037,611444414.9650369,1857396.96,641245556.15,0.5111369825229635,Crisis,0.5,0.0,0.0,0.0,0.34868070132831847,0.0,0.0,0.14676137759749178,0.01569490359715322,0.0,0.0,0.3395593855296121,0.0,0.0,0.14571209084948958,0.014728523620898312,0.0,0.0
2022-11-15,1256140336.1250367,611444414.9650369,1857396.96,642838524.1999999,0.5117569317000354,Crisis,0.5,0.0,0.0,0.0,0.34992843678275615,0.0,0.0,0.14548374472532596,0.01634475019195332,0.0,0.0,0.3395593855296121,0.0,0.0,0.14571209084948958,0.014728523620898312,0.0,0.0
2022-11-16,1249644647.2250369,611444414.9650369,1857396.96,636342835.3,0.5092190301563441,Crisis,1.0,0.0,0.0,0.0,0.3487094001223914,0.0,0.0,0.14410856750348666,0.016401062530466037,0.0,0.0,0.6791187710592242,0.0,0.0,0.29142418169897916,0.029457047241796624,0.0,0.0
2022-11-17,1243325149.12974,361863784.41974,1857396.96,879603967.75,0.7074609311696742,Crisis,1.0,0.0,0.0,0.0,0.482350910515862,0.0,0.0,0.20327474287550756,0.02183527777830471,0.0,0.0,0.6791187710592242,0.0,0.0,0.29142418169897916,0.029457047241796624,0.0,0.0
2022-11-18,1238089391.420558,113938294.26055777,1857396.96,1122293700.2,0.9064722692699141,Crisis,1.0,0.0,0.0,0.0,0.6110683569721423,0.0,0.0,0.26836608269356904,0.027037829604202646,0.0,0.0,0.6791187710592242,0.0,0.0,0.29142418169897916,0.029457047241796624,0.0,0.0
2022-11-21,1239358422.8411198,90448748.98111965,1857396.96,1147052276.9,0.9255210242332351,Crisis,1.0,0.0,0.0,0.0,0.6144299041066192,0.0,0.0,0.2824301618877791,0.028660958238836822,0.0,0.0,0.6791187710592242,0.0,0.0,0.29142418169897916,0.029457047241796624,0.0,0.0
2022-11-22,1240257186.7608163,81493226.85081616,1857396.96,1156906562.95,0.9327956937475981,Crisis,1.0,0.0,0.0,0.0,0.614779233766331,0.0,0.0,0.28858191979904574,0.029434540182221303,0.0,0.0,0.6791187710592242,0.0,0.0,0.29142418169897916,0.029457047241796624,0.0,0.0
2022-11-23,1244135187.539327,78933061.4293269,1857396.96,1163344729.1499999,0.9350629584321011,Crisis,1.0,0.0,0.0,0.0,0.6152570370298315,0.0,0.0,0.290258650038049,0.029547271364220615,0.0,0.0,0.6791187710592242,0.0,0.0,0.29142418169897916,0.029457047241796624,0.0,0.0
2022-11-24,1256325038.8967454,17846675.336745158,1857396.96,1236620966.6000001,0.9843161031686126,Crisis,1.0,0.0,0.0,0.0,0.6630659588951046,0.0,0.0,0.2917111325917946,0.029539011681713395,0.0,0.0,0.6791187710592242,0.0,0.0,0.29142418169897916,0.029457047241796624,0.0,0.0
2022-11-25,1262125149.952954,2864516.4929539105,1857396.96,1257403236.5,0.996258759717188,Crisis,1.0,0.0,0.0,0.0,0.6731268579282077,0.0,0.0,0.29372863698486534,0.029403264804114954,0.0,0.0,0.6791187710592242,0.0,0.0,0.29142418169897916,0.029457047241796624,0.0,0.0
2022-11-28,1252170202.8029542,2864516.4929539105,1857396.96,1247448289.3500001,0.9962290162771928,Crisis,1.0,0.0,0.0,0.0,0.6743939341949718,0.0,0.0,0.29279486061823656,0.02904022146398436,0.0,0.0,0.6791187710592242,0.0,0.0,0.29142418169897916,0.029457047241796624,0.0,0.0
2022-11-29,1267895460.802954,2864516.4929539105,1857396.96,1263173547.35,0.9962757864516971,Crisis,1.0,0.0,0.0,0.0,0.6755032838492867,0.0,0.0,0.29182910692469444,0.028943395677716036,0.0,0.0,0.6791187710592242,0.0,0.0,0.29142418169897916,0.029457047241796624,0.0,0.0
2022-11-30,1279831050.252954,2864516.4929539105,1857396.96,1275109136.8,0.9963105181328263,Crisis,1.0,0.0,0.0,0.0,0.673611830740946,0.0,0.0,0.29378916844194775,0.028909518949932666,0.0,0.0,0.6791187710592242,0.0,0.0,0.29142418169897916,0.029457047241796624,0.0,0.0
2022-12-01,1273436541.502954,2864516.4929539105,1857396.96,1268714628.05,0.996291991552731,Crisis,1.0,0.0,0.0,0.0,0.6761167910525228,0.0,0.0,0.2906210776417723,0.029554122858435894,0.0,0.0,0.6791187710592242,0.0,0.0,0.29142418169897916,0.029457047241796624,0.0,0.0
2022-12-02,1263901553.202954,2864516.4929539105,1857396.96,1259179639.75,0.996264017999671,Crisis,1.0,0.0,0.0,0.0,0.6722622007994017,0.0,0.0,0.2944889173185724,0.02951289988169691,0.0,0.0,0.6791187710592242,0.0,0.0,0.29142418169897916,0.029457047241796624,0.0,0.0
2022-12-05,1259973353.052954,2864516.4929539105,1857396.96,1255251439.6,0.9962523703842524,Crisis,1.0,0.0,0.0,0.0,0.6711778765407417,0.0,0.0,0.29543172409008533,0.029642769753425332,0.0,0.0,0.6791187710592242,0.0,0.0,0.29142418169897916,0.029457047241796624,0.0,0.0
2022-12-06,1251618951.152954,2864516.4929539105,1857396.96,1246897037.7,0.9962273554194714,Crisis,1.0,0.0,0.0,0.0,0.6716660345591603,0.0,0.0,0.295266941795321,0.029294379064990127,0.0,0.0,0.6791187710592242,0.0,0.0,0.29142418169897916,0.029457047241796624,0.0,0.0
2022-12-07,1263512798.3529541,2864516.4929539105,1857396.96,1258790884.9,0.9962628685209131,Crisis,1.0,0.0,0.0,0.0,0.6717236944543495,0.0,0.0,0.2956967277949428,0.028842446271620543,0.0,0.0,0.6791187710592242,0.0,0.0,0.29142418169897916,0.029457047241796624,0.0,0.0
2022-12-08,1263538535.8029542,2864516.4929539105,1857396.96,1258816622.3500001,0.9962629446438265,Crisis,1.0,0.0,0.0,0.0,0.6734227712408252,0.0,0.0,0.2943380747494654,0.02850209865353582,0.0,0.0,0.6791187710592242,0.0,0.0,0.29142418169897916,0.029457047241796624,0.0,0.0
2022-12-09,1267412820.752954,2864516.4929539105,1857396.96,1262690907.3,0.9962743682440037,Crisis,1.0,0.0,0.0,0.0,0.6729550887715462,0.0,0.0,0.2944652238710046,0.028854055601452905,0.0,0.0,0.6791187710592242,0.0,0.0,0.29142418169897916,0.029457047241796624,0.0,0.0
2022-12-12,1272101739.102954,2864516.4929539105,1857396.96,1267379825.6499999,0.9962881007801437,Crisis,1.0,0.0,0.0,0.0,0.6733382239175425,0.0,0.0,0.29447715421264936,0.028472722649951994,0.0,0.0,0.6791187710592242,0.0,0.0,0.29142418169897916,0.029457047241796624,0.0,0.0
2022-12-13,1257158045.302954,2864516.4929539105,1857396.96,1252436131.85,0.9962439778589524,Crisis,1.0,0.0,0.0,0.0,0.6729314862286331,0.0,0.0,0.29462779272970513,0.028684698900614248,0.0,0.0,0.6791187710592242,0.0,0.0,0.29142418169897916,0.029457047241796624,0.0,0.0
2022-12-14,1271769205.1029541,2864516.4929539105,1857396.96,1267047291.65,0.9962871302167032,Crisis,1.0,0.0,0.0,0.0,0.674729572163633,0.0,0.0,0.2928523497074688,0.02870520834560126,0.0,0.0,0.6791187710592242,0.0,0.0,0.29142418169897916,0.029457047241796624,0.0,0.0
2022-12-15,1270741147.402954,2864516.4929539105,1857396.96,1266019233.95,0.9962841264229113,Crisis,1.0,0.0,0.0,0.0,0.6755217895512088,0.0,0.0,0.2920088806114136,0.028753456260288766,0.0,0.0,0.6791187710592242,0.0,0.0,0.29142418169897916,0.029457047241796624,0.0,0.0
2022-12-16,1258494237.302954,2864516.4929539105,1857396.96,1253772323.85,0.9962479657729117,Crisis,1.0,0.0,0.0,0.0,0.6754176528226562,0.0,0.0,0.2922771428721715,0.02855317007808412,0.0,0.0,0.6791187710592242,0.0,0.0,0.29142418169897916,0.029457047241796624,0.0,0.0
2022-12-19,1259518430.952954,2864516.4929539105,1857396.96,1254796517.5,0.9962510167879152,Crisis,1.0,0.0,0.0,0.0,0.6758149754553249,0.0,0.0,0.2920701999745018,0.028365841358088468,0.0,0.0,0.6791187710592242,0.0,0.0,0.29142418169897916,0.029457047241796624,0.0,0.0
2022-12-20,1255073644.6029541,2864516.4929539105,1857396.96,1250351731.15,0.9962377399340197,Crisis,1.0,0.0,0.0,0.0,0.6760737386198817,0.0,0.0,0.2922171153677788,0.027946885946359103,0.0,0.0,0.6791187710592242,0.0,0.0,0.29142418169897916,0.029457047241796624,0.0,0.0
2022-12-21,1256661778.6029541,2864516.4929539105,1857396.96,1251939865.15,0.9962424945730398,Crisis,1.0,0.0,0.0,0.0,0.6746652755624813,0.0,0.0,0.29355177843485086,0.02802544057570751,0.0,0.0,0.6791187710592242,0.0,0.0,0.29142418169897916,0.029457047241796624,0.0,0.0
2022-12-22,1264125884.152954,2864516.4929539105,1857396.96,1259403970.7,0.9962646809845856,Crisis,1.0,0.0,0.0,0.0,0.6746571535250745,0.0,0.0,0.2932821838771409,0.028325343582370252,0.0,0.0,0.6791187710592242,0.0,0.0,0.29142418169897916,0.029457047241796624,0.0,0.0
2022-12-23,1256562675.402954,2864516.4929539105,1857396.96,1251840761.95,0.996242198224263,Crisis,1.0,0.0,0.0,0.0,0.6739348370971112,0.0,0.0,0.29429236379428003,0.02801499733287179,0.0,0.0,0.6791187710592242,0.0,0.0,0.29142418169897916,0.029457047241796624,0.0,0.0
2022-12-26,1262435145.952954,2864516.4929539105,1857396.96,1257713232.5,0.996259678393705,Crisis,1.0,0.0,0.0,0.0,0.674027679938903,0.0,0.0,0.29424656085568385,0.027985437599118142,0.0,0.0,0.6791187710592242,0.0,0.0,0.29142418169897916,0.029457047241796624,0.0,0.0
2022-12-27,1263679373.202954,2864516.4929539105,1857396.96,1258957459.75,0.9962633611396332,Crisis,1.0,0.0,0.0,0.0,0.6743655691633536,0.0,0.0,0.29381408597255726,0.028083706003722432,0.0,0.0,0.6791187710592242,0.0,0.0,0.29142418169897916,0.029457047241796624,0.0,0.0
2022-12-28,1255742237.552954,2864516.4929539105,1857396.96,1251020324.1,0.9962397430684855,Crisis,1.0,0.0,0.0,0.0,0.673093966917201,0.0,0.0,0.2952897409285106,0.027856035222773905,0.0,0.0,0.6791187710592242,0.0,0.0,0.29142418169897916,0.029457047241796624,0.0,0.0
2022-12-29,1248423234.3029542,2864516.4929539105,1857396.96,1243701320.8500001,0.9962176981946427,Crisis,1.0,0.0,0.0,0.0,0.671800714537547,0.0,0.0,0.2965250003591062,0.027891983297989476,0.0,0.0,0.6791187710592242,0.0,0.0,0.29142418169897916,0.029457047241796624,0.0,0.0
2022-12-30,1258897738.752954,2864516.4929539105,1857396.96,1254175825.3,0.9962491683735714,Crisis,1.0,0.0,0.0,0.0,0.674011954410629,0.0,0.0,0.29440048114402917,0.027836732818913225,0.0,0.0,0.6791187710592242,0.0,0.0,0.29142418169897916,0.029457047241796624,0.0,0.0
2023-01-03,1258768148.3529541,2864516.4929539105,1857396.96,1254046234.9,0.9962487822248025,Crisis,1.0,0.0,0.0,0.0,0.6727115998351141,0.0,0.0,0.2955586384091452,0.027978543980543155,0.0,0.0,0.6791187710592242,0.0,0.0,0.29142418169897916,0.029457047241796624,0.0,0.0
2023-01-04,1260457460.052954,2864516.4929539105,1857396.96,1255735546.6,0.9962538097455857,Crisis,1.0,0.0,0.0,0.0,0.6718196158436196,0.0,0.0,0.2965562201395485,0.027877973762417775,0.0,0.0,0.6791187710592242,0.0,0.0,0.29142418169897916,0.029457047241796624,0.0,0.0
2023-01-05,1270117468.302954,2864516.4929539105,1857396.96,1265395554.85,0.9962823017785408,Crisis,1.0,0.0,0.0,0.0,0.6739364477788824,0.0,0.0,0.29447961258240585,0.027866241417252764,0.0,0.0,0.6791187710592242,0.0,0.0,0.29142418169897916,0.029457047241796624,0.0,0.0
2023-01-06,1272244754.002954,2864516.4929539105,1857396.96,1267522840.55,0.9962885180401828,Crisis,1.0,0.0,0.0,0.0,0.6732099604696121,0.0,0.0,0.2951339345818424,0.027944622988728355,0.0,0.0,0.6791187710592242,0.0,0.0,0.29142418169897916,0.029457047241796624,0.0,0.0
2023-01-09,1299524254.552954,2864516.4929539105,1857396.96,1294802341.1,0.9963664291478896,Crisis,1.0,0.0,0.0,0.0,0.6745888258942672,0.0,0.0,0.29344077162390597,0.028336831629716574,0.0,0.0,0.6791187710592242,0.0,0.0,0.29142418169897916,0.029457047241796624,0.0,0.0
2023-01-10,1301353399.302954,2864516.4929539105,1857396.96,1296631485.85,0.996371536390128,Crisis,1.0,0.0,0.0,0.0,0.6749784388471963,0.0,0.0,0.29298613290150455,0.02840696464142712,0.0,0.0,0.6791187710592242,0.0,0.0,0.29142418169897916,0.029457047241796624,0.0,0.0
2023-01-11,1283614572.202954,2864516.4929539105,1857396.96,1278892658.75,0.9963213930760771,Crisis,1.0,0.0,0.0,0.0,0.6767860676893621,0.0,0.0,0.29071101877534544,0.028824306611369623,0.0,0.0,0.6791187710592242,0.0,0.0,0.29142418169897916,0.029457047241796624,0.0,0.0
2023-01-12,1272343654.6029541,2864516.4929539105,1857396.96,1267621741.15,0.9962888065375486,Crisis,1.0,0.0,0.0,0.0,0.6757244695956719,0.0,0.0,0.2916096595897925,0.028954677352084044,0.0,0.0,0.6791187710592242,0.0,0.0,0.29142418169897916,0.029457047241796624,0.0,0.0
2023-01-13,1274659811.552954,2864516.4929539105,1857396.96,1269937898.1,0.9962955500674323,Crisis,1.0,0.0,0.0,0.0,0.6745987363109686,0.0,0.0,0.29245795358200416,0.029238860174459723,0.0,0.0,0.6791187710592242,0.0,0.0,0.29142418169897916,0.029457047241796624,0.0,0.0
2023-01-16,1290122524.652954,2864516.4929539105,1857396.96,1285400611.2,0.9963399496073256,Crisis,1.0,0.0,0.0,0.0,0.6759853382411084,0.0,0.0,0.291244353012963,0.02911025835325416,0.0,0.0,0.6791187710592242,0.0,0.0,0.29142418169897916,0.029457047241796624,0.0,0.0
2023-01-17,1285935807.652954,2864516.4929539105,1857396.96,1281213894.2,0.9963280333086203,Crisis,1.0,0.0,0.0,0.0,0.6763878018044409,0.0,0.0,0.29073519671434367,0.029205034789835705,0.0,0.0,0.6791187710592242,0.0,0.0,0.29142418169897916,0.029457047241796624,0.0,0.0
2023-01-30,1305736326.552954,2864516.4929539105,2684196.96,1300187613.1,0.9957505100071756,Crisis,1.0,0.0,0.0,0.0,0.6766589817045794,0.0,0.0,0.2896961601723956,0.02939536813020067,0.0,0.0,0.6791187710592242,0.0,0.0,0.29142418169897916,0.029457047241796624,0.0,0.0
2023-01-31,1273010986.952954,2864516.4929539105,2684196.96,1267462273.5,0.9956412682138468,Crisis,1.0,0.0,0.0,0.0,0.6743799403922401,0.0,0.0,0.2917098153951155,0.02955151242649116,0.0,0.0,0.6791187710592242,0.0,0.0,0.29142418169897916,0.029457047241796624,0.0,0.0
2023-02-01,1280634552.952954,2864516.4929539105,2684196.96,1275085839.5,0.9956672155689072,Crisis,1.0,0.0,0.0,0.0,0.6759362673012307,0.0,0.0,0.290181534726755,0.029549413540921523,0.0,0.0,0.6791187710592242,0.0,0.0,0.29142418169897916,0.029457047241796624,0.0,0.0
2023-02-02,1282193231.8529541,2864516.4929539105,2684196.96,1276644518.4,0.9956724826530745,Crisis,1.0,0.0,0.0,0.0,0.6754057788532419,0.0,0.0,0.29025718647895743,0.030009517320875062,0.0,0.0,0.6791187710592242,0.0,0.0,0.29142418169897916,0.029457047241796624,0.0,0.0
2023-02-03,1282609920.952954,2864516.4929539105,2684196.96,1277061207.5,0.9956738885593279,Crisis,1.0,0.0,0.0,0.0,0.6739767043574177,0.0,0.0,0.29169741625109663,0.0299997679508136,0.0,0.0,0.6791187710592242,0.0,0.0,0.29142418169897916,0.029457047241796624,0.0,0.0
2023-02-06,1273092364.1029541,2864516.4929539105,2684196.96,1267543650.65,0.9956415468277011,Crisis,1.0,0.0,0.0,0.0,0.6730175082416173,0.0,0.0,0.2928371189019646,0.029786919684119097,0.0,0.0,0.6791187710592242,0.0,0.0,0.29142418169897916,0.029457047241796624,0.0,0.0
2023-02-07,1276315777.502954,2864516.4929539105,2684196.96,1270767064.05,0.9956525543672196,Crisis,1.0,0.0,0.0,0.0,0.672793268864854,0.0,0.0,0.2932098831624244,0.029649402339941233,0.0,0.0,0.6791187710592242,0.0,0.0,0.29142418169897916,0.029457047241796624,0.0,0.0
2023-02-08,1276099423.902954,2864516.4929539105,2684196.96,1270550710.45,0.9956518172886691,Bull,1.0,0.0,0.0,0.0,0.6720493673032327,0.0,0.0,0.2934870065645306,0.03011544342090588,0.0,0.0,0.7093390782944182,0.0,0.0,0.22618498134100606,0.0644759403645758,0.0,0.0
2023-02-09,1276664311.870525,34060604.11052491,2684196.96,1239919510.8,0.9712181183973979,Bull,1.0,0.0,0.0,0.0,0.6718398116285611,0.0,0.0,0.24350535775885923,0.05587294900997762,0.0,0.0,0.7320043087208137,0.0,0.0,0.17724039501741948,0.0907552962617669,0.0,0.0
2023-02-10,1284895766.5889497,63457660.77894966,2684196.96,1218753908.85,0.9485235616313543,Crisis,1.0,0.0,0.0,0.0,0.6739798132800913,0.0,0.0,0.19299160791719633,0.08155214043406685,0.0,0.0,0.6990032315406103,0.0,0.0,0.20657848444109828,0.09441828401829147,0.0,0.0
2023-02-13,1296295559.4380777,14017939.528077664,2684196.96,1279593422.95,0.9871154873852088,Crisis,1.0,0.0,0.0,0.0,0.6936533234286317,0.0,0.0,0.20329291270135558,0.09016925125522154,0.0,0.0,0.6990032315406103,0.0,0.0,0.20657848444109828,0.09441828401829147,0.0,0.0
2023-02-14,1299967578.9380777,14017939.528077664,2684196.96,1283265442.45,0.987151882278694,Bull,1.0,0.0,0.0,0.0,0.6938490290556429,0.0,0.0,0.2027181325670221,0.09058472065602893,0.0,0.0,0.7242524236554577,0.0,0.0,0.16245728031949866,0.11329029602504365,0.0,0.0
2023-02-15,1288496471.7301147,1590731.8701145435,2684196.96,1284221542.9,0.9966822347411053,Crisis,1.0,0.0,0.0,0.0,0.7177634655515874,0.0,0.0,0.17293582472973418,0.10598294445978369,0.0,0.0,0.6931893177415933,0.0,0.0,0.19931242491861512,0.10749825733979163,0.0,0.0
2023-02-16,1291741998.1064463,6869900.296446169,2684196.96,1282187900.8500001,0.9926037109032211,Crisis,1.0,0.0,0.0,0.0,0.6982026613457519,0.0,0.0,0.18627705869494499,0.10812399086252408,0.0,0.0,0.669891988306195,0.0,0.0,0.22728993440347212,0.10281807729033296,0.0,0.0
2023-02-17,1291143856.3591518,4133072.0991519243,2684196.96,1284326587.3,0.9947199771539202,Crisis,1.0,0.0,0.0,0.0,0.6780161892792906,0.0,0.0,0.213786324924601,0.10291746295002856,0.0,0.0,0.669891988306195,0.0,0.0,0.22728993440347212,0.10281807729033296,0.0,0.0
2023-02-20,1302024172.259152,4133072.0991519243,2684196.96,1295206903.2,0.9947640994657394,Crisis,1.0,0.0,0.0,0.0,0.6792226458173453,0.0,0.0,0.21326915883458028,0.1022722948138139,0.0,0.0,0.669891988306195,0.0,0.0,0.22728993440347212,0.10281807729033296,0.0,0.0
2023-02-21,1295916717.059152,4133072.0991519243,2684196.96,1289099448.0,0.9947394234757443,Crisis,1.0,0.0,0.0,0.0,0.6786332689617257,0.0,0.0,0.21339504025194025,0.10271111426207834,0.0,0.0,0.669891988306195,0.0,0.0,0.22728993440347212,0.10281807729033296,0.0,0.0
2023-02-22,1298106588.059152,4133072.0991519243,2684196.96,1291289319.0,0.9947482979272567,Crisis,1.0,0.0,0.0,0.0,0.6786561112190089,0.0,0.0,0.21467497550925424,0.1014172111989936,0.0,0.0,0.6649189912296463,0.0,0.0,0.2579674508026041,0.07711355796774971,0.0,0.0
2023-02-23,1304480646.1857107,12979637.775710678,2684196.96,1288816811.45,0.9879922827666999,Bull,1.0,0.0,0.0,0.0,0.6682159785189371,0.0,0.0,0.23575114042452303,0.08402516382323975,0.0,0.0,0.6986892434222347,0.0,0.0,0.20657065452057136,0.09474010205719396,0.0,0.0
2023-02-24,1295273926.91595,1004877.2059500618,2684196.96,1291584852.75,0.9971518965299226,Crisis,1.0,0.0,0.0,0.0,0.6906336444831779,0.0,0.0,0.2143416108599053,0.09217664118683942,0.0,0.0,0.674016932566676,0.0,0.0,0.23628149117394015,0.08970157625938387,0.0,0.0
2023-03-01,1290694028.5983884,5115257.488388314,2684196.96,1282894574.15,0.9939571623672436,Bull,1.0,0.0,0.0,0.0,0.6784723604098135,0.0,0.0,0.22440221584857314,0.0910825861088568,0.0,0.0,0.7055126994250069,0.0,0.0,0.2029974768634529,0.09148982371154009,0.0,0.0
2023-03-02,1285787228.1208587,5065214.560858693,2684196.96,1278037816.6,0.9939730218566688,Bull,1.0,0.0,0.0,0.0,0.6747964185863301,0.0,0.0,0.22754480181576298,0.09163180145457589,0.0,0.0,0.7055126994250069,0.0,0.0,0.2029974768634529,0.09148982371154009,0.0,0.0
2023-03-03,1287786906.2990217,14704417.939021694,2684196.96,1270398291.4,0.9864972886321737,Bull,1.0,0.0,0.0,0.0,0.6736228930088005,0.0,0.0,0.2214008378291403,0.09147355779423294,0.0,0.0,0.7055126994250069,0.0,0.0,0.2029974768634529,0.09148982371154009,0.0,0.0
2023-03-06,1295707287.8491757,32297100.88917569,2684196.96,1260725990.0,0.9730021601505049,Bull,1.0,0.0,0.0,0.0,0.6732667155465942,0.0,0.0,0.20794503706717066,0.09179040753674006,0.0,0.0,0.7055126994250069,0.0,0.0,0.2029974768634529,0.09148982371154009,0.0,0.0
2023-03-07,1302483058.554835,37987819.39483494,1857396.96,1262637842.2,0.9694082651646577,Bull,1.0,826800.0,0.0,0.0,0.6736001182030447,0.0,0.0,0.20407528393875804,0.09173286302285506,0.0,0.0,0.7055126994250069,0.0,0.0,0.2029974768634529,0.09148982371154009,0.0,0.0
2023-03-08,1302422013.7002974,7776859.190297443,1857396.96,1292787757.55,0.9926028153325468,Bull,1.0,0.0,0.0,0.0,0.6974976988979563,0.0,0.0,0.2042166035295563,0.09088851290503412,0.0,0.0,0.7055126994250069,0.0,0.0,0.2029974768634529,0.09148982371154009,0.0,0.0
2023-03-09,1297129708.1502974,7776859.190297443,1857396.96,1287495452.0,0.9925726347259166,Bull,1.0,0.0,0.0,0.0,0.6963462838947954,0.0,0.0,0.20504287144827507,0.09118347938284624,0.0,0.0,0.7055126994250069,0.0,0.0,0.2029974768634529,0.09148982371154009,0.0,0.0
2023-03-10,1283205164.9502974,7776859.190297443,1857396.96,1273570908.8,0.9924920375841297,Bull,1.0,0.0,0.0,0.0,0.6964534068366345,0.0,0.0,0.20532266171965188,0.09071596902784351,0.0,0.0,0.7055126994250069,0.0,0.0,0.2029974768634529,0.09148982371154009,0.0,0.0
2023-03-13,1282348475.3502975,7776859.190297443,1857396.96,1272714219.2,0.9924870217920557,Bull,1.0,0.0,0.0,0.0,0.6947756684910643,0.0,0.0,0.20655110922765801,0.09116024407333334,0.0,0.0,0.7055126994250069,0.0,0.0,0.2029974768634529,0.09148982371154009,0.0,0.0
2023-03-14,1268852981.1002975,7776859.190297443,1857396.96,1259218724.95,0.9924071139101215,Bull,1.0,0.0,0.0,0.0,0.6938971165804464,0.0,0.0,0.2073883293963743,0.09112166793330072,0.0,0.0,0.7055126994250069,0.0,0.0,0.2029974768634529,0.09148982371154009,0.0,0.0
2023-03-15,1265420349.3002973,7776859.190297443,1857396.96,1255786093.1499999,0.9923865171319359,Bull,1.0,0.0,0.0,0.0,0.691757164829872,0.0,0.0,0.2091827432254948,0.09144660907656925,0.0,0.0,0.7055126994250069,0.0,0.0,0.2029974768634529,0.09148982371154009,0.0,0.0
2023-03-16,1257552333.7502975,7776859.190297443,1857396.96,1247918077.6000001,0.9923388825325735,Bull,1.0,0.0,0.0,0.0,0.68928326427178,0.0,0.0,0.21146722316274105,0.09158839509805232,0.0,0.0,0.7055126994250069,0.0,0.0,0.2029974768634529,0.09148982371154009,0.0,0.0
2023-03-17,1260327908.0356486,15647945.975648694,1857396.96,1242822565.1,0.9861104853554084,Bull,1.0,0.0,0.0,0.0,0.6890428749241317,0.0,0.0,0.20419749365156536,0.09287011677971135,0.0,0.0,0.7055126994250069,0.0,0.0,0.2029974768634529,0.09148982371154009,0.0,0.0
2023-03-20,1258442674.8925705,17840448.332570445,1857396.96,1238744829.6,0.9843474433237477,Bull,1.0,0.0,0.0,0.0,0.687417748030397,0.0,0.0,0.20552354521995156,0.09140615007339903,0.0,0.0,0.7055126994250069,0.0,0.0,0.2029974768634529,0.09148982371154009,0.0,0.0
2023-03-21,1264736244.3157518,20028382.455751695,1857396.96,1242850464.9,0.982695380547434,Bull,1.0,0.0,0.0,0.0,0.6897124746922506,0.0,0.0,0.20160804368973387,0.09137486216544943,0.0,0.0,0.7055126994250069,0.0,0.0,0.2029974768634529,0.09148982371154009,0.0,0.0
2023-03-22,1283068972.6445694,3616267.134569445,1857396.96,1277595308.55,0.9957339284081607,Bull,1.0,0.0,0.0,0.0,0.7031364858667782,0.0,0.0,0.20082014723566824,0.09177729530571421,0.0,0.0,0.7055126994250069,0.0,0.0,0.2029974768634529,0.09148982371154009,0.0,0.0
2023-03-23,1292149363.8945694,3616267.134569445,1857396.96,1286675699.8,0.995763907604248,Bull,1.0,0.0,0.0,0.0,0.703230079424581,0.0,0.0,0.20068539074957775,0.09184843743008926,0.0,0.0,0.7055126994250069,0.0,0.0,0.2029974768634529,0.09148982371154009,0.0,0.0
2023-03-24,1294555032.1445694,3616267.134569445,1857396.96,1289081368.05,0.995771779523732,Bull,1.0,0.0,0.0,0.0,0.7019467272431259,0.0,0.0,0.20188396283705748,0.09194108944354876,0.0,0.0,0.7055126994250069,0.0,0.0,0.2029974768634529,0.09148982371154009,0.0,0.0
2023-03-27,1294214259.4945695,3616267.134569445,1857396.96,1288740595.4,0.9957706662135626,Bull,1.0,0.0,0.0,0.0,0.7023962135566428,0.0,0.0,0.201973589830546,0.09140086282637373,0.0,0.0,0.7055126994250069,0.0,0.0,0.2029974768634529,0.09148982371154009,0.0,0.0
2023-03-28,1290912914.3445694,3616267.134569445,1857396.96,1285439250.25,0.9957598502317652,Bull,1.0,0.0,0.0,0.0,0.7026830703840002,0.0,0.0,0.2022344010188717,0.09084237882889325,0.0,0.0,0.7055126994250069,0.0,0.0,0.2029974768634529,0.09148982371154009,0.0,0.0
2023-03-29,1297041921.7445693,3616267.134569445,1857396.96,1291568257.6499999,0.9957798865227061,Bull,1.0,0.0,0.0,0.0,0.7019752734170346,0.0,0.0,0.2032413105394708,0.09056330256620082,0.0,0.0,0.7055126994250069,0.0,0.0,0.2029974768634529,0.09148982371154009,0.0,0.0
2023-03-30,1294348210.9945695,3616267.134569445,1857396.96,1288874546.9,0.9957711039053675,Bull,1.0,0.0,0.0,0.0,0.7007750612974776,0.0,0.0,0.20379276438858282,0.091203278219307,0.0,0.0,0.7055126994250069,0.0,0.0,0.2029974768634529,0.09148982371154009,0.0,0.0
2023-03-31,1297164690.3945694,3616267.134569445,1857396.96,1291691026.3,0.9957802859304592,Bull,1.0,0.0,0.0,0.0,0.7015203489876073,0.0,0.0,0.20295433721674958,0.09130559972610232,0.0,0.0,0.7055126994250069,0.0,0.0,0.2029974768634529,0.09148982371154009,0.0,0.0
2023-04-06,1302285991.5945694,3616267.134569445,1857396.96,1296812327.5,0.9957968801554355,Bull,1.0,0.0,0.0,0.0,0.7015996742629863,0.0,0.0,0.20369941910776998,0.09049778678467929,0.0,0.0,0.7055126994250069,0.0,0.0,0.2029974768634529,0.09148982371154009,0.0,0.0
2023-04-07,1299987662.5445695,3616267.134569445,1857396.96,1294513998.45,0.9957894491984213,Bull,1.0,0.0,0.0,0.0,0.7009461125703254,0.0,0.0,0.2041855531770476,0.09065778345104827,0.0,0.0,0.7055126994250069,0.0,0.0,0.2029974768634529,0.09148982371154009,0.0,0.0
2023-04-10,1305955512.7445695,3616267.134569445,1857396.96,1300481848.65,0.9958086902339681,Bull,1.0,0.0,0.0,0.0,0.7001258769745196,0.0,0.0,0.20543931043727326,0.09024350282217533,0.0,0.0,0.7055126994250069,0.0,0.0,0.2029974768634529,0.09148982371154009,0.0,0.0
2023-04-11,1312242025.2445693,3616267.134569445,1857396.96,1306768361.1499999,0.9958287693967511,Bull,1.0,0.0,0.0,0.0,0.7002292591404741,0.0,0.0,0.20589967003201506,0.08969984022426211,0.0,0.0,0.7055126994250069,0.0,0.0,0.2029974768634529,0.09148982371154009,0.0,0.0
2023-04-12,1311279206.2945695,3616267.134569445,1857396.96,1305805542.2,0.995825706631895,Bull,1.0,0.0,0.0,0.0,0.7003209063270289,0.0,0.0,0.20596193297625578,0.08954286732861026,0.0,0.0,0.7055126994250069,0.0,0.0,0.2029974768634529,0.09148982371154009,0.0,0.0
2023-04-13,1314825881.6445694,3616267.134569445,1857396.96,1309352217.55,0.9958369665740661,Bull,1.0,0.0,0.0,0.0,0.70098629059323,0.0,0.0,0.20632716756433228,0.08852350841650375,0.0,0.0,0.7055126994250069,0.0,0.0,0.2029974768634529,0.09148982371154009,0.0,0.0
2023-04-14,1322145116.0945694,3616267.134569445,1857396.96,1316671452.0,0.9958600126204468,Bull,1.0,0.0,0.0,0.0,0.6998821390600005,0.0,0.0,0.20709723665493232,0.08888063690551394,0.0,0.0,0.7055126994250069,0.0,0.0,0.2029974768634529,0.09148982371154009,0.0,0.0
2023-04-17,1319919643.9945695,3616267.134569445,1857396.96,1314445979.9,0.9958530323270255,Bull,1.0,0.0,0.0,0.0,0.6993493006183321,0.0,0.0,0.20769461326475105,0.08880911844394239,0.0,0.0,0.7055126994250069,0.0,0.0,0.2029974768634529,0.09148982371154009,0.0,0.0
2023-04-18,1326479364.4945695,3616267.134569445,1857396.96,1321005700.4,0.9958735399576645,Bull,1.0,0.0,0.0,0.0,0.7006546994073536,0.0,0.0,0.20714261175460968,0.08807622879570118,0.0,0.0,0.7055126994250069,0.0,0.0,0.2029974768634529,0.09148982371154009,0.0,0.0
2023-04-19,1322290421.0945694,3616267.134569445,1857396.96,1316816757.0,0.9958604675589812,Bull,1.0,0.0,0.0,0.0,0.7022270162339705,0.0,0.0,0.20594114247200182,0.08769230885300877,0.0,0.0,0.7055126994250069,0.0,0.0,0.2029974768634529,0.09148982371154009,0.0,0.0
2023-04-20,1317561857.4445693,3616267.134569445,1857396.96,1312088193.35,0.99584561129814,Bull,1.0,0.0,0.0,0.0,0.7016628389220759,0.0,0.0,0.20628663349981244,0.0878961388762517,0.0,0.0,0.7055126994250069,0.0,0.0,0.2029974768634529,0.09148982371154009,0.0,0.0
2023-04-21,1319949641.6445694,3616267.134569445,1857396.96,1314475977.55,0.9958531265725035,Bull,1.0,0.0,0.0,0.0,0.7015950066065992,0.0,0.0,0.20674235697355683,0.08751576299234738,0.0,0.0,0.7055126994250069,0.0,0.0,0.2029974768634529,0.09148982371154009,0.0,0.0
2023-04-24,1322831601.6945693,3616267.134569445,1857396.96,1317357937.6,0.9958621610735958,Bull,1.0,0.0,0.0,0.0,0.7022744515703641,0.0,0.0,0.20659394563141087,0.0869937638718209,0.0,0.0,0.7055126994250069,0.0,0.0,0.2029974768634529,0.09148982371154009,0.0,0.0
2023-04-25,1320038109.7945695,3616267.134569445,1857396.96,1314564445.7,0.9958534044934344,Bull,1.0,0.0,0.0,0.0,0.7027880777202516,0.0,0.0,0.20703114400426706,0.0860341827689157,0.0,0.0,0.7055126994250069,0.0,0.0,0.2029974768634529,0.09148982371154009,0.0,0.0
2023-04-26,1325580642.3945694,3616267.134569445,1857396.96,1320106978.3,0.9958707422849192,Bull,1.0,0.0,0.0,0.0,0.702580702006648,0.0,0.0,0.20798297076967745,0.08530706950859383,0.0,0.0,0.7055126994250069,0.0,0.0,0.2029974768634529,0.09148982371154009,0.0,0.0
2023-04-27,1321730639.2445695,3616267.134569445,1857396.96,1316256975.15,0.9958587143764044,Bull,1.0,0.0,0.0,0.0,0.7030081981613695,0.0,0.0,0.20736865126819834,0.08548186494683638,0.0,0.0,0.7055126994250069,0.0,0.0,0.2029974768634529,0.09148982371154009,0.0,0.0
2023-04-28,1323951879.5445695,3616267.134569445,1857396.96,1318478215.45,0.9958656623559065,Bull,1.0,0.0,0.0,0.0,0.70138403804331,0.0,0.0,0.20811322847683944,0.08636839583575712,0.0,0.0,0.7055126994250069,0.0,0.0,0.2029974768634529,0.09148982371154009,0.0,0.0
2023-05-02,1326977615.2945695,3616267.134569445,1857396.96,1321503951.2,0.9958750893523141,Bull,1.0,0.0,0.0,0.0,0.7049764369931254,0.0,0.0,0.2045069915815863,0.08639166077760223,0.0,0.0,0.7055126994250069,0.0,0.0,0.2029974768634529,0.09148982371154009,0.0,0.0
2023-05-03,1322877168.5445695,3616267.134569445,1857396.96,1317403504.45,0.9958623036025396,Bull,1.0,0.0,0.0,0.0,0.7036368353640078,0.0,0.0,0.20593416114341354,0.08629130709511829,0.0,0.0,0.7055126994250069,0.0,0.0,0.2029974768634529,0.09148982371154009,0.0,0.0
2023-05-04,1330348502.9945695,3616267.134569445,1857396.96,1324874838.9,0.9958855412080004,Bull,1.0,0.0,0.0,0.0,0.7024444623318485,0.0,0.0,0.20741474837524312,0.08602633050090873,0.0,0.0,0.7055126994250069,0.0,0.0,0.2029974768634529,0.09148982371154009,0.0,0.0
2023-05-05,1331342573.3445694,3616267.134569445,1857396.96,1325868909.25,0.9958886133410286,Bull,1.0,0.0,0.0,0.0,0.7027974827691756,0.0,0.0,0.2069095554482094,0.0861815751236436,0.0,0.0,0.7055126994250069,0.0,0.0,0.2029974768634529,0.09148982371154009,0.0,0.0
2023-05-08,1336806110.5945694,3616267.134569445,1857396.96,1331332446.5,0.9959054166111382,Bull,1.0,0.0,0.0,0.0,0.7035901010967602,0.0,0.0,0.20593951345536166,0.08637580205901631,0.0,0.0,0.7055126994250069,0.0,0.0,0.2029974768634529,0.09148982371154009,0.0,0.0
2023-05-09,1339804976.7945695,3616267.134569445,1857396.96,1334331312.7,0.9959145814582172,Bull,1.0,0.0,0.0,0.0,0.7047324267737614,0.0,0.0,0.2047452463240558,0.08643690836039997,0.0,0.0,0.7055126994250069,0.0,0.0,0.2029974768634529,0.09148982371154009,0.0,0.0
2023-05-10,1340255754.0945694,3616267.134569445,1857396.96,1334782090.0,0.9959159555347201,Bull,1.0,0.0,0.0,0.0,0.7058403495824492,0.0,0.0,0.20446716916737345,0.08560843678489745,0.0,0.0,0.7055126994250069,0.0,0.0,0.2029974768634529,0.09148982371154009,0.0,0.0
2023-05-11,1338422884.0945694,3616267.134569445,1857396.96,1332949220.0,0.99591036274139,Bull,1.0,0.0,0.0,0.0,0.7059679203252751,0.0,0.0,0.2043987018236533,0.08554374059246149,0.0,0.0,0.7055126994250069,0.0,0.0,0.2029974768634529,0.09148982371154009,0.0,0.0
2023-05-12,1328519815.2445695,3616267.134569445,1857396.96,1323046151.15,0.995879877716719,Bull,1.0,0.0,0.0,0.0,0.7049311123580007,0.0,0.0,0.2050239649228396,0.08592480043587863,0.0,0.0,0.7055126994250069,0.0,0.0,0.2029974768634529,0.09148982371154009,0.0,0.0
2023-05-15,1333825753.6445694,3616267.134569445,1857396.96,1328352089.55,0.995896267499999,Bull,1.0,0.0,0.0,0.0,0.7057699905536928,0.0,0.0,0.20454328404930538,0.08558299289700086,0.0,0.0,0.7055126994250069,0.0,0.0,0.2029974768634529,0.09148982371154009,0.0,0.0
2023-05-16,1344553290.7945695,3616267.134569445,1857396.96,1339079626.7,0.9959290091868841,Bull,1.0,0.0,0.0,0.0,0.7063744763427982,0.0,0.0,0.20364019922051116,0.08591433362357478,0.0,0.0,0.7055126994250069,0.0,0.0,0.2029974768634529,0.09148982371154009,0.0,0.0
2023-05-17,1361288625.4445693,3616267.134569445,1857396.96,1355814961.35,0.9959790569080955,Bull,1.0,0.0,0.0,0.0,0.7069048718714827,0.0,0.0,0.20282083816709484,0.08625334686951815,0.0,0.0,0.7055126994250069,0.0,0.0,0.2029974768634529,0.09148982371154009,0.0,0.0
2023-05-18,1368597315.9445696,3616267.134569445,1857396.96,1363123651.8500001,0.9960005298630944,Bull,1.0,0.0,0.0,0.0,0.7078281833260845,0.0,0.0,0.20124093244323948,0.08693141409377032,0.0,0.0,0.7291345245687553,0.0,0.0,0.1754546188872321,0.09541085654401263,0.0,0.0
2023-05-19,1373453221.501296,3481486.791296074,1857396.96,1368114337.75,0.9961128026293752,Bull,1.0,0.0,0.0,0.0,0.7208580694636099,0.0,0.0,0.18204988425211105,0.09320484891365424,0.0,0.0,0.7291345245687553,0.0,0.0,0.1754546188872321,0.09541085654401263,0.0,0.0
2023-05-22,1370545470.501296,3481486.791296074,1857396.96,1365206586.75,0.9961045555465275,Bull,1.0,0.0,0.0,0.0,0.7219381684491615,0.0,0.0,0.18091628868709286,0.09325009841027317,0.0,0.0,0.7291345245687553,0.0,0.0,0.1754546188872321,0.09541085654401263,0.0,0.0
2023-05-23,1372368123.6512961,3481486.791296074,1857396.96,1367029239.9,0.9961097291176572,Bull,1.0,0.0,0.0,0.0,0.7222396985313889,0.0,0.0,0.18081992413214387,0.09305010645412436,0.0,0.0,0.7291345245687553,0.0,0.0,0.1754546188872321,0.09541085654401263,0.0,0.0
2023-05-24,1369543892.4012961,3481486.791296074,1857396.96,1364205008.65,0.9961017067208155,Bull,1.0,0.0,0.0,0.0,0.7222017593870464,0.0,0.0,0.18111577246720248,0.0927841748665665,0.0,0.0,0.7291345245687553,0.0,0.0,0.1754546188872321,0.09541085654401263,0.0,0.0
2023-05-26,1366607926.501296,3481486.791296074,1857396.96,1361269042.75,0.9960933317831953,Bull,1.0,0.0,0.0,0.0,0.7183049898321141,0.0,0.0,0.18147853176509787,0.09630981018598327,0.0,0.0,0.7468508934265664,0.0,0.0,0.14721062336497628,0.10593848320845722,0.0,0.0
2023-05-29,1369723821.3191395,23976737.359139327,1857396.96,1343889687.0,0.9811391654893908,Bull,1.0,0.0,0.0,0.0,0.7227806960724035,0.0,0.0,0.15443952766790076,0.10391894174908663,0.0,0.0,0.7468508934265664,0.0,0.0,0.14721062336497628,0.10593848320845722,0.0,0.0
2023-05-30,1371061309.6325026,4482881.622502577,1857396.96,1364721031.05,0.995375641819984,Bull,1.0,0.0,0.0,0.0,0.7411517442078294,0.0,0.0,0.14892718404746638,0.10529671356468827,0.0,0.0,0.7468508934265664,0.0,0.0,0.14721062336497628,0.10593848320845722,0.0,0.0
2023-05-31,1366029481.3325026,4482881.622502577,1857396.96,1359689202.75,0.9953586077978948,Bull,1.0,0.0,0.0,0.0,0.7407294400139711,0.0,0.0,0.1494448712782277,0.10518429650569594,0.0,0.0,0.7468508934265664,0.0,0.0,0.14721062336497628,0.10593848320845722,0.0,0.0
2023-06-01,1359608402.5825026,4482881.622502577,1857396.96,1353268124.0,0.9953366877032684,Bull,1.0,0.0,0.0,0.0,0.7399795206391788,0.0,0.0,0.15051385355613983,0.10484331350794969,0.0,0.0,0.7468508934265664,0.0,0.0,0.14721062336497628,0.10593848320845722,0.0,0.0
2023-06-02,1367354795.7825027,4482881.622502577,1857396.96,1361014517.2,0.9953631064870224,Bull,1.0,0.0,0.0,0.0,0.7396002634570502,0.0,0.0,0.150180699722842,0.10558214330713024,0.0,0.0,0.7468508934265664,0.0,0.0,0.14721062336497628,0.10593848320845722,0.0,0.0
2023-06-05,1371303251.7325027,4482881.622502577,1857396.96,1364962973.15,0.9953764577058413,Bull,1.0,0.0,0.0,0.0,0.741371554297397,0.0,0.0,0.14905900627140997,0.10494589713703438,0.0,0.0,0.7468508934265664,0.0,0.0,0.14721062336497628,0.10593848320845722,0.0,0.0
2023-06-06,1372725796.9825027,4482881.622502577,1857396.96,1366385518.4,0.9953812490473773,Bull,1.0,0.0,0.0,0.0,0.7404062199706407,0.0,0.0,0.14984747897370645,0.10512755010303011,0.0,0.0,0.7468508934265664,0.0,0.0,0.14721062336497628,0.10593848320845722,0.0,0.0
2023-06-07,1380322951.7825027,4482881.622502577,1857396.96,1373982673.2,0.9954066701750377,Bull,1.0,0.0,0.0,0.0,0.7409021721180103,0.0,0.0,0.14880032222514522,0.10570417583188198,0.0,0.0,0.7468508934265664,0.0,0.0,0.14721062336497628,0.10593848320845722,0.0,0.0
2023-06-08,1381630249.4825027,4482881.622502577,1857396.96,1375289970.9,0.9954110163809186,Bull,1.0,0.0,0.0,0.0,0.7421974303791373,0.0,0.0,0.14863991294119447,0.10457367306058665,0.0,0.0,0.7468508934265664,0.0,0.0,0.14721062336497628,0.10593848320845722,0.0,0.0
2023-06-09,1383533390.7325027,4482881.622502577,1857396.96,1377193112.15,0.9954173288299564,Bull,1.0,0.0,0.0,0.0,0.7418831515201585,0.0,0.0,0.1483222605067403,0.10521191680305741,0.0,0.0,0.7468508934265664,0.0,0.0,0.14721062336497628,0.10593848320845722,0.0,0.0
2023-06-12,1380657651.1325026,4482881.622502577,1857396.96,1374317372.55,0.9954077836911258,Bull,1.0,0.0,0.0,0.0,0.7409769335003805,0.0,0.0,0.14800982693456158,0.10642102325618369,0.0,0.0,0.7601381700699248,0.0,0.0,0.11887724184391452,0.12098458808616061,0.0,0.0
2023-06-13,1388412356.718593,9367185.558592824,1857396.96,1377187774.2,0.9919155267782828,Bull,1.0,0.0,0.0,0.0,0.7463625767845508,0.0,0.0,0.12664357181001265,0.11890937818371919,0.0,0.0,0.7601381700699248,0.0,0.0,0.11887724184391452,0.12098458808616061,0.0,0.0
2023-06-14,1384007303.6185927,9367185.558592824,1857396.96,1372782721.1,0.9918897953144862,Bull,1.0,0.0,0.0,0.0,0.7458278712844598,0.0,0.0,0.12681941745617395,0.11924250657385256,0.0,0.0,0.7601381700699248,0.0,0.0,0.11887724184391452,0.12098458808616061,0.0,0.0
2023-06-15,1383145691.0185928,9367185.558592824,1857396.96,1371921108.5,0.9918847431680703,Bull,1.0,0.0,0.0,0.0,0.7443790015654684,0.0,0.0,0.127826013664401,0.11967972793820085,0.0,0.0,0.7601381700699248,0.0,0.0,0.11887724184391452,0.12098458808616061,0.0,0.0
2023-06-16,1373630857.4522982,831849.0922979536,1857396.96,1370941611.4,0.9980422352645121,Bull,1.0,0.0,0.0,0.0,0.755957436283831,0.0,0.0,0.12093816843057413,0.12114663055010681,0.0,0.0,0.7601381700699248,0.0,0.0,0.11887724184391452,0.12098458808616061,0.0,0.0
2023-06-19,1381436344.7022982,831849.0922979536,1857396.96,1378747098.65,0.9980532971623259,Bull,1.0,0.0,0.0,0.0,0.7558523073859177,0.0,0.0,0.12201358437280993,0.12018740540359825,0.0,0.0,0.7601381700699248,0.0,0.0,0.11887724184391452,0.12098458808616061,0.0,0.0
2023-06-20,1380195139.552298,831849.0922979536,1857396.96,1377505893.5,0.998051546498584,Bull,1.0,0.0,0.0,0.0,0.758208468868722,0.0,0.0,0.12018916401474136,0.11965391361512061,0.0,0.0,0.7601381700699248,0.0,0.0,0.11887724184391452,0.12098458808616061,0.0,0.0
2023-06-21,1383631550.252298,831849.0922979536,1857396.96,1380942304.2,0.9980563857106267,Bull,1.0,0.0,0.0,0.0,0.7599006787668859,0.0,0.0,0.11879896781048918,0.11935673913325157,0.0,0.0,0.7601381700699248,0.0,0.0,0.11887724184391452,0.12098458808616061,0.0,0.0
2023-06-26,1376900754.902298,831849.0922979536,1857396.96,1374211508.85,0.9980468846118914,Bull,1.0,0.0,0.0,0.0,0.7605715627080976,0.0,0.0,0.11827010728275418,0.1192052146210397,0.0,0.0,0.7601381700699248,0.0,0.0,0.11887724184391452,0.12098458808616061,0.0,0.0
2023-06-27,1373639513.0022979,831849.0922979536,1857396.96,1370950266.9499998,0.9980422476007403,Bull,1.0,0.0,0.0,0.0,0.7612384159396635,0.0,0.0,0.11809837913400838,0.11870545252706867,0.0,0.0,0.7601381700699248,0.0,0.0,0.11887724184391452,0.12098458808616061,0.0,0.0
2023-06-28,1375618526.102298,831849.0922979536,1857396.96,1372929280.05,0.998045064092065,Bull,1.0,0.0,0.0,0.0,0.7618403359392276,0.0,0.0,0.11748613218951473,0.11871859596332256,0.0,0.0,0.7601381700699248,0.0,0.0,0.11887724184391452,0.12098458808616061,0.0,0.0
2023-06-29,1380086779.9522982,831849.0922979536,4255416.96,1374999513.9,0.9963138071270606,Bull,1.0,0.0,0.0,0.0,0.7617225084471395,0.0,0.0,0.11630290379677999,0.11828839488314102,0.0,0.0,0.7601381700699248,0.0,0.0,0.11887724184391452,0.12098458808616061,0.0,0.0
2023-06-30,1377036409.602298,831849.0922979536,6190416.96,1370014143.55,0.9949004499784242,Bull,1.0,0.0,0.0,0.0,0.7615611586137176,0.0,0.0,0.11474293555217868,0.11859635581252786,0.0,0.0,0.7601381700699248,0.0,0.0,0.11887724184391452,0.12098458808616061,0.0,0.0
2023-07-03,1380119538.652298,831849.0922979536,6190416.96,1373097272.6,0.9949118421588644,Bull,1.0,0.0,0.0,0.0,0.7620944006249459,0.0,0.0,0.11301948536451892,0.1197979561693996,0.0,0.0,0.7601381700699248,0.0,0.0,0.11887724184391452,0.12098458808616061,0.0,0.0
2023-07-04,1381706097.7022982,831849.0922979536,6190416.96,1374683831.65,0.9949176846914292,Bull,1.0,0.0,0.0,0.0,0.7623270487128921,0.0,0.0,0.1126555786783086,0.11993505730022833,0.0,0.0,0.7601381700699248,0.0,0.0,0.11887724184391452,0.12098458808616061,0.0,0.0
2023-07-05,1375698039.802298,831849.0922979536,8488166.96,1366378023.75,0.9932252458151082,Bull,1.0,0.0,0.0,0.0,0.7633566330449355,0.0,0.0,0.10959367218526159,0.12027494058491105,0.0,0.0,0.7601381700699248,0.0,0.0,0.11887724184391452,0.12098458808616061,0.0,0.0
2023-07-06,1354050567.002298,831849.0922979536,8488166.96,1344730550.95,0.993116936487142,Bull,1.0,0.0,0.0,0.0,0.7628665251674067,0.0,0.0,0.11076189003194403,0.11948852128779132,0.0,0.0,0.7601381700699248,0.0,0.0,0.11887724184391452,0.12098458808616061,0.0,0.0
2023-07-07,1348449582.652298,831849.0922979536,8488166.96,1339129566.6,0.9930883466670172,Bull,1.0,0.0,0.0,0.0,0.7622392263107934,0.0,0.0,0.11105190874504722,0.11979721161117651,0.0,0.0,0.7601381700699248,0.0,0.0,0.11887724184391452,0.12098458808616061,0.0,0.0
2023-07-10,1348504500.402298,831849.0922979536,8488166.96,1339184484.35,0.9930886281436082,Bull,1.0,0.0,0.0,0.0,0.762724954972829,0.0,0.0,0.110805859346723,0.11955781382405631,0.0,0.0,0.7601381700699248,0.0,0.0,0.11887724184391452,0.12098458808616061,0.0,0.0
2023-07-11,1368355180.9022982,831849.0922979536,8488166.96,1359035164.8500001,0.9931888911721353,Bull,1.0,0.0,0.0,0.0,0.7632605769514546,0.0,0.0,0.1104871031367073,0.11944121108397339,0.0,0.0,0.7601381700699248,0.0,0.0,0.11887724184391452,0.12098458808616061,0.0,0.0
2023-07-12,1374423493.402298,831849.0922979536,8488166.96,1365103477.35,0.9932189633711608,Bull,1.0,0.0,0.0,0.0,0.7644498456215368,0.0,0.0,0.10962516336724028,0.11914395438238382,0.0,0.0,0.7601381700699248,0.0,0.0,0.11887724184391452,0.12098458808616061,0.0,0.0
2023-07-13,1374052553.7022982,831849.0922979536,8488166.96,1364732537.65,0.9932171327601802,Bull,1.0,0.0,0.0,0.0,0.7632852432202032,0.0,0.0,0.10942085118570712,0.12051103835426978,0.0,0.0,0.7601381700699248,0.0,0.0,0.11887724184391452,0.12098458808616061,0.0,0.0
2023-07-14,1390840597.252298,831849.0922979536,8488166.96,1381520581.2,0.9932990048818604,Bull,1.0,0.0,0.0,0.0,0.7629781826159207,0.0,0.0,0.11003654933739182,0.1202842729285479,0.0,0.0,0.7601381700699248,0.0,0.0,0.11887724184391452,0.12098458808616061,0.0,0.0
2023-07-17,1393466983.502298,831849.0922979536,8488166.96,1384146967.45,0.9933116348197405,Bull,1.0,0.0,0.0,0.0,0.7643529987147653,0.0,0.0,0.1091280251346904,0.11983061097028469,0.0,0.0,0.7601381700699248,0.0,0.0,0.11887724184391452,0.12098458808616061,0.0,0.0
2023-07-18,1395288462.602298,831849.0922979536,10891666.96,1383564946.55,0.9915977832781381,Bull,1.0,0.0,0.0,0.0,0.7654125474227519,0.0,0.0,0.10846029624422894,0.11772493961115726,0.0,0.0,0.7601381700699248,0.0,0.0,0.11887724184391452,0.12098458808616061,0.0,0.0
2023-07-19,1387536866.552298,831849.0922979536,10891666.96,1375813350.5,0.9915508435596179,Bull,1.0,0.0,0.0,0.0,0.7652252895724989,0.0,0.0,0.10894578994186484,0.11737976404525412,0.0,0.0,0.7601381700699248,0.0,0.0,0.11887724184391452,0.12098458808616061,0.0,0.0
2023-07-20,1396810341.352298,831849.0922979536,10891666.96,1385086825.3,0.9916069378173789,Bull,1.0,0.0,0.0,0.0,0.7656899033726791,0.0,0.0,0.10877317807720857,0.11714385636749124,0.0,0.0,0.7601381700699248,0.0,0.0,0.11887724184391452,0.12098458808616061,0.0,0.0
2023-07-21,1389438282.902298,831849.0922979536,10891666.96,1377714766.85,0.9915624060481408,Bull,1.0,0.0,0.0,0.0,0.7660433571951926,0.0,0.0,0.109711098273171,0.11580795057977733,0.0,0.0,0.7601381700699248,0.0,0.0,0.11887724184391452,0.12098458808616061,0.0,0.0
2023-07-24,1383329864.602298,831849.0922979536,10891666.96,1371606348.55,0.9915251478679898,Bull,1.0,0.0,0.0,0.0,0.7652030261446879,0.0,0.0,0.10995707089988269,0.11636505082341919,0.0,0.0,0.7601381700699248,0.0,0.0,0.11887724184391452,0.12098458808616061,0.0,0.0
2023-07-25,1394213709.352298,831849.0922979536,10891666.96,1382490193.3,0.9915913062870796,Bull,1.0,0.0,0.0,0.0,0.7650555550737829,0.0,0.0,0.1096273827855314,0.11690836842776549,0.0,0.0,0.7601381700699248,0.0,0.0,0.11887724184391452,0.12098458808616061,0.0,0.0
2023-07-26,1408637435.202298,2766849.0922979536,8956666.96,1396913919.1499999,0.9916774070038722,Bull,1.0,1935000.0,0.0,0.0,0.7676447410292677,0.0,0.0,0.10863569018952221,0.11539697578508229,0.0,0.0,0.7601381700699248,0.0,0.0,0.11887724184391452,0.12098458808616061,0.0,0.0
2023-07-27,1417063914.4522982,2766849.0922979536,8956666.96,1405340398.4,0.9917268967668058,Bull,1.0,0.0,0.0,0.0,0.7681866620820257,0.0,0.0,0.10793676872303756,0.11560346596174262,0.0,0.0,0.7601381700699248,0.0,0.0,0.11887724184391452,0.12098458808616061,0.0,0.0
2023-07-28,1417326723.902298,2766849.0922979536,8956666.96,1405603207.85,0.9917284308165587,Bull,1.0,0.0,0.0,0.0,0.7681978964259298,0.0,0.0,0.10794850433550901,0.11558203005511988,0.0,0.0,0.7601381700699248,0.0,0.0,0.11887724184391452,0.12098458808616061,0.0,0.0
2023-07-31,1421618464.402298,2766849.0922979536,8956666.96,1409894948.35,0.9917534019528741,Bull,1.0,0.0,0.0,0.0,0.770337453945797,0.0,0.0,0.10680573149690906,0.11461021651016805,0.0,0.0,0.7601381700699248,0.0,0.0,0.11887724184391452,0.12098458808616061,0.0,0.0
2023-08-01,1430495703.752298,2766849.0922979536,8956666.96,1418772187.7,0.9918045779364828,Bull,1.0,0.0,0.0,0.0,0.770901747420385,0.0,0.0,0.10642905085324372,0.1144737796628541,0.0,0.0,0.7601381700699248,0.0,0.0,0.11887724184391452,0.12098458808616061,0.0,0.0
2023-08-02,1408287074.802298,2766849.0922979536,8956666.96,1396563558.75,0.991675336469346,Bull,1.0,0.0,0.0,0.0,0.7694640021475199,0.0,0.0,0.10736951485635637,0.11484181946546974,0.0,0.0,0.7601381700699248,0.0,0.0,0.11887724184391452,0.12098458808616061,0.0,0.0
2023-08-04,1408938963.852298,5164869.092297954,6558646.96,1397215447.8,0.9916791881315825,Bull,1.0,2398020.0,0.0,0.0,0.7696273050999783,0.0,0.0,0.10780190192534313,0.114249981106261,0.0,0.0,0.7601381700699248,0.0,0.0,0.11887724184391452,0.12098458808616061,0.0,0.0
2023-08-07,1417982095.902298,7462619.092297954,4260896.96,1406258579.85,0.9917322538231076,Bull,1.0,2297750.0,0.0,0.0,0.7705600677240746,0.0,0.0,0.10653568929858248,0.11463649680045059,0.0,0.0,0.7601381700699248,0.0,0.0,0.11887724184391452,0.12098458808616061,0.0,0.0
2023-08-08,1411772302.002298,7462619.092297954,4260896.96,1400048785.95,0.9916958874772718,Bull,1.0,0.0,0.0,0.0,0.7704593611925313,0.0,0.0,0.10743984691077549,0.113796679373965,0.0,0.0,0.7601381700699248,0.0,0.0,0.11887724184391452,0.12098458808616061,0.0,0.0
2023-08-09,1423923157.9522982,7462619.092297954,10430757.96,1406029780.9,0.9874337481258258,Bull,1.0,0.0,616986.0,0.0,0.7673807921428619,0.0,0.0,0.10704966707557857,0.11300328890738531,0.0,0.0,0.7601381700699248,0.0,0.0,0.11887724184391452,0.12098458808616061,0.0,0.0
2023-08-10,1422573070.4022982,7462623.092297954,18488494.96,1396621952.3500001,0.9817576203344274,Bull,1.0,4.0,51985.0,4.0,0.7614059164241651,0.0,0.0,0.10795255667012653,0.1123991472401358,0.0,0.0,0.7601381700699248,0.0,0.0,0.11887724184391452,0.12098458808616061,0.0,0.0
2023-08-11,1411922482.552298,9866129.092297953,25309811.76,1376746541.7,0.9750864928585092,Bull,1.0,2403506.0,345930.0,6.0,0.7531485296400554,0.0,0.0,0.10878054701867175,0.11315741619978212,0.0,0.0,0.7601381700699248,0.0,0.0,0.11887724184391452,0.12098458808616061,0.0,0.0
2023-08-14,1392655885.844358,197041.08435795456,25309811.76,1367149033.0,0.9816847412891998,Bull,1.0,0.0,0.0,0.0,0.7592960642670765,0.0,0.0,0.10930079824256873,0.11308787877955462,0.0,0.0,0.7601381700699248,0.0,0.0,0.11887724184391452,0.12098458808616061,0.0,0.0
2023-08-15,1381376429.644358,197041.08435795456,25309811.76,1355869576.8,0.9815351903384331,Bull,1.0,0.0,0.0,0.0,0.7572824136497837,0.0,0.0,0.1100583423441946,0.1141944343444548,0.0,0.0,0.7601381700699248,0.0,0.0,0.11887724184391452,0.12098458808616061,0.0,0.0
2023-08-16,1364867371.744358,197041.08435795456,25309811.76,1339360518.9,0.981311845112277,Bull,1.0,0.0,0.0,0.0,0.7543540055354511,0.0,0.0,0.11198458045389333,0.11497325912293256,0.0,0.0,0.7601381700699248,0.0,0.0,0.11887724184391452,0.12098458808616061,0.0,0.0
2023-08-17,1360131941.904358,197041.08435795456,28911076.77,1331023824.05,0.978599048402905,Bull,1.0,0.0,0.0,0.0,0.7509870127892534,0.0,0.0,0.11172695480354053,0.1158850808101112,0.0,0.0,0.7601381700699248,0.0,0.0,0.11887724184391452,0.12098458808616061,0.0,0.0
2023-08-18,1363716444.654358,197041.08435795456,28911076.77,1334608326.8,0.9786553003973377,Bull,1.0,0.0,0.0,0.0,0.7518265844919565,0.0,0.0,0.11194394597088879,0.11488476993449251,0.0,0.0,0.7601381700699248,0.0,0.0,0.11887724184391452,0.12098458808616061,0.0,0.0
2023-08-21,1364081730.904358,197041.08435795456,28911076.77,1334973613.05,0.9786610162757184,Bull,1.0,0.0,0.0,0.0,0.7529907407886965,0.0,0.0,0.11160452966338723,0.11406574582363459,0.0,0.0,0.7601381700699248,0.0,0.0,0.11887724184391452,0.12098458808616061,0.0,0.0
2023-08-22,1364633089.104358,197041.08435795456,28911076.77,1335524971.25,0.9786696379512075,Bull,1.0,0.0,0.0,0.0,0.7526707211270419,0.0,0.0,0.11105226834230077,0.11494664848186485,0.0,0.0,0.7601381700699248,0.0,0.0,0.11887724184391452,0.12098458808616061,0.0,0.0
2023-08-23,1363118211.154358,197041.08435795456,28911076.77,1334010093.3,0.9786459328206703,Bull,1.0,0.0,0.0,0.0,0.7516070395922423,0.0,0.0,0.1111756843683157,0.11586320886011228,0.0,0.0,0.7601381700699248,0.0,0.0,0.11887724184391452,0.12098458808616061,0.0,0.0
2023-08-24,1372586328.7043579,197041.08435795456,28911076.77,1343478210.85,0.9787932334414009,Bull,1.0,0.0,0.0,0.0,0.7508831242861611,0.0,0.0,0.11086464786782549,0.11704546128741428,0.0,0.0,0.7601381700699248,0.0,0.0,0.11887724184391452,0.12098458808616061,0.0,0.0
2023-08-25,1360234760.2043579,197041.08435795456,28911076.77,1331126642.35,0.9786006660718001,Bull,1.0,0.0,0.0,0.0,0.7516335578693768,0.0,0.0,0.11113728631467132,0.11582982188775214,0.0,0.0,0.7601381700699248,0.0,0.0,0.11887724184391452,0.12098458808616061,0.0,0.0
2023-08-28,1371708172.104358,197041.08435795456,28911076.77,1342600054.25,0.978779657039075,Bull,1.0,0.0,0.0,0.0,0.7524827257291228,0.0,0.0,0.11069818135372876,0.11559874995622345,0.0,0.0,0.7601381700699248,0.0,0.0,0.11887724184391452,0.12098458808616061,0.0,0.0
2023-08-29,1376694509.4543579,197041.08435795456,28911076.77,1347586391.6,0.9788565163480643,Bull,1.0,0.0,0.0,0.0,0.7520792263567362,0.0,0.0,0.11095402716506889,0.11582326282625915,0.0,0.0,0.7601381700699248,0.0,0.0,0.11887724184391452,0.12098458808616061,0.0,0.0
2023-08-30,1379376852.904358,197041.08435795456,28911076.77,1350268735.05,0.9788976320770723,Bull,1.0,0.0,0.0,0.0,0.7524468261625712,0.0,0.0,0.11034837918260612,0.11610242673189491,0.0,0.0,0.7601381700699248,0.0,0.0,0.11887724184391452,0.12098458808616061,0.0,0.0
2023-08-31,1361226157.654358,9421857.884357955,19686259.97,1332118039.8,0.9786162514651374,Bull,1.0,9224816.8,0.0,0.0,0.7508622531624385,0.0,0.0,0.11093983108598585,0.11681416721671307,0.0,0.0,0.7601381700699248,0.0,0.0,0.11887724184391452,0.12098458808616061,0.0,0.0
2023-09-01,1366586421.004358,9421857.884357955,19686259.97,1337478303.15,0.9787001265291622,Bull,1.0,0.0,0.0,0.0,0.7511337646656789,0.0,0.0,0.11102525070349441,0.11654111115998869,0.0,0.0,0.7601381700699248,0.0,0.0,0.11887724184391452,0.12098458808616061,0.0,0.0
2023-09-04,1372761114.954358,9421857.884357955,19686259.97,1343652997.1000001,0.9787959335843179,Bull,1.0,0.0,0.0,0.0,0.7509625934693491,0.0,0.0,0.11103315670845453,0.11680018340651424,0.0,0.0,0.7601381700699248,0.0,0.0,0.11887724184391452,0.12098458808616061,0.0,0.0
2023-09-05,1368965020.204358,9421857.884357955,19686259.97,1339856902.3500001,0.9787371354090459,Bull,1.0,0.0,0.0,0.0,0.7509186408550773,0.0,0.0,0.11097164482502413,0.11684684972894442,0.0,0.0,0.7601381700699248,0.0,0.0,0.11887724184391452,0.12098458808616061,0.0,0.0
2023-09-06,1359687690.554358,9421857.884357955,19686259.97,1330579572.7,0.9785920560606898,Bull,1.0,0.0,0.0,0.0,0.749495990718656,0.0,0.0,0.11187061636042585,0.11722544898160778,0.0,0.0,0.7601381700699248,0.0,0.0,0.11887724184391452,0.12098458808616061,0.0,0.0
2023-09-07,1361483121.504358,9421857.884357955,19686259.97,1332375003.65,0.9786202873949732,Bull,1.0,0.0,0.0,0.0,0.750875965704528,0.0,0.0,0.1117419655058963,0.11600235618454889,0.0,0.0,0.7601381700699248,0.0,0.0,0.11887724184391452,0.12098458808616061,0.0,0.0
2023-09-08,1363281863.154358,13023122.894357955,16084994.96,1334173745.3,0.9786484962199911,Bull,1.0,3601265.01,0.0,0.0,0.7517323254992678,0.0,0.0,0.11157721973066194,0.11533895099006135,0.0,0.0,0.7601381700699248,0.0,0.0,0.11887724184391452,0.12098458808616061,0.0,0.0
2023-09-11,1366264579.904358,13023122.894357955,16084994.96,1337156462.05,0.9786951090714834,Bull,1.0,0.0,0.0,0.0,0.7523859413247468,0.0,0.0,0.11168495637256569,0.11462421137417095,0.0,0.0,0.7601381700699248,0.0,0.0,0.11887724184391452,0.12098458808616061,0.0,0.0
2023-09-12,1374949325.2043579,19192983.894357957,9915133.96,1345841207.35,0.9788296795228932,Bull,1.0,6169861.0,0.0,0.0,0.7522436197394206,0.0,0.0,0.11153581967626827,0.11505024010720437,0.0,0.0,0.7601381700699248,0.0,0.0,0.11887724184391452,0.12098458808616061,0.0,0.0
2023-09-13,1375539383.2043579,19192983.894357957,9915133.96,1346431265.35,0.9788387608455457,Bull,1.0,0.0,0.0,0.0,0.7521590279296936,0.0,0.0,0.11154089942709094,0.11513883348876132,0.0,0.0,0.7601381700699248,0.0,0.0,0.11887724184391452,0.12098458808616061,0.0,0.0
2023-09-14,1394249724.154358,19192983.894357957,9915133.96,1365141606.3,0.9791227372327345,Bull,1.0,0.0,0.0,0.0,0.7534653499301656,0.0,0.0,0.110475904948393,0.11518148235417605,0.0,0.0,0.7601381700699248,0.0,0.0,0.11887724184391452,0.12098458808616061,0.0,0.0
2023-09-15,1390492467.9543579,27250720.894357957,1857396.96,1361384350.1,0.9790663246833831,Bull,1.0,8057737.0,0.0,0.0,0.7517018065101156,0.0,0.0,0.11150790354737071,0.11585661462589666,0.0,0.0,0.7601381700699248,0.0,0.0,0.11887724184391452,0.12098458808616061,0.0,0.0
2023-09-18,1390302133.7043579,27250720.894357957,1857396.96,1361194015.85,0.9790634588348063,Bull,1.0,0.0,0.0,0.0,0.7534124349353408,0.0,0.0,0.11100687847524969,0.11464414542421586,0.0,0.0,0.7601381700699248,0.0,0.0,0.11887724184391452,0.12098458808616061,0.0,0.0
2023-09-19,1388365980.7043579,27250720.894357957,1857396.96,1359257862.85,0.9790342616724226,Bull,1.0,0.0,0.0,0.0,0.7532687543376921,0.0,0.0,0.11146261299307438,0.11430289434165612,0.0,0.0,0.7601381700699248,0.0,0.0,0.11887724184391452,0.12098458808616061,0.0,0.0
2023-09-20,1385298614.754358,27250720.894357957,1857396.96,1356190496.9,0.9789878387631828,Bull,1.0,0.0,0.0,0.0,0.7535751034336446,0.0,0.0,0.11149596076611112,0.11391677456342707,0.0,0.0,0.7601381700699248,0.0,0.0,0.11887724184391452,0.12098458808616061,0.0,0.0
2023-09-21,1364799494.504358,27250720.894357957,1857396.96,1335691376.65,0.9786722386903222,Bull,1.0,0.0,0.0,0.0,0.7530871243641994,0.0,0.0,0.11181107599649152,0.11377403832963111,0.0,0.0,0.7701036275524437,0.0,0.0,0.13915793138293592,0.09073844106462046,0.0,0.0
2023-09-22,1370421226.6976612,2019774.68766121,1857396.96,1366544055.05,0.9971708175762833,Bull,1.0,0.0,0.0,0.0,0.7760348309933361,0.0,0.0,0.1251046004396311,0.09603138614331608,0.0,0.0,0.7701036275524437,0.0,0.0,0.13915793138293592,0.09073844106462046,0.0,0.0
2023-09-25,1378600744.5976613,2019774.68766121,1857396.96,1374723572.95,0.9971876036895709,Bull,1.0,0.0,0.0,0.0,0.776347413958749,0.0,0.0,0.12467808440808788,0.09616210532273413,0.0,0.0,0.7701036275524437,0.0,0.0,0.13915793138293592,0.09073844106462046,0.0,0.0
2023-09-26,1366445057.5476613,2019774.68766121,1857396.96,1362567885.9,0.9971625850404703,Bull,1.0,0.0,0.0,0.0,0.7755747514663869,0.0,0.0,0.12570889627152723,0.09587893730255619,0.0,0.0,0.7701036275524437,0.0,0.0,0.13915793138293592,0.09073844106462046,0.0,0.0
2023-09-27,1363528808.6476612,2019774.68766121,1857396.96,1359651637.0,0.9971565165157702,Bull,1.0,0.0,0.0,0.0,0.7752764593572734,0.0,0.0,0.1257567122252926,0.09612334493320411,0.0,0.0,0.7701036275524437,0.0,0.0,0.13915793138293592,0.09073844106462046,0.0,0.0
2023-09-28,1366273976.997661,2019774.68766121,1857396.96,1362396805.35,0.9971622297482521,Bull,1.0,0.0,0.0,0.0,0.775114708454857,0.0,0.0,0.125724637145961,0.09632288414743428,0.0,0.0,0.7701036275524437,0.0,0.0,0.13915793138293592,0.09073844106462046,0.0,0.0
2023-10-02,1368071188.3476613,2019774.68766121,1857396.96,1364194016.7,0.9971659576777259,Bull,1.0,0.0,0.0,0.0,0.7742551525986976,0.0,0.0,0.12545955317376553,0.09745125190526267,0.0,0.0,0.7701036275524437,0.0,0.0,0.13915793138293592,0.09073844106462046,0.0,0.0
2023-10-03,1363210213.5976613,2019774.68766121,1857396.96,1359333041.95,0.9971558519669326,Bull,1.0,0.0,0.0,0.0,0.7740665609929452,0.0,0.0,0.1258808790370806,0.09720841193690669,0.0,0.0,0.7701036275524437,0.0,0.0,0.13915793138293592,0.09073844106462046,0.0,0.0
2023-10-04,1342558762.247661,2019774.68766121,1857396.96,1338681590.6,0.9971121028317821,Bull,1.0,0.0,0.0,0.0,0.7729469426445642,0.0,0.0,0.12674022529571138,0.09742493489150654,0.0,0.0,0.7701036275524437,0.0,0.0,0.13915793138293592,0.09073844106462046,0.0,0.0
2023-10-05,1355857081.9476612,2019774.68766121,1857396.96,1351979910.3,0.9971404274836314,Bull,1.0,0.0,0.0,0.0,0.7730595460653876,0.0,0.0,0.12622657821291414,0.0978543032053297,0.0,0.0,0.7701036275524437,0.0,0.0,0.13915793138293592,0.09073844106462046,0.0,0.0
2023-10-06,1367008522.3476613,2019774.68766121,1857396.96,1363131350.7,0.997163754589472,Bull,1.0,0.0,0.0,0.0,0.7743186917972992,0.0,0.0,0.125435794434931,0.09740926835724187,0.0,0.0,0.7701036275524437,0.0,0.0,0.13915793138293592,0.09073844106462046,0.0,0.0
2023-10-11,1391293163.7976613,2019774.68766121,1857396.96,1387415992.15,0.9972132604769809,Bull,1.0,0.0,0.0,0.0,0.7748950905553298,0.0,0.0,0.12495102004632751,0.09736714987532358,0.0,0.0,0.7701036275524437,0.0,0.0,0.13915793138293592,0.09073844106462046,0.0,0.0
2023-10-12,1400600867.047661,2019774.68766121,1857396.96,1396723695.3999999,0.997231779774752,Bull,1.0,0.0,0.0,0.0,0.7752166380481416,0.0,0.0,0.12449064119711604,0.09752450052949445,0.0,0.0,0.7701036275524437,0.0,0.0,0.13915793138293592,0.09073844106462046,0.0,0.0
2023-10-13,1387571772.997661,2019774.68766121,1857396.96,1383694601.35,0.9972057865956114,Bull,1.0,0.0,0.0,0.0,0.7740304121564242,0.0,0.0,0.12500578591713135,0.09816958852205594,0.0,0.0,0.7701036275524437,0.0,0.0,0.13915793138293592,0.09073844106462046,0.0,0.0
2023-10-16,1393648352.0976613,2019774.68766121,1857396.96,1389771180.45,0.9972179699119756,Bull,1.0,0.0,0.0,0.0,0.7747568666262351,0.0,0.0,0.1252584984851093,0.09720260480063128,0.0,0.0,0.7701036275524437,0.0,0.0,0.13915793138293592,0.09073844106462046,0.0,0.0
2023-10-17,1390134436.247661,2019774.68766121,1857396.96,1386257264.6,0.9972109376283587,Bull,1.0,0.0,0.0,0.0,0.7744190680621384,0.0,0.0,0.12511200029650557,0.09767986926971464,0.0,0.0,0.7701036275524437,0.0,0.0,0.13915793138293592,0.09073844106462046,0.0,0.0
2023-10-18,1388209088.5476613,2019774.68766121,1857396.96,1384331916.9,0.9972070693963562,Bull,1.0,0.0,0.0,0.0,0.77533761000373,0.0,0.0,0.1254067571205236,0.09646270227210263,0.0,0.0,0.7701036275524437,0.0,0.0,0.13915793138293592,0.09073844106462046,0.0,0.0
2023-10-19,1375759933.497661,2019774.68766121,1857396.96,1371882761.85,0.9971817963634076,Bull,1.0,0.0,0.0,0.0,0.7734936059262763,0.0,0.0,0.12631360731533867,0.0973745831217927,0.0,0.0,0.7701036275524437,0.0,0.0,0.13915793138293592,0.09073844106462046,0.0,0.0
2023-10-20,1362934041.3476613,2019774.68766121,1857396.96,1359056869.7,0.9971552756552859,Bull,1.0,0.0,0.0,0.0,0.7718424647019733,0.0,0.0,0.1265888845430855,0.09872392641022715,0.0,0.0,0.7701036275524437,0.0,0.0,0.13915793138293592,0.09073844106462046,0.0,0.0
2023-10-23,1353682095.5476613,2019774.68766121,1857396.96,1349804923.9,0.9971358329548619,Bull,1.0,0.0,0.0,0.0,0.7712216755571638,0.0,0.0,0.127744099274682,0.09817005812301599,0.0,0.0,0.7701036275524437,0.0,0.0,0.13915793138293592,0.09073844106462046,0.0,0.0
2023-10-24,1354137450.247661,2019774.68766121,1857396.96,1350260278.6,0.9971367960859866,Bull,1.0,0.0,0.0,0.0,0.7708483569441867,0.0,0.0,0.12807215395178792,0.09821628519001202,0.0,0.0,0.7701036275524437,0.0,0.0,0.13915793138293592,0.09073844106462046,0.0,0.0
2023-10-25,1350763938.6976612,2019774.68766121,1857396.96,1346886767.05,0.9971296452795451,Bull,1.0,0.0,0.0,0.0,0.7701415008554234,0.0,0.0,0.12832797429218204,0.09866017013193953,0.0,0.0,0.7701036275524437,0.0,0.0,0.13915793138293592,0.09073844106462046,0.0,0.0
2023-10-26,1340249889.5476613,2019774.68766121,1857396.96,1336372717.9,0.9971071277991526,Bear,1.0,0.0,0.0,0.0,0.7706663331631404,0.0,0.0,0.12896811359435162,0.09747268104166057,0.0,0.0,0.737370556984427,0.0,0.0,0.19186844853720192,0.07076099447837111,0.0,0.0
2023-10-27,1351154470.5375338,10262765.62753358,1857396.96,1339034307.95,0.9910297727966574,Bull,1.0,0.0,0.0,0.0,0.7466574917586192,0.0,0.0,0.16716282625342188,0.07720945478461638,0.0,0.0,0.737370556984427,0.0,0.0,0.19186844853720192,0.07076099447837111,0.0,0.0
2023-10-30,1342802905.2015948,1042476.8415948348,1857396.96,1339903031.3999999,0.9978404322850645,Bull,1.0,0.0,0.0,0.0,0.7388656425725029,0.0,0.0,0.18629100296922926,0.07268378674333247,0.0,0.0,0.737370556984427,0.0,0.0,0.19186844853720192,0.07076099447837111,0.0,0.0
2023-10-31,1345675264.601595,1042476.8415948348,1857396.96,1342775390.8,0.9978450419073033,Bear,1.0,0.0,0.0,0.0,0.7385419179078385,0.0,0.0,0.18727980414696352,0.07202331985250131,0.0,0.0,0.7155279177383203,0.0,0.0,0.23140133640290142,0.053070745858778336,0.0,0.0
2023-11-01,1352719529.9758642,13784957.765864082,1857396.96,1337077175.25,0.9884363651302179,Bear,1.0,0.0,0.0,0.0,0.7207403335615297,0.0,0.0,0.20982353969936715,0.05787249186932106,0.0,0.0,0.6991459383037402,0.0,0.0,0.26105100230217604,0.039803059394083753,0.0,0.0
2023-11-02,1369825519.06044,4560927.850440087,1857396.96,1363407194.25,0.9953144946410092,Bull,1.0,0.0,0.0,0.0,0.7060675106369698,0.0,0.0,0.24443945257324853,0.04480753143079081,0.0,0.0,0.6991459383037402,0.0,0.0,0.26105100230217604,0.039803059394083753,0.0,0.0
2023-11-03,1380895723.1344647,5463025.724464714,1857396.96,1373575300.45,0.9946987867643994,Bull,1.0,0.0,0.0,0.0,0.7029756006822497,0.0,0.0,0.2506604185972231,0.04106276748492652,0.0,0.0,0.6991459383037402,0.0,0.0,0.26105100230217604,0.039803059394083753,0.0,0.0
2023-11-06,1389867951.4344647,5463025.724464714,1857396.96,1382547528.75,0.9947330085013405,Bull,1.0,0.0,0.0,0.0,0.7031673964000186,0.0,0.0,0.25041019158747807,0.04115542051384378,0.0,0.0,0.7212461433493392,0.0,0.0,0.23527246197389026,0.043481394676770466,0.0,0.0
2023-11-07,1388372674.602063,4961901.192062964,1857396.96,1381553376.45,0.9950882797704028,Bull,1.0,0.0,0.0,0.0,0.7124954952988601,0.0,0.0,0.23967815420695804,0.042914630264584634,0.0,0.0,0.7212461433493392,0.0,0.0,0.23527246197389026,0.043481394676770466,0.0,0.0
2023-11-08,1390535532.652063,4961901.192062964,1857396.96,1383716234.5,0.9950959195274521,Bull,1.0,0.0,0.0,0.0,0.7112008368558915,0.0,0.0,0.24081009951709503,0.043084983154465614,0.0,0.0,0.7212461433493392,0.0,0.0,0.23527246197389026,0.043481394676770466,0.0,0.0
2023-11-09,1388289315.802063,4961901.192062964,1857396.96,1381470017.65,0.9950879848498126,Bull,1.0,0.0,0.0,0.0,0.7111306385583097,0.0,0.0,0.24078568940572356,0.04317165688577933,0.0,0.0,0.7212461433493392,0.0,0.0,0.23527246197389026,0.043481394676770466,0.0,0.0
2023-11-10,1387274192.602063,4961901.192062964,1857396.96,1380454894.45,0.995084390534742,Bull,1.0,0.0,0.0,0.0,0.7120800269463119,0.0,0.0,0.2399708736566206,0.04303348993180948,0.0,0.0,0.7212461433493392,0.0,0.0,0.23527246197389026,0.043481394676770466,0.0,0.0
2023-11-13,1389111283.5020628,4961901.192062964,1857396.96,1382291985.35,0.995090891397217,Bull,1.0,0.0,0.0,0.0,0.712661035229817,0.0,0.0,0.23879209962482997,0.04363775654257003,0.0,0.0,0.7313736077023347,0.0,0.0,0.204797175060908,0.0638292172367573,0.0,0.0
2023-11-14,1392068462.0718424,1341261.4618424661,1857396.96,1388869803.6499999,0.9977022262130112,Bull,1.0,0.0,0.0,0.0,0.7128541667936924,0.0,0.0,0.2260966386175888,0.05875142080173005,0.0,0.0,0.7313736077023347,0.0,0.0,0.204797175060908,0.0638292172367573,0.0,0.0
2023-11-15,1407931572.3454216,5139243.9854214685,1857396.96,1400934931.4,0.9950305532720131,Bull,1.0,0.0,0.0,0.0,0.7233425270117757,0.0,0.0,0.20909886942131356,0.06258915683892369,0.0,0.0,0.7430162088385364,0.0,0.0,0.1710838437386576,0.08589994742280604,0.0,0.0
2023-11-16,1415158219.3480873,229397.3880872205,1857396.96,1413071425.0,0.9985253985599938,Bull,1.0,0.0,0.0,0.0,0.7351988708932387,0.0,0.0,0.1836832775629466,0.07964325010380849,0.0,0.0,0.7572621566289023,0.0,0.0,0.13724207815845835,0.10549576521263941,0.0,0.0
2023-11-17,1415620708.280642,1259390.2706419807,1857396.96,1412503921.05,0.9977982893211363,Bull,1.0,0.0,0.0,0.0,0.7498090518463736,0.0,0.0,0.1486949850116702,0.09929425246309258,0.0,0.0,0.7572621566289023,0.0,0.0,0.13724207815845835,0.10549576521263941,0.0,0.0
2023-11-20,1414603163.1806421,1259390.2706419807,1857396.96,1411486375.95,0.9977967055978907,Bull,1.0,0.0,0.0,0.0,0.7494878800964556,0.0,0.0,0.1489810750360154,0.09932775046541956,0.0,0.0,0.7572621566289023,0.0,0.0,0.13724207815845835,0.10549576521263941,0.0,0.0
2023-11-21,1432604855.1306422,1259390.2706419807,1857396.96,1429488067.9,0.9978243915483884,Bull,1.0,0.0,0.0,0.0,0.7506713481031242,0.0,0.0,0.14787503982085926,0.09927800362440493,0.0,0.0,0.7572621566289023,0.0,0.0,0.13724207815845835,0.10549576521263941,0.0,0.0
2023-11-22,1425605958.1306422,1259390.2706419807,1857396.96,1422489170.9,0.9978137105748849,Bull,1.0,0.0,0.0,0.0,0.7502974540753004,0.0,0.0,0.14865405043472715,0.09886220606485739,0.0,0.0,0.7572621566289023,0.0,0.0,0.13724207815845835,0.10549576521263941,0.0,0.0
2023-11-23,1423166915.780642,1259390.2706419807,1857396.96,1420050128.55,0.9978099636830494,Bull,1.0,0.0,0.0,0.0,0.7495568627414757,0.0,0.0,0.14925916113183535,0.09899393980973846,0.0,0.0,0.7572621566289023,0.0,0.0,0.13724207815845835,0.10549576521263941,0.0,0.0
2023-11-24,1423827138.480642,1259390.2706419807,1857396.96,1420710351.25,0.9978109791937468,Bull,1.0,0.0,0.0,0.0,0.7494957937020026,0.0,0.0,0.14944250903031436,0.09887267646142985,0.0,0.0,0.7572621566289023,0.0,0.0,0.13724207815845835,0.10549576521263941,0.0,0.0
2023-11-27,1421333556.330642,1259390.2706419807,1857396.96,1418216769.1,0.9978071387840245,Bull,1.0,0.0,0.0,0.0,0.7488900225841045,0.0,0.0,0.15051266400287125,0.09840445219704878,0.0,0.0,0.7572621566289023,0.0,0.0,0.13724207815845835,0.10549576521263941,0.0,0.0
2023-11-28,1429513859.730642,1259390.2706419807,1857396.96,1426397072.5,0.9978196872947916,Bull,1.0,0.0,0.0,0.0,0.7497886887937985,0.0,0.0,0.1495141152673209,0.09851688323367239,0.0,0.0,0.7572621566289023,0.0,0.0,0.13724207815845835,0.10549576521263941,0.0,0.0
2023-11-29,1424850407.280642,1259390.2706419807,1857396.96,1421733620.05,0.9978125512582121,Bull,1.0,0.0,0.0,0.0,0.7482877954078437,0.0,0.0,0.15076073874307439,0.09876401710729389,0.0,0.0,0.7572621566289023,0.0,0.0,0.13724207815845835,0.10549576521263941,0.0,0.0
2023-11-30,1434929148.280642,1259390.2706419807,1857396.96,1431812361.05,0.9978279155912495,Bull,1.0,0.0,0.0,0.0,0.74939373302053,0.0,0.0,0.15021431563939738,0.09821986693132209,0.0,0.0,0.7572621566289023,0.0,0.0,0.13724207815845835,0.10549576521263941,0.0,0.0
2023-12-01,1418751344.530642,1259390.2706419807,1857396.96,1415634557.3,0.9978031476462331,Bull,1.0,0.0,0.0,0.0,0.7460342937332385,0.0,0.0,0.1520886664402662,0.09968018747272848,0.0,0.0,0.7572621566289023,0.0,0.0,0.13724207815845835,0.10549576521263941,0.0,0.0
2023-12-04,1423794150.1806421,1259390.2706419807,1857396.96,1420677362.95,0.9978109284756883,Bull,1.0,0.0,0.0,0.0,0.7466273567812648,0.0,0.0,0.15223324240551225,0.09895032928891118,0.0,0.0,0.7572621566289023,0.0,0.0,0.13724207815845835,0.10549576521263941,0.0,0.0
2023-12-05,1423766455.280642,1259390.2706419807,1857396.96,1420649668.05,0.9978108858941843,Bull,1.0,0.0,0.0,0.0,0.745951917964421,0.0,0.0,0.15362266696814894,0.09823630096161436,0.0,0.0,0.7572621566289023,0.0,0.0,0.13724207815845835,0.10549576521263941,0.0,0.0
2023-12-06,1433677335.8095677,4180812.999567478,1857396.96,1427639125.8500001,0.9957883061908362,Bull,1.0,0.0,0.0,0.0,0.7521445020549817,0.0,0.0,0.1403670093496759,0.10327679478617861,0.0,0.0,0.7572621566289023,0.0,0.0,0.13724207815845835,0.10549576521263941,0.0,0.0
2023-12-07,1424264351.9095676,4180812.999567478,1857396.96,1418226141.95,0.995760471044949,Bull,1.0,0.0,0.0,0.0,0.7523081234978723,0.0,0.0,0.14012883193517728,0.10332351561189941,0.0,0.0,0.7572621566289023,0.0,0.0,0.13724207815845835,0.10549576521263941,0.0,0.0
2023-12-08,1428760768.4595675,4180812.999567478,1857396.96,1422722558.5,0.9957738131583234,Bull,1.0,0.0,0.0,0.0,0.7528608583365088,0.0,0.0,0.1390826962684925,0.10383025855332205,0.0,0.0,0.7572621566289023,0.0,0.0,0.13724207815845835,0.10549576521263941,0.0,0.0
2023-12-11,1423259028.0095675,4180812.999567478,1857396.96,1417220818.05,0.9957574764391187,Bull,1.0,0.0,0.0,0.0,0.753155467103627,0.0,0.0,0.13825108158644842,0.10435092774904332,0.0,0.0,0.7572621566289023,0.0,0.0,0.13724207815845835,0.10549576521263941,0.0,0.0
2023-12-12,1426064044.4595675,4180812.999567478,1857396.96,1420025834.5,0.9957658213296754,Bull,1.0,0.0,0.0,0.0,0.7532171774985484,0.0,0.0,0.1381648326142805,0.10438381121684644,0.0,0.0,0.7572621566289023,0.0,0.0,0.13724207815845835,0.10549576521263941,0.0,0.0
2023-12-13,1419634279.1595676,4180812.999567478,1857396.96,1413596069.2,0.995746644013737,Bull,1.0,0.0,0.0,0.0,0.7524750457789765,0.0,0.0,0.1383751455454393,0.10489645268932107,0.0,0.0,0.7572621566289023,0.0,0.0,0.13724207815845835,0.10549576521263941,0.0,0.0
2023-12-14,1434789238.9595675,4180812.999567478,1857396.96,1428751029.0,0.995791570081787,Bull,1.0,0.0,0.0,0.0,0.7532700271600354,0.0,0.0,0.13747071321989354,0.10505082970185801,0.0,0.0,0.7679105375087334,0.0,0.0,0.11142176784073786,0.12066769465052885,0.0,0.0
2023-12-15,1427227711.755497,3312852.195497105,1857396.96,1422057462.6,0.99637741818428,Bull,1.0,0.0,0.0,0.0,0.7608290209446444,0.0,0.0,0.11770133007953977,0.11784706716009587,0.0,0.0,0.7679105375087334,0.0,0.0,0.11142176784073786,0.12066769465052885,0.0,0.0
2023-12-18,1427240654.905497,3312852.195497105,1857396.96,1422070405.75,0.9963774510362169,Bull,1.0,0.0,0.0,0.0,0.760608732675065,0.0,0.0,0.11774643569911998,0.11802228266203182,0.0,0.0,0.7679105375087334,0.0,0.0,0.11142176784073786,0.12066769465052885,0.0,0.0
2023-12-19,1422834409.755497,3312852.195497105,1857396.96,1417664160.6,0.9963662326971797,Bull,1.0,0.0,0.0,0.0,0.7602270181151142,0.0,0.0,0.11819351489320438,0.11794569968886125,0.0,0.0,0.7679105375087334,0.0,0.0,0.11142176784073786,0.12066769465052885,0.0,0.0
2023-12-20,1409625360.955497,3312852.195497105,1857396.96,1404455111.8,0.9963321820827681,Bull,1.0,0.0,0.0,0.0,0.758319154442162,0.0,0.0,0.11864975236159948,0.11936327527900657,0.0,0.0,0.7679105375087334,0.0,0.0,0.11142176784073786,0.12066769465052885,0.0,0.0
2023-12-21,1400611060.3054972,3312852.195497105,1857396.96,1395440811.15,0.9963085760908033,Bull,1.0,0.0,0.0,0.0,0.7580348615256705,0.0,0.0,0.11917512629351387,0.1190985882716189,0.0,0.0,0.7679105375087334,0.0,0.0,0.11142176784073786,0.12066769465052885,0.0,0.0
2023-12-22,1401319483.505497,3312852.195497105,1857396.96,1396149234.35,0.9963104422536371,Bull,1.0,0.0,0.0,0.0,0.7585730069854054,0.0,0.0,0.11838485224297478,0.11935258302525693,0.0,0.0,0.7679105375087334,0.0,0.0,0.11142176784073786,0.12066769465052885,0.0,0.0
2023-12-25,1406868507.155497,3312852.195497105,1857396.96,1401698258.0,0.9963249947459905,Bull,1.0,0.0,0.0,0.0,0.7585075311391943,0.0,0.0,0.11844383405590181,0.1193736295508943,0.0,0.0,0.7679105375087334,0.0,0.0,0.11142176784073786,0.12066769465052885,0.0,0.0
2023-12-26,1415155686.555497,3312852.195497105,1857396.96,1409985437.3999999,0.9963465156486906,Bull,1.0,0.0,0.0,0.0,0.7586477923239419,0.0,0.0,0.1183574369882105,0.1193412863365383,0.0,0.0,0.7679105375087334,0.0,0.0,0.11142176784073786,0.12066769465052885,0.0,0.0
2023-12-27,1423329371.505497,3312852.195497105,1857396.96,1418159122.35,0.9963674963371069,Bull,1.0,0.0,0.0,0.0,0.7581118917040718,0.0,0.0,0.11827388893263617,0.11998171570039891,0.0,0.0,0.7679105375087334,0.0,0.0,0.11142176784073786,0.12066769465052885,0.0,0.0
2023-12-28,1433276129.505497,3312852.195497105,1857396.96,1428105880.35,0.9963927054605445,Bull,1.0,0.0,0.0,0.0,0.7592384732769153,0.0,0.0,0.11800517466118264,0.11914905752244655,0.0,0.0,0.7679105375087334,0.0,0.0,0.11142176784073786,0.12066769465052885,0.0,0.0
2023-12-29,1430000283.805497,3312852.195497105,1857396.96,1424830034.6499999,0.9963844418675651,Bull,1.0,0.0,0.0,0.0,0.7590267966671487,0.0,0.0,0.11819955696106015,0.11915808823935634,0.0,0.0,0.7679105375087334,0.0,0.0,0.11142176784073786,0.12066769465052885,0.0,0.0
2024-01-02,1430256927.955497,3312852.195497105,1857396.96,1425086678.8,0.9963850906404014,Bull,1.0,0.0,0.0,0.0,0.758968656318074,0.0,0.0,0.11876348695112583,0.11865294737120155,0.0,0.0,0.7679105375087334,0.0,0.0,0.11142176784073786,0.12066769465052885,0.0,0.0
2024-01-03,1410951023.955497,3312852.195497105,1857396.96,1405780774.8,0.9963356281914005,Bull,1.0,0.0,0.0,0.0,0.7584057537306491,0.0,0.0,0.11974866393755788,0.11818121052319348,0.0,0.0,0.7679105375087334,0.0,0.0,0.11142176784073786,0.12066769465052885,0.0,0.0
2024-01-04,1412888346.155497,3312852.195497105,1857396.96,1407718097.0,0.9963406526994398,Bull,1.0,0.0,0.0,0.0,0.7591934634599553,0.0,0.0,0.11917254499137118,0.11797464424811335,0.0,0.0,0.7679105375087334,0.0,0.0,0.11142176784073786,0.12066769465052885,0.0,0.0
2024-01-05,1414078770.1054971,3312852.195497105,1857396.96,1408908520.95,0.9963437332737048,Bull,1.0,0.0,0.0,0.0,0.7597767137610345,0.0,0.0,0.11900305948829536,0.11756396002437498,0.0,0.0,0.7679105375087334,0.0,0.0,0.11142176784073786,0.12066769465052885,0.0,0.0
2024-01-08,1423582363.705497,3312852.195497105,1857396.96,1418412114.55,0.9963681418881594,Bull,1.0,0.0,0.0,0.0,0.7600095661018073,0.0,0.0,0.11904924107015726,0.11730933471619485,0.0,0.0,0.7679105375087334,0.0,0.0,0.11142176784073786,0.12066769465052885,0.0,0.0
2024-01-09,1417978307.5554972,3312852.195497105,1857396.96,1412808058.4,0.996353788257586,Bull,1.0,0.0,0.0,0.0,0.7588852048485122,0.0,0.0,0.11947383052146554,0.11799475288760836,0.0,0.0,0.7679105375087334,0.0,0.0,0.11142176784073786,0.12066769465052885,0.0,0.0
2024-01-10,1412562542.705497,3312852.195497105,1857396.96,1407392293.55,0.9963398086816075,Bull,1.0,0.0,0.0,0.0,0.7586590052837238,0.0,0.0,0.11985706464771964,0.1178237387501641,0.0,0.0,0.7679105375087334,0.0,0.0,0.11142176784073786,0.12066769465052885,0.0,0.0
2024-01-11,1415165066.405497,3312852.195497105,1857396.96,1409994817.25,0.9963465398643357,Bull,1.0,0.0,0.0,0.0,0.7575779269149966,0.0,0.0,0.12067263675025426,0.1180959761990849,0.0,0.0,0.7679105375087334,0.0,0.0,0.11142176784073786,0.12066769465052885,0.0,0.0
2024-01-12,1409849145.0554972,3312852.195497105,1857396.96,1404678895.9,0.9963327642722417,Bull,1.0,0.0,0.0,0.0,0.7570507806762444,0.0,0.0,0.12091917819568514,0.11836280540031197,0.0,0.0,0.7679105375087334,0.0,0.0,0.11142176784073786,0.12066769465052885,0.0,0.0
2024-01-15,1406988250.1054971,3312852.195497105,1857396.96,1401818000.95,0.996325307510486,Bull,1.0,0.0,0.0,0.0,0.7563071694949918,0.0,0.0,0.1211017220557628,0.11891641595973147,0.0,0.0,0.7679105375087334,0.0,0.0,0.11142176784073786,0.12066769465052885,0.0,0.0
2024-01-16,1388464427.205497,3312852.195497105,1857396.96,1383294178.05,0.9962762825937839,Bull,1.0,0.0,0.0,0.0,0.7559560457465384,0.0,0.0,0.12104047947288644,0.11927975737435897,0.0,0.0,0.7679105375087334,0.0,0.0,0.11142176784073786,0.12066769465052885,0.0,0.0
2024-01-17,1364848155.405497,3312852.195497105,5631396.96,1355903906.25,0.9934467075182882,Bull,1.0,0.0,0.0,0.0,0.7536642095870301,0.0,0.0,0.12231001620132874,0.11747248172992933,0.0,0.0,0.7679105375087334,0.0,0.0,0.11142176784073786,0.12066769465052885,0.0,0.0
2024-01-18,1371977757.8554971,3312852.195497105,5631396.96,1363033508.7,0.9934807622760025,Bull,1.0,0.0,0.0,0.0,0.7539168931694468,0.0,0.0,0.12192245759250724,0.11764141151404842,0.0,0.0,0.7679105375087334,0.0,0.0,0.11142176784073786,0.12066769465052885,0.0,0.0
2024-01-19,1383758566.3054972,3312852.195497105,5631396.96,1374814317.15,0.9935362646539003,Bull,1.0,0.0,0.0,0.0,0.7515783768021819,0.0,0.0,0.12113608839115456,0.12082179946056376,0.0,0.0,0.7679105375087334,0.0,0.0,0.11142176784073786,0.12066769465052885,0.0,0.0
2024-01-22,1385361598.487374,3517243.377373857,5631396.96,1376212958.15,0.9933962076418438,Bull,1.0,0.0,0.0,0.0,0.7581702562687085,0.0,0.0,0.11382327918730535,0.12140267218582991,0.0,0.0,0.7679105375087334,0.0,0.0,0.11142176784073786,0.12066769465052885,0.0,0.0
2024-01-23,1386502122.887374,3517243.377373857,5631396.96,1377353482.55,0.9934016398631096,Bull,1.0,0.0,0.0,0.0,0.7580528837281676,0.0,0.0,0.11381929922426741,0.12152945691067463,0.0,0.0,0.7679105375087334,0.0,0.0,0.11142176784073786,0.12066769465052885,0.0,0.0
2024-01-24,1390770201.537374,3517243.377373857,5631396.96,1381621561.2,0.9934218893047457,Bull,1.0,0.0,0.0,0.0,0.758679514440003,0.0,0.0,0.1136310655961039,0.12111130926863879,0.0,0.0,0.7679105375087334,0.0,0.0,0.11142176784073786,0.12066769465052885,0.0,0.0
2024-01-25,1393468591.087374,3517243.377373857,5631396.96,1384319950.75,0.9934346275216472,Bull,1.0,0.0,0.0,0.0,0.7573966916085468,0.0,0.0,0.11367274512904178,0.1223651907840587,0.0,0.0,0.7679105375087334,0.0,0.0,0.11142176784073786,0.12066769465052885,0.0,0.0
2024-01-26,1404123770.637374,3517243.377373857,5631396.96,1394975130.3,0.9934844487867184,Bull,1.0,0.0,0.0,0.0,0.7591072116214974,0.0,0.0,0.11294061343895247,0.12143662372626841,0.0,0.0,0.7679105375087334,0.0,0.0,0.11142176784073786,0.12066769465052885,0.0,0.0
2024-01-29,1406100292.387374,3517243.377373857,5631396.96,1396951652.05,0.9934936075421471,Bull,1.0,0.0,0.0,0.0,0.7584919495601526,0.0,0.0,0.11297586726924319,0.12202579071275123,0.0,0.0,0.7679105375087334,0.0,0.0,0.11142176784073786,0.12066769465052885,0.0,0.0
2024-01-30,1392677677.537374,3517243.377373857,5631396.96,1383529037.2,0.9934308989905323,Bull,1.0,0.0,0.0,0.0,0.75652536419126,0.0,0.0,0.11401956286165765,0.12288597193761458,0.0,0.0,0.7679105375087334,0.0,0.0,0.11142176784073786,0.12066769465052885,0.0,0.0
2024-01-31,1390797551.9373739,3517243.377373857,5631396.96,1381648911.6,0.9934220186650243,Bull,1.0,0.0,0.0,0.0,0.7580527878636026,0.0,0.0,0.1139439739301007,0.12142525687132098,0.0,0.0,0.7679105375087334,0.0,0.0,0.11142176784073786,0.12066769465052885,0.0,0.0
2024-02-01,1403793020.1873739,3517243.377373857,5631396.96,1394644379.85,0.9934829136448101,Bull,1.0,0.0,0.0,0.0,0.7596818865131951,0.0,0.0,0.1134998519787006,0.12030117515291443,0.0,0.0,0.7679105375087334,0.0,0.0,0.11142176784073786,0.12066769465052885,0.0,0.0
2024-02-02,1406026757.237374,3517243.377373857,5631396.96,1396878116.9,0.9934932672580502,Bull,1.0,0.0,0.0,0.0,0.7595671358334601,0.0,0.0,0.11314557079452663,0.12078056063006333,0.0,0.0,0.7679105375087334,0.0,0.0,0.11142176784073786,0.12066769465052885,0.0,0.0
2024-02-05,1398812916.1873739,3517243.377373857,5631396.96,1389664275.85,0.993459711279826,Bull,1.0,0.0,0.0,0.0,0.757246100312754,0.0,0.0,0.11404634469262413,0.12216726627444799,0.0,0.0,0.7679105375087334,0.0,0.0,0.11142176784073786,0.12066769465052885,0.0,0.0
2024-02-15,1406863065.237374,3517243.377373857,5631396.96,1397714424.9,0.9934971351772389,Bull,1.0,0.0,0.0,0.0,0.7530309815342618,0.0,0.0,0.11327968153966025,0.12718647210331677,0.0,0.0,0.7679105375087334,0.0,0.0,0.11142176784073786,0.12066769465052885,0.0,0.0
2024-02-16,1408418761.737374,3517243.377373857,5631396.96,1399270121.4,0.9935043180438121,Bull,1.0,0.0,0.0,0.0,0.7540356960950719,0.0,0.0,0.11335975090466113,0.12610887104407906,0.0,0.0,0.7679105375087334,0.0,0.0,0.11142176784073786,0.12066769465052885,0.0,0.0
2024-02-19,1420801127.4373739,3517243.377373857,5631396.96,1411652487.1,0.9935609282955209,Bull,1.0,0.0,0.0,0.0,0.755908597170887,0.0,0.0,0.11281944876346915,0.1248328823611648,0.0,0.0,0.7679105375087334,0.0,0.0,0.11142176784073786,0.12066769465052885,0.0,0.0
2024-02-20,1426890878.4873738,3517243.377373857,5631396.96,1417742238.1499999,0.9935884092642934,Bull,1.0,0.0,0.0,0.0,0.7560948103429526,0.0,0.0,0.11270896914730195,0.12478462977403885,0.0,0.0,0.7679105375087334,0.0,0.0,0.11142176784073786,0.12066769465052885,0.0,0.0
2024-02-21,1421893535.537374,7291243.377373857,1857396.96,1412744895.2,0.9935658752862138,Bull,1.0,3774000.0,0.0,0.0,0.7546496755078579,0.0,0.0,0.11409082040638897,0.12482537937196689,0.0,0.0,0.7679105375087334,0.0,0.0,0.11142176784073786,0.12066769465052885,0.0,0.0
2024-02-22,1423352160.387374,7291243.377373857,1857396.96,1414203520.05,0.993572468857683,Bull,1.0,0.0,0.0,0.0,0.7539791275252135,0.0,0.0,0.11348287830331441,0.12611046302915513,0.0,0.0,0.7679105375087334,0.0,0.0,0.11142176784073786,0.12066769465052885,0.0,0.0
2024-02-23,1420576867.237374,7291243.377373857,1857396.96,1411428226.9,0.9935599117876912,Bull,1.0,0.0,0.0,0.0,0.7535459020825571,0.0,0.0,0.11281656325410251,0.1271974464510315,0.0,0.0,0.7679105375087334,0.0,0.0,0.11142176784073786,0.12066769465052885,0.0,0.0
2024-02-26,1416023429.637374,7291243.377373857,1857396.96,1406874789.3,0.9935392027095789,Bull,1.0,0.0,0.0,0.0,0.7523961235393106,0.0,0.0,0.11335907064836276,0.12778400852190547,0.0,0.0,0.7679105375087334,0.0,0.0,0.11142176784073786,0.12066769465052885,0.0,0.0
2024-02-27,1414519136.471028,8537403.26102811,1857396.96,1404124336.25,0.9926513541223901,Bull,1.0,0.0,0.0,0.0,0.7592897533571106,0.0,0.0,0.11124465971706772,0.1221169410482118,0.0,0.0,0.7679105375087334,0.0,0.0,0.11142176784073786,0.12066769465052885,0.0,0.0
2024-02-29,1425021344.9210281,8537403.26102811,1857396.96,1414626544.7,0.9927055126170028,Bull,1.0,0.0,0.0,0.0,0.7613339607626186,0.0,0.0,0.11019687568869535,0.12117467616568886,0.0,0.0,0.7679105375087334,0.0,0.0,0.11142176784073786,0.12066769465052885,0.0,0.0
2024-03-01,1419349941.3210282,8537403.26102811,1857396.96,1408955141.1000001,0.992676365483657,Bull,1.0,0.0,0.0,0.0,0.7611550257257156,0.0,0.0,0.11028696690141672,0.1212343728565247,0.0,0.0,0.7679105375087334,0.0,0.0,0.11142176784073786,0.12066769465052885,0.0,0.0
2024-03-04,1422993781.521028,8537403.26102811,1857396.96,1412598981.3,0.992695119011752,Bull,1.0,0.0,0.0,0.0,0.7582388941620654,0.0,0.0,0.11001804929369366,0.12443817555599297,0.0,0.0,0.7679105375087334,0.0,0.0,0.11142176784073786,0.12066769465052885,0.0,0.0
2024-03-05,1423399611.221028,8537403.26102811,1857396.96,1413004811.0,0.992697201728114,Bull,1.0,0.0,0.0,0.0,0.7577021607268983,0.0,0.0,0.10957646662991853,0.12541857437129716,0.0,0.0,0.7679105375087334,0.0,0.0,0.11142176784073786,0.12066769465052885,0.0,0.0
2024-03-06,1432776397.521028,8537403.26102811,1857396.96,1422381597.3,0.9927449947954105,Bull,1.0,0.0,0.0,0.0,0.7580054704830944,0.0,0.0,0.10955303302844666,0.1251864912838694,0.0,0.0,0.7679105375087334,0.0,0.0,0.11142176784073786,0.12066769465052885,0.0,0.0
2024-03-07,1433537242.971028,8537403.26102811,1857396.96,1423142442.75,0.9927488453669437,Bull,1.0,0.0,0.0,0.0,0.7560000607336176,0.0,0.0,0.10872874127564615,0.12802004335767994,0.0,0.0,0.7679105375087334,0.0,0.0,0.11142176784073786,0.12066769465052885,0.0,0.0
2024-03-08,1444862916.1210282,8537403.26102811,1857396.96,1434468115.9,0.9928056841205845,Bull,1.0,0.0,0.0,0.0,0.7558826195304724,0.0,0.0,0.10811343986830875,0.1288096247218033,0.0,0.0,0.7679105375087334,0.0,0.0,0.11142176784073786,0.12066769465052885,0.0,0.0
2024-03-11,1442835002.571028,8537403.26102811,1857396.96,1432440202.35,0.9927955724649697,Bull,1.0,0.0,0.0,0.0,0.7560246323427415,0.0,0.0,0.1090747727353202,0.12769616738690812,0.0,0.0,0.7679105375087334,0.0,0.0,0.11142176784073786,0.12066769465052885,0.0,0.0
2024-03-12,1446290118.521028,8537403.26102811,1857396.96,1435895318.3,0.9928127834879645,Bull,1.0,0.0,0.0,0.0,0.7551674482965226,0.0,0.0,0.10892116179365958,0.12872417339778236,0.0,0.0,0.7679105375087334,0.0,0.0,0.11142176784073786,0.12066769465052885,0.0,0.0
2024-03-13,1453495414.6210282,8537403.26102811,1857396.96,1443100614.4,0.9928484120992302,Bull,1.0,0.0,0.0,0.0,0.7557418849418283,0.0,0.0,0.10839869078023892,0.12870783637716302,0.0,0.0,0.7679105375087334,0.0,0.0,0.11142176784073786,0.12066769465052885,0.0,0.0
2024-03-14,1472591888.971028,8537403.26102811,1857396.96,1462197088.75,0.9929411534187579,Bull,1.0,0.0,0.0,0.0,0.7584137853226847,0.0,0.0,0.10761134920465239,0.12691601889142076,0.0,0.0,0.7679105375087334,0.0,0.0,0.11142176784073786,0.12066769465052885,0.0,0.0
2024-03-15,1467183782.221028,8537403.26102811,1857396.96,1456788982.0,0.9929151341863305,Bull,1.0,0.0,0.0,0.0,0.7593746574225402,0.0,0.0,0.1078813724074788,0.12565910435631153,0.0,0.0,0.7679105375087334,0.0,0.0,0.11142176784073786,0.12066769465052885,0.0,0.0
2024-03-18,1464955999.6210282,8537403.26102811,1857396.96,1454561199.4,0.9929043601147631,Bull,1.0,0.0,0.0,0.0,0.7576024124186052,0.0,0.0,0.1083001810573442,0.1270017666388138,0.0,0.0,0.7679105375087334,0.0,0.0,0.11142176784073786,0.12066769465052885,0.0,0.0
2024-03-19,1456041173.0710282,8537403.26102811,1857396.96,1445646372.8500001,0.9928609160144121,Bull,1.0,0.0,0.0,0.0,0.7570030595530636,0.0,0.0,0.10836815807014463,0.12748969839120383,0.0,0.0,0.7679105375087334,0.0,0.0,0.11142176784073786,0.12066769465052885,0.0,0.0
2024-03-20,1448605071.071028,8537403.26102811,1857396.96,1438210270.85,0.9928242690650374,Bull,1.0,0.0,0.0,0.0,0.7565000929064587,0.0,0.0,0.10888709638671834,0.12743707977186033,0.0,0.0,0.7679105375087334,0.0,0.0,0.11142176784073786,0.12066769465052885,0.0,0.0
2024-03-21,1470019486.6710281,8537403.26102811,1857396.96,1459624686.45,0.9929288010701355,Bull,1.0,0.0,0.0,0.0,0.7560374515625147,0.0,0.0,0.10786788980538563,0.12902345970223528,0.0,0.0,0.7679105375087334,0.0,0.0,0.11142176784073786,0.12066769465052885,0.0,0.0
2024-03-22,1466970776.8710282,8537403.26102811,1857396.96,1456575976.65,0.9929141054580517,Bull,1.0,0.0,0.0,0.0,0.7549447433521483,0.0,0.0,0.10884204547043785,0.12912731663546545,0.0,0.0,0.7679105375087334,0.0,0.0,0.11142176784073786,0.12066769465052885,0.0,0.0
2024-03-25,1467372278.621028,8537403.26102811,1857396.96,1456977478.3999999,0.9929160442973636,Bull,1.0,0.0,0.0,0.0,0.7544360722422438,0.0,0.0,0.10914162842881511,0.12933834362630453,0.0,0.0,0.7679105375087334,0.0,0.0,0.11142176784073786,0.12066769465052885,0.0,0.0
2024-03-26,1477560479.1710281,8537403.26102811,1857396.96,1467165678.95,0.9929648901905795,Bull,1.0,0.0,0.0,0.0,0.7551186531301731,0.0,0.0,0.10931816482437436,0.12852807223603202,0.0,0.0,0.7679105375087334,0.0,0.0,0.11142176784073786,0.12066769465052885,0.0,0.0
2024-03-27,1477118348.721028,8537403.26102811,1857396.96,1466723548.5,0.9929627844444364,Bull,1.0,0.0,0.0,0.0,0.7536182185157043,0.0,0.0,0.11073723384563587,0.12860733208309624,0.0,0.0,0.7679105375087334,0.0,0.0,0.11142176784073786,0.12066769465052885,0.0,0.0
2024-03-28,1470140708.9210281,8537403.26102811,1857396.96,1459745908.7,0.9929293841344907,Bull,1.0,0.0,0.0,0.0,0.7538367599611392,0.0,0.0,0.11048962797528082,0.12860299619807072,0.0,0.0,0.7679105375087334,0.0,0.0,0.11142176784073786,0.12066769465052885,0.0,0.0
2024-03-29,1479958953.371028,8537403.26102811,1857396.96,1469564153.1499999,0.9929762915401464,Bull,1.0,0.0,0.0,0.0,0.7539186479520388,0.0,0.0,0.1104936049932486,0.12856403859485901,0.0,0.0,0.7679105375087334,0.0,0.0,0.11142176784073786,0.12066769465052885,0.0,0.0
2024-04-01,1483500579.6710281,8537403.26102811,1857396.96,1473105779.45,0.992993059548832,Bull,1.0,0.0,0.0,0.0,0.7541066682279827,0.0,0.0,0.11103541330366552,0.12785097801718376,0.0,0.0,0.7679105375087334,0.0,0.0,0.11142176784073786,0.12066769465052885,0.0,0.0
2024-04-02,1483249273.6710281,8537403.26102811,1857396.96,1472854473.45,0.9929918723672785,Bull,1.0,0.0,0.0,0.0,0.75255383114893,0.0,0.0,0.11073748891410515,0.12970055230424327,0.0,0.0,0.7679105375087334,0.0,0.0,0.11142176784073786,0.12066769465052885,0.0,0.0
2024-04-03,1462558979.2474298,601923.4874298647,1857396.96,1460099658.8,0.9983184811810493,Bull,1.0,0.0,0.0,0.0,0.762821892744508,0.0,0.0,0.11158866228012104,0.12390792615642031,0.0,0.0,0.7679105375087334,0.0,0.0,0.11142176784073786,0.12066769465052885,0.0,0.0
2024-04-08,1475177905.89743,601923.4874298647,1857396.96,1472718585.45,0.9983328651835158,Bull,1.0,0.0,0.0,0.0,0.7629305122796856,0.0,0.0,0.11185701693357193,0.12354533597025825,0.0,0.0,0.7679105375087334,0.0,0.0,0.11142176784073786,0.12066769465052885,0.0,0.0
2024-04-09,1484002834.2974298,601923.4874298647,1857396.96,1481543513.85,0.9983427791439534,Bull,1.0,0.0,0.0,0.0,0.7620324151101646,0.0,0.0,0.11057290202392722,0.12573746200986158,0.0,0.0,0.7679105375087334,0.0,0.0,0.11142176784073786,0.12066769465052885,0.0,0.0
2024-04-10,1483616875.39743,601923.4874298647,1857396.96,1481157554.95,0.9983423480224495,Bull,1.0,0.0,0.0,0.0,0.7616235523388125,0.0,0.0,0.11114122704746746,0.12557756863616945,0.0,0.0,0.7679105375087334,0.0,0.0,0.11142176784073786,0.12066769465052885,0.0,0.0
2024-04-11,1479185492.9974298,601923.4874298647,1857396.96,1476726172.55,0.9983373819855099,Bull,1.0,0.0,0.0,0.0,0.7611095281015956,0.0,0.0,0.11166043797881338,0.1255674159051009,0.0,0.0,0.7679105375087334,0.0,0.0,0.11142176784073786,0.12066769465052885,0.0,0.0
2024-04-12,1473704212.69743,601923.4874298647,1857396.96,1471244892.25,0.9983311980611574,Bull,1.0,0.0,0.0,0.0,0.7608050398375273,0.0,0.0,0.11180194680886614,0.125724211414764,0.0,0.0,0.7679105375087334,0.0,0.0,0.11142176784073786,0.12066769465052885,0.0,0.0
2024-04-15,1469131039.4974298,601923.4874298647,1857396.96,1466671719.05,0.9983260033439418,Bull,1.0,0.0,0.0,0.0,0.76142848321595,0.0,0.0,0.11241577201751643,0.12448174811047544,0.0,0.0,0.7679105375087334,0.0,0.0,0.11142176784073786,0.12066769465052885,0.0,0.0
2024-04-16,1442272854.89743,601923.4874298647,1857396.96,1439813534.45,0.9982948299698778,Bull,1.0,0.0,0.0,0.0,0.7621068931011459,0.0,0.0,0.11283544542032828,0.12335249144840368,0.0,0.0,0.7679105375087334,0.0,0.0,0.11142176784073786,0.12066769465052885,0.0,0.0
2024-04-17,1444759623.4974298,601923.4874298647,1857396.96,1442300303.05,0.998297764965582,Bull,1.0,0.0,0.0,0.0,0.7618039604302091,0.0,0.0,0.11196914515675332,0.12452465937861949,0.0,0.0,0.7679105375087334,0.0,0.0,0.11142176784073786,0.12066769465052885,0.0,0.0
2024-04-18,1452302729.4974298,601923.4874298647,1857396.96,1449843409.05,0.9983066061934064,Bull,1.0,0.0,0.0,0.0,0.7611099508382189,0.0,0.0,0.11209887352916946,0.12509778182601805,0.0,0.0,0.7679105375087334,0.0,0.0,0.11142176784073786,0.12066769465052885,0.0,0.0
2024-04-19,1428772407.19743,601923.4874298647,1857396.96,1426313086.75,0.9982787178454448,Bull,1.0,0.0,0.0,0.0,0.7646049022551176,0.0,0.0,0.11295570882178939,0.12071810676853773,0.0,0.0,0.7679105375087334,0.0,0.0,0.11142176784073786,0.12066769465052885,0.0,0.0
2024-04-22,1452851778.59743,601923.4874298647,1857396.96,1450392458.15,0.9983072461460563,Bull,1.0,0.0,0.0,0.0,0.7667541345652111,0.0,0.0,0.11318979845194987,0.11836331312889525,0.0,0.0,0.7679105375087334,0.0,0.0,0.11142176784073786,0.12066769465052885,0.0,0.0
2024-04-23,1459250109.3474298,601923.4874298647,1857396.96,1456790788.8999999,0.9983146683137617,Bull,1.0,0.0,0.0,0.0,0.7676008257425544,0.0,0.0,0.11173375897358276,0.11898008359762458,0.0,0.0,0.7679105375087334,0.0,0.0,0.11142176784073786,0.12066769465052885,0.0,0.0
2024-04-24,1458327633.59743,601923.4874298647,1857396.96,1455868313.15,0.9983136022449474,Bull,1.0,0.0,0.0,0.0,0.7644292252763664,0.0,0.0,0.11134123516500727,0.12254314180357374,0.0,0.0,0.7679105375087334,0.0,0.0,0.11142176784073786,0.12066769465052885,0.0,0.0
2024-04-25,1442900971.64743,601923.4874298647,1857396.96,1440441651.2,0.9982955722563399,Bull,1.0,0.0,0.0,0.0,0.7644115381949501,0.0,0.0,0.11228837126293759,0.12159566279845224,0.0,0.0,0.7679105375087334,0.0,0.0,0.11142176784073786,0.12066769465052885,0.0,0.0
2024-04-26,1447291741.7474298,601923.4874298647,1857396.96,1444832421.3,0.9983007431214521,Bull,1.0,0.0,0.0,0.0,0.7627666830787818,0.0,0.0,0.11233291485772323,0.12320114518494706,0.0,0.0,0.7679105375087334,0.0,0.0,0.11142176784073786,0.12066769465052885,0.0,0.0
2024-04-29,1478979612.7474298,601923.4874298647,1857396.96,1476520292.3,0.9983371505420137,Sideways,1.0,0.0,0.0,0.0,0.7650003303278908,0.0,0.0,0.11061139625589764,0.12272542395822517,0.0,0.0,0.7679105375087334,0.0,0.0,0.11142176784073786,0.12066769465052885,0.0,0.0
2024-04-30,1474377222.2474298,601923.4874298647,1857396.96,1471917901.8,0.9983319598198342,Sideways,1.0,0.0,0.0,0.0,0.7649156096435794,0.0,0.0,0.11073421207032257,0.12268213810593229,0.0,0.0,0.7679105375087334,0.0,0.0,0.11142176784073786,0.12066769465052885,0.0,0.0
2024-05-02,1478804152.69743,601923.4874298647,1857396.96,1476344832.25,0.998336953244996,Sideways,1.0,0.0,0.0,0.0,0.7670649830005521,0.0,0.0,0.11058022774802032,0.12069174249642353,0.0,0.0,0.7679105375087334,0.0,0.0,0.11142176784073786,0.12066769465052885,0.0,0.0
2024-05-03,1480789322.7974298,601923.4874298647,1857396.96,1478330002.35,0.9983391827523554,Sideways,1.0,0.0,0.0,0.0,0.7666955959712235,0.0,0.0,0.11049613708106351,0.12114744970006841,0.0,0.0,0.7679105375087334,0.0,0.0,0.11142176784073786,0.12066769465052885,0.0,0.0
2024-05-06,1510718843.4974298,601923.4874298647,1857396.96,1508259523.05,0.9983720859390776,Sideways,1.0,0.0,0.0,0.0,0.7685708217963161,0.0,0.0,0.10935158498291482,0.12044967915984664,0.0,0.0,0.7679105375087334,0.0,0.0,0.11142176784073786,0.12066769465052885,0.0,0.0
2024-05-07,1510035100.2974298,601923.4874298647,1857396.96,1507575779.85,0.9983713488203384,Sideways,1.0,0.0,0.0,0.0,0.7675871108040446,0.0,0.0,0.10959877685452614,0.12118546116176758,0.0,0.0,0.7679105375087334,0.0,0.0,0.11142176784073786,0.12066769465052885,0.0,0.0
2024-05-08,1515003214.4974298,601923.4874298647,1857396.96,1512543894.05,0.9983766896176219,Bull,1.0,0.0,0.0,0.0,0.7674008760672318,0.0,0.0,0.10973508069760075,0.12124073285278934,0.0,0.0,0.7679105375087334,0.0,0.0,0.11142176784073786,0.12066769465052885,0.0,0.0
2024-05-09,1500500485.94743,601923.4874298647,1857396.96,1498041165.5,0.9983609998993922,Bull,1.0,0.0,0.0,0.0,0.7653137578125601,0.0,0.0,0.1107870350971843,0.12226020698964787,0.0,0.0,0.7679105375087334,0.0,0.0,0.11142176784073786,0.12066769465052885,0.0,0.0
2024-05-10,1517348761.89743,601923.4874298647,1857396.96,1514889441.45,0.9983791989625678,Bull,1.0,0.0,0.0,0.0,0.766785145687323,0.0,0.0,0.1098251135036447,0.12176893977160001,0.0,0.0,0.7679105375087334,0.0,0.0,0.11142176784073786,0.12066769465052885,0.0,0.0
2024-05-13,1518618940.84743,601923.4874298647,1857396.96,1516159620.4,0.9983805546070316,Bull,1.0,0.0,0.0,0.0,0.7655895031516047,0.0,0.0,0.1098820747664866,0.12290897668894031,0.0,0.0,0.7679105375087334,0.0,0.0,0.11142176784073786,0.12066769465052885,0.0,0.0
2024-05-14,1505853661.5474298,601923.4874298647,1857396.96,1503394341.1,0.9983668263987201,Bull,1.0,0.0,0.0,0.0,0.7635384303667846,0.0,0.0,0.11004256537764556,0.12478583065428993,0.0,0.0,0.7679105375087334,0.0,0.0,0.11142176784073786,0.12066769465052885,0.0,0.0
2024-05-15,1513723351.19743,601923.4874298647,1857396.96,1511264030.75,0.9983753170977481,Bull,1.0,0.0,0.0,0.0,0.7630754191882358,0.0,0.0,0.10946385934320475,0.12583603856630748,0.0,0.0,0.7679105375087334,0.0,0.0,0.11142176784073786,0.12066769465052885,0.0,0.0
2024-05-16,1521059498.2474298,601923.4874298647,1857396.96,1518600177.8,0.9983831530257274,Bull,1.0,0.0,0.0,0.0,0.763036770841164,0.0,0.0,0.10951609729398136,0.12583028489058212,0.0,0.0,0.7679105375087334,0.0,0.0,0.11142176784073786,0.12066769465052885,0.0,0.0
2024-05-17,1523265128.7974298,601923.4874298647,1857396.96,1520805808.35,0.998385494159266,Bull,1.0,0.0,0.0,0.0,0.7634935221474901,0.0,0.0,0.10939395700048218,0.12549801501129365,0.0,0.0,0.7679105375087334,0.0,0.0,0.11142176784073786,0.12066769465052885,0.0,0.0
2024-05-20,1537260707.64743,601923.4874298647,1857396.96,1534801387.2,0.9984001929957648,Bull,1.0,0.0,0.0,0.0,0.7653339354523032,0.0,0.0,0.10874798215316206,0.12431827539029958,0.0,0.0,0.7679105375087334,0.0,0.0,0.11142176784073786,0.12066769465052885,0.0,0.0
2024-05-21,1524870138.14743,601923.4874298647,1857396.96,1522410817.7,0.9983871935151031,Bull,1.0,0.0,0.0,0.0,0.7638114804418784,0.0,0.0,0.10939718460397287,0.12517852846925182,0.0,0.0,0.7679105375087334,0.0,0.0,0.11142176784073786,0.12066769465052885,0.0,0.0
2024-05-22,1528709523.14743,601923.4874298647,1857396.96,1526250202.7,0.9983912441113296,Bull,1.0,0.0,0.0,0.0,0.7613141575149065,0.0,0.0,0.10996987815832894,0.12710720843809423,0.0,0.0,0.7679105375087334,0.0,0.0,0.11142176784073786,0.12066769465052885,0.0,0.0
2024-05-23,1529345953.59743,601923.4874298647,1857396.96,1526886633.15,0.9983919135878675,Bull,1.0,0.0,0.0,0.0,0.7603389085476272,0.0,0.0,0.1100270998881484,0.12802590515209183,0.0,0.0,0.7679105375087334,0.0,0.0,0.11142176784073786,0.12066769465052885,0.0,0.0
2024-05-24,1514843698.8474298,601923.4874298647,1857396.96,1512384378.3999999,0.9983765186802434,Bull,1.0,0.0,0.0,0.0,0.758843357420056,0.0,0.0,0.11080978197797968,0.12872337928220762,0.0,0.0,0.7679105375087334,0.0,0.0,0.11142176784073786,0.12066769465052885,0.0,0.0
2024-05-27,1515655102.39743,601923.4874298647,1857396.96,1513195781.95,0.9983773878083874,Bull,1.0,0.0,0.0,0.0,0.758502993280953,0.0,0.0,0.10944772312487633,0.130426671402558,0.0,0.0,0.7679105375087334,0.0,0.0,0.11142176784073786,0.12066769465052885,0.0,0.0
2024-05-28,1513092808.09743,601923.4874298647,1857396.96,1510633487.65,0.998374640052303,Bull,1.0,0.0,0.0,0.0,0.7579854860932956,0.0,0.0,0.10955276445232187,0.13083638950668558,0.0,0.0,0.7679105375087334,0.0,0.0,0.11142176784073786,0.12066769465052885,0.0,0.0
2024-05-29,1491067947.59743,601923.4874298647,1857396.96,1488608627.15,0.9983506315380244,Bull,1.0,0.0,0.0,0.0,0.7574350176125714,0.0,0.0,0.10994804110983532,0.13096757281561766,0.0,0.0,0.7679105375087334,0.0,0.0,0.11142176784073786,0.12066769465052885,0.0,0.0
2024-05-30,1479499517.59743,601923.4874298647,1857396.96,1477040197.15,0.9983377348771133,Bull,1.0,0.0,0.0,0.0,0.7567910525366331,0.0,0.0,0.11183410202707553,0.1297125803134046,0.0,0.0,0.7679105375087334,0.0,0.0,0.11142176784073786,0.12066769465052885,0.0,0.0
2024-05-31,1482632035.34743,601923.4874298647,1857396.96,1480172714.9,0.9983412469251998,Bull,1.0,0.0,0.0,0.0,0.7572962732030086,0.0,0.0,0.11307121119955814,0.12797376252263298,0.0,0.0,0.7679105375087334,0.0,0.0,0.11142176784073786,0.12066769465052885,0.0,0.0
2024-06-03,1488724706.59743,601923.4874298647,1857396.96,1486265386.15,0.9983480354450147,Bull,1.0,0.0,0.0,0.0,0.7549600884362325,0.0,0.0,0.11321233486156947,0.13017561214721265,0.0,0.0,0.7679105375087334,0.0,0.0,0.11142176784073786,0.12066769465052885,0.0,0.0
2024-06-04,1480151650.39743,601923.4874298647,1857396.96,1477692329.95,0.9983384672464004,Bull,1.0,0.0,0.0,0.0,0.7560159661001875,0.0,0.0,0.11347789934558428,0.12884460180062854,0.0,0.0,0.7679105375087334,0.0,0.0,0.11142176784073786,0.12066769465052885,0.0,0.0
2024-06-05,1483170724.7474298,601923.4874298647,1857396.96,1480711404.3,0.9983418493863215,Bull,1.0,0.0,0.0,0.0,0.7551093313891548,0.0,0.0,0.1134171523164643,0.1298153656807024,0.0,0.0,0.7679105375087334,0.0,0.0,0.11142176784073786,0.12066769465052885,0.0,0.0
2024-06-06,1493879384.89743,601923.4874298647,1857396.96,1491420064.45,0.9983537356012188,Bull,1.0,0.0,0.0,0.0,0.752590520905537,0.0,0.0,0.11247896028201565,0.13328425441366604,0.0,0.0,0.7679105375087334,0.0,0.0,0.11142176784073786,0.12066769465052885,0.0,0.0
2024-06-07,1502325623.942835,3690198.5828348696,1857396.96,1496778028.4,0.9963073281488234,Bull,1.0,0.0,0.0,0.0,0.762778994205323,0.0,0.0,0.11133997672289236,0.12218835722060804,0.0,0.0,0.7679105375087334,0.0,0.0,0.11142176784073786,0.12066769465052885,0.0,0.0
2024-06-11,1499381745.242835,3690198.5828348696,1857396.96,1493834149.7,0.9963000779751814,Bull,1.0,0.0,0.0,0.0,0.7622029902164178,0.0,0.0,0.11135009515069179,0.12274699260807176,0.0,0.0,0.7679105375087334,0.0,0.0,0.11142176784073786,0.12066769465052885,0.0,0.0
2024-06-12,1501130980.792835,3690198.5828348696,1857396.96,1495583385.25,0.9963043894145033,Bull,1.0,0.0,0.0,0.0,0.7600660434357254,0.0,0.0,0.11144124139763306,0.12479710458114487,0.0,0.0,0.7679105375087334,0.0,0.0,0.11142176784073786,0.12066769465052885,0.0,0.0
2024-06-13,1508118861.092835,3690198.5828348696,1857396.96,1502571265.55,0.9963215130544717,Bull,1.0,0.0,0.0,0.0,0.7596584693064701,0.0,0.0,0.11064850676231146,0.12601453698569018,0.0,0.0,0.7679105375087334,0.0,0.0,0.11142176784073786,0.12066769465052885,0.0,0.0
2024-06-14,1518394713.042835,3690198.5828348696,1857396.96,1512847117.5,0.9963464074952436,Bull,1.0,0.0,0.0,0.0,0.7593074498985529,0.0,0.0,0.11114283957286092,0.12589611802382983,0.0,0.0,0.7679105375087334,0.0,0.0,0.11142176784073786,0.12066769465052885,0.0,0.0
2024-06-17,1520711322.342835,3690198.5828348696,1857396.96,1515163726.8,0.9963519732763689,Bull,1.0,0.0,0.0,0.0,0.7602311561795331,0.0,0.0,0.11041648571493004,0.12570433138190587,0.0,0.0,0.7679105375087334,0.0,0.0,0.11142176784073786,0.12066769465052885,0.0,0.0
2024-06-18,1532248612.842835,3690198.5828348696,1857396.96,1526701017.3,0.996379441628247,Bull,1.0,0.0,0.0,0.0,0.7599824255278622,0.0,0.0,0.10955989686852403,0.1268371192318608,0.0,0.0,0.7679105375087334,0.0,0.0,0.11142176784073786,0.12066769465052885,0.0,0.0
2024-06-19,1536284269.742835,3690198.5828348696,1857396.96,1530736674.2,0.9963889524535953,Bull,1.0,0.0,0.0,0.0,0.7576962136017008,0.0,0.0,0.10876697971266155,0.12992575913923296,0.0,0.0,0.7679105375087334,0.0,0.0,0.11142176784073786,0.12066769465052885,0.0,0.0
2024-06-20,1539851140.492835,3690198.5828348696,1857396.96,1534303544.95,0.9963973169893166,Bull,1.0,0.0,0.0,0.0,0.7572704362687881,0.0,0.0,0.10826065949897297,0.13086622122155558,0.0,0.0,0.7679105375087334,0.0,0.0,0.11142176784073786,0.12066769465052885,0.0,0.0
2024-06-21,1535189173.092835,3690198.5828348696,1857396.96,1529641577.55,0.9963863765846793,Bull,1.0,0.0,0.0,0.0,0.7578832615175315,0.0,0.0,0.10803502454740838,0.13046809051973948,0.0,0.0,0.7679105375087334,0.0,0.0,0.11142176784073786,0.12066769465052885,0.0,0.0
2024-06-24,1538903710.342835,3690198.5828348696,1857396.96,1533356114.8,0.9963950989879677,Bull,1.0,0.0,0.0,0.0,0.7606551384161786,0.0,0.0,0.1087612557401092,0.12697870483168,0.0,0.0,0.7679105375087334,0.0,0.0,0.11142176784073786,0.12066769465052885,0.0,0.0
2024-06-25,1541206210.392835,3690198.5828348696,1857396.96,1535658614.85,0.9964004845649947,Bull,1.0,0.0,0.0,0.0,0.7613546499730969,0.0,0.0,0.10832573790203315,0.1267200966898647,0.0,0.0,0.7679105375087334,0.0,0.0,0.11142176784073786,0.12066769465052885,0.0,0.0
2024-06-26,1532749745.292835,3690198.5828348696,1857396.96,1527202149.75,0.9963806253696196,Bull,1.0,0.0,0.0,0.0,0.7594098471225765,0.0,0.0,0.10854687825651126,0.12842389999053172,0.0,0.0,0.7679105375087334,0.0,0.0,0.11142176784073786,0.12066769465052885,0.0,0.0
2024-06-27,1532626337.242835,3690198.5828348696,1857396.96,1527078741.7,0.9963803339352663,Bull,1.0,0.0,0.0,0.0,0.7596882641300462,0.0,0.0,0.10829247545006973,0.12839959435515044,0.0,0.0,0.7679105375087334,0.0,0.0,0.11142176784073786,0.12066769465052885,0.0,0.0
2024-06-28,1537171140.242835,3690198.5828348696,1857396.96,1531623544.7,0.9963910358465625,Bull,1.0,0.0,0.0,0.0,0.7593881475784108,0.0,0.0,0.1081884089846548,0.1288144792834969,0.0,0.0,0.7679105375087334,0.0,0.0,0.11142176784073786,0.12066769465052885,0.0,0.0
2024-07-01,1542733468.942835,3690198.5828348696,1857396.96,1537185873.4,0.9964040479742515,Bull,1.0,0.0,0.0,0.0,0.758369671075926,0.0,0.0,0.10958108020813555,0.12845329669018998,0.0,0.0,0.7679105375087334,0.0,0.0,0.11142176784073786,0.12066769465052885,0.0,0.0
2024-07-02,1540342951.492835,3690198.5828348696,1857396.96,1534795355.95,0.9963984672780445,Bull,1.0,0.0,0.0,0.0,0.757146033498388,0.0,0.0,0.11146160654262495,0.12779082723703145,0.0,0.0,0.7679105375087334,0.0,0.0,0.11142176784073786,0.12066769465052885,0.0,0.0
2024-07-03,1574245251.792835,3690198.5828348696,1857396.96,1568697656.25,0.9964760284101114,Bull,1.0,0.0,0.0,0.0,0.7606716646508803,0.0,0.0,0.10924771715470437,0.12655664660452673,0.0,0.0,0.7679105375087334,0.0,0.0,0.11142176784073786,0.12066769465052885,0.0,0.0
2024-07-04,1577566374.442835,3690198.5828348696,4464780.96,1569411394.9,0.9948306583640798,Bull,1.0,0.0,0.0,0.0,0.7586706425095456,0.0,0.0,0.10657117362771992,0.1295888422268143,0.0,0.0,0.7679105375087334,0.0,0.0,0.11142176784073786,0.12066769465052885,0.0,0.0
2024-07-05,1580863706.492835,3690198.5828348696,4464780.96,1572708726.95,0.9948414404674222,Bull,1.0,0.0,0.0,0.0,0.7575694995281543,0.0,0.0,0.1084236416435036,0.12884829929576425,0.0,0.0,0.7679105375087334,0.0,0.0,0.11142176784073786,0.12066769465052885,0.0,0.0
2024-07-08,1586823952.392835,3690198.5828348696,6623380.960000001,1576510372.85,0.9935004891202438,Bull,1.0,0.0,0.0,0.0,0.7578510338444208,0.0,0.0,0.10323608977100017,0.1324133655048228,0.0,0.0,0.7679105375087334,0.0,0.0,0.11142176784073786,0.12066769465052885,0.0,0.0
2024-07-09,1575121701.6928349,3690198.5828348696,6623380.960000001,1564808122.1499999,0.9934522014827485,Bull,1.0,0.0,0.0,0.0,0.7579879833201786,0.0,0.0,0.10220194403200018,0.1332622741305697,0.0,0.0,0.7679105375087334,0.0,0.0,0.11142176784073786,0.12066769465052885,0.0,0.0
2024-07-10,1573688484.042835,3690198.5828348696,8316630.960000001,1561681654.5,0.992370262815936,Bull,1.0,0.0,0.0,0.0,0.7583918079097504,0.0,0.0,0.10012242041399552,0.13385603449219005,0.0,0.0,0.7679105375087334,0.0,0.0,0.11142176784073786,0.12066769465052885,0.0,0.0
2024-07-11,1584331294.992835,3690198.5828348696,8316630.960000001,1572324465.45,0.9924215158907851,Bull,1.0,0.0,0.0,0.0,0.7572836371040855,0.0,0.0,0.09923164460417415,0.13590623418252543,0.0,0.0,0.7679105375087334,0.0,0.0,0.11142176784073786,0.12066769465052885,0.0,0.0
2024-07-12,1581446593.822775,4708781.06277499,8316630.960000001,1568421181.8,0.9917636092969229,Bull,1.0,0.0,0.0,0.0,0.7687451707498134,0.0,0.0,0.10221224076196314,0.12080619778514626,0.0,0.0,0.7679105375087334,0.0,0.0,0.11142176784073786,0.12066769465052885,0.0,0.0
2024-07-15,1585125434.172775,4708781.06277499,8316630.960000001,1572100022.15,0.9917827247346059,Bull,1.0,0.0,0.0,0.0,0.7683674085928808,0.0,0.0,0.10267465053006045,0.12074066561166479,0.0,0.0,0.7679105375087334,0.0,0.0,0.11142176784073786,0.12066769465052885,0.0,0.0
2024-07-16,1584293700.3727748,4708781.06277499,9289630.96,1570295288.35,0.9911642569685903,Bull,1.0,0.0,0.0,0.0,0.7674408716413612,0.0,0.0,0.10282720934992584,0.12089617597730329,0.0,0.0,0.7679105375087334,0.0,0.0,0.11142176784073786,0.12066769465052885,0.0,0.0
2024-07-17,1580901005.172775,4708781.06277499,9289630.96,1566902593.15,0.9911452950077383,Bull,1.0,0.0,0.0,0.0,0.7680201917622953,0.0,0.0,0.10366202530315287,0.11946307794229011,0.0,0.0,0.7679105375087334,0.0,0.0,0.11142176784073786,0.12066769465052885,0.0,0.0
2024-07-18,1597947942.222775,4708781.06277499,9289630.96,1583949530.2,0.9912397571579817,Bull,1.0,0.0,0.0,0.0,0.7704560941374908,0.0,0.0,0.10472619012057253,0.11605747289991834,0.0,0.0,0.7679105375087334,0.0,0.0,0.11142176784073786,0.12066769465052885,0.0,0.0
2024-07-19,1583584250.472775,4708781.06277499,9289630.96,1569585838.45,0.9911602985325247,Bull,0.5,0.0,0.0,0.0,0.771019658780694,0.0,0.0,0.10570324878516955,0.11443739096666114,0.0,0.0,0.3839552687543667,0.0,0.0,0.05571088392036893,0.06033384732526442,0.0,0.0
2024-07-22,1571864961.8830898,278110055.97308964,9289630.96,1284465274.95,0.8171600653348836,Bull,0.5,0.0,0.0,0.0,0.6195860958585551,0.0,0.0,0.10721620755392515,0.09035776192240345,0.0,0.0,0.3839552687543667,0.0,0.0,0.05571088392036893,0.06033384732526442,0.0,0.0
2024-07-23,1584329592.8622344,591648071.7522343,9289630.96,983391890.15,0.6206990607133795,Bull,0.5,0.0,0.0,0.0,0.4722759667691591,0.0,0.0,0.0752826309231045,0.07314046302111599,0.0,0.0,0.3839552687543667,0.0,0.0,0.05571088392036893,0.06033384732526442,0.0,0.0
2024-07-26,1577233139.0042205,732945659.6442205,9289630.96,834997848.4,0.52940673623379,Bull,0.5,0.0,0.0,0.0,0.4065961033540546,0.0,0.0,0.061412607689154575,0.061398025190580824,0.0,0.0,0.3839552687543667,0.0,0.0,0.05571088392036893,0.06033384732526442,0.0,0.0
2024-07-29,1584588879.899403,767599703.5894029,9289630.96,807699545.35,0.5097218310665391,Sideways,0.5,0.0,0.0,0.0,0.39248530217470845,0.0,0.0,0.05637506430416901,0.06086146458766167,0.0,0.0,0.3839552687543667,0.0,0.0,0.05571088392036893,0.06033384732526442,0.0,0.0
2024-07-30,1579076093.1994028,767599703.5894029,9289630.96,802186758.65,0.5080101979282523,Bull,0.5,0.0,0.0,0.0,0.3901210722542481,0.0,0.0,0.05681518476935797,0.06107394090464625,0.0,0.0,0.3839552687543667,0.0,0.0,0.05571088392036893,0.06033384732526442,0.0,0.0
2024-07-31,1582864850.449403,769758303.5894029,7131030.96,805975515.9000001,0.5091878284309425,Bull,0.5,2158600.0000000005,0.0,0.0,0.39148813982701314,0.0,0.0,0.05668759400053923,0.06101209460339016,0.0,0.0,0.3839552687543667,0.0,0.0,0.05571088392036893,0.06033384732526442,0.0,0.0
2024-08-01,1589397954.6994028,769758303.5894029,7131030.96,812508620.15,0.5112052760277188,Sideways,0.5,0.0,0.0,0.0,0.39279924722696297,0.0,0.0,0.056586394700004324,0.06181963410075157,0.0,0.0,0.3839552687543667,0.0,0.0,0.05571088392036893,0.06033384732526442,0.0,0.0
2024-08-02,1577644623.099403,769758303.5894029,7131030.96,800755288.5500001,0.507563792774101,Sideways,0.5,0.0,0.0,0.0,0.3910199290243653,0.0,0.0,0.057411535319062235,0.0591323284306735,0.0,0.0,0.3839552687543667,0.0,0.0,0.05571088392036893,0.06033384732526442,0.0,0.0
2024-08-05,1542941599.299403,769758303.5894029,7131030.96,766052264.75,0.4964881788771773,Crisis,0.5,0.0,0.0,0.0,0.38300488172613406,0.0,0.0,0.058541165810173094,0.05494213134087012,0.0,0.0,0.36921645156577504,0.0,0.0,0.08553316294027669,0.04525038549394832,0.0,0.0
2024-08-06,1557939439.8951898,766324535.5351896,7131030.96,784483873.4,0.5035393888306571,Crisis,0.5,0.0,0.0,0.0,0.3744839230973251,0.0,0.0,0.07916905936234449,0.04988640637098744,0.0,0.0,0.3581623386743313,0.0,0.0,0.10789987220520751,0.033937789120461234,0.0,0.0
2024-08-07,1559362155.2240705,772694259.4140705,5437780.96,781230114.85,0.5009933787560351,Crisis,0.5,1693250.0,0.0,0.0,0.3616656739812705,0.0,0.0,0.09990456641396067,0.039423138360803966,0.0,0.0,0.347735788673308,0.0,0.0,0.12467490415390563,0.027589307172786362,0.0,0.0
2024-08-08,1551234867.4671452,775744056.5571452,14087695.309999999,761403115.6,0.49083677241165824,Crisis,0.5,2607397.0,317912.0,13.0,0.3428345550718249,0.0,0.0,0.1178773787483041,0.03012483859152924,0.0,0.0,0.34087102506693306,0.0,0.0,0.13725617811542923,0.021872796817637697,0.0,0.0
2024-08-09,1563426944.4965951,766394201.5365952,13114695.309999999,783918047.65,0.5014100917279587,Crisis,0.5,973000.0,0.0,0.0,0.34503086284194123,0.0,0.0,0.13185918326767648,0.024520045618341004,0.0,0.0,0.34087102506693306,0.0,0.0,0.13725617811542923,0.021872796817637697,0.0,0.0
2024-08-12,1568485862.9965951,766394201.5365952,13114695.309999999,788976966.15,0.503018219522016,Crisis,0.5,0.0,0.0,0.0,0.3468081408848381,0.0,0.0,0.13146334618920796,0.024746732447969957,0.0,0.0,0.34087102506693306,0.0,0.0,0.13725617811542923,0.021872796817637697,0.0,0.0
2024-08-13,1562383486.096595,766394204.5365952,14052902.11,781936379.45,0.500476602836838,Crisis,0.5,3.0,7818.0,3.0,0.34323876578457696,0.0,0.0,0.13233165982606745,0.024906177226193614,0.0,0.0,0.34087102506693306,0.0,0.0,0.13725617811542923,0.021872796817637697,0.0,0.0
2024-08-14,1573527339.2465951,766394211.5365952,18729462.31,788403665.4,0.5010422416794408,Crisis,0.5,7.0,251814.0,7.0,0.343678912918621,0.0,0.0,0.13232181914277505,0.025041509618044765,0.0,0.0,0.34087102506693306,0.0,0.0,0.13725617811542923,0.021872796817637697,0.0,0.0
2024-08-15,1565636041.4965951,766394211.5365952,18729462.31,780512367.65,0.498527337748246,Crisis,0.5,0.0,0.0,0.0,0.34060525787350415,0.0,0.0,0.1329492899263029,0.024972789948439003,0.0,0.0,0.34087102506693306,0.0,0.0,0.13725617811542923,0.021872796817637697,0.0,0.0
2024-08-16,1574558250.7465951,766394211.5365952,18729462.31,789434576.9,0.501368924601983,Crisis,0.5,0.0,0.0,0.0,0.34358701981554485,0.0,0.0,0.13238989405514742,0.02539201073129079,0.0,0.0,0.34087102506693306,0.0,0.0,0.13725617811542923,0.021872796817637697,0.0,0.0
2024-08-19,1573482098.4465952,766394211.5365952,18729462.31,788358424.6,0.5010278956324316,Crisis,0.5,0.0,0.0,0.0,0.34210743492501844,0.0,0.0,0.13347644705163342,0.025444013655779658,0.0,0.0,0.34087102506693306,0.0,0.0,0.13725617811542923,0.021872796817637697,0.0,0.0
2024-08-20,1575505226.796595,766394211.5365952,18729462.31,790381552.95,0.5016686327071398,Crisis,0.5,0.0,0.0,0.0,0.3442652196418421,0.0,0.0,0.13197823559289595,0.02542517747240175,0.0,0.0,0.34087102506693306,0.0,0.0,0.13725617811542923,0.021872796817637697,0.0,0.0
2024-08-21,1577975590.6965952,766394211.5365952,18729462.31,792851916.85,0.5024487840778301,Crisis,1.0,0.0,0.0,0.0,0.3438459505007163,0.0,0.0,0.13348685571683253,0.025115977860281306,0.0,0.0,0.6817420501338661,0.0,0.0,0.27451235623085846,0.043745593635275394,0.0,0.0
2024-08-22,1580441123.6758292,450788610.0658292,18729462.31,1110923051.3,0.702919605582135,Crisis,1.0,0.0,0.0,0.0,0.48056415384429396,0.0,0.0,0.19008616993037722,0.03226928180746375,0.0,0.0,0.6817420501338661,0.0,0.0,0.27451235623085846,0.043745593635275394,0.0,0.0
2024-08-23,1579403079.8675823,134537735.1575822,18729462.31,1426135882.4,0.9029587827064183,Crisis,1.0,0.0,0.0,0.0,0.6142713945330159,0.0,0.0,0.2487029467062535,0.039984441467148864,0.0,0.0,0.6817420501338661,0.0,0.0,0.27451235623085846,0.043745593635275394,0.0,0.0
2024-08-26,1586204915.6662292,19537972.306229442,18729462.31,1547937481.05,0.9758748480487741,Crisis,1.0,0.0,0.0,0.0,0.6679334558769812,0.0,0.0,0.26532000742365375,0.04262138474813917,0.0,0.0,0.6817420501338661,0.0,0.0,0.27451235623085846,0.043745593635275394,0.0,0.0
2024-08-27,1583947339.6162293,19537972.306229442,18729462.31,1545679905.0,0.9758404628366616,Crisis,1.0,0.0,0.0,0.0,0.6649682907104698,0.0,0.0,0.26837842986812666,0.042493742258065126,0.0,0.0,0.6817420501338661,0.0,0.0,0.27451235623085846,0.043745593635275394,0.0,0.0
2024-08-28,1580935329.9008057,7174084.690805696,12663903.96,1561097341.25,0.9874517393117842,Crisis,1.0,6065558.35,0.0,0.0,0.6702047966228198,0.0,0.0,0.2731445694411133,0.044102373247851136,0.0,0.0,0.6817420501338661,0.0,0.0,0.27451235623085846,0.043745593635275394,0.0,0.0
2024-08-29,1569538427.2008057,7174084.690805696,12663903.96,1549700438.55,0.9873606225199686,Crisis,1.0,0.0,0.0,0.0,0.6708656636256325,0.0,0.0,0.2726792110233848,0.04381574787095133,0.0,0.0,0.6817420501338661,0.0,0.0,0.27451235623085846,0.043745593635275394,0.0,0.0
2024-08-30,1579027168.5008056,8112291.490805696,11725697.16,1559189179.85,0.9874365754772664,Crisis,1.0,938206.7999999999,0.0,0.0,0.6709797975521404,0.0,0.0,0.2726992344335843,0.043757543491541734,0.0,0.0,0.6817420501338661,0.0,0.0,0.27451235623085846,0.043745593635275394,0.0,0.0
2024-09-02,1578933355.3008058,8112291.490805696,11725697.16,1559095366.65,0.9874358290144385,Bull,1.0,0.0,0.0,0.0,0.6697949049588111,0.0,0.0,0.27400143175617364,0.04363949229945363,0.0,0.0,0.7104239176092129,0.0,0.0,0.225935298320883,0.06364078406990409,0.0,0.0
2024-09-03,1571653017.993013,31146671.98301269,11725697.16,1528780648.8500001,0.9727214794536772,Bull,0.5,0.0,0.0,0.0,0.6753206252900273,0.0,0.0,0.2388602291359383,0.05854062502771145,0.0,0.0,0.36640896910345483,0.0,0.0,0.0988427231490585,0.03474830774748668,0.0,0.0
2024-09-04,1542676735.3869765,335732261.07697624,11725697.16,1195218777.15,0.7747694314260742,Bull,0.5,0.0,0.0,0.0,0.5460814685447883,0.0,0.0,0.18162042220058316,0.0470675406807026,0.0,0.0,0.36640896910345483,0.0,0.0,0.0988427231490585,0.03474830774748668,0.0,0.0
2024-09-05,1550191663.3700223,643624287.9600222,11725697.16,894841678.25,0.5772458331408316,Bull,0.5,0.0,0.0,0.0,0.41720142968903723,0.0,0.0,0.12180964745320509,0.03823475599858925,0.0,0.0,0.36640896910345483,0.0,0.0,0.0988427231490585,0.03474830774748668,0.0,0.0
2024-09-06,1557301523.404817,732544956.294817,11725697.16,813030869.95,0.5220767190752015,Bull,0.5,0.0,0.0,0.0,0.38077052583467974,0.0,0.0,0.10528571219883058,0.03602048104169118,0.0,0.0,0.36640896910345483,0.0,0.0,0.0988427231490585,0.03474830774748668,0.0,0.0
2024-09-09,1554556500.654817,732544956.294817,11725697.16,810285847.2,0.5212328061789249,Bull,0.5,0.0,0.0,0.0,0.38007553726810195,0.0,0.0,0.10563070556189576,0.03552656334892723,0.0,0.0,0.36640896910345483,0.0,0.0,0.0988427231490585,0.03474830774748668,0.0,0.0
2024-09-10,1558986183.954817,732544956.294817,11725697.16,814715530.5,0.5225931691281828,Bull,0.5,0.0,0.0,0.0,0.38215000660792686,0.0,0.0,0.10495577297864124,0.03548738954161471,0.0,0.0,0.36640896910345483,0.0,0.0,0.0988427231490585,0.03474830774748668,0.0,0.0
2024-09-11,1553421095.0631769,758640046.0031768,11725697.16,783055351.9,0.5040844072406223,Bull,0.5,0.0,0.0,0.0,0.3678760084539464,0.0,0.0,0.10125033096296618,0.03495806782370974,0.0,0.0,0.36640896910345483,0.0,0.0,0.0988427231490585,0.03474830774748668,0.0,0.0
2024-09-12,1562516590.5631769,758640046.0031768,11725697.16,792150847.4,0.5069711593362893,Bull,0.5,0.0,0.0,0.0,0.3706810224595702,0.0,0.0,0.10023112774985138,0.03605900912686783,0.0,0.0,0.36640896910345483,0.0,0.0,0.0988427231490585,0.03474830774748668,0.0,0.0
2024-09-13,1561997574.1631768,763831786.0031768,6533957.16,791631831.0,0.5068073370242641,Bull,0.5,5191740.0,0.0,0.0,0.3695408626413779,0.0,0.0,0.10117525315918996,0.036091221223696186,0.0,0.0,0.36640896910345483,0.0,0.0,0.0988427231490585,0.03474830774748668,0.0,0.0
2024-09-16,1563522469.1131768,768508346.2031769,1857396.96,793156725.95,0.5072883451427949,Bull,0.5,4676560.2,0.0,0.0,0.3702809120986753,0.0,0.0,0.10088067368130842,0.03612675936281111,0.0,0.0,0.36640896910345483,0.0,0.0,0.0988427231490585,0.03474830774748668,0.0,0.0
2024-09-18,1561856604.0631769,768508346.2031769,1857396.96,791490860.9,0.5067628224261644,Bull,0.5,0.0,0.0,0.0,0.36925384788824805,0.0,0.0,0.10152577361294425,0.03598320092497217,0.0,0.0,0.36640896910345483,0.0,0.0,0.0988427231490585,0.03474830774748668,0.0,0.0
2024-09-19,1562466836.3631768,768508346.2031769,1857396.96,792101093.2,0.5069554596395194,Bull,0.5,0.0,0.0,0.0,0.3696552654803035,0.0,0.0,0.10086588485092675,0.036434309308289156,0.0,0.0,0.36640896910345483,0.0,0.0,0.0988427231490585,0.03474830774748668,0.0,0.0
2024-09-20,1566657464.763177,768508346.2031769,1857396.96,796291721.6,0.5082742970368261,Bull,0.5,0.0,0.0,0.0,0.3696535041165125,0.0,0.0,0.10182002357746614,0.03680076934284756,0.0,0.0,0.36640896910345483,0.0,0.0,0.0988427231490585,0.03474830774748668,0.0,0.0
2024-09-23,1570318373.813177,768508346.2031769,1857396.96,799952630.6500001,0.5094206652549629,Bull,0.5,0.0,0.0,0.0,0.3705436683117013,0.0,0.0,0.10200103537670006,0.036875961566561456,0.0,0.0,0.36640896910345483,0.0,0.0,0.0988427231490585,0.03474830774748668,0.0,0.0
2024-09-24,1573669105.1131768,768508346.2031769,1857396.96,803303361.9499999,0.5104652301680835,Bull,0.5,0.0,0.0,0.0,0.3713678180826774,0.0,0.0,0.10194856051931056,0.03714885156609566,0.0,0.0,0.36640896910345483,0.0,0.0,0.0988427231490585,0.03474830774748668,0.0,0.0
2024-09-25,1575023235.263177,768508346.2031769,1857396.96,804657492.1,0.5108861089059087,Bull,0.5,0.0,0.0,0.0,0.37225431280830046,0.0,0.0,0.1009631454569804,0.03766865064062784,0.0,0.0,0.36640896910345483,0.0,0.0,0.0988427231490585,0.03474830774748668,0.0,0.0
2024-09-26,1577411863.3631768,768508346.2031769,1857396.96,807046120.2,0.5116267595954989,Bull,0.5,0.0,0.0,0.0,0.37276175858493693,0.0,0.0,0.10094288226063626,0.03792211874992572,0.0,0.0,0.36640896910345483,0.0,0.0,0.0988427231490585,0.03474830774748668,0.0,0.0
2024-09-27,1574410961.3631768,768508346.2031769,1857396.96,804045218.2,0.5106958970254064,Bull,0.5,0.0,0.0,0.0,0.3723555873190908,0.0,0.0,0.10042619359249211,0.03791411611382352,0.0,0.0,0.36640896910345483,0.0,0.0,0.0988427231490585,0.03474830774748668,0.0,0.0
2024-09-30,1566092306.6631768,768508346.2031769,1857396.96,795726563.4999999,0.5080968472384806,Sideways,0.5,0.0,0.0,0.0,0.37086879300079284,0.0,0.0,0.10011134039350071,0.03711671384418707,0.0,0.0,0.36640896910345483,0.0,0.0,0.0988427231490585,0.03474830774748668,0.0,0.0
2024-10-01,1565567061.8131769,768508346.2031769,1857396.96,795201318.65,0.5079318146416735,Sideways,0.5,0.0,0.0,0.0,0.3703445433876846,0.0,0.0,0.10052875014994476,0.037058521104044145,0.0,0.0,0.36640896910345483,0.0,0.0,0.0988427231490585,0.03474830774748668,0.0,0.0
2024-10-04,1558540393.263177,768508346.2031769,1857396.96,788174650.1,0.5057133286419148,Sideways,0.5,0.0,0.0,0.0,0.3699457213892299,0.0,0.0,0.09854200806335214,0.03722559918933271,0.0,0.0,0.36640896910345483,0.0,0.0,0.0988427231490585,0.03474830774748668,0.0,0.0
2024-10-07,1562200468.0631769,768508346.2031769,1857396.96,791834724.9,0.5068713914045361,Bull,1.0,0.0,0.0,0.0,0.3701828521514775,0.0,0.0,0.0986297873735939,0.038058751879464656,0.0,0.0,0.7496134536551823,0.0,0.0,0.1720666952114064,0.07831985113341135,0.0,0.0
2024-10-08,1552189984.6726925,459208430.06269246,1857396.96,1091124157.65,0.7029578649678528,Bull,1.0,0.0,0.0,0.0,0.5202999089188802,0.0,0.0,0.12825111743133527,0.05440683861763724,0.0,0.0,0.7496134536551823,0.0,0.0,0.1720666952114064,0.07831985113341135,0.0,0.0
2024-10-09,1549500055.206896,388416005.946896,1857396.96,1159226652.3,0.7481294682143235,Bull,1.0,0.0,0.0,0.0,0.5189330259124352,0.0,0.0,0.1579631437749888,0.07123329852689944,0.0,0.0,0.7496134536551823,0.0,0.0,0.1720666952114064,0.07831985113341135,0.0,0.0
2024-10-11,1551627393.0061064,363946534.2461063,1857396.96,1185823461.8,0.7642449902244882,Bull,1.0,0.0,0.0,0.0,0.5193599413315002,0.0,0.0,0.16723879790318885,0.07764625098979924,0.0,0.0,0.7496134536551823,0.0,0.0,0.1720666952114064,0.07831985113341135,0.0,0.0
2024-10-14,1553199384.850562,357699378.14056206,1857396.96,1193642609.75,0.768505718835862,Bull,1.0,0.0,0.0,0.0,0.5197721668088825,0.0,0.0,0.17061009847457262,0.07812345355240699,0.0,0.0,0.7496134536551823,0.0,0.0,0.1720666952114064,0.07831985113341135,0.0,0.0
2024-10-15,1567380083.5989046,87307277.3389044,1857396.96,1478215409.3000002,0.9431122832094619,Bull,1.0,0.0,0.0,0.0,0.6931679945845393,0.0,0.0,0.17075175498305473,0.07919253364186792,0.0,0.0,0.7496134536551823,0.0,0.0,0.1720666952114064,0.07831985113341135,0.0,0.0
2024-10-16,1552269397.8372211,21181905.87722114,1857396.96,1529230095.0,0.9851576647266758,Bull,1.0,0.0,0.0,0.0,0.7343073931549153,0.0,0.0,0.17289279835956883,0.07795747321219162,0.0,0.0,0.7496134536551823,0.0,0.0,0.1720666952114064,0.07831985113341135,0.0,0.0
2024-10-17,1562256655.157937,3745940.097937016,1857396.96,1556653318.1,0.9964133056886414,Bull,1.0,0.0,0.0,0.0,0.746084271269861,0.0,0.0,0.17250206559226053,0.07782696882651989,0.0,0.0,0.7496134536551823,0.0,0.0,0.1720666952114064,0.07831985113341135,0.0,0.0
2024-10-18,1582049600.4579372,3745940.097937016,1857396.96,1576446263.4,0.9964581786460328,Bull,1.0,0.0,0.0,0.0,0.7456633237406293,0.0,0.0,0.17203316502922514,0.0787616898761784,0.0,0.0,0.7622100902413866,0.0,0.0,0.14368586232820804,0.09410404743040529,0.0,0.0
2024-10-21,1566906062.4178684,4826727.8578685215,1857396.96,1560221937.6,0.9957341891909243,Bull,1.0,0.0,0.0,0.0,0.7541227045714728,0.0,0.0,0.15060666727898986,0.09100481734046158,0.0,0.0,0.77165756768104,0.0,0.0,0.1170804655734968,0.11126196674546321,0.0,0.0
2024-10-22,1574882204.8830583,4772223.323058402,1857396.96,1568252584.6,0.9957904024424794,Bull,1.0,0.0,0.0,0.0,0.7649511060984111,0.0,0.0,0.12560475912843808,0.10523453721563024,0.0,0.0,0.77165756768104,0.0,0.0,0.1170804655734968,0.11126196674546321,0.0,0.0
2024-10-23,1557068871.5830584,4772223.323058402,1857396.96,1550439251.3,0.9957422433881694,Bull,1.0,0.0,0.0,0.0,0.7635230354912294,0.0,0.0,0.1264820738467217,0.10573713405021831,0.0,0.0,0.77165756768104,0.0,0.0,0.1170804655734968,0.11126196674546321,0.0,0.0
2024-10-24,1556941805.4330585,4772223.323058402,1857396.96,1550312185.15,0.9957418959013601,Bull,1.0,0.0,0.0,0.0,0.7637865339605522,0.0,0.0,0.12685702144471833,0.10509834049608956,0.0,0.0,0.77165756768104,0.0,0.0,0.1170804655734968,0.11126196674546321,0.0,0.0
2024-10-25,1558735111.6830585,4772223.323058402,1857396.96,1552105491.4,0.9957467947995987,Bull,1.0,0.0,0.0,0.0,0.7634041746292263,0.0,0.0,0.12650295648186696,0.10583966368850552,0.0,0.0,0.77165756768104,0.0,0.0,0.1170804655734968,0.11126196674546321,0.0,0.0
2024-10-28,1561378025.2830584,4772223.323058402,1857396.96,1554748405.0,0.9957539941156425,Bull,1.0,0.0,0.0,0.0,0.7637314511223632,0.0,0.0,0.12655032721123308,0.10547221578204626,0.0,0.0,0.77165756768104,0.0,0.0,0.1170804655734968,0.11126196674546321,0.0,0.0
2024-10-29,1548921607.0330584,4772223.323058402,1857396.96,1542291986.75,0.995719847761852,Bull,1.0,0.0,0.0,0.0,0.7634169356156206,0.0,0.0,0.1284500126388602,0.10385289950737113,0.0,0.0,0.77165756768104,0.0,0.0,0.1170804655734968,0.11126196674546321,0.0,0.0
2024-10-30,1549397546.8830583,4772223.323058402,1857396.96,1542767926.6,0.9957211625277222,Bull,1.0,0.0,0.0,0.0,0.7644286832534875,0.0,0.0,0.1273088371650092,0.10398364210922559,0.0,0.0,0.77165756768104,0.0,0.0,0.1170804655734968,0.11126196674546321,0.0,0.0
2024-11-01,1539437773.2330582,4772223.323058402,1857396.96,1532808152.9499998,0.9956934795297798,Bull,1.0,0.0,0.0,0.0,0.7636139462014053,0.0,0.0,0.12813249319310918,0.1039470401352652,0.0,0.0,0.77165756768104,0.0,0.0,0.1170804655734968,0.11126196674546321,0.0,0.0
2024-11-04,1551166007.7330585,4772223.323058402,1857396.96,1544536387.45,0.995726040765458,Bull,1.0,0.0,0.0,0.0,0.7637759476056567,0.0,0.0,0.12746224389544833,0.10448784926435298,0.0,0.0,0.77165756768104,0.0,0.0,0.1170804655734968,0.11126196674546321,0.0,0.0
2024-11-05,1557495475.3330584,4772223.323058402,1857396.96,1550865855.05,0.995743409603395,Bull,1.0,0.0,0.0,0.0,0.7626030854413934,0.0,0.0,0.12869957131473242,0.1044407528472692,0.0,0.0,0.77165756768104,0.0,0.0,0.1170804655734968,0.11126196674546321,0.0,0.0
2024-11-06,1548698727.9330585,4772223.323058402,1857396.96,1542069107.65,0.9957192317889313,Bull,1.0,0.0,0.0,0.0,0.7621880785202156,0.0,0.0,0.1276564617986472,0.10587469147006842,0.0,0.0,0.77165756768104,0.0,0.0,0.1170804655734968,0.11126196674546321,0.0,0.0
2024-11-07,1551635776.6330583,4772223.323058402,1857396.96,1545006156.35,0.9957273347373801,Bull,1.0,0.0,0.0,0.0,0.7610959183427476,0.0,0.0,0.12773906285538864,0.1068923535392438,0.0,0.0,0.77165756768104,0.0,0.0,0.1170804655734968,0.11126196674546321,0.0,0.0
2024-11-08,1553272155.8330584,4772223.323058402,1857396.96,1546642535.55,0.995731836009445,Bull,1.0,0.0,0.0,0.0,0.7611447428000291,0.0,0.0,0.12696912080692474,0.10761797240249114,0.0,0.0,0.77165756768104,0.0,0.0,0.1170804655734968,0.11126196674546321,0.0,0.0
2024-11-11,1553867647.0330584,4772223.323058402,1857396.96,1547238026.75,0.9957334717048025,Bull,1.0,0.0,0.0,0.0,0.7606860397710906,0.0,0.0,0.12741664348185494,0.10763078845185706,0.0,0.0,0.77165756768104,0.0,0.0,0.1170804655734968,0.11126196674546321,0.0,0.0
2024-11-12,1541271713.2330585,4772223.323058402,1857396.96,1534642092.95,0.9956986038048076,Bull,1.0,0.0,0.0,0.0,0.7620207279911356,0.0,0.0,0.12794700525992256,0.10573087055374936,0.0,0.0,0.77165756768104,0.0,0.0,0.1170804655734968,0.11126196674546321,0.0,0.0
2024-11-13,1543752678.7330585,4772223.323058402,1857396.96,1537123058.45,0.9957055165802211,Bull,1.0,0.0,0.0,0.0,0.7618707158553698,0.0,0.0,0.1289540110553053,0.10488078966954592,0.0,0.0,0.77165756768104,0.0,0.0,0.1170804655734968,0.11126196674546321,0.0,0.0
2024-11-14,1532205337.5330584,4772223.323058402,1857396.96,1525575717.25,0.9956731515543912,Bull,1.0,0.0,0.0,0.0,0.7619307208064152,0.0,0.0,0.1290306169526279,0.10471181379534804,0.0,0.0,0.77165756768104,0.0,0.0,0.1170804655734968,0.11126196674546321,0.0,0.0
2024-11-15,1544803185.0830584,4772223.323058402,1857396.96,1538173564.8,0.9957084369406567,Bull,1.0,0.0,0.0,0.0,0.7646087710108475,0.0,0.0,0.12650770136099407,0.10459196456881513,0.0,0.0,0.77165756768104,0.0,0.0,0.1170804655734968,0.11126196674546321,0.0,0.0
2024-11-18,1547361816.4330585,4772223.323058402,1857396.96,1540732196.15,0.995715533230398,Bull,1.0,0.0,0.0,0.0,0.7666209567484948,0.0,0.0,0.12614127990435914,0.10295329657754408,0.0,0.0,0.77165756768104,0.0,0.0,0.1170804655734968,0.11126196674546321,0.0,0.0
2024-11-19,1565011746.6830585,4772223.323058402,1857396.96,1558382126.4,0.9957638527013555,Bull,1.0,0.0,0.0,0.0,0.7668079993287318,0.0,0.0,0.12576812948347865,0.10318772388914502,0.0,0.0,0.77165756768104,0.0,0.0,0.1170804655734968,0.11126196674546321,0.0,0.0
2024-11-20,1550716689.5830586,4772223.323058402,1857396.96,1544087069.3000002,0.9957248023913118,Bull,1.0,0.0,0.0,0.0,0.7655578722243539,0.0,0.0,0.1264613332127914,0.1037055969541665,0.0,0.0,0.77165756768104,0.0,0.0,0.1170804655734968,0.11126196674546321,0.0,0.0
2024-11-21,1552924629.2830584,4772223.323058402,1857396.96,1546295009.0,0.9957308808437669,Bull,1.0,0.0,0.0,0.0,0.7665288363348042,0.0,0.0,0.1267798167969644,0.10242222771199833,0.0,0.0,0.77165756768104,0.0,0.0,0.1170804655734968,0.11126196674546321,0.0,0.0
2024-11-22,1557064663.2330585,4772223.323058402,1857396.96,1550435042.95,0.9957422318805356,Bull,1.0,0.0,0.0,0.0,0.7646238920340831,0.0,0.0,0.12697237607941786,0.10414596376703458,0.0,0.0,0.77165756768104,0.0,0.0,0.1170804655734968,0.11126196674546321,0.0,0.0
2024-11-25,1565166751.6830585,4772223.323058402,1857396.96,1558537131.4,0.9957642722247138,Bull,1.0,0.0,0.0,0.0,0.7644537747261624,0.0,0.0,0.128079324317639,0.10323117318091245,0.0,0.0,0.77165756768104,0.0,0.0,0.1170804655734968,0.11126196674546321,0.0,0.0
2024-11-26,1558840853.8330586,4772223.323058402,1857396.96,1552211233.5500002,0.9957470833108096,Bull,1.0,0.0,0.0,0.0,0.765528392854014,0.0,0.0,0.1279157519574185,0.10230293849937717,0.0,0.0,0.77165756768104,0.0,0.0,0.1170804655734968,0.11126196674546321,0.0,0.0
2024-11-27,1564964743.0830584,4772223.323058402,1857396.96,1558335122.8,0.9957637254689855,Bull,1.0,0.0,0.0,0.0,0.7668785690568777,0.0,0.0,0.12845861281446802,0.10042654359763985,0.0,0.0,0.77165756768104,0.0,0.0,0.1170804655734968,0.11126196674546321,0.0,0.0
2024-11-28,1560909109.9830585,4772223.323058402,1857396.96,1554279489.7,0.9957527185659578,Bull,1.0,0.0,0.0,0.0,0.7676124650928615,0.0,0.0,0.12761422092165378,0.10052603255144245,0.0,0.0,0.77165756768104,0.0,0.0,0.1170804655734968,0.11126196674546321,0.0,0.0
2024-11-29,1552643833.2330585,4772223.323058402,1857396.96,1546014212.95,0.9957301087724326,Bull,1.0,0.0,0.0,0.0,0.766725946717046,0.0,0.0,0.12769953788251612,0.10130462417287049,0.0,0.0,0.77165756768104,0.0,0.0,0.1170804655734968,0.11126196674546321,0.0,0.0
2024-12-02,1567648931.2330582,4772223.323058402,1857396.96,1561019310.9499998,0.9957709789794302,Bull,1.0,0.0,0.0,0.0,0.7654187025191884,0.0,0.0,0.12763284943052988,0.10271942702971192,0.0,0.0,0.77165756768104,0.0,0.0,0.1170804655734968,0.11126196674546321,0.0,0.0
2024-12-03,1584980329.4330585,4772223.323058402,1857396.96,1578350709.15,0.9958172223592012,Bull,1.0,0.0,0.0,0.0,0.7683012757550006,0.0,0.0,0.12454179798597748,0.10297414861822311,0.0,0.0,0.77165756768104,0.0,0.0,0.1170804655734968,0.11126196674546321,0.0,0.0
2024-12-04,1589444184.5330584,4772223.323058402,1857396.96,1582814564.25,0.9958289694299608,Bull,1.0,0.0,0.0,0.0,0.76783839037955,0.0,0.0,0.12469786729769729,0.10329271175271353,0.0,0.0,0.77165756768104,0.0,0.0,0.1170804655734968,0.11126196674546321,0.0,0.0
2024-12-05,1591479662.1830585,4772223.323058402,1857396.96,1584850041.9,0.9958343041129634,Bull,1.0,0.0,0.0,0.0,0.767770189550467,0.0,0.0,0.12434931133743687,0.10371480322505945,0.0,0.0,0.77165756768104,0.0,0.0,0.1170804655734968,0.11126196674546321,0.0,0.0
2024-12-06,1592837212.8330584,4772223.323058402,1857396.96,1586207592.55,0.9958378544714769,Bull,1.0,0.0,0.0,0.0,0.7677078879737113,0.0,0.0,0.12489907844766737,0.10323088805009827,0.0,0.0,0.77165756768104,0.0,0.0,0.1170804655734968,0.11126196674546321,0.0,0.0
2024-12-09,1600112252.4330585,4772223.323058402,1857396.96,1593482632.15,0.9958567780023072,Bull,1.0,0.0,0.0,0.0,0.7680074509031433,0.0,0.0,0.12495654582731519,0.1028927812718488,0.0,0.0,0.77165756768104,0.0,0.0,0.1170804655734968,0.11126196674546321,0.0,0.0
2024-12-10,1592161854.6330583,4772223.323058402,1857396.96,1585532234.35,0.9958360889856978,Bull,1.0,0.0,0.0,0.0,0.7677999763609069,0.0,0.0,0.1253681586574644,0.10266795396732649,0.0,0.0,0.77165756768104,0.0,0.0,0.1170804655734968,0.11126196674546321,0.0,0.0
2024-12-11,1580106261.2330585,4772223.323058402,1857396.96,1573476640.95,0.9958043199715664,Bull,1.0,0.0,0.0,0.0,0.7672269711810169,0.0,0.0,0.12602981513698824,0.10254753365356131,0.0,0.0,0.77165756768104,0.0,0.0,0.1170804655734968,0.11126196674546321,0.0,0.0
2024-12-12,1586446390.6330583,4772223.323058402,1857396.96,1579816770.35,0.9958210877328083,Bull,1.0,0.0,0.0,0.0,0.7670681326107723,0.0,0.0,0.12542390412612642,0.1033290509959096,0.0,0.0,0.77165756768104,0.0,0.0,0.1170804655734968,0.11126196674546321,0.0,0.0
2024-12-13,1581704960.1830585,4772223.323058402,1857396.96,1575075339.9,0.9958085607303836,Bull,1.0,0.0,0.0,0.0,0.766025188262527,0.0,0.0,0.12606491413981705,0.10371845832803954,0.0,0.0,0.77165756768104,0.0,0.0,0.1170804655734968,0.11126196674546321,0.0,0.0
2024-12-16,1584424848.5330584,4772223.323058402,1857396.96,1577795228.25,0.9958157559260722,Bull,1.0,0.0,0.0,0.0,0.7651083794680255,0.0,0.0,0.1267428368003218,0.10396453965772495,0.0,0.0,0.77165756768104,0.0,0.0,0.1170804655734968,0.11126196674546321,0.0,0.0
2024-12-17,1577446883.1830585,4772223.323058402,1857396.96,1570817262.9,0.9957972465800682,Bull,1.0,0.0,0.0,0.0,0.7631751507668956,0.0,0.0,0.1276651544637968,0.10495694134937585,0.0,0.0,0.77165756768104,0.0,0.0,0.1170804655734968,0.11126196674546321,0.0,0.0
2024-12-18,1566012842.9830582,4772223.323058402,1857396.96,1559383222.6999998,0.9957665607196236,Bull,1.0,0.0,0.0,0.0,0.7612195698403326,0.0,0.0,0.12882371999945502,0.10572327087983603,0.0,0.0,0.77165756768104,0.0,0.0,0.1170804655734968,0.11126196674546321,0.0,0.0
2024-12-19,1550540106.9330583,4772223.323058402,1857396.96,1543910486.6499999,0.9957243155121143,Bull,1.0,0.0,0.0,0.0,0.7608420326407797,0.0,0.0,0.12956672265471003,0.10531556021662457,0.0,0.0,0.77165756768104,0.0,0.0,0.1170804655734968,0.11126196674546321,0.0,0.0
2024-12-20,1534912642.6330585,4772223.323058402,1857396.96,1528283022.3500001,0.9956807833234824,Bull,1.0,0.0,0.0,0.0,0.7613146767397876,0.0,0.0,0.1289633654071882,0.10540274117650657,0.0,0.0,0.77165756768104,0.0,0.0,0.1170804655734968,0.11126196674546321,0.0,0.0
2024-12-23,1563608101.0830584,4772223.323058402,1857396.96,1556978480.8,0.9957600499265344,Bull,1.0,0.0,0.0,0.0,0.7608649379444496,0.0,0.0,0.1289286617665659,0.10596645021551894,0.0,0.0,0.77165756768104,0.0,0.0,0.1170804655734968,0.11126196674546321,0.0,0.0
2024-12-24,1567681354.2330585,4772223.323058402,1857396.96,1561051733.95,0.9957710664446209,Bull,1.0,0.0,0.0,0.0,0.7620752972050671,0.0,0.0,0.12770994530195587,0.10598582393759791,0.0,0.0,0.77165756768104,0.0,0.0,0.1170804655734968,0.11126196674546321,0.0,0.0
2024-12-25,1561370987.8830585,4772223.323058402,1857396.96,1554741367.6000001,0.9957539749780755,Bull,1.0,0.0,0.0,0.0,0.7600268461558469,0.0,0.0,0.12899016413329456,0.10673696468893398,0.0,0.0,0.77165756768104,0.0,0.0,0.1170804655734968,0.11126196674546321,0.0,0.0
2024-12-26,1565994465.2830584,4772223.323058402,1857396.96,1559364845.0,0.9957665110381727,Bull,1.0,0.0,0.0,0.0,0.76135118701361,0.0,0.0,0.12807395201345592,0.10634137201110681,0.0,0.0,0.77165756768104,0.0,0.0,0.1170804655734968,0.11126196674546321,0.0,0.0
2024-12-27,1560414490.2330585,4772223.323058402,1857396.96,1553784869.95,0.9957513722638731,Bull,1.0,0.0,0.0,0.0,0.7603364217495809,0.0,0.0,0.12834339930417366,0.10707155121011858,0.0,0.0,0.77165756768104,0.0,0.0,0.1170804655734968,0.11126196674546321,0.0,0.0
2024-12-30,1559254357.8830583,4772223.323058402,1857396.96,1552624737.6,0.9957482111564792,Bull,1.0,0.0,0.0,0.0,0.7616718411564453,0.0,0.0,0.1275177452573855,0.1065586247426484,0.0,0.0,0.77165756768104,0.0,0.0,0.1170804655734968,0.11126196674546321,0.0,0.0
2024-12-31,1547903539.1330583,4772223.323058402,1857396.96,1541273918.85,0.995717032673256,Bull,1.0,0.0,0.0,0.0,0.7613181241965622,0.0,0.0,0.128171358863303,0.1062275496133907,0.0,0.0,0.77165756768104,0.0,0.0,0.1170804655734968,0.11126196674546321,0.0,0.0
2025-01-02,1548466486.6830583,4772223.323058402,1857396.96,1541836866.3999999,0.995718589753105,Bull,1.0,0.0,0.0,0.0,0.7631499141652873,0.0,0.0,0.12730194789184823,0.10526672769596945,0.0,0.0,0.77165756768104,0.0,0.0,0.1170804655734968,0.11126196674546321,0.0,0.0
2025-01-03,1550509346.7330585,4772223.323058402,1857396.96,1543879726.45,0.9957242306877885,Bull,1.0,0.0,0.0,0.0,0.7627476925191403,0.0,0.0,0.12679207669029685,0.10618446147835124,0.0,0.0,0.77165756768104,0.0,0.0,0.1170804655734968,0.11126196674546321,0.0,0.0
2025-01-06,1575658687.3830583,4772223.323058402,1857396.96,1569029067.1,0.9957924769265423,Bull,1.0,0.0,0.0,0.0,0.7621192817426861,0.0,0.0,0.12590493206970213,0.10776826311415404,0.0,0.0,0.77165756768104,0.0,0.0,0.1170804655734968,0.11126196674546321,0.0,0.0
2025-01-07,1567151216.6330583,4772223.323058402,1857396.96,1560521596.35,0.9957696358764269,Bull,1.0,0.0,0.0,0.0,0.761012902706534,0.0,0.0,0.12519742697295824,0.10955930619693471,0.0,0.0,0.77165756768104,0.0,0.0,0.1170804655734968,0.11126196674546321,0.0,0.0
2025-01-08,1572138218.4830585,4772223.323058402,1857396.96,1565508598.2,0.995783055074219,Bull,1.0,0.0,0.0,0.0,0.764215502221726,0.0,0.0,0.12398540898527269,0.10758214386722041,0.0,0.0,0.77165756768104,0.0,0.0,0.1170804655734968,0.11126196674546321,0.0,0.0
2025-01-09,1570542608.8830585,4772223.323058402,1857396.96,1563912988.6000001,0.9957787708238153,Bull,1.0,0.0,0.0,0.0,0.7647947797189859,0.0,0.0,0.12452269610124399,0.10646129500358543,0.0,0.0,0.77165756768104,0.0,0.0,0.1170804655734968,0.11126196674546321,0.0,0.0
2025-01-10,1560628168.8830583,4772223.323058402,1857396.96,1553998548.6,0.9957519539790165,Bull,1.0,0.0,0.0,0.0,0.7639686200546465,0.0,0.0,0.12467261829526763,0.10711071562910236,0.0,0.0,0.77165756768104,0.0,0.0,0.1170804655734968,0.11126196674546321,0.0,0.0
2025-01-13,1553130746.6330583,4772223.323058402,1857396.96,1546501126.35,0.9957314474023321,Bull,1.0,0.0,0.0,0.0,0.7646294614439014,0.0,0.0,0.1259620932906692,0.10513989266776148,0.0,0.0,0.77165756768104,0.0,0.0,0.1170804655734968,0.11126196674546321,0.0,0.0
2025-01-14,1568953795.3830583,4772223.323058402,1857396.96,1562324175.1,0.9957744961626229,Bull,1.0,0.0,0.0,0.0,0.7651351356761329,0.0,0.0,0.12591734733129367,0.10472201315519643,0.0,0.0,0.77165756768104,0.0,0.0,0.1170804655734968,0.11126196674546321,0.0,0.0
2025-01-15,1569104999.7830584,4772223.323058402,1857396.96,1562475379.5,0.9957749033468283,Bull,1.0,0.0,0.0,0.0,0.7669173061499238,0.0,0.0,0.12494868095322274,0.10390891624368169,0.0,0.0,0.77165756768104,0.0,0.0,0.1170804655734968,0.11126196674546321,0.0,0.0
2025-01-16,1579854823.7330585,4772223.323058402,1857396.96,1573225203.45,0.9958036522195165,Bull,1.0,0.0,0.0,0.0,0.7658706263851258,0.0,0.0,0.12463094522491971,0.10530208060947092,0.0,0.0,0.77165756768104,0.0,0.0,0.1170804655734968,0.11126196674546321,0.0,0.0
2025-01-17,1575112701.8330584,4772223.323058402,4125396.96,1566215081.55,0.994351121495812,Bull,1.0,0.0,0.0,0.0,0.7641783220649649,0.0,0.0,0.12548695707296062,0.10468584235788636,0.0,0.0,0.77165756768104,0.0,0.0,0.1170804655734968,0.11126196674546321,0.0,0.0
2025-01-20,1570938276.3330586,4772223.323058402,4125396.96,1562040656.0500002,0.9943361108344577,Bull,1.0,0.0,0.0,0.0,0.7638182697100468,0.0,0.0,0.12448439441966935,0.1060334467047416,0.0,0.0,0.77165756768104,0.0,0.0,0.1170804655734968,0.11126196674546321,0.0,0.0
2025-01-21,1583906799.2830584,4772223.323058402,4125396.96,1575009179.0,0.9943824849498178,Bull,1.0,0.0,0.0,0.0,0.7653776595622489,0.0,0.0,0.12362741298202246,0.10537741240554649,0.0,0.0,0.77165756768104,0.0,0.0,0.1170804655734968,0.11126196674546321,0.0,0.0
2025-01-22,1587719325.6330583,4772223.323058402,4125396.96,1578821705.35,0.9943959740620335,Bull,1.0,0.0,0.0,0.0,0.7643914675322703,0.0,0.0,0.12350457466518171,0.1064999318645815,0.0,0.0,0.77165756768104,0.0,0.0,0.1170804655734968,0.11126196674546321,0.0,0.0
2025-02-03,1590011689.8830585,4772223.323058402,4125396.96,1581114069.6000001,0.9944040535427052,Bull,1.0,0.0,0.0,0.0,0.7675784884888248,0.0,0.0,0.12502253993781662,0.10180302511606376,0.0,0.0,0.77165756768104,0.0,0.0,0.1170804655734968,0.11126196674546321,0.0,0.0
2025-02-04,1579898665.2330585,4772223.323058402,4125396.96,1571001044.95,0.9943682335589885,Bull,1.0,0.0,0.0,0.0,0.7651730908777431,0.0,0.0,0.12612903877009388,0.10306610391115152,0.0,0.0,0.77165756768104,0.0,0.0,0.1170804655734968,0.11126196674546321,0.0,0.0
2025-02-05,1586998154.6330583,4772223.323058402,4125396.96,1578100534.35,0.994393427454794,Bull,1.0,0.0,0.0,0.0,0.7642750124246013,0.0,0.0,0.12595194229839354,0.10416647273179913,0.0,0.0,0.77165756768104,0.0,0.0,0.1170804655734968,0.11126196674546321,0.0,0.0
2025-02-07,1587394500.8330584,4772223.323058402,4125396.96,1578496880.55,0.9943948273233976,Bull,1.0,0.0,0.0,0.0,0.763612183306586,0.0,0.0,0.1257161341401089,0.10506650987670266,0.0,0.0,0.77165756768104,0.0,0.0,0.1170804655734968,0.11126196674546321,0.0,0.0
2025-02-10,1582752406.2830584,4772223.323058402,4125396.96,1573854786.0,0.9943783877707356,Bull,1.0,0.0,0.0,0.0,0.7646018930035814,0.0,0.0,0.12559595500273654,0.10418053976441773,0.0,0.0,0.77165756768104,0.0,0.0,0.1170804655734968,0.11126196674546321,0.0,0.0
2025-02-11,1576528082.8330584,4772223.323058402,4125396.96,1567630462.55,0.9943561929660846,Bull,1.0,0.0,0.0,0.0,0.7637105711344915,0.0,0.0,0.12541438503568786,0.1052312367959052,0.0,0.0,0.77165756768104,0.0,0.0,0.1170804655734968,0.11126196674546321,0.0,0.0
2025-02-12,1584259836.7330585,4772223.323058402,4125396.96,1575362216.45,0.9943837367603748,Bull,1.0,0.0,0.0,0.0,0.7638004122766195,0.0,0.0,0.1260247185283163,0.104558605955439,0.0,0.0,0.77165756768104,0.0,0.0,0.1170804655734968,0.11126196674546321,0.0,0.0
2025-02-13,1585878212.5330584,4772223.323058402,4125396.96,1576980592.25,0.9943894681112703,Bull,1.0,0.0,0.0,0.0,0.7652864404458175,0.0,0.0,0.1251013466432022,0.10400168102225055,0.0,0.0,0.77874317576078,0.0,0.0,0.1378103491801226,0.08344647505909743,0.0,0.0
2025-02-14,1581439312.9958131,2949012.2358131567,4125396.96,1574364903.8,0.995526600902306,Bull,1.0,0.0,0.0,0.0,0.7758758706178999,0.0,0.0,0.1318168192019341,0.08783391108247209,0.0,0.0,0.77874317576078,0.0,0.0,0.1378103491801226,0.08344647505909743,0.0,0.0
2025-02-17,1585904249.095813,2949012.2358131567,4125396.96,1578829839.8999999,0.9955391952573136,Bull,1.0,0.0,0.0,0.0,0.7752681415671767,0.0,0.0,0.13135257069824188,0.08891848299189496,0.0,0.0,0.77874317576078,0.0,0.0,0.1378103491801226,0.08344647505909743,0.0,0.0
2025-02-18,1593182862.795813,2949012.2358131567,4125396.96,1586108453.6,0.9955595748855856,Bull,1.0,0.0,0.0,0.0,0.7753663954382615,0.0,0.0,0.13136633897299413,0.08882684047432995,0.0,0.0,0.77874317576078,0.0,0.0,0.1378103491801226,0.08344647505909743,0.0,0.0
2025-02-19,1587828504.3958132,2949012.2358131567,4125396.96,1580754095.2,0.9955446012108814,Bull,1.0,0.0,0.0,0.0,0.7755042763063065,0.0,0.0,0.13107177470604223,0.0889685501985327,0.0,0.0,0.77874317576078,0.0,0.0,0.1378103491801226,0.08344647505909743,0.0,0.0
2025-02-20,1583688364.095813,5217012.235813157,1857396.96,1576613954.8999999,0.9955329537324396,Bull,1.0,2268000.0,0.0,0.0,0.7753076822036404,0.0,0.0,0.1313632181156909,0.08886205341310814,0.0,0.0,0.77874317576078,0.0,0.0,0.1378103491801226,0.08344647505909743,0.0,0.0
2025-02-21,1591750178.6471233,254294.73712315783,1857396.96,1589638486.95,0.9986733523102739,Bull,1.0,0.0,0.0,0.0,0.7741506195383816,0.0,0.0,0.13548099625990875,0.08904173651198362,0.0,0.0,0.77874317576078,0.0,0.0,0.1378103491801226,0.08344647505909743,0.0,0.0
2025-02-24,1582833175.9971232,254294.73712315783,1857396.96,1580721484.3,0.9986658785466807,Bull,1.0,0.0,0.0,0.0,0.7735055739710027,0.0,0.0,0.13640856362767595,0.08875174094800203,0.0,0.0,0.77874317576078,0.0,0.0,0.1378103491801226,0.08344647505909743,0.0,0.0
2025-02-25,1577498880.6971233,254294.73712315783,1857396.96,1575387189.0,0.9986613672295032,Bull,1.0,0.0,0.0,0.0,0.7741930621594432,0.0,0.0,0.13657385284786458,0.08789445222219539,0.0,0.0,0.77874317576078,0.0,0.0,0.1378103491801226,0.08344647505909743,0.0,0.0
2025-02-26,1592973065.4471233,254294.73712315783,1857396.96,1590861373.75,0.9986743707455401,Bull,1.0,0.0,0.0,0.0,0.7754372629039299,0.0,0.0,0.13572451706163305,0.08751259077997724,0.0,0.0,0.77874317576078,0.0,0.0,0.1378103491801226,0.08344647505909743,0.0,0.0
2025-02-27,1588596918.1971233,254294.73712315783,1857396.96,1586485226.5,0.9986707190018221,Bull,1.0,0.0,0.0,0.0,0.7753287900733322,0.0,0.0,0.13657983187216338,0.08676209705632651,0.0,0.0,0.77874317576078,0.0,0.0,0.1378103491801226,0.08344647505909743,0.0,0.0
2025-03-03,1597382448.5971234,254294.73712315783,1857396.96,1595270756.9,0.9986780299865083,Bull,1.0,0.0,0.0,0.0,0.7769168604487414,0.0,0.0,0.13747089821404682,0.08429027132372016,0.0,0.0,0.77874317576078,0.0,0.0,0.1378103491801226,0.08344647505909743,0.0,0.0
2025-03-04,1580819952.8971233,254294.73712315783,1857396.96,1578708261.2,0.9986641795017496,Bull,0.5,0.0,0.0,0.0,0.7765064319629602,0.0,0.0,0.1375505158582413,0.08460723168054808,0.0,0.0,0.38937158788039,0.0,0.0,0.0689051745900613,0.041723237529548714,0.0,0.0
2025-03-05,1581299928.242582,305754372.3825819,1857396.96,1273688158.9,0.8054690550169985,Bull,0.5,0.0,0.0,0.0,0.6266538631929824,0.0,0.0,0.11047790294543038,0.06833728887858559,0.0,0.0,0.38937158788039,0.0,0.0,0.0689051745900613,0.041723237529548714,0.0,0.0
2025-03-06,1581607587.8768182,620768272.6668181,1857396.96,958981918.25,0.6063336605114272,Bull,0.5,0.0,0.0,0.0,0.4717623536768923,0.0,0.0,0.08390728586358796,0.05066402097094699,0.0,0.0,0.38937158788039,0.0,0.0,0.0689051745900613,0.041723237529548714,0.0,0.0
2025-03-07,1578732709.6928985,735469439.7328985,1857396.96,841405873.0,0.5329628428131281,Bear,0.5,0.0,0.0,0.0,0.41597464153874814,0.0,0.0,0.07331424711059221,0.0436739541637877,0.0,0.0,0.37672247511388657,0.0,0.0,0.0919850967389519,0.03129242814716154,0.0,0.0
2025-03-10,1577780471.3480191,774350385.7380191,1857396.96,801572688.6500001,0.5080381606987155,Bear,0.5,0.0,0.0,0.0,0.38652569208754123,0.0,0.0,0.08722823136631593,0.0342842372448584,0.0,0.0,0.36888803619890964,0.0,0.0,0.10764264269071921,0.02346932111037115,0.0,0.0
2025-03-11,1573064271.785326,783609210.775326,1857396.96,787597664.05,0.5006773583104317,Bear,0.5,0.0,0.0,0.0,0.37228559223797564,0.0,0.0,0.102591167376042,0.02580059869641405,0.0,0.0,0.3621045477760389,0.0,0.0,0.12029346139118272,0.017601990832778365,0.0,0.0
2025-03-12,1575194083.0579557,784525184.8979558,1857396.96,788811501.2,0.5007709904983039,Bear,0.5,0.0,0.0,0.0,0.36560497997935354,0.0,0.0,0.11543764794176778,0.019728362577182582,0.0,0.0,0.3621045477760389,0.0,0.0,0.12029346139118272,0.017601990832778365,0.0,0.0
2025-03-13,1576083122.8079557,784525184.8979558,1857396.96,789700540.9499999,0.5010525964792176,Bear,0.5,0.0,0.0,0.0,0.36589912841815814,0.0,0.0,0.11561959985672918,0.01953386820433034,0.0,0.0,0.3621045477760389,0.0,0.0,0.12029346139118272,0.017601990832778365,0.0,0.0
2025-03-14,1577828848.107956,784525184.8979558,1857396.96,791446266.25,0.5016046367760725,Bear,0.5,0.0,0.0,0.0,0.36661927365801417,0.0,0.0,0.11553775317177305,0.019447609946285197,0.0,0.0,0.3621045477760389,0.0,0.0,0.12029346139118272,0.017601990832778365,0.0,0.0
2025-03-17,1576686766.3079557,784525184.8979558,1857396.96,790304184.45,0.5012436213317206,Bear,0.5,0.0,0.0,0.0,0.36693945608788026,0.0,0.0,0.11467534570825787,0.0196288195355825,0.0,0.0,0.3621045477760389,0.0,0.0,0.12029346139118272,0.017601990832778365,0.0,0.0
2025-03-18,1582041021.357956,784525184.8979558,1857396.96,795658439.5,0.5029316109749424,Bear,0.5,0.0,0.0,0.0,0.3677204520276294,0.0,0.0,0.11556817903688964,0.019642979910423373,0.0,0.0,0.3621045477760389,0.0,0.0,0.12029346139118272,0.017601990832778365,0.0,0.0
2025-03-19,1579467495.9579558,784525184.8979558,1857396.96,793084914.1,0.5021217062899984,Bear,0.5,0.0,0.0,0.0,0.3680111908523078,0.0,0.0,0.11467770021449149,0.01943281522319915,0.0,0.0,0.3621045477760389,0.0,0.0,0.12029346139118272,0.017601990832778365,0.0,0.0
2025-03-20,1584739086.357956,784525184.8979558,1857396.96,798356504.5,0.5037778845568713,Bear,0.5,0.0,0.0,0.0,0.36861620283659213,0.0,0.0,0.11537514381638769,0.019786537903891448,0.0,0.0,0.3621045477760389,0.0,0.0,0.12029346139118272,0.017601990832778365,0.0,0.0
2025-03-21,1582324318.107956,784525184.8979558,1857396.96,795941736.25,0.5030206052838379,Bear,0.5,0.0,0.0,0.0,0.3669006597485604,0.0,0.0,0.11646436693860315,0.0196555785966743,0.0,0.0,0.3621045477760389,0.0,0.0,0.12029346139118272,0.017601990832778365,0.0,0.0
2025-03-24,1583235714.2579558,784525184.8979558,1857396.96,796853132.4,0.5033066935162436,Bear,0.5,0.0,0.0,0.0,0.3676866477666844,0.0,0.0,0.11599725697577198,0.019622788773787217,0.0,0.0,0.3621045477760389,0.0,0.0,0.12029346139118272,0.017601990832778365,0.0,0.0
2025-03-25,1583758414.3079557,784525184.8979558,1857396.96,797375832.45,0.5034706210532899,Bear,0.5,0.0,0.0,0.0,0.36829931079158906,0.0,0.0,0.11535105250242855,0.019820257759272267,0.0,0.0,0.3621045477760389,0.0,0.0,0.12029346139118272,0.017601990832778365,0.0,0.0
2025-03-26,1585280266.7579558,784525184.8979558,1857396.96,798897684.9,0.5039472840558467,Bear,0.5,0.0,0.0,0.0,0.3686392224481193,0.0,0.0,0.11552291657205221,0.019785145035675182,0.0,0.0,0.3621045477760389,0.0,0.0,0.12029346139118272,0.017601990832778365,0.0,0.0
2025-03-27,1588319712.857956,784525184.8979558,1857396.96,801937131.0,0.5048965422440221,Bear,0.5,0.0,0.0,0.0,0.36945705971507964,0.0,0.0,0.11606680853207203,0.01937267399687041,0.0,0.0,0.3621045477760389,0.0,0.0,0.12029346139118272,0.017601990832778365,0.0,0.0
2025-03-28,1581295856.3079557,784525184.8979558,1857396.96,794913274.45,0.5026973739790738,Bear,0.5,0.0,0.0,0.0,0.3669454847018818,0.0,0.0,0.11648667721805961,0.01926521205913232,0.0,0.0,0.3621045477760389,0.0,0.0,0.12029346139118272,0.017601990832778365,0.0,0.0
2025-03-31,1571383045.607956,784525184.8979558,1857396.96,785000463.75,0.49956022240668213,Crisis,0.5,0.0,0.0,0.0,0.3651871931251379,0.0,0.0,0.1156840787534838,0.01868895052806042,0.0,0.0,0.35290632273100947,0.0,0.0,0.13389218414440673,0.013201493124583774,0.0,0.0
2025-04-01,1575869516.6550193,784018711.6950194,1857396.96,789993408.0,0.5013063579507903,Bear,0.5,0.0,0.0,0.0,0.3569721363695548,0.0,0.0,0.1294548805240069,0.014879341057228589,0.0,0.0,0.35290632273100947,0.0,0.0,0.13389218414440673,0.013201493124583774,0.0,0.0
2025-04-02,1577360997.1050196,784018711.6950194,1857396.96,791484888.45,0.501777899860994,Bear,1.0,0.0,0.0,0.0,0.3575035071140758,0.0,0.0,0.1294344163287352,0.014839976418182927,0.0,0.0,0.7058126454620189,0.0,0.0,0.26778436828881347,0.026402986249167548,0.0,0.0
2025-04-07,1513280648.299241,696066259.8892409,1857396.96,815356991.45,0.5388009107011119,Crisis,1.0,0.0,0.0,0.0,0.33562035701758913,0.0,0.0,0.18496740859971014,0.018213145083812558,0.0,0.0,0.7058126454620189,0.0,0.0,0.26778436828881347,0.026402986249167548,0.0,0.0
2025-04-08,1534554440.3096242,636320788.8496243,1857396.96,896376254.5,0.5841280250175679,Crisis,1.0,0.0,0.0,0.0,0.34402272779158116,0.0,0.0,0.21943301010035085,0.020672287125635867,0.0,0.0,0.7058126454620189,0.0,0.0,0.26778436828881347,0.026402986249167548,0.0,0.0
2025-04-09,1512522733.1971107,597120327.3871107,1857396.96,913545008.85,0.6039876220035283,Crisis,1.0,0.0,0.0,0.0,0.33630748000381305,0.0,0.0,0.24506177121484343,0.02261837078487182,0.0,0.0,0.7058126454620189,0.0,0.0,0.26778436828881347,0.026402986249167548,0.0,0.0
2025-04-10,1563934891.7695253,576492205.3095253,1857396.96,985585289.5,0.6301958570569728,Crisis,1.0,0.0,0.0,0.0,0.34754464035584687,0.0,0.0,0.2566383690985191,0.026012847602606786,0.0,0.0,0.7058126454620189,0.0,0.0,0.26778436828881347,0.026402986249167548,0.0,0.0
2025-04-11,1559657179.4679751,566886102.5579749,1857396.96,990913679.95,0.6353406972986314,Crisis,1.0,0.0,0.0,0.0,0.3477277167633722,0.0,0.0,0.2607094721538126,0.02690350838144658,0.0,0.0,0.7058126454620189,0.0,0.0,0.26778436828881347,0.026402986249167548,0.0,0.0
2025-04-14,1549557036.1777124,561349259.5177122,1857396.96,986350379.7,0.6365369952002718,Crisis,1.0,0.0,0.0,0.0,0.34798769397356877,0.0,0.0,0.2618215983845018,0.026727702842201256,0.0,0.0,0.7058126454620189,0.0,0.0,0.26778436828881347,0.026402986249167548,0.0,0.0
2025-04-15,1554794752.8231707,251097547.31317064,1857396.96,1301839808.55,0.8373065359180951,Crisis,1.0,0.0,0.0,0.0,0.5443600880522516,0.0,0.0,0.26614664041579933,0.026799807450044174,0.0,0.0,0.7058126454620189,0.0,0.0,0.26778436828881347,0.026402986249167548,0.0,0.0
2025-04-16,1552901388.4285598,62851675.46855976,1857396.96,1488192316.0,0.9583302114926684,Crisis,1.0,0.0,0.0,0.0,0.6628285116298308,0.0,0.0,0.2693651400642324,0.02613655979860514,0.0,0.0,0.7058126454620189,0.0,0.0,0.26778436828881347,0.026402986249167548,0.0,0.0
2025-04-17,1545419545.9950984,14080294.385098387,1857396.96,1529481854.6499999,0.9896871426361854,Crisis,0.5,0.0,0.0,0.0,0.6985757410974431,0.0,0.0,0.2650356021841716,0.026075799354570744,0.0,0.0,0.35290632273100947,0.0,0.0,0.13389218414440673,0.013201493124583774,0.0,0.0
2025-04-18,1541194153.6714108,322964472.91141075,1857396.96,1216372283.8,0.789240136229673,Crisis,0.5,0.0,0.0,0.0,0.5571946803420643,0.0,0.0,0.21106114322138314,0.02098431266622571,0.0,0.0,0.35290632273100947,0.0,0.0,0.13389218414440673,0.013201493124583774,0.0,0.0
2025-04-21,1543096535.1495972,608050556.6895971,1857396.96,933188581.5,0.6047506168559513,Crisis,0.5,0.0,0.0,0.0,0.43225298372880877,0.0,0.0,0.15708058081829676,0.015417052308845767,0.0,0.0,0.35290632273100947,0.0,0.0,0.13389218414440673,0.013201493124583774,0.0,0.0
2025-04-22,1539031275.0280585,728319290.3180585,1857396.96,808854587.75,0.525560851734643,Crisis,0.5,0.0,0.0,0.0,0.37206799955352454,0.0,0.0,0.1399146355853452,0.013578216595773218,0.0,0.0,0.35290632273100947,0.0,0.0,0.13389218414440673,0.013201493124583774,0.0,0.0
2025-04-23,1541582013.659915,757512896.4999149,1857396.96,782211720.2,0.5074084370917953,Crisis,0.5,0.0,0.0,0.0,0.35702130364983464,0.0,0.0,0.1364428866814751,0.013944246760485512,0.0,0.0,0.35290632273100947,0.0,0.0,0.13389218414440673,0.013201493124583774,0.0,0.0
2025-04-24,1535874648.709915,757512896.4999149,1857396.96,776504355.25,0.50557794928267,Crisis,0.5,0.0,0.0,0.0,0.35530136245713084,0.0,0.0,0.13636217003511245,0.013914416790426733,0.0,0.0,0.35290632273100947,0.0,0.0,0.13389218414440673,0.013201493124583774,0.0,0.0
2025-04-25,1534959434.6099148,757512896.4999149,1857396.96,775589141.15,0.5052831518945669,Crisis,0.5,0.0,0.0,0.0,0.35557118243238983,0.0,0.0,0.13545817258215703,0.014253796880019957,0.0,0.0,0.35290632273100947,0.0,0.0,0.13389218414440673,0.013201493124583774,0.0,0.0
2025-04-28,1537315096.659915,757512896.4999149,1857396.96,777944803.1999999,0.5060412175033087,Crisis,0.5,0.0,0.0,0.0,0.3562090845199976,0.0,0.0,0.13547996793403944,0.014352165049271585,0.0,0.0,0.35290632273100947,0.0,0.0,0.13389218414440673,0.013201493124583774,0.0,0.0
2025-04-29,1545066187.059915,757512896.4999149,1857396.96,785695893.6,0.5085192467353711,Crisis,0.5,0.0,0.0,0.0,0.3582319632877556,0.0,0.0,0.1359515869023768,0.01433569654523873,0.0,0.0,0.35290632273100947,0.0,0.0,0.13389218414440673,0.013201493124583774,0.0,0.0
2025-04-30,1549974053.2599149,757512896.4999149,1857396.96,790603759.8,0.5100754803844602,Crisis,0.5,0.0,0.0,0.0,0.3602047135084379,0.0,0.0,0.1355123329698593,0.014358433906162963,0.0,0.0,0.35290632273100947,0.0,0.0,0.13389218414440673,0.013201493124583774,0.0,0.0
2025-05-02,1550173979.559915,757512896.4999149,1857396.96,790803686.1,0.5101386660641177,Crisis,0.5,0.0,0.0,0.0,0.35981811942060243,0.0,0.0,0.13554672105878857,0.014773825584726778,0.0,0.0,0.35290632273100947,0.0,0.0,0.13389218414440673,0.013201493124583774,0.0,0.0
2025-05-05,1552898258.6099148,757512896.4999149,1857396.96,793527965.15,0.5109980391505692,Crisis,0.5,0.0,0.0,0.0,0.3598567144058951,0.0,0.0,0.1365251708053183,0.014616153939355756,0.0,0.0,0.35290632273100947,0.0,0.0,0.13389218414440673,0.013201493124583774,0.0,0.0
2025-05-06,1566818334.5099149,757512896.4999149,1857396.96,807448041.0500001,0.5153424767029943,Crisis,0.5,0.0,0.0,0.0,0.3646756796656469,0.0,0.0,0.13626053212274877,0.0144062649145986,0.0,0.0,0.35290632273100947,0.0,0.0,0.13389218414440673,0.013201493124583774,0.0,0.0
2025-05-07,1563741061.809915,757512896.4999149,1857396.96,804370768.35,0.5143887232960425,Crisis,0.5,0.0,0.0,0.0,0.3636212428238448,0.0,0.0,0.1363877340108661,0.01437974646133157,0.0,0.0,0.35290632273100947,0.0,0.0,0.13389218414440673,0.013201493124583774,0.0,0.0
2025-05-08,1561963156.709915,757512896.4999149,1857396.96,802592863.25,0.5138359760934208,Crisis,0.5,0.0,0.0,0.0,0.3641908970812212,0.0,0.0,0.13505881946943935,0.014586259542760301,0.0,0.0,0.35290632273100947,0.0,0.0,0.13389218414440673,0.013201493124583774,0.0,0.0
2025-05-09,1569302832.209915,757512896.4999149,1857396.96,809932538.75,0.5161097795314887,Bear,0.5,0.0,0.0,0.0,0.3662643862947643,0.0,0.0,0.1351465094224916,0.014698883814232793,0.0,0.0,0.35290632273100947,0.0,0.0,0.13389218414440673,0.013201493124583774,0.0,0.0
2025-05-12,1571617613.059915,757512896.4999149,1857396.96,812247319.6,0.5168224845855266,Bear,0.5,0.0,0.0,0.0,0.36684115449527016,0.0,0.0,0.13514031545274052,0.0148410146375159,0.0,0.0,0.35290632273100947,0.0,0.0,0.13389218414440673,0.013201493124583774,0.0,0.0
2025-05-13,1567734089.7599149,757512896.4999149,1857396.96,808363796.3000001,0.5156255780747832,Bear,0.5,0.0,0.0,0.0,0.36613702543644,0.0,0.0,0.1344297488818876,0.015058803756455531,0.0,0.0,0.35290632273100947,0.0,0.0,0.13389218414440673,0.013201493124583774,0.0,0.0
2025-05-14,1570157002.2599149,757512896.4999149,1857396.96,810786708.8,0.516373017241614,Bear,0.5,0.0,0.0,0.0,0.36708431575340594,0.0,0.0,0.1339126594967056,0.015376041991502413,0.0,0.0,0.35290632273100947,0.0,0.0,0.13389218414440673,0.013201493124583774,0.0,0.0
2025-05-15,1572463389.1099148,757512896.4999149,1857396.96,813093095.65,0.5170823697906552,Bear,0.5,0.0,0.0,0.0,0.3649996557152792,0.0,0.0,0.1367628025487643,0.015319911526611775,0.0,0.0,0.35290632273100947,0.0,0.0,0.13389218414440673,0.013201493124583774,0.0,0.0
2025-05-16,1574948027.6099148,757512896.4999149,1857396.96,815577734.15,0.5178442207948232,Bear,0.5,0.0,0.0,0.0,0.36661110336842784,0.0,0.0,0.1358954684522522,0.015337648974143159,0.0,0.0,0.35290632273100947,0.0,0.0,0.13389218414440673,0.013201493124583774,0.0,0.0
2025-05-19,1574296850.6099148,757512896.4999149,1857396.96,814926557.15,0.517644786518045,Bear,1.0,0.0,0.0,0.0,0.36672166175415455,0.0,0.0,0.13579294141202014,0.015130183351870314,0.0,0.0,0.7058126454620189,0.0,0.0,0.26778436828881347,0.026402986249167548,0.0,0.0
2025-05-20,1574597825.2293553,442088139.81935537,1857396.96,1130652288.45,0.7180578242481122,Bear,1.0,0.0,0.0,0.0,0.5076811206274596,0.0,0.0,0.19062715265485564,0.01974955096579683,0.0,0.0,0.7058126454620189,0.0,0.0,0.26778436828881347,0.026402986249167548,0.0,0.0
2025-05-21,1584688856.738138,126850987.07813796,1857396.96,1455980472.7,0.9187800283375083,Bear,1.0,0.0,0.0,0.0,0.647744109725648,0.0,0.0,0.24635801428148227,0.02467790433037809,0.0,0.0,0.7058126454620189,0.0,0.0,0.26778436828881347,0.026402986249167548,0.0,0.0
2025-05-22,1568407877.5439208,31084007.583920833,1857396.96,1535466473.0,0.9789969146319859,Bear,1.0,0.0,0.0,0.0,0.688618623040393,0.0,0.0,0.26444218110501394,0.025936110486579005,0.0,0.0,0.7058126454620189,0.0,0.0,0.26778436828881347,0.026402986249167548,0.0,0.0
2025-05-23,1571600724.9394808,6608327.479480713,1857396.96,1563135000.5,0.9946133109350616,Bear,1.0,0.0,0.0,0.0,0.7010527756930293,0.0,0.0,0.26743879239186863,0.02612174285016372,0.0,0.0,0.7058126454620189,0.0,0.0,0.26778436828881347,0.026402986249167548,0.0,0.0
2025-05-26,1577270150.7894807,6608327.479480713,1857396.96,1568804426.35,0.9946326731440119,Bear,1.0,0.0,0.0,0.0,0.7013496551597694,0.0,0.0,0.2672839524598779,0.025999065524364512,0.0,0.0,0.7058126454620189,0.0,0.0,0.26778436828881347,0.026402986249167548,0.0,0.0
2025-05-27,1560232402.6894808,6608327.479480713,1857396.96,1551766678.25,0.9945740618994402,Bear,1.0,0.0,0.0,0.0,0.7018360382481644,0.0,0.0,0.26668783399367185,0.026050189657603903,0.0,0.0,0.7058126454620189,0.0,0.0,0.26778436828881347,0.026402986249167548,0.0,0.0
2025-05-28,1555174676.2394807,6608327.479480713,1857396.96,1546708951.8,0.9945564157076223,Bear,1.0,0.0,0.0,0.0,0.7000612332709749,0.0,0.0,0.2683164832705541,0.026178699166093358,0.0,0.0,0.7058126454620189,0.0,0.0,0.26778436828881347,0.026402986249167548,0.0,0.0
2025-05-29,1536860328.0894809,6608327.479480713,1857396.96,1528394603.65,0.9944915459884343,Bear,1.0,0.0,0.0,0.0,0.701759511868411,0.0,0.0,0.26618228899730034,0.026549745122722894,0.0,0.0,0.7058126454620189,0.0,0.0,0.26778436828881347,0.026402986249167548,0.0,0.0
2025-06-02,1526366987.6394808,6608327.479480713,1857396.96,1517901263.2,0.9944536769282641,Bear,0.5,0.0,0.0,0.0,0.6998431385442849,0.0,0.0,0.2684508400130452,0.026159698370934025,0.0,0.0,0.35290632273100947,0.0,0.0,0.13389218414440673,0.013201493124583774,0.0,0.0
2025-06-03,1524822650.854951,312030128.244951,1857396.96,1210935125.6499999,0.7941481751802691,Bear,0.5,0.0,0.0,0.0,0.5604093205008973,0.0,0.0,0.21259455964812832,0.021144295031243578,0.0,0.0,0.35290632273100947,0.0,0.0,0.13389218414440673,0.013201493124583774,0.0,0.0
2025-06-04,1530396121.1913395,616479901.4313394,1857396.96,912058822.8,0.5959625813021574,Bear,1.0,0.0,0.0,0.0,0.4220463015138849,0.0,0.0,0.15780489551424162,0.016111384274030877,0.0,0.0,0.7058126454620189,0.0,0.0,0.26778436828881347,0.026402986249167548,0.0,0.0
2025-06-05,1535714638.1866763,525295274.5766763,1857396.96,1008561966.65,0.6567378740629043,Bear,1.0,0.0,0.0,0.0,0.42200432328705967,0.0,0.0,0.2135607695888442,0.02117278118700041,0.0,0.0,0.7058126454620189,0.0,0.0,0.26778436828881347,0.026402986249167548,0.0,0.0
2025-06-06,1546248922.775557,218511314.0155571,1857396.96,1325880211.8,0.8574817367827235,Bear,1.0,0.0,0.0,0.0,0.5892130292738414,0.0,0.0,0.24426364632289108,0.024005061185991054,0.0,0.0,0.7058126454620189,0.0,0.0,0.26778436828881347,0.026402986249167548,0.0,0.0
2025-06-09,1552260548.9914982,52635185.28149812,1857396.96,1497767966.75,0.9648946935635889,Bear,1.0,0.0,0.0,0.0,0.6761599832140993,0.0,0.0,0.26281747627036706,0.02591723407912259,0.0,0.0,0.7058126454620189,0.0,0.0,0.26778436828881347,0.026402986249167548,0.0,0.0
2025-06-10,1562971665.6855717,11871407.725571617,1857396.96,1549242861.0,0.9912162165271564,Bull,1.0,0.0,0.0,0.0,0.6974227907848007,0.0,0.0,0.26699812233445297,0.02679530340790273,0.0,0.0,0.7293594840965143,0.0,0.0,0.20843384001341034,0.062206675890075405,0.0,0.0
2025-06-18,1564912311.7439892,33178702.383989144,1857396.96,1529876212.4,0.9776114616256397,Bull,1.0,0.0,0.0,0.0,0.7336201292458199,0.0,0.0,0.23055547412615965,0.013435858253660237,0.0,0.0,0.7444600109463541,0.0,0.0,0.1702768095652003,0.0852631794884456,0.0,0.0
2025-06-19,1558814328.6578832,6061528.047883053,1857396.96,1550895403.65,0.9949199049160004,Bear,1.0,0.0,0.0,0.0,0.7428157301113248,0.0,0.0,0.18520756108815742,0.06689661371651816,0.0,0.0,0.7197253136446533,0.0,0.0,0.19764933333140605,0.08262535302394064,0.0,0.0
2025-06-20,1552821382.8705614,156773.8105614297,1857396.96,1550807212.1,0.9987028960363503,Bear,1.0,0.0,0.0,0.0,0.7247299042338136,0.0,0.0,0.19510614893770706,0.07886684286482962,0.0,0.0,0.7197253136446533,0.0,0.0,0.19764933333140605,0.08262535302394064,0.0,0.0
2025-06-23,1539377060.9705615,156773.8105614297,1857396.96,1537362890.2,0.998691567633669,Bear,1.0,0.0,0.0,0.0,0.723711791247294,0.0,0.0,0.19608386252663046,0.07889591385974445,0.0,0.0,0.7197253136446533,0.0,0.0,0.19764933333140605,0.08262535302394064,0.0,0.0
2025-06-24,1544128235.2205615,156773.8105614297,1857396.96,1542114064.45,0.9986955935882659,Bear,0.5,0.0,0.0,0.0,0.729316438080119,0.0,0.0,0.1892925686694987,0.08008658683864814,0.0,0.0,0.35986265682232665,0.0,0.0,0.09882466666570303,0.04131267651197032,0.0,0.0
2025-06-25,1561461147.6825325,276477636.3225324,1857396.96,1283126114.4,0.8217470644750734,Bull,0.5,0.0,0.0,0.0,0.6020087632632651,0.0,0.0,0.154972155637137,0.06476614557467116,0.0,0.0,0.36874041880553354,0.0,0.0,0.07786849999927728,0.05339108119518921,0.0,0.0
2025-06-26,1559940657.1955037,587457158.3355036,1857396.96,970626101.9,0.6222198885725649,Bull,0.5,0.0,0.0,0.0,0.45801152665928435,0.0,0.0,0.10638000826155934,0.05782835365172122,0.0,0.0,0.37550013297531804,0.0,0.0,0.06215137499945796,0.062348492025224043,0.0,0.0
2025-06-27,1566013363.026133,729410197.366133,1857396.96,834745768.6999999,0.5330387264939769,Bull,0.5,0.0,0.0,0.0,0.398481503053168,0.0,0.0,0.07353225886749881,0.061024964573310116,0.0,0.0,0.37550013297531804,0.0,0.0,0.06215137499945796,0.062348492025224043,0.0,0.0
2025-06-30,1566618964.664843,767529421.654843,1857396.96,797232146.05,0.5088870772227355,Bull,0.5,0.0,0.0,0.0,0.3820594538621903,0.0,0.0,0.06475001406720582,0.06207760929333939,0.0,0.0,0.37550013297531804,0.0,0.0,0.06215137499945796,0.062348492025224043,0.0,0.0
2025-07-01,1570348484.914843,767529421.654843,1857396.96,800961666.3000001,0.5100534524624543,Bull,0.5,0.0,0.0,0.0,0.3832851319830703,0.0,0.0,0.06447957314741568,0.06228874733196837,0.0,0.0,0.37550013297531804,0.0,0.0,0.06215137499945796,0.062348492025224043,0.0,0.0
2025-07-02,1570502294.464843,767529421.654843,1857396.96,801115475.85,0.5101014361287415,Bull,0.5,0.0,0.0,0.0,0.3835568581931064,0.0,0.0,0.06424912612711806,0.062295451808517,0.0,0.0,0.37550013297531804,0.0,0.0,0.06215137499945796,0.062348492025224043,0.0,0.0
2025-07-03,1575280452.714843,767529421.654843,3422396.96,804328634.1,0.5105939280296519,Bull,0.5,0.0,0.0,0.0,0.38367619750399323,0.0,0.0,0.06395591326380629,0.06296181726185236,0.0,0.0,0.37550013297531804,0.0,0.0,0.06215137499945796,0.062348492025224043,0.0,0.0
2025-07-04,1578858725.114843,767529421.654843,3422396.96,807906906.5,0.511703101517987,Bull,0.5,0.0,0.0,0.0,0.38559247690493487,0.0,0.0,0.06387740612616505,0.06223321848688707,0.0,0.0,0.37550013297531804,0.0,0.0,0.06215137499945796,0.062348492025224043,0.0,0.0
2025-07-07,1578335638.864843,767529421.654843,3422396.96,807383820.25,0.5115412719380016,Bull,0.5,0.0,0.0,0.0,0.3870168265916652,0.0,0.0,0.06264009857314402,0.061884346773192336,0.0,0.0,0.37550013297531804,0.0,0.0,0.06215137499945796,0.062348492025224043,0.0,0.0
2025-07-08,1575362360.0648432,767529421.654843,3422396.96,804410541.45,0.5106193735750357,Bull,0.5,0.0,0.0,0.0,0.38643870571145433,0.0,0.0,0.062460359911068256,0.06172030795251313,0.0,0.0,0.37550013297531804,0.0,0.0,0.06215137499945796,0.062348492025224043,0.0,0.0
2025-07-09,1572412929.914843,767529421.654843,5759356.96,799124151.3,0.5082151997715244,Bull,0.5,0.0,0.0,0.0,0.3859699254272019,0.0,0.0,0.059769732372456266,0.06247554197186627,0.0,0.0,0.37550013297531804,0.0,0.0,0.06215137499945796,0.062348492025224043,0.0,0.0
2025-07-10,1579935394.364843,767529421.654843,5759356.96,806646615.75,0.5105567092344834,Bull,0.5,0.0,0.0,0.0,0.3872972957834106,0.0,0.0,0.060368544397566025,0.06289086905350683,0.0,0.0,0.37550013297531804,0.0,0.0,0.06215137499945796,0.062348492025224043,0.0,0.0
2025-07-11,1583883564.114843,767529421.654843,5759356.96,810594785.5,0.5117767516913422,Bull,0.5,0.0,0.0,0.0,0.38838509309475777,0.0,0.0,0.06039092908540626,0.06300072951117815,0.0,0.0,0.37550013297531804,0.0,0.0,0.06215137499945796,0.062348492025224043,0.0,0.0
2025-07-14,1584808365.214843,767529421.654843,5759356.96,811519586.6,0.5120616501099722,Bull,0.5,0.0,0.0,0.0,0.3888047729458243,0.0,0.0,0.06066089888853371,0.06259597827561422,0.0,0.0,0.37550013297531804,0.0,0.0,0.06215137499945796,0.062348492025224043,0.0,0.0
2025-07-15,1583773470.3148432,767529421.654843,5759356.96,810484691.7,0.5117428135343631,Bull,0.5,0.0,0.0,0.0,0.38810707668806144,0.0,0.0,0.06014812205502014,0.06348761479128158,0.0,0.0,0.37550013297531804,0.0,0.0,0.06215137499945796,0.062348492025224043,0.0,0.0
2025-07-16,1585923312.364843,767529421.654843,5759356.96,812634533.75,0.5124046840185755,Bull,0.5,0.0,0.0,0.0,0.38829817870054245,0.0,0.0,0.06019774049329144,0.06390876482474163,0.0,0.0,0.37550013297531804,0.0,0.0,0.06215137499945796,0.062348492025224043,0.0,0.0
2025-07-17,1588990687.914843,767529421.654843,5759356.96,815701909.3,0.5133459343115514,Bull,0.5,0.0,0.0,0.0,0.3891731487183773,0.0,0.0,0.06000771478725624,0.06416507080591784,0.0,0.0,0.37550013297531804,0.0,0.0,0.06215137499945796,0.062348492025224043,0.0,0.0
2025-07-18,1587928759.464843,767529421.654843,5759356.96,814639980.85,0.513020484070423,Bull,0.5,0.0,0.0,0.0,0.38812738114127304,0.0,0.0,0.059735299480291396,0.06515780344885853,0.0,0.0,0.37550013297531804,0.0,0.0,0.06215137499945796,0.062348492025224043,0.0,0.0
2025-07-21,1585444711.864843,767529421.654843,6483316.96,811431973.25,0.511800863932727,Bull,0.5,0.0,0.0,0.0,0.3873681426125666,0.0,0.0,0.05987045734843128,0.06456226397172912,0.0,0.0,0.37550013297531804,0.0,0.0,0.06215137499945796,0.062348492025224043,0.0,0.0
2025-07-22,1583909514.4648428,767529421.654843,6483316.96,809896775.8499999,0.5113276790458833,Bull,0.5,0.0,0.0,0.0,0.3871860862311982,0.0,0.0,0.05996112728200173,0.0641804655326833,0.0,0.0,0.37550013297531804,0.0,0.0,0.06215137499945796,0.062348492025224043,0.0,0.0
2025-07-23,1585319826.614843,767529421.654843,6483316.96,811307088.0,0.5117624055282246,Bull,1.0,0.0,0.0,0.0,0.3872605878593835,0.0,0.0,0.06018817048654871,0.06431364718229242,0.0,0.0,0.7510002659506361,0.0,0.0,0.12430274999891593,0.12469698405044809,0.0,0.0
2025-07-24,1586663667.7560296,686525475.2960297,6483316.96,893654875.5,0.5632289272520301,Bull,1.0,0.0,0.0,0.0,0.38790015049026516,0.0,0.0,0.08584289334149114,0.08948588342027373,0.0,0.0,0.7510002659506361,0.0,0.0,0.12430274999891593,0.12469698405044809,0.0,0.0
2025-07-25,1585728607.9769053,633049290.3169053,6483316.96,946196000.7,0.5966947912399525,Bull,1.0,0.0,0.0,0.0,0.38828699791545124,0.0,0.0,0.10296320516554489,0.1054445881589564,0.0,0.0,0.7510002659506361,0.0,0.0,0.12430274999891593,0.12469698405044809,0.0,0.0
2025-07-28,1583025284.7499795,601016631.1399795,6483316.96,975525336.65,0.6162411592838664,Bull,1.0,0.0,0.0,0.0,0.3869017396944063,0.0,0.0,0.113825724538859,0.11551369505060104,0.0,0.0,0.7510002659506361,0.0,0.0,0.12430274999891593,0.12469698405044809,0.0,0.0
2025-07-29,1583108022.7236648,584861864.1636647,6483316.96,991762841.6,0.6264656785035537,Bull,1.0,0.0,0.0,0.0,0.38849638355180977,0.0,0.0,0.1191028011314123,0.11886649382033168,0.0,0.0,0.7510002659506361,0.0,0.0,0.12430274999891593,0.12469698405044809,0.0,0.0
2025-07-30,1587680543.836966,575634874.5769659,6483316.96,1005562352.3,0.6333530735785461,Bull,1.0,0.0,0.0,0.0,0.387955659399483,0.0,0.0,0.1224652533248943,0.12293216085416873,0.0,0.0,0.7510002659506361,0.0,0.0,0.12430274999891593,0.12469698405044809,0.0,0.0
2025-07-31,1584000854.0350637,573658019.5750638,5538316.96,1004804517.5,0.6343459442842936,Bull,1.0,945000.0,0.0,0.0,0.38633894416224446,0.0,0.0,0.1225166637414604,0.12549033638058874,0.0,0.0,0.7510002659506361,0.0,0.0,0.12430274999891593,0.12469698405044809,0.0,0.0
2025-08-01,1590545013.26069,573017105.6006899,5538316.96,1011989590.7,0.6362533485458391,Bull,1.0,0.0,0.0,0.0,0.3896127337066643,0.0,0.0,0.12317519992619629,0.12346541491297851,0.0,0.0,0.7510002659506361,0.0,0.0,0.12430274999891593,0.12469698405044809,0.0,0.0
2025-08-04,1596690323.7748551,571046988.864855,5538316.96,1020105017.95,0.6388872048390031,Bull,1.0,0.0,0.0,0.0,0.39140577771680857,0.0,0.0,0.12454512752971421,0.12293629959248033,0.0,0.0,0.7510002659506361,0.0,0.0,0.12430274999891593,0.12469698405044809,0.0,0.0
2025-08-05,1604726411.7050738,569507404.8950738,5538316.96,1029680689.85,0.6416549776581112,Bull,0.5,0.0,0.0,0.0,0.39274320236328875,0.0,0.0,0.12406413862688374,0.12484763666793866,0.0,0.0,0.37550013297531804,0.0,0.0,0.06215137499945796,0.062348492025224043,0.0,0.0
2025-08-06,1608781528.232947,740403121.3729471,4146356.96,864232049.9,0.5371966514615909,Bull,0.5,1391960.0,0.0,0.0,0.3821493093442452,0.0,0.0,0.07795048476081314,0.07709685735653257,0.0,0.0,0.37550013297531804,0.0,0.0,0.06215137499945796,0.062348492025224043,0.0,0.0
2025-08-07,1598749797.0866556,784936809.9766555,20068074.91,793744912.2,0.4964785069223545,Bull,0.5,7.0,418950.0,7.0,0.3614886539802169,0.0,0.0,0.06662030556256388,0.06836954737957374,0.0,0.0,0.37550013297531804,0.0,0.0,0.06215137499945796,0.062348492025224043,0.0,0.0
2025-08-08,1597287727.2366555,787225769.9766555,17779114.91,792282842.35,0.4960176108788287,Bull,0.5,2288960.0,0.0,0.0,0.36013770878036144,0.0,0.0,0.06744777297349015,0.06843212912497709,0.0,0.0,0.37550013297531804,0.0,0.0,0.06215137499945796,0.062348492025224043,0.0,0.0
2025-08-11,1597027289.5648189,800556292.0548187,17779114.91,778691882.6,0.4875883384636397,Bull,0.5,0.0,0.0,0.0,0.3597034229493575,0.0,0.0,0.06348645427820342,0.06439846123607881,0.0,0.0,0.37550013297531804,0.0,0.0,0.06215137499945796,0.062348492025224043,0.0,0.0
2025-08-12,1602839267.3038712,804422171.043871,17779114.91,780637981.35,0.48703447518047627,Bull,0.5,0.0,0.0,0.0,0.36170238225146323,0.0,0.0,0.06262461997755024,0.06270747295146283,0.0,0.0,0.37550013297531804,0.0,0.0,0.06215137499945796,0.062348492025224043,0.0,0.0
2025-08-13,1608626935.5538712,804422182.043871,20922301.56,783282451.95,0.48692610737635433,Bull,0.5,11.0,74201.0,11.0,0.3616800384793233,0.0,0.0,0.06223270155894232,0.06301336733808868,0.0,0.0,0.37550013297531804,0.0,0.0,0.06215137499945796,0.062348492025224043,0.0,0.0
2025-08-14,1619246840.003871,804422182.043871,20922301.56,793902356.4,0.49029112596452684,Bull,0.5,0.0,0.0,0.0,0.3662168989618546,0.0,0.0,0.061708812721697905,0.06236541428097435,0.0,0.0,0.37550013297531804,0.0,0.0,0.06215137499945796,0.062348492025224043,0.0,0.0
2025-08-15,1613719677.153871,804422182.043871,20922301.56,788375193.5500001,0.4885453184412196,Bull,0.5,0.0,0.0,0.0,0.3637140959854795,0.0,0.0,0.062252199946633724,0.0625790225091064,0.0,0.0,0.37550013297531804,0.0,0.0,0.06215137499945796,0.062348492025224043,0.0,0.0
2025-08-18,1616505740.6038709,804422182.043871,20922301.56,791161257.0,0.4894268155858509,Bull,0.5,0.0,0.0,0.0,0.3639628627487666,0.0,0.0,0.06281647967551725,0.062647473161567,0.0,0.0,0.37550013297531804,0.0,0.0,0.06215137499945796,0.062348492025224043,0.0,0.0
2025-08-19,1618225372.503871,804422182.043871,20922301.56,792880888.9,0.4899693839759661,Bull,0.5,0.0,0.0,0.0,0.36452394018966533,0.0,0.0,0.06298195648873142,0.06246348729756936,0.0,0.0,0.37550013297531804,0.0,0.0,0.06215137499945796,0.062348492025224043,0.0,0.0
2025-08-20,1612839887.053871,804422182.043871,20922301.56,787495403.4499999,0.4882663243705459,Bull,0.5,0.0,0.0,0.0,0.3644685428283717,0.0,0.0,0.06289278980152846,0.06090499174064573,0.0,0.0,0.37550013297531804,0.0,0.0,0.06215137499945796,0.062348492025224043,0.0,0.0
2025-08-21,1614166322.253871,804422182.043871,20922301.56,788821838.65,0.4886868396241615,Bull,0.5,0.0,0.0,0.0,0.36429717962949515,0.0,0.0,0.06318159324349974,0.06120806675116658,0.0,0.0,0.37550013297531804,0.0,0.0,0.06215137499945796,0.062348492025224043,0.0,0.0
2025-08-22,1605236201.1038709,804422182.043871,20922301.56,779891717.5,0.4858423433035542,Bull,0.5,0.0,0.0,0.0,0.36154935772124763,0.0,0.0,0.06304031763700048,0.061252667945306094,0.0,0.0,0.37550013297531804,0.0,0.0,0.06215137499945796,0.062348492025224043,0.0,0.0
2025-08-25,1601917054.403871,804422182.043871,20922301.56,776572570.8,0.4847770168031513,Bull,0.5,0.0,0.0,0.0,0.3596349568888189,0.0,0.0,0.06263570246921364,0.06250635744511869,0.0,0.0,0.37550013297531804,0.0,0.0,0.06215137499945796,0.062348492025224043,0.0,0.0
2025-08-26,1595085256.1070743,804986879.6470745,20922301.56,769176074.9,0.48221627775385006,Bull,0.5,0.0,0.0,0.0,0.35715415381016974,0.0,0.0,0.06232770293585255,0.06273442100782778,0.0,0.0,0.37550013297531804,0.0,0.0,0.06215137499945796,0.062348492025224043,0.0,0.0
2025-08-27,1595603342.5303345,821330009.0703344,5002174.01,769271159.45,0.482119295532483,Bull,0.5,15920127.549999999,0.0,0.0,0.3572580629882723,0.0,0.0,0.062115688378307436,0.06274554416590328,0.0,0.0,0.37550013297531804,0.0,0.0,0.06215137499945796,0.062348492025224043,0.0,0.0
2025-08-28,1595857218.3201106,821751414.7101104,5002174.01,769103629.6,0.4819376199642735,Bull,0.5,0.0,0.0,0.0,0.35822761775754774,0.0,0.0,0.061829466237503794,0.0618805359692219,0.0,0.0,0.37550013297531804,0.0,0.0,0.06215137499945796,0.062348492025224043,0.0,0.0
2025-08-29,1596866816.4731655,822768262.7631655,3266352.76,770832200.95,0.48271539805207886,Bull,0.5,1735821.25,0.0,0.0,0.35849389256791536,0.0,0.0,0.062051323866097206,0.06217018161806627,0.0,0.0,0.37550013297531804,0.0,0.0,0.06215137499945796,0.062348492025224043,0.0,0.0
2025-09-01,1599913131.280989,822559380.020989,3266352.76,774087398.5,0.4838308926686651,Bull,0.5,0.0,0.0,0.0,0.35998085598489243,0.0,0.0,0.06225919273519973,0.061590843948572886,0.0,0.0,0.37550013297531804,0.0,0.0,0.06215137499945796,0.062348492025224043,0.0,0.0
2025-09-02,1606454587.438545,803107450.028545,3266352.76,800080784.65,0.4980413333225376,Bull,0.5,0.0,0.0,0.0,0.3737790593927826,0.0,0.0,0.06237194675995351,0.06189032716980147,0.0,0.0,0.37550013297531804,0.0,0.0,0.06215137499945796,0.062348492025224043,0.0,0.0
2025-09-03,1609638191.838545,803107450.028545,3266352.76,803264389.0500001,0.49903412650298967,Bull,1.0,0.0,0.0,0.0,0.3754176510683918,0.0,0.0,0.061907949566094383,0.061708525868503464,0.0,0.0,0.7510002659506361,0.0,0.0,0.12430274999891593,0.12469698405044809,0.0,0.0
2025-09-04,1617861077.8370054,480748206.8770052,3266352.76,1133846518.2,0.7008305804079871,Bull,1.0,0.0,0.0,0.0,0.5272123978285932,0.0,0.0,0.08662721535236771,0.08699096722702607,0.0,0.0,0.7510002659506361,0.0,0.0,0.12430274999891593,0.12469698405044809,0.0,0.0
2025-09-05,1617078289.0664394,156358503.55643973,3264762.36,1457455023.1499999,0.9012890921882377,Bull,1.0,1590.4,0.0,0.0,0.6765571775634975,0.0,0.0,0.11132398549728083,0.11340792912745937,0.0,0.0,0.7510002659506361,0.0,0.0,0.12430274999891593,0.12469698405044809,0.0,0.0
2025-09-08,1620431817.5234635,36627486.5134636,3264762.36,1580539568.65,0.9753817171188163,Bull,1.0,0.0,0.0,0.0,0.7314793537327201,0.0,0.0,0.12113129221319911,0.12277107117289701,0.0,0.0,0.7510002659506361,0.0,0.0,0.12430274999891593,0.12469698405044809,0.0,0.0
2025-09-09,1635838101.085309,6811327.575309098,3264762.36,1625762011.15,0.993840411267702,Bull,1.0,0.0,0.0,0.0,0.7469511257497471,0.0,0.0,0.12260388107291113,0.12428540444504375,0.0,0.0,0.7510002659506361,0.0,0.0,0.12430274999891593,0.12469698405044809,0.0,0.0
2025-09-10,1648077164.385309,6811327.575309098,3264762.36,1638001074.45,0.9938861540266125,Bull,1.0,0.0,0.0,0.0,0.7465387550035564,0.0,0.0,0.12158180716904432,0.12576559185401187,0.0,0.0,0.7510002659506361,0.0,0.0,0.12430274999891593,0.12469698405044809,0.0,0.0
2025-09-11,1641870466.685309,6811327.575309098,3264762.36,1631794376.75,0.9938630420975589,Bull,1.0,0.0,0.0,0.0,0.7450353128158532,0.0,0.0,0.12143802087050723,0.12738970841119857,0.0,0.0,0.7510002659506361,0.0,0.0,0.12430274999891593,0.12469698405044809,0.0,0.0
2025-09-12,1651339595.885309,6811327.575309098,3264762.36,1641263505.95,0.9938982327073027,Bull,1.0,0.0,0.0,0.0,0.7441440930817156,0.0,0.0,0.12183859728267171,0.12791554234291538,0.0,0.0,0.7510002659506361,0.0,0.0,0.12430274999891593,0.12469698405044809,0.0,0.0
2025-09-15,1641528491.485309,6811327.575309098,3264762.36,1631452401.55,0.9938617636016833,Bull,1.0,0.0,0.0,0.0,0.7425119989523546,0.0,0.0,0.12266969537506937,0.12868006927425935,0.0,0.0,0.7510002659506361,0.0,0.0,0.12430274999891593,0.12469698405044809,0.0,0.0
2025-09-16,1643255219.8353093,8218692.975309098,1857396.96,1633179129.9,0.993868213644671,Bull,1.0,1407365.4,0.0,0.0,0.7415669916582582,0.0,0.0,0.12203478655013675,0.13026643543627608,0.0,0.0,0.7510002659506361,0.0,0.0,0.12430274999891593,0.12469698405044809,0.0,0.0
2025-09-17,1635178121.3353093,8218692.975309098,1857396.96,1625102031.4,0.9938379251753436,Bull,1.0,0.0,0.0,0.0,0.7413466555007922,0.0,0.0,0.12250408526529157,0.1299871844092599,0.0,0.0,0.7510002659506361,0.0,0.0,0.12430274999891593,0.12469698405044809,0.0,0.0
2025-09-18,1645801754.3853092,8218692.975309098,1857396.96,1635725664.45,0.9938777013036588,Bull,1.0,0.0,0.0,0.0,0.7417019462990653,0.0,0.0,0.12165250126056566,0.1305232537440279,0.0,0.0,0.7510002659506361,0.0,0.0,0.12430274999891593,0.12469698405044809,0.0,0.0
2025-09-19,1645044695.7353091,8218692.975309098,1857396.96,1634968605.8,0.9938748837880023,Bull,1.0,0.0,0.0,0.0,0.7423694377216474,0.0,0.0,0.12080747745955264,0.13069796860680225,0.0,0.0,0.7510002659506361,0.0,0.0,0.12430274999891593,0.12469698405044809,0.0,0.0
2025-09-22,1649854136.3853092,8218692.975309098,1857396.96,1639778046.45,0.9938927389318276,Bull,1.0,0.0,0.0,0.0,0.7415911621924486,0.0,0.0,0.12107009680118205,0.13123147993819698,0.0,0.0,0.7510002659506361,0.0,0.0,0.12430274999891593,0.12469698405044809,0.0,0.0
2025-09-23,1654421835.7853093,8218692.975309098,1857396.96,1644345745.8500001,0.9939096004916266,Bull,1.0,0.0,0.0,0.0,0.7397182020806033,0.0,0.0,0.12092828786017194,0.13326311055085127,0.0,0.0,0.7510002659506361,0.0,0.0,0.12430274999891593,0.12469698405044809,0.0,0.0
2025-09-24,1658539329.3853092,8218692.975309098,1857396.96,1648463239.45,0.9939247205316237,Bull,1.0,0.0,0.0,0.0,0.7396887838075447,0.0,0.0,0.12141737999944453,0.13281855672463452,0.0,0.0,0.7510002659506361,0.0,0.0,0.12430274999891593,0.12469698405044809,0.0,0.0
2025-09-25,1649378169.4853091,8218692.975309098,1857396.96,1639302079.55,0.993890976537871,Bull,1.0,0.0,0.0,0.0,0.7393009693650252,0.0,0.0,0.12149111932439992,0.1330988878484458,0.0,0.0,0.7510002659506361,0.0,0.0,0.12430274999891593,0.12469698405044809,0.0,0.0
2025-09-26,1642085959.7353091,8218692.975309098,1857396.96,1632009869.8,0.9938638474584283,Bull,1.0,0.0,0.0,0.0,0.7392708418234561,0.0,0.0,0.12308527382609102,0.131507731808881,0.0,0.0,0.7510002659506361,0.0,0.0,0.12430274999891593,0.12469698405044809,0.0,0.0
2025-09-30,1665286562.9353092,8218692.975309098,1857396.96,1655210473.0,0.993949335712198,Bull,1.0,0.0,0.0,0.0,0.7407442661554217,0.0,0.0,0.12228369851316133,0.13092137104361504,0.0,0.0,0.7510002659506361,0.0,0.0,0.12430274999891593,0.12469698405044809,0.0,0.0
2025-10-01,1667810365.3353093,8218692.975309098,1857396.96,1657734275.4,0.9939584918377196,Bull,1.0,0.0,0.0,0.0,0.7400846049735653,0.0,0.0,0.1224721372677966,0.13140174959635761,0.0,0.0,0.7510002659506361,0.0,0.0,0.12430274999891593,0.12469698405044809,0.0,0.0
2025-10-02,1658458274.1353092,8218692.975309098,1857396.96,1648382184.2,0.993924423609293,Bull,1.0,0.0,0.0,0.0,0.7365348307221506,0.0,0.0,0.12274502360099261,0.13464456928614976,0.0,0.0,0.7510002659506361,0.0,0.0,0.12430274999891593,0.12469698405044809,0.0,0.0
2025-10-03,1656793252.9353092,8218692.975309098,1857396.96,1646717163.0,0.9939183178604466,Bull,1.0,0.0,0.0,0.0,0.7341758308376539,0.0,0.0,0.12302742037298649,0.13671506664980618,0.0,0.0,0.7510002659506361,0.0,0.0,0.12430274999891593,0.12469698405044809,0.0,0.0
2025-10-07,1651454851.5101917,1196145.9501916058,1857396.96,1648401308.6000001,0.9981509982501797,Bull,1.0,0.0,0.0,0.0,0.7411930804409558,0.0,0.0,0.12529776385395966,0.13166015395526431,0.0,0.0,0.7510002659506361,0.0,0.0,0.12430274999891593,0.12469698405044809,0.0,0.0
2025-10-08,1656702962.4101915,1196145.9501916058,1857396.96,1653649419.5,0.9981568555260206,Bull,1.0,0.0,0.0,0.0,0.7425601616057279,0.0,0.0,0.12552352758364377,0.130073166336649,0.0,0.0,0.7510002659506361,0.0,0.0,0.12430274999891593,0.12469698405044809,0.0,0.0
2025-10-09,1651949645.5601916,1196145.9501916058,1857396.96,1648896102.65,0.9981515520655255,Bull,1.0,0.0,0.0,0.0,0.7411292504831923,0.0,0.0,0.12561490633670713,0.13140739524562609,0.0,0.0,0.7510002659506361,0.0,0.0,0.12430274999891593,0.12469698405044809,0.0,0.0
2025-10-13,1648224328.1601915,1196145.9501916058,1857396.96,1645170785.25,0.9981473742026366,Bull,1.0,0.0,0.0,0.0,0.7419030069862877,0.0,0.0,0.1258228000016781,0.13042156721467077,0.0,0.0,0.7510002659506361,0.0,0.0,0.12430274999891593,0.12469698405044809,0.0,0.0
2025-10-14,1657959188.6101916,1196145.9501916058,1857396.96,1654905645.7,0.9981582520660528,Bull,1.0,0.0,0.0,0.0,0.7438628490812412,0.0,0.0,0.12527726944479942,0.1290181335400122,0.0,0.0,0.7510002659506361,0.0,0.0,0.12430274999891593,0.12469698405044809,0.0,0.0
2025-10-15,1660202071.7101915,1196145.9501916058,1857396.96,1657148528.8,0.9981607402121562,Bull,1.0,0.0,0.0,0.0,0.742601186812163,0.0,0.0,0.12438082298456897,0.13117873041542422,0.0,0.0,0.7510002659506361,0.0,0.0,0.12430274999891593,0.12469698405044809,0.0,0.0
2025-10-16,1670432277.5101917,1196145.9501916058,1857396.96,1667378734.6000001,0.9981720043659938,Bull,1.0,0.0,0.0,0.0,0.7407736016957146,0.0,0.0,0.12449148810148708,0.1329069145687922,0.0,0.0,0.7510002659506361,0.0,0.0,0.12430274999891593,0.12469698405044809,0.0,0.0
2025-10-17,1661502250.3101914,1196145.9501916058,1857396.96,1658448707.3999999,0.9981621794917092,Bull,1.0,0.0,0.0,0.0,0.7406204277907332,0.0,0.0,0.12593542979609923,0.13160632190487664,0.0,0.0,0.7510002659506361,0.0,0.0,0.12430274999891593,0.12469698405044809,0.0,0.0
2025-10-20,1659541450.6101916,1196145.9501916058,1857396.96,1656487907.7,0.9981600080497726,Bull,1.0,0.0,0.0,0.0,0.7379395116944597,0.0,0.0,0.12622902544734638,0.13399147090796648,0.0,0.0,0.7510002659506361,0.0,0.0,0.12430274999891593,0.12469698405044809,0.0,0.0
2025-10-21,1662548762.9101915,1196145.9501916058,1857396.96,1659495220.0,0.9981633363313528,Bull,1.0,0.0,0.0,0.0,0.7381685562423974,0.0,0.0,0.12603371682958503,0.1339610632593703,0.0,0.0,0.7510002659506361,0.0,0.0,0.12430274999891593,0.12469698405044809,0.0,0.0
2025-10-22,1668704374.1601915,1196145.9501916058,1857396.96,1665650831.25,0.9981701115203654,Bull,1.0,0.0,0.0,0.0,0.7392210090363094,0.0,0.0,0.12653811140530374,0.13241099107875226,0.0,0.0,0.7510002659506361,0.0,0.0,0.12430274999891593,0.12469698405044809,0.0,0.0
2025-10-23,1665546897.5101914,1196145.9501916058,1857396.96,1662493354.6,0.9981666424915706,Bull,1.0,0.0,0.0,0.0,0.7389439807668153,0.0,0.0,0.12730118876685825,0.13192147295789702,0.0,0.0,0.7510002659506361,0.0,0.0,0.12430274999891593,0.12469698405044809,0.0,0.0
2025-10-27,1661684928.9601915,1196145.9501916058,1857396.96,1658631386.05,0.9981623815339636,Bull,1.0,0.0,0.0,0.0,0.7374892584581889,0.0,0.0,0.1253699762026251,0.13530314687314962,0.0,0.0,0.7510002659506361,0.0,0.0,0.12430274999891593,0.12469698405044809,0.0,0.0
2025-10-28,1648776534.1101916,1196145.9501916058,1857396.96,1645722991.2,0.9981479946814991,Bull,1.0,0.0,0.0,0.0,0.7361862363325451,0.0,0.0,0.12656111709681456,0.1354006412521395,0.0,0.0,0.7510002659506361,0.0,0.0,0.12430274999891593,0.12469698405044809,0.0,0.0
2025-10-29,1651865155.1601915,1196145.9501916058,1857396.96,1648811612.25,0.9981514575202142,Bull,1.0,0.0,0.0,0.0,0.7346002235468931,0.0,0.0,0.12616374850511913,0.13738748546820198,0.0,0.0,0.7510002659506361,0.0,0.0,0.12430274999891593,0.12469698405044809,0.0,0.0
2025-10-30,1651874640.2622676,18979342.752267357,1857396.96,1631037900.5500002,0.9873860042376102,Bull,1.0,0.0,0.0,0.0,0.7352807355630568,0.0,0.0,0.12423115834469024,0.12787411032986304,0.0,0.0,0.7510002659506361,0.0,0.0,0.12430274999891593,0.12469698405044809,0.0,0.0
2025-10-31,1645222555.654174,22910666.29417386,1857396.96,1620454492.4,0.9849454633544543,Bull,1.0,0.0,0.0,0.0,0.7336625906639463,0.0,0.0,0.1245946934629117,0.1266881792275963,0.0,0.0,0.7510002659506361,0.0,0.0,0.12430274999891593,0.12469698405044809,0.0,0.0
2025-11-03,1646424547.2033126,25491221.593312737,1857396.96,1619075928.6499999,0.983389084789966,Bull,1.0,0.0,0.0,0.0,0.7337672599100381,0.0,0.0,0.12564086240780253,0.12398096247212545,0.0,0.0,0.7510002659506361,0.0,0.0,0.12430274999891593,0.12469698405044809,0.0,0.0
2025-11-04,1647772062.982563,26083823.172562737,1857396.96,1619830842.8500001,0.9830430307927496,Bull,1.0,0.0,0.0,0.0,0.734598322209089,0.0,0.0,0.12444682405212618,0.12399788453153435,0.0,0.0,0.7510002659506361,0.0,0.0,0.12430274999891593,0.12469698405044809,0.0,0.0
2025-11-05,1649655996.9136143,5127506.853614114,1857396.96,1642671093.1000001,0.9957658421957776,Bull,1.0,0.0,0.0,0.0,0.7486311663829094,0.0,0.0,0.12433016361212934,0.12280451220073887,0.0,0.0,0.7510002659506361,0.0,0.0,0.12430274999891593,0.12469698405044809,0.0,0.0
2025-11-06,1647383102.8636143,5127506.853614114,1857396.96,1640398199.0500002,0.9957600003293269,Bull,1.0,0.0,0.0,0.0,0.7482438644097529,0.0,0.0,0.12425009073129113,0.12326604518828291,0.0,0.0,0.7510002659506361,0.0,0.0,0.12430274999891593,0.12469698405044809,0.0,0.0
2025-11-07,1644640431.2636142,5127506.853614114,1857396.96,1637655527.45,0.9957529295274302,Bull,1.0,0.0,0.0,0.0,0.7476720163721325,0.0,0.0,0.12607223807619355,0.12200867507910414,0.0,0.0,0.7510002659506361,0.0,0.0,0.12430274999891593,0.12469698405044809,0.0,0.0
2025-11-10,1646036310.8136141,5127506.853614114,1857396.96,1639051407.0,0.995756531148355,Bull,1.0,0.0,0.0,0.0,0.7470312768448011,0.0,0.0,0.12526090624215086,0.12346434806140313,0.0,0.0,0.7510002659506361,0.0,0.0,0.12430274999891593,0.12469698405044809,0.0,0.0
2025-11-11,1645605884.2636142,5127506.853614114,1857396.96,1638620980.45,0.9957554212218075,Bull,1.0,0.0,0.0,0.0,0.7485331647323377,0.0,0.0,0.12460286023573365,0.12261939625373616,0.0,0.0,0.7510002659506361,0.0,0.0,0.12430274999891593,0.12469698405044809,0.0,0.0
2025-11-12,1642688336.9636142,5127506.853614114,1857396.96,1635703433.15,0.9957478825067175,Bull,1.0,0.0,0.0,0.0,0.7468487512474344,0.0,0.0,0.12547608414934863,0.12342304710993443,0.0,0.0,0.7510002659506361,0.0,0.0,0.12430274999891593,0.12469698405044809,0.0,0.0
2025-11-13,1635634504.9636142,5127506.853614114,1857396.96,1628649601.15,0.9957295448387661,Bull,1.0,0.0,0.0,0.0,0.7486111337430111,0.0,0.0,0.12375148566855576,0.12336692542719915,0.0,0.0,0.7510002659506361,0.0,0.0,0.12430274999891593,0.12469698405044809,0.0,0.0
2025-11-14,1625414694.0636141,5127506.853614114,1857396.96,1618429790.25,0.9957026943098739,Bull,1.0,0.0,0.0,0.0,0.7494473223965604,0.0,0.0,0.12448115594067666,0.12177421597263685,0.0,0.0,0.7510002659506361,0.0,0.0,0.12430274999891593,0.12469698405044809,0.0,0.0
2025-11-17,1626840816.9136143,5127506.853614114,1857396.96,1619855913.1000001,0.9957064614183546,Bull,1.0,0.0,0.0,0.0,0.7492596696783798,0.0,0.0,0.12438494159735917,0.12206185014261564,0.0,0.0,0.7510002659506361,0.0,0.0,0.12430274999891593,0.12469698405044809,0.0,0.0
2025-11-18,1609406689.513614,5127506.853614114,1857396.96,1602421785.6999998,0.9956599510495852,Bull,1.0,0.0,0.0,0.0,0.7498615443587612,0.0,0.0,0.12530456180777177,0.12049384488305223,0.0,0.0,0.7510002659506361,0.0,0.0,0.12430274999891593,0.12469698405044809,0.0,0.0
2025-11-19,1603546349.913614,5127506.853614114,1857396.96,1596561446.1,0.9956440898549702,Bull,1.0,0.0,0.0,0.0,0.75013406763378,0.0,0.0,0.12537604542009698,0.12013397680109333,0.0,0.0,0.7510002659506361,0.0,0.0,0.12430274999891593,0.12469698405044809,0.0,0.0
2025-11-20,1629576139.8636143,5127506.853614114,1857396.96,1622591236.0500002,0.9957136683320617,Bull,1.0,0.0,0.0,0.0,0.7491010123357396,0.0,0.0,0.12475569261649529,0.12185696337982682,0.0,0.0,0.7510002659506361,0.0,0.0,0.12430274999891593,0.12469698405044809,0.0,0.0
2025-11-21,1622821716.113614,5127506.853614114,1857396.96,1615836812.3,0.9956958279863658,Bull,1.0,0.0,0.0,0.0,0.7532332111178268,0.0,0.0,0.12415091442237929,0.1183117024461596,0.0,0.0,0.7510002659506361,0.0,0.0,0.12430274999891593,0.12469698405044809,0.0,0.0
2025-11-24,1639469067.6636143,5127506.853614114,1857396.96,1632484163.8500001,0.9957395330284772,Bull,0.5,0.0,0.0,0.0,0.7552133115963388,0.0,0.0,0.12400288850201888,0.11652333293011953,0.0,0.0,0.37550013297531804,0.0,0.0,0.06215137499945796,0.062348492025224043,0.0,0.0
2025-11-25,1621062475.875008,331984198.9650079,1857396.96,1287220879.95,0.7940600063888291,Bull,0.5,0.0,0.0,0.0,0.5986471492569582,0.0,0.0,0.09835771438354725,0.09705514274832373,0.0,0.0,0.37550013297531804,0.0,0.0,0.06215137499945796,0.062348492025224043,0.0,0.0
2025-11-26,1624022452.2841978,647996335.4741977,1857396.96,974168719.85,0.5998492930192102,Bull,1.0,0.0,0.0,0.0,0.4513417710568263,0.0,0.0,0.07397434674072884,0.07453317522165502,0.0,0.0,0.7510002659506361,0.0,0.0,0.12430274999891593,0.12469698405044809,0.0,0.0
2025-11-27,1620178011.742566,324334529.18256605,1857396.96,1293986085.6000001,0.798669082175894,Bull,1.0,0.0,0.0,0.0,0.5988956636662318,0.0,0.0,0.09906325035690106,0.10071016815276111,0.0,0.0,0.7510002659506361,0.0,0.0,0.12430274999891593,0.12469698405044809,0.0,0.0
2025-11-28,1616016703.7461123,80054273.18611206,1857396.96,1534105033.6000001,0.9493126092346499,Bull,1.0,0.0,0.0,0.0,0.7119447657520959,0.0,0.0,0.1175305301979351,0.11983731328461888,0.0,0.0,0.7510002659506361,0.0,0.0,0.12430274999891593,0.12469698405044809,0.0,0.0
2025-12-01,1609848674.739178,19297333.029177826,1857396.96,1588693944.75,0.986859181039109,Bull,1.0,0.0,0.0,0.0,0.7419817548649567,0.0,0.0,0.12262991118217033,0.122247514991982,0.0,0.0,0.7510002659506361,0.0,0.0,0.12430274999891593,0.12469698405044809,0.0,0.0
2025-12-02,1620903218.139178,19297333.029177826,1857396.96,1599748488.15,0.9869488012902683,Bull,1.0,0.0,0.0,0.0,0.7436998549079896,0.0,0.0,0.12144031660692167,0.12180862977535709,0.0,0.0,0.7510002659506361,0.0,0.0,0.12430274999891593,0.12469698405044809,0.0,0.0
2025-12-03,1618115807.189178,19297333.029177826,1857396.96,1596961077.2,0.9869263189351535,Bull,1.0,0.0,0.0,0.0,0.7427669712267293,0.0,0.0,0.12095432176760022,0.12320502594082397,0.0,0.0,0.7510002659506361,0.0,0.0,0.12430274999891593,0.12469698405044809,0.0,0.0
2025-12-04,1627764205.489178,19297333.029177826,1857396.96,1606609475.5,0.9870038117819279,Bull,1.0,0.0,0.0,0.0,0.7449632885468079,0.0,0.0,0.11976237058328414,0.12227815265183585,0.0,0.0,0.7510002659506361,0.0,0.0,0.12430274999891593,0.12469698405044809,0.0,0.0
2025-12-05,1635676368.489178,19297333.029177826,1857396.96,1614521638.5,0.9870666774939606,Bull,1.0,0.0,0.0,0.0,0.7452036735273434,0.0,0.0,0.11910033289772316,0.12276267106889399,0.0,0.0,0.7510002659506361,0.0,0.0,0.12430274999891593,0.12469698405044809,0.0,0.0
2025-12-08,1637309466.139178,19297333.029177826,1857396.96,1616154736.15,0.9870795775467778,Bull,1.0,0.0,0.0,0.0,0.7442537048438566,0.0,0.0,0.11832894392093572,0.12449692878198554,0.0,0.0,0.7510002659506361,0.0,0.0,0.12430274999891593,0.12469698405044809,0.0,0.0
2025-12-09,1637772640.639178,19297333.029177826,1857396.96,1616617910.65,0.9870832315400495,Bull,1.0,0.0,0.0,0.0,0.7443149802369701,0.0,0.0,0.11850191851065248,0.12426633279242696,0.0,0.0,0.7510002659506361,0.0,0.0,0.12430274999891593,0.12469698405044809,0.0,0.0
2025-12-10,1638922243.189178,19297333.029177826,1857396.96,1617767513.2,0.9870922918539363,Bull,1.0,0.0,0.0,0.0,0.7436418159951225,0.0,0.0,0.11839268202402614,0.12505779383478768,0.0,0.0,0.7510002659506361,0.0,0.0,0.12430274999891593,0.12469698405044809,0.0,0.0
2025-12-11,1647611870.5891778,19297333.029177826,1857396.96,1626457140.6,0.9871603680655607,Bull,1.0,0.0,0.0,0.0,0.7452369471949257,0.0,0.0,0.11888473462500349,0.12303868624563158,0.0,0.0,0.7510002659506361,0.0,0.0,0.12430274999891593,0.12469698405044809,0.0,0.0
2025-12-12,1654360008.239178,19297333.029177826,1857396.96,1633205278.25,0.9872127409488736,Bull,1.0,0.0,0.0,0.0,0.7462121739535682,0.0,0.0,0.11827032751369093,0.12273023948161448,0.0,0.0,0.7510002659506361,0.0,0.0,0.12430274999891593,0.12469698405044809,0.0,0.0
2025-12-15,1660358664.5891778,19297333.029177826,1857396.96,1639203934.6,0.9872589396253054,Bull,1.0,0.0,0.0,0.0,0.7482039640557895,0.0,0.0,0.11802088559491186,0.12103408997460406,0.0,0.0,0.7510002659506361,0.0,0.0,0.12430274999891593,0.12469698405044809,0.0,0.0
2025-12-16,1662176494.239178,19297333.029177826,1857396.96,1641021764.25,0.9872728738118385,Bull,1.0,0.0,0.0,0.0,0.7491584489166876,0.0,0.0,0.11827155580730529,0.11984286908784562,0.0,0.0,0.7510002659506361,0.0,0.0,0.12430274999891593,0.12469698405044809,0.0,0.0
2025-12-17,1671206456.789178,19297333.029177826,1857396.96,1650051726.8,0.9873416417802612,Bull,1.0,0.0,0.0,0.0,0.7519555239239534,0.0,0.0,0.11686096544601662,0.11852515241029117,0.0,0.0,0.7510002659506361,0.0,0.0,0.12430274999891593,0.12469698405044809,0.0,0.0
2025-12-18,1673318357.189178,19297333.029177826,1857396.96,1652163627.2,0.9873576179342743,Bull,1.0,0.0,0.0,0.0,0.7521487000920472,0.0,0.0,0.11683335640230337,0.11837556143992387,0.0,0.0,0.7510002659506361,0.0,0.0,0.12430274999891593,0.12469698405044809,0.0,0.0
2025-12-19,1690404244.8891778,19297333.029177826,1857396.96,1669249514.8999999,0.9874854017592906,Bull,1.0,0.0,0.0,0.0,0.7525445577565966,0.0,0.0,0.11662594944141585,0.1183148945612781,0.0,0.0,0.7510002659506361,0.0,0.0,0.12430274999891593,0.12469698405044809,0.0,0.0
2025-12-22,1700444721.8391778,19297333.029177826,1857396.96,1679289991.85,0.9875592956845446,Bull,1.0,0.0,0.0,0.0,0.7522669072514437,0.0,0.0,0.11598242357839642,0.11930996485470445,0.0,0.0,0.7510002659506361,0.0,0.0,0.12430274999891593,0.12469698405044809,0.0,0.0
2025-12-23,1691374245.239178,19297333.029177826,1857396.96,1670219515.25,0.9874925788608148,Bull,1.0,0.0,0.0,0.0,0.7505227295633152,0.0,0.0,0.11645246494346799,0.12051738435403153,0.0,0.0,0.7510002659506361,0.0,0.0,0.12430274999891593,0.12469698405044809,0.0,0.0
2025-12-24,1681735044.839178,19297333.029177826,1857396.96,1660580314.8500001,0.9874208900777227,Bull,1.0,0.0,0.0,0.0,0.7484776027667139,0.0,0.0,0.1174497139761326,0.1214935733348762,0.0,0.0,0.7510002659506361,0.0,0.0,0.12430274999891593,0.12469698405044809,0.0,0.0
2025-12-26,1691921189.439178,19297333.029177826,1857396.96,1670766459.45,0.9874966221114648,Bull,1.0,0.0,0.0,0.0,0.7470569949354237,0.0,0.0,0.11863726351611825,0.12180236365992288,0.0,0.0,0.7510002659506361,0.0,0.0,0.12430274999891593,0.12469698405044809,0.0,0.0
2025-12-29,1693742832.789178,19297333.029177826,1857396.96,1672588102.8,0.9875100696636802,Bull,1.0,0.0,0.0,0.0,0.7457923826132756,0.0,0.0,0.11844041262725145,0.12327727442315298,0.0,0.0,0.7510002659506361,0.0,0.0,0.12430274999891593,0.12469698405044809,0.0,0.0
2025-12-30,1690145795.939178,19297333.029177826,1857396.96,1668991065.95,0.9874834880872376,Bull,1.0,0.0,0.0,0.0,0.7455606900763173,0.0,0.0,0.11857249266986421,0.12335030534105618,0.0,0.0,0.7510002659506361,0.0,0.0,0.12430274999891593,0.12469698405044809,0.0,0.0
2025-12-31,1676826544.689178,19297333.029177826,1857396.96,1655671814.7,0.987384067805833,Bull,1.0,0.0,0.0,0.0,0.7438841057535952,0.0,0.0,0.1183111041677681,0.12518885788446976,0.0,0.0,0.7510002659506361,0.0,0.0,0.12430274999891593,0.12469698405044809,0.0,0.0
2026-01-02,1689606919.389178,19297333.029177826,1857396.96,1668452189.4,0.9874794961204197,Bull,1.0,0.0,0.0,0.0,0.7426402407570757,0.0,0.0,0.11804053221568349,0.12679872314766055,0.0,0.0,0.7510002659506361,0.0,0.0,0.12430274999891593,0.12469698405044809,0.0,0.0
2026-01-05,1706423067.8391778,19297333.029177826,1857396.96,1685268337.85,0.987602880910438,Bull,1.0,0.0,0.0,0.0,0.7402294083198864,0.0,0.0,0.11704236995161331,0.13033110263893838,0.0,0.0,0.7510002659506361,0.0,0.0,0.12430274999891593,0.12469698405044809,0.0,0.0
2026-01-06,1712775703.5391781,19297333.029177826,1857396.96,1691620973.5500002,0.9876488614676954,Bull,1.0,0.0,0.0,0.0,0.7396745942461467,0.0,0.0,0.11644507776930751,0.13152918945224107,0.0,0.0,0.7510002659506361,0.0,0.0,0.12430274999891593,0.12469698405044809,0.0,0.0
2026-01-07,1700875620.3391778,19297333.029177826,1857396.96,1679720890.35,0.9875624474028504,Bull,1.0,0.0,0.0,0.0,0.7386772879368199,0.0,0.0,0.11747049437992216,0.13141466508610844,0.0,0.0,0.7510002659506361,0.0,0.0,0.12430274999891593,0.12469698405044809,0.0,0.0
2026-01-08,1700222607.139178,19297333.029177826,1857396.96,1679067877.15,0.9875576704483578,Bull,1.0,0.0,0.0,0.0,0.7380348149007302,0.0,0.0,0.11758719073639187,0.13193566481123575,0.0,0.0,0.7510002659506361,0.0,0.0,0.12430274999891593,0.12469698405044809,0.0,0.0
2026-01-09,1705582328.6391778,19297333.029177826,1857396.96,1684427598.6499999,0.9875967699512597,Bull,1.0,0.0,0.0,0.0,0.7389450966319363,0.0,0.0,0.1175996588567098,0.13105201446261375,0.0,0.0,0.7510002659506361,0.0,0.0,0.12430274999891593,0.12469698405044809,0.0,0.0
2026-01-12,1699272697.239178,19297333.029177826,1857396.96,1678117967.25,0.9875507150655994,Bull,1.0,0.0,0.0,0.0,0.7373127746273975,0.0,0.0,0.11775773266121921,0.1324802077769826,0.0,0.0,0.7510002659506361,0.0,0.0,0.12430274999891593,0.12469698405044809,0.0,0.0
2026-01-13,1700335434.189178,19297333.029177826,1857396.96,1679180704.2,0.9875584960685915,Bull,1.0,0.0,0.0,0.0,0.7370622166664581,0.0,0.0,0.11744018032255094,0.13305609907958238,0.0,0.0,0.7510002659506361,0.0,0.0,0.12430274999891593,0.12469698405044809,0.0,0.0
2026-01-14,1703650358.939178,19297333.029177826,1857396.96,1682495628.95,0.987582704468568,Bull,1.0,0.0,0.0,0.0,0.7372615644750624,0.0,0.0,0.1174300225103538,0.13289111748315177,0.0,0.0,0.7510002659506361,0.0,0.0,0.12430274999891593,0.12469698405044809,0.0,0.0
2026-01-15,1718211454.839178,19297333.029177826,1857396.96,1697056724.8500001,0.9876879356556507,Bull,1.0,0.0,0.0,0.0,0.7385815181687169,0.0,0.0,0.11752773468670713,0.13157868280022655,0.0,0.0,0.7510002659506361,0.0,0.0,0.12430274999891593,0.12469698405044809,0.0,0.0
2026-01-16,1724324605.389178,19297333.029177826,1857396.96,1703169875.4,0.9877315849213882,Bull,1.0,0.0,0.0,0.0,0.7371193169937568,0.0,0.0,0.11699473484835428,0.13361753307927715,0.0,0.0,0.7510002659506361,0.0,0.0,0.12430274999891593,0.12469698405044809,0.0,0.0
2026-01-19,1725526381.8391778,19297333.029177826,1857396.96,1704371651.85,0.987740129497974,Bull,1.0,0.0,0.0,0.0,0.7358997029628428,0.0,0.0,0.11720325005082935,0.1346371764843017,0.0,0.0,0.7510002659506361,0.0,0.0,0.12430274999891593,0.12469698405044809,0.0,0.0
2026-01-20,1711838278.871566,3593231.761566079,1857396.96,1706387650.1499999,0.9968159207625856,Bull,1.0,0.0,0.0,0.0,0.7460712065580704,0.0,0.0,0.12253762670751563,0.12820708749699955,0.0,0.0,0.7510002659506361,0.0,0.0,0.12430274999891593,0.12469698405044809,0.0,0.0
2026-01-21,1704706871.6215663,3593231.761566079,1857396.96,1699256242.9,0.9968026006040667,Bull,1.0,0.0,0.0,0.0,0.7465800215196945,0.0,0.0,0.12280914888367689,0.12741343020069523,0.0,0.0,0.7510002659506361,0.0,0.0,0.12430274999891593,0.12469698405044809,0.0,0.0
2026-01-22,1705228968.6715662,3593231.761566079,4880396.96,1696755339.95,0.9950307971086326,Bull,1.0,0.0,0.0,0.0,0.7452144921863297,0.0,0.0,0.12253052454461508,0.12728578037768776,0.0,0.0,0.7510002659506361,0.0,0.0,0.12430274999891593,0.12469698405044809,0.0,0.0
2026-01-23,1705765725.071566,3593231.761566079,4880396.96,1697292096.35,0.9950323607767352,Bull,1.0,0.0,0.0,0.0,0.7441083659344526,0.0,0.0,0.12288076663705147,0.1280432282052311,0.0,0.0,0.7510002659506361,0.0,0.0,0.12430274999891593,0.12469698405044809,0.0,0.0
2026-01-26,1705097379.5715663,3593231.761566079,4880396.96,1696623750.8500001,0.9950304136156168,Bull,1.0,0.0,0.0,0.0,0.7433813552446428,0.0,0.0,0.12355564117571713,0.12809341719525694,0.0,0.0,0.7510002659506361,0.0,0.0,0.12430274999891593,0.12469698405044809,0.0,0.0
2026-01-27,1702632665.0215662,3593231.761566079,4880396.96,1694159036.3,0.9950232196905144,Bull,1.0,0.0,0.0,0.0,0.7428766711015609,0.0,0.0,0.12244731602007605,0.1296992325688776,0.0,0.0,0.7510002659506361,0.0,0.0,0.12430274999891593,0.12469698405044809,0.0,0.0
2026-01-28,1708874359.6715662,3593231.761566079,4880396.96,1700400730.95,0.995041397471026,Bull,1.0,0.0,0.0,0.0,0.7418662605445459,0.0,0.0,0.121915282314869,0.13125985461161122,0.0,0.0,0.7510002659506361,0.0,0.0,0.12430274999891593,0.12469698405044809,0.0,0.0
2026-01-29,1712146569.1715662,3593231.761566079,4880396.96,1703672940.45,0.9950508742217868,Bull,1.0,0.0,0.0,0.0,0.7434084285586979,0.0,0.0,0.12142798037471467,0.13021446528837427,0.0,0.0,0.7510002659506361,0.0,0.0,0.12430274999891593,0.12469698405044809,0.0,0.0
2026-01-30,1690928575.7715662,3593231.761566079,4880396.96,1682454947.05,0.9949887719428364,Bull,1.0,0.0,0.0,0.0,0.7423418499372358,0.0,0.0,0.12285444990200704,0.12979247210359343,0.0,0.0,0.7510002659506361,0.0,0.0,0.12430274999891593,0.12469698405044809,0.0,0.0
2026-02-02,1680638321.4715662,3593231.761566079,4880396.96,1672164692.75,0.9949580890704987,Bull,1.0,0.0,0.0,0.0,0.7423922070618506,0.0,0.0,0.12395730677947925,0.12860857522916885,0.0,0.0,0.7510002659506361,0.0,0.0,0.12430274999891593,0.12469698405044809,0.0,0.0
2026-02-03,1696158630.1715662,3593231.761566079,4880396.96,1687685001.45,0.9950042239146529,Bull,1.0,0.0,0.0,0.0,0.7417515255178346,0.0,0.0,0.12323664560717222,0.130016052789646,0.0,0.0,0.7510002659506361,0.0,0.0,0.12430274999891593,0.12469698405044809,0.0,0.0
2026-02-04,1696149598.7215662,3593231.761566079,4880396.96,1687675970.0,0.9950041973137552,Bull,1.0,0.0,0.0,0.0,0.7425095468874027,0.0,0.0,0.12256701894496441,0.12992763148138814,0.0,0.0,0.7510002659506361,0.0,0.0,0.12430274999891593,0.12469698405044809,0.0,0.0
2026-02-05,1708419000.8715663,3593231.761566079,4880396.96,1699945372.15,0.9950400758143972,Bull,1.0,0.0,0.0,0.0,0.7454334513373507,0.0,0.0,0.12220462304240971,0.12740200143463676,0.0,0.0,0.7510002659506361,0.0,0.0,0.12430274999891593,0.12469698405044809,0.0,0.0
2026-02-06,1709826153.3715663,3593231.761566079,4880396.96,1701352524.65,0.9950441577321429,Bull,1.0,0.0,0.0,0.0,0.7449625344297779,0.0,0.0,0.12296127275011434,0.1271203505522508,0.0,0.0,0.7510002659506361,0.0,0.0,0.12430274999891593,0.12469698405044809,0.0,0.0
2026-02-09,1714327494.5215662,3593231.761566079,4880396.96,1705853865.8,0.9950571703780957,Bull,1.0,0.0,0.0,0.0,0.7423704163102016,0.0,0.0,0.12228526968734489,0.13040148438054916,0.0,0.0,0.7510002659506361,0.0,0.0,0.12430274999891593,0.12469698405044809,0.0,0.0
2026-02-10,1727038723.4215662,3593231.761566079,4880396.96,1718565094.7,0.995093550244908,Bull,1.0,0.0,0.0,0.0,0.7414663477626163,0.0,0.0,0.12147237763399665,0.13215482484829497,0.0,0.0,0.7510002659506361,0.0,0.0,0.12430274999891593,0.12469698405044809,0.0,0.0
2026-02-11,1741304762.071566,6616231.761566079,1857396.96,1732831133.35,0.9951337474598729,Bull,1.0,3023000.0,0.0,0.0,0.740202267532205,0.0,0.0,0.12090807111187758,0.13402340881579033,0.0,0.0,0.7510002659506361,0.0,0.0,0.12430274999891593,0.12469698405044809,0.0,0.0
2026-02-23,1778171030.4715662,6616231.761566079,1857396.96,1769697401.75,0.9952346379643138,Bull,1.0,0.0,0.0,0.0,0.742949682067225,0.0,0.0,0.12070020055555729,0.13158475534153152,0.0,0.0,0.7510002659506361,0.0,0.0,0.12430274999891593,0.12469698405044809,0.0,0.0
2026-02-24,1788959814.821566,6616231.761566079,1857396.96,1780486186.1,0.9952633767112251,Bull,1.0,0.0,0.0,0.0,0.7404388154085615,0.0,0.0,0.12065374426620573,0.13417081703645795,0.0,0.0,0.7510002659506361,0.0,0.0,0.12430274999891593,0.12469698405044809,0.0,0.0
2026-02-25,1788167053.2715662,6616231.761566079,1857396.96,1779693424.55,0.9952612767883945,Bull,1.0,0.0,0.0,0.0,0.7377333801875258,0.0,0.0,0.12042364811834894,0.13710424848251976,0.0,0.0,0.7510002659506361,0.0,0.0,0.12430274999891593,0.12469698405044809,0.0,0.0
2026-02-26,1791628333.8215663,6616231.761566079,1857396.96,1783154705.1000001,0.9952704316170912,Bull,1.0,0.0,0.0,0.0,0.7401620247160423,0.0,0.0,0.11818466810487946,0.13692373879616923,0.0,0.0,0.7510002659506361,0.0,0.0,0.12430274999891593,0.12469698405044809,0.0,0.0
2026-03-02,1775291790.1715662,6616231.761566079,1857396.96,1766818161.45,0.9952269093066964,Bull,1.0,0.0,0.0,0.0,0.7367779869717044,0.0,0.0,0.12162744242687724,0.13682147990811472,0.0,0.0,0.7510002659506361,0.0,0.0,0.12430274999891593,0.12469698405044809,0.0,0.0
2026-03-03,1772755920.121566,6616231.761566079,1857396.96,1764282291.3999999,0.9952200815547212,Bull,1.0,0.0,0.0,0.0,0.7390371266170461,0.0,0.0,0.12189416351529195,0.1342887914223832,0.0,0.0,0.7510002659506361,0.0,0.0,0.12430274999891593,0.12469698405044809,0.0,0.0
2026-03-04,1714316127.371566,6616231.761566079,1857396.96,1705842498.6499999,0.9950571376035772,Sideways,1.0,0.0,0.0,0.0,0.7374682991452614,0.0,0.0,0.1242769035409202,0.13331193491739565,0.0,0.0,0.7510002659506361,0.0,0.0,0.12430274999891593,0.12469698405044809,0.0,0.0
2026-03-05,1732883640.8715663,6616231.761566079,1857396.96,1724410012.15,0.9951100994194253,Sideways,1.0,0.0,0.0,0.0,0.7371267071963039,0.0,0.0,0.12295978505102188,0.13502360717209957,0.0,0.0,0.7510002659506361,0.0,0.0,0.12430274999891593,0.12469698405044809,0.0,0.0
2026-03-06,1737769424.9215662,6616231.761566079,1857396.96,1729295796.2,0.9951238475024103,Sideways,1.0,0.0,0.0,0.0,0.7381242458319198,0.0,0.0,0.1233123893923222,0.13368721227816835,0.0,0.0,0.7510002659506361,0.0,0.0,0.12430274999891593,0.12469698405044809,0.0,0.0
2026-03-09,1711211121.2215662,6616231.761566079,1857396.96,1702737492.5,0.9950481687405601,Sideways,0.5,0.0,0.0,0.0,0.7408499610468887,0.0,0.0,0.12417754733168687,0.1300206603619845,0.0,0.0,0.37550013297531804,0.0,0.0,0.06215137499945796,0.062348492025224043,0.0,0.0
2026-03-10,1714623458.69998,352736772.58997995,1857396.96,1360029289.15,0.7931941454837952,Sideways,0.5,0.0,0.0,0.0,0.590209636999417,0.0,0.0,0.09825154271931458,0.10473296576506363,0.0,0.0,0.37550013297531804,0.0,0.0,0.06215137499945796,0.062348492025224043,0.0,0.0
2026-03-11,1722993018.5344884,694512296.8244884,1857396.96,1026623324.75,0.5958371935965279,Crisis,1.0,0.0,0.0,0.0,0.44378724494216193,0.0,0.0,0.0735773149608165,0.07847263369354947,0.0,0.0,0.7132501994629771,0.0,0.0,0.1708271414457067,0.1159226590913163,0.0,0.0
2026-03-12,1712345423.8527079,352831600.2927078,1857396.96,1357656426.6000001,0.7928636405295657,Crisis,1.0,0.0,0.0,0.0,0.5745193772799326,0.0,0.0,0.12274778036728633,0.09559648288234665,0.0,0.0,0.6849376495972328,0.0,0.0,0.20722005201638655,0.10784229838638072,0.0,0.0
2026-03-13,1711360358.0606887,229322268.9506887,1857396.96,1480180692.15,0.8649146774834371,Crisis,1.0,0.0,0.0,0.0,0.5748837686440736,0.0,0.0,0.1860931851669701,0.10393772367239335,0.0,0.0,0.6637032371979247,0.0,0.0,0.23546561076702383,0.10083115203505166,0.0,0.0
2026-03-16,1714445245.0023916,169690954.54239145,1857396.96,1542896893.5,0.8999394398844436,Crisis,1.0,0.0,0.0,0.0,0.5736356389139906,0.0,0.0,0.2253241980903631,0.10097960288008993,0.0,0.0,0.6637032371979247,0.0,0.0,0.23546561076702383,0.10083115203505166,0.0,0.0
2026-03-17,1726005804.7830174,41005500.42301719,1857396.96,1683142907.4,0.975166423389633,Crisis,1.0,0.0,0.0,0.0,0.641372760353588,0.0,0.0,0.23218612526646765,0.10160753776957723,0.0,0.0,0.6637032371979247,0.0,0.0,0.23546561076702383,0.10083115203505166,0.0,0.0
2026-03-18,1727821237.1632092,8849029.353209196,1857396.96,1717114810.85,0.9938035104078317,Crisis,1.0,0.0,0.0,0.0,0.6556556815506898,0.0,0.0,0.23570956950885658,0.10243825934828531,0.0,0.0,0.6637032371979247,0.0,0.0,0.23546561076702383,0.10083115203505166,0.0,0.0
2026-03-19,1707578533.0632093,8849029.353209196,1857396.96,1696872106.75,0.9937300533440162,Crisis,1.0,0.0,0.0,0.0,0.6566546633369356,0.0,0.0,0.23582089620067503,0.10125449380640567,0.0,0.0,0.6637032371979247,0.0,0.0,0.23546561076702383,0.10083115203505166,0.0,0.0
2026-03-20,1709687166.8632092,8849029.353209196,1857396.96,1698980740.55,0.9937377863502055,Crisis,1.0,0.0,0.0,0.0,0.6572252879522855,0.0,0.0,0.23551595157537752,0.10099654682254242,0.0,0.0,0.6477774278984434,0.0,0.0,0.26147545990095633,0.09074711220060022,0.0,0.0
2026-03-23,1682970694.0453029,695786.8353029471,1857396.96,1680417510.25,0.9984829303300785,Crisis,1.0,0.0,0.0,0.0,0.6478376088827196,0.0,0.0,0.2579084125087659,0.09273690893859306,0.0,0.0,0.6477774278984434,0.0,0.0,0.26147545990095633,0.09074711220060022,0.0,0.0
2026-03-24,1701777300.3453028,695786.8353029471,1857396.96,1699224116.55,0.9984996957035537,Crisis,0.5,0.0,0.0,0.0,0.6506140470467793,0.0,0.0,0.25598831287243434,0.09189733578434005,0.0,0.0,0.3238887139492217,0.0,0.0,0.13073772995047817,0.04537355610030011,0.0,0.0
2026-03-25,1719032678.136484,345222631.37648386,1857396.96,1371952649.8,0.7980957356129287,Crisis,0.5,0.0,0.0,0.0,0.5195686278449486,0.0,0.0,0.20423462826814584,0.07429247949983431,0.0,0.0,0.3238887139492217,0.0,0.0,0.13073772995047817,0.04537355610030011,0.0,0.0
2026-03-26,1715948742.1269174,687903289.9669175,1857396.96,1026188055.1999999,0.5980295506543164,Crisis,0.5,0.0,0.0,0.0,0.3892282087471586,0.0,0.0,0.15406998677146141,0.0547313551356965,0.0,0.0,0.3238887139492217,0.0,0.0,0.13073772995047817,0.04537355610030011,0.0,0.0
2026-03-27,1711040841.1178188,812547449.9078187,1857396.96,896635994.25,0.5240295688466617,Crisis,0.5,0.0,0.0,0.0,0.3394170263467196,0.0,0.0,0.13722910310346698,0.04738343939647513,0.0,0.0,0.3238887139492217,0.0,0.0,0.13073772995047817,0.04537355610030011,0.0,0.0
2026-03-30,1701783704.9726312,842433339.3626312,1857396.96,857492968.65,0.5038789395763962,Crisis,0.5,0.0,0.0,0.0,0.3261934328246065,0.0,0.0,0.13221950553558667,0.04546600121620294,0.0,0.0,0.3238887139492217,0.0,0.0,0.13073772995047817,0.04537355610030011,0.0,0.0
2026-03-31,1701675668.6726313,842433339.3626312,1857396.96,857384932.35,0.5038474417506312,Crisis,0.5,0.0,0.0,0.0,0.3269974958177819,0.0,0.0,0.13233473578173507,0.044515210151114225,0.0,0.0,0.3238887139492217,0.0,0.0,0.13073772995047817,0.04537355610030011,0.0,0.0
2026-04-01,1713149674.8726313,842433339.3626312,1857396.96,868858938.5500001,0.5071704774508963,Crisis,0.5,0.0,0.0,0.0,0.32827037637082784,0.0,0.0,0.13278845586969107,0.0461116452103773,0.0,0.0,0.3238887139492217,0.0,0.0,0.13073772995047817,0.04537355610030011,0.0,0.0
2026-04-02,1710050880.0226312,842433339.3626312,1857396.96,865760143.6999999,0.5062774177155139,Crisis,0.5,0.0,0.0,0.0,0.3284814506177536,0.0,0.0,0.13251915638732395,0.04527681071043648,0.0,0.0,0.3238887139492217,0.0,0.0,0.13073772995047817,0.04537355610030011,0.0,0.0
2026-04-07,1715307098.2226312,842433339.3626312,1857396.96,871016361.9,0.5077903325897332,Crisis,0.5,0.0,0.0,0.0,0.3293084733837472,0.0,0.0,0.13251976875484076,0.04596209045114521,0.0,0.0,0.3238887139492217,0.0,0.0,0.13073772995047817,0.04537355610030011,0.0,0.0
2026-04-08,1722542442.7226312,842433339.3626312,1857396.96,878251706.4,0.5098578035684539,Crisis,1.0,0.0,0.0,0.0,0.32975512957590664,0.0,0.0,0.13196313447041286,0.04813953952213438,0.0,0.0,0.6477774278984434,0.0,0.0,0.26147545990095633,0.09074711220060022,0.0,0.0
2026-04-09,1733522832.2784147,497261517.26841474,1857396.96,1234403918.05,0.7120782576757817,Crisis,1.0,0.0,0.0,0.0,0.46131845116739845,0.0,0.0,0.18569648694901028,0.06506331955937308,0.0,0.0,0.6477774278984434,0.0,0.0,0.26147545990095633,0.09074711220060022,0.0,0.0
2026-04-10,1724688375.5647988,150460239.55479887,1857396.96,1572370739.05,0.9116839664064426,Sideways,1.0,0.0,0.0,0.0,0.5875257834437286,0.0,0.0,0.2391797879804875,0.08497839498222645,0.0,0.0,0.681524290194676,0.0,0.0,0.22477826617863358,0.09369744362669055,0.0,0.0
2026-04-13,1716560032.3827446,35851052.37274449,1857396.96,1678851583.05,0.978032548456577,Sideways,1.0,0.0,0.0,0.0,0.6575356304220019,0.0,0.0,0.22874807323513863,0.09174884479943643,0.0,0.0,0.7096866057392561,0.0,0.0,0.19192646863380872,0.09838692562693527,0.0,0.0
2026-04-14,1728006021.0265408,6677401.466540622,1857396.96,1719471222.6000001,0.9950608977499567,Sideways,1.0,0.0,0.0,0.0,0.6958274496553576,0.0,0.0,0.2001678210556926,0.09906562703890644,0.0,0.0,0.732264954304442,0.0,0.0,0.1651636624916108,0.10257138320394713,0.0,0.0
2026-04-15,1740916418.4022183,23515626.692218386,1857396.96,1715543394.75,0.9854254785674862,Sideways,1.0,0.0,0.0,0.0,0.7096969628696711,0.0,0.0,0.1735449196793071,0.10218359601850793,0.0,0.0,0.732264954304442,0.0,0.0,0.1651636624916108,0.10257138320394713,0.0,0.0
2026-04-16,1746365837.9132302,4177060.3032300174,1857396.96,1740331380.65,0.996544562924776,Sideways,1.0,0.0,0.0,0.0,0.7257823951506867,0.0,0.0,0.1675764571469707,0.10318571062711855,0.0,0.0,0.732264954304442,0.0,0.0,0.1651636624916108,0.10257138320394713,0.0,0.0
2026-04-17,1746507599.2132301,4177060.3032300174,1857396.96,1740473141.95,0.9965448433972183,Sideways,1.0,0.0,0.0,0.0,0.7242947253821589,0.0,0.0,0.17010455616330164,0.10214556185175779,0.0,0.0,0.732264954304442,0.0,0.0,0.1651636624916108,0.10257138320394713,0.0,0.0
2026-04-20,1748542750.61323,4177060.3032300174,1857396.96,1742508293.35,0.996548864898434,Sideways,1.0,0.0,0.0,0.0,0.723403870398014,0.0,0.0,0.17063334590782098,0.10251164859259905,0.0,0.0,0.732264954304442,0.0,0.0,0.1651636624916108,0.10257138320394713,0.0,0.0
2026-04-21,1740720367.8632302,4177060.3032300174,1857396.96,1734685910.6000001,0.9965333563192361,Sideways,1.0,0.0,0.0,0.0,0.7220170647757654,0.0,0.0,0.1697780444556851,0.10473824708778558,0.0,0.0,0.732264954304442,0.0,0.0,0.1651636624916108,0.10257138320394713,0.0,0.0
2026-04-22,1736335095.1632302,4177060.3032300174,1857396.96,1730300637.9,0.9965246009943358,Sideways,1.0,0.0,0.0,0.0,0.7214541947516399,0.0,0.0,0.1696402962887239,0.10543010995397212,0.0,0.0,0.732264954304442,0.0,0.0,0.1651636624916108,0.10257138320394713,0.0,0.0
2026-04-23,1725677294.61323,4177060.3032300174,1857396.96,1719642837.35,0.996503136894675,Sideways,1.0,0.0,0.0,0.0,0.7200891158671174,0.0,0.0,0.17033277364055463,0.10608124738700293,0.0,0.0,0.732264954304442,0.0,0.0,0.1651636624916108,0.10257138320394713,0.0,0.0
2026-04-24,1732711231.6632302,4177060.3032300174,1857396.96,1726676774.4,0.996517332401985,Sideways,1.0,0.0,0.0,0.0,0.7161500149155713,0.0,0.0,0.17031204889041543,0.1100552685959984,0.0,0.0,0.732264954304442,0.0,0.0,0.1651636624916108,0.10257138320394713,0.0,0.0
2026-04-27,1741557634.266107,20633113.40610727,1857396.96,1719067123.8999999,0.987085979858723,Sideways,1.0,0.0,0.0,0.0,0.7141176952344077,0.0,0.0,0.16552653459641534,0.10744175002790002,0.0,0.0,0.732264954304442,0.0,0.0,0.1651636624916108,0.10257138320394713,0.0,0.0
2026-04-28,1730021875.8121943,6253708.752194393,1857396.96,1721910770.1,0.9953115588735625,Sideways,1.0,0.0,0.0,0.0,0.7269225827041045,0.0,0.0,0.16500993657434526,0.10337903959511272,0.0,0.0,0.732264954304442,0.0,0.0,0.1651636624916108,0.10257138320394713,0.0,0.0
2026-04-29,1735605406.8121946,6253708.752194393,1857396.96,1727494301.1000001,0.9953266418274807,Sideways,1.0,0.0,0.0,0.0,0.7279971565776079,0.0,0.0,0.1656831091164699,0.10164637613340285,0.0,0.0,0.732264954304442,0.0,0.0,0.1651636624916108,0.10257138320394713,0.0,0.0
2026-04-30,1724582527.5621943,6253708.752194393,1857396.96,1716471421.85,0.9952967714895848,Sideways,1.0,0.0,0.0,0.0,0.7278978545749698,0.0,0.0,0.1653846629208146,0.10201425399380042,0.0,0.0,0.732264954304442,0.0,0.0,0.1651636624916108,0.10257138320394713,0.0,0.0
2026-05-04,1718439498.9121945,6253708.752194393,1857396.96,1710328393.2,0.9952799585220609,Sideways,1.0,0.0,0.0,0.0,0.723066709061655,0.0,0.0,0.1651961562683477,0.10701709319205813,0.0,0.0,0.732264954304442,0.0,0.0,0.1651636624916108,0.10257138320394713,0.0,0.0
2026-05-05,1726658520.9621944,6253708.752194393,1857396.96,1718547415.25,0.9953024262680067,Sideways,1.0,0.0,0.0,0.0,0.7232489227540452,0.0,0.0,0.16554581958725267,0.10650768392670885,0.0,0.0,0.732264954304442,0.0,0.0,0.1651636624916108,0.10257138320394713,0.0,0.0
2026-05-06,1739755928.8621945,6253708.752194393,1857396.96,1731644823.15,0.9953377910213537,Sideways,1.0,0.0,0.0,0.0,0.724692815948361,0.0,0.0,0.1636541053124656,0.10699086976052716,0.0,0.0,0.732264954304442,0.0,0.0,0.1651636624916108,0.10257138320394713,0.0,0.0
2026-05-07,1754114888.5621943,6253708.752194393,1857396.96,1746003782.85,0.9953759552666228,Bull,1.0,0.0,0.0,0.0,0.7248138027561817,0.0,0.0,0.16228600638201968,0.10827614612842153,0.0,0.0,0.7491987157283315,0.0,0.0,0.13192334168726913,0.1188779425843993,0.0,0.0
2026-05-08,1764883472.2726803,6833361.262680396,1857396.96,1756192714.05,0.9950757325572951,Bull,1.0,0.0,0.0,0.0,0.7410866125715071,0.0,0.0,0.13934019093244968,0.11464892905333837,0.0,0.0,0.7491987157283315,0.0,0.0,0.13192334168726913,0.1188779425843993,0.0,0.0
2026-05-11,1763655752.8226805,6833361.262680396,1857396.96,1754964994.6000001,0.9950723046667294,Bull,1.0,0.0,0.0,0.0,0.741229966510043,0.0,0.0,0.13923187651954919,0.11461046163713712,0.0,0.0,0.7618990367962486,0.0,0.0,0.1069036707402457,0.1311972924635056,0.0,0.0
2026-05-12,1746623322.6253135,5377170.015313399,1857396.96,1739388755.65,0.9958579695566876,Bull,1.0,0.0,0.0,0.0,0.7518003673947788,0.0,0.0,0.11585755061133479,0.12820005155057398,0.0,0.0,0.7618990367962486,0.0,0.0,0.1069036707402457,0.1311972924635056,0.0,0.0
2026-05-13,1753061618.8753135,5377170.015313399,1857396.96,1745827051.9,0.9958731815827702,Bull,1.0,0.0,0.0,0.0,0.7526834982255405,0.0,0.0,0.1172408874776799,0.1259487958795498,0.0,0.0,0.7618990367962486,0.0,0.0,0.1069036707402457,0.1311972924635056,0.0,0.0
2026-05-14,1752862155.2253134,5377170.015313399,1857396.96,1745627588.25,0.9958727119792352,Bull,1.0,0.0,0.0,0.0,0.7505282057281315,0.0,0.0,0.11865593616702007,0.12668857008408363,0.0,0.0,0.7618990367962486,0.0,0.0,0.1069036707402457,0.1311972924635056,0.0,0.0
2026-05-15,1748501933.9253135,5377170.015313399,1857396.96,1741267366.95,0.9958624198035216,Bull,1.0,0.0,0.0,0.0,0.7506697827913669,0.0,0.0,0.11904762354634676,0.126145013465808,0.0,0.0,0.7618990367962486,0.0,0.0,0.1069036707402457,0.1311972924635056,0.0,0.0
2026-05-18,1731354820.3753135,5377170.015313399,1857396.96,1724120253.4,0.9958214417459819,Bull,1.0,0.0,0.0,0.0,0.7499949970500656,0.0,0.0,0.11909979258630547,0.12672665210961076,0.0,0.0,0.7618990367962486,0.0,0.0,0.1069036707402457,0.1311972924635056,0.0,0.0
2026-05-19,1749050332.2753134,5377170.015313399,1857396.96,1741815765.3,0.9958637171030396,Sideways,1.0,0.0,0.0,0.0,0.7519652471001468,0.0,0.0,0.12083328655560552,0.12306518344728716,0.0,0.0,0.7618990367962486,0.0,0.0,0.1069036707402457,0.1311972924635056,0.0,0.0
2026-05-20,1715348495.4753134,5377170.015313399,1857396.96,1708113928.5,0.9957824506248167,Sideways,1.0,0.0,0.0,0.0,0.7498420477779298,0.0,0.0,0.1212660287683178,0.12467437407856914,0.0,0.0,0.7618990367962486,0.0,0.0,0.1069036707402457,0.1311972924635056,0.0,0.0
2026-05-21,1718665197.1253133,5377170.015313399,1857396.96,1711430630.1499999,0.9957905897044903,Sideways,1.0,0.0,0.0,0.0,0.7473598885335115,0.0,0.0,0.11949040473007627,0.1289402964409025,0.0,0.0,0.7618990367962486,0.0,0.0,0.1069036707402457,0.1311972924635056,0.0,0.0
2026-05-22,1714963747.7753134,5377170.015313399,1857396.96,1707729180.8,0.9957815044284766,Sideways,1.0,0.0,0.0,0.0,0.745551083781577,0.0,0.0,0.11905703561656308,0.13117338503033646,0.0,0.0,0.7618990367962486,0.0,0.0,0.1069036707402457,0.1311972924635056,0.0,0.0
2026-05-25,1711286707.775782,8455280.715782149,1857396.96,1700974030.1,0.9939737288737631,Sideways,1.0,0.0,0.0,0.0,0.7483712251610606,0.0,0.0,0.10941866091122214,0.13618384280148038,0.0,0.0,0.7618990367962486,0.0,0.0,0.1069036707402457,0.1311972924635056,0.0,0.0
2026-05-26,1708399780.9257822,8455280.715782149,1857396.96,1698087103.25,0.9939635454236632,Sideways,1.0,0.0,0.0,0.0,0.7493939167776201,0.0,0.0,0.10910297582629892,0.1354666528197442,0.0,0.0,0.7618990367962486,0.0,0.0,0.1069036707402457,0.1311972924635056,0.0,0.0
2026-05-27,1711519015.9757822,8455280.715782149,1857396.96,1701206338.3,0.9939745468326552,Sideways,1.0,0.0,0.0,0.0,0.7468499189132509,0.0,0.0,0.1085952877327715,0.1385293401866327,0.0,0.0,0.7618990367962486,0.0,0.0,0.1069036707402457,0.1311972924635056,0.0,0.0
2026-05-29,1725519661.3287637,528893.868763648,1857396.96,1723133370.5,0.9986170596126814,Sideways,1.0,0.0,0.0,0.0,0.7552930863137161,0.0,0.0,0.10765852407439233,0.13566544922457313,0.0,0.0,0.7618990367962486,0.0,0.0,0.1069036707402457,0.1311972924635056,0.0,0.0
2026-06-01,1760425922.3787637,528893.868763648,1857396.96,1758039631.55,0.9986444809756384,Sideways,1.0,0.0,0.0,0.0,0.7573799127817727,0.0,0.0,0.10816297214182455,0.13310159605204105,0.0,0.0,0.7618990367962486,0.0,0.0,0.1069036707402457,0.1311972924635056,0.0,0.0
2026-06-02,1782659281.4787638,528893.868763648,1857396.96,1780272990.65,0.9986613870336545,Bull,1.0,0.0,0.0,0.0,0.7583977514359945,0.0,0.0,0.1085729067864535,0.13169072881120644,0.0,0.0,0.7618990367962486,0.0,0.0,0.1069036707402457,0.1311972924635056,0.0,0.0
2026-06-03,1820268132.9287636,528893.868763648,1857396.96,1817881842.1,0.9986890443305602,Bull,1.0,0.0,0.0,0.0,0.760823208980607,0.0,0.0,0.1065777049493577,0.13128813040059548,0.0,0.0,0.7618990367962486,0.0,0.0,0.1069036707402457,0.1311972924635056,0.0,0.0
2026-06-04,1843213625.6787639,528893.868763648,1857396.96,1840827334.8500001,0.9987053639385478,Bull,1.0,0.0,0.0,0.0,0.764893832819198,0.0,0.0,0.10596519973536689,0.12784633138398296,0.0,0.0,0.7618990367962486,0.0,0.0,0.1069036707402457,0.1311972924635056,0.0,0.0
2026-06-05,1813688547.8787637,528893.868763648,1857396.96,1811302257.05,0.9986842885281739,Sideways,1.0,0.0,0.0,0.0,0.7637866538167052,0.0,0.0,0.10735801371615414,0.1275396209953146,0.0,0.0,0.7618990367962486,0.0,0.0,0.1069036707402457,0.1311972924635056,0.0,0.0
2026-06-08,1782693665.8787637,528893.868763648,1857396.96,1780307375.05,0.9986614128526746,Sideways,1.0,0.0,0.0,0.0,0.7648116730015481,0.0,0.0,0.10807942143274724,0.1257703184183793,0.0,0.0,0.7618990367962486,0.0,0.0,0.1069036707402457,0.1311972924635056,0.0,0.0
2026-06-09,1860716600.8287637,528893.868763648,1857396.96,1858330310.0,0.9987175420331603,Sideways,1.0,0.0,0.0,0.0,0.7684882315571887,0.0,0.0,0.10668900353314417,0.12354030694282744,0.0,0.0,0.7618990367962486,0.0,0.0,0.1069036707402457,0.1311972924635056,0.0,0.0
2026-06-10,1854252404.5287638,528893.868763648,1857396.96,1851866113.7,0.9987130711962754,Sideways,1.0,0.0,0.0,0.0,0.770412841429237,0.0,0.0,0.10822205192232076,0.12007817784471753,0.0,0.0,0.7618990367962486,0.0,0.0,0.1069036707402457,0.1311972924635056,0.0,0.0
2026-06-11,1860254707.1787636,528893.868763648,1857396.96,1857868416.35,0.9987172236040823,Sideways,1.0,0.0,0.0,0.0,0.7701620433057842,0.0,0.0,0.10934201602342922,0.11921316427486885,0.0,0.0,0.7618990367962486,0.0,0.0,0.1069036707402457,0.1311972924635056,0.0,0.0
2026-06-12,1876291707.2787638,528893.868763648,1857396.96,1873905416.45,0.9987281877228863,Sideways,1.0,0.0,0.0,0.0,0.7695189190725801,0.0,0.0,0.10852923306650099,0.1206800355838053,0.0,0.0,0.7618990367962486,0.0,0.0,0.1069036707402457,0.1311972924635056,0.0,0.0
2026-06-15,1900221661.1787639,528893.868763648,1857396.96,1897835370.3500001,0.9987442039644557,Sideways,1.0,0.0,0.0,0.0,0.7680594059982663,0.0,0.0,0.10766743910975392,0.12301735885643551,0.0,0.0,0.7618990367962486,0.0,0.0,0.1069036707402457,0.1311972924635056,0.0,0.0
2026-06-16,1927742531.5787637,528893.868763648,1857396.96,1925356240.75,0.9987621319809709,Sideways,1.0,0.0,0.0,0.0,0.769204038640787,0.0,0.0,0.1075480758471449,0.12201001749303887,0.0,0.0,0.7618990367962486,0.0,0.0,0.1069036707402457,0.1311972924635056,0.0,0.0
2026-06-17,1948404641.7787638,528893.868763648,1857396.96,1946018350.95,0.9987752591132275,Sideways,1.0,0.0,0.0,0.0,0.7732407420126999,0.0,0.0,0.10470437999662927,0.12083013710389837,0.0,0.0,0.7618990367962486,0.0,0.0,0.1069036707402457,0.1311972924635056,0.0,0.0
2026-06-18,1956346023.0287638,528893.868763648,1857396.96,1953959732.2,0.9987802306950437,Sideways,1.0,0.0,0.0,0.0,0.7734267938232486,0.0,0.0,0.10353792100970365,0.12181551586209151,0.0,0.0,0.7618990367962486,0.0,0.0,0.1069036707402457,0.1311972924635056,0.0,0.0
2026-06-22,1944941025.4787636,528893.868763648,1857396.96,1942554734.6499999,0.9987730780535228,Sideways,1.0,0.0,0.0,0.0,0.7678765397435989,0.0,0.0,0.10397024760697966,0.12692629070294423,0.0,0.0,0.7618990367962486,0.0,0.0,0.1069036707402457,0.1311972924635056,0.0,0.0
2026-06-23,1949410626.1787639,528893.868763648,1857396.96,1947024335.3500001,0.9987758911351369,Sideways,1.0,0.0,0.0,0.0,0.769980021239689,0.0,0.0,0.10335687991757336,0.1254389899778745,0.0,0.0,0.7618990367962486,0.0,0.0,0.1069036707402457,0.1311972924635056,0.0,0.0
2026-06-24,1925029364.2787635,528893.868763648,1857396.96,1922643073.4499998,0.9987603873099059,Sideways,1.0,0.0,0.0,0.0,0.7704791163046478,0.0,0.0,0.10465710484135006,0.12362416616390798,0.0,0.0,0.7618990367962486,0.0,0.0,0.1069036707402457,0.1311972924635056,0.0,0.0
2026-06-25,1973242213.7787635,528893.868763648,1857396.96,1970855922.9499998,0.9987906751578186,Sideways,1.0,0.0,0.0,0.0,0.7752478191820767,0.0,0.0,0.10288296012643558,0.1206598958493062,0.0,0.0,0.7618990367962486,0.0,0.0,0.1069036707402457,0.1311972924635056,0.0,0.0
2026-06-26,1943127888.8787637,528893.868763648,1857396.96,1940741598.05,0.9987719332101498,Sideways,1.0,0.0,0.0,0.0,0.7776075917071428,0.0,0.0,0.10332078559988504,0.11784355590312198,0.0,0.0,0.7618990367962486,0.0,0.0,0.1069036707402457,0.1311972924635056,0.0,0.0
2026-06-29,1956071358.8106394,749778.7006392763,1857396.96,1953464183.15,0.998667136733588,Sideways,1.0,0.0,0.0,0.0,0.7664117806323487,0.0,0.0,0.10361994161769307,0.12863541448354618,0.0,0.0,0.7618990367962486,0.0,0.0,0.1069036707402457,0.1311972924635056,0.0,0.0
2026-06-30,1960478044.7606392,749778.7006392763,1857396.96,1957870869.1,0.9986701326915611,Sideways,1.0,0.0,0.0,0.0,0.7636732648453574,0.0,0.0,0.10253417554826158,0.13246269229794225,0.0,0.0,0.7618990367962486,0.0,0.0,0.1069036707402457,0.1311972924635056,0.0,0.0
2026-07-01,1966190079.1106393,749778.7006392763,1857396.96,1963582903.45,0.9986739961266519,Crisis,1.0,0.0,0.0,0.0,0.7626461293753793,0.0,0.0,0.10205091671033152,0.133976950040941,0.0,0.0,0.7281447786926396,0.0,0.0,0.15796256240584317,0.11389265890151724,0.0,0.0
2026-07-02,1937775656.5608785,1172187.550878536,1857396.96,1934746072.05,0.9984365659148308,Sideways,1.0,0.0,0.0,0.0,0.7608674239755471,0.0,0.0,0.11747102882074448,0.12009811311853923,0.0,0.0,0.7281447786926396,0.0,0.0,0.15796256240584317,0.11389265890151724,0.0,0.0
2026-07-03,1943516836.8877125,7789125.47771229,1857396.96,1933870314.45,0.9950365634839778,Sideways,1.0,0.0,0.0,0.0,0.7381304021771553,0.0,0.0,0.14222953707087982,0.11467662423594263,0.0,0.0,0.7281447786926396,0.0,0.0,0.15796256240584317,0.11389265890151724,0.0,0.0
2026-07-06,1965778213.7493324,437219.43933242094,1857396.96,1963483597.35,0.998832718572582,Sideways,1.0,0.0,0.0,0.0,0.7341188529084084,0.0,0.0,0.15199120526935458,0.11272266039481904,0.0,0.0,0.7281447786926396,0.0,0.0,0.15796256240584317,0.11389265890151724,0.0,0.0
2026-07-07,1972826327.4493325,437219.43933242094,1857396.96,1970531711.05,0.998836888798874,Sideways,1.0,0.0,0.0,0.0,0.7378106682770752,0.0,0.0,0.15083334800419343,0.11019287251760543,0.0,0.0,0.7281447786926396,0.0,0.0,0.15796256240584317,0.11389265890151724,0.0,0.0
2026-07-08,1983893279.3510525,437219.43933242094,4912441.01172,1978543618.9,0.9973034535139903,Sideways,1.0,0.0,0.0,0.0,0.7438776491963003,0.0,0.0,0.14400240324088903,0.10942340107680089,0.0,0.0,0.7281447786926396,0.0,0.0,0.15796256240584317,0.11389265890151724,0.0,0.0
2026-07-09,1971217705.8449006,3993647.493180801,13184048.05172,1954040010.3,0.991285744089064,Sideways,1.0,0.0,0.0,0.0,0.7302160517491091,0.0,0.0,0.14787458490033228,0.11319510743962265,0.0,0.0,0.7281447786926396,0.0,0.0,0.15796256240584317,0.11389265890151724,0.0,0.0
2026-07-13,1977945726.2949007,3993647.493180801,13184048.05172,1960768030.75,0.9913153857982352,Sideways,1.0,0.0,0.0,0.0,0.7300553354691524,0.0,0.0,0.14823672667158153,0.11302332365750128,0.0,0.0,0.7281447786926396,0.0,0.0,0.15796256240584317,0.11389265890151724,0.0,0.0
2026-07-14,1972128014.1449006,3993647.493180801,13184048.05172,1954950318.6,0.9912897664747444,Sideways,1.0,0.0,0.0,0.0,0.7318249668623986,0.0,0.0,0.14781910601599563,0.11164569359635011,0.0,0.0,0.7281447786926396,0.0,0.0,0.15796256240584317,0.11389265890151724,0.0,0.0
2026-07-15,1960494787.9449008,3993647.493180801,13184048.05172,1943317092.4,0.9912380815034416,Sideways,1.0,0.0,0.0,0.0,0.7276988447877963,0.0,0.0,0.14918713469602965,0.11435210201961563,0.0,0.0,0.7281447786926396,0.0,0.0,0.15796256240584317,0.11389265890151724,0.0,0.0
2026-07-16,1992970790.6949008,3993647.493180801,13184048.05172,1975793095.15,0.9913808593557404,Sideways,1.0,0.0,0.0,0.0,0.7281014864467943,0.0,0.0,0.15068484766667803,0.1125945252422681,0.0,0.0,0.7281447786926396,0.0,0.0,0.15796256240584317,0.11389265890151724,0.0,0.0
2026-07-17,1996318613.2449007,3993647.493180801,13184048.05172,1979140917.7,0.9913953136383479,Crisis,0.5,0.0,0.0,0.0,0.7332083956883073,0.0,0.0,0.15238399220529686,0.10580292574474373,0.0,0.0,0.35639319873458414,0.0,0.0,0.09901701750583479,0.04458978375958108,0.0,0.0
2026-07-20,2000021179.817091,304520474.71537083,13184048.05172,1682316657.0500002,0.8411494208295605,Sideways,0.5,0.0,0.0,0.0,0.5925010039935547,0.0,0.0,0.16864446407054878,0.08000395276545694,0.0,0.0,0.35639319873458414,0.0,0.0,0.09901701750583479,0.04458978375958108,0.0,0.0
2026-07-21,2011846686.6751468,702511838.373427,14151848.05172,1295183000.25,0.643778180926136,Crisis,0.5,0.0,0.0,0.0,0.4568486785486397,0.0,0.0,0.12604638399116075,0.06088311838633561,0.0,0.0,0.3514624187957957,0.0,0.0,0.11403744680006242,0.034500134404141895,0.0,0.0
2026-07-22,2008887799.7303894,902270329.1786693,14151848.05172,1092465622.5,0.5438161467487724,Crisis,0.5,0.0,0.0,0.0,0.38436475775482776,0.0,0.0,0.11773330498186217,0.041718084012082525,0.0,0.0,0.3514624187957957,0.0,0.0,0.11403744680006242,0.034500134404141895,0.0,0.0
2026-07-23,2004869728.1447356,968048010.1930156,14151848.05172,1022669869.9,0.5100929280060292,Crisis,0.5,0.0,0.0,0.0,0.3589086910728462,0.0,0.0,0.1147520942484854,0.03643214268469765,0.0,0.0,0.3514624187957957,0.0,0.0,0.11403744680006242,0.034500134404141895,0.0,0.0
2026-07-24,2010580466.3947356,968048010.1930156,14151848.05172,1028380608.15,0.5114844321520922,Crisis,0.5,0.0,0.0,0.0,0.35952155122951646,0.0,0.0,0.11640344861186541,0.03555943231071033,0.0,0.0,0.3514624187957957,0.0,0.0,0.11403744680006242,0.034500134404141895,0.0,0.0
2026-07-27,2024246481.3947356,968048010.1930156,14151848.05172,1042046623.15,0.5147824796672066,Crisis,0.5,0.0,0.0,0.0,0.3626558227455537,0.0,0.0,0.1168941145136454,0.03523254240800751,0.0,0.0,0.3514624187957957,0.0,0.0,0.11403744680006242,0.034500134404141895,0.0,0.0
2026-07-28,2020718531.0947354,968048010.1930156,14151848.05172,1038518672.85,0.5139353437251732,Crisis,0.5,0.0,0.0,0.0,0.36339164091902615,0.0,0.0,0.11674560131449602,0.0337981014916511,0.0,0.0,0.346654549391992,0.0,0.0,0.12747034980490166,0.025875100803106423,0.0,0.0
2026-07-29,2020607598.568917,988894937.6171973,14151848.05172,1017560812.9,0.5035915007053726,Crisis,0.5,0.0,0.0,0.0,0.3520432732232637,0.0,0.0,0.12465235713177951,0.026895870350329386,0.0,0.0,0.346654549391992,0.0,0.0,0.12747034980490166,0.025875100803106423,0.0,0.0
2026-07-30,2037894489.1189172,988894937.6171973,14151848.05172,1034847703.45,0.5078023955486606,Crisis,0.5,0.0,0.0,0.0,0.35789350594168096,0.0,0.0,0.12329809091766857,0.026610798689311103,0.0,0.0,0.346654549391992,0.0,0.0,0.12747034980490166,0.025875100803106423,0.0,0.0
2026-07-31,2064927325.6189172,992538544.6571972,10508241.01172,1061880539.95,0.5142459624489324,Crisis,0.5,3643607.04,0.0,0.0,0.36462955892373816,0.0,0.0,0.12072773550288485,0.02888866802230936,0.0,0.0,0.346654549391992,0.0,0.0,0.12747034980490166,0.025875100803106423,0.0,0.0
2026-08-03,2044408407.7740881,1014142339.8623681,10508241.01172,1019757826.9,0.49880338146833014,Crisis,0.5,0.0,0.0,0.0,0.3461885718179888,0.0,0.0,0.12592249132857578,0.026692318321765635,0.0,0.0,0.346654549391992,0.0,0.0,0.12747034980490166,0.025875100803106423,0.0,0.0
2026-08-04,2026865842.474088,1014142339.8623681,10508241.01172,1002215261.6,0.4944655144894291,Crisis,0.5,0.0,0.0,0.0,0.34315073895123466,0.0,0.0,0.12474777299091638,0.026567002547278066,0.0,0.0,0.346654549391992,0.0,0.0,0.12747034980490166,0.025875100803106423,0.0,0.0
2026-08-05,2037713967.3740883,1017197383.9140881,7453196.96,1013063386.5,0.4971568152940964,Crisis,0.5,3055044.05172,0.0,0.0,0.34581663461240536,0.0,0.0,0.1240875824813838,0.02725259820030724,0.0,0.0,0.346654549391992,0.0,0.0,0.12747034980490166,0.025875100803106423,0.0,0.0
2026-08-06,2028627598.424088,1017197383.9140881,7453196.96,1003977017.55,0.4949045444959568,Crisis,0.5,0.0,0.0,0.0,0.3425559812406368,0.0,0.0,0.12510576125315245,0.027242802002167506,0.0,0.0,0.346654549391992,0.0,0.0,0.12747034980490166,0.025875100803106423,0.0,0.0
2026-08-07,2033464117.5240881,1021825383.9140881,2825196.96,1008813536.65,0.4961058953321067,Crisis,0.5,4628000.0,0.0,0.0,0.3433081413307655,0.0,0.0,0.12573814201910608,0.02705961198223513,0.0,0.0,0.346654549391992,0.0,0.0,0.12747034980490166,0.025875100803106423,0.0,0.0
2026-08-10,2024484628.6240883,1022793183.9140881,1857396.96,999834047.75,0.49387090107447384,Crisis,0.5,967800.0,0.0,0.0,0.3413507259967039,0.0,0.0,0.12497057099018256,0.02754960408758738,0.0,0.0,0.346654549391992,0.0,0.0,0.12747034980490166,0.025875100803106423,0.0,0.0
2026-08-11,2003687719.0240881,1022793192.9140881,19828639.26,961065886.85,0.47964853890410364,Crisis,1.0,9.0,80845.0,9.0,0.3261615473534493,0.0,0.0,0.12555798870820725,0.027929002842447048,0.0,0.0,0.693309098783984,0.0,0.0,0.2549406996098033,0.051750201606212846,0.0,0.0
2026-08-12,2006810871.049887,904687826.339887,19828639.26,1082294405.45,0.5393106151970289,Crisis,1.0,0.0,0.0,0.0,0.3271523564682141,0.0,0.0,0.1749390064925918,0.03721925223622293,0.0,0.0,0.693309098783984,0.0,0.0,0.2549406996098033,0.051750201606212846,0.0,0.0
2026-08-13,2000520879.7835896,822187158.0235896,26453111.810000002,1151880609.95,0.5757903461995393,Crisis,1.0,4.0,5.0,4.0,0.32295344501472556,0.0,0.0,0.2085679305907251,0.04426897059408861,0.0,0.0,0.693309098783984,0.0,0.0,0.2549406996098033,0.051750201606212846,0.0,0.0
2026-08-14,2005749119.842966,771607293.4829662,26453111.810000002,1207688714.55,0.6021135458080381,Crisis,1.0,0.0,0.0,0.0,0.3261221994708951,0.0,0.0,0.228460775810225,0.0475305705269181,0.0,0.0,0.693309098783984,0.0,0.0,0.2549406996098033,0.051750201606212846,0.0,0.0
2026-08-17,2013748185.0603619,740983140.850362,26453111.810000002,1246311932.3999999,0.6189015794756094,Crisis,1.0,0.0,0.0,0.0,0.32486320149328435,0.0,0.0,0.2446127592587922,0.04942561872353299,0.0,0.0,0.693309098783984,0.0,0.0,0.2549406996098033,0.051750201606212846,0.0,0.0
2026-08-18,2024311831.4481034,341857487.23810345,26453111.810000002,1656001232.4,0.8180563916456339,Crisis,1.0,0.0,0.0,0.0,0.5182934348852062,0.0,0.0,0.2501193206176152,0.04964363614281248,0.0,0.0,0.693309098783984,0.0,0.0,0.2549406996098033,0.051750201606212846,0.0,0.0
2026-08-19,2021234080.0136359,65813736.40363577,26453111.810000002,1928967231.8000002,0.9543512307030697,Crisis,1.0,0.0,0.0,0.0,0.6488258558311826,0.0,0.0,0.2551290348303058,0.05039634004158133,0.0,0.0,0.693309098783984,0.0,0.0,0.2549406996098033,0.051750201606212846,0.0,0.0
2026-08-20,2016427875.425713,12015365.315713145,26453111.810000002,1977959398.3,0.9809224631366537,Crisis,1.0,0.0,0.0,0.0,0.6715356967648141,0.0,0.0,0.257549256449531,0.051837509922308574,0.0,0.0,0.693309098783984,0.0,0.0,0.2549406996098033,0.051750201606212846,0.0,0.0
2026-08-21,2032534508.6907246,3184500.3307246454,26453111.810000002,2002896896.55,0.9854183965812142,Crisis,1.0,0.0,0.0,0.0,0.6795050665288135,0.0,0.0,0.25411696470172557,0.05179636535067526,0.0,0.0,0.693309098783984,0.0,0.0,0.2549406996098033,0.051750201606212846,0.0,0.0
2026-08-24,2026571335.4907246,3184500.3307246454,26453111.810000002,1996933723.35,0.9853754903063662,Crisis,1.0,0.0,0.0,0.0,0.6798617937702031,0.0,0.0,0.25398686490123595,0.051526831634927134,0.0,0.0,0.693309098783984,0.0,0.0,0.2549406996098033,0.051750201606212846,0.0,0.0
2026-08-25,2035696664.8407247,3184500.3307246454,26453111.810000002,2006059052.7,0.9854410469631322,Crisis,1.0,0.0,0.0,0.0,0.6797818538491699,0.0,0.0,0.2540668307478249,0.05159236236613739,0.0,0.0,0.693309098783984,0.0,0.0,0.2549406996098033,0.051750201606212846,0.0,0.0
2026-08-26,2024229881.9407246,3184500.3307246454,26453111.810000002,1994592269.8,0.9853585739420516,Sideways,1.0,0.0,0.0,0.0,0.6788534158395747,0.0,0.0,0.25387506853090147,0.05263008957157548,0.0,0.0,0.7199818240879879,0.0,0.0,0.22220079581018118,0.05781738010183084,0.0,0.0
2026-08-27,2022413183.355525,3905300.8955248957,26453111.810000002,1992054770.65,0.984989015619867,Sideways,1.0,0.0,0.0,0.0,0.6977764396831085,0.0,0.0,0.23058023149665305,0.056632344440105335,0.0,0.0,0.7199818240879879,0.0,0.0,0.22220079581018118,0.05781738010183084,0.0,0.0
2026-08-28,2054443637.2240815,18825265.264081523,11068206.06,2024550165.9,0.9854493592413794,Bull,1.0,15384905.750000002,0.0,0.0,0.7082717868405992,0.0,0.0,0.2201221254290729,0.05705544697170727,0.0,0.0,0.739986368065991,0.0,0.0,0.1825496531412985,0.0774639787927105,0.0,0.0
2026-08-31,2081025236.727198,7799578.367197905,11068206.06,2062157452.3,0.9909334187331283,Bull,1.0,0.0,0.0,0.0,0.7296182311983376,0.0,0.0,0.19034656236219732,0.07096862517259342,0.0,0.0,0.7549897760494932,0.0,0.0,0.15266401674117458,0.09234620720933219,0.0,0.0
2026-09-01,2096228444.1266239,1219485.1666239146,11068206.06,2083940752.9,0.9941381907773209,Bull,1.0,0.0,0.0,0.0,0.7452691796436817,0.0,0.0,0.16071125308117903,0.0881577580524602,0.0,0.0,0.7549897760494932,0.0,0.0,0.15266401674117458,0.09234620720933219,0.0,0.0
2026-09-02,2124379236.5766237,1219485.1666239146,11068206.06,2112091545.35,0.9942158673860769,Bull,1.0,0.0,0.0,0.0,0.7483274727876772,0.0,0.0,0.16022233419514179,0.08566606040325793,0.0,0.0,0.7549897760494932,0.0,0.0,0.15266401674117458,0.09234620720933219,0.0,0.0
2026-09-03,2154756084.976624,1219485.1666239146,11068206.06,2142468393.75,0.9942974096640004,Bull,1.0,0.0,0.0,0.0,0.750773883424281,0.0,0.0,0.15953963531966514,0.08398389092005427,0.0,0.0,0.7549897760494932,0.0,0.0,0.15266401674117458,0.09234620720933219,0.0,0.0
2026-09-04,2160957547.926624,7843224.666623915,4444466.5600000005,2148669856.7,0.9943137748178285,Bull,1.0,6623739.5,0.0,0.0,0.7500648304059311,0.0,0.0,0.15916555155375914,0.08508339285813822,0.0,0.0,0.7549897760494932,0.0,0.0,0.15266401674117458,0.09234620720933219,0.0,0.0
2026-09-07,2161668733.5266237,7843224.666623915,4444466.5600000005,2149381042.2999997,0.9943156455769347,Bull,1.0,0.0,0.0,0.0,0.7498958638567157,0.0,0.0,0.15778782137610037,0.08663196034411881,0.0,0.0,0.7549897760494932,0.0,0.0,0.15266401674117458,0.09234620720933219,0.0,0.0
2026-09-08,2186770246.676624,7843224.666623915,4444466.5600000005,2174482555.45,0.994380895183068,Bull,1.0,0.0,0.0,0.0,0.7510807127297089,0.0,0.0,0.1578574614889789,0.08544272096438037,0.0,0.0,0.7549897760494932,0.0,0.0,0.15266401674117458,0.09234620720933219,0.0,0.0
2026-09-09,2184851711.126624,7843224.666623915,4444466.5600000005,2172564019.9,0.994375961002732,Bull,1.0,0.0,0.0,0.0,0.7500586477125103,0.0,0.0,0.1587995643974815,0.08551774889274003,0.0,0.0,0.7549897760494932,0.0,0.0,0.15266401674117458,0.09234620720933219,0.0,0.0
2026-09-10,2187197405.926624,7843224.666623915,4444466.5600000005,2174909714.7,0.9943819925932025,Bull,1.0,0.0,0.0,0.0,0.7502391463402502,0.0,0.0,0.15910635183501795,0.08503649441793443,0.0,0.0,0.7549897760494932,0.0,0.0,0.15266401674117458,0.09234620720933219,0.0,0.0
2026-09-11,2222591790.326624,10430294.266623914,1857396.96,2210304099.1,0.9944714583757109,Bull,1.0,2587069.6,0.0,0.0,0.7540148876612743,0.0,0.0,0.15788594267615408,0.08257062803828248,0.0,0.0,0.7549897760494932,0.0,0.0,0.15266401674117458,0.09234620720933219,0.0,0.0
2026-09-14,2251255582.676624,10430294.266623914,1857396.96,2238967891.45,0.9945418497476797,Bull,1.0,0.0,0.0,0.0,0.7565497247651468,0.0,0.0,0.1570783445118925,0.0809137804706404,0.0,0.0,0.7549897760494932,0.0,0.0,0.15266401674117458,0.09234620720933219,0.0,0.0
2026-09-15,2234994765.076624,10430294.266623914,1857396.96,2222707073.85,0.9945021386991022,Bull,1.0,0.0,0.0,0.0,0.7536358027184253,0.0,0.0,0.15985943483306142,0.08100690114761541,0.0,0.0,0.7549897760494932,0.0,0.0,0.15266401674117458,0.09234620720933219,0.0,0.0
2026-09-16,2247300346.326624,10430294.266623914,1857396.96,2235012655.1,0.994532243433011,Bull,1.0,0.0,0.0,0.0,0.7550902387719249,0.0,0.0,0.1583858163782205,0.08105618828286565,0.0,0.0,0.7549897760494932,0.0,0.0,0.15266401674117458,0.09234620720933219,0.0,0.0
2026-09-17,2275664712.376624,10430294.266623914,1857396.96,2263377021.15,0.9946003947067443,Bull,1.0,0.0,0.0,0.0,0.7561425071942753,0.0,0.0,0.15755088965876732,0.0809069978537016,0.0,0.0,0.7549897760494932,0.0,0.0,0.15266401674117458,0.09234620720933219,0.0,0.0
2026-09-18,2252748529.626624,10430294.266623914,1857396.96,2240460838.4,0.9945454669862062,Bull,1.0,0.0,0.0,0.0,0.7518506464992445,0.0,0.0,0.15960325587676313,0.08309156461019837,0.0,0.0,0.7549897760494932,0.0,0.0,0.15266401674117458,0.09234620720933219,0.0,0.0
2026-09-21,2248788114.476624,10430294.266623914,1857396.96,2236500423.25,0.9945358608276512,Bull,1.0,0.0,0.0,0.0,0.7509793885774981,0.0,0.0,0.15918196013914454,0.08437451211100855,0.0,0.0,0.7549897760494932,0.0,0.0,0.15266401674117458,0.09234620720933219,0.0,0.0
2026-09-22,2243822307.826624,10430294.266623914,1857396.96,2231534616.6,0.9945237681327244,Bull,1.0,0.0,0.0,0.0,0.7507262097913674,0.0,0.0,0.15885660765413068,0.08494095068722649,0.0,0.0,0.7549897760494932,0.0,0.0,0.15266401674117458,0.09234620720933219,0.0,0.0
2026-09-23,2233279946.276624,10430294.266623914,1857396.96,2220992255.05,0.9944979171791202,Bull,1.0,0.0,0.0,0.0,0.7489054195101945,0.0,0.0,0.15979277501460062,0.08579972265432491,0.0,0.0,0.7549897760494932,0.0,0.0,0.15266401674117458,0.09234620720933219,0.0,0.0
2026-09-24,2216777323.439898,160893.67989766411,1857396.96,2214759032.8,0.999089538394968,Bull,1.0,0.0,0.0,0.0,0.7520962593630585,0.0,0.0,0.1605932613238643,0.08640001770804509,0.0,0.0,0.7549897760494932,0.0,0.0,0.15266401674117458,0.09234620720933219,0.0,0.0
