date,nav,cash,receivables,gross_equity,equity_weight,regime,e45_equity_scale,dividend_credit,stock_shares_added,cil_cash_credit,pre_financial,pre_fin_pub,pre_fin_priv,pre_telecom,pre_0050,pre_def,pre_off,tgt_financial,tgt_fin_pub,tgt_fin_priv,tgt_telecom,tgt_0050,tgt_def,tgt_off
2012-12-04,500000000.0,500000000.0,0.0,0.0,0.0,Bull,1.0,0.0,0.0,0.0,0.0,0.0,0.0,0.0,0.0,0.0,0.0,0.7428483932908891,0.0,0.0,0.12320831857376432,0.13394328813534645,0.0,0.0
2012-12-05,500979411.5587485,400126211.5587485,0.0,100853200.0,0.20131206527271275,Bull,1.0,0.0,0.0,0.0,0.14989977285961503,0.0,0.0,0.02458983286692488,0.02682245954617283,0.0,0.0,0.7428483932908891,0.0,0.0,0.12320831857376432,0.13394328813534645,0.0,0.0
2012-12-06,500786337.3103339,300004337.3103339,0.0,200782000.0,0.4009334621195481,Bull,1.0,0.0,0.0,0.0,0.2985464835222749,0.0,0.0,0.04887114159592902,0.05351583700134419,0.0,0.0,0.7428483932908891,0.0,0.0,0.12320831857376432,0.13394328813534645,0.0,0.0
2012-12-07,500848538.4236883,199938138.4236883,0.0,300910400.0,0.6008011942034411,Bull,1.0,0.0,0.0,0.0,0.4467166874523878,0.0,0.0,0.07337148295501936,0.080713023796034,0.0,0.0,0.7428483932908891,0.0,0.0,0.12320831857376432,0.13394328813534645,0.0,0.0
2012-12-10,498161153.03021866,99734153.03021868,0.0,398427000.0,0.7997954027054198,Bull,1.0,0.0,0.0,0.0,0.5924430241193399,0.0,0.0,0.09987932559041146,0.10747305299566846,0.0,0.0,0.7428483932908891,0.0,0.0,0.12320831857376432,0.13394328813534645,0.0,0.0
2012-12-11,499156347.4453442,24929097.44534418,0.0,474227250.0,0.9500575369362124,Bull,1.0,0.0,0.0,0.0,0.7055933512666885,0.0,0.0,0.11752870678745325,0.12693547888207063,0.0,0.0,0.7428483932908891,0.0,0.0,0.12320831857376432,0.13394328813534645,0.0,0.0
2012-12-12,503835417.73644805,6326967.736448055,0.0,497508450.0,0.9874423918729793,Bull,1.0,0.0,0.0,0.0,0.7354035404351368,0.0,0.0,0.1200733371857664,0.1319655142520762,0.0,0.0,0.7428483932908891,0.0,0.0,0.12320831857376432,0.13394328813534645,0.0,0.0
2012-12-13,505474367.73644805,6326967.736448055,0.0,499147400.0,0.9874831086593359,Bull,1.0,0.0,0.0,0.0,0.7354610317131495,0.0,0.0,0.11902561997242446,0.13299645697376186,0.0,0.0,0.7428483932908891,0.0,0.0,0.12320831857376432,0.13394328813534645,0.0,0.0
2012-12-14,504615767.73644805,6326967.736448055,0.0,498288800.0,0.9874618112612119,Bull,1.0,0.0,0.0,0.0,0.7371866354249298,0.0,0.0,0.11827018459552048,0.13200499124076157,0.0,0.0,0.7428483932908891,0.0,0.0,0.12320831857376432,0.13394328813534645,0.0,0.0
2012-12-17,501910617.73644805,6326967.736448055,0.0,495583650.0,0.9873942341268215,Bull,1.0,0.0,0.0,0.0,0.7373315824020387,0.0,0.0,0.11906024277688933,0.13100240894789347,0.0,0.0,0.7428483932908891,0.0,0.0,0.12320831857376432,0.13394328813534645,0.0,0.0
2012-12-18,502910317.73644805,6326967.736448055,0.0,496583350.0,0.9874192922409603,Bull,1.0,0.0,0.0,0.0,0.7371188995853315,0.0,0.0,0.11943620538618109,0.13086418726944773,0.0,0.0,0.7428483932908891,0.0,0.0,0.12320831857376432,0.13394328813534645,0.0,0.0
2012-12-19,504505167.73644805,6326967.736448055,0.0,498178200.0,0.9874590625803991,Bull,1.0,0.0,0.0,0.0,0.7378457621557223,0.0,0.0,0.11879739561222748,0.1308159048124494,0.0,0.0,0.7428483932908891,0.0,0.0,0.12320831857376432,0.13394328813534645,0.0,0.0
2012-12-20,498528167.73644805,6326967.736448055,0.0,492201200.0,0.9873087056140168,Bull,1.0,0.0,0.0,0.0,0.7377620238991964,0.0,0.0,0.11876480373983742,0.130781877974983,0.0,0.0,0.7428483932908891,0.0,0.0,0.12320831857376432,0.13394328813534645,0.0,0.0
2012-12-21,492878267.73644805,6326967.736448055,0.0,486551300.0,0.9871632243687579,Bull,1.0,0.0,0.0,0.0,0.73691684899813,0.0,0.0,0.11858871414321373,0.13165766122741412,0.0,0.0,0.7428483932908891,0.0,0.0,0.12320831857376432,0.13394328813534645,0.0,0.0
2012-12-22,493669267.73644805,6326967.736448055,0.0,487342300.0,0.9871837925713743,Bull,1.0,0.0,0.0,0.0,0.7367702909028909,0.0,0.0,0.11859336569287014,0.13182013597561323,0.0,0.0,0.7428483932908891,0.0,0.0,0.12320831857376432,0.13394328813534645,0.0,0.0
2012-12-24,493889667.73644805,6326967.736448055,0.0,487562700.0,0.9871895118489818,Bull,1.0,0.0,0.0,0.0,0.7374493207546836,0.0,0.0,0.11860098282367292,0.13113920827062533,0.0,0.0,0.7428483932908891,0.0,0.0,0.12320831857376432,0.13394328813534645,0.0,0.0
2012-12-25,499697767.73644805,6326967.736448055,0.0,493370800.0,0.9873384110457243,Bull,1.0,0.0,0.0,0.0,0.7369808787983875,0.0,0.0,0.11852904660410363,0.13182848564323316,0.0,0.0,0.7428483932908891,0.0,0.0,0.12320831857376432,0.13394328813534645,0.0,0.0
2012-12-26,497788217.73644805,6326967.736448055,0.0,491461250.0,0.9872898403155901,Bull,1.0,0.0,0.0,0.0,0.7362284540732831,0.0,0.0,0.11897408956223197,0.13208729668007502,0.0,0.0,0.7428483932908891,0.0,0.0,0.12320831857376432,0.13394328813534645,0.0,0.0
2012-12-27,498932467.73644805,6326967.736448055,0.0,492605500.0,0.9873189897519554,Bull,1.0,0.0,0.0,0.0,0.7367459000366575,0.0,0.0,0.1189118845465464,0.13166120516875154,0.0,0.0,0.7428483932908891,0.0,0.0,0.12320831857376432,0.13394328813534645,0.0,0.0
2012-12-28,502750917.73644805,6326967.736448055,0.0,496423950.0,0.98741530345696,Bull,1.0,0.0,0.0,0.0,0.7357592735293838,0.0,0.0,0.12013921381176458,0.13151681611581167,0.0,0.0,0.7428483932908891,0.0,0.0,0.12320831857376432,0.13394328813534645,0.0,0.0
2013-01-02,506665617.73644805,6326967.736448055,0.0,500338650.0,0.987512537825807,Bull,1.0,0.0,0.0,0.0,0.7373463620227909,0.0,0.0,0.11821011314636808,0.131956062656648,0.0,0.0,0.7428483932908891,0.0,0.0,0.12320831857376432,0.13394328813534645,0.0,0.0
2013-01-03,507852267.73644805,6326967.736448055,0.0,501525300.0,0.98754171608872,Bull,1.0,0.0,0.0,0.0,0.7385997342728405,0.0,0.0,0.1162052505210553,0.13273673129482416,0.0,0.0,0.7428483932908891,0.0,0.0,0.12320831857376432,0.13394328813534645,0.0,0.0
2013-01-04,504099767.73644805,6326967.736448055,0.0,497772800.0,0.9874489770847189,Bull,1.0,0.0,0.0,0.0,0.7365282108086855,0.0,0.0,0.11804925097904848,0.1328715152969849,0.0,0.0,0.7428483932908891,0.0,0.0,0.12320831857376432,0.13394328813534645,0.0,0.0
2013-01-07,502170567.73644805,6326967.736448055,0.0,495843600.0,0.9874007595368102,Bull,1.0,0.0,0.0,0.0,0.7353831023283142,0.0,0.0,0.11924753031608958,0.13277012689240647,0.0,0.0,0.7428483932908891,0.0,0.0,0.12320831857376432,0.13394328813534645,0.0,0.0
2013-01-08,502325617.73644805,6326967.736448055,0.0,495998650.0,0.9874046484729202,Bull,1.0,0.0,0.0,0.0,0.7356579815005256,0.0,0.0,0.11987383854986465,0.13187282842252998,0.0,0.0,0.7428483932908891,0.0,0.0,0.12320831857376432,0.13394328813534645,0.0,0.0
2013-01-09,501428817.73644805,6326967.736448055,0.0,495101850.0,0.9873821218233741,Bull,1.0,0.0,0.0,0.0,0.7359693678275311,0.0,0.0,0.11881387326109691,0.13259888073474607,0.0,0.0,0.7428483932908891,0.0,0.0,0.12320831857376432,0.13394328813534645,0.0,0.0
2013-01-10,508082967.73644805,6326967.736448055,0.0,501756000.0,0.9875473728933776,Bull,1.0,0.0,0.0,0.0,0.7377836373260288,0.0,0.0,0.11793388837053422,0.13182984719681454,0.0,0.0,0.7428483932908891,0.0,0.0,0.12320831857376432,0.13394328813534645,0.0,0.0
2013-01-11,508035017.73644805,6326967.736448055,0.0,501708050.0,0.9875461975738643,Bull,1.0,0.0,0.0,0.0,0.7384479157982361,0.0,0.0,0.1173769482774806,0.1317213334981476,0.0,0.0,0.7428483932908891,0.0,0.0,0.12320831857376432,0.13394328813534645,0.0,0.0
2013-01-14,508017667.73644805,6326967.736448055,0.0,501690700.0,0.9875457722471763,Bull,1.0,0.0,0.0,0.0,0.7382138925817,0.0,0.0,0.11748508721346956,0.13184679245200676,0.0,0.0,0.7428483932908891,0.0,0.0,0.12320831857376432,0.13394328813534645,0.0,0.0
2013-01-15,506041667.73644805,6326967.736448055,0.0,499714700.0,0.9874971407695557,Bull,1.0,0.0,0.0,0.0,0.7387929173348435,0.0,0.0,0.11755692029491602,0.13114730313979625,0.0,0.0,0.7428483932908891,0.0,0.0,0.12320831857376432,0.13394328813534645,0.0,0.0
2013-01-16,502732217.73644805,6326967.736448055,0.0,496405250.0,0.9874148353472646,Bull,1.0,0.0,0.0,0.0,0.7380198382163495,0.0,0.0,0.11811775315965559,0.13127724397125942,0.0,0.0,0.7428483932908891,0.0,0.0,0.12320831857376432,0.13394328813534645,0.0,0.0
2013-01-17,499969917.73644805,6326967.736448055,0.0,493642950.0,0.9873453031632531,Bull,1.0,0.0,0.0,0.0,0.7376238787918481,0.0,0.0,0.11870214165821909,0.13101928271318594,0.0,0.0,0.7428483932908891,0.0,0.0,0.12320831857376432,0.13394328813534645,0.0,0.0
2013-01-18,504248867.73644805,6326967.736448055,0.0,497921900.0,0.9874526882631397,Bull,1.0,0.0,0.0,0.0,0.7369372025922352,0.0,0.0,0.11902376750872339,0.13149171816218116,0.0,0.0,0.7428483932908891,0.0,0.0,0.12320831857376432,0.13394328813534645,0.0,0.0
2013-01-21,503948367.73644805,6326967.736448055,0.0,497621400.0,0.9874452064109931,Bull,1.0,0.0,0.0,0.0,0.7367373797987348,0.0,0.0,0.11925963818466243,0.13144818842759587,0.0,0.0,0.7428483932908891,0.0,0.0,0.12320831857376432,0.13394328813534645,0.0,0.0
2013-01-22,506036617.73644805,6326967.736448055,0.0,499709650.0,0.987497015997085,Bull,1.0,0.0,0.0,0.0,0.736822370024991,0.0,0.0,0.11940460014589165,0.1312700458262024,0.0,0.0,0.7428483932908891,0.0,0.0,0.12320831857376432,0.13394328813534645,0.0,0.0
2013-01-23,505803867.73644805,6326967.736448055,0.0,499476900.0,0.9874912626414617,Bull,1.0,0.0,0.0,0.0,0.7362899411319856,0.0,0.0,0.11999236042145929,0.13120896108801677,0.0,0.0,0.7428483932908891,0.0,0.0,0.12320831857376432,0.13394328813534645,0.0,0.0
2013-01-24,502883117.73644805,6326967.736448055,0.0,496556150.0,0.9874186117741899,Bull,1.0,0.0,0.0,0.0,0.7357561567495491,0.0,0.0,0.12042460338017977,0.13123785164446103,0.0,0.0,0.7428483932908891,0.0,0.0,0.12320831857376432,0.13394328813534645,0.0,0.0
2013-01-25,501089317.73644805,6326967.736448055,0.0,494762350.0,0.9873735729090601,Bull,1.0,0.0,0.0,0.0,0.735716042930892,0.0,0.0,0.1204404042629029,0.13121712571526525,0.0,0.0,0.7428483932908891,0.0,0.0,0.12320831857376432,0.13394328813534645,0.0,0.0
2013-01-28,505302567.73644805,6326967.736448055,0.0,498975600.0,0.9874788529874481,Bull,1.0,0.0,0.0,0.0,0.7385562113245542,0.0,0.0,0.11819156246827073,0.13073107919462312,0.0,0.0,0.7428483932908891,0.0,0.0,0.12320831857376432,0.13394328813534645,0.0,0.0
2013-01-29,508741667.73644805,6326967.736448055,0.0,502414700.0,0.9875634960969509,Bull,1.0,0.0,0.0,0.0,0.7373758113210747,0.0,0.0,0.11852852601654486,0.13165915875933132,0.0,0.0,0.7428483932908891,0.0,0.0,0.12320831857376432,0.13394328813534645,0.0,0.0
2013-01-30,509247117.73644805,6326967.736448055,0.0,502920150.0,0.9875758398700992,Bull,1.0,0.0,0.0,0.0,0.7377813971142468,0.0,0.0,0.11802462479739673,0.13176981795845566,0.0,0.0,0.7428483932908891,0.0,0.0,0.12320831857376432,0.13394328813534645,0.0,0.0
2013-01-31,512326517.73644805,6326967.736448055,0.0,505999550.0,0.9876505167751188,Bull,1.0,0.0,0.0,0.0,0.7391761638128037,0.0,0.0,0.11749655330346662,0.13097779965884854,0.0,0.0,0.7428483932908891,0.0,0.0,0.12320831857376432,0.13394328813534645,0.0,0.0
2013-02-01,513738367.73644805,6326967.736448055,0.0,507411400.0,0.9876844554859219,Bull,1.0,0.0,0.0,0.0,0.7394966462674164,0.0,0.0,0.11709150761902934,0.1310963015994762,0.0,0.0,0.7428483932908891,0.0,0.0,0.12320831857376432,0.13394328813534645,0.0,0.0
2013-02-04,526666867.73644805,6326967.736448055,0.0,520339900.0,0.9879867747070542,Bull,1.0,0.0,0.0,0.0,0.7444377537646777,0.0,0.0,0.11473742455019835,0.12881159639217812,0.0,0.0,0.7428483932908891,0.0,0.0,0.12320831857376432,0.13394328813534645,0.0,0.0
2013-02-05,524368017.73644805,6326967.736448055,0.0,518041050.0,0.987934108255191,Bull,1.0,0.0,0.0,0.0,0.7449000259133268,0.0,0.0,0.11412652559996188,0.1289075567419023,0.0,0.0,0.7428483932908891,0.0,0.0,0.12320831857376432,0.13394328813534645,0.0,0.0
2013-02-06,526664717.73644805,6326967.736448055,0.0,520337750.0,0.9879867256655416,Bull,1.0,0.0,0.0,0.0,0.745538929753195,0.0,0.0,0.11316896308559234,0.1292788328267543,0.0,0.0,0.7428483932908891,0.0,0.0,0.12320831857376432,0.13394328813534645,0.0,0.0
2013-02-18,526496367.73644805,6326967.736448055,0.0,520169400.0,0.9879828843574944,Bull,1.0,0.0,0.0,0.0,0.7473662196221833,0.0,0.0,0.11082963449656573,0.1297870302387454,0.0,0.0,0.7428483932908891,0.0,0.0,0.12320831857376432,0.13394328813534645,0.0,0.0
2013-02-19,524667017.73644805,6326967.736448055,0.0,518340050.0,0.9879409844290494,Bull,1.0,0.0,0.0,0.0,0.7472581403943735,0.0,0.0,0.11032616505937233,0.13035667897530345,0.0,0.0,0.7428483932908891,0.0,0.0,0.12320831857376432,0.13394328813534645,0.0,0.0
2013-02-20,531572667.73644805,6326967.736448055,0.0,525245700.0,0.9880976428615308,Bull,1.0,0.0,0.0,0.0,0.7492659502152403,0.0,0.0,0.10912807132657339,0.129703621319717,0.0,0.0,0.7428483932908891,0.0,0.0,0.12320831857376432,0.13394328813534645,0.0,0.0
2013-02-21,525295817.73644805,6326967.736448055,0.0,518968850.0,0.9879554195506227,Bull,1.0,0.0,0.0,0.0,0.7480637323428181,0.0,0.0,0.10957406866101961,0.1303176185467851,0.0,0.0,0.7428483932908891,0.0,0.0,0.12320831857376432,0.13394328813534645,0.0,0.0
2013-02-22,524952617.73644805,6326967.736448055,0.0,518625650.0,0.9879475451256355,Bull,1.0,0.0,0.0,0.0,0.7480116047295147,0.0,0.0,0.11000135640621012,0.1299345839899107,0.0,0.0,0.7428483932908891,0.0,0.0,0.12320831857376432,0.13394328813534645,0.0,0.0
2013-02-23,528614917.73644805,6326967.736448055,0.0,522287950.0,0.988031045806387,Bull,1.0,0.0,0.0,0.0,0.7481318379992666,0.0,0.0,0.11016734118925266,0.12973186661786773,0.0,0.0,0.7428483932908891,0.0,0.0,0.12320831857376432,0.13394328813534645,0.0,0.0
2013-02-25,524478117.73644805,6326967.736448055,0.0,518151150.0,0.9879366411629258,Bull,1.0,0.0,0.0,0.0,0.7469584273425538,0.0,0.0,0.11045742051170049,0.13052079330867147,0.0,0.0,0.7428483932908891,0.0,0.0,0.12320831857376432,0.13394328813534645,0.0,0.0
2013-02-26,522665217.73644805,6326967.736448055,0.0,516338250.0,0.9878947985790048,Bull,1.0,0.0,0.0,0.0,0.7473685578154742,0.0,0.0,0.11096357291799866,0.12956266784553186,0.0,0.0,0.7428483932908891,0.0,0.0,0.12320831857376432,0.13394328813534645,0.0,0.0
2013-02-27,521529467.73644805,6326967.736448055,0.0,515202500.0,0.9878684367272506,Bull,1.0,0.0,0.0,0.0,0.7470178083913717,0.0,0.0,0.11077015504173522,0.13008047329414368,0.0,0.0,0.7428483932908891,0.0,0.0,0.12320831857376432,0.13394328813534645,0.0,0.0
2013-03-01,524672267.73644805,6326967.736448055,0.0,518345300.0,0.9879411050945307,Bull,1.0,0.0,0.0,0.0,0.7478264511534868,0.0,0.0,0.11034488300624573,0.12976977093479825,0.0,0.0,0.7428483932908891,0.0,0.0,0.12320831857376432,0.13394328813534645,0.0,0.0
2013-03-04,517445517.73644805,6326967.736448055,0.0,511118550.0,0.9877726881003334,Bull,1.0,0.0,0.0,0.0,0.7461131399666304,0.0,0.0,0.11162122005164994,0.13003832808205298,0.0,0.0,0.7428483932908891,0.0,0.0,0.12320831857376432,0.13394328813534645,0.0,0.0
2013-03-05,521523667.73644805,6326967.736448055,0.0,515196700.0,0.9878683018089883,Bull,1.0,0.0,0.0,0.0,0.7470909262681771,0.0,0.0,0.11069545558797919,0.13008191995283203,0.0,0.0,0.7428483932908891,0.0,0.0,0.12320831857376432,0.13394328813534645,0.0,0.0
2013-03-06,521422467.73644805,6326967.736448055,0.0,515095500.0,0.9878659472348514,Bull,1.0,0.0,0.0,0.0,0.7461474602138713,0.0,0.0,0.11102206671550656,0.1306964203054735,0.0,0.0,0.7428483932908891,0.0,0.0,0.12320831857376432,0.13394328813534645,0.0,0.0
2013-03-07,522445067.73644805,6326967.736448055,0.0,516118100.0,0.9878896976406336,Bull,1.0,0.0,0.0,0.0,0.7462175912371081,0.0,0.0,0.11134912279303262,0.13032298361049297,0.0,0.0,0.7428483932908891,0.0,0.0,0.12320831857376432,0.13394328813534645,0.0,0.0
2013-03-08,529507917.73644805,6326967.736448055,0.0,523180950.0,0.9880512311062416,Bull,1.0,0.0,0.0,0.0,0.7481579344337179,0.0,0.0,0.11038021914733846,0.12951307752518523,0.0,0.0,0.7428483932908891,0.0,0.0,0.12320831857376432,0.13394328813534645,0.0,0.0
2013-03-11,528840917.73644805,6326967.736448055,0.0,522513950.0,0.9880361607352003,Bull,1.0,0.0,0.0,0.0,0.7477797892278049,0.0,0.0,0.11034755073373939,0.12990882077365604,0.0,0.0,0.7428483932908891,0.0,0.0,0.12320831857376432,0.13394328813534645,0.0,0.0
2013-03-12,524798817.73644805,6326967.736448055,0.0,518471850.0,0.987944012976749,Bull,1.0,0.0,0.0,0.0,0.7469618580521713,0.0,0.0,0.11089239920739667,0.13008975571718115,0.0,0.0,0.7428483932908891,0.0,0.0,0.12320831857376432,0.13394328813534645,0.0,0.0
2013-03-13,524733967.73644805,6326967.736448055,0.0,518407000.0,0.9879425230203015,Bull,1.0,0.0,0.0,0.0,0.7461419958935214,0.0,0.0,0.1114604801596828,0.1303400469670974,0.0,0.0,0.7428483932908891,0.0,0.0,0.12320831857376432,0.13394328813534645,0.0,0.0
2013-03-14,523953367.73644805,6326967.736448055,0.0,517626400.0,0.9879245594626456,Bull,1.0,0.0,0.0,0.0,0.7464845615740702,0.0,0.0,0.11102304819855713,0.1304169496900183,0.0,0.0,0.7428483932908891,0.0,0.0,0.12320831857376432,0.13394328813534645,0.0,0.0
2013-03-15,522609617.73644805,6326967.736448055,0.0,516282650.0,0.9878935107167531,Bull,1.0,0.0,0.0,0.0,0.7463845607922033,0.0,0.0,0.11169733204075484,0.12981161788379506,0.0,0.0,0.7428483932908891,0.0,0.0,0.12320831857376432,0.13394328813534645,0.0,0.0
2013-03-18,515511567.73644805,6326967.736448055,0.0,509184600.0,0.9877268171416036,Bull,1.0,0.0,0.0,0.0,0.7455526200655342,0.0,0.0,0.11224403800300779,0.12993015907306146,0.0,0.0,0.7428483932908891,0.0,0.0,0.12320831857376432,0.13394328813534645,0.0,0.0
2013-03-19,514803917.73644805,6326967.736448055,0.0,508476950.0,0.9877099464116994,Bull,1.0,0.0,0.0,0.0,0.745917108961451,0.0,0.0,0.11144534457364336,0.130347492876605,0.0,0.0,0.7428483932908891,0.0,0.0,0.12320831857376432,0.13394328813534645,0.0,0.0
2013-03-20,512230767.73644805,6326967.736448055,0.0,505903800.0,0.9876482083174992,Bull,1.0,0.0,0.0,0.0,0.7464540868750185,0.0,0.0,0.11103159665969654,0.1301625247827842,0.0,0.0,0.7428483932908891,0.0,0.0,0.12320831857376432,0.13394328813534645,0.0,0.0
2013-03-21,511856567.73644805,6326967.736448055,0.0,505529600.0,0.9876391783650889,Bull,1.0,0.0,0.0,0.0,0.7459538942491358,0.0,0.0,0.11130754901114275,0.13037773510481027,0.0,0.0,0.7428483932908891,0.0,0.0,0.12320831857376432,0.13394328813534645,0.0,0.0
2013-03-22,509657117.73644805,6326967.736448055,0.0,503330150.0,0.9875858346400651,Bull,1.0,0.0,0.0,0.0,0.7452192597384738,0.0,0.0,0.11178790213514082,0.13057867276645052,0.0,0.0,0.7428483932908891,0.0,0.0,0.12320831857376432,0.13394328813534645,0.0,0.0
2013-03-25,516445517.73644805,6326967.736448055,0.0,510118550.0,0.9877490122013668,Bull,1.0,0.0,0.0,0.0,0.7472875390448235,0.0,0.0,0.11064729586666935,0.12981417728987393,0.0,0.0,0.7428483932908891,0.0,0.0,0.12320831857376432,0.13394328813534645,0.0,0.0
2013-03-26,515301667.73644805,6326967.736448055,0.0,508974700.0,0.9877218178543059,Bull,1.0,0.0,0.0,0.0,0.7465369784068917,0.0,0.0,0.11108250483923528,0.1301023346081789,0.0,0.0,0.7428483932908891,0.0,0.0,0.12320831857376432,0.13394328813534645,0.0,0.0
2013-03-27,518674717.73644805,6326967.736448055,0.0,512347750.0,0.9878016654367507,Bull,1.0,0.0,0.0,0.0,0.7481778786009456,0.0,0.0,0.11001210980365136,0.12961167703215373,0.0,0.0,0.7428483932908891,0.0,0.0,0.12320831857376432,0.13394328813534645,0.0,0.0
2013-03-28,517510967.73644805,6326967.736448055,0.0,511184000.0,0.9877742344976345,Bull,1.0,0.0,0.0,0.0,0.7480337116200902,0.0,0.0,0.11019360661944799,0.12954691625809628,0.0,0.0,0.7428483932908891,0.0,0.0,0.12320831857376432,0.13394328813534645,0.0,0.0
2013-03-29,520032767.73644805,6326967.736448055,0.0,513705800.0,0.9878335210221704,Bull,1.0,0.0,0.0,0.0,0.7469487003497053,0.0,0.0,0.11066629560767663,0.1302185250647885,0.0,0.0,0.7428483932908891,0.0,0.0,0.12320831857376432,0.13394328813534645,0.0,0.0
2013-04-01,518225767.73644805,6326967.736448055,0.0,511898800.0,0.9877910977601837,Bull,1.0,0.0,0.0,0.0,0.7460536007090715,0.0,0.0,0.11130206869476601,0.13043542835634625,0.0,0.0,0.7428483932908891,0.0,0.0,0.12320831857376432,0.13394328813534645,0.0,0.0
2013-04-02,517147067.73644805,6326967.736448055,0.0,510820100.0,0.98776563161396,Bull,1.0,0.0,0.0,0.0,0.7452111285998857,0.0,0.0,0.11220347870090108,0.13035102431317327,0.0,0.0,0.7428483932908891,0.0,0.0,0.12320831857376432,0.13394328813534645,0.0,0.0
2013-04-03,518599567.73644805,6326967.736448055,0.0,512272600.0,0.9877998977822839,Bull,1.0,0.0,0.0,0.0,0.7466097623065711,0.0,0.0,0.11084872332407034,0.13034141215164247,0.0,0.0,0.7428483932908891,0.0,0.0,0.12320831857376432,0.13394328813534645,0.0,0.0
2013-04-08,506890717.73644805,6326967.736448055,0.0,500563750.0,0.9875180832572719,Bull,1.0,0.0,0.0,0.0,0.7433545078170332,0.0,0.0,0.11359963397463396,0.1305639414656048,0.0,0.0,0.7428483932908891,0.0,0.0,0.12320831857376432,0.13394328813534645,0.0,0.0
2013-04-09,507118667.73644805,6326967.736448055,0.0,500791700.0,0.9875236938827576,Bull,1.0,0.0,0.0,0.0,0.7442021444103808,0.0,0.0,0.11317982092078843,0.13014172855158845,0.0,0.0,0.7428483932908891,0.0,0.0,0.12320831857376432,0.13394328813534645,0.0,0.0
2013-04-10,506850217.73644805,6326967.736448055,0.0,500523250.0,0.9875170858864306,Bull,1.0,0.0,0.0,0.0,0.7448694639731057,0.0,0.0,0.11219448667489589,0.1304531352384289,0.0,0.0,0.7428483932908891,0.0,0.0,0.12320831857376432,0.13394328813534645,0.0,0.0
2013-04-11,509187967.73644805,6326967.736448055,0.0,502861000.0,0.9875743966131524,Bull,1.0,0.0,0.0,0.0,0.7441690966981513,0.0,0.0,0.11222358661384699,0.13118171330115402,0.0,0.0,0.7428483932908891,0.0,0.0,0.12320831857376432,0.13394328813534645,0.0,0.0
2013-04-12,508448167.73644805,6326967.736448055,0.0,502121200.0,0.9875563171667724,Bull,1.0,0.0,0.0,0.0,0.7433063466085689,0.0,0.0,0.11287738582185049,0.1313725847363531,0.0,0.0,0.7428483932908891,0.0,0.0,0.12320831857376432,0.13394328813534645,0.0,0.0
2013-04-15,506590217.73644805,6326967.736448055,0.0,500263250.0,0.9875106792138264,Bull,1.0,0.0,0.0,0.0,0.7428612650309456,0.0,0.0,0.11388672339112373,0.13076269079175698,0.0,0.0,0.7428483932908891,0.0,0.0,0.12320831857376432,0.13394328813534645,0.0,0.0
2013-04-16,506017667.73644805,6326967.736448055,0.0,499690700.0,0.9874965477692701,Bull,1.0,0.0,0.0,0.0,0.7415600757154582,0.0,0.0,0.11478294870575798,0.13115352334805386,0.0,0.0,0.7428483932908891,0.0,0.0,0.12320831857376432,0.13394328813534645,0.0,0.0
2013-04-17,501679817.73644805,6326967.736448055,0.0,495352850.0,0.9873884347889557,Bull,1.0,0.0,0.0,0.0,0.7391853068221567,0.0,0.0,0.11616054291945692,0.13204258504734204,0.0,0.0,0.7428483932908891,0.0,0.0,0.12320831857376432,0.13394328813534645,0.0,0.0
2013-04-18,501525617.73644805,6326967.736448055,0.0,495198650.0,0.9873845572136399,Bull,1.0,0.0,0.0,0.0,0.7394385987175643,0.0,0.0,0.11598530153362605,0.1319606569624495,0.0,0.0,0.7428483932908891,0.0,0.0,0.12320831857376432,0.13394328813534645,0.0,0.0
2013-04-19,508703517.73644805,6326967.736448055,0.0,502376550.0,0.9875625634267268,Bull,1.0,0.0,0.0,0.0,0.737968751760221,0.0,0.0,0.11562963091297987,0.1339641807535259,0.0,0.0,0.7428483932908891,0.0,0.0,0.12320831857376432,0.13394328813534645,0.0,0.0
2013-04-22,509771667.73644805,6326967.736448055,0.0,503444700.0,0.9875886242078893,Bull,1.0,0.0,0.0,0.0,0.7381765676992231,0.0,0.0,0.11584912174941088,0.13356293475925535,0.0,0.0,0.7428483932908891,0.0,0.0,0.12320831857376432,0.13394328813534645,0.0,0.0
2013-04-23,510268767.73644805,6326967.736448055,0.0,503941800.0,0.9876007152769423,Bull,1.0,0.0,0.0,0.0,0.7393082309808272,0.0,0.0,0.1155822259348272,0.13271025836128786,0.0,0.0,0.7428483932908891,0.0,0.0,0.12320831857376432,0.13394328813534645,0.0,0.0
2013-04-24,512147417.73644805,6326967.736448055,0.0,505820450.0,0.9876461981114509,Bull,1.0,0.0,0.0,0.0,0.7394622854368988,0.0,0.0,0.11488059484911238,0.13330331782543978,0.0,0.0,0.7428483932908891,0.0,0.0,0.12320831857376432,0.13394328813534645,0.0,0.0
2013-04-25,511621467.73644805,6326967.736448055,0.0,505294500.0,0.9876334983275032,Bull,1.0,0.0,0.0,0.0,0.738522665344135,0.0,0.0,0.11543026187169665,0.13368057111167153,0.0,0.0,0.7428483932908891,0.0,0.0,0.12320831857376432,0.13394328813534645,0.0,0.0
2013-04-26,511162117.73644805,6326967.736448055,0.0,504835150.0,0.9876223853119918,Bull,1.0,0.0,0.0,0.0,0.7370890504727529,0.0,0.0,0.11625176815359854,0.13428156668564037,0.0,0.0,0.7428483932908891,0.0,0.0,0.12320831857376432,0.13394328813534645,0.0,0.0
2013-04-29,511325217.73644805,6326967.736448055,0.0,504998250.0,0.987626333462573,Bull,1.0,0.0,0.0,0.0,0.7364836251712148,0.0,0.0,0.11702415199643437,0.13411855629492384,0.0,0.0,0.7428483932908891,0.0,0.0,0.12320831857376432,0.13394328813534645,0.0,0.0
2013-04-30,514306117.73644805,6326967.736448055,0.0,507979150.0,0.987698050794546,Bull,1.0,0.0,0.0,0.0,0.736769089327024,0.0,0.0,0.11615397511295521,0.13477498635456678,0.0,0.0,0.7428483932908891,0.0,0.0,0.12320831857376432,0.13394328813534645,0.0,0.0
2013-05-02,516721467.73644805,6326967.736448055,0.0,510394500.0,0.987755554720488,Bull,1.0,0.0,0.0,0.0,0.7359362320784346,0.0,0.0,0.11731755652722227,0.13450176611483114,0.0,0.0,0.7428483932908891,0.0,0.0,0.12320831857376432,0.13394328813534645,0.0,0.0
2013-05-03,518497967.73644805,6326967.736448055,0.0,512171000.0,0.987797507164649,Bull,1.0,0.0,0.0,0.0,0.7360880345706532,0.0,0.0,0.11743151138241163,0.1342779612115842,0.0,0.0,0.7428483932908891,0.0,0.0,0.12320831857376432,0.13394328813534645,0.0,0.0
2013-05-06,518669767.73644805,6326967.736448055,0.0,512342800.0,0.9878015490201792,Bull,1.0,0.0,0.0,0.0,0.7358572327545735,0.0,0.0,0.1171184514283601,0.13482586483724576,0.0,0.0,0.7428483932908891,0.0,0.0,0.12320831857376432,0.13394328813534645,0.0,0.0
2013-05-07,518741767.73644805,6326967.736448055,0.0,512414800.0,0.9878032421332563,Bull,1.0,0.0,0.0,0.0,0.7359607877073124,0.0,0.0,0.11656146422109584,0.13528099020484807,0.0,0.0,0.7428483932908891,0.0,0.0,0.12320831857376432,0.13394328813534645,0.0,0.0
2013-05-08,521668367.73644805,6326967.736448055,0.0,515341400.0,0.9878716668907851,Bull,1.0,0.0,0.0,0.0,0.7347889458263167,0.0,0.0,0.11679374056044206,0.13628898050402632,0.0,0.0,0.7428483932908891,0.0,0.0,0.12320831857376432,0.13394328813534645,0.0,0.0
2013-05-09,523349867.73644805,6326967.736448055,0.0,517022900.0,0.9879106346891555,Bull,1.0,0.0,0.0,0.0,0.7339921602759343,0.0,0.0,0.11724546767421802,0.1366730067390032,0.0,0.0,0.7428483932908891,0.0,0.0,0.12320831857376432,0.13394328813534645,0.0,0.0
2013-05-10,522296517.73644805,6326967.736448055,0.0,515969550.0,0.9878862532649688,Bull,1.0,0.0,0.0,0.0,0.7345315103050089,0.0,0.0,0.11711201955756692,0.1362427234023931,0.0,0.0,0.7428483932908891,0.0,0.0,0.12320831857376432,0.13394328813534645,0.0,0.0
2013-05-13,519801467.73644805,6326967.736448055,0.0,513474500.0,0.9878281072117788,Bull,1.0,0.0,0.0,0.0,0.7335994099065175,0.0,0.0,0.11768666269141154,0.13654203461384976,0.0,0.0,0.7428483932908891,0.0,0.0,0.12320831857376432,0.13394328813534645,0.0,0.0
2013-05-14,520107167.73644805,6326967.736448055,0.0,513780200.0,0.9878352614058684,Bull,1.0,0.0,0.0,0.0,0.733785503593349,0.0,0.0,0.11723353143807687,0.13681622637444246,0.0,0.0,0.7428483932908891,0.0,0.0,0.12320831857376432,0.13394328813534645,0.0,0.0
2013-05-15,525611217.73644805,6326967.736448055,0.0,519284250.0,0.9879626470612723,Bull,1.0,0.0,0.0,0.0,0.7323085714525244,0.0,0.0,0.12015363802921483,0.13550043757953317,0.0,0.0,0.7428483932908891,0.0,0.0,0.12320831857376432,0.13394328813534645,0.0,0.0
2013-05-16,533212267.73644805,6326967.736448055,0.0,526885300.0,0.9881342419908926,Bull,1.0,0.0,0.0,0.0,0.7334690585050591,0.0,0.0,0.1193676587190968,0.13529752476673684,0.0,0.0,0.7428483932908891,0.0,0.0,0.12320831857376432,0.13394328813534645,0.0,0.0
2013-05-17,531796067.73644805,6326967.736448055,0.0,525469100.0,0.988102642873276,Bull,1.0,0.0,0.0,0.0,0.734758535660416,0.0,0.0,0.11837958913077028,0.13496451808208962,0.0,0.0,0.7428483932908891,0.0,0.0,0.12320831857376432,0.13394328813534645,0.0,0.0
2013-05-20,531315617.73644805,6326967.736448055,0.0,524988650.0,0.9880918845122553,Bull,1.0,0.0,0.0,0.0,0.7354136354294402,0.0,0.0,0.11782299994624378,0.13485524913657132,0.0,0.0,0.7428483932908891,0.0,0.0,0.12320831857376432,0.13394328813534645,0.0,0.0
2013-05-21,531134817.73644805,6326967.736448055,0.0,524807850.0,0.9880878309514487,Bull,1.0,0.0,0.0,0.0,0.7353651784014787,0.0,0.0,0.1178214982529202,0.1349011542970498,0.0,0.0,0.7428483932908891,0.0,0.0,0.12320831857376432,0.13394328813534645,0.0,0.0
2013-05-22,531871017.73644805,6326967.736448055,0.0,525544050.0,0.9881043194205721,Bull,1.0,0.0,0.0,0.0,0.7360869213482829,0.0,0.0,0.11741850545980656,0.1345988926124826,0.0,0.0,0.7428483932908891,0.0,0.0,0.12320831857376432,0.13394328813534645,0.0,0.0
2013-05-23,523009617.73644805,6326967.736448055,0.0,516682650.0,0.9879027698117087,Bull,1.0,0.0,0.0,0.0,0.7352169768200475,0.0,0.0,0.1187437054576215,0.13394208753403977,0.0,0.0,0.7428483932908891,0.0,0.0,0.12320831857376432,0.13394328813534645,0.0,0.0
2013-05-24,519850117.73644805,6326967.736448055,0.0,513523150.0,0.9878292463143085,Bull,1.0,0.0,0.0,0.0,0.7346948417805885,0.0,0.0,0.11873287683141832,0.13440152770230165,0.0,0.0,0.7428483932908891,0.0,0.0,0.12320831857376432,0.13394328813534645,0.0,0.0
2013-05-27,524537817.73644805,6326967.736448055,0.0,518210850.0,0.9879380141478626,Bull,1.0,0.0,0.0,0.0,0.7354419204028243,0.0,0.0,0.11812418076427782,0.13437191298076048,0.0,0.0,0.7428483932908891,0.0,0.0,0.12320831857376432,0.13394328813534645,0.0,0.0
2013-05-28,525010417.73644805,6326967.736448055,0.0,518683450.0,0.9879488720171946,Bull,1.0,0.0,0.0,0.0,0.7353189326498178,0.0,0.0,0.11884716548867112,0.1337827738787056,0.0,0.0,0.7428483932908891,0.0,0.0,0.12320831857376432,0.13394328813534645,0.0,0.0
2013-05-29,528127117.73644805,6326967.736448055,0.0,521800150.0,0.9880199907863746,Bull,1.0,0.0,0.0,0.0,0.7356049082748864,0.0,0.0,0.11825827135649414,0.13415681115499412,0.0,0.0,0.7428483932908891,0.0,0.0,0.12320831857376432,0.13394328813534645,0.0,0.0
2013-05-30,520602317.73644805,6326967.736448055,0.0,514275350.0,0.9878468314087471,Bull,1.0,0.0,0.0,0.0,0.7371532682923594,0.0,0.0,0.1162501547498641,0.1344434083665237,0.0,0.0,0.7428483932908891,0.0,0.0,0.12320831857376432,0.13394328813534645,0.0,0.0
2013-05-31,525506267.73644805,6326967.736448055,0.0,519179300.0,0.9879602430553289,Bull,1.0,0.0,0.0,0.0,0.7399088723999852,0.0,0.0,0.11486256911834257,0.13318880153700122,0.0,0.0,0.7428483932908891,0.0,0.0,0.12320831857376432,0.13394328813534645,0.0,0.0
2013-06-03,518469467.73644805,6326967.736448055,0.0,512142500.0,0.9877968363998935,Bull,1.0,0.0,0.0,0.0,0.7374411104075931,0.0,0.0,0.11595186166403021,0.13440386432827015,0.0,0.0,0.7428483932908891,0.0,0.0,0.12320831857376432,0.13394328813534645,0.0,0.0
2013-06-04,516902217.73644805,6326967.736448055,0.0,510575250.0,0.987759836349408,Bull,1.0,0.0,0.0,0.0,0.7374335743213082,0.0,0.0,0.11575264710995463,0.1345736149181452,0.0,0.0,0.7428483932908891,0.0,0.0,0.12320831857376432,0.13394328813534645,0.0,0.0
2013-06-05,516513317.73644805,6326967.736448055,0.0,510186350.0,0.9877506203244184,Bull,1.0,0.0,0.0,0.0,0.7372182612226377,0.0,0.0,0.1158574192476765,0.13467493985410428,0.0,0.0,0.7428483932908891,0.0,0.0,0.12320831857376432,0.13394328813534645,0.0,0.0
2013-06-06,511865017.73644805,6326967.736448055,0.0,505538050.0,0.9876393824207269,Bull,1.0,0.0,0.0,0.0,0.7360394575625886,0.0,0.0,0.11738270426391288,0.1342172205942255,0.0,0.0,0.7428483932908891,0.0,0.0,0.12320831857376432,0.13394328813534645,0.0,0.0
2013-06-07,513561267.73644805,6326967.736448055,0.0,507234300.0,0.9876802085088415,Bull,1.0,0.0,0.0,0.0,0.735349945030907,0.0,0.0,0.11819738717358091,0.13413287630435358,0.0,0.0,0.7428483932908891,0.0,0.0,0.12320831857376432,0.13394328813534645,0.0,0.0
2013-06-10,516360117.73644805,6326967.736448055,0.0,510033150.0,0.9877469860294723,Bull,1.0,0.0,0.0,0.0,0.7352575014203141,0.0,0.0,0.11801259994115668,0.1344768846680015,0.0,0.0,0.7428483932908891,0.0,0.0,0.12320831857376432,0.13394328813534645,0.0,0.0
2013-06-11,514456467.73644805,6326967.736448055,0.0,508129500.0,0.987701646041528,Bull,1.0,0.0,0.0,0.0,0.7352471466910896,0.0,0.0,0.11783834746355357,0.13461615188688492,0.0,0.0,0.7428483932908891,0.0,0.0,0.12320831857376432,0.13394328813534645,0.0,0.0
2013-06-13,505339967.73644805,6326967.736448055,0.0,499013000.0,0.98747977967231,Bull,1.0,0.0,0.0,0.0,0.7364851857395577,0.0,0.0,0.11723315744322252,0.13376143648952993,0.0,0.0,0.7428483932908891,0.0,0.0,0.12320831857376432,0.13394328813534645,0.0,0.0
2013-06-14,505560567.73644805,6326967.736448055,0.0,499233600.0,0.9874852428369248,Bull,1.0,0.0,0.0,0.0,0.7345189156318535,0.0,0.0,0.11974945014216418,0.13321687706290727,0.0,0.0,0.7428483932908891,0.0,0.0,0.12320831857376432,0.13394328813534645,0.0,0.0
2013-06-17,507078517.73644805,6326967.736448055,0.0,500751550.0,0.9875227060205763,Bull,1.0,0.0,0.0,0.0,0.7335747561550913,0.0,0.0,0.12028156955310113,0.13366638031238395,0.0,0.0,0.7428483932908891,0.0,0.0,0.12320831857376432,0.13394328813534645,0.0,0.0
2013-06-18,509547517.73644805,6326967.736448055,0.0,503220550.0,0.9875831644425348,Bull,1.0,0.0,0.0,0.0,0.7332936320833202,0.0,0.0,0.12066784325265273,0.13362168910656191,0.0,0.0,0.7428483932908891,0.0,0.0,0.12320831857376432,0.13394328813534645,0.0,0.0
2013-06-19,507717067.73644805,6326967.736448055,0.0,501390100.0,0.9875383985717566,Bull,1.0,0.0,0.0,0.0,0.7328619099981629,0.0,0.0,0.12081512302407187,0.13386136554952183,0.0,0.0,0.7428483932908891,0.0,0.0,0.12320831857376432,0.13394328813534645,0.0,0.0
2013-06-20,503623867.73644805,6326967.736448055,0.0,497296900.0,0.9874371169800097,Bull,1.0,0.0,0.0,0.0,0.7333446122400108,0.0,0.0,0.12170551065319192,0.13238699408680696,0.0,0.0,0.7428483932908891,0.0,0.0,0.12320831857376432,0.13394328813534645,0.0,0.0
2013-06-21,499112767.73644805,6326967.736448055,0.0,492785800.0,0.9873235706528971,Bull,0.5,0.0,0.0,0.0,0.7333649300538025,0.0,0.0,0.12197564144892185,0.13198299915017275,0.0,0.0,0.37142419664544457,0.0,0.0,0.06160415928688216,0.06697164406767322,0.0,0.0
2013-06-24,497604483.6150454,105552183.61504543,0.0,392052300.0,0.7878793558124323,Bull,0.5,0.0,0.0,0.0,0.584393046235019,0.0,0.0,0.09821113275540103,0.10527517682201223,0.0,0.0,0.37142419664544457,0.0,0.0,0.06160415928688216,0.06697164406767322,0.0,0.0
2013-06-25,495307981.3381991,204585581.33819908,0.0,290722400.0,0.5869527868590777,Bear,0.5,0.0,0.0,0.0,0.4344246571974337,0.0,0.0,0.07398709768615182,0.07854103197549223,0.0,0.0,0.3613906046942655,0.0,0.0,0.08422282387729302,0.05438657142844152,0.0,0.0
2013-06-26,498215655.0658421,237292955.06584206,0.0,260922700.00000003,0.5237143741810313,Bull,0.5,0.0,0.0,0.0,0.3817214454549139,0.0,0.0,0.08109460148268637,0.060898327243431014,0.0,0.0,0.3613906046942655,0.0,0.0,0.08422282387729302,0.05438657142844152,0.0,0.0
2013-06-27,498944603.00861394,246168953.00861394,0.0,252775650.0,0.5066206718657221,Bull,0.5,0.0,0.0,0.0,0.36650852398706657,0.0,0.0,0.08346858498694094,0.056643562891714606,0.0,0.0,0.3613906046942655,0.0,0.0,0.08422282387729302,0.05438657142844152,0.0,0.0
2013-06-28,505201703.00861394,246168953.00861394,0.0,259032750.0,0.5127313476130213,Bull,0.5,0.0,0.0,0.0,0.3685849609988845,0.0,0.0,0.08743240518974826,0.05671398142438856,0.0,0.0,0.3613906046942655,0.0,0.0,0.08422282387729302,0.05438657142844152,0.0,0.0
2013-07-01,503652303.00861394,246168953.00861394,0.0,257483350.0,0.511232349106515,Bull,1.0,0.0,0.0,0.0,0.3691954725298253,0.0,0.0,0.08463219515799769,0.057404681418691976,0.0,0.0,0.722781209388531,0.0,0.0,0.16844564775458604,0.10877314285688304,0.0,0.0
2013-07-02,503623979.1562952,145530229.15629518,0.0,358093750.0,0.7110339555314716,Bull,1.0,0.0,0.0,0.0,0.5137921558728973,0.0,0.0,0.11899890092683821,0.07824289873173615,0.0,0.0,0.722781209388531,0.0,0.0,0.16844564775458604,0.10877314285688304,0.0,0.0
2013-07-03,501686302.1559437,44815302.15594368,0.0,456871000.0,0.9106706681777942,Bull,1.0,0.0,0.0,0.0,0.6586762456537703,0.0,0.0,0.15348694925313044,0.09850747327089346,0.0,0.0,0.722781209388531,0.0,0.0,0.16844564775458604,0.10877314285688304,0.0,0.0
2013-07-04,501398162.47417915,11430312.474179173,0.0,489967850.0,0.9772031225288589,Bull,1.0,0.0,0.0,0.0,0.7060584311938539,0.0,0.0,0.16472936317203488,0.10641532816297015,0.0,0.0,0.722781209388531,0.0,0.0,0.16844564775458604,0.10877314285688304,0.0,0.0
2013-07-05,504814136.2203542,2988886.2203541743,0.0,501825250.0,0.9940792343044658,Bull,1.0,0.0,0.0,0.0,0.7162440075611762,0.0,0.0,0.16824766563772675,0.10958756110556286,0.0,0.0,0.722781209388531,0.0,0.0,0.16844564775458604,0.10877314285688304,0.0,0.0
2013-07-08,501802286.2203542,2988886.2203541743,1314500.0,497498900.0,0.9914241398683774,Bull,1.0,0.0,0.0,0.0,0.7171322448737846,0.0,0.0,0.1661118378472205,0.10818005714737232,0.0,0.0,0.722781209388531,0.0,0.0,0.16844564775458604,0.10877314285688304,0.0,0.0
2013-07-09,507403386.2203542,2988886.2203541743,1314500.0,503100000.0,0.9915188066591157,Bull,1.0,0.0,0.0,0.0,0.7178949922139637,0.0,0.0,0.16537355145588098,0.10825026298927103,0.0,0.0,0.722781209388531,0.0,0.0,0.16844564775458604,0.10877314285688304,0.0,0.0
2013-07-10,510751686.2203542,2988886.2203541743,1314500.0,506448300.0,0.9915744062399481,Bull,1.0,0.0,0.0,0.0,0.7205000197321616,0.0,0.0,0.1632439055013291,0.10783048100645741,0.0,0.0,0.722781209388531,0.0,0.0,0.16844564775458604,0.10877314285688304,0.0,0.0
2013-07-11,517984636.2203542,2988886.2203541743,1314500.0,513681250.0,0.991692058181966,Bull,1.0,0.0,0.0,0.0,0.7220570338323542,0.0,0.0,0.16064260246630505,0.10899242188330671,0.0,0.0,0.722781209388531,0.0,0.0,0.16844564775458604,0.10877314285688304,0.0,0.0
2013-07-12,520578136.2203542,2988886.2203541743,1314500.0,516274750.0,0.991733448024539,Bull,1.0,0.0,0.0,0.0,0.722660392023761,0.0,0.0,0.16033923477083672,0.10873382122994125,0.0,0.0,0.722781209388531,0.0,0.0,0.16844564775458604,0.10877314285688304,0.0,0.0
2013-07-15,522422186.2203542,2988886.2203541743,1314500.0,518118800.0,0.9917626273656398,Bull,1.0,0.0,0.0,0.0,0.7225692360637587,0.0,0.0,0.16055998809480104,0.10863340320708005,0.0,0.0,0.722781209388531,0.0,0.0,0.16844564775458604,0.10877314285688304,0.0,0.0
2013-07-16,522697386.2203542,2988886.2203541743,1314500.0,518394000.0,0.9917669643395921,Bull,1.0,0.0,0.0,0.0,0.7231792428375458,0.0,0.0,0.1600115137456241,0.10857620775642214,0.0,0.0,0.722781209388531,0.0,0.0,0.16844564775458604,0.10877314285688304,0.0,0.0
2013-07-17,526756336.2203542,2988886.2203541743,2860650.0,520906800.0,0.9888951763497967,Bull,1.0,0.0,0.0,0.0,0.7238168272180098,0.0,0.0,0.1571514081709518,0.10792694096083516,0.0,0.0,0.722781209388531,0.0,0.0,0.16844564775458604,0.10877314285688304,0.0,0.0
2013-07-18,526795586.2203542,2988886.2203541743,2860650.0,520946050.0,0.9888960037377622,Bull,1.0,0.0,0.0,0.0,0.7235196345031057,0.0,0.0,0.15820690639791815,0.10716946283673827,0.0,0.0,0.722781209388531,0.0,0.0,0.16844564775458604,0.10877314285688304,0.0,0.0
2013-07-19,522843086.2203542,2988886.2203541743,2860650.0,516993550.0,0.9888120616404423,Bull,1.0,0.0,0.0,0.0,0.7257624897426208,0.0,0.0,0.15742964221833416,0.10561992967948744,0.0,0.0,0.722781209388531,0.0,0.0,0.16844564775458604,0.10877314285688304,0.0,0.0
2013-07-22,524476136.2203542,2988886.2203541743,2860650.0,518626600.0,0.9888468972820975,Bull,1.0,0.0,0.0,0.0,0.724326663816772,0.0,0.0,0.1588527947151367,0.10566743875018889,0.0,0.0,0.722781209388531,0.0,0.0,0.16844564775458604,0.10877314285688304,0.0,0.0
2013-07-23,529905536.2203542,2988886.2203541743,2860650.0,524056000.0,0.9889611717173649,Bull,1.0,0.0,0.0,0.0,0.7218821541825339,0.0,0.0,0.16081790842917915,0.10626110910565184,0.0,0.0,0.722781209388531,0.0,0.0,0.16844564775458604,0.10877314285688304,0.0,0.0
2013-07-24,527597386.2203542,2988886.2203541743,4106650.0,520501850.0,0.9865512293925757,Bull,1.0,0.0,0.0,0.0,0.7250053923509052,0.0,0.0,0.15510046512213568,0.10644537191953471,0.0,0.0,0.722781209388531,0.0,0.0,0.16844564775458604,0.10877314285688304,0.0,0.0
2013-07-25,525059586.2203542,2988886.2203541743,4106650.0,517964050.0,0.9864862266939426,Bull,1.0,0.0,0.0,0.0,0.7255741252957845,0.0,0.0,0.15376426241671817,0.10714783898143995,0.0,0.0,0.722781209388531,0.0,0.0,0.16844564775458604,0.10877314285688304,0.0,0.0
2013-07-26,526762836.2203542,4303386.220354174,2792150.0,519667300.0,0.9865299225145299,Bull,1.0,1314500.0,0.0,0.0,0.7255868746217204,0.0,0.0,0.15432903464357714,0.10661401324923225,0.0,0.0,0.722781209388531,0.0,0.0,0.16844564775458604,0.10877314285688304,0.0,0.0
2013-07-29,524998336.2203542,4303386.220354174,2792150.0,517902800.0,0.9864846500820604,Bull,1.0,0.0,0.0,0.0,0.7257053474548304,0.0,0.0,0.15455896600392707,0.10622033662330294,0.0,0.0,0.722781209388531,0.0,0.0,0.16844564775458604,0.10877314285688304,0.0,0.0
2013-07-30,527786536.2203542,4303386.220354174,2792150.0,520691000.0,0.9865560492104107,Bull,1.0,0.0,0.0,0.0,0.7259695420499124,0.0,0.0,0.15408577979724467,0.10650072736325376,0.0,0.0,0.722781209388531,0.0,0.0,0.16844564775458604,0.10877314285688304,0.0,0.0
2013-07-31,525253486.2203542,4303386.220354174,2792150.0,518157950.0,0.9864912153721955,Bull,1.0,0.0,0.0,0.0,0.7259908977358502,0.0,0.0,0.1541436699118524,0.10635664772449291,0.0,0.0,0.722781209388531,0.0,0.0,0.16844564775458604,0.10877314285688304,0.0,0.0
2013-08-01,525525336.2203542,4303386.220354174,2792150.0,518429800.0,0.9864982033570708,Bull,1.0,0.0,0.0,0.0,0.7272499985419303,0.0,0.0,0.15369782279370836,0.10555038202143223,0.0,0.0,0.722781209388531,0.0,0.0,0.16844564775458604,0.10877314285688304,0.0,0.0
2013-08-02,529067377.2203542,4303386.220354174,4709600.0,520054391.0,0.9829643886423178,Bull,1.0,0.0,276965.0,0.0,0.7249461174776896,0.0,0.0,0.15252159455371453,0.1054966766109137,0.0,0.0,0.722781209388531,0.0,0.0,0.16844564775458604,0.10877314285688304,0.0,0.0
2013-08-05,529285270.78560615,1780033.2856061747,4709600.0,522795637.5,0.98773887420677,Bull,1.0,0.0,0.0,0.0,0.7235083963920012,0.0,0.0,0.15614075161648625,0.10808972619828254,0.0,0.0,0.722781209388531,0.0,0.0,0.16844564775458604,0.10877314285688304,0.0,0.0
2013-08-06,524075027.78560615,1780033.2856061747,4709600.0,517585394.5,0.9876169766893358,Bull,1.0,0.0,0.0,0.0,0.7247298084490635,0.0,0.0,0.15526307434226277,0.10762409389800948,0.0,0.0,0.722781209388531,0.0,0.0,0.16844564775458604,0.10877314285688304,0.0,0.0
2013-08-07,520093086.53560615,1780033.2856061747,4709600.0,513603453.25,0.9875221696776739,Bull,1.0,0.0,0.0,0.0,0.7257896000202984,0.0,0.0,0.15483651308732954,0.10689605657004603,0.0,0.0,0.722781209388531,0.0,0.0,0.16844564775458604,0.10877314285688304,0.0,0.0
2013-08-08,517980288.28560615,1780033.2856061747,4709600.0,511490655.0,0.987471273651966,Bull,1.0,0.0,0.0,0.0,0.7251317540348136,0.0,0.0,0.15539703309253663,0.10694248652461572,0.0,0.0,0.722781209388531,0.0,0.0,0.16844564775458604,0.10877314285688304,0.0,0.0
2013-08-09,515177591.78560615,1780033.2856061747,4709600.0,508687958.5,0.9874031142093873,Bull,1.0,0.0,0.0,0.0,0.7243277162087659,0.0,0.0,0.155649044676171,0.1074263533244504,0.0,0.0,0.722781209388531,0.0,0.0,0.16844564775458604,0.10877314285688304,0.0,0.0
2013-08-12,518978484.78560615,1780033.2856061747,4709600.0,512488851.5,0.9874953712420524,Bull,1.0,0.0,0.0,0.0,0.7235310566971204,0.0,0.0,0.15703309942350874,0.10693121512142338,0.0,0.0,0.722781209388531,0.0,0.0,0.16844564775458604,0.10877314285688304,0.0,0.0
2013-08-13,519106983.03560615,1780033.2856061747,8454000.0,508872949.75,0.980285309926366,Bull,1.0,0.0,0.0,0.0,0.7143964767751219,0.0,0.0,0.15791504001859527,0.10797379313264886,0.0,0.0,0.722781209388531,0.0,0.0,0.16844564775458604,0.10877314285688304,0.0,0.0
2013-08-14,519320420.53560615,1780033.2856061747,11617200.0,505923187.25,0.9742023753431672,Bull,1.0,0.0,474480.0,0.0,0.7094999015636386,0.0,0.0,0.1570644957806113,0.1076379779989172,0.0,0.0,0.722781209388531,0.0,0.0,0.16844564775458604,0.10877314285688304,0.0,0.0
2013-08-15,517259385.03560615,3026033.2856061747,12679700.0,501553651.75,0.9696366392955345,Bull,1.0,1246000.0,230850.0,0.0,0.7057997637391715,0.0,0.0,0.15655027698419788,0.10728659857216498,0.0,0.0,0.722781209388531,0.0,0.0,0.16844564775458604,0.10877314285688304,0.0,0.0
2013-08-16,518541450.4936214,982366.9936214243,12679700.0,504879383.5,0.9736528931667547,Bull,1.0,0.0,0.0,0.0,0.7045283133146438,0.0,0.0,0.16055129232339757,0.10857328752871329,0.0,0.0,0.722781209388531,0.0,0.0,0.16844564775458604,0.10877314285688304,0.0,0.0
2013-08-19,517565668.3773376,927242.3773375493,12679700.0,503958726.0,0.9737097276564,Bull,1.0,0.0,0.0,0.0,0.7053383721229541,0.0,0.0,0.1597822364440683,0.10858911908937756,0.0,0.0,0.722781209388531,0.0,0.0,0.16844564775458604,0.10877314285688304,0.0,0.0
2013-08-20,516274049.7821392,2789768.0321391746,10762250.0,502722031.75,0.9737503404677071,Bear,1.0,1917450.0,0.0,0.0,0.7067421496470168,0.0,0.0,0.1590294922525087,0.10797869856818162,0.0,0.0,0.7372448947636386,0.0,0.0,0.17942178860645816,0.08333331662990325,0.0,0.0
2013-08-22,514745736.90099466,660084.6509946743,10762250.0,503323402.25,0.9778097537635526,Bear,1.0,0.0,0.0,0.0,0.7199874145267231,0.0,0.0,0.16871999858194878,0.08910234065488067,0.0,0.0,0.7372448947636386,0.0,0.0,0.17942178860645816,0.08333331662990325,0.0,0.0
2013-08-23,515515166.9407224,1991766.6907224243,9216100.0,504307300.25,0.9782589002041696,Bull,1.0,1546150.0000000002,0.0,0.0,0.7227217046997984,0.0,0.0,0.16978006780945817,0.08575712769491314,0.0,0.0,0.7372448947636386,0.0,0.0,0.17942178860645816,0.08333331662990325,0.0,0.0
2013-08-26,517109576.7372154,142463.48721542442,9216100.0,507751013.25,0.9819021655985086,Bull,1.0,0.0,0.0,0.0,0.7265916744778005,0.0,0.0,0.16942811338518896,0.08588237773551922,0.0,0.0,0.7372448947636386,0.0,0.0,0.17942178860645816,0.08333331662990325,0.0,0.0
2013-08-27,515654237.9872154,142463.48721542442,9216100.0,506295674.5,0.9818510878069281,Bear,1.0,0.0,0.0,0.0,0.7260486716086725,0.0,0.0,0.17045918277157504,0.08534323342668053,0.0,0.0,0.7372448947636386,0.0,0.0,0.17942178860645816,0.08333331662990325,0.0,0.0
2013-08-28,515595185.9872154,142463.48721542442,9216100.0,506236622.5,0.9818490091809208,Bear,1.0,0.0,0.0,0.0,0.7254468867544364,0.0,0.0,0.17081462820753296,0.08558749421895145,0.0,0.0,0.7372448947636386,0.0,0.0,0.17942178860645816,0.08333331662990325,0.0,0.0
2013-08-29,517282809.9872154,142463.48721542442,9216100.0,507924246.5,0.9819082263966075,Bull,1.0,0.0,0.0,0.0,0.7238903734482394,0.0,0.0,0.17154097968612775,0.08647687326224038,0.0,0.0,0.7372448947636386,0.0,0.0,0.17942178860645816,0.08333331662990325,0.0,0.0
2013-08-30,523352692.9872154,142463.48721542442,9216100.0,513994129.5,0.9821180561166157,Bull,1.0,0.0,0.0,0.0,0.7246150341472761,0.0,0.0,0.17149008919343123,0.08601293277590842,0.0,0.0,0.7372448947636386,0.0,0.0,0.17942178860645816,0.08333331662990325,0.0,0.0
2013-09-02,522414943.2372154,142463.48721542442,9216100.0,513056379.75,0.9820859575164068,Bull,1.0,0.0,0.0,0.0,0.724424874611895,0.0,0.0,0.17079947875741322,0.08686160414709862,0.0,0.0,0.752933671072729,0.0,0.0,0.15334916670414833,0.09371716222312271,0.0,0.0
2013-09-03,526340191.4872154,142463.48721542442,9216100.0,516981628.0,0.982219553743802,Bull,1.0,0.0,0.0,0.0,0.727203687254989,0.0,0.0,0.16826607854086176,0.08674978794795127,0.0,0.0,0.752933671072729,0.0,0.0,0.15334916670414833,0.09371716222312271,0.0,0.0
2013-09-04,528990565.4872154,142463.48721542442,9216100.0,519632002.0,0.9823086381916927,Bull,1.0,0.0,0.0,0.0,0.728531144303204,0.0,0.0,0.16761470957111593,0.08616278431737277,0.0,0.0,0.752933671072729,0.0,0.0,0.15334916670414833,0.09371716222312271,0.0,0.0
2013-09-05,530606790.9872154,142463.48721542442,9216100.0,521248227.5,0.9823625259868924,Bull,1.0,0.0,0.0,0.0,0.7284537892567473,0.0,0.0,0.1674767483368699,0.08643198839327519,0.0,0.0,0.752933671072729,0.0,0.0,0.15334916670414833,0.09371716222312271,0.0,0.0
2013-09-06,529669061.2372154,6195363.487215425,3163200.0,520310497.75,0.9823313004815584,Bull,1.0,6052900.0,0.0,0.0,0.7283849973204606,0.0,0.0,0.16720912449204847,0.08673717866904936,0.0,0.0,0.752933671072729,0.0,0.0,0.15334916670414833,0.09371716222312271,0.0,0.0
2013-09-09,529555219.8473029,773023.8473029262,3163200.0,525618996.0,0.9925669246571908,Bull,1.0,0.0,0.0,0.0,0.7280109449419933,0.0,0.0,0.16723430660458072,0.09732167311061675,0.0,0.0,0.752933671072729,0.0,0.0,0.15334916670414833,0.09371716222312271,0.0,0.0
2013-09-10,532805124.60421455,426393.3542145514,3163200.0,529215531.25,0.9932628400357804,Bull,1.0,0.0,0.0,0.0,0.7325376825906615,0.0,0.0,0.16643439769066093,0.0942907597544579,0.0,0.0,0.752933671072729,0.0,0.0,0.15334916670414833,0.09371716222312271,0.0,0.0
2013-09-11,533636124.0267083,598487.2767083014,3163200.0,529874436.75,0.992950838394666,Bull,1.0,0.0,0.0,0.0,0.7330750658297278,0.0,0.0,0.16580886491029892,0.09406690765463928,0.0,0.0,0.752933671072729,0.0,0.0,0.15334916670414833,0.09371716222312271,0.0,0.0
2013-09-12,535359112.7791853,713017.0291853014,3163200.0,531482895.75,0.9927595945662289,Bull,1.0,0.0,0.0,0.0,0.7334808288057728,0.0,0.0,0.16564806292291046,0.09363070283754568,0.0,0.0,0.752933671072729,0.0,0.0,0.15334916670414833,0.09371716222312271,0.0,0.0
2013-09-13,533956942.2791853,713017.0291853014,3163200.0,530080725.25,0.9927405812673963,Bull,1.0,0.0,0.0,0.0,0.7337620212926166,0.0,0.0,0.16583603093917829,0.09314252903560148,0.0,0.0,0.752933671072729,0.0,0.0,0.15334916670414833,0.09371716222312271,0.0,0.0
2013-09-14,532385126.9284588,484107.1784588014,3163200.0,528737819.75,0.9931491189479662,Bull,1.0,0.0,0.0,0.0,0.7326121636797941,0.0,0.0,0.16669041923089867,0.09384653603727343,0.0,0.0,0.752933671072729,0.0,0.0,0.15334916670414833,0.09371716222312271,0.0,0.0
2013-09-16,538065637.9284588,484107.1784588014,3163200.0,534418330.75,0.9932214456353302,Bull,1.0,0.0,0.0,0.0,0.7333804705857595,0.0,0.0,0.16584686645956173,0.09399410859000895,0.0,0.0,0.752933671072729,0.0,0.0,0.15334916670414833,0.09371716222312271,0.0,0.0
2013-09-17,539196952.31929,541471.8192900515,3163200.0,535492280.5,0.9931292790076894,Bull,1.0,0.0,0.0,0.0,0.7339386448639655,0.0,0.0,0.16558198190098694,0.09360865224273687,0.0,0.0,0.752933671072729,0.0,0.0,0.15334916670414833,0.09371716222312271,0.0,0.0
2013-09-18,537107246.81929,541471.8192900515,3163200.0,533402575.0,0.9931025473194993,Bull,1.0,0.0,0.0,0.0,0.7341550078408626,0.0,0.0,0.16530013423905893,0.09364740523957782,0.0,0.0,0.752933671072729,0.0,0.0,0.15334916670414833,0.09371716222312271,0.0,0.0
2013-09-23,544169822.31929,541471.8192900515,3163200.0,540465150.5,0.9931920667641941,Bull,1.0,0.0,0.0,0.0,0.7364795585170274,0.0,0.0,0.1635577651488686,0.09315474309829812,0.0,0.0,0.752933671072729,0.0,0.0,0.15334916670414833,0.09371716222312271,0.0,0.0
2013-09-24,543540686.724905,367235.97490505147,3163200.0,540010250.75,0.9935047438745063,Bull,1.0,0.0,0.0,0.0,0.7365323526417377,0.0,0.0,0.1633090257416654,0.0936633654911032,0.0,0.0,0.7647002533045468,0.0,0.0,0.1279983756403377,0.10730137105511556,0.0,0.0
2013-09-25,543867358.974905,367235.97490505147,3163200.0,540336923.0,0.9935086452300442,Bull,1.0,0.0,0.0,0.0,0.7376026826763659,0.0,0.0,0.1627019870557869,0.09320397549789149,0.0,0.0,0.7647002533045468,0.0,0.0,0.1279983756403377,0.10730137105511556,0.0,0.0
2013-09-26,535712840.9749051,367235.97490505147,3163200.0,532182405.0,0.9934098350741783,Bull,1.0,0.0,0.0,0.0,0.7362871016535463,0.0,0.0,0.16340041399922411,0.093722319421408,0.0,0.0,0.7647002533045468,0.0,0.0,0.1279983756403377,0.10730137105511556,0.0,0.0
2013-09-27,539740081.474905,367235.97490505147,3163200.0,536209645.5,0.9934590072220361,Bull,1.0,0.0,0.0,0.0,0.7369976015362775,0.0,0.0,0.1631946616958729,0.09326674398988567,0.0,0.0,0.7647002533045468,0.0,0.0,0.1279983756403377,0.10730137105511556,0.0,0.0
2013-09-30,535016231.4749051,367235.97490505147,3163200.0,531485795.5,0.9934012544532106,Bull,1.0,0.0,0.0,0.0,0.7345671446576175,0.0,0.0,0.16515368095733096,0.09368042883826208,0.0,0.0,0.7647002533045468,0.0,0.0,0.1279983756403377,0.10730137105511556,0.0,0.0
2013-10-01,535331898.2249051,367235.97490505147,3163200.0,531801462.25,0.9934051455057852,Bull,1.0,0.0,0.0,0.0,0.735258656461821,0.0,0.0,0.16452130032236248,0.09362518872160168,0.0,0.0,0.7647002533045468,0.0,0.0,0.1279983756403377,0.10730137105511556,0.0,0.0
2013-10-02,533277199.9749051,367235.97490505147,3163200.0,529746764.0,0.9933797357639307,Bull,1.0,0.0,0.0,0.0,0.7347244810362,0.0,0.0,0.16434042183713107,0.09431483289059953,0.0,0.0,0.7647002533045468,0.0,0.0,0.1279983756403377,0.10730137105511556,0.0,0.0
2013-10-03,542686927.724905,367235.97490505147,3163200.0,539156491.75,0.9934945254905888,Bull,1.0,0.0,0.0,0.0,0.7371687455733067,0.0,0.0,0.16170704602725347,0.09461873389002866,0.0,0.0,0.7647002533045468,0.0,0.0,0.1279983756403377,0.10730137105511556,0.0,0.0
2013-10-04,543161320.224905,367235.97490505147,3163200.0,539630884.25,0.9935002073169659,Bull,1.0,0.0,0.0,0.0,0.7379822887315026,0.0,0.0,0.16114328605681655,0.09437463252864668,0.0,0.0,0.7647002533045468,0.0,0.0,0.1279983756403377,0.10730137105511556,0.0,0.0
2013-10-07,542300777.724905,367235.97490505147,3163200.0,538770341.75,0.9934898932107085,Bull,1.0,0.0,0.0,0.0,0.7389770736292193,0.0,0.0,0.1608778810275959,0.09363493855389325,0.0,0.0,0.7647002533045468,0.0,0.0,0.1279983756403377,0.10730137105511556,0.0,0.0
2013-10-08,544016499.474905,367235.97490505147,3163200.0,540486063.5,0.9935104248155844,Bull,1.0,0.0,0.0,0.0,0.7429162789917247,0.0,0.0,0.15652907601551172,0.0940650698083479,0.0,0.0,0.7647002533045468,0.0,0.0,0.1279983756403377,0.10730137105511556,0.0,0.0
2013-10-09,541562819.974905,3530435.9749050513,0.0,538032384.0,0.9934810222476709,Bull,1.0,3163200.0,0.0,0.0,0.7432121799252225,0.0,0.0,0.15602049639211815,0.09424834593033023,0.0,0.0,0.7647002533045468,0.0,0.0,0.1279983756403377,0.10730137105511556,0.0,0.0
2013-10-11,541674942.5956695,466088.0956695513,0.0,541208854.5,0.9991395428161471,Bull,1.0,0.0,0.0,0.0,0.7443586047526789,0.0,0.0,0.15453622351234308,0.10024471455112517,0.0,0.0,0.7647002533045468,0.0,0.0,0.1279983756403377,0.10730137105511556,0.0,0.0
2013-10-14,539900237.3456695,466088.0956695513,0.0,539434149.25,0.9991367144086453,Bull,1.0,0.0,0.0,0.0,0.7430525521201973,0.0,0.0,0.15628424320543002,0.09979991908301794,0.0,0.0,0.7647002533045468,0.0,0.0,0.1279983756403377,0.10730137105511556,0.0,0.0
2013-10-15,543672453.5956695,466088.0956695513,0.0,543206365.5,0.9991427042282776,Bull,1.0,0.0,0.0,0.0,0.7434448128221656,0.0,0.0,0.15573604923336584,0.0999618421727462,0.0,0.0,0.7647002533045468,0.0,0.0,0.1279983756403377,0.10730137105511556,0.0,0.0
2013-10-16,542078659.0956695,466088.0956695513,0.0,541612571.0,0.9991401836470614,Bull,1.0,0.0,0.0,0.0,0.742274233173579,0.0,0.0,0.15703864849063573,0.09982730198284669,0.0,0.0,0.7647002533045468,0.0,0.0,0.1279983756403377,0.10730137105511556,0.0,0.0
2013-10-17,541392681.3456695,466088.0956695513,0.0,540926593.25,0.9991390942069793,Bull,1.0,0.0,0.0,0.0,0.7431274140056643,0.0,0.0,0.15554310743671373,0.10046857276460129,0.0,0.0,0.7647002533045468,0.0,0.0,0.1279983756403377,0.10730137105511556,0.0,0.0
2013-10-18,540593681.3456695,466088.0956695513,0.0,540127593.25,0.9991378217841739,Bull,1.0,0.0,0.0,0.0,0.7451913648846555,0.0,0.0,0.1524701505848636,0.10147630631465471,0.0,0.0,0.7647002533045468,0.0,0.0,0.1279983756403377,0.10730137105511556,0.0,0.0
2013-10-21,535980307.34566957,466088.0956695513,0.0,535514219.25,0.9991304007082317,Bull,1.0,0.0,0.0,0.0,0.747901767576459,0.0,0.0,0.14896554762506814,0.10226308550670457,0.0,0.0,0.7647002533045468,0.0,0.0,0.1279983756403377,0.10730137105511556,0.0,0.0
2013-10-22,534152409.09566957,466088.0956695513,0.0,533686321.0,0.9991274248927218,Bull,1.0,0.0,0.0,0.0,0.750031291028484,0.0,0.0,0.1464830985831724,0.10261303528106536,0.0,0.0,0.7647002533045468,0.0,0.0,0.1279983756403377,0.10730137105511556,0.0,0.0
2013-10-23,536473016.59566957,466088.0956695513,0.0,536006928.5,0.9991311993683722,Bull,1.0,0.0,0.0,0.0,0.7472573943120403,0.0,0.0,0.15022414456446034,0.10164966049187159,0.0,0.0,0.7647002533045468,0.0,0.0,0.1279983756403377,0.10730137105511556,0.0,0.0
2013-10-24,537877457.0956695,466088.0956695513,1254150.0,536157219.0,0.9968018029516275,Bull,1.0,0.0,0.0,0.0,0.7480128860065574,0.0,0.0,0.14939090482408496,0.0993980121209851,0.0,0.0,0.7647002533045468,0.0,0.0,0.1279983756403377,0.10730137105511556,0.0,0.0
2013-10-25,534573068.59566957,466088.0956695513,1254150.0,532852830.5,0.9967820337448188,Bull,1.0,0.0,0.0,0.0,0.747082773079368,0.0,0.0,0.15046885959165132,0.09923040107379946,0.0,0.0,0.7647002533045468,0.0,0.0,0.1279983756403377,0.10730137105511556,0.0,0.0
2013-10-28,538828266.5956695,466088.0956695513,1254150.0,537108028.5,0.9968074464494262,Bull,1.0,0.0,0.0,0.0,0.7468973946795434,0.0,0.0,0.15077364168974153,0.0991364100801413,0.0,0.0,0.7647002533045468,0.0,0.0,0.1279983756403377,0.10730137105511556,0.0,0.0
2013-10-29,537149329.8456695,466088.0956695513,1254150.0,535429091.75,0.996797467668509,Bull,1.0,0.0,0.0,0.0,0.7457401871190837,0.0,0.0,0.1511786303881855,0.09987865016123974,0.0,0.0,0.7647002533045468,0.0,0.0,0.1279983756403377,0.10730137105511556,0.0,0.0
2013-10-30,541908479.5956695,466088.0956695513,1254150.0,540188241.5,0.9968255929544542,Bull,1.0,0.0,0.0,0.0,0.743485951355871,0.0,0.0,0.15408099917960252,0.0992586424189806,0.0,0.0,0.7647002533045468,0.0,0.0,0.1279983756403377,0.10730137105511556,0.0,0.0
2013-10-31,544568545.572337,102322.57233705372,1254150.0,543212073.0,0.9975090875457903,Bull,1.0,0.0,0.0,0.0,0.7420459302791711,0.0,0.0,0.13670069747006985,0.1187624597965493,0.0,0.0,0.7647002533045468,0.0,0.0,0.1279983756403377,0.10730137105511556,0.0,0.0
2013-11-01,539206712.9190426,433828.66904255375,1254150.0,537518734.25,0.9968695147360006,Bull,1.0,0.0,0.0,0.0,0.7440401327314995,0.0,0.0,0.12773895122173937,0.12509043078276177,0.0,0.0,0.7647002533045468,0.0,0.0,0.1279983756403377,0.10730137105511556,0.0,0.0
2013-11-04,534797073.1226116,62559.12261155574,1254150.0,533480364.0,0.9975379275826558,Bull,1.0,0.0,0.0,0.0,0.7432045423870046,0.0,0.0,0.12811551043079766,0.12621787476485352,0.0,0.0,0.7647002533045468,0.0,0.0,0.1279983756403377,0.10730137105511556,0.0,0.0
2013-11-05,532456824.97578466,206509.22578468034,1254150.0,530996165.75,0.9972567555578782,Bull,1.0,0.0,0.0,0.0,0.7441188602813366,0.0,0.0,0.1279010744262639,0.12523682085027768,0.0,0.0,0.7647002533045468,0.0,0.0,0.1279983756403377,0.10730137105511556,0.0,0.0
2013-11-06,532900898.4563992,299923.4563991809,1254150.0,531346825.0,0.997083747727015,Bull,1.0,0.0,0.0,0.0,0.7456165417452556,0.0,0.0,0.1293191664709464,0.122148039510813,0.0,0.0,0.7647002533045468,0.0,0.0,0.1279983756403377,0.10730137105511556,0.0,0.0
2013-11-07,530889113.41307956,790334.9130795561,1254150.0,528844628.5,0.996148941725447,Bull,1.0,0.0,0.0,0.0,0.7449705946263544,0.0,0.0,0.12985159849446934,0.1213267486046232,0.0,0.0,0.7647002533045468,0.0,0.0,0.1279983756403377,0.10730137105511556,0.0,0.0
2013-11-08,532038181.88535655,3521.8853565567406,1254150.0,530780510.0,0.9976361247591296,Bull,1.0,0.0,0.0,0.0,0.7455813764987943,0.0,0.0,0.1316296506236285,0.12042509763670674,0.0,0.0,0.7647002533045468,0.0,0.0,0.1279983756403377,0.10730137105511556,0.0,0.0
2013-11-11,528530406.52358603,210363.02358605806,1254150.0,527065893.5,0.9972290846363621,Bull,1.0,0.0,0.0,0.0,0.7452835042943206,0.0,0.0,0.13146944649228834,0.12047613384975316,0.0,0.0,0.7647002533045468,0.0,0.0,0.1279983756403377,0.10730137105511556,0.0,0.0
2013-11-12,530094484.84957904,304400.3495790586,1254150.0,528535934.5,0.9970598631109673,Bull,1.0,0.0,0.0,0.0,0.7458403092274956,0.0,0.0,0.1308853458826079,0.12033420800086382,0.0,0.0,0.7647002533045468,0.0,0.0,0.1279983756403377,0.10730137105511556,0.0,0.0
2013-11-13,524572928.88246965,3781.1324696829543,1254150.0,523314997.75,0.9976019899937469,Bull,1.0,0.0,0.0,0.0,0.7455704940458854,0.0,0.0,0.13151345828495245,0.12051803766290907,0.0,0.0,0.7647002533045468,0.0,0.0,0.1279983756403377,0.10730137105511556,0.0,0.0
2013-11-14,524708485.7104097,40537.960409682244,1254150.0,523413797.75,0.997532557609285,Bull,1.0,0.0,0.0,0.0,0.7453778781955018,0.0,0.0,0.131450132556207,0.1207045468575762,0.0,0.0,0.7647002533045468,0.0,0.0,0.1279983756403377,0.10730137105511556,0.0,0.0
2013-11-15,526408679.9015579,189504.4015579326,1254150.0,524965025.5,0.9972575406586611,Bull,1.0,0.0,0.0,0.0,0.7459203096222311,0.0,0.0,0.13080445408475533,0.12053277695167469,0.0,0.0,0.7647002533045468,0.0,0.0,0.1279983756403377,0.10730137105511556,0.0,0.0
2013-11-18,526430940.44631404,785.4463140587322,1254150.0,525176005.0,0.997616144208298,Bull,1.0,0.0,0.0,0.0,0.7455267630494152,0.0,0.0,0.13059604730244986,0.12149333385643295,0.0,0.0,0.7647002533045468,0.0,0.0,0.1279983756403377,0.10730137105511556,0.0,0.0
2013-11-19,527979916.5908652,489657.8408651841,1254150.0,526236108.75,0.9966972080072195,Bull,1.0,0.0,0.0,0.0,0.7451728681090651,0.0,0.0,0.13060458898749153,0.12091975091066291,0.0,0.0,0.7647002533045468,0.0,0.0,0.1279983756403377,0.10730137105511556,0.0,0.0
2013-11-20,526246902.85267216,16090.102672183886,1254150.0,524976662.75,0.9975862278793729,Bull,1.0,0.0,0.0,0.0,0.7447874004110346,0.0,0.0,0.13137027434317175,0.12142855312516643,0.0,0.0,0.7647002533045468,0.0,0.0,0.1279983756403377,0.10730137105511556,0.0,0.0
2013-11-21,520506861.9479652,109049.44796518469,1254150.0,519143662.5,0.9973810154147372,Bull,1.0,0.0,0.0,0.0,0.7509475687547715,0.0,0.0,0.1307410237500444,0.11569242290992128,0.0,0.0,0.7647002533045468,0.0,0.0,0.1279983756403377,0.10730137105511556,0.0,0.0
2013-11-22,523865907.9479652,109049.44796518469,1254150.0,522502708.5,0.9973978084328774,Bull,1.0,0.0,0.0,0.0,0.7530123692248033,0.0,0.0,0.12933118756552053,0.11505425164255359,0.0,0.0,0.7647002533045468,0.0,0.0,0.1279983756403377,0.10730137105511556,0.0,0.0
2013-11-25,529526987.1979652,109049.44796518469,1254150.0,528163787.75,0.9974256280021181,Bull,1.0,0.0,0.0,0.0,0.7542756033332815,0.0,0.0,0.12778763242656507,0.11536239224227161,0.0,0.0,0.7647002533045468,0.0,0.0,0.1279983756403377,0.10730137105511556,0.0,0.0
2013-11-26,530185202.4479652,109049.44796518469,1254150.0,528822003.0,0.9974288240379569,Bull,1.0,0.0,0.0,0.0,0.7517610849184682,0.0,0.0,0.1295268138056718,0.11614092531381687,0.0,0.0,0.7647002533045468,0.0,0.0,0.1279983756403377,0.10730137105511556,0.0,0.0
2013-11-27,531348648.6979652,1363199.4479651847,0.0,529985449.25,0.9974344539102421,Bull,1.0,1254150.0,0.0,0.0,0.7521247117674855,0.0,0.0,0.1288099634161394,0.1164997787266172,0.0,0.0,0.7647002533045468,0.0,0.0,0.1279983756403377,0.10730137105511556,0.0,0.0
2013-11-28,534537600.86219645,78961.11219643475,0.0,534458639.75,0.9998522814633263,Bull,1.0,0.0,0.0,0.0,0.7544493392036715,0.0,0.0,0.12888709772497575,0.11651584453467904,0.0,0.0,0.7647002533045468,0.0,0.0,0.1279983756403377,0.10730137105511556,0.0,0.0
2013-11-29,535615000.86219645,78961.11219643475,0.0,535536039.75,0.9998525786020381,Bull,1.0,0.0,0.0,0.0,0.7542311905000878,0.0,0.0,0.12893440230171527,0.11668698580023505,0.0,0.0,0.7647002533045468,0.0,0.0,0.1279983756403377,0.10730137105511556,0.0,0.0
2013-12-02,534993219.36219645,78961.11219643475,0.0,534914258.25,0.9998524072654779,Bull,1.0,0.0,0.0,0.0,0.7538812524219057,0.0,0.0,0.1293515459551074,0.11661960888846479,0.0,0.0,0.7647002533045468,0.0,0.0,0.1279983756403377,0.10730137105511556,0.0,0.0
2013-12-03,532372112.11219645,78961.11219643475,0.0,532293151.0,0.9998516806000916,Bull,1.0,0.0,0.0,0.0,0.7543234175184736,0.0,0.0,0.12823248710220336,0.11729577597941462,0.0,0.0,0.7647002533045468,0.0,0.0,0.1279983756403377,0.10730137105511556,0.0,0.0
2013-12-04,533914084.11219645,78961.11219643475,0.0,533835123.0,0.9998521089543316,Bull,1.0,0.0,0.0,0.0,0.7555242219743221,0.0,0.0,0.12747256913660668,0.11685531784340278,0.0,0.0,0.7647002533045468,0.0,0.0,0.1279983756403377,0.10730137105511556,0.0,0.0
2013-12-05,532033654.61219645,78961.11219643475,0.0,531954693.5,0.9998515862455092,Bull,1.0,0.0,0.0,0.0,0.7553388587662243,0.0,0.0,0.1279588225478384,0.11655390493144653,0.0,0.0,0.7647002533045468,0.0,0.0,0.1279983756403377,0.10730137105511556,0.0,0.0
2013-12-06,529982130.61219645,78961.11219643475,0.0,529903169.5,0.9998510117461786,Bull,1.0,0.0,0.0,0.0,0.754141784060374,0.0,0.0,0.12860169440292354,0.11710753328288104,0.0,0.0,0.7647002533045468,0.0,0.0,0.1279983756403377,0.10730137105511556,0.0,0.0
2013-12-09,536099826.61219645,78961.11219643475,0.0,536020865.5,0.9998527119236441,Bull,1.0,0.0,0.0,0.0,0.7542736360415017,0.0,0.0,0.12879504258811703,0.11678403329402541,0.0,0.0,0.7647002533045468,0.0,0.0,0.1279983756403377,0.10730137105511556,0.0,0.0
2013-12-10,538010791.3621964,78961.11219643475,0.0,537931830.25,0.9998532350773178,Bull,1.0,0.0,0.0,0.0,0.7552704086495613,0.0,0.0,0.12791081722684472,0.11667200920091175,0.0,0.0,0.7647002533045468,0.0,0.0,0.1279983756403377,0.10730137105511556,0.0,0.0
2013-12-11,539700033.8621964,78961.11219643475,0.0,539621072.75,0.9998536944464661,Bull,1.0,0.0,0.0,0.0,0.7553688107681173,0.0,0.0,0.12807744239951174,0.11640744127883705,0.0,0.0,0.7647002533045468,0.0,0.0,0.1279983756403377,0.10730137105511556,0.0,0.0
2013-12-12,534311512.11219645,78961.11219643475,0.0,534232551.0,0.9998522189576557,Bull,1.0,0.0,0.0,0.0,0.7545163109181633,0.0,0.0,0.12866913484275402,0.11666677319673846,0.0,0.0,0.7647002533045468,0.0,0.0,0.1279983756403377,0.10730137105511556,0.0,0.0
2013-12-13,537337884.1121964,78961.11219643475,0.0,537258923.0,0.9998530512838735,Bull,1.0,0.0,0.0,0.0,0.7558912836958871,0.0,0.0,0.1280531338557787,0.11590863373220761,0.0,0.0,0.7647002533045468,0.0,0.0,0.1279983756403377,0.10730137105511556,0.0,0.0
2013-12-16,533765969.61219645,78961.11219643475,0.0,533687008.5,0.9998520679161059,Bull,1.0,0.0,0.0,0.0,0.75605758230185,0.0,0.0,0.12802577138750312,0.11576871422675282,0.0,0.0,0.7647002533045468,0.0,0.0,0.1279983756403377,0.10730137105511556,0.0,0.0
2013-12-17,533060628.86219645,78961.11219643475,0.0,532981667.75,0.9998518721737807,Bull,1.0,0.0,0.0,0.0,0.7547870654203057,0.0,0.0,0.1285317209531003,0.11653308580037464,0.0,0.0,0.7647002533045468,0.0,0.0,0.1279983756403377,0.10730137105511556,0.0,0.0
2013-12-18,533468322.86219645,78961.11219643475,0.0,533389361.75,0.9998519853779269,Bull,1.0,0.0,0.0,0.0,0.7551754143311445,0.0,0.0,0.12863969060394803,0.11603688044283426,0.0,0.0,0.7647002533045468,0.0,0.0,0.1279983756403377,0.10730137105511556,0.0,0.0
2013-12-19,535098026.61219645,78961.11219643475,0.0,535019065.5,0.9998524361738047,Bull,1.0,0.0,0.0,0.0,0.7547102501140026,0.0,0.0,0.12874837239855694,0.11639381366124517,0.0,0.0,0.7647002533045468,0.0,0.0,0.1279983756403377,0.10730137105511556,0.0,0.0
2013-12-20,534102514.11219645,78961.11219643475,0.0,534023553.0,0.999852161129914,Bull,1.0,0.0,0.0,0.0,0.7534494640395302,0.0,0.0,0.12958860550403742,0.11681409158634642,0.0,0.0,0.7647002533045468,0.0,0.0,0.1279983756403377,0.10730137105511556,0.0,0.0
2013-12-23,534609612.11219645,78961.11219643475,0.0,534530651.0,0.9998523013608295,Bull,1.0,0.0,0.0,0.0,0.752793705691059,0.0,0.0,0.1295427512542849,0.11751584441548563,0.0,0.0,0.7647002533045468,0.0,0.0,0.1279983756403377,0.10730137105511556,0.0,0.0
2013-12-24,534463312.11219645,78961.11219643475,0.0,534384351.0,0.9998522609309058,Bull,1.0,0.0,0.0,0.0,0.7526742095920564,0.0,0.0,0.12973163625765313,0.11744641508119631,0.0,0.0,0.7647002533045468,0.0,0.0,0.1279983756403377,0.10730137105511556,0.0,0.0
2013-12-25,536153819.36219645,78961.11219643475,0.0,536074858.25,0.9998527267561194,Bull,1.0,0.0,0.0,0.0,0.7528984102551042,0.0,0.0,0.12977693618367242,0.11717738031734279,0.0,0.0,0.7647002533045468,0.0,0.0,0.1279983756403377,0.10730137105511556,0.0,0.0
2013-12-26,537062871.6121964,78961.11219643475,0.0,536983910.5,0.9998529760361959,Bull,1.0,0.0,0.0,0.0,0.7530239602785749,0.0,0.0,0.129849974157879,0.11697904159974196,0.0,0.0,0.7647002533045468,0.0,0.0,0.1279983756403377,0.10730137105511556,0.0,0.0
2013-12-27,538924834.6121964,78961.11219643475,0.0,538845873.5,0.9998534839979062,Bull,1.0,0.0,0.0,0.0,0.7525807820525723,0.0,0.0,0.12979101260073386,0.1174816893446,0.0,0.0,0.7647002533045468,0.0,0.0,0.1279983756403377,0.10730137105511556,0.0,0.0
2013-12-30,544415766.1121964,78961.11219643475,0.0,544336805.0,0.9998549617459459,Bull,1.0,0.0,0.0,0.0,0.7535219046456813,0.0,0.0,0.12903887868949462,0.11729417841077,0.0,0.0,0.7647002533045468,0.0,0.0,0.1279983756403377,0.10730137105511556,0.0,0.0
2013-12-31,541881125.8621964,78961.11219643475,0.0,541802164.75,0.9998542833318455,Bull,1.0,0.0,0.0,0.0,0.7535294094259319,0.0,0.0,0.12868246682157536,0.11764240708433817,0.0,0.0,0.7647002533045468,0.0,0.0,0.1279983756403377,0.10730137105511556,0.0,0.0
2014-01-02,542317151.6121964,78961.11219643475,0.0,542238190.5,0.9998544004887884,Bull,1.0,0.0,0.0,0.0,0.754235578358575,0.0,0.0,0.12837137787923564,0.11724744425097766,0.0,0.0,0.7647002533045468,0.0,0.0,0.1279983756403377,0.10730137105511556,0.0,0.0
2014-01-03,537639884.8621964,78961.11219643475,0.0,537560923.75,0.9998531338272705,Bull,1.0,0.0,0.0,0.0,0.7538946331221118,0.0,0.0,0.12910500495660052,0.11685349574855822,0.0,0.0,0.7647002533045468,0.0,0.0,0.1279983756403377,0.10730137105511556,0.0,0.0
2014-01-06,535898499.86219645,78961.11219643475,0.0,535819538.75,0.9998526565903492,Bull,1.0,0.0,0.0,0.0,0.7543069048596818,0.0,0.0,0.12861651976582097,0.11692923196484645,0.0,0.0,0.7647002533045468,0.0,0.0,0.1279983756403377,0.10730137105511556,0.0,0.0
2014-01-07,534415701.61219645,78961.11219643475,0.0,534336740.5,0.9998522477689966,Bull,1.0,0.0,0.0,0.0,0.7549934241879539,0.0,0.0,0.12760515792158691,0.11725366565945584,0.0,0.0,0.7647002533045468,0.0,0.0,0.1279983756403377,0.10730137105511556,0.0,0.0
2014-01-08,534996701.61219645,78961.11219643475,0.0,534917740.5,0.999852408226147,Bull,1.0,0.0,0.0,0.0,0.7551492173363894,0.0,0.0,0.12737386939891088,0.11732932149084674,0.0,0.0,0.7647002533045468,0.0,0.0,0.1279983756403377,0.10730137105511556,0.0,0.0
2014-01-09,535319475.36219645,78961.11219643475,0.0,535240514.25,0.999852497217399,Bull,1.0,0.0,0.0,0.0,0.7566603362897274,0.0,0.0,0.12644075755735135,0.11675140337032024,0.0,0.0,0.7647002533045468,0.0,0.0,0.1279983756403377,0.10730137105511556,0.0,0.0
2014-01-10,535533799.36219645,78961.11219643475,0.0,535454838.25,0.9998525562489418,Bull,1.0,0.0,0.0,0.0,0.7571401445303857,0.0,0.0,0.12600773299531828,0.11670467872323775,0.0,0.0,0.7647002533045468,0.0,0.0,0.1279983756403377,0.10730137105511556,0.0,0.0
2014-01-13,537087656.8621964,78961.11219643475,0.0,537008695.75,0.9998529828209836,Bull,1.0,0.0,0.0,0.0,0.7564092947573284,0.0,0.0,0.1263689439383525,0.11707474412530265,0.0,0.0,0.7647002533045468,0.0,0.0,0.1279983756403377,0.10730137105511556,0.0,0.0
2014-01-14,537408467.6121964,78961.11219643475,0.0,537329506.5,0.9998530705841921,Bull,1.0,0.0,0.0,0.0,0.7573708473713725,0.0,0.0,0.12567944881869433,0.11680277439412534,0.0,0.0,0.7647002533045468,0.0,0.0,0.1279983756403377,0.10730137105511556,0.0,0.0
2014-01-15,538161599.3621964,78961.11219643475,0.0,538082638.25,0.9998532762049726,Bull,1.0,0.0,0.0,0.0,0.7563992650765757,0.0,0.0,0.12560390797134285,0.11785010315705396,0.0,0.0,0.7647002533045468,0.0,0.0,0.1279983756403377,0.10730137105511556,0.0,0.0
2014-01-16,538907299.3621964,78961.11219643475,0.0,538828338.25,0.9998534792304912,Bull,1.0,0.0,0.0,0.0,0.7556754913729551,0.0,0.0,0.12618867861037247,0.11798930924716367,0.0,0.0,0.7647002533045468,0.0,0.0,0.1279983756403377,0.10730137105511556,0.0,0.0
2014-01-17,538122519.6121964,78961.11219643475,0.0,538043558.5,0.9998532655495381,Bull,1.0,0.0,0.0,0.0,0.7551314871431931,0.0,0.0,0.12635858474944017,0.11836319365690487,0.0,0.0,0.7647002533045468,0.0,0.0,0.1279983756403377,0.10730137105511556,0.0,0.0
2014-01-20,539087923.3621964,78961.11219643475,0.0,539008962.25,0.9998535283229794,Bull,1.0,0.0,0.0,0.0,0.7561997673913892,0.0,0.0,0.12520035614793928,0.11845340478365085,0.0,0.0,0.7647002533045468,0.0,0.0,0.1279983756403377,0.10730137105511556,0.0,0.0
2014-01-21,536663834.61219645,78961.11219643475,0.0,536584873.5,0.9998528667163616,Bull,1.0,0.0,0.0,0.0,0.7561220774141169,0.0,0.0,0.12524823858975276,0.11848255071249203,0.0,0.0,0.7647002533045468,0.0,0.0,0.1279983756403377,0.10730137105511556,0.0,0.0
2014-01-22,538577365.8621964,78961.11219643475,0.0,538498404.75,0.9998533894715942,Bull,1.0,0.0,0.0,0.0,0.7574456904569932,0.0,0.0,0.12414446695687459,0.11826323205772649,0.0,0.0,0.7647002533045468,0.0,0.0,0.1279983756403377,0.10730137105511556,0.0,0.0
2014-01-23,535980462.11219645,78961.11219643475,0.0,535901501.0,0.9998526791221358,Bull,1.0,0.0,0.0,0.0,0.7573360032572037,0.0,0.0,0.12398437013565877,0.1185323057292732,0.0,0.0,0.7647002533045468,0.0,0.0,0.1279983756403377,0.10730137105511556,0.0,0.0
2014-01-24,537749688.1121964,78961.11219643475,0.0,537670727.0,0.9998531638159128,Bull,1.0,0.0,0.0,0.0,0.7588471662950738,0.0,0.0,0.1225607405396563,0.11844525698118279,0.0,0.0,0.7647002533045468,0.0,0.0,0.1279983756403377,0.10730137105511556,0.0,0.0
2014-01-27,530852410.61219645,78961.11219643475,0.0,530773449.5,0.9998512559976785,Bull,1.0,0.0,0.0,0.0,0.7585996436101476,0.0,0.0,0.12341547045900289,0.117836141928528,0.0,0.0,0.7647002533045468,0.0,0.0,0.1279983756403377,0.10730137105511556,0.0,0.0
2014-02-05,519398607.11219645,78961.11219643475,0.0,519319646.0,0.9998479758876608,Bull,1.0,0.0,0.0,0.0,0.760902013575538,0.0,0.0,0.1222748754624234,0.11667108684969946,0.0,0.0,0.7647002533045468,0.0,0.0,0.1279983756403377,0.10730137105511556,0.0,0.0
2014-02-06,520046679.61219645,78961.11219643475,0.0,519967718.5,0.9998481653372822,Bull,1.0,0.0,0.0,0.0,0.7603654325701539,0.0,0.0,0.1225393844404914,0.11694334832663685,0.0,0.0,0.7647002533045468,0.0,0.0,0.1279983756403377,0.10730137105511556,0.0,0.0
2014-02-07,523307962.86219645,78961.11219643475,0.0,523229001.75,0.9998491115790317,Bull,1.0,0.0,0.0,0.0,0.7591495447100879,0.0,0.0,0.12323985984708376,0.11745970702186002,0.0,0.0,0.7647002533045468,0.0,0.0,0.1279983756403377,0.10730137105511556,0.0,0.0
2014-02-10,523538886.86219645,78961.11219643475,0.0,523459925.75,0.9998491781333194,Bull,1.0,0.0,0.0,0.0,0.7586181957378465,0.0,0.0,0.12382308483049372,0.11740789756497921,0.0,0.0,0.7647002533045468,0.0,0.0,0.1279983756403377,0.10730137105511556,0.0,0.0
2014-02-11,523209786.86219645,78961.11219643475,0.0,523130825.75,0.9998490832660643,Bull,1.0,0.0,0.0,0.0,0.7594279306832842,0.0,0.0,0.12221292797957806,0.11820822460320207,0.0,0.0,0.7647002533045468,0.0,0.0,0.1279983756403377,0.10730137105511556,0.0,0.0
2014-02-12,527934923.61219645,78961.11219643475,0.0,527855962.5,0.9998504340049031,Bull,1.0,0.0,0.0,0.0,0.7584761768746705,0.0,0.0,0.12298977979281377,0.1183844773374188,0.0,0.0,0.7647002533045468,0.0,0.0,0.1279983756403377,0.10730137105511556,0.0,0.0
2014-02-13,526025704.86219645,78961.11219643475,0.0,525946743.75,0.9998498911527202,Bull,1.0,0.0,0.0,0.0,0.7581305249226805,0.0,0.0,0.12321489121330953,0.1185044750167301,0.0,0.0,0.7647002533045468,0.0,0.0,0.1279983756403377,0.10730137105511556,0.0,0.0
2014-02-14,529082751.11219645,78961.11219643475,0.0,529003790.0,0.9998507584833743,Bull,1.0,0.0,0.0,0.0,0.7571308819989344,0.0,0.0,0.12377118676112976,0.11894868972331019,0.0,0.0,0.7647002533045468,0.0,0.0,0.1279983756403377,0.10730137105511556,0.0,0.0
2014-02-17,528671949.36219645,78961.11219643475,0.0,528592988.25,0.9998506425160409,Bull,1.0,0.0,0.0,0.0,0.7574952458384319,0.0,0.0,0.12331427850229293,0.11904111817531618,0.0,0.0,0.7647002533045468,0.0,0.0,0.1279983756403377,0.10730137105511556,0.0,0.0
2014-02-18,532290019.61219645,78961.11219643475,0.0,532211058.5,0.9998516577255122,Bull,1.0,0.0,0.0,0.0,0.7581287336441233,0.0,0.0,0.12308290139975193,0.11864002268163702,0.0,0.0,0.7647002533045468,0.0,0.0,0.1279983756403377,0.10730137105511556,0.0,0.0
2014-02-19,532962362.11219645,78961.11219643475,0.0,532883401.0,0.9998518448622085,Bull,1.0,0.0,0.0,0.0,0.7567275471416832,0.0,0.0,0.1246339417604437,0.11849035596008148,0.0,0.0,0.7647002533045468,0.0,0.0,0.1279983756403377,0.10730137105511556,0.0,0.0
2014-02-20,528974349.36219645,78961.11219643475,0.0,528895388.25,0.9998507278995822,Bull,1.0,0.0,0.0,0.0,0.756075391429145,0.0,0.0,0.12541817969055052,0.11835715677988662,0.0,0.0,0.7647002533045468,0.0,0.0,0.1279983756403377,0.10730137105511556,0.0,0.0
2014-02-21,534656060.36219645,78961.11219643475,0.0,534577099.25,0.99985231419215,Bull,1.0,0.0,0.0,0.0,0.756387010699999,0.0,0.0,0.12524874393948765,0.11821655955266341,0.0,0.0,0.7647002533045468,0.0,0.0,0.1279983756403377,0.10730137105511556,0.0,0.0
2014-02-24,532412938.11219645,78961.11219643475,0.0,532333977.0,0.9998516919733836,Bull,1.0,0.0,0.0,0.0,0.7567212367688528,0.0,0.0,0.12502776554609635,0.11810268965843444,0.0,0.0,0.7647002533045468,0.0,0.0,0.1279983756403377,0.10730137105511556,0.0,0.0
2014-02-25,530263108.61219645,78961.11219643475,0.0,530184147.5,0.9998510906926882,Bull,1.0,0.0,0.0,0.0,0.7562676735131565,0.0,0.0,0.12448989742614289,0.11909351975338886,0.0,0.0,0.7647002533045468,0.0,0.0,0.1279983756403377,0.10730137105511556,0.0,0.0
2014-02-26,529846945.61219645,78961.11219643475,0.0,529767984.5,0.9998509737333576,Bull,1.0,0.0,0.0,0.0,0.7556513967206,0.0,0.0,0.12450010431556131,0.11969947269719637,0.0,0.0,0.7647002533045468,0.0,0.0,0.1279983756403377,0.10730137105511556,0.0,0.0
2014-02-27,533841591.36219645,78961.11219643475,0.0,533762630.25,0.9998520888715415,Bull,1.0,0.0,0.0,0.0,0.7562798342852948,0.0,0.0,0.12497190379970904,0.11860035078653768,0.0,0.0,0.7647002533045468,0.0,0.0,0.1279983756403377,0.10730137105511556,0.0,0.0
2014-03-03,528759827.11219645,78961.11219643475,0.0,528680866.0,0.9998506673386522,Bull,1.0,0.0,0.0,0.0,0.755813406216279,0.0,0.0,0.12501592710062986,0.11902133402174335,0.0,0.0,0.7647002533045468,0.0,0.0,0.1279983756403377,0.10730137105511556,0.0,0.0
2014-03-04,526061065.86219645,78961.11219643475,0.0,525982104.75,0.9998499012428015,Bull,1.0,0.0,0.0,0.0,0.7557200685407517,0.0,0.0,0.12501400363513573,0.11911582906691404,0.0,0.0,0.7647002533045468,0.0,0.0,0.1279983756403377,0.10730137105511556,0.0,0.0
2014-03-05,527446806.61219645,78961.11219643475,0.0,527367845.5,0.9998502955915051,Bull,1.0,0.0,0.0,0.0,0.7547101252860163,0.0,0.0,0.12510190444382568,0.12003826586166302,0.0,0.0,0.7647002533045468,0.0,0.0,0.1279983756403377,0.10730137105511556,0.0,0.0
2014-03-06,531674575.11219645,78961.11219643475,0.0,531595614.0,0.9998514860106301,Bull,1.0,0.0,0.0,0.0,0.7546024067736101,0.0,0.0,0.12442912092615957,0.12081995831086041,0.0,0.0,0.7647002533045468,0.0,0.0,0.1279983756403377,0.10730137105511556,0.0,0.0
2014-03-07,534174014.11219645,78961.11219643475,0.0,534095053.0,0.9998521809183705,Bull,1.0,0.0,0.0,0.0,0.7547447879321968,0.0,0.0,0.12434449869373276,0.12076289429244087,0.0,0.0,0.7647002533045468,0.0,0.0,0.1279983756403377,0.10730137105511556,0.0,0.0
2014-03-10,530770766.11219645,78961.11219643475,0.0,530691805.0,0.9998512331175003,Bull,1.0,0.0,0.0,0.0,0.7543518418182142,0.0,0.0,0.12467830601282878,0.12082108528645737,0.0,0.0,0.7647002533045468,0.0,0.0,0.1279983756403377,0.10730137105511556,0.0,0.0
2014-03-11,529321636.61219645,78961.11219643475,0.0,529242675.5,0.9998508258368167,Bull,1.0,0.0,0.0,0.0,0.7519030925077992,0.0,0.0,0.12618037008174143,0.12176736324727609,0.0,0.0,0.7647002533045468,0.0,0.0,0.1279983756403377,0.10730137105511556,0.0,0.0
2014-03-12,529885884.61219645,78961.11219643475,0.0,529806923.5,0.9998509846846473,Bull,1.0,0.0,0.0,0.0,0.7533881069358294,0.0,0.0,0.12595240208907393,0.12051047565974397,0.0,0.0,0.7647002533045468,0.0,0.0,0.1279983756403377,0.10730137105511556,0.0,0.0
2014-03-13,528697379.11219645,78961.11219643475,0.0,528618418.0,0.9998506496999682,Bull,1.0,0.0,0.0,0.0,0.7506969651835071,0.0,0.0,0.1264209028466094,0.12273278166985166,0.0,0.0,0.7647002533045468,0.0,0.0,0.1279983756403377,0.10730137105511556,0.0,0.0
2014-03-14,526263484.7105328,2557.4605328110047,0.0,526260927.25,0.9999951403420395,Bull,1.0,0.0,0.0,0.0,0.7568871655024555,0.0,0.0,0.12632835439184598,0.11677962044773803,0.0,0.0,0.7647002533045468,0.0,0.0,0.1279983756403377,0.10730137105511556,0.0,0.0
2014-03-17,527723037.9605328,2557.4605328110047,0.0,527720480.5,0.9999951537826686,Bull,1.0,0.0,0.0,0.0,0.7568165529469825,0.0,0.0,0.12691884792228672,0.11625975291339934,0.0,0.0,0.7647002533045468,0.0,0.0,0.1279983756403377,0.10730137105511556,0.0,0.0
2014-03-18,530153399.4605328,2557.4605328110047,0.0,530150842.0,0.9999951759989931,Bull,1.0,0.0,0.0,0.0,0.7550785157792822,0.0,0.0,0.128503938802097,0.11641272141761394,0.0,0.0,0.7647002533045468,0.0,0.0,0.1279983756403377,0.10730137105511556,0.0,0.0
2014-03-19,528382504.9605328,2557.4605328110047,0.0,528379947.5,0.9999951598311663,Bull,1.0,0.0,0.0,0.0,0.7538364608225472,0.0,0.0,0.1296507726067065,0.11650792640191265,0.0,0.0,0.7647002533045468,0.0,0.0,0.1279983756403377,0.10730137105511556,0.0,0.0
2014-03-20,524127482.9605328,2557.4605328110047,0.0,524124925.5,0.9999951205372435,Bull,1.0,0.0,0.0,0.0,0.753482002640449,0.0,0.0,0.1305461022831964,0.11596701561359814,0.0,0.0,0.7647002533045468,0.0,0.0,0.1279983756403377,0.10730137105511556,0.0,0.0
2014-03-21,524044612.4605328,2557.4605328110047,0.0,524042055.0,0.999995119765623,Bull,1.0,0.0,0.0,0.0,0.7544459872293332,0.0,0.0,0.12956377832262042,0.11598535421366939,0.0,0.0,0.7647002533045468,0.0,0.0,0.1279983756403377,0.10730137105511556,0.0,0.0
2014-03-24,525469662.4605328,2557.4605328110047,0.0,525467105.0,0.9999951330005984,Bull,1.0,0.0,0.0,0.0,0.7544781046798817,0.0,0.0,0.12954962933776024,0.11596739898295634,0.0,0.0,0.7647002533045468,0.0,0.0,0.1279983756403377,0.10730137105511556,0.0,0.0
2014-03-25,526917001.4605328,2557.4605328110047,0.0,526914444.0,0.9999951463693035,Bull,1.0,0.0,0.0,0.0,0.7534112448442889,0.0,0.0,0.12994911876102888,0.11663478276398574,0.0,0.0,0.7647002533045468,0.0,0.0,0.1279983756403377,0.10730137105511556,0.0,0.0
2014-03-26,527895573.7105328,2557.4605328110047,0.0,527893016.25,0.9999951553665911,Bull,1.0,0.0,0.0,0.0,0.7539027339301582,0.0,0.0,0.12859134150880944,0.11750107992762354,0.0,0.0,0.7647002533045468,0.0,0.0,0.1279983756403377,0.10730137105511556,0.0,0.0
2014-03-27,527132988.4605328,2557.4605328110047,0.0,527130431.0,0.9999951483580258,Bull,1.0,0.0,0.0,0.0,0.7512112496629457,0.0,0.0,0.13091573001632942,0.11786816867875065,0.0,0.0,0.7647002533045468,0.0,0.0,0.1279983756403377,0.10730137105511556,0.0,0.0
2014-03-28,531545299.4605328,2557.4605328110047,0.0,531542742.0,0.9999951886310812,Bull,1.0,0.0,0.0,0.0,0.7524465786940836,0.0,0.0,0.13046338679013947,0.11708522314685811,0.0,0.0,0.7647002533045468,0.0,0.0,0.1279983756403377,0.10730137105511556,0.0,0.0
2014-03-31,534769110.4605328,2557.4605328110047,0.0,534766553.0,0.9999952176360176,Bull,1.0,0.0,0.0,0.0,0.7532945436079567,0.0,0.0,0.12993271047417404,0.11676796355388688,0.0,0.0,0.7647002533045468,0.0,0.0,0.1279983756403377,0.10730137105511556,0.0,0.0
2014-04-01,535739419.4605328,2557.4605328110047,0.0,535736862.0,0.9999952262976367,Bull,1.0,0.0,0.0,0.0,0.7525058775886834,0.0,0.0,0.1299631826049143,0.117526166104039,0.0,0.0,0.7647002533045468,0.0,0.0,0.1279983756403377,0.10730137105511556,0.0,0.0
2014-04-02,533914881.2105328,2557.4605328110047,0.0,533912323.75,0.9999952099845447,Bull,1.0,0.0,0.0,0.0,0.7519818942669312,0.0,0.0,0.1296963288286671,0.11831698688894643,0.0,0.0,0.7647002533045468,0.0,0.0,0.1279983756403377,0.10730137105511556,0.0,0.0
2014-04-03,535105680.9605328,2557.4605328110047,0.0,535103123.5,0.9999952206440265,Bull,1.0,0.0,0.0,0.0,0.7531614554653274,0.0,0.0,0.12907132638925223,0.11776243878944682,0.0,0.0,0.7647002533045468,0.0,0.0,0.1279983756403377,0.10730137105511556,0.0,0.0
2014-04-07,533957903.4605328,2557.4605328110047,0.0,533955346.0,0.9999952103704877,Bull,1.0,0.0,0.0,0.0,0.7528103683733774,0.0,0.0,0.12946114207130463,0.11772369992580553,0.0,0.0,0.7647002533045468,0.0,0.0,0.1279983756403377,0.10730137105511556,0.0,0.0
2014-04-08,536053299.2105328,2557.4605328110047,0.0,536050741.75,0.9999952290928223,Bull,1.0,0.0,0.0,0.0,0.7530541129856145,0.0,0.0,0.12909611805750876,0.1178449980496991,0.0,0.0,0.7647002533045468,0.0,0.0,0.1279983756403377,0.10730137105511556,0.0,0.0
2014-04-09,537446299.2105328,2557.4605328110047,0.0,537443741.75,0.999995241458474,Bull,1.0,0.0,0.0,0.0,0.7527210483061259,0.0,0.0,0.12934799272432612,0.11792620042802206,0.0,0.0,0.7647002533045468,0.0,0.0,0.1279983756403377,0.10730137105511556,0.0,0.0
2014-04-10,539438108.2105328,2557.4605328110047,0.0,539435550.75,0.9999952590288045,Bull,1.0,0.0,0.0,0.0,0.7527713459048335,0.0,0.0,0.12934792506866796,0.11787598805530299,0.0,0.0,0.7647002533045468,0.0,0.0,0.1279983756403377,0.10730137105511556,0.0,0.0
2014-04-11,538957991.7105328,2557.4605328110047,0.0,538955434.25,0.9999952548054355,Bull,1.0,0.0,0.0,0.0,0.752121297920589,0.0,0.0,0.12998935181877339,0.117884605066073,0.0,0.0,0.7647002533045468,0.0,0.0,0.1279983756403377,0.10730137105511556,0.0,0.0
2014-04-14,538060965.9605328,2557.4605328110047,0.0,538058408.5,0.9999952468945071,Bull,1.0,0.0,0.0,0.0,0.7523761880353428,0.0,0.0,0.12973102383554083,0.11788803502362354,0.0,0.0,0.7647002533045468,0.0,0.0,0.1279983756403377,0.10730137105511556,0.0,0.0
2014-04-15,537318101.2105328,2557.4605328110047,0.0,537315543.75,0.99999524032314,Bull,1.0,0.0,0.0,0.0,0.7502797557755113,0.0,0.0,0.13108436109134997,0.11863112345627876,0.0,0.0,0.7647002533045468,0.0,0.0,0.1279983756403377,0.10730137105511556,0.0,0.0
2014-04-16,536015030.7105328,2557.4605328110047,0.0,536012473.25,0.999995228752206,Bull,1.0,0.0,0.0,0.0,0.7498158637776094,0.0,0.0,0.13135676420615802,0.11882260076843862,0.0,0.0,0.7647002533045468,0.0,0.0,0.1279983756403377,0.10730137105511556,0.0,0.0
2014-04-17,538370552.7105328,2557.4605328110047,0.0,538367995.25,0.9999952496277519,Bull,1.0,0.0,0.0,0.0,0.751222263576244,0.0,0.0,0.13075975208073956,0.11801323397076839,0.0,0.0,0.7647002533045468,0.0,0.0,0.1279983756403377,0.10730137105511556,0.0,0.0
2014-04-18,539363034.2105328,2557.4605328110047,0.0,539360476.75,0.9999952583689082,Bull,1.0,0.0,0.0,0.0,0.7503970444367102,0.0,0.0,0.13103159749063106,0.11856661644156696,0.0,0.0,0.7647002533045468,0.0,0.0,0.1279983756403377,0.10730137105511556,0.0,0.0
2014-04-21,537198071.2105328,2557.4605328110047,0.0,537195513.75,0.9999952392596514,Bull,1.0,0.0,0.0,0.0,0.7502697521638041,0.0,0.0,0.1306810351009011,0.11904445199494627,0.0,0.0,0.7647002533045468,0.0,0.0,0.1279983756403377,0.10730137105511556,0.0,0.0
2014-04-22,536726915.4605328,2557.4605328110047,0.0,536724358.0,0.999995235080524,Bull,1.0,0.0,0.0,0.0,0.7500732614733261,0.0,0.0,0.13038585914766923,0.11953611445952864,0.0,0.0,0.7647002533045468,0.0,0.0,0.1279983756403377,0.10730137105511556,0.0,0.0
2014-04-23,535302769.2105328,2557.4605328110047,0.0,535300211.75,0.999995222403694,Bull,1.0,0.0,0.0,0.0,0.7494238491268139,0.0,0.0,0.13091133472623392,0.11966003855064616,0.0,0.0,0.7647002533045468,0.0,0.0,0.1279983756403377,0.10730137105511556,0.0,0.0
2014-04-24,536201344.6092692,44184.609269186854,0.0,536157160.0,0.9999175969815939,Bull,1.0,0.0,0.0,0.0,0.7542344197116899,0.0,0.0,0.12879378370511865,0.11688939356478542,0.0,0.0,0.7647002533045468,0.0,0.0,0.1279983756403377,0.10730137105511556,0.0,0.0
2014-04-25,530300874.3592692,44184.609269186854,0.0,530256689.75,0.9999166801123559,Bull,1.0,0.0,0.0,0.0,0.7547692434669354,0.0,0.0,0.1289671643152262,0.1161802723301942,0.0,0.0,0.7647002533045468,0.0,0.0,0.1279983756403377,0.10730137105511556,0.0,0.0
2014-04-28,531211304.3592692,44184.609269186854,0.0,531167119.75,0.9999168229122637,Bull,1.0,0.0,0.0,0.0,0.7533141077121308,0.0,0.0,0.12957066130778205,0.11703205389235088,0.0,0.0,0.7647002533045468,0.0,0.0,0.1279983756403377,0.10730137105511556,0.0,0.0
2014-04-29,533691026.3592692,44184.609269186854,0.0,533646841.75,0.9999172093831695,Bull,1.0,0.0,0.0,0.0,0.753930779939957,0.0,0.0,0.1293079639558032,0.11667846548740923,0.0,0.0,0.7647002533045468,0.0,0.0,0.1279983756403377,0.10730137105511556,0.0,0.0
2014-04-30,529421119.1092692,44184.609269186854,0.0,529376934.5,0.9999165416571527,Bull,1.0,0.0,0.0,0.0,0.7520818874205519,0.0,0.0,0.13088616509402637,0.11694848914257448,0.0,0.0,0.7647002533045468,0.0,0.0,0.1279983756403377,0.10730137105511556,0.0,0.0
2014-05-02,534002946.6092692,44184.609269186854,0.0,533958762.0,0.9999172577425841,Bull,1.0,0.0,0.0,0.0,0.7534888422524216,0.0,0.0,0.12991314081785593,0.11651527467230645,0.0,0.0,0.7647002533045468,0.0,0.0,0.1279983756403377,0.10730137105511556,0.0,0.0
2014-05-05,532453130.1092692,44184.609269186854,0.0,532408945.5,0.9999170169038913,Bull,1.0,0.0,0.0,0.0,0.7533512769803455,0.0,0.0,0.12990195021636122,0.11666378970718463,0.0,0.0,0.7647002533045468,0.0,0.0,0.1279983756403377,0.10730137105511556,0.0,0.0
2014-05-06,535342318.8592692,44184.609269186854,0.0,535298134.25,0.99991746475533,Bull,1.0,0.0,0.0,0.0,0.754115581802393,0.0,0.0,0.12910412191450332,0.11669776103843374,0.0,0.0,0.7647002533045468,0.0,0.0,0.1279983756403377,0.10730137105511556,0.0,0.0
2014-05-07,535376374.6092692,44184.609269186854,0.0,535332190.0,0.9999174700054677,Bull,1.0,0.0,0.0,0.0,0.7549113281193387,0.0,0.0,0.12860018346952282,0.11640595841660625,0.0,0.0,0.7647002533045468,0.0,0.0,0.1279983756403377,0.10730137105511556,0.0,0.0
2014-05-08,537707230.1092691,44184.609269186854,0.0,537663045.5,0.9999178277568257,Bull,1.0,0.0,0.0,0.0,0.7543878393034974,0.0,0.0,0.12877918711624617,0.11675080133708216,0.0,0.0,0.7647002533045468,0.0,0.0,0.1279983756403377,0.10730137105511556,0.0,0.0
2014-05-09,536626231.8592692,44184.609269186854,0.0,536582047.25,0.9999176622262461,Bull,1.0,0.0,0.0,0.0,0.7548311528613979,0.0,0.0,0.12885709996028327,0.11622940940456496,0.0,0.0,0.7647002533045468,0.0,0.0,0.1279983756403377,0.10730137105511556,0.0,0.0
2014-05-12,533460387.3592692,44184.609269186854,0.0,533416202.75,0.9999171735890495,Bull,1.0,0.0,0.0,0.0,0.7549215692350554,0.0,0.0,0.12864722784708102,0.11634837650691318,0.0,0.0,0.7647002533045468,0.0,0.0,0.1279983756403377,0.10730137105511556,0.0,0.0
2014-05-13,534013276.6092692,44184.609269186854,0.0,533969092.0,0.9999172593431577,Bull,1.0,0.0,0.0,0.0,0.7546168974649895,0.0,0.0,0.12850223581652592,0.11679812606164214,0.0,0.0,0.7647002533045468,0.0,0.0,0.1279983756403377,0.10730137105511556,0.0,0.0
2014-05-14,536923776.1092691,44184.609269186854,0.0,536879591.5,0.9999177078549412,Bull,1.0,0.0,0.0,0.0,0.7551919090606277,0.0,0.0,0.12789916009609634,0.1168266386982171,0.0,0.0,0.7647002533045468,0.0,0.0,0.1279983756403377,0.10730137105511556,0.0,0.0
2014-05-15,537434722.1092691,44184.609269186854,0.0,537390537.5,0.9999177860911261,Bull,1.0,0.0,0.0,0.0,0.7551488037601812,0.0,0.0,0.12814784227133988,0.11662114005960506,0.0,0.0,0.7647002533045468,0.0,0.0,0.1279983756403377,0.10730137105511556,0.0,0.0
2014-05-16,538102424.3592691,44184.609269186854,0.0,538058239.75,0.9999178881059275,Bull,1.0,0.0,0.0,0.0,0.7549345094174401,0.0,0.0,0.12831832170653665,0.11666505698195079,0.0,0.0,0.7647002533045468,0.0,0.0,0.1279983756403377,0.10730137105511556,0.0,0.0
2014-05-19,538849154.1092691,44184.609269186854,0.0,538804969.5,0.9999180018954615,Bull,1.0,0.0,0.0,0.0,0.7548586026313354,0.0,0.0,0.1285560151143019,0.1165033841498242,0.0,0.0,0.7647002533045468,0.0,0.0,0.1279983756403377,0.10730137105511556,0.0,0.0
2014-05-20,537601518.8592691,44184.609269186854,0.0,537557334.25,0.9999178115988904,Bull,1.0,0.0,0.0,0.0,0.753018211535174,0.0,0.0,0.12965383756336873,0.11724576250034759,0.0,0.0,0.7647002533045468,0.0,0.0,0.1279983756403377,0.10730137105511556,0.0,0.0
2014-05-21,537116467.1092691,44184.609269186854,0.0,537072282.5,0.9999177373773198,Bull,1.0,0.0,0.0,0.0,0.7517281767081986,0.0,0.0,0.13140483362920524,0.11678472703991596,0.0,0.0,0.7647002533045468,0.0,0.0,0.1279983756403377,0.10730137105511556,0.0,0.0
2014-05-22,543458024.1092691,44184.609269186854,0.0,543413839.5,0.9999186972915864,Bull,1.0,0.0,0.0,0.0,0.7506642121415721,0.0,0.0,0.13224498822663386,0.11700949692338054,0.0,0.0,0.7647002533045468,0.0,0.0,0.1279983756403377,0.10730137105511556,0.0,0.0
2014-05-23,545281213.1092691,44184.609269186854,0.0,545237028.5,0.9999189691333447,Bull,1.0,0.0,0.0,0.0,0.751780124905667,0.0,0.0,0.13133443492697264,0.11680440930070496,0.0,0.0,0.7647002533045468,0.0,0.0,0.1279983756403377,0.10730137105511556,0.0,0.0
2014-05-26,545645020.6092691,44184.609269186854,0.0,545600836.0,0.9999190231604793,Bull,1.0,0.0,0.0,0.0,0.7520048209032067,0.0,0.0,0.13062961688977096,0.11728458536750161,0.0,0.0,0.7647002533045468,0.0,0.0,0.1279983756403377,0.10730137105511556,0.0,0.0
2014-05-27,547403776.1092691,44184.609269186854,0.0,547359591.5,0.9999192833312492,Bull,1.0,0.0,0.0,0.0,0.7532425048849021,0.0,0.0,0.12967630677401534,0.1170004716723318,0.0,0.0,0.7647002533045468,0.0,0.0,0.1279983756403377,0.10730137105511556,0.0,0.0
2014-05-28,553158105.3592691,44184.609269186854,0.0,553113920.75,0.9999201230012883,Bull,1.0,0.0,0.0,0.0,0.7538376762628641,0.0,0.0,0.12919814300394838,0.11688430373447584,0.0,0.0,0.7647002533045468,0.0,0.0,0.1279983756403377,0.10730137105511556,0.0,0.0
2014-05-29,552411564.6092691,44184.609269186854,0.0,552367380.0,0.9999200150538116,Bull,1.0,0.0,0.0,0.0,0.7543391679258988,0.0,0.0,0.1290898029088862,0.11649104421902652,0.0,0.0,0.7647002533045468,0.0,0.0,0.1279983756403377,0.10730137105511556,0.0,0.0
2014-05-30,555702277.1092691,44184.609269186854,0.0,555658092.5,0.9999204887021537,Bull,1.0,0.0,0.0,0.0,0.7567665453659977,0.0,0.0,0.12790068158389858,0.11525326175225727,0.0,0.0,0.7647002533045468,0.0,0.0,0.1279983756403377,0.10730137105511556,0.0,0.0
2014-06-03,556168473.3592691,44184.609269186854,0.0,556124288.75,0.9999205553507874,Bull,1.0,0.0,0.0,0.0,0.7564879328897472,0.0,0.0,0.1281847199453666,0.11524790251567349,0.0,0.0,0.7647002533045468,0.0,0.0,0.1279983756403377,0.10730137105511556,0.0,0.0
2014-06-04,553380146.1092691,44184.609269186854,0.0,553335961.5,0.9999201550514961,Bull,1.0,0.0,0.0,0.0,0.7558758015460245,0.0,0.0,0.1277572036096143,0.11628714989585731,0.0,0.0,0.7647002533045468,0.0,0.0,0.1279983756403377,0.10730137105511556,0.0,0.0
2014-06-05,552756608.8592691,44184.609269186854,0.0,552712424.25,0.9999200649823793,Bull,1.0,0.0,0.0,0.0,0.7566399343702511,0.0,0.0,0.12686180296372246,0.11641832764840565,0.0,0.0,0.7647002533045468,0.0,0.0,0.1279983756403377,0.10730137105511556,0.0,0.0
2014-06-06,553594175.3592691,44184.609269186854,0.0,553549990.75,0.9999201859209583,Bull,1.0,0.0,0.0,0.0,0.7567939826644803,0.0,0.0,0.1266089910619332,0.11651721219454479,0.0,0.0,0.7647002533045468,0.0,0.0,0.1279983756403377,0.10730137105511556,0.0,0.0
2014-06-09,554944356.8592691,44184.609269186854,0.0,554900172.25,0.999920380108883,Bull,1.0,0.0,0.0,0.0,0.7554810983622985,0.0,0.0,0.12774830327354447,0.11669097847304,0.0,0.0,0.7647002533045468,0.0,0.0,0.1279983756403377,0.10730137105511556,0.0,0.0
2014-06-10,558899743.8592691,44184.609269186854,0.0,558855559.25,0.9999209435864758,Bull,1.0,0.0,0.0,0.0,0.7556078954946477,0.0,0.0,0.12772147560327807,0.11659157248854998,0.0,0.0,0.7647002533045468,0.0,0.0,0.1279983756403377,0.10730137105511556,0.0,0.0
2014-06-11,557888003.1092691,44184.609269186854,0.0,557843818.5,0.9999208002161314,Bull,1.0,0.0,0.0,0.0,0.7554053253542674,0.0,0.0,0.12780342936687067,0.11671204549499334,0.0,0.0,0.7647002533045468,0.0,0.0,0.1279983756403377,0.10730137105511556,0.0,0.0
2014-06-12,558299939.8592691,44184.609269186854,0.0,558255755.25,0.9999208586530024,Bull,1.0,0.0,0.0,0.0,0.7558226772447219,0.0,0.0,0.12774495375725395,0.1163532276510266,0.0,0.0,0.7647002533045468,0.0,0.0,0.1279983756403377,0.10730137105511556,0.0,0.0
2014-06-13,558712804.6092691,44184.609269186854,0.0,558668620.0,0.9999209171350565,Bull,1.0,0.0,0.0,0.0,0.7563391540588104,0.0,0.0,0.12758701682137424,0.11599474625487191,0.0,0.0,0.7647002533045468,0.0,0.0,0.1279983756403377,0.10730137105511556,0.0,0.0
2014-06-16,558853693.6092691,44184.609269186854,0.0,558809509.0,0.9999209370721275,Bull,1.0,0.0,0.0,0.0,0.7561365592323451,0.0,0.0,0.12772806338452386,0.11605631445525845,0.0,0.0,0.7647002533045468,0.0,0.0,0.1279983756403377,0.10730137105511556,0.0,0.0
2014-06-17,560597600.6092691,44184.609269186854,0.0,560553416.0,0.9999211830210812,Bull,1.0,0.0,0.0,0.0,0.7561660369921158,0.0,0.0,0.12724510401484682,0.11651004201411853,0.0,0.0,0.7647002533045468,0.0,0.0,0.1279983756403377,0.10730137105511556,0.0,0.0
2014-06-18,561236850.6092691,44184.609269186854,0.0,561192666.0,0.9999212727937925,Bull,1.0,0.0,0.0,0.0,0.7556147917579311,0.0,0.0,0.12765786837094178,0.11664861266491963,0.0,0.0,0.7647002533045468,0.0,0.0,0.1279983756403377,0.10730137105511556,0.0,0.0
2014-06-19,561030458.3592691,44184.609269186854,0.0,560986273.75,0.9999212438315767,Bull,1.0,0.0,0.0,0.0,0.7542733508400944,0.0,0.0,0.12814224063742802,0.11750565235405427,0.0,0.0,0.7647002533045468,0.0,0.0,0.1279983756403377,0.10730137105511556,0.0,0.0
2014-06-20,558225195.8592691,44184.609269186854,0.0,558181011.25,0.9999208480563098,Bull,1.0,0.0,0.0,0.0,0.7541308854789304,0.0,0.0,0.12805745876440452,0.11773250381297479,0.0,0.0,0.7647002533045468,0.0,0.0,0.1279983756403377,0.10730137105511556,0.0,0.0
2014-06-23,560178904.8592691,44184.609269186854,0.0,560134720.25,0.9999211241107334,Bull,1.0,0.0,0.0,0.0,0.7549972278164445,0.0,0.0,0.1276925985243416,0.11723129776994737,0.0,0.0,0.7647002533045468,0.0,0.0,0.1279983756403377,0.10730137105511556,0.0,0.0
2014-06-24,562503310.3592691,44184.609269186854,0.0,562459125.75,0.9999214500457946,Bull,1.0,0.0,0.0,0.0,0.7557424426151111,0.0,0.0,0.12725169555763574,0.1169273118730477,0.0,0.0,0.7647002533045468,0.0,0.0,0.1279983756403377,0.10730137105511556,0.0,0.0
2014-06-25,563798791.6092691,44184.609269186854,0.0,563754607.0,0.999921630535704,Bull,1.0,0.0,0.0,0.0,0.7572723875149588,0.0,0.0,0.126260646633904,0.11638859638684118,0.0,0.0,0.7647002533045468,0.0,0.0,0.1279983756403377,0.10730137105511556,0.0,0.0
2014-06-26,566601722.8592691,44184.609269186854,0.0,566557538.25,0.9999220182228776,Bull,1.0,0.0,0.0,0.0,0.7573907225068361,0.0,0.0,0.1254644967213711,0.11706679899467037,0.0,0.0,0.7647002533045468,0.0,0.0,0.1279983756403377,0.10730137105511556,0.0,0.0
2014-06-27,567458049.1092691,44184.609269186854,1366400.0,566047464.5,0.997514204598061,Bull,1.0,0.0,0.0,0.0,0.7573650865902923,0.0,0.0,0.12325897942551098,0.11689013858225757,0.0,0.0,0.7647002533045468,0.0,0.0,0.1279983756403377,0.10730137105511556,0.0,0.0
2014-06-30,567995365.6092691,44184.609269186854,1366400.0,566584781.0,0.9975165561293691,Bull,1.0,0.0,0.0,0.0,0.7573018320996323,0.0,0.0,0.12236297020742065,0.11785175382231608,0.0,0.0,0.7647002533045468,0.0,0.0,0.1279983756403377,0.10730137105511556,0.0,0.0
2014-07-01,568431541.6092691,44184.609269186854,1366400.0,567020957.0,0.9975184617565808,Bull,1.0,0.0,0.0,0.0,0.7569017120020143,0.0,0.0,0.12178405829489453,0.11883269145967203,0.0,0.0,0.7647002533045468,0.0,0.0,0.1279983756403377,0.10730137105511556,0.0,0.0
2014-07-02,569594404.6092691,44184.609269186854,1366400.0,568183820.0,0.9975235279738452,Bull,1.0,0.0,0.0,0.0,0.7562030394162174,0.0,0.0,0.12175031818925891,0.11957017036836898,0.0,0.0,0.7647002533045468,0.0,0.0,0.1279983756403377,0.10730137105511556,0.0,0.0
2014-07-03,566392691.8592691,44184.609269186854,1366400.0,564982107.25,0.9975095289371784,Bull,1.0,0.0,0.0,0.0,0.7547420957123075,0.0,0.0,0.12144612914089509,0.1213213040839758,0.0,0.0,0.7647002533045468,0.0,0.0,0.1279983756403377,0.10730137105511556,0.0,0.0
2014-07-04,566571008.3592691,44184.609269186854,1366400.0,565160423.75,0.9975103127614064,Bull,1.0,0.0,0.0,0.0,0.7557736231333494,0.0,0.0,0.12045356891386287,0.12128312071419425,0.0,0.0,0.7647002533045468,0.0,0.0,0.1279983756403377,0.10730137105511556,0.0,0.0
2014-07-07,565424004.6092691,44184.609269186854,1366400.0,564013420.0,0.9975052622496211,Bull,1.0,0.0,0.0,0.0,0.7549020142768142,0.0,0.0,0.12125360692349368,0.12134964104931316,0.0,0.0,0.7647002533045468,0.0,0.0,0.1279983756403377,0.10730137105511556,0.0,0.0
2014-07-08,570042734.1092691,44184.609269186854,1366400.0,568632149.5,0.997525475679515,Bull,1.0,0.0,0.0,0.0,0.7558989418105688,0.0,0.0,0.12099303415869729,0.12063349971024888,0.0,0.0,0.7647002533045468,0.0,0.0,0.1279983756403377,0.10730137105511556,0.0,0.0
2014-07-09,571320380.3592691,44184.609269186854,1366400.0,569909795.75,0.9975310094690091,Bull,1.0,0.0,0.0,0.0,0.7560776065407725,0.0,0.0,0.12091201780087041,0.12054138512736619,0.0,0.0,0.7647002533045468,0.0,0.0,0.1279983756403377,0.10730137105511556,0.0,0.0
2014-07-10,576050254.3592691,44184.609269186854,1366400.0,574639669.75,0.9975512820303533,Bull,1.0,0.0,0.0,0.0,0.7572277183267269,0.0,0.0,0.11989092874686397,0.12043263495676242,0.0,0.0,0.7647002533045468,0.0,0.0,0.1279983756403377,0.10730137105511556,0.0,0.0
2014-07-11,572726273.3592691,44184.609269186854,1366400.0,571315688.75,0.9975370701941164,Bull,1.0,0.0,0.0,0.0,0.755703394243447,0.0,0.0,0.12079068696155944,0.12104298898910996,0.0,0.0,0.7647002533045468,0.0,0.0,0.1279983756403377,0.10730137105511556,0.0,0.0
2014-07-14,575182901.1092691,44184.609269186854,1366400.0,573772316.5,0.9975475894597201,Bull,1.0,0.0,0.0,0.0,0.7561734113813192,0.0,0.0,0.12014230580695262,0.12123187227144831,0.0,0.0,0.7647002533045468,0.0,0.0,0.1279983756403377,0.10730137105511556,0.0,0.0
2014-07-15,580039571.3592691,44184.609269186854,1366400.0,578628986.75,0.9975681234886035,Bull,1.0,0.0,0.0,0.0,0.7582254012762744,0.0,0.0,0.11868845402852507,0.12065426818380404,0.0,0.0,0.7647002533045468,0.0,0.0,0.1279983756403377,0.10730137105511556,0.0,0.0
2014-07-16,577968027.3592691,44184.609269186854,2682650.0,575241192.75,0.9952820320844943,Bull,1.0,0.0,0.0,0.0,0.7587444668066501,0.0,0.0,0.11650454144956277,0.12003302382828149,0.0,0.0,0.7647002533045468,0.0,0.0,0.1279983756403377,0.10730137105511556,0.0,0.0
2014-07-17,580566736.3592691,44184.609269186854,3768674.0,576753877.75,0.9934325231356183,Bull,1.0,0.0,0.0,0.0,0.7608623610096835,0.0,0.0,0.1145604731285224,0.11800968899741228,0.0,0.0,0.7647002533045468,0.0,0.0,0.1279983756403377,0.10730137105511556,0.0,0.0
2014-07-18,580365239.8592691,1410584.6092691869,2402274.0,576552381.25,0.99343024297907,Bull,1.0,1366400.0,0.0,0.0,0.7603353042939006,0.0,0.0,0.11504427800705343,0.11805066067811602,0.0,0.0,0.7647002533045468,0.0,0.0,0.1279983756403377,0.10730137105511556,0.0,0.0
2014-07-21,580481311.7730662,51545.02306618681,2402274.0,578027492.75,0.9957727854914553,Bull,1.0,0.0,0.0,0.0,0.7628662349135542,0.0,0.0,0.11487949508023101,0.11802705549767006,0.0,0.0,0.7647002533045468,0.0,0.0,0.1279983756403377,0.10730137105511556,0.0,0.0
2014-07-22,583805828.0230662,51545.02306618681,2402274.0,581352009.0,0.9957968576103882,Bull,1.0,0.0,0.0,0.0,0.7630266564971666,0.0,0.0,0.11437210249528697,0.11839809861793468,0.0,0.0,0.7647002533045468,0.0,0.0,0.1279983756403377,0.10730137105511556,0.0,0.0
2014-07-24,586541537.5230662,51545.02306618681,2402274.0,584087718.5,0.995816461638116,Bull,1.0,0.0,0.0,0.0,0.7634521851445006,0.0,0.0,0.11399925789121197,0.11836501860240337,0.0,0.0,0.7647002533045468,0.0,0.0,0.1279983756403377,0.10730137105511556,0.0,0.0
2014-07-25,588015909.5230662,51545.02306618681,2402274.0,585562090.5,0.9958269513063747,Bull,1.0,0.0,0.0,0.0,0.7658846184370697,0.0,0.0,0.11316870670042582,0.11677362616887917,0.0,0.0,0.7647002533045468,0.0,0.0,0.1279983756403377,0.10730137105511556,0.0,0.0
2014-07-28,595144976.5230662,51545.02306618681,2402274.0,592691157.5,0.9958769390318948,Bull,1.0,0.0,0.0,0.0,0.7694786574112183,0.0,0.0,0.11127927246720735,0.11511900915346909,0.0,0.0,0.7647002533045468,0.0,0.0,0.1279983756403377,0.10730137105511556,0.0,0.0
2014-07-29,590917269.7366116,84614.48661156255,2402274.0,588430381.25,0.9957914777347426,Bull,1.0,0.0,0.0,0.0,0.7663890606071777,0.0,0.0,0.11286080711387268,0.11654161001369229,0.0,0.0,0.7647002533045468,0.0,0.0,0.1279983756403377,0.10730137105511556,0.0,0.0
2014-07-30,594849646.9049329,38938.40493281427,2402274.0,592408434.5,0.9958960849726738,Bull,1.0,0.0,0.0,0.0,0.7674685307041311,0.0,0.0,0.11242605647992933,0.11600149778861335,0.0,0.0,0.7647002533045468,0.0,0.0,0.1279983756403377,0.10730137105511556,0.0,0.0
2014-07-31,589926604.9925255,201557.24252543898,2402274.0,587322773.75,0.9955861776355069,Bull,1.0,0.0,0.0,0.0,0.76607847472098,0.0,0.0,0.12088402081968071,0.10862368209484621,0.0,0.0,0.7647002533045468,0.0,0.0,0.1279983756403377,0.10730137105511556,0.0,0.0
2014-08-01,585714892.6425254,201562.24252543898,4673756.5,580839573.9,0.9916762936989192,Bull,1.0,5.0,318007.0,5.0,0.7607031671839903,0.0,0.0,0.12238787317936707,0.1085852533355618,0.0,0.0,0.7647002533045468,0.0,0.0,0.1279983756403377,0.10730137105511556,0.0,0.0
2014-08-04,583657886.5425254,201562.24252543898,4673756.5,578782567.8,0.9916469581668709,Bull,1.0,0.0,0.0,0.0,0.7591037112932403,0.0,0.0,0.12299962299022132,0.10954362388340932,0.0,0.0,0.7647002533045468,0.0,0.0,0.1279983756403377,0.10730137105511556,0.0,0.0
2014-08-05,571306474.0425254,201562.24252543898,4673756.5,566431155.3,0.9914663688159736,Bull,1.0,0.0,0.0,0.0,0.757528358181682,0.0,0.0,0.12429458307646331,0.1096434275578284,0.0,0.0,0.7647002533045468,0.0,0.0,0.1279983756403377,0.10730137105511556,0.0,0.0
2014-08-06,578074155.1425254,201562.24252543898,4673756.5,573198836.4,0.9915662745010224,Bull,1.0,0.0,0.0,0.0,0.7592097527553248,0.0,0.0,0.12324941249524263,0.10910710925045501,0.0,0.0,0.7647002533045468,0.0,0.0,0.1279983756403377,0.10730137105511556,0.0,0.0
2014-08-07,579993240.1425254,201562.24252543898,4673756.5,575117921.4,0.9915941800609135,Bull,1.0,0.0,0.0,0.0,0.7586476719829931,0.0,0.0,0.1242004130639493,0.10874609501397105,0.0,0.0,0.7647002533045468,0.0,0.0,0.1279983756403377,0.10730137105511556,0.0,0.0
2014-08-08,577963491.4425255,1517812.242525439,3357506.5,573088172.7,0.991564659680567,Bull,1.0,1316250.0,0.0,0.0,0.757559740680507,0.0,0.0,0.12487691881689941,0.10912800018316049,0.0,0.0,0.7647002533045468,0.0,0.0,0.1279983756403377,0.10730137105511556,0.0,0.0
2014-08-11,580970635.111943,193019.01194293913,3357506.5,577420109.6,0.9938886317184364,Bull,1.0,0.0,0.0,0.0,0.7601917944009371,0.0,0.0,0.1245553486297236,0.10914148868777572,0.0,0.0,0.7647002533045468,0.0,0.0,0.1279983756403377,0.10730137105511556,0.0,0.0
2014-08-12,579415328.3119429,193019.01194293913,3357506.5,575864802.8,0.9938722271599424,Bull,1.0,0.0,0.0,0.0,0.7600254623621476,0.0,0.0,0.12432946882830187,0.10951729596949297,0.0,0.0,0.7647002533045468,0.0,0.0,0.1279983756403377,0.10730137105511556,0.0,0.0
2014-08-13,585152808.711943,193019.01194293913,7178126.5,577781663.2,0.9874030417316656,Bull,1.0,0.0,0.0,0.0,0.7544997761727209,0.0,0.0,0.12339340925140177,0.10950985630754287,0.0,0.0,0.7647002533045468,0.0,0.0,0.1279983756403377,0.10730137105511556,0.0,0.0
2014-08-14,584738211.011943,193024.01194293913,11529921.5,573015265.5,0.9799518052845301,Bull,1.0,5.0,186505.0,5.0,0.747106067763164,0.0,0.0,0.12268361918036992,0.11016211834099607,0.0,0.0,0.7647002533045468,0.0,0.0,0.1279983756403377,0.10730137105511556,0.0,0.0
2014-08-15,582979003.6498535,659380.9998534394,11529921.5,570789701.15,0.9790913524783226,Bull,1.0,0.0,0.0,0.0,0.7460805593802097,0.0,0.0,0.12458802040085831,0.10842277269725455,0.0,0.0,0.7647002533045468,0.0,0.0,0.1279983756403377,0.10730137105511556,0.0,0.0
2014-08-18,580721792.2835702,194712.03357018955,11529921.5,568997158.75,0.9798102401367349,Bull,1.0,0.0,0.0,0.0,0.7449835093130875,0.0,0.0,0.12711336302660128,0.10771336779704611,0.0,0.0,0.7647002533045468,0.0,0.0,0.1279983756403377,0.10730137105511556,0.0,0.0
2014-08-19,589089818.3422621,14769.842262189617,15693161.5,573381887.0,0.9733352523619143,Bull,1.0,0.0,416324.0,0.0,0.7380656114945583,0.0,0.0,0.12796724311436267,0.10730239775299333,0.0,0.0,0.7647002533045468,0.0,0.0,0.1279983756403377,0.10730137105511556,0.0,0.0
2014-08-20,595035221.6422621,2286252.34226219,13421679.0,579327290.3,0.9736016780672089,Bull,1.0,2271482.5,0.0,0.0,0.739975003638889,0.0,0.0,0.1270044146150298,0.10662225981329022,0.0,0.0,0.7647002533045468,0.0,0.0,0.1279983756403377,0.10730137105511556,0.0,0.0
2014-08-21,598856186.64225,1259.3922499399778,13421679.0,585433248.25,0.9775857063988742,Bull,1.0,0.0,0.0,0.0,0.7450590946579716,0.0,0.0,0.12628691443272866,0.10623969730817404,0.0,0.0,0.7647002533045468,0.0,0.0,0.1279983756403377,0.10730137105511556,0.0,0.0
2014-08-22,606761665.64225,1259.3922499399778,13421679.0,593338727.25,0.9778777415378707,Bull,1.0,0.0,0.0,0.0,0.7463814919333055,0.0,0.0,0.12532812190682485,0.10616812769774031,0.0,0.0,0.7647002533045468,0.0,0.0,0.1279983756403377,0.10730137105511556,0.0,0.0
2014-08-25,605326243.1922499,1259.3922499399778,13421679.0,591903304.8,0.9778252825757847,Bull,1.0,0.0,0.0,0.0,0.7459761738044887,0.0,0.0,0.12558401499182398,0.10626509377947216,0.0,0.0,0.7647002533045468,0.0,0.0,0.1279983756403377,0.10730137105511556,0.0,0.0
2014-08-26,604368894.14225,1259.3922499399778,13421679.0,590945955.75,0.9777901567695663,Bull,1.0,0.0,0.0,0.0,0.7457613390074895,0.0,0.0,0.12567291390433974,0.10635590385773705,0.0,0.0,0.7647002533045468,0.0,0.0,0.1279983756403377,0.10730137105511556,0.0,0.0
2014-08-27,606989554.39225,1087283.39224994,12335655.0,593566616.0,0.9778860471401527,Bull,1.0,1086024.0,0.0,0.0,0.7453631824900092,0.0,0.0,0.12562275486988772,0.10690010978025569,0.0,0.0,0.7647002533045468,0.0,0.0,0.1279983756403377,0.10730137105511556,0.0,0.0
2014-08-28,605334304.8052887,116469.30528869008,12335655.0,592882180.5,0.9794293430812681,Bull,1.0,0.0,0.0,0.0,0.7446213223368965,0.0,0.0,0.12585690154220777,0.10895111920216385,0.0,0.0,0.7647002533045468,0.0,0.0,0.1279983756403377,0.10730137105511556,0.0,0.0
2014-08-29,598827390.122963,64541.07296294012,12335655.0,586427194.05,0.9792925369188328,Bull,1.0,0.0,0.0,0.0,0.743711963406602,0.0,0.0,0.12591491512189704,0.10966565839033379,0.0,0.0,0.7647002533045468,0.0,0.0,0.1279983756403377,0.10730137105511556,0.0,0.0
2014-09-01,601428184.8143233,34302.114323315385,12335655.0,589058227.7,0.9794323621229322,Bull,1.0,0.0,0.0,0.0,0.7468178895517952,0.0,0.0,0.12352081574450147,0.10909365682663534,0.0,0.0,0.7647002533045468,0.0,0.0,0.1279983756403377,0.10730137105511556,0.0,0.0
2014-09-02,596638011.9390411,61598.83904106563,12335655.0,584240758.1,0.9792214817176151,Bull,1.0,0.0,0.0,0.0,0.7482076219870649,0.0,0.0,0.12396612103145187,0.10704773869909835,0.0,0.0,0.7647002533045468,0.0,0.0,0.1279983756403377,0.10730137105511556,0.0,0.0
2014-09-03,603200647.4390411,61598.83904106563,12335655.0,590803393.6,0.9794475455361742,Bull,1.0,0.0,0.0,0.0,0.748961304199621,0.0,0.0,0.12383308989658988,0.10665315143996336,0.0,0.0,0.7647002533045468,0.0,0.0,0.1279983756403377,0.10730137105511556,0.0,0.0
2014-09-04,602794971.2890412,61598.83904106563,12335655.0,590397717.45,0.9794337139002166,Bull,1.0,0.0,0.0,0.0,0.7495334881175609,0.0,0.0,0.12356058618194063,0.10633963960071503,0.0,0.0,0.7647002533045468,0.0,0.0,0.1279983756403377,0.10730137105511556,0.0,0.0
2014-09-05,600180569.4390411,8234013.839041065,4163240.0,587783315.6,0.9793441266340425,Bull,1.0,8172415.0,0.0,0.0,0.7487611870208065,0.0,0.0,0.12378008183343145,0.10680285777980451,0.0,0.0,0.7647002533045468,0.0,0.0,0.1279983756403377,0.10730137105511556,0.0,0.0
2014-09-09,601278891.938537,53340.53853706666,4163240.0,597062311.4,0.9929873132167626,Bull,1.0,0.0,0.0,0.0,0.7505937218999096,0.0,0.0,0.13378716778273828,0.10860642353411482,0.0,0.0,0.7647002533045468,0.0,0.0,0.1279983756403377,0.10730137105511556,0.0,0.0
2014-09-10,598624267.638537,53340.53853706666,4163240.0,594407687.1,0.9929562151645294,Bull,1.0,0.0,0.0,0.0,0.75140311112747,0.0,0.0,0.13341022794656038,0.10814287609049897,0.0,0.0,0.7647002533045468,0.0,0.0,0.1279983756403377,0.10730137105511556,0.0,0.0
2014-09-11,598880314.388537,53340.53853706666,4163240.0,594663733.85,0.9929592266814744,Bull,1.0,0.0,0.0,0.0,0.7523455405443263,0.0,0.0,0.13291069699171856,0.10770298914542949,0.0,0.0,0.7647002533045468,0.0,0.0,0.1279983756403377,0.10730137105511556,0.0,0.0
2014-09-12,596499881.188537,53340.53853706666,4163240.0,592283300.65,0.992931129290193,Bull,1.0,0.0,0.0,0.0,0.7522892540328363,0.0,0.0,0.1335366569416355,0.10710521831572117,0.0,0.0,0.7647002533045468,0.0,0.0,0.1279983756403377,0.10730137105511556,0.0,0.0
2014-09-15,593954887.688537,53340.53853706666,4163240.0,589738307.15,0.9929008404073473,Bull,1.0,0.0,0.0,0.0,0.7523848467500784,0.0,0.0,0.13295184808952962,0.10756414556773923,0.0,0.0,0.7647002533045468,0.0,0.0,0.1279983756403377,0.10730137105511556,0.0,0.0
2014-09-16,588033075.538537,53340.53853706666,4163240.0,583816495.0,0.9928293480180934,Bull,1.0,0.0,0.0,0.0,0.7509864893153603,0.0,0.0,0.13407749203187985,0.10776536667085326,0.0,0.0,0.7647002533045468,0.0,0.0,0.1279983756403377,0.10730137105511556,0.0,0.0
2014-09-17,591764197.4885371,53340.53853706666,4163240.0,587547616.95,0.9928745595687737,Bull,1.0,0.0,0.0,0.0,0.7509415385992627,0.0,0.0,0.13405035373323107,0.10788266723627979,0.0,0.0,0.7647002533045468,0.0,0.0,0.1279983756403377,0.10730137105511556,0.0,0.0
2014-09-18,593959871.788537,53340.53853706666,4163240.0,589743291.25,0.9929008999785793,Bull,1.0,0.0,0.0,0.0,0.750994237888191,0.0,0.0,0.13418465419221973,0.1077220078981686,0.0,0.0,0.7647002533045468,0.0,0.0,0.1279983756403377,0.10730137105511556,0.0,0.0
2014-09-19,593353468.4885371,53340.53853706666,4163240.0,589136887.95,0.9928936447455544,Bull,1.0,0.0,0.0,0.0,0.7508503979674754,0.0,0.0,0.1339727569175501,0.10807048986052874,0.0,0.0,0.7647002533045468,0.0,0.0,0.1279983756403377,0.10730137105511556,0.0,0.0
2014-09-22,589123234.388537,53340.53853706666,4163240.0,584906653.85,0.9928426171428911,Bull,1.0,0.0,0.0,0.0,0.7514699438216794,0.0,0.0,0.1342068948987601,0.10716577842245163,0.0,0.0,0.7647002533045468,0.0,0.0,0.1279983756403377,0.10730137105511556,0.0,0.0
2014-09-23,587635527.838537,53340.53853706666,4163240.0,583418947.3,0.9928244969223583,Bull,1.0,0.0,0.0,0.0,0.7510712446597854,0.0,0.0,0.13455687454916096,0.10719637771341192,0.0,0.0,0.7647002533045468,0.0,0.0,0.1279983756403377,0.10730137105511556,0.0,0.0
2014-09-24,589197948.838537,53340.53853706666,4163240.0,584981368.3,0.9928435247494514,Bull,1.0,0.0,0.0,0.0,0.7504291540247139,0.0,0.0,0.13590237399475946,0.106511996729978,0.0,0.0,0.7647002533045468,0.0,0.0,0.1279983756403377,0.10730137105511556,0.0,0.0
2014-09-25,585416708.188537,53340.53853706666,4163240.0,581200127.65,0.9927973006585609,Bull,1.0,0.0,0.0,0.0,0.7508430687093377,0.0,0.0,0.13572075905700254,0.10623347289222067,0.0,0.0,0.7647002533045468,0.0,0.0,0.1279983756403377,0.10730137105511556,0.0,0.0
2014-09-26,584243582.038537,53340.53853706666,4163240.0,580027001.5,0.9927828380693126,Bull,1.0,0.0,0.0,0.0,0.7500265556551654,0.0,0.0,0.13687441755196766,0.10588186486217939,0.0,0.0,0.7647002533045468,0.0,0.0,0.1279983756403377,0.10730137105511556,0.0,0.0
2014-09-29,580582913.838537,53340.53853706666,4163240.0,576366333.3,0.9927373327081588,Bull,1.0,0.0,0.0,0.0,0.7498808919841516,0.0,0.0,0.1366318196922705,0.10622462103173666,0.0,0.0,0.7647002533045468,0.0,0.0,0.1279983756403377,0.10730137105511556,0.0,0.0
2014-09-30,580519553.588537,53340.53853706666,4163240.0,576302973.05,0.9927365400313015,Bull,1.0,0.0,0.0,0.0,0.7490734297611894,0.0,0.0,0.13758933614941232,0.10607377412069988,0.0,0.0,0.7647002533045468,0.0,0.0,0.1279983756403377,0.10730137105511556,0.0,0.0
2014-10-01,578645956.5251081,90060.7751080672,4163240.0,574392655.75,0.9926495627816185,Bull,1.0,0.0,0.0,0.0,0.7533009620729736,0.0,0.0,0.1316998747518134,0.1076487259568315,0.0,0.0,0.7647002533045468,0.0,0.0,0.1279983756403377,0.10730137105511556,0.0,0.0
2014-10-02,575332795.7751081,90060.7751080672,4163240.0,571079495.0,0.9926072339238408,Bull,1.0,0.0,0.0,0.0,0.7519609488229312,0.0,0.0,0.1323776439641217,0.10826864113678779,0.0,0.0,0.7647002533045468,0.0,0.0,0.1279983756403377,0.10730137105511556,0.0,0.0
2014-10-03,585191999.5251081,90060.7751080672,4163240.0,580938698.75,0.9927317858436894,Bull,1.0,0.0,0.0,0.0,0.752924508721168,0.0,0.0,0.13141259631438362,0.10839468080813777,0.0,0.0,0.7647002533045468,0.0,0.0,0.1279983756403377,0.10730137105511556,0.0,0.0
2014-10-06,579993071.9251081,90060.7751080672,4163240.0,575739771.15,0.9926666352048127,Bull,1.0,0.0,0.0,0.0,0.7518945350545684,0.0,0.0,0.13148777751236204,0.10928432263788233,0.0,0.0,0.7647002533045468,0.0,0.0,0.1279983756403377,0.10730137105511556,0.0,0.0
2014-10-07,579473843.4251081,90060.7751080672,4163240.0,575220542.65,0.9926600642576583,Bull,1.0,0.0,0.0,0.0,0.7517886227185729,0.0,0.0,0.13239182556807688,0.10847961597100843,0.0,0.0,0.7647002533045468,0.0,0.0,0.1279983756403377,0.10730137105511556,0.0,0.0
2014-10-08,580601406.075108,4253300.775108067,0.0,576348105.3,0.9926743188517909,Bear,1.0,4163240.0,0.0,0.0,0.752737076980939,0.0,0.0,0.1323234825064503,0.10761375936440178,0.0,0.0,0.7561228808820212,0.0,0.0,0.1634010908266421,0.08047602829133665,0.0,0.0
2014-10-09,584418869.222976,40417.22297594132,0.0,584378452.0,0.9999308420293997,Bear,1.0,0.0,0.0,0.0,0.7726708971604286,0.0,0.0,0.1400759015684116,0.08718404330055958,0.0,0.0,0.7466130024567196,0.0,0.0,0.1930299763247779,0.06035702121850249,0.0,0.0
2014-10-13,573137063.1324369,93960.6824368193,0.0,573043102.45,0.9998360589665528,Bear,0.5,0.0,0.0,0.0,0.7772409622496612,0.0,0.0,0.1562654132163578,0.06632968350053381,0.0,0.0,0.36458338728444317,0.0,0.0,0.11278272975861844,0.022633882956938436,0.0,0.0
2014-10-14,574383901.1718701,63821.12187009287,0.0,574320080.0500001,0.999888887690376,Bear,0.5,0.0,0.0,0.0,0.8108196958511975,0.0,0.0,0.13984618969319723,0.04922300214598117,0.0,0.0,0.3573826418556042,0.0,0.0,0.12564194592669195,0.016975412217703826,0.0,0.0
2014-10-15,568311500.6949368,5364.594936677371,0.0,568306136.1,0.9999905604674019,Bear,0.5,0.0,0.0,0.0,0.8257285582399281,0.0,0.0,0.13771795908457726,0.03654404314289646,0.0,0.0,0.3573826418556042,0.0,0.0,0.12564194592669195,0.016975412217703826,0.0,0.0
2014-10-16,565515990.3701801,154059.42018008957,0.0,565361930.95,0.9997275772519195,Bear,0.5,0.0,0.0,0.0,0.8364404172556931,0.0,0.0,0.13442855957129915,0.02885860042492719,0.0,0.0,0.3573826418556042,0.0,0.0,0.12564194592669195,0.016975412217703826,0.0,0.0
2014-10-17,563144024.8742247,84482.77422458422,0.0,563059542.1,0.9998499801640557,Bear,0.5,0.0,0.0,0.0,0.8128788939956171,0.0,0.0,0.16300998669124234,0.023961099477196292,0.0,0.0,0.3573826418556042,0.0,0.0,0.12564194592669195,0.016975412217703826,0.0,0.0
2014-10-20,565634957.1001562,471366.3501562099,0.0,565163590.75,0.9991666597966774,Bear,0.5,0.0,0.0,0.0,0.7463942697502765,0.0,0.0,0.2311870904698084,0.02158529957659264,0.0,0.0,0.3573826418556042,0.0,0.0,0.12564194592669195,0.016975412217703826,0.0,0.0
2014-10-21,565175876.8363726,207832.83637260343,0.0,564968044.0,0.9996322687416597,Bear,0.5,0.0,0.0,0.0,0.7912550098621265,0.0,0.0,0.18869506709479691,0.019682191784736323,0.0,0.0,0.3573826418556042,0.0,0.0,0.12564194592669195,0.016975412217703826,0.0,0.0
2014-10-22,566866442.9101306,96972947.96013063,0.0,469893494.95,0.8289315778469807,Bear,0.5,0.0,0.0,0.0,0.6476440783216433,0.0,0.0,0.16239557156957055,0.018891927955766833,0.0,0.0,0.3573826418556042,0.0,0.0,0.12564194592669195,0.016975412217703826,0.0,0.0
2014-10-23,567308890.6084608,209729824.1584608,0.0,357579066.45,0.6303075315221706,Bear,0.5,0.0,0.0,0.0,0.47318624984368696,0.0,0.0,0.13946300033327916,0.017658281345204422,0.0,0.0,0.3573826418556042,0.0,0.0,0.12564194592669195,0.016975412217703826,0.0,0.0
2014-10-24,566962634.8104001,260783823.5104001,238700.0,305940111.3,0.539612476230132,Bear,0.5,0.0,0.0,0.0,0.3853564554092062,0.0,0.0,0.13757502736681088,0.016680993454114862,0.0,0.0,0.3573826418556042,0.0,0.0,0.12564194592669195,0.016975412217703826,0.0,0.0
2014-10-27,568195049.9864181,277613080.7364181,238700.0,290343269.25,0.5109922539046059,Bear,0.5,0.0,0.0,0.0,0.36504422073891346,0.0,0.0,0.12913910461161876,0.016808928554073635,0.0,0.0,0.3573826418556042,0.0,0.0,0.12564194592669195,0.016975412217703826,0.0,0.0
2014-10-28,570304131.2864182,277613080.7364181,238700.0,292452350.55,0.5128006873987111,Bear,0.5,0.0,0.0,0.0,0.36695578564009596,0.0,0.0,0.128806887360785,0.017038014397830134,0.0,0.0,0.3573826418556042,0.0,0.0,0.12564194592669195,0.016975412217703826,0.0,0.0
2014-10-29,572381623.3364182,277613080.7364181,238700.0,294529842.6,0.5145690053485342,Bear,0.5,0.0,0.0,0.0,0.367133279672904,0.0,0.0,0.1302880752273361,0.017147650448294038,0.0,0.0,0.3573826418556042,0.0,0.0,0.12564194592669195,0.016975412217703826,0.0,0.0
2014-10-30,572754934.5864182,277613080.7364181,238700.0,294903153.85,0.5148854004425947,Bear,0.5,0.0,0.0,0.0,0.36595765691892895,0.0,0.0,0.13184399721414583,0.017083746309519844,0.0,0.0,0.3573826418556042,0.0,0.0,0.12564194592669195,0.016975412217703826,0.0,0.0
2014-10-31,574123762.1364181,277613080.7364181,238700.0,296271981.4,0.5160420120872867,Bear,0.5,0.0,0.0,0.0,0.3669781592316981,0.0,0.0,0.13188933291705127,0.017174519938537372,0.0,0.0,0.3573826418556042,0.0,0.0,0.12564194592669195,0.016975412217703826,0.0,0.0
2014-11-03,572684881.7364181,277613080.7364181,238700.0,294833101.0,0.514826059500727,Bull,0.5,0.0,0.0,0.0,0.3663545305471577,0.0,0.0,0.13117475665190562,0.01729677230166365,0.0,0.0,0.3573826418556042,0.0,0.0,0.12564194592669195,0.016975412217703826,0.0,0.0
2014-11-04,572493965.3864181,277613080.7364181,238700.0,294642184.65,0.5146642627946731,Bull,1.0,0.0,0.0,0.0,0.36613003336816086,0.0,0.0,0.13121850105318542,0.01731572837332685,0.0,0.0,0.7147652837112084,0.0,0.0,0.2512838918533839,0.03395082443540765,0.0,0.0
2014-11-05,572688354.1750858,163021520.42508578,238700.0,409428133.75,0.7149231004352276,Bear,1.0,0.0,0.0,0.0,0.5099589185302578,0.0,0.0,0.18094588312218227,0.024018298782787433,0.0,0.0,0.7147652837112084,0.0,0.0,0.2512838918533839,0.03395082443540765,0.0,0.0
2014-11-06,571058582.8591944,48578561.25919439,238700.0,522241321.6,0.9145144426080166,Bear,1.0,0.0,0.0,0.0,0.6524341508616576,0.0,0.0,0.2313006125197639,0.030779679226595132,0.0,0.0,0.7147652837112084,0.0,0.0,0.2512838918533839,0.03395082443540765,0.0,0.0
2014-11-07,568191344.1192855,12337906.169285396,238700.0,555614737.95,0.9778655442405946,Bear,1.0,0.0,0.0,0.0,0.6991648888382217,0.0,0.0,0.24542313332165897,0.03327752208071384,0.0,0.0,0.7147652837112084,0.0,0.0,0.2512838918533839,0.03395082443540765,0.0,0.0
2014-11-10,575886831.3071283,3031959.7071282715,238700.0,572616171.6,0.994320655501525,Bull,1.0,0.0,0.0,0.0,0.7127861747911426,0.0,0.0,0.24776378316576703,0.03377069754461543,0.0,0.0,0.7353789652469261,0.0,0.0,0.21971726694340568,0.04490376780966818,0.0,0.0
2014-11-11,574905467.0663965,516329.56639652466,238700.0,574150437.5,0.998686689186921,Bull,1.0,0.0,0.0,0.0,0.7291232411459896,0.0,0.0,0.2275779367130103,0.04198551132792117,0.0,0.0,0.7353789652469261,0.0,0.0,0.21971726694340568,0.04490376780966818,0.0,0.0
2014-11-12,568610177.3163965,516329.56639652466,238700.0,567855147.75,0.9986721490460126,Bear,1.0,0.0,0.0,0.0,0.7278973614285061,0.0,0.0,0.22893593043721672,0.04183885718028985,0.0,0.0,0.7353789652469261,0.0,0.0,0.21971726694340568,0.04490376780966818,0.0,0.0
2014-11-13,572163410.0663965,516329.56639652466,238700.0,571408380.5,0.9986803952278094,Bear,1.0,0.0,0.0,0.0,0.7285032093394961,0.0,0.0,0.228182364868193,0.041994821020120275,0.0,0.0,0.7353789652469261,0.0,0.0,0.21971726694340568,0.04490376780966818,0.0,0.0
2014-11-14,573028507.2663965,516329.56639652466,238700.0,572273477.7,0.9986823874260666,Bear,1.0,0.0,0.0,0.0,0.7282707097606772,0.0,0.0,0.22844832035405555,0.04196335731133374,0.0,0.0,0.7353789652469261,0.0,0.0,0.21971726694340568,0.04490376780966818,0.0,0.0
2014-11-17,568963648.8663964,516329.56639652466,238700.0,568208619.3,0.9986729739801465,Bear,1.0,0.0,0.0,0.0,0.7277503934126203,0.0,0.0,0.2290453885053055,0.04187719206222072,0.0,0.0,0.7110729827248558,0.0,0.0,0.24540479835334147,0.0435222189218029,0.0,0.0
2014-11-18,571621788.3562646,114965.30626465147,238700.0,571268123.05,0.9993812949165538,Bear,1.0,0.0,0.0,0.0,0.7160220820605017,0.0,0.0,0.2406694475303275,0.042689765325724695,0.0,0.0,0.7110729827248558,0.0,0.0,0.24540479835334147,0.0435222189218029,0.0,0.0
2014-11-19,575229417.8062646,114965.30626465147,238700.0,574875752.5,0.9993851752095478,Bear,1.0,0.0,0.0,0.0,0.7162836943759533,0.0,0.0,0.24005848053916432,0.04304300029443026,0.0,0.0,0.6941978048163178,0.0,0.0,0.27155359876500607,0.03424859641867623,0.0,0.0
2014-11-20,577291801.3833991,4440790.483399151,238700.0,572612310.9,0.9918940638474592,Bull,1.0,0.0,0.0,0.0,0.6996363189848248,0.0,0.0,0.2554559057422997,0.036801839120334585,0.0,0.0,0.7147474331046982,0.0,0.0,0.23749350771547856,0.04775905917982319,0.0,0.0
2014-11-21,574703604.785817,809006.5358170255,238700.0,573655898.25,0.9981769619555327,Bull,1.0,0.0,0.0,0.0,0.7096421439743592,0.0,0.0,0.2433054166279536,0.04522940135321993,0.0,0.0,0.7301467520136835,0.0,0.0,0.20811426200446004,0.06173898598185641,0.0,0.0
2014-11-24,576426106.6915526,2331939.241552651,238700.0,573855467.45,0.9955403837339932,Bull,1.0,0.0,0.0,0.0,0.7221273683093925,0.0,0.0,0.21593331487778028,0.05747970054682041,0.0,0.0,0.7301467520136835,0.0,0.0,0.20811426200446004,0.06173898598185641,0.0,0.0
2014-11-25,571984723.9415526,2331939.241552651,238700.0,569414084.6999999,0.9955057554267561,Bull,1.0,0.0,0.0,0.0,0.7221704835988049,0.0,0.0,0.215365891506899,0.05796938032105234,0.0,0.0,0.7451166965144883,0.0,0.0,0.1829750951350371,0.0719082083504746,0.0,0.0
2014-11-26,571985992.1897457,263636.43974565575,238700.0,571483655.75,0.999121767933822,Bull,1.0,0.0,0.0,0.0,0.7402349210145406,0.0,0.0,0.19051585438800472,0.06837099253127671,0.0,0.0,0.7451166965144883,0.0,0.0,0.1829750951350371,0.0719082083504746,0.0,0.0
2014-11-27,574468226.2897457,502336.43974565575,0.0,573965889.85,0.9991255627086809,Bull,1.0,238700.0,0.0,0.0,0.7388387563073413,0.0,0.0,0.1915493232945131,0.06873748310682654,0.0,0.0,0.7451166965144883,0.0,0.0,0.1829750951350371,0.0719082083504746,0.0,0.0
2014-11-28,576033851.9897457,502336.43974565575,0.0,575531515.5500001,0.9991279393771556,Bull,1.0,0.0,0.0,0.0,0.7390954786413818,0.0,0.0,0.1914818020138919,0.06855065872188174,0.0,0.0,0.7451166965144883,0.0,0.0,0.1829750951350371,0.0719082083504746,0.0,0.0
2014-12-01,568033675.3397456,502336.43974565575,0.0,567531338.9,0.999115657290133,Bull,1.0,0.0,0.0,0.0,0.7367871960226298,0.0,0.0,0.19353324419410156,0.06879521707340172,0.0,0.0,0.7451166965144883,0.0,0.0,0.1829750951350371,0.0719082083504746,0.0,0.0
2014-12-02,564625127.6897457,502336.43974565575,0.0,564122791.25,0.9991103186608059,Bear,1.0,0.0,0.0,0.0,0.7342096037174451,0.0,0.0,0.1967262782910278,0.06817443665233301,0.0,0.0,0.7125871941226529,0.0,0.0,0.22473132135127782,0.06268148452606925,0.0,0.0
2014-12-03,569003585.32041,144443.5704100309,0.0,568859141.75,0.9997461464670233,Bull,1.0,0.0,0.0,0.0,0.7182739305937024,0.0,0.0,0.21685487259367184,0.06461734327964903,0.0,0.0,0.7125871941226529,0.0,0.0,0.22473132135127782,0.06268148452606925,0.0,0.0
2014-12-04,573205239.5204101,144443.5704100309,0.0,573060795.95,0.9997480072399009,Bull,1.0,0.0,0.0,0.0,0.720454677447685,0.0,0.0,0.2149097592043446,0.06438357058787131,0.0,0.0,0.7253613227424548,0.0,0.0,0.19832979363119307,0.07630888362635219,0.0,0.0
2014-12-05,571339707.1767595,418933.17675953347,0.0,570920774.0,0.9992667529116266,Bull,1.0,0.0,0.0,0.0,0.724279563982723,0.0,0.0,0.2017416233322293,0.07324556559667426,0.0,0.0,0.7253613227424548,0.0,0.0,0.19832979363119307,0.07630888362635219,0.0,0.0
2014-12-08,571322972.1267595,418933.17675953347,0.0,570904038.95,0.9992667314335357,Bull,1.0,0.0,0.0,0.0,0.7243084194734375,0.0,0.0,0.20225845211482554,0.0726998598452726,0.0,0.0,0.7253613227424548,0.0,0.0,0.19832979363119307,0.07630888362635219,0.0,0.0
2014-12-09,571242324.9267595,418933.17675953347,0.0,570823391.75,0.9992666279116954,Bull,1.0,0.0,0.0,0.0,0.7243120365828092,0.0,0.0,0.20240884639425927,0.07254574493462698,0.0,0.0,0.7253613227424548,0.0,0.0,0.19832979363119307,0.07630888362635219,0.0,0.0
2014-12-10,566929607.1767595,418933.17675953347,0.0,566510674.0,0.9992610490412633,Bear,1.0,0.0,0.0,0.0,0.7236848610590941,0.0,0.0,0.203472350958087,0.07210383702408218,0.0,0.0,0.7017597896373684,0.0,0.0,0.23624734522339483,0.061992865139236894,0.0,0.0
2014-12-11,562977465.556753,69609.80675303284,0.0,562907855.75,0.9998763541864252,Bear,1.0,0.0,0.0,0.0,0.7066519178641891,0.0,0.0,0.22820362778276912,0.06502080853946697,0.0,0.0,0.6825369546257544,0.0,0.0,0.2646855089175461,0.052777536456699595,0.0,0.0
2014-12-12,563178207.0609275,139571.86092741002,0.0,563038635.2,0.9997521710549564,Bear,1.0,0.0,0.0,0.0,0.6904087024765415,0.0,0.0,0.25345600772609006,0.0558874608523247,0.0,0.0,0.6825369546257544,0.0,0.0,0.2646855089175461,0.052777536456699595,0.0,0.0
2014-12-15,560945950.5109274,139571.86092741002,0.0,560806378.65,0.9997511848319783,Bear,1.0,0.0,0.0,0.0,0.6904884121138776,0.0,0.0,0.25332476305528084,0.055938009662819976,0.0,0.0,0.6825369546257544,0.0,0.0,0.2646855089175461,0.052777536456699595,0.0,0.0
2014-12-16,563052493.5109274,139571.86092741002,0.0,562912921.65,0.999752115721827,Bear,1.0,0.0,0.0,0.0,0.68796555581275,0.0,0.0,0.2565286570339943,0.05525790287508277,0.0,0.0,0.6825369546257544,0.0,0.0,0.2646855089175461,0.052777536456699595,0.0,0.0
2014-12-17,557610126.6609274,139571.86092741002,0.0,557470554.8,0.9997496963303675,Bear,1.0,0.0,0.0,0.0,0.6877313313809145,0.0,0.0,0.2570855390636954,0.05493282588575766,0.0,0.0,0.6825369546257544,0.0,0.0,0.2646855089175461,0.052777536456699595,0.0,0.0
2014-12-18,560717513.1109275,139571.86092741002,0.0,560577941.25,0.9997510834641973,Bear,1.0,0.0,0.0,0.0,0.688567473321667,0.0,0.0,0.2564262692675256,0.05475734087500475,0.0,0.0,0.6825369546257544,0.0,0.0,0.2646855089175461,0.052777536456699595,0.0,0.0
2014-12-19,567169957.0609274,139571.86092741002,0.0,567030385.1999999,0.9997539152784983,Bear,1.0,0.0,0.0,0.0,0.6885889852555185,0.0,0.0,0.25575578923764725,0.05540914078533265,0.0,0.0,0.6825369546257544,0.0,0.0,0.2646855089175461,0.052777536456699595,0.0,0.0
2014-12-22,568262257.0609275,139571.86092741002,0.0,568122685.2,0.9997543882966127,Bull,1.0,0.0,0.0,0.0,0.6877405288560238,0.0,0.0,0.25603266483418863,0.0559811946064002,0.0,0.0,0.7102503592020485,0.0,0.0,0.23503753382625728,0.05471210697169429,0.0,0.0
2014-12-23,567115742.1016916,2296881.201691661,0.0,564818860.9,0.9959498898881214,Bull,1.0,0.0,0.0,0.0,0.7003608459678045,0.0,0.0,0.2405928629213289,0.05499618099898795,0.0,0.0,0.7102503592020485,0.0,0.0,0.23503753382625728,0.05471210697169429,0.0,0.0
2014-12-24,570802236.0016916,2296881.201691661,0.0,568505354.8,0.9959760472948028,Bull,1.0,0.0,0.0,0.0,0.7002256291070581,0.0,0.0,0.240694221806785,0.055056196380959634,0.0,0.0,0.7102503592020485,0.0,0.0,0.23503753382625728,0.05471210697169429,0.0,0.0
2014-12-25,569886053.3016917,2296881.201691661,0.0,567589172.1,0.995969578149203,Bull,1.0,0.0,0.0,0.0,0.6994552152849057,0.0,0.0,0.24136965486884934,0.05514470799544782,0.0,0.0,0.7102503592020485,0.0,0.0,0.23503753382625728,0.05471210697169429,0.0,0.0
2014-12-26,572113524.8016917,2296881.201691661,0.0,569816643.6,0.9959852702267653,Bull,1.0,0.0,0.0,0.0,0.6999116892732056,0.0,0.0,0.24101929778324352,0.05505428317031611,0.0,0.0,0.7102503592020485,0.0,0.0,0.23503753382625728,0.05471210697169429,0.0,0.0
2014-12-27,571051940.7016916,2296881.201691661,0.0,568755059.5,0.9959778068543655,Bull,1.0,0.0,0.0,0.0,0.6999844164942803,0.0,0.0,0.24071225435482144,0.0552811360052637,0.0,0.0,0.7102503592020485,0.0,0.0,0.23503753382625728,0.05471210697169429,0.0,0.0
2014-12-29,573271750.9516916,2296881.201691661,0.0,570974869.75,0.9959933815020912,Bull,1.0,0.0,0.0,0.0,0.6991791747711221,0.0,0.0,0.2412510293249291,0.055563177406039964,0.0,0.0,0.7292276404346174,0.0,0.0,0.20889513510718102,0.06187722445820161,0.0,0.0
2014-12-30,573475630.9291453,1226630.3291452853,0.0,572249000.6,0.9978610593667984,Bull,1.0,0.0,0.0,0.0,0.7200496033823952,0.0,0.0,0.21789452465058423,0.05991693133381878,0.0,0.0,0.7292276404346174,0.0,0.0,0.20889513510718102,0.06187722445820161,0.0,0.0
2014-12-31,576971714.5791453,1226630.3291452853,0.0,575745084.25,0.9978740199941343,Bull,1.0,0.0,0.0,0.0,0.718693263070037,0.0,0.0,0.21962688429610627,0.05955387262799101,0.0,0.0,0.7292276404346174,0.0,0.0,0.20889513510718102,0.06187722445820161,0.0,0.0
2015-01-05,570592201.9291453,1226630.3291452853,0.0,569365571.6,0.9978502504503249,Bull,1.0,0.0,0.0,0.0,0.7196790811574965,0.0,0.0,0.218221699453688,0.05994946983914039,0.0,0.0,0.7292276404346174,0.0,0.0,0.20889513510718102,0.06187722445820161,0.0,0.0
2015-01-06,562219822.9791453,1226630.3291452853,0.0,560993192.65,0.99781823713962,Bear,1.0,0.0,0.0,0.0,0.7196565757963469,0.0,0.0,0.218827929879953,0.05933373146332016,0.0,0.0,0.7119280909675775,0.0,0.0,0.23948612973864208,0.048585779293780516,0.0,0.0
2015-01-07,561917183.0771927,302958.17719266005,0.0,561614224.9,0.9994608490604725,Bear,1.0,0.0,0.0,0.0,0.7133818594134932,0.0,0.0,0.234603432623434,0.051475557023545344,0.0,0.0,0.7119280909675775,0.0,0.0,0.23948612973864208,0.048585779293780516,0.0,0.0
2015-01-08,570066350.3771927,302958.17719266005,0.0,569763392.2,0.9994685562882422,Bull,1.0,0.0,0.0,0.0,0.7118669465957584,0.0,0.0,0.23569098563895075,0.051910624053532875,0.0,0.0,0.7312645688239343,0.0,0.0,0.20852211943794877,0.060213311738117024,0.0,0.0
2015-01-09,571211703.8359907,1734203.6859906586,0.0,569477500.15,0.996963991328706,Bull,1.0,0.0,0.0,0.0,0.7230977540834751,0.0,0.0,0.2161946248136714,0.0576716124315595,0.0,0.0,0.7312645688239343,0.0,0.0,0.20852211943794877,0.060213311738117024,0.0,0.0
2015-01-12,571127693.5359907,1734203.6859906586,0.0,569393489.85,0.996963544745565,Bull,1.0,0.0,0.0,0.0,0.7183039703609605,0.0,0.0,0.2213282623670117,0.0573313120175928,0.0,0.0,0.7312645688239343,0.0,0.0,0.20852211943794877,0.060213311738117024,0.0,0.0
2015-01-13,575883229.5359907,1734203.6859906586,0.0,574149025.85,0.996988619225137,Bull,1.0,0.0,0.0,0.0,0.7194764573780761,0.0,0.0,0.220481329352663,0.05703083249439793,0.0,0.0,0.7312645688239343,0.0,0.0,0.20852211943794877,0.060213311738117024,0.0,0.0
2015-01-14,570089586.9859908,1734203.6859906586,0.0,568355383.3000001,0.9969580155021612,Bull,1.0,0.0,0.0,0.0,0.7183912715635413,0.0,0.0,0.22126206631292095,0.05730467762569884,0.0,0.0,0.7312645688239343,0.0,0.0,0.20852211943794877,0.060213311738117024,0.0,0.0
2015-01-15,568192070.6359907,1734203.6859906586,0.0,566457866.95,0.9969478565865069,Bull,1.0,0.0,0.0,0.0,0.7193904809204296,0.0,0.0,0.21988603230621384,0.05767134335986344,0.0,0.0,0.7312645688239343,0.0,0.0,0.20852211943794877,0.060213311738117024,0.0,0.0
2015-01-16,569365252.4359907,1734203.6859906586,0.0,567631048.75,0.996954145553191,Bull,1.0,0.0,0.0,0.0,0.7184448769921855,0.0,0.0,0.22121915494686795,0.05729011361413753,0.0,0.0,0.7312645688239343,0.0,0.0,0.20852211943794877,0.060213311738117024,0.0,0.0
2015-01-19,570829685.1359907,1734203.6859906586,0.0,569095481.45,0.9969619595281252,Bull,1.0,0.0,0.0,0.0,0.7185950417982865,0.0,0.0,0.2205694680542141,0.057797449675624495,0.0,0.0,0.7312645688239343,0.0,0.0,0.20852211943794877,0.060213311738117024,0.0,0.0
2015-01-20,570120077.1859907,1734203.6859906586,0.0,568385873.5,0.9969581781884433,Bull,1.0,0.0,0.0,0.0,0.7181783099464949,0.0,0.0,0.22047373006124452,0.058306138180703994,0.0,0.0,0.7463270812614122,0.0,0.0,0.1823609826703372,0.0713119360682507,0.0,0.0
2015-01-21,575222808.9158132,85138.21581328427,0.0,575137670.6999999,0.9998519908903234,Bull,1.0,0.0,0.0,0.0,0.7388413917400842,0.0,0.0,0.19308518069605132,0.06792541845418794,0.0,0.0,0.7463270812614122,0.0,0.0,0.1823609826703372,0.0713119360682507,0.0,0.0
2015-01-22,576340302.8158133,85138.21581328427,0.0,576255164.6,0.9998522778722965,Bull,1.0,0.0,0.0,0.0,0.7386659626613905,0.0,0.0,0.1930397708722365,0.06814654433866946,0.0,0.0,0.7463270812614122,0.0,0.0,0.1823609826703372,0.0713119360682507,0.0,0.0
2015-01-23,580119250.0158132,85138.21581328427,0.0,580034111.8,0.9998532401470716,Bull,1.0,0.0,0.0,0.0,0.7389613631823365,0.0,0.0,0.19208757509247018,0.06880430187226502,0.0,0.0,0.7463270812614122,0.0,0.0,0.1823609826703372,0.0713119360682507,0.0,0.0
2015-01-26,579549192.0658133,85138.21581328427,0.0,579464053.85,0.9998530957906958,Bull,1.0,0.0,0.0,0.0,0.7389227001137274,0.0,0.0,0.19205841630672138,0.06887197937024699,0.0,0.0,0.7463270812614122,0.0,0.0,0.1823609826703372,0.0713119360682507,0.0,0.0
2015-01-27,581385098.6158133,85138.21581328427,0.0,581299960.4,0.9998535596870026,Bull,1.0,0.0,0.0,0.0,0.7391672256876646,0.0,0.0,0.19158213766604176,0.06910419633329631,0.0,0.0,0.7463270812614122,0.0,0.0,0.1823609826703372,0.0713119360682507,0.0,0.0
2015-01-28,579868706.5658133,85138.21581328427,0.0,579783568.35,0.9998531767366488,Bull,1.0,0.0,0.0,0.0,0.7384768543315043,0.0,0.0,0.19209141438184824,0.06928490802329601,0.0,0.0,0.7463270812614122,0.0,0.0,0.1823609826703372,0.0713119360682507,0.0,0.0
2015-01-29,577308858.9158132,85138.21581328427,0.0,577223720.6999999,0.9998525257069965,Bull,1.0,0.0,0.0,0.0,0.7386488430141767,0.0,0.0,0.19246699281329266,0.06873668987952725,0.0,0.0,0.7463270812614122,0.0,0.0,0.1823609826703372,0.0713119360682507,0.0,0.0
2015-01-30,578176507.0658133,85138.21581328427,0.0,578091368.85,0.9998527470162263,Bull,1.0,0.0,0.0,0.0,0.7394679023188557,0.0,0.0,0.19205277046540456,0.06833207423196605,0.0,0.0,0.7463270812614122,0.0,0.0,0.1823609826703372,0.0713119360682507,0.0,0.0
2015-02-02,577485883.6658133,85138.21581328427,0.0,577400745.45,0.999852570914335,Bull,1.0,0.0,0.0,0.0,0.7396961683953414,0.0,0.0,0.19159169622928374,0.06856470628970977,0.0,0.0,0.7463270812614122,0.0,0.0,0.1823609826703372,0.0713119360682507,0.0,0.0
2015-02-03,576622762.6158133,85138.21581328427,0.0,576537624.4,0.9998523502342727,Bull,1.0,0.0,0.0,0.0,0.7390698079047927,0.0,0.0,0.19161140898909426,0.06917113334038572,0.0,0.0,0.7565445381728051,0.0,0.0,0.15510269353307687,0.0883527682941179,0.0,0.0
2015-02-04,581077596.5347538,1739984.2847537869,0.0,579337612.25,0.997005590483732,Bull,1.0,0.0,0.0,0.0,0.7490920573186584,0.0,0.0,0.16419080785244788,0.08372272531262583,0.0,0.0,0.7565445381728051,0.0,0.0,0.15510269353307687,0.0883527682941179,0.0,0.0
2015-02-05,582126862.8847538,1739984.2847537869,0.0,580386878.6,0.9970109878177907,Bull,1.0,0.0,0.0,0.0,0.7494749107401596,0.0,0.0,0.16432552094566005,0.083210556131971,0.0,0.0,0.7565445381728051,0.0,0.0,0.15510269353307687,0.0883527682941179,0.0,0.0
2015-02-06,580522412.8847538,1739984.2847537869,0.0,578782428.6,0.9970027267748244,Bull,1.0,0.0,0.0,0.0,0.7493035048180894,0.0,0.0,0.1646813247484019,0.0830178972083331,0.0,0.0,0.7565445381728051,0.0,0.0,0.15510269353307687,0.0883527682941179,0.0,0.0
2015-02-09,577845594.6847538,1739984.2847537869,0.0,576105610.4,0.9969888421738283,Bull,1.0,0.0,0.0,0.0,0.7495270611802198,0.0,0.0,0.1643625924877297,0.08309918850587882,0.0,0.0,0.7565445381728051,0.0,0.0,0.15510269353307687,0.0883527682941179,0.0,0.0
2015-02-10,578983515.6847538,1739984.2847537869,0.0,577243531.4,0.9969947602347609,Bull,1.0,0.0,0.0,0.0,0.750377289906391,0.0,0.0,0.16398428871970758,0.08263318160866223,0.0,0.0,0.7565445381728051,0.0,0.0,0.15510269353307687,0.0883527682941179,0.0,0.0
2015-02-11,579709168.4847538,1739984.2847537869,0.0,577969184.2,0.9969985220532189,Bull,1.0,0.0,0.0,0.0,0.7485213410272501,0.0,0.0,0.16504051548826976,0.08343666553769899,0.0,0.0,0.7565445381728051,0.0,0.0,0.15510269353307687,0.0883527682941179,0.0,0.0
2015-02-12,580364480.1847538,1739984.2847537869,0.0,578624495.9,0.9970019111366017,Bull,1.0,0.0,0.0,0.0,0.7491154451106279,0.0,0.0,0.1645440120139673,0.08334245401200667,0.0,0.0,0.7565445381728051,0.0,0.0,0.15510269353307687,0.0883527682941179,0.0,0.0
2015-02-13,580756925.0347538,1739984.2847537869,0.0,579016940.75,0.9970039370866741,Bull,1.0,0.0,0.0,0.0,0.7469343404282974,0.0,0.0,0.16624029062455437,0.08382930603382235,0.0,0.0,0.7565445381728051,0.0,0.0,0.15510269353307687,0.0883527682941179,0.0,0.0
2015-02-24,586953875.9347538,1739984.2847537869,0.0,585213891.65,0.9970355689670116,Bull,1.0,0.0,0.0,0.0,0.7454058310003133,0.0,0.0,0.1677300449600298,0.08389969300666844,0.0,0.0,0.7565445381728051,0.0,0.0,0.15510269353307687,0.0883527682941179,0.0,0.0
2015-02-25,588783517.9847538,1739984.2847537869,0.0,587043533.7,0.9970447809226908,Bull,1.0,0.0,0.0,0.0,0.7459854433482518,0.0,0.0,0.16676553775838293,0.08429379981605592,0.0,0.0,0.7565445381728051,0.0,0.0,0.15510269353307687,0.0883527682941179,0.0,0.0
2015-02-26,585125339.4847538,1739984.2847537869,0.0,583385355.2,0.9970263050199023,Bull,1.0,0.0,0.0,0.0,0.7466731069700732,0.0,0.0,0.16613141397294223,0.08422178407688675,0.0,0.0,0.7674084036296039,0.0,0.0,0.1291810744057596,0.1034105219646365,0.0,0.0
2015-03-02,582086007.303883,38093.65388303762,0.0,582047913.65,0.9999345566575987,Bull,1.0,0.0,0.0,0.0,0.7629290312387785,0.0,0.0,0.13839466846682713,0.09861085695199308,0.0,0.0,0.7674084036296039,0.0,0.0,0.1291810744057596,0.1034105219646365,0.0,0.0
2015-03-03,581895569.903883,38093.65388303762,0.0,581857476.25,0.9999345352399069,Bull,1.0,0.0,0.0,0.0,0.7630557770414761,0.0,0.0,0.13837654755354184,0.098502210644889,0.0,0.0,0.7674084036296039,0.0,0.0,0.1291810744057596,0.1034105219646365,0.0,0.0
2015-03-04,581396506.803883,38093.65388303762,0.0,581358413.15,0.9999344790458196,Bull,1.0,0.0,0.0,0.0,0.7635624018287189,0.0,0.0,0.13771479371307646,0.09865728350402417,0.0,0.0,0.7674084036296039,0.0,0.0,0.1291810744057596,0.1034105219646365,0.0,0.0
2015-03-05,578655616.153883,38093.65388303762,0.0,578617522.5,0.9999341686958192,Bull,1.0,0.0,0.0,0.0,0.7631250957781563,0.0,0.0,0.13803875356971942,0.09877031934794343,0.0,0.0,0.7674084036296039,0.0,0.0,0.1291810744057596,0.1034105219646365,0.0,0.0
2015-03-06,581779306.803883,38093.65388303762,0.0,581741213.15,0.9999345221573929,Bull,1.0,0.0,0.0,0.0,0.763631170710857,0.0,0.0,0.13792240298269828,0.09838094846383764,0.0,0.0,0.7674084036296039,0.0,0.0,0.1291810744057596,0.1034105219646365,0.0,0.0
2015-03-09,577772598.403883,38093.65388303762,0.0,577734504.75,0.9999340680849382,Bull,1.0,0.0,0.0,0.0,0.7641295311851759,0.0,0.0,0.13773481161938256,0.09806972528037977,0.0,0.0,0.7674084036296039,0.0,0.0,0.1291810744057596,0.1034105219646365,0.0,0.0
2015-03-10,576763290.4538829,38093.65388303762,0.0,576725196.8,0.9999339527072657,Bull,1.0,0.0,0.0,0.0,0.7641117319605808,0.0,0.0,0.13779413724035314,0.09802808350633191,0.0,0.0,0.7674084036296039,0.0,0.0,0.1291810744057596,0.1034105219646365,0.0,0.0
2015-03-11,575955266.153883,38093.65388303762,0.0,575917172.5,0.9999338600476086,Bull,1.0,0.0,0.0,0.0,0.7631899529894359,0.0,0.0,0.13843592495028437,0.09830798210788835,0.0,0.0,0.7674084036296039,0.0,0.0,0.1291810744057596,0.1034105219646365,0.0,0.0
2015-03-12,580461787.653883,38093.65388303762,0.0,580423694.0,0.9999343735372539,Bull,1.0,0.0,0.0,0.0,0.7636195929305544,0.0,0.0,0.1379224295256061,0.09839235108109351,0.0,0.0,0.7674084036296039,0.0,0.0,0.1291810744057596,0.1034105219646365,0.0,0.0
2015-03-13,578362514.753883,38093.65388303762,0.0,578324421.1,0.9999341353339624,Bull,1.0,0.0,0.0,0.0,0.7624968939898593,0.0,0.0,0.13897131634508367,0.09846592499901924,0.0,0.0,0.7674084036296039,0.0,0.0,0.1291810744057596,0.1034105219646365,0.0,0.0
2015-03-16,576279675.9538829,38093.65388303762,0.0,576241582.3,0.9999338972803093,Bull,1.0,0.0,0.0,0.0,0.7632963657305885,0.0,0.0,0.13859832878505288,0.09803920276466818,0.0,0.0,0.7674084036296039,0.0,0.0,0.1291810744057596,0.1034105219646365,0.0,0.0
2015-03-17,578472369.403883,38093.65388303762,0.0,578434275.75,0.9999341478419752,Bull,1.0,0.0,0.0,0.0,0.7635135213202031,0.0,0.0,0.13839865866454745,0.09802196785722465,0.0,0.0,0.7674084036296039,0.0,0.0,0.1291810744057596,0.1034105219646365,0.0,0.0
2015-03-18,583090569.8538829,38093.65388303762,0.0,583052476.1999999,0.9999346694049733,Bull,1.0,0.0,0.0,0.0,0.7631591029014765,0.0,0.0,0.13847522867713946,0.09830033782635753,0.0,0.0,0.7674084036296039,0.0,0.0,0.1291810744057596,0.1034105219646365,0.0,0.0
2015-03-19,585511853.9538829,38093.65388303762,0.0,585473760.3,0.999934939568472,Bull,1.0,0.0,0.0,0.0,0.76277577863552,0.0,0.0,0.13821496431458086,0.09894419661837116,0.0,0.0,0.7674084036296039,0.0,0.0,0.1291810744057596,0.1034105219646365,0.0,0.0
2015-03-20,584321486.2038829,38093.65388303762,0.0,584283392.55,0.999934807028695,Bull,1.0,0.0,0.0,0.0,0.7627479103078689,0.0,0.0,0.1381814667205771,0.09900543000024901,0.0,0.0,0.7674084036296039,0.0,0.0,0.1291810744057596,0.1034105219646365,0.0,0.0
2015-03-23,584538318.4538829,38093.65388303762,0.0,584500224.8,0.999934831211778,Bull,1.0,0.0,0.0,0.0,0.7631577104815491,0.0,0.0,0.13752785311429055,0.09924926761593832,0.0,0.0,0.7674084036296039,0.0,0.0,0.1291810744057596,0.1034105219646365,0.0,0.0
2015-03-24,586773982.953883,38093.65388303762,0.0,586735889.3000001,0.999935079511039,Bull,1.0,0.0,0.0,0.0,0.7630963578955948,0.0,0.0,0.13831697102763119,0.09852175058781283,0.0,0.0,0.7674084036296039,0.0,0.0,0.1291810744057596,0.1034105219646365,0.0,0.0
2015-03-25,583571786.2038829,38093.65388303762,0.0,583533692.55,0.999934723276924,Bull,1.0,0.0,0.0,0.0,0.7625889446178967,0.0,0.0,0.13863470084164548,0.09871107781738182,0.0,0.0,0.7674084036296039,0.0,0.0,0.1291810744057596,0.1034105219646365,0.0,0.0
2015-03-26,584616163.803883,38093.65388303762,0.0,584578070.15,0.9999348398894154,Bull,1.0,0.0,0.0,0.0,0.7639468386300434,0.0,0.0,0.13864549942069468,0.0973425018386774,0.0,0.0,0.7674084036296039,0.0,0.0,0.1291810744057596,0.1034105219646365,0.0,0.0
2015-03-27,578556581.503883,38093.65388303762,0.0,578518487.85,0.9999341574271198,Bull,1.0,0.0,0.0,0.0,0.7625388802997121,0.0,0.0,0.1399545050365252,0.09744077209088259,0.0,0.0,0.7674084036296039,0.0,0.0,0.1291810744057596,0.1034105219646365,0.0,0.0
2015-03-30,580620010.953883,38093.65388303762,0.0,580581917.3000001,0.9999343914209564,Bull,1.0,0.0,0.0,0.0,0.7637570337465034,0.0,0.0,0.13901226013102538,0.09716509754342752,0.0,0.0,0.7674084036296039,0.0,0.0,0.1291810744057596,0.1034105219646365,0.0,0.0
2015-03-31,583945420.753883,38093.65388303762,0.0,583907327.1,0.999934765043908,Bull,1.0,0.0,0.0,0.0,0.7642552047481441,0.0,0.0,0.13871673125790387,0.09696282903786003,0.0,0.0,0.7674084036296039,0.0,0.0,0.1291810744057596,0.1034105219646365,0.0,0.0
2015-04-01,581966261.403883,38093.65388303762,0.0,581928167.75,0.9999345431919179,Bull,1.0,0.0,0.0,0.0,0.7651245394807848,0.0,0.0,0.13808102862552615,0.09672897508560693,0.0,0.0,0.7674084036296039,0.0,0.0,0.1291810744057596,0.1034105219646365,0.0,0.0
2015-04-02,586062835.253883,38093.65388303762,0.0,586024741.6,0.9999350007344068,Bull,1.0,0.0,0.0,0.0,0.7646272970130824,0.0,0.0,0.13806557101500472,0.09724213270631958,0.0,0.0,0.7674084036296039,0.0,0.0,0.1291810744057596,0.1034105219646365,0.0,0.0
2015-04-07,587866708.153883,38093.65388303762,0.0,587828614.5,0.9999352001850852,Bull,1.0,0.0,0.0,0.0,0.7655472035715201,0.0,0.0,0.13730476463530425,0.09708323197826085,0.0,0.0,0.7674084036296039,0.0,0.0,0.1291810744057596,0.1034105219646365,0.0,0.0
2015-04-08,584653662.803883,38093.65388303762,0.0,584615569.15,0.9999348440687085,Bull,1.0,0.0,0.0,0.0,0.7654534600942343,0.0,0.0,0.1377061414682465,0.09677524250622761,0.0,0.0,0.7674084036296039,0.0,0.0,0.1291810744057596,0.1034105219646365,0.0,0.0
2015-04-09,587580892.253883,38093.65388303762,0.0,587542798.6,0.9999351686646295,Bull,1.0,0.0,0.0,0.0,0.7664202572561174,0.0,0.0,0.13708223167542546,0.09643267973308665,0.0,0.0,0.7674084036296039,0.0,0.0,0.1291810744057596,0.1034105219646365,0.0,0.0
2015-04-10,589432660.003883,38093.65388303762,0.0,589394566.35,0.9999353723394243,Bull,1.0,0.0,0.0,0.0,0.7655805267849041,0.0,0.0,0.13745997719140002,0.09689486836312017,0.0,0.0,0.7674084036296039,0.0,0.0,0.1291810744057596,0.1034105219646365,0.0,0.0
2015-04-13,590392858.603883,38093.65388303762,0.0,590354764.95,0.9999354774480622,Bull,1.0,0.0,0.0,0.0,0.7659240086665674,0.0,0.0,0.13699640641193223,0.09701506236956248,0.0,0.0,0.7674084036296039,0.0,0.0,0.1291810744057596,0.1034105219646365,0.0,0.0
2015-04-14,590061751.1038829,38093.65388303762,0.0,590023657.4499999,0.9999354412418502,Bull,1.0,0.0,0.0,0.0,0.7667127323600266,0.0,0.0,0.13663959721023416,0.09658311167158955,0.0,0.0,0.7674084036296039,0.0,0.0,0.1291810744057596,0.1034105219646365,0.0,0.0
2015-04-15,584217645.503883,38093.65388303762,0.0,584179551.85,0.9999347954410892,Bull,1.0,0.0,0.0,0.0,0.7687024781024269,0.0,0.0,0.13487610414786125,0.0963562131908011,0.0,0.0,0.7674084036296039,0.0,0.0,0.1291810744057596,0.1034105219646365,0.0,0.0
2015-04-16,588840157.2038829,38093.65388303762,0.0,588802063.55,0.9999353073097734,Bull,1.0,0.0,0.0,0.0,0.7689721191912863,0.0,0.0,0.13390119378814688,0.09706199433034034,0.0,0.0,0.7674084036296039,0.0,0.0,0.1291810744057596,0.1034105219646365,0.0,0.0
2015-04-17,586110625.903883,38093.65388303762,0.0,586072532.25,0.999935006034357,Bull,1.0,0.0,0.0,0.0,0.7691343789490125,0.0,0.0,0.13419599734896892,0.09660462973637565,0.0,0.0,0.7674084036296039,0.0,0.0,0.1291810744057596,0.1034105219646365,0.0,0.0
2015-04-20,587139485.253883,38093.65388303762,0.0,587101391.6,0.9999351199249247,Bull,1.0,0.0,0.0,0.0,0.7689351558510504,0.0,0.0,0.13470427723967648,0.09629568683419777,0.0,0.0,0.7674084036296039,0.0,0.0,0.1291810744057596,0.1034105219646365,0.0,0.0
2015-04-21,587715553.003883,38093.65388303762,0.0,587677459.35,0.999935183519156,Bull,1.0,0.0,0.0,0.0,0.7686232856032916,0.0,0.0,0.13511059830583616,0.09620129961002827,0.0,0.0,0.7674084036296039,0.0,0.0,0.1291810744057596,0.1034105219646365,0.0,0.0
2015-04-22,589618317.953883,38093.65388303762,0.0,589580224.3000001,0.9999353926892652,Bull,1.0,0.0,0.0,0.0,0.768637456639275,0.0,0.0,0.1344335777678462,0.09686435828214397,0.0,0.0,0.7674084036296039,0.0,0.0,0.1291810744057596,0.1034105219646365,0.0,0.0
2015-04-23,603983980.103883,38093.65388303762,0.0,603945886.45,0.9999369293637946,Bull,1.0,0.0,0.0,0.0,0.7702990505973006,0.0,0.0,0.1325657676983894,0.09707211106810458,0.0,0.0,0.7674084036296039,0.0,0.0,0.1291810744057596,0.1034105219646365,0.0,0.0
2015-04-24,606301728.253883,38093.65388303762,0.0,606263634.6,0.9999371704679242,Bull,1.0,0.0,0.0,0.0,0.7695040486584858,0.0,0.0,0.1327853711251307,0.09764775068430763,0.0,0.0,0.7674084036296039,0.0,0.0,0.1291810744057596,0.1034105219646365,0.0,0.0
2015-04-27,613761633.4538829,38093.65388303762,0.0,613723539.8,0.9999379341232709,Bull,1.0,0.0,0.0,0.0,0.7716558252994589,0.0,0.0,0.13108639513233003,0.09719571369148212,0.0,0.0,0.7674084036296039,0.0,0.0,0.1291810744057596,0.1034105219646365,0.0,0.0
2015-04-28,615438954.953883,38093.65388303762,0.0,615400861.3000001,0.9999381032780321,Bull,1.0,0.0,0.0,0.0,0.7728466933583061,0.0,0.0,0.13036045143748143,0.09673095848224449,0.0,0.0,0.7674084036296039,0.0,0.0,0.1291810744057596,0.1034105219646365,0.0,0.0
2015-04-29,608646474.103883,38093.65388303762,0.0,608608380.45,0.9999374125120185,Bull,1.0,0.0,0.0,0.0,0.7717977519571128,0.0,0.0,0.13140698813339227,0.0967326724215133,0.0,0.0,0.7674084036296039,0.0,0.0,0.1291810744057596,0.1034105219646365,0.0,0.0
2015-04-30,605302001.203883,38093.65388303762,0.0,605263907.5500001,0.9999370666976035,Bull,1.0,0.0,0.0,0.0,0.7712431259462441,0.0,0.0,0.13190093513850393,0.09679300561285531,0.0,0.0,0.7674084036296039,0.0,0.0,0.1291810744057596,0.1034105219646365,0.0,0.0
2015-05-04,608480620.353883,38093.65388303762,0.0,608442526.7,0.9999373954525276,Bull,1.0,0.0,0.0,0.0,0.771984367270083,0.0,0.0,0.13146351309180118,0.0964895150906433,0.0,0.0,0.7674084036296039,0.0,0.0,0.1291810744057596,0.1034105219646365,0.0,0.0
2015-05-05,607732486.253883,38093.65388303762,0.0,607694392.6,0.9999373183847423,Bull,1.0,0.0,0.0,0.0,0.771630451237876,0.0,0.0,0.13223828216816264,0.09606858497870364,0.0,0.0,0.7674084036296039,0.0,0.0,0.1291810744057596,0.1034105219646365,0.0,0.0
2015-05-06,607235114.753883,38093.65388303762,0.0,607197021.1,0.9999372670437572,Bull,1.0,0.0,0.0,0.0,0.7713865844037221,0.0,0.0,0.1322683719181054,0.09628231072192969,0.0,0.0,0.7674084036296039,0.0,0.0,0.1291810744057596,0.1034105219646365,0.0,0.0
2015-05-07,599844657.253883,38093.65388303762,0.0,599806563.6,0.9999364941349026,Bull,1.0,0.0,0.0,0.0,0.7710700729042893,0.0,0.0,0.13255982034419508,0.09630660088641815,0.0,0.0,0.7674084036296039,0.0,0.0,0.1291810744057596,0.1034105219646365,0.0,0.0
2015-05-08,600843107.7038829,38093.65388303762,0.0,600805014.05,0.9999365996657121,Bull,1.0,0.0,0.0,0.0,0.7711653976038537,0.0,0.0,0.1325564011283495,0.096214800933509,0.0,0.0,0.7674084036296039,0.0,0.0,0.1291810744057596,0.1034105219646365,0.0,0.0
2015-05-11,600170935.253883,38093.65388303762,0.0,600132841.6,0.9999365286593446,Bull,1.0,0.0,0.0,0.0,0.7699312220184864,0.0,0.0,0.1332045510770721,0.09680075556378605,0.0,0.0,0.7674084036296039,0.0,0.0,0.1291810744057596,0.1034105219646365,0.0,0.0
2015-05-12,603296844.653883,38093.65388303762,0.0,603258751.0,0.9999368575283949,Bull,1.0,0.0,0.0,0.0,0.7717826723710566,0.0,0.0,0.13205887069690844,0.09609531446042988,0.0,0.0,0.7674084036296039,0.0,0.0,0.1291810744057596,0.1034105219646365,0.0,0.0
2015-05-13,606940315.253883,38093.65388303762,0.0,606902221.6,0.9999372365734726,Bull,1.0,0.0,0.0,0.0,0.7727402675563155,0.0,0.0,0.13113810040235382,0.09605886861480321,0.0,0.0,0.7674084036296039,0.0,0.0,0.1291810744057596,0.1034105219646365,0.0,0.0
2015-05-14,597500845.603883,38093.65388303762,0.0,597462751.95,0.9999362450209681,Bull,1.0,0.0,0.0,0.0,0.770704268183227,0.0,0.0,0.1330279288888147,0.09620404794892633,0.0,0.0,0.7674084036296039,0.0,0.0,0.1291810744057596,0.1034105219646365,0.0,0.0
2015-05-15,596732984.353883,38093.65388303762,0.0,596694890.7,0.9999361629826375,Bull,1.0,0.0,0.0,0.0,0.7713163219867268,0.0,0.0,0.1324294149510855,0.09619042604482517,0.0,0.0,0.7674084036296039,0.0,0.0,0.1291810744057596,0.1034105219646365,0.0,0.0
2015-05-18,600436960.553883,38093.65388303762,0.0,600398866.9,0.9999365567805023,Bull,1.0,0.0,0.0,0.0,0.7718756461502156,0.0,0.0,0.13212244617123442,0.09593846445905216,0.0,0.0,0.7674084036296039,0.0,0.0,0.1291810744057596,0.1034105219646365,0.0,0.0
2015-05-19,602757434.8538829,38093.65388303762,0.0,602719341.1999999,0.9999368010219696,Bull,1.0,0.0,0.0,0.0,0.7705335751065238,0.0,0.0,0.13240566666647044,0.0969975592489755,0.0,0.0,0.7674084036296039,0.0,0.0,0.1291810744057596,0.1034105219646365,0.0,0.0
2015-05-20,601132568.9538829,38093.65388303762,0.0,601094475.3,0.999936630194652,Bull,1.0,0.0,0.0,0.0,0.7708453995537033,0.0,0.0,0.13251353214587036,0.09657769849507834,0.0,0.0,0.7674084036296039,0.0,0.0,0.1291810744057596,0.1034105219646365,0.0,0.0
2015-05-21,595271631.103883,38093.65388303762,0.0,595233537.45,0.9999360062668998,Bull,1.0,0.0,0.0,0.0,0.7710638529822692,0.0,0.0,0.13223895762346957,0.09663319566116105,0.0,0.0,0.7674084036296039,0.0,0.0,0.1291810744057596,0.1034105219646365,0.0,0.0
2015-05-22,597674595.603883,38093.65388303762,0.0,597636501.95,0.9999362635551801,Bull,1.0,0.0,0.0,0.0,0.7707582108029072,0.0,0.0,0.13217878186737966,0.09699927088489312,0.0,0.0,0.7674084036296039,0.0,0.0,0.1291810744057596,0.1034105219646365,0.0,0.0
2015-05-25,595474239.053883,38093.65388303762,0.0,595436145.4,0.9999360280405354,Bull,1.0,0.0,0.0,0.0,0.7704397861592236,0.0,0.0,0.13213854578330464,0.09735769609800715,0.0,0.0,0.7674084036296039,0.0,0.0,0.1291810744057596,0.1034105219646365,0.0,0.0
2015-05-26,598534414.753883,38093.65388303762,0.0,598496321.1,0.9999363551151881,Bull,1.0,0.0,0.0,0.0,0.7710161850756071,0.0,0.0,0.13164923863634662,0.0972709314032344,0.0,0.0,0.7674084036296039,0.0,0.0,0.1291810744057596,0.1034105219646365,0.0,0.0
2015-05-27,600316911.9538829,38093.65388303762,0.0,600278818.3,0.9999365440934206,Bull,1.0,0.0,0.0,0.0,0.770744433625992,0.0,0.0,0.13200511000444326,0.09718700046298544,0.0,0.0,0.7674084036296039,0.0,0.0,0.1291810744057596,0.1034105219646365,0.0,0.0
2015-05-28,598578897.003883,38093.65388303762,0.0,598540803.35,0.9999363598448364,Bull,1.0,0.0,0.0,0.0,0.770802655521962,0.0,0.0,0.1311850457693142,0.09794865855356018,0.0,0.0,0.7674084036296039,0.0,0.0,0.1291810744057596,0.1034105219646365,0.0,0.0
2015-05-29,598210709.603883,38093.65388303762,0.0,598172615.95,0.9999363206755222,Bull,1.0,0.0,0.0,0.0,0.7708797394405703,0.0,0.0,0.13159593891611768,0.09746064231883413,0.0,0.0,0.7674084036296039,0.0,0.0,0.1291810744057596,0.1034105219646365,0.0,0.0
2015-06-01,596425964.753883,38093.65388303762,0.0,596387871.1,0.9999361301215337,Bull,1.0,0.0,0.0,0.0,0.7709065303515638,0.0,0.0,0.13210223004377852,0.09692736972619137,0.0,0.0,0.7674084036296039,0.0,0.0,0.1291810744057596,0.1034105219646365,0.0,0.0
2015-06-02,596799768.053883,38093.65388303762,0.0,596761674.4,0.999936170126193,Bull,1.0,0.0,0.0,0.0,0.7714426161747978,0.0,0.0,0.13176429383749383,0.0967292601139013,0.0,0.0,0.7674084036296039,0.0,0.0,0.1291810744057596,0.1034105219646365,0.0,0.0
2015-06-03,595154764.753883,38093.65388303762,0.0,595116671.1,0.9999359937009011,Bull,1.0,0.0,0.0,0.0,0.771994779021892,0.0,0.0,0.131564602414601,0.0963766122644081,0.0,0.0,0.7674084036296039,0.0,0.0,0.1291810744057596,0.1034105219646365,0.0,0.0
2015-06-04,586508799.803883,38093.65388303762,0.0,586470706.15,0.999935050157993,Bull,1.0,0.0,0.0,0.0,0.7722678778246036,0.0,0.0,0.1317572729102101,0.09590989942317926,0.0,0.0,0.7674084036296039,0.0,0.0,0.1291810744057596,0.1034105219646365,0.0,0.0
2015-06-05,586322222.253883,38093.65388303762,0.0,586284128.6,0.9999350294898656,Bull,1.0,0.0,0.0,0.0,0.7721106439727851,0.0,0.0,0.1320937482162558,0.09573063730082469,0.0,0.0,0.7674084036296039,0.0,0.0,0.1291810744057596,0.1034105219646365,0.0,0.0
2015-06-08,590191816.153883,38093.65388303762,0.0,590153722.5,0.9999354554691537,Bull,1.0,0.0,0.0,0.0,0.770885346165786,0.0,0.0,0.1333219096678969,0.09572819963547083,0.0,0.0,0.7674084036296039,0.0,0.0,0.1291810744057596,0.1034105219646365,0.0,0.0
2015-06-09,586311550.253883,38093.65388303762,0.0,586273456.6,0.9999350283072771,Bear,1.0,0.0,0.0,0.0,0.7707708579241095,0.0,0.0,0.1335716479849125,0.09559252239825512,0.0,0.0,0.7619132293658398,0.0,0.0,0.16052887916068279,0.07755789147347737,0.0,0.0
2015-06-10,590017791.5529176,134554.552917541,0.0,589883237.0,0.9997719483126712,Bear,1.0,0.0,0.0,0.0,0.7650590261217824,0.0,0.0,0.15280081599355322,0.0819121061973356,0.0,0.0,0.7619132293658398,0.0,0.0,0.16052887916068279,0.07755789147347737,0.0,0.0
2015-06-11,589014723.8029176,134554.552917541,0.0,588880169.25,0.9997715599500656,Bear,1.0,0.0,0.0,0.0,0.764251471242713,0.0,0.0,0.15322944631550303,0.08229064239184966,0.0,0.0,0.7619132293658398,0.0,0.0,0.16052887916068279,0.07755789147347737,0.0,0.0
2015-06-12,590119399.9529176,134554.552917541,0.0,589984845.4,0.9997719875792452,Bear,1.0,0.0,0.0,0.0,0.7650638928935756,0.0,0.0,0.1526311455057845,0.08207694917988526,0.0,0.0,0.7619132293658398,0.0,0.0,0.16052887916068279,0.07755789147347737,0.0,0.0
2015-06-15,588121635.0029176,134554.552917541,0.0,587987080.45,0.9997712130537131,Bear,1.0,0.0,0.0,0.0,0.7651872566255236,0.0,0.0,0.15240775830250713,0.08217619812568236,0.0,0.0,0.7619132293658398,0.0,0.0,0.16052887916068279,0.07755789147347737,0.0,0.0
2015-06-16,586845234.5529176,134554.552917541,0.0,586710680.0,0.9997707154374013,Bear,1.0,0.0,0.0,0.0,0.7662955299323462,0.0,0.0,0.15166008814539417,0.08181509735966092,0.0,0.0,0.7619132293658398,0.0,0.0,0.16052887916068279,0.07755789147347737,0.0,0.0
2015-06-17,584634149.0529176,134554.552917541,0.0,584499594.5,0.9997698482835196,Bear,1.0,0.0,0.0,0.0,0.76690900664343,0.0,0.0,0.1503750681386258,0.08248577350146383,0.0,0.0,0.7619132293658398,0.0,0.0,0.16052887916068279,0.07755789147347737,0.0,0.0
2015-06-18,588738276.2029176,134554.552917541,0.0,588603721.65,0.9997714526838897,Bear,1.0,0.0,0.0,0.0,0.7668217608708667,0.0,0.0,0.1511585089625246,0.0817911828504983,0.0,0.0,0.7619132293658398,0.0,0.0,0.16052887916068279,0.07755789147347737,0.0,0.0
2015-06-22,592093509.8029176,134554.552917541,0.0,591958955.25,0.9997727477996468,Bull,1.0,0.0,0.0,0.0,0.7658564867582096,0.0,0.0,0.15145901536709955,0.0824572456743376,0.0,0.0,0.7619132293658398,0.0,0.0,0.16052887916068279,0.07755789147347737,0.0,0.0
2015-06-23,591952571.0029176,134554.552917541,0.0,591818016.45,0.9997726936928585,Bull,1.0,0.0,0.0,0.0,0.7649825993369459,0.0,0.0,0.15207535942868014,0.08271473492723232,0.0,0.0,0.7619132293658398,0.0,0.0,0.16052887916068279,0.07755789147347737,0.0,0.0
2015-06-24,594156313.0529176,134554.552917541,0.0,594021758.5,0.9997735367781818,Bull,1.0,0.0,0.0,0.0,0.7650482684672164,0.0,0.0,0.15219883726447253,0.08252643104649282,0.0,0.0,0.7619132293658398,0.0,0.0,0.16052887916068279,0.07755789147347737,0.0,0.0
2015-06-25,596524605.1029176,134554.552917541,0.0,596390050.55,0.9997744358710997,Bull,1.0,0.0,0.0,0.0,0.7640758598236919,0.0,0.0,0.15255565189016695,0.08314292415724098,0.0,0.0,0.7619132293658398,0.0,0.0,0.16052887916068279,0.07755789147347737,0.0,0.0
2015-06-26,596722935.9529176,134554.552917541,268800.0,596319581.4,0.9993240505289553,Bull,1.0,0.0,0.0,0.0,0.7635695796951077,0.0,0.0,0.1526391806183006,0.08311529021554698,0.0,0.0,0.7619132293658398,0.0,0.0,0.16052887916068279,0.07755789147347737,0.0,0.0
2015-06-29,590595982.2029176,134554.552917541,268800.0,590192627.65,0.9993170381020658,Bear,1.0,0.0,0.0,0.0,0.763176589804734,0.0,0.0,0.15412973122584564,0.08201071707148624,0.0,0.0,0.7619132293658398,0.0,0.0,0.16052887916068279,0.07755789147347737,0.0,0.0
2015-06-30,593592061.2029176,134554.552917541,268800.0,593188706.65,0.9993204852637345,Bull,1.0,0.0,0.0,0.0,0.7623594320532934,0.0,0.0,0.15465267479144781,0.08230837841899336,0.0,0.0,0.7619132293658398,0.0,0.0,0.16052887916068279,0.07755789147347737,0.0,0.0
2015-07-01,595150532.2029176,134554.552917541,268800.0,594747177.65,0.9993222646522307,Bull,1.0,0.0,0.0,0.0,0.762642479659661,0.0,0.0,0.15381805954394678,0.08286172544862297,0.0,0.0,0.7619132293658398,0.0,0.0,0.16052887916068279,0.07755789147347737,0.0,0.0
2015-07-02,595538785.5029175,134554.552917541,268800.0,595135430.9499999,0.9993227064924463,Bull,1.0,0.0,0.0,0.0,0.7631600863177928,0.0,0.0,0.1532958091434882,0.08286681103116537,0.0,0.0,0.7619132293658398,0.0,0.0,0.16052887916068279,0.07755789147347737,0.0,0.0
2015-07-03,596393569.6029176,134554.552917541,268800.0,595990215.05,0.9993236772267914,Bull,1.0,0.0,0.0,0.0,0.7633819984898991,0.0,0.0,0.153193636981751,0.0827480417551413,0.0,0.0,0.7619132293658398,0.0,0.0,0.16052887916068279,0.07755789147347737,0.0,0.0
2015-07-06,592327691.5529176,134554.552917541,268800.0,591924337.0,0.9993190347865383,Bear,1.0,0.0,0.0,0.0,0.7620755258234838,0.0,0.0,0.15487829002133394,0.0823652189417206,0.0,0.0,0.7619132293658398,0.0,0.0,0.16052887916068279,0.07755789147347737,0.0,0.0
2015-07-07,594758180.8029176,134554.552917541,268800.0,594354826.25,0.9993218175622687,Bear,1.0,0.0,0.0,0.0,0.7613901596757634,0.0,0.0,0.1555479234856557,0.0823837344008495,0.0,0.0,0.7524138240271012,0.0,0.0,0.18941775736779085,0.05816841860510804,0.0,0.0
2015-07-08,586036200.1927146,675895.4427145454,268800.0,585091504.75,0.9983879913179358,Bear,1.0,0.0,0.0,0.0,0.7610495812431632,0.0,0.0,0.17410426176138535,0.06323414831338722,0.0,0.0,0.7367130734829707,0.0,0.0,0.21966061256319835,0.04362631395383103,0.0,0.0
2015-07-09,583325973.0870107,848030.0370107973,268800.0,582209143.05,0.998085410064804,Bear,1.0,0.0,0.0,0.0,0.7436823715464692,0.0,0.0,0.2058603688851824,0.04854266963315255,0.0,0.0,0.7367130734829707,0.0,0.0,0.21966061256319835,0.04362631395383103,0.0,0.0
2015-07-13,586962070.2870108,848030.0370107973,268800.0,585845240.25,0.9980972705161942,Bear,1.0,0.0,0.0,0.0,0.7449361081137582,0.0,0.0,0.20420024745618115,0.048960914946254847,0.0,0.0,0.7225051870196771,0.0,0.0,0.2447750775149496,0.03271973546537327,0.0,0.0
2015-07-14,588647082.2851201,1006842.0351201734,268800.0,587371440.25,0.9978329255788237,Bear,1.0,0.0,0.0,0.0,0.7281436588220301,0.0,0.0,0.23290016059842708,0.03678910615836652,0.0,0.0,0.7225051870196771,0.0,0.0,0.2447750775149496,0.03271973546537327,0.0,0.0
2015-07-15,591171430.8851202,1006842.0351201734,2383800.0,587780788.85,0.9942645367181503,Bear,1.0,0.0,0.0,0.0,0.7300269706941664,0.0,0.0,0.22752486499324429,0.036712701030739675,0.0,0.0,0.7225051870196771,0.0,0.0,0.2447750775149496,0.03271973546537327,0.0,0.0
2015-07-16,594421722.3386242,1191471.4886241723,5982392.4,587247858.45,0.9879313564443772,Bear,1.0,0.0,0.0,0.0,0.7224960702316752,0.0,0.0,0.2316212460377877,0.03381404017491431,0.0,0.0,0.7225051870196771,0.0,0.0,0.2447750775149496,0.03271973546537327,0.0,0.0
2015-07-17,593954673.2886242,1460271.4886241723,5713592.4,586780809.4,0.9879218664129642,Bear,1.0,268800.0,0.0,0.0,0.7231301119694822,0.0,0.0,0.23100045537200056,0.033791299071481526,0.0,0.0,0.7225051870196771,0.0,0.0,0.2447750775149496,0.03271973546537327,0.0,0.0
2015-07-20,592625358.3386242,1460271.4886241723,5713592.4,585451494.45,0.9878947740124798,Bear,1.0,0.0,0.0,0.0,0.7242670068207673,0.0,0.0,0.23000787610933407,0.033619891082378374,0.0,0.0,0.7225051870196771,0.0,0.0,0.2447750775149496,0.03271973546537327,0.0,0.0
2015-07-21,592022787.2886242,1460271.4886241723,5713592.4,584848923.4,0.9878824531037405,Bear,1.0,0.0,0.0,0.0,0.7225826143604928,0.0,0.0,0.23132403505480997,0.033975803688437695,0.0,0.0,0.7225051870196771,0.0,0.0,0.2447750775149496,0.03271973546537327,0.0,0.0
2015-07-22,591893161.5886242,1460271.4886241723,5713592.4,584719297.7,0.9878797993384993,Bear,1.0,0.0,0.0,0.0,0.7213333848190987,0.0,0.0,0.23298393857073135,0.03356247594866924,0.0,0.0,0.7225051870196771,0.0,0.0,0.2447750775149496,0.03271973546537327,0.0,0.0
2015-07-23,591358093.8386242,1460271.4886241723,5713592.4,584184229.95,0.9878688328385645,Bear,1.0,0.0,0.0,0.0,0.7203036271728778,0.0,0.0,0.23429441728045317,0.03327078838523363,0.0,0.0,0.7225051870196771,0.0,0.0,0.2447750775149496,0.03271973546537327,0.0,0.0
2015-07-24,591563896.6386242,1460271.4886241723,5713592.4,584390032.75,0.9878730532248715,Bear,0.5,0.0,0.0,0.0,0.7186878461748256,0.0,0.0,0.23612411236335057,0.033061094686695325,0.0,0.0,0.36125259350983857,0.0,0.0,0.1223875387574748,0.016359867732686634,0.0,0.0
2015-07-27,585671156.7723712,99271261.07237117,5713592.4,480686303.3,0.8207443677934528,Bear,0.5,0.0,0.0,0.0,0.5771276242503622,0.0,0.0,0.21743925499390002,0.02617748854919067,0.0,0.0,0.36125259350983857,0.0,0.0,0.1223875387574748,0.016359867732686634,0.0,0.0
2015-07-28,584860148.1337758,209946854.28377584,5713592.4,369199701.45,0.6312615120521983,Bear,0.5,0.0,0.0,0.0,0.44309233972755646,0.0,0.0,0.16801537993921173,0.020153792385430077,0.0,0.0,0.36125259350983857,0.0,0.0,0.1223875387574748,0.016359867732686634,0.0,0.0
2015-07-29,585060193.4573623,247319365.50736234,5713592.4,332027235.55,0.5675095302381007,Bear,0.5,0.0,0.0,0.0,0.3818917062698489,0.0,0.0,0.16840318500865556,0.017214638959596202,0.0,0.0,0.36125259350983857,0.0,0.0,0.1223875387574748,0.016359867732686634,0.0,0.0
2015-07-30,587767445.1365713,256630912.9865713,5713592.4,325422939.75,0.5536593468091552,Bear,0.5,0.0,0.0,0.0,0.36810551782044915,0.0,0.0,0.16869597120500773,0.01685785778369828,0.0,0.0,0.36125259350983857,0.0,0.0,0.1223875387574748,0.016359867732686634,0.0,0.0
2015-07-31,588966169.4754512,259729766.0254513,7285072.8,321951330.65,0.5466380708025018,Bear,0.5,1.0,145923.0,1.0,0.35931254054622,0.0,0.0,0.170927474645377,0.01639805561090475,0.0,0.0,0.36125259350983857,0.0,0.0,0.1223875387574748,0.016359867732686634,0.0,0.0
2015-08-03,587845086.3315418,280979061.8815418,7285072.8,299580951.65,0.5096256796489369,Bear,0.5,0.0,0.0,0.0,0.35911255628143357,0.0,0.0,0.13430732319751246,0.016205800169990875,0.0,0.0,0.36125259350983857,0.0,0.0,0.1223875387574748,0.016359867732686634,0.0,0.0
2015-08-04,590784008.9315417,280979061.8815418,7285072.8,302519874.25,0.512065102772704,Bear,0.5,0.0,0.0,0.0,0.36064597387348923,0.0,0.0,0.13528158987333244,0.016137539025882382,0.0,0.0,0.36125259350983857,0.0,0.0,0.1223875387574748,0.016359867732686634,0.0,0.0
2015-08-05,590797291.7315418,280979061.8815418,7285072.8,302533157.05,0.5120760729341174,Bear,0.5,0.0,0.0,0.0,0.3599831279298424,0.0,0.0,0.13585691932466054,0.01623602567961448,0.0,0.0,0.36125259350983857,0.0,0.0,0.1223875387574748,0.016359867732686634,0.0,0.0
2015-08-06,588295829.7815418,280979061.8815418,7285072.8,300031695.1,0.5100013971056263,Crisis,0.5,0.0,0.0,0.0,0.3589204349424151,0.0,0.0,0.13494962224954213,0.016131339913668982,0.0,0.0,0.35218944513237893,0.0,0.0,0.13554065406810611,0.012269900799514975,0.0,0.0
2015-08-07,587583040.2815418,283094061.8815418,5170072.8,299318905.6,0.5094069860433356,Crisis,0.5,2115000.0,0.0,0.0,0.35835991028452197,0.0,0.0,0.13497070977746414,0.016076365981349344,0.0,0.0,0.35218944513237893,0.0,0.0,0.13554065406810611,0.012269900799514975,0.0,0.0
2015-08-10,586796300.0815418,283094061.8815418,5170072.8,298532165.4,0.5087492292615268,Crisis,0.5,0.0,0.0,0.0,0.3579764653778661,0.0,0.0,0.13471216500345234,0.01606059888020833,0.0,0.0,0.35218944513237893,0.0,0.0,0.13554065406810611,0.012269900799514975,0.0,0.0
2015-08-11,586071957.3315418,283094061.8815418,5170072.8,297807822.65,0.5081420786723116,Crisis,0.5,0.0,0.0,0.0,0.35671545112289665,0.0,0.0,0.1353461789251368,0.01608044862427816,0.0,0.0,0.35218944513237893,0.0,0.0,0.13554065406810611,0.012269900799514975,0.0,0.0
2015-08-12,581808839.2815418,283094061.8815418,5170072.8,293544704.6,0.5045380626435472,Crisis,0.5,0.0,0.0,0.0,0.35241644807802597,0.0,0.0,0.13619937451939293,0.015922240046128317,0.0,0.0,0.35218944513237893,0.0,0.0,0.13554065406810611,0.012269900799514975,0.0,0.0
2015-08-13,582595129.0315417,283094063.8815418,11227174.9,288273890.25,0.49480999048035784,Crisis,0.5,2.0,465710.0,2.0,0.34322272927752917,0.0,0.0,0.13566145005603197,0.01592581114679672,0.0,0.0,0.35218944513237893,0.0,0.0,0.13554065406810611,0.012269900799514975,0.0,0.0
2015-08-14,582168987.5815418,283094063.8815418,11227174.9,287847748.8,0.494440196816019,Crisis,0.5,0.0,0.0,0.0,0.34365184863437614,0.0,0.0,0.13491357608429616,0.015874772097346636,0.0,0.0,0.35218944513237893,0.0,0.0,0.13554065406810611,0.012269900799514975,0.0,0.0
2015-08-17,579974829.2315418,283094063.8815418,11227174.9,285653590.45,0.49252756508155165,Crisis,0.5,0.0,0.0,0.0,0.34199758412414355,0.0,0.0,0.13469584551368916,0.01583413544371895,0.0,0.0,0.35218944513237893,0.0,0.0,0.13554065406810611,0.012269900799514975,0.0,0.0
2015-08-18,576014771.3815418,283094063.8815418,11227174.9,281693532.6,0.48903873059430847,Crisis,0.5,0.0,0.0,0.0,0.3368238841074574,0.0,0.0,0.13636056556607423,0.015854280920776818,0.0,0.0,0.35218944513237893,0.0,0.0,0.13554065406810611,0.012269900799514975,0.0,0.0
2015-08-19,570155071.2834216,278259181.8834216,11227174.9,280668714.5,0.4922673297778681,Crisis,0.5,0.0,0.0,0.0,0.34141240568434117,0.0,0.0,0.1376739486387559,0.013180975454771017,0.0,0.0,0.35218944513237893,0.0,0.0,0.13554065406810611,0.012269900799514975,0.0,0.0
2015-08-20,569467163.3834217,279830662.2834216,9655694.5,279980806.6,0.49165399623136696,Crisis,0.5,1571480.4,0.0,0.0,0.3415684329265449,0.0,0.0,0.13693151249793395,0.013154050806888144,0.0,0.0,0.35218944513237893,0.0,0.0,0.13554065406810611,0.012269900799514975,0.0,0.0
2015-08-21,566901741.2334216,279830662.2834216,9655694.5,277415384.45,0.4893535586015678,Crisis,0.5,0.0,0.0,0.0,0.3395337682879783,0.0,0.0,0.13695054072524498,0.012869249588344516,0.0,0.0,0.35218944513237893,0.0,0.0,0.13554065406810611,0.012269900799514975,0.0,0.0
2015-08-24,559310054.6834216,279830662.2834216,9655694.5,269823697.9,0.4824223981682655,Crisis,1.0,0.0,0.0,0.0,0.33454824624225776,0.0,0.0,0.13533191360710145,0.01254223831890632,0.0,0.0,0.7043788902647579,0.0,0.0,0.27108130813621223,0.02453980159902995,0.0,0.0
2015-08-25,567125427.86674,168208971.96674007,9655694.5,389260761.4,0.6863750808427274,Crisis,1.0,0.0,0.0,0.0,0.48410360020836807,0.0,0.0,0.18460343136756735,0.017668049266791903,0.0,0.0,0.7043788902647579,0.0,0.0,0.27108130813621223,0.02453980159902995,0.0,0.0
2015-08-26,568891121.4855145,55119695.1355146,9655694.5,504115731.84999996,0.8861374572583062,Crisis,1.0,0.0,0.0,0.0,0.6257565259946922,0.0,0.0,0.23831554910890293,0.022065382154711,0.0,0.0,0.7043788902647579,0.0,0.0,0.27108130813621223,0.02453980159902995,0.0,0.0
2015-08-27,573316432.2400424,10053064.64004248,6057102.1,557206265.5,0.9719000436162324,Crisis,1.0,3598592.4,0.0,0.0,0.6847124788770051,0.0,0.0,0.2635814909570379,0.023606073782189346,0.0,0.0,0.7043788902647579,0.0,0.0,0.27108130813621223,0.02453980159902995,0.0,0.0
2015-08-28,581766614.1283665,778110.1283664816,6057102.1,574931401.9,0.9882509376399893,Crisis,1.0,0.0,0.0,0.0,0.7005402028966793,0.0,0.0,0.2631720285795182,0.024538706163791744,0.0,0.0,0.7043788902647579,0.0,0.0,0.27108130813621223,0.02453980159902995,0.0,0.0
2015-08-31,587453650.6783665,778110.1283664816,6057102.1,580618438.45,0.988364678267854,Crisis,1.0,0.0,0.0,0.0,0.6990627055866949,0.0,0.0,0.2648042102051212,0.024497762476037962,0.0,0.0,0.7043788902647579,0.0,0.0,0.27108130813621223,0.02453980159902995,0.0,0.0
2015-09-01,579466528.8283665,778110.1283664816,6057102.1,572631316.6,0.9882043019081935,Crisis,1.0,0.0,0.0,0.0,0.6964572525284466,0.0,0.0,0.2671308734828558,0.02461617589689112,0.0,0.0,0.7043788902647579,0.0,0.0,0.27108130813621223,0.02453980159902995,0.0,0.0
2015-09-02,579057578.8283665,778110.1283664816,6057102.1,572222366.6,0.9881959713882055,Crisis,1.0,0.0,0.0,0.0,0.6964027090638012,0.0,0.0,0.2670200782327202,0.024773184091684098,0.0,0.0,0.7043788902647579,0.0,0.0,0.27108130813621223,0.02453980159902995,0.0,0.0
2015-09-03,581654436.0783665,778110.1283664816,6057102.1,574819223.85,0.9882486717122784,Crisis,1.0,0.0,0.0,0.0,0.6958268496648593,0.0,0.0,0.26773938328395763,0.02468243876346148,0.0,0.0,0.7043788902647579,0.0,0.0,0.27108130813621223,0.02453980159902995,0.0,0.0
2015-09-04,579430190.3283665,3265810.2283664816,3569402.0,572594978.1,0.9882035621504414,Crisis,0.5,2487700.1,0.0,0.0,0.6961928025728062,0.0,0.0,0.2675525069070783,0.02445825267055679,0.0,0.0,0.35218944513237893,0.0,0.0,0.13554065406810611,0.012269900799514975,0.0,0.0
2015-09-07,580556676.2492743,115850208.94927424,3569402.0,461137065.3,0.7943015456806168,Crisis,0.5,0.0,0.0,0.0,0.5586503067975104,0.0,0.0,0.21623883616506243,0.019412402718043998,0.0,0.0,0.35218944513237893,0.0,0.0,0.13554065406810611,0.012269900799514975,0.0,0.0
2015-09-08,577729755.3952185,231130571.0452185,3569402.0,343029782.35,0.5937547428474359,Crisis,0.5,0.0,0.0,0.0,0.4181619175642679,0.0,0.0,0.16091450913135608,0.014678316151811945,0.0,0.0,0.35218944513237893,0.0,0.0,0.13554065406810611,0.012269900799514975,0.0,0.0
2015-09-09,582763546.4297094,260934129.32970935,3569402.0,318260015.1,0.5461220370591372,Crisis,0.5,0.0,0.0,0.0,0.37281504038997987,0.0,0.0,0.1598773646203656,0.013429632048791811,0.0,0.0,0.35218944513237893,0.0,0.0,0.13554065406810611,0.012269900799514975,0.0,0.0
2015-09-10,584378190.6904879,280881215.2404878,3569402.0,299927573.45,0.5132422431706639,Crisis,0.5,0.0,0.0,0.0,0.35944363906156135,0.0,0.0,0.14131225517233215,0.012486348936770428,0.0,0.0,0.35218944513237893,0.0,0.0,0.13554065406810611,0.012269900799514975,0.0,0.0
2015-09-11,583413697.1404878,280881215.2404878,3569402.0,298963079.9,0.5124375402314367,Crisis,0.5,0.0,0.0,0.0,0.3571355642166673,0.0,0.0,0.14278512898873616,0.012516847026033288,0.0,0.0,0.35218944513237893,0.0,0.0,0.13554065406810611,0.012269900799514975,0.0,0.0
2015-09-14,582516872.7404878,280881215.2404878,3569402.0,298066255.5,0.5116869046174204,Crisis,0.5,0.0,0.0,0.0,0.3559905561609095,0.0,0.0,0.14313061801583923,0.012565730440671647,0.0,0.0,0.35218944513237893,0.0,0.0,0.13554065406810611,0.012269900799514975,0.0,0.0
2015-09-15,582795846.4404879,280881215.2404878,3569402.0,298345229.2,0.5119206511545814,Crisis,0.5,0.0,0.0,0.0,0.35579316576542214,0.0,0.0,0.14366643227020648,0.012461053118952837,0.0,0.0,0.35218944513237893,0.0,0.0,0.13554065406810611,0.012269900799514975,0.0,0.0
2015-09-16,583623789.5904878,280881215.2404878,3569402.0,299173172.35,0.5126130525966416,Crisis,0.5,0.0,0.0,0.0,0.35718433015945317,0.0,0.0,0.1428375633188183,0.012591159118370127,0.0,0.0,0.35218944513237893,0.0,0.0,0.13554065406810611,0.012269900799514975,0.0,0.0
2015-09-17,586960068.0904878,280881215.2404878,3569402.0,302509450.85,0.5153833579073459,Crisis,0.5,0.0,0.0,0.0,0.36086177299772704,0.0,0.0,0.14178647666909097,0.012735108240527919,0.0,0.0,0.35218944513237893,0.0,0.0,0.13554065406810611,0.012269900799514975,0.0,0.0
2015-09-18,587673849.9404879,280881215.2404878,3569402.0,303223232.7,0.5159719676666004,Crisis,0.5,0.0,0.0,0.0,0.3587525337759203,0.0,0.0,0.1445291465812223,0.01269028730945783,0.0,0.0,0.35218944513237893,0.0,0.0,0.13554065406810611,0.012269900799514975,0.0,0.0
2015-09-21,583129434.6404878,280881215.2404878,3569402.0,298678817.4,0.5121998644848756,Crisis,0.5,0.0,0.0,0.0,0.35569713185182883,0.0,0.0,0.14398964451479976,0.012513088118247037,0.0,0.0,0.35218944513237893,0.0,0.0,0.13554065406810611,0.012269900799514975,0.0,0.0
2015-09-22,583945073.3904878,280881215.2404878,3569402.0,299494456.15,0.5128812105753072,Crisis,0.5,0.0,0.0,0.0,0.3548851862843299,0.0,0.0,0.14543148640148007,0.012564537889497188,0.0,0.0,0.35218944513237893,0.0,0.0,0.13554065406810611,0.012269900799514975,0.0,0.0
2015-09-23,578148464.6404878,280881215.2404878,3569402.0,293697847.4,0.507997279872794,Crisis,0.5,0.0,0.0,0.0,0.35185736855064903,0.0,0.0,0.14373782009725738,0.012402091224887543,0.0,0.0,0.35218944513237893,0.0,0.0,0.13554065406810611,0.012269900799514975,0.0,0.0
2015-09-24,576643609.2904878,280881215.2404878,3569402.0,292192992.05,0.5067133101666024,Crisis,0.5,0.0,0.0,0.0,0.3505749284185031,0.0,0.0,0.14377372551134177,0.012364656236757527,0.0,0.0,0.35218944513237893,0.0,0.0,0.13554065406810611,0.012269900799514975,0.0,0.0
2015-09-25,574826981.5904878,284450617.2404878,0.0,290376364.35,0.5051543745329389,Crisis,0.5,3569402.0,0.0,0.0,0.3494975371443568,0.0,0.0,0.14320309003630488,0.012453747352277143,0.0,0.0,0.35218944513237893,0.0,0.0,0.13554065406810611,0.012269900799514975,0.0,0.0
2015-09-30,577321673.1404878,284450617.2404878,0.0,292871055.9,0.507292674994953,Crisis,0.5,0.0,0.0,0.0,0.3508027938710634,0.0,0.0,0.1440600688825367,0.012429812241352946,0.0,0.0,0.35218944513237893,0.0,0.0,0.13554065406810611,0.012269900799514975,0.0,0.0
2015-10-01,577002520.4904878,284450617.2404878,0.0,292551903.25,0.5070201478518894,Crisis,0.5,0.0,0.0,0.0,0.35110089827300806,0.0,0.0,0.14324339507172493,0.012675854507156482,0.0,0.0,0.35218944513237893,0.0,0.0,0.13554065406810611,0.012269900799514975,0.0,0.0
2015-10-02,579616633.4904878,284450617.2404878,0.0,295166016.25,0.5092435226927352,Crisis,0.5,0.0,0.0,0.0,0.3534996313271996,0.0,0.0,0.14319464833191695,0.012549243033618653,0.0,0.0,0.35218944513237893,0.0,0.0,0.13554065406810611,0.012269900799514975,0.0,0.0
2015-10-05,579562080.8904878,284450617.2404878,0.0,295111463.65,0.5091973291223021,Crisis,0.5,0.0,0.0,0.0,0.3546213087892397,0.0,0.0,0.14199583222138074,0.012580188111681661,0.0,0.0,0.3394953046976872,0.0,0.0,0.1454054905510796,0.015099204751233195,0.0,0.0
2015-10-06,581383225.9595244,288581392.45952433,0.0,292801833.5,0.5036296549780139,Crisis,0.5,0.0,0.0,0.0,0.34503099598192627,0.0,0.0,0.14409050048140218,0.014508158514685504,0.0,0.0,0.3394953046976872,0.0,0.0,0.1454054905510796,0.015099204751233195,0.0,0.0
2015-10-07,582310670.7095244,288581392.45952433,0.0,293729278.25,0.5044202227860629,Bear,1.0,0.0,0.0,0.0,0.3451112754041329,0.0,0.0,0.14460854701047587,0.014700400371454137,0.0,0.0,0.6789906093953744,0.0,0.0,0.2908109811021592,0.03019840950246639,0.0,0.0
2015-10-08,580239911.8331076,172065978.03310755,0.0,408173933.8,0.7034571829271229,Crisis,1.0,0.0,0.0,0.0,0.47921442170627043,0.0,0.0,0.20327970826302938,0.02096305295782303,0.0,0.0,0.6789906093953744,0.0,0.0,0.2908109811021592,0.03019840950246639,0.0,0.0
2015-10-12,585907432.8319589,55700516.581958905,0.0,530206916.25,0.9049329067004104,Bear,1.0,0.0,0.0,0.0,0.6164264967664013,0.0,0.0,0.2613201188794485,0.027186291054560514,0.0,0.0,0.6789906093953744,0.0,0.0,0.2908109811021592,0.03019840950246639,0.0,0.0
2015-10-13,589256466.4497869,14151476.099786906,0.0,575104990.35,0.9759841819215864,Bear,1.0,0.0,0.0,0.0,0.6639266815467996,0.0,0.0,0.28291246594950337,0.029145034425283583,0.0,0.0,0.6789906093953744,0.0,0.0,0.2908109811021592,0.03019840950246639,0.0,0.0
2015-10-14,584502686.2250654,3770824.9250654057,0.0,580731861.3,0.9935486610858562,Bear,1.0,0.0,0.0,0.0,0.6735299436218702,0.0,0.0,0.28997009593680084,0.03004862152718507,0.0,0.0,0.6789906093953744,0.0,0.0,0.2908109811021592,0.03019840950246639,0.0,0.0
2015-10-15,588613425.4250654,3770824.9250654057,0.0,584842600.5,0.9935937157356846,Bear,1.0,0.0,0.0,0.0,0.6739227876318634,0.0,0.0,0.2893963892804307,0.03027453882339048,0.0,0.0,0.6789906093953744,0.0,0.0,0.2908109811021592,0.03019840950246639,0.0,0.0
2015-10-16,594504928.2250654,3770824.9250654057,0.0,590734103.3,0.9936572015705177,Bear,1.0,0.0,0.0,0.0,0.6748450420719064,0.0,0.0,0.28895117911447676,0.02986098038413456,0.0,0.0,0.6789906093953744,0.0,0.0,0.2908109811021592,0.03019840950246639,0.0,0.0
2015-10-19,593952598.9750654,3770824.9250654057,0.0,590181774.05,0.9936513032663341,Bear,1.0,0.0,0.0,0.0,0.675392572980122,0.0,0.0,0.2882790651905004,0.029979665095711674,0.0,0.0,0.6789906093953744,0.0,0.0,0.2908109811021592,0.03019840950246639,0.0,0.0
2015-10-20,596891887.1750654,3770824.9250654057,0.0,593121062.25,0.9936825662970362,Bear,1.0,0.0,0.0,0.0,0.6759374200233798,0.0,0.0,0.28791311071982517,0.02983203555383128,0.0,0.0,0.6789906093953744,0.0,0.0,0.2908109811021592,0.03019840950246639,0.0,0.0
2015-10-21,592622422.6750654,3770824.9250654057,0.0,588851597.75,0.9936370532386471,Bear,1.0,0.0,0.0,0.0,0.6763345131977304,0.0,0.0,0.2874606047321397,0.029841935308776997,0.0,0.0,0.6789906093953744,0.0,0.0,0.2908109811021592,0.03019840950246639,0.0,0.0
2015-10-22,595754943.7250654,3770824.9250654057,0.0,591984118.8,0.993670510056555,Bear,1.0,0.0,0.0,0.0,0.6758690348121051,0.0,0.0,0.28811645091310095,0.029685024331348966,0.0,0.0,0.6789906093953744,0.0,0.0,0.2908109811021592,0.03019840950246639,0.0,0.0
2015-10-23,598200750.6750654,3770824.9250654057,0.0,594429925.75,0.9936963888446979,Bear,1.0,0.0,0.0,0.0,0.6779913353373621,0.0,0.0,0.28596085813492833,0.029744195372407547,0.0,0.0,0.6789906093953744,0.0,0.0,0.2908109811021592,0.03019840950246639,0.0,0.0
2015-10-26,604182651.4750654,3770824.9250654057,540000.0,599871826.55,0.9928650302776142,Bear,1.0,0.0,0.0,0.0,0.6784923823105138,0.0,0.0,0.28552623876046446,0.028846409206635875,0.0,0.0,0.6789906093953744,0.0,0.0,0.2908109811021592,0.03019840950246639,0.0,0.0
2015-10-27,603241969.9250654,3770824.9250654057,540000.0,598931145.0,0.9928539041711556,Bear,1.0,0.0,0.0,0.0,0.6792019876383862,0.0,0.0,0.2849171784604943,0.028734738072275088,0.0,0.0,0.6789906093953744,0.0,0.0,0.2908109811021592,0.03019840950246639,0.0,0.0
2015-10-28,603677507.1250654,3770824.9250654057,540000.0,599366682.2,0.9928590598884575,Bear,1.0,0.0,0.0,0.0,0.6793779416317285,0.0,0.0,0.2849683779328891,0.028512740323839898,0.0,0.0,0.6789906093953744,0.0,0.0,0.2908109811021592,0.03019840950246639,0.0,0.0
2015-10-29,596231428.9250654,3770824.9250654057,540000.0,591920604.0,0.9927698797548508,Bear,1.0,0.0,0.0,0.0,0.6765009096001434,0.0,0.0,0.28760392639676075,0.028665043757946554,0.0,0.0,0.6789906093953744,0.0,0.0,0.2908109811021592,0.03019840950246639,0.0,0.0
2015-10-30,594355902.6250654,3770824.9250654057,540000.0,590045077.7,0.9927470646694582,Bear,1.0,0.0,0.0,0.0,0.67678166553643,0.0,0.0,0.2872553284083425,0.02871007072468564,0.0,0.0,0.6789906093953744,0.0,0.0,0.2908109811021592,0.03019840950246639,0.0,0.0
2015-11-02,592842493.1250654,3770824.9250654057,540000.0,588531668.2,0.9927285493616667,Bear,1.0,0.0,0.0,0.0,0.6767702599809414,0.0,0.0,0.28712938423610945,0.028828905144615707,0.0,0.0,0.6789906093953744,0.0,0.0,0.2908109811021592,0.03019840950246639,0.0,0.0
2015-11-03,598892475.1750654,3770824.9250654057,540000.0,594581650.25,0.9928020051949972,Bear,1.0,0.0,0.0,0.0,0.6788299521231426,0.0,0.0,0.28498354391597464,0.028988509155879968,0.0,0.0,0.6789906093953744,0.0,0.0,0.2908109811021592,0.03019840950246639,0.0,0.0
2015-11-04,601365826.8750654,3770824.9250654057,540000.0,597055001.95,0.9928316097582961,Bear,1.0,0.0,0.0,0.0,0.679847413469566,0.0,0.0,0.28355369124661894,0.029430505042111227,0.0,0.0,0.6789906093953744,0.0,0.0,0.2908109811021592,0.03019840950246639,0.0,0.0
2015-11-05,601544707.8250654,3770824.9250654057,540000.0,597233882.9,0.9928337414177384,Bear,1.0,0.0,0.0,0.0,0.6803964486360753,0.0,0.0,0.28308286613589656,0.029354426645766627,0.0,0.0,0.6789906093953744,0.0,0.0,0.2908109811021592,0.03019840950246639,0.0,0.0
2015-11-06,593856379.6250654,3770824.9250654057,540000.0,589545554.7,0.9927409638542789,Bear,1.0,0.0,0.0,0.0,0.6765155153400038,0.0,0.0,0.2870820384343382,0.029143410079936958,0.0,0.0,0.6789906093953744,0.0,0.0,0.2908109811021592,0.03019840950246639,0.0,0.0
2015-11-09,590301771.2750654,3770824.9250654057,540000.0,585990946.35,0.9926972522617475,Bear,1.0,0.0,0.0,0.0,0.6765057565174011,0.0,0.0,0.2870784203034936,0.029113075440852777,0.0,0.0,0.6789906093953744,0.0,0.0,0.2908109811021592,0.03019840950246639,0.0,0.0
2015-11-10,581867288.8250654,3770824.9250654057,540000.0,577556463.9,0.9925913949660755,Bear,1.0,0.0,0.0,0.0,0.6752930976639454,0.0,0.0,0.2881112295185245,0.0291870677836056,0.0,0.0,0.6789906093953744,0.0,0.0,0.2908109811021592,0.03019840950246639,0.0,0.0
2015-11-11,579556630.1750654,3770824.9250654057,540000.0,575245805.25,0.9925618572877628,Crisis,1.0,0.0,0.0,0.0,0.6743479151156376,0.0,0.0,0.28925991227011,0.028954029902015187,0.0,0.0,0.6789906093953744,0.0,0.0,0.2908109811021592,0.03019840950246639,0.0,0.0
2015-11-12,579784469.6750654,3770824.9250654057,540000.0,575473644.75,0.992564780275192,Crisis,1.0,0.0,0.0,0.0,0.6747941092131425,0.0,0.0,0.2887814502755396,0.028989220786509857,0.0,0.0,0.6789906093953744,0.0,0.0,0.2908109811021592,0.03019840950246639,0.0,0.0
2015-11-13,575331743.2750654,3770824.9250654057,540000.0,571020918.35,0.9925072360851739,Crisis,1.0,0.0,0.0,0.0,0.674897957376148,0.0,0.0,0.28870073994959183,0.02890853875943407,0.0,0.0,0.6789906093953744,0.0,0.0,0.2908109811021592,0.03019840950246639,0.0,0.0
2015-11-16,572815016.8750654,3770824.9250654057,540000.0,568504191.95,0.9924743157946825,Crisis,1.0,0.0,0.0,0.0,0.6748497866883125,0.0,0.0,0.2888010878319575,0.028823441274412404,0.0,0.0,0.6789906093953744,0.0,0.0,0.2908109811021592,0.03019840950246639,0.0,0.0
2015-11-17,580426231.5750654,3770824.9250654057,540000.0,576115406.65,0.9925730012005705,Crisis,1.0,0.0,0.0,0.0,0.675605073164729,0.0,0.0,0.28796424232315876,0.029003685712682727,0.0,0.0,0.6789906093953744,0.0,0.0,0.2908109811021592,0.03019840950246639,0.0,0.0
2015-11-18,575801710.3250654,3770824.9250654057,540000.0,571490885.4,0.9925133516490742,Crisis,1.0,0.0,0.0,0.0,0.671960986676418,0.0,0.0,0.29176120353160906,0.02879116144104711,0.0,0.0,0.6789906093953744,0.0,0.0,0.2908109811021592,0.03019840950246639,0.0,0.0
2015-11-19,581961593.0750654,3770824.9250654057,540000.0,577650768.15,0.9925925954970892,Bear,1.0,0.0,0.0,0.0,0.6740372093582525,0.0,0.0,0.2896514168732389,0.02890396926559776,0.0,0.0,0.6789906093953744,0.0,0.0,0.2908109811021592,0.03019840950246639,0.0,0.0
2015-11-20,580096706.1750654,3770824.9250654057,540000.0,575785881.25,0.9925687822751325,Crisis,1.0,0.0,0.0,0.0,0.6734140654336149,0.0,0.0,0.29015782749368585,0.028996889347831685,0.0,0.0,0.6789906093953744,0.0,0.0,0.2908109811021592,0.03019840950246639,0.0,0.0
2015-11-23,579351118.9750654,3770824.9250654057,540000.0,575040294.05,0.992559218781364,Bear,1.0,0.0,0.0,0.0,0.672271928531069,0.0,0.0,0.2911132722042068,0.02917401804608829,0.0,0.0,0.6789906093953744,0.0,0.0,0.2908109811021592,0.03019840950246639,0.0,0.0
2015-11-24,578395329.4750654,3770824.9250654057,540000.0,574084504.55,0.992546923003376,Crisis,1.0,0.0,0.0,0.0,0.6729333463035498,0.0,0.0,0.290694774718523,0.028918801981303137,0.0,0.0,0.6789906093953744,0.0,0.0,0.2908109811021592,0.03019840950246639,0.0,0.0
2015-11-25,578959411.1250654,3770824.9250654057,540000.0,574648586.2,0.9925541845555488,Crisis,1.0,0.0,0.0,0.0,0.6747714584012686,0.0,0.0,0.28889209983645914,0.028890626317821064,0.0,0.0,0.6789906093953744,0.0,0.0,0.2908109811021592,0.03019840950246639,0.0,0.0
2015-11-26,581631086.5250654,4310824.925065406,0.0,577320261.6,0.992588386307169,Bear,1.0,540000.0,0.0,0.0,0.6750257520547438,0.0,0.0,0.28841013468211674,0.029152499570308438,0.0,0.0,0.6789906093953744,0.0,0.0,0.2908109811021592,0.03019840950246639,0.0,0.0
2015-11-27,577117104.1750654,4310824.925065406,0.0,572806279.25,0.9925304155883106,Crisis,1.0,0.0,0.0,0.0,0.6734452616952816,0.0,0.0,0.2901023012293414,0.028982852663687653,0.0,0.0,0.6789906093953744,0.0,0.0,0.2908109811021592,0.03019840950246639,0.0,0.0
2015-11-30,573440626.7750654,4310824.925065406,0.0,569129801.85,0.9924825261347303,Crisis,1.0,0.0,0.0,0.0,0.6735502924202557,0.0,0.0,0.29011669601368734,0.028815537700787305,0.0,0.0,0.6789906093953744,0.0,0.0,0.2908109811021592,0.03019840950246639,0.0,0.0
2015-12-01,582726931.2750654,4310824.925065406,0.0,578416106.35,0.9926023241870203,Crisis,1.0,0.0,0.0,0.0,0.674240858390222,0.0,0.0,0.2894491243624753,0.02891234143432306,0.0,0.0,0.6789906093953744,0.0,0.0,0.2908109811021592,0.03019840950246639,0.0,0.0
2015-12-02,576534038.0250654,4310824.925065406,0.0,572223213.1,0.9925228613737495,Crisis,1.0,0.0,0.0,0.0,0.6737160123807175,0.0,0.0,0.28963077457144043,0.029176074421591546,0.0,0.0,0.6789906093953744,0.0,0.0,0.2908109811021592,0.03019840950246639,0.0,0.0
2015-12-03,574369010.3250654,4310824.925065406,0.0,570058185.4,0.9924946770324087,Crisis,1.0,0.0,0.0,0.0,0.673637119072674,0.0,0.0,0.28952449907749306,0.029333058882241643,0.0,0.0,0.6789906093953744,0.0,0.0,0.2908109811021592,0.03019840950246639,0.0,0.0
2015-12-04,573191370.8250654,4310824.925065406,0.0,568880545.9,0.992479257112925,Crisis,1.0,0.0,0.0,0.0,0.6737701674470352,0.0,0.0,0.28962194556600346,0.02908714409988623,0.0,0.0,0.6789906093953744,0.0,0.0,0.2908109811021592,0.03019840950246639,0.0,0.0
2015-12-07,573524914.5750654,4310824.925065406,0.0,569214089.65,0.992483630936488,Crisis,1.0,0.0,0.0,0.0,0.6729339560356378,0.0,0.0,0.2901263672621524,0.029423307638697757,0.0,0.0,0.6789906093953744,0.0,0.0,0.2908109811021592,0.03019840950246639,0.0,0.0
2015-12-08,567441680.9250654,4310824.925065406,0.0,563130856.0,0.9924030520316419,Crisis,1.0,0.0,0.0,0.0,0.6722200162986838,0.0,0.0,0.2909201166380303,0.02926291909492776,0.0,0.0,0.6789906093953744,0.0,0.0,0.2908109811021592,0.03019840950246639,0.0,0.0
2015-12-09,562927255.8250654,4310824.925065406,0.0,558616430.9,0.9923421279029256,Crisis,1.0,0.0,0.0,0.0,0.6709021938304653,0.0,0.0,0.2923020662036193,0.029137867868840983,0.0,0.0,0.6789906093953744,0.0,0.0,0.2908109811021592,0.03019840950246639,0.0,0.0
2015-12-10,561725973.4750654,4310824.925065406,0.0,557415148.55,0.9923257511159812,Crisis,0.5,0.0,0.0,0.0,0.6719017214302867,0.0,0.0,0.29131998114248486,0.029104048543209655,0.0,0.0,0.3394953046976872,0.0,0.0,0.1454054905510796,0.015099204751233195,0.0,0.0
2015-12-11,561122095.6972156,82830400.69721553,0.0,478291695.0,0.8523843539002048,Crisis,0.5,0.0,0.0,0.0,0.5368312837970012,0.0,0.0,0.2923009114374711,0.023252158665732516,0.0,0.0,0.3394953046976872,0.0,0.0,0.1454054905510796,0.015099204751233195,0.0,0.0
2015-12-14,557428622.8037567,147358343.00375667,0.0,410070279.8,0.7356462568022196,Crisis,0.5,0.0,0.0,0.0,0.42554843812444665,0.0,0.0,0.2914496912319392,0.01864812744583367,0.0,0.0,0.3394953046976872,0.0,0.0,0.1454054905510796,0.015099204751233195,0.0,0.0
2015-12-15,557086179.9594679,184687512.65946794,0.0,372398667.3,0.6684758672833973,Crisis,0.5,0.0,0.0,0.0,0.36089338513949093,0.0,0.0,0.29146836852390384,0.016114113620002455,0.0,0.0,0.3394953046976872,0.0,0.0,0.1454054905510796,0.015099204751233195,0.0,0.0
2015-12-16,559102890.5062349,194038273.40623492,0.0,365064617.1,0.6529471109860574,Crisis,0.5,0.0,0.0,0.0,0.34712236405051416,0.0,0.0,0.29028127515679536,0.01554347177874783,0.0,0.0,0.3394953046976872,0.0,0.0,0.1454054905510796,0.015099204751233195,0.0,0.0
2015-12-17,564971682.1229975,197395509.92299756,0.0,367576172.2,0.6506099045862914,Crisis,0.5,0.0,0.0,0.0,0.34260340531166766,0.0,0.0,0.29277024890601505,0.015236250368608702,0.0,0.0,0.3394953046976872,0.0,0.0,0.1454054905510796,0.015099204751233195,0.0,0.0
2015-12-18,560657523.7294704,198662072.37947032,0.0,361995451.35,0.6456623447091576,Crisis,0.5,0.0,0.0,0.0,0.33891813327682624,0.0,0.0,0.2914661679967934,0.015278043435537954,0.0,0.0,0.3394953046976872,0.0,0.0,0.1454054905510796,0.015099204751233195,0.0,0.0
2015-12-21,560784854.6227422,198497877.6727422,0.0,362286976.95,0.6460355945128403,Crisis,0.5,0.0,0.0,0.0,0.33757826266073826,0.0,0.0,0.29331605275013317,0.015141279101968911,0.0,0.0,0.3394953046976872,0.0,0.0,0.1454054905510796,0.015099204751233195,0.0,0.0
2015-12-22,562921374.6263721,197722277.82637206,0.0,365199096.8,0.6487568482230643,Crisis,0.5,0.0,0.0,0.0,0.34084013407262675,0.0,0.0,0.2927955970927496,0.01512111705768798,0.0,0.0,0.3394953046976872,0.0,0.0,0.1454054905510796,0.015099204751233195,0.0,0.0
2015-12-23,563590692.4547485,233096219.25474855,0.0,330494473.2,0.586408678540297,Crisis,0.5,0.0,0.0,0.0,0.3420176659774714,0.0,0.0,0.22926301255476197,0.01512800000806359,0.0,0.0,0.3394953046976872,0.0,0.0,0.1454054905510796,0.015099204751233195,0.0,0.0
2015-12-24,564853590.1824774,234134728.7824774,0.0,330718861.4,0.5854948382166791,Crisis,0.5,0.0,0.0,0.0,0.340326882472143,0.0,0.0,0.2299994233161027,0.01516853242843351,0.0,0.0,0.3394953046976872,0.0,0.0,0.1454054905510796,0.015099204751233195,0.0,0.0
2015-12-25,565363045.1784396,234455227.52843967,0.0,330907817.65,0.5853014633200141,Crisis,0.5,0.0,0.0,0.0,0.3397013994598529,0.0,0.0,0.23034614856883176,0.015253915291329481,0.0,0.0,0.3394953046976872,0.0,0.0,0.1454054905510796,0.015099204751233195,0.0,0.0
2015-12-28,566058219.5062414,234582521.20624143,0.0,331475698.3,0.5855858759354083,Crisis,0.5,0.0,0.0,0.0,0.3408325180195934,0.0,0.0,0.22966383230579795,0.015089525610016903,0.0,0.0,0.3394953046976872,0.0,0.0,0.1454054905510796,0.015099204751233195,0.0,0.0
2015-12-29,564600738.737539,235125696.38753906,0.0,329475042.35,0.5835540404830397,Crisis,0.5,0.0,0.0,0.0,0.33940044566445277,0.0,0.0,0.229135902813863,0.015017692004723993,0.0,0.0,0.3394953046976872,0.0,0.0,0.1454054905510796,0.015099204751233195,0.0,0.0
2015-12-30,562761981.387539,235125696.38753906,0.0,327636285.0,0.5821933532044649,Crisis,0.5,0.0,0.0,0.0,0.3374994069992191,0.0,0.0,0.2297383339244579,0.01495561228078788,0.0,0.0,0.3394953046976872,0.0,0.0,0.1454054905510796,0.015099204751233195,0.0,0.0
2015-12-31,565157116.9759411,234269337.22594106,0.0,330887779.75,0.5854792761356769,Crisis,0.5,0.0,0.0,0.0,0.3377693990149758,0.0,0.0,0.23266096462445784,0.015048912496243166,0.0,0.0,0.3394953046976872,0.0,0.0,0.1454054905510796,0.015099204751233195,0.0,0.0
2016-01-04,558855696.2370181,233583208.48701808,0.0,325272487.75,0.582033054221653,Crisis,0.5,0.0,0.0,0.0,0.3366029710650368,0.0,0.0,0.23051209975564865,0.014917983400967552,0.0,0.0,0.3394953046976872,0.0,0.0,0.1454054905510796,0.015099204751233195,0.0,0.0
2016-01-05,558572141.1303568,232332014.88035682,0.0,326240126.25,0.5840608620218739,Crisis,0.5,0.0,0.0,0.0,0.3387918270808214,0.0,0.0,0.23036308208928488,0.014905952851767643,0.0,0.0,0.3394953046976872,0.0,0.0,0.1454054905510796,0.015099204751233195,0.0,0.0
2016-01-06,556879265.7098393,232014585.2098393,0.0,324864680.5,0.5833664503308514,Crisis,0.5,0.0,0.0,0.0,0.3390946514399262,0.0,0.0,0.2293674910614349,0.014904307829490359,0.0,0.0,0.3394953046976872,0.0,0.0,0.1454054905510796,0.015099204751233195,0.0,0.0
2016-01-07,554183926.0231385,231815015.0731386,0.0,322368910.95,0.5817002186680894,Crisis,0.5,0.0,0.0,0.0,0.33599920929901794,0.0,0.0,0.2309025830436252,0.014798426325446304,0.0,0.0,0.3394953046976872,0.0,0.0,0.1454054905510796,0.015099204751233195,0.0,0.0
2016-01-08,554729384.5307348,230269873.58073473,0.0,324459510.95,0.5848969245147736,Crisis,0.5,0.0,0.0,0.0,0.3386457724948439,0.0,0.0,0.23123437044624967,0.015016781573680027,0.0,0.0,0.3394953046976872,0.0,0.0,0.1454054905510796,0.015099204751233195,0.0,0.0
2016-01-11,552745034.731879,229948138.081879,0.0,322796896.65,0.5839887766817835,Crisis,1.0,0.0,0.0,0.0,0.3358046386432693,0.0,0.0,0.23334954073819208,0.01483459730032214,0.0,0.0,0.6789906093953744,0.0,0.0,0.2908109811021592,0.03019840950246639,0.0,0.0
2016-01-12,555139183.4645523,119356742.36455229,0.0,435782441.1,0.7849967252902917,Crisis,1.0,0.0,0.0,0.0,0.500991732135152,0.0,0.0,0.2619195407763618,0.02208545237877787,0.0,0.0,0.6789906093953744,0.0,0.0,0.2908109811021592,0.03019840950246639,0.0,0.0
2016-01-13,556044461.7454195,29519038.69541955,0.0,526525423.04999995,0.9469124490463235,Crisis,1.0,0.0,0.0,0.0,0.6345814900168038,0.0,0.0,0.2839638030102198,0.02836715601929999,0.0,0.0,0.6789906093953744,0.0,0.0,0.2908109811021592,0.03019840950246639,0.0,0.0
2016-01-14,553416773.5293303,7706263.07933018,0.0,545710510.45,0.9860751183413096,Crisis,1.0,0.0,0.0,0.0,0.6658392518535957,0.0,0.0,0.2906265362617815,0.02960933022593243,0.0,0.0,0.6789906093953744,0.0,0.0,0.2908109811021592,0.03019840950246639,0.0,0.0
2016-01-15,548893298.4293302,7706263.07933018,0.0,541187035.35,0.9859603622391058,Crisis,1.0,0.0,0.0,0.0,0.6654570868240027,0.0,0.0,0.290649932248244,0.029853343166859104,0.0,0.0,0.6789906093953744,0.0,0.0,0.2908109811021592,0.03019840950246639,0.0,0.0
2016-01-18,546180957.2293302,7706263.07933018,0.0,538474694.15,0.9858906412291952,Crisis,1.0,0.0,0.0,0.0,0.6625767327842796,0.0,0.0,0.29310066175152855,0.03021324669338699,0.0,0.0,0.6789906093953744,0.0,0.0,0.2908109811021592,0.03019840950246639,0.0,0.0
2016-01-19,549992549.4424647,1921075.9424646802,0.0,548071473.5,0.9965070873334336,Crisis,1.0,0.0,0.0,0.0,0.6757384693242627,0.0,0.0,0.29068593776782553,0.03008268024134537,0.0,0.0,0.6789906093953744,0.0,0.0,0.2908109811021592,0.03019840950246639,0.0,0.0
2016-01-20,546849210.9424647,1921075.9424646802,0.0,544928135.0,0.9964870097569423,Crisis,1.0,0.0,0.0,0.0,0.6768947044141302,0.0,0.0,0.2900501579341003,0.029542147408711753,0.0,0.0,0.6789906093953744,0.0,0.0,0.2908109811021592,0.03019840950246639,0.0,0.0
2016-01-21,539973950.8924648,1921075.9424646802,0.0,538052874.95,0.9964422803372467,Crisis,1.0,0.0,0.0,0.0,0.6738565339098429,0.0,0.0,0.2927209724446093,0.029864773982794433,0.0,0.0,0.6789906093953744,0.0,0.0,0.2908109811021592,0.03019840950246639,0.0,0.0
2016-01-22,544814246.3424647,1921075.9424646802,0.0,542893170.4,0.996473888200682,Crisis,0.5,0.0,0.0,0.0,0.6717449531779517,0.0,0.0,0.29473164675481855,0.029997288267911752,0.0,0.0,0.3394953046976872,0.0,0.0,0.1454054905510796,0.015099204751233195,0.0,0.0
2016-01-25,554241423.961575,109092683.61157507,0.0,445148740.35,0.8031675748236056,Crisis,0.5,0.0,0.0,0.0,0.5419750804675065,0.0,0.0,0.23710263130586692,0.024089863050232155,0.0,0.0,0.3394953046976872,0.0,0.0,0.1454054905510796,0.015099204751233195,0.0,0.0
2016-01-26,548997850.0742885,218252797.32428846,0.0,330745052.75,0.6024523642583386,Crisis,0.5,0.0,0.0,0.0,0.4079470488266834,0.0,0.0,0.1763358453715261,0.018169470060129048,0.0,0.0,0.3394953046976872,0.0,0.0,0.1454054905510796,0.015099204751233195,0.0,0.0
2016-01-27,551307489.6643484,260378604.26434833,0.0,290928885.4,0.5277071160000488,Crisis,0.5,0.0,0.0,0.0,0.357725115470626,0.0,0.0,0.1540938615793554,0.015888138950067375,0.0,0.0,0.3394953046976872,0.0,0.0,0.1454054905510796,0.015099204751233195,0.0,0.0
2016-01-28,553877411.7947142,271651740.6447142,0.0,282225671.15,0.5095453707626597,Crisis,0.5,0.0,0.0,0.0,0.3476073713245393,0.0,0.0,0.1465602284392972,0.01537777099882318,0.0,0.0,0.3394953046976872,0.0,0.0,0.1454054905510796,0.015099204751233195,0.0,0.0
2016-01-29,560844467.0947142,271651740.6447142,0.0,289192726.45,0.5156380127062246,Crisis,0.5,0.0,0.0,0.0,0.3548472671593476,0.0,0.0,0.1452213666685696,0.015569378878307378,0.0,0.0,0.3394953046976872,0.0,0.0,0.1454054905510796,0.015099204751233195,0.0,0.0
2016-01-30,562262887.238986,278259459.08898604,0.0,284003428.15,0.5051079034303864,Crisis,0.5,0.0,0.0,0.0,0.3450017466074537,0.0,0.0,0.14474901660263237,0.015357140220300292,0.0,0.0,0.3394953046976872,0.0,0.0,0.1454054905510796,0.015099204751233195,0.0,0.0
2016-02-01,562900281.988986,278259459.08898604,0.0,284640822.9,0.5056682897621455,Crisis,0.5,0.0,0.0,0.0,0.3450655100290046,0.0,0.0,0.14526302902367336,0.015339750709467493,0.0,0.0,0.3394953046976872,0.0,0.0,0.1454054905510796,0.015099204751233195,0.0,0.0
2016-02-02,561001729.8889861,278259459.08898604,0.0,282742270.8,0.5039953635364912,Crisis,0.5,0.0,0.0,0.0,0.3433328464746708,0.0,0.0,0.14532254653855137,0.015339970523269063,0.0,0.0,0.3394953046976872,0.0,0.0,0.1454054905510796,0.015099204751233195,0.0,0.0
2016-02-03,558106257.038986,278259459.08898604,0.0,279846797.95,0.5014220758511431,Crisis,0.5,0.0,0.0,0.0,0.3402008946420698,0.0,0.0,0.14590554929813612,0.015315631910937178,0.0,0.0,0.3394953046976872,0.0,0.0,0.1454054905510796,0.015099204751233195,0.0,0.0
2016-02-15,559553692.988986,278259459.08898604,0.0,281294233.9,0.5027117815940084,Crisis,0.5,0.0,0.0,0.0,0.3418589427552312,0.0,0.0,0.14556386816948994,0.015288970669287303,0.0,0.0,0.3394953046976872,0.0,0.0,0.1454054905510796,0.015099204751233195,0.0,0.0
2016-02-16,563950388.9389861,278259459.08898604,0.0,285690929.85,0.5065887628652899,Crisis,1.0,0.0,0.0,0.0,0.3460557589421474,0.0,0.0,0.14504183631097659,0.01549116761216593,0.0,0.0,0.6789906093953744,0.0,0.0,0.2908109811021592,0.03019840950246639,0.0,0.0
2016-02-17,562132496.3680916,165341363.96809167,0.0,396791132.4,0.7058676290085462,Crisis,1.0,0.0,0.0,0.0,0.478539195186207,0.0,0.0,0.20599894286163722,0.021329490960701896,0.0,0.0,0.6789906093953744,0.0,0.0,0.2908109811021592,0.03019840950246639,0.0,0.0
2016-02-18,563564821.6564642,52307361.9564642,0.0,511257459.7,0.9071848349179794,Crisis,1.0,0.0,0.0,0.0,0.6158169324336485,0.0,0.0,0.26370400402775984,0.02766389845657105,0.0,0.0,0.6789906093953744,0.0,0.0,0.2908109811021592,0.03019840950246639,0.0,0.0
2016-02-19,565325677.7470304,13326097.197030451,0.0,551999580.55,0.9764275748978211,Crisis,1.0,0.0,0.0,0.0,0.6661992288249254,0.0,0.0,0.28084342574484095,0.029384920328054676,0.0,0.0,0.6789906093953744,0.0,0.0,0.2908109811021592,0.03019840950246639,0.0,0.0
2016-02-22,564957590.5470304,13326097.197030451,0.0,551631493.35,0.9764122167397961,Crisis,1.0,0.0,0.0,0.0,0.6663144272218836,0.0,0.0,0.28071788511848966,0.029379904399422792,0.0,0.0,0.6789906093953744,0.0,0.0,0.2908109811021592,0.03019840950246639,0.0,0.0
2016-02-23,565708377.7470304,13326097.197030451,0.0,552382280.55,0.9764435215718344,Crisis,1.0,0.0,0.0,0.0,0.6663235783270645,0.0,0.0,0.28075490172610185,0.029365041518668235,0.0,0.0,0.6789906093953744,0.0,0.0,0.2908109811021592,0.03019840950246639,0.0,0.0
2016-02-24,562409370.4970304,13326097.197030451,0.0,549083273.3,0.9763053428763937,Crisis,1.0,0.0,0.0,0.0,0.6682101917467683,0.0,0.0,0.2788248351221737,0.02927031600745159,0.0,0.0,0.6789906093953744,0.0,0.0,0.2908109811021592,0.03019840950246639,0.0,0.0
2016-02-25,566963776.4470304,13326097.197030451,0.0,553637679.25,0.9764956814692103,Crisis,1.0,0.0,0.0,0.0,0.6657583692831652,0.0,0.0,0.2813169141060659,0.029420398079979253,0.0,0.0,0.6789906093953744,0.0,0.0,0.2908109811021592,0.03019840950246639,0.0,0.0
2016-02-26,571279084.7970304,13326097.197030451,0.0,557952987.6,0.9766732275840887,Crisis,1.0,0.0,0.0,0.0,0.6668662440799028,0.0,0.0,0.2805371389658708,0.029269844538315083,0.0,0.0,0.6789906093953744,0.0,0.0,0.2908109811021592,0.03019840950246639,0.0,0.0
2016-03-01,572427725.5970304,13326097.197030451,0.0,559101628.4,0.9767200353841499,Bear,1.0,0.0,0.0,0.0,0.6649791080664152,0.0,0.0,0.2822436663624075,0.029497260955327134,0.0,0.0,0.6789906093953744,0.0,0.0,0.2908109811021592,0.03019840950246639,0.0,0.0
2016-03-02,575223995.4470304,13326097.197030451,0.0,561897898.25,0.9768332035824163,Bear,1.0,0.0,0.0,0.0,0.6667287027064162,0.0,0.0,0.28051333267938866,0.02959116819661156,0.0,0.0,0.6789906093953744,0.0,0.0,0.2908109811021592,0.03019840950246639,0.0,0.0
2016-03-03,581582666.2970304,13326097.197030451,0.0,568256569.1,0.9770864952322627,Bull,1.0,0.0,0.0,0.0,0.6680880322206122,0.0,0.0,0.27944918137741587,0.029549281634234544,0.0,0.0,0.7092429570465308,0.0,0.0,0.24020303880154256,0.050554004151926624,0.0,0.0
2016-03-04,580821343.3732393,3060898.973239328,0.0,577760444.4,0.9947300508010561,Bull,1.0,0.0,0.0,0.0,0.7017167138399936,0.0,0.0,0.24760212695487183,0.04541121000619076,0.0,0.0,0.7319322177848981,0.0,0.0,0.2007792414805445,0.0672885407345574,0.0,0.0
2016-03-07,584180302.27387,566425.9238699577,0.0,583613876.35,0.999030391949771,Bull,1.0,0.0,0.0,0.0,0.723999037118712,0.0,0.0,0.2135710490654464,0.061460305765612525,0.0,0.0,0.7489491633386737,0.0,0.0,0.1715492770187382,0.07950155964258825,0.0,0.0
2016-03-08,582556185.1259453,2694997.2759453333,0.0,579861187.85,0.9953738414512538,Bull,1.0,0.0,0.0,0.0,0.7390866303426433,0.0,0.0,0.18117565772163552,0.07511155338697512,0.0,0.0,0.7489491633386737,0.0,0.0,0.1715492770187382,0.07950155964258825,0.0,0.0
2016-03-09,578838505.0759453,2694997.2759453333,0.0,576143507.8,0.9953441292306708,Bull,1.0,0.0,0.0,0.0,0.7375005360847414,0.0,0.0,0.1821896765249982,0.07565391662093116,0.0,0.0,0.7489491633386737,0.0,0.0,0.1715492770187382,0.07950155964258825,0.0,0.0
2016-03-10,582404073.4296209,7559.579620833509,0.0,582396513.85,0.9999870200433587,Bull,1.0,0.0,0.0,0.0,0.7431984658024644,0.0,0.0,0.1814190607867857,0.07536949345410861,0.0,0.0,0.7489491633386737,0.0,0.0,0.1715492770187382,0.07950155964258825,0.0,0.0
2016-03-11,583669572.1296208,7559.579620833509,0.0,583662012.55,0.9999870481861968,Bull,1.0,0.0,0.0,0.0,0.7425338466226438,0.0,0.0,0.18189041380492457,0.07556278775862843,0.0,0.0,0.7489491633386737,0.0,0.0,0.1715492770187382,0.07950155964258825,0.0,0.0
2016-03-14,583948966.8796208,7559.579620833509,0.0,583941407.3,0.9999870543830889,Bull,1.0,0.0,0.0,0.0,0.7420497883838663,0.0,0.0,0.18187582481311945,0.0760614411861032,0.0,0.0,0.7489491633386737,0.0,0.0,0.1715492770187382,0.07950155964258825,0.0,0.0
2016-03-15,578498279.2796209,7559.579620833509,0.0,578490719.7,0.9999869324077675,Bull,1.0,0.0,0.0,0.0,0.7404935071430742,0.0,0.0,0.18385499803464464,0.07563842723004871,0.0,0.0,0.7489491633386737,0.0,0.0,0.1715492770187382,0.07950155964258825,0.0,0.0
2016-03-16,580244374.0296209,7559.579620833509,0.0,580236814.45,0.9999869717312926,Bull,1.0,0.0,0.0,0.0,0.7406979432911485,0.0,0.0,0.18322038912965463,0.07606863931048952,0.0,0.0,0.7489491633386737,0.0,0.0,0.1715492770187382,0.07950155964258825,0.0,0.0
2016-03-17,586799606.3796208,7559.579620833509,0.0,586792046.8,0.9999871172721682,Bull,1.0,0.0,0.0,0.0,0.7397722187958781,0.0,0.0,0.1841681535315924,0.07604674494469765,0.0,0.0,0.7617118725040051,0.0,0.0,0.1440508282172392,0.09423729927875557,0.0,0.0
2016-03-18,588364583.5729465,2200086.0729465834,0.0,586164497.5,0.9962606755498672,Bull,1.0,0.0,0.0,0.0,0.7540861735859259,0.0,0.0,0.1522224527114078,0.08995204925253342,0.0,0.0,0.771283904378004,0.0,0.0,0.11784582308449233,0.11087027253750377,0.0,0.0
2016-03-21,586285296.6160123,856806.0660123313,0.0,585428490.55,0.9985385851036044,Bull,1.0,0.0,0.0,0.0,0.759233931192268,0.0,0.0,0.13352680077745946,0.10577785313387687,0.0,0.0,0.771283904378004,0.0,0.0,0.11784582308449233,0.11087027253750377,0.0,0.0
2016-03-22,586920026.0779711,983073.027971206,0.0,585936953.05,0.9983250306953395,Bull,1.0,0.0,0.0,0.0,0.7668451118589166,0.0,0.0,0.12241292988434395,0.10906698895207903,0.0,0.0,0.771283904378004,0.0,0.0,0.11784582308449233,0.11087027253750377,0.0,0.0
2016-03-23,588726825.7779711,983073.027971206,0.0,587743752.75,0.9983301711678042,Bull,1.0,0.0,0.0,0.0,0.7671885040284168,0.0,0.0,0.12249382369268351,0.108647843446704,0.0,0.0,0.771283904378004,0.0,0.0,0.11784582308449233,0.11087027253750377,0.0,0.0
2016-03-24,587116931.3279711,983073.027971206,0.0,586133858.3,0.9983255924407638,Bull,1.0,0.0,0.0,0.0,0.7663975169005026,0.0,0.0,0.12298231603827714,0.108945759501984,0.0,0.0,0.771283904378004,0.0,0.0,0.11784582308449233,0.11087027253750377,0.0,0.0
2016-03-25,585308443.1279712,983073.027971206,0.0,584325370.1,0.9983204188500725,Bull,1.0,0.0,0.0,0.0,0.7667553327978859,0.0,0.0,0.12279218050556319,0.1087729055466234,0.0,0.0,0.771283904378004,0.0,0.0,0.11784582308449233,0.11087027253750377,0.0,0.0
2016-03-28,584573405.9279711,983073.027971206,0.0,583590332.9,0.9983183069602515,Bull,1.0,0.0,0.0,0.0,0.7664536709273545,0.0,0.0,0.1228699411769857,0.10899469485591132,0.0,0.0,0.771283904378004,0.0,0.0,0.11784582308449233,0.11087027253750377,0.0,0.0
2016-03-29,583100847.3779712,983073.027971206,0.0,582117774.35,0.9983140600251368,Bull,1.0,0.0,0.0,0.0,0.7676987203207271,0.0,0.0,0.12211249618343463,0.10850284352097511,0.0,0.0,0.771283904378004,0.0,0.0,0.11784582308449233,0.11087027253750377,0.0,0.0
2016-03-30,586488836.5779711,983073.027971206,0.0,585505763.55,0.9983237992496036,Bull,1.0,0.0,0.0,0.0,0.7663522909872925,0.0,0.0,0.12231588314377558,0.10965562511853545,0.0,0.0,0.771283904378004,0.0,0.0,0.11784582308449233,0.11087027253750377,0.0,0.0
2016-03-31,586349117.1279712,983073.027971206,0.0,585366044.1,0.9983233998325326,Bull,1.0,0.0,0.0,0.0,0.7661903650516622,0.0,0.0,0.12253604192656935,0.10959699285430109,0.0,0.0,0.771283904378004,0.0,0.0,0.11784582308449233,0.11087027253750377,0.0,0.0
2016-04-01,581920742.4279711,983073.027971206,0.0,580937669.4,0.9983106410266982,Bull,1.0,0.0,0.0,0.0,0.7660386318935467,0.0,0.0,0.12312209339894487,0.10914991573420661,0.0,0.0,0.771283904378004,0.0,0.0,0.11784582308449233,0.11087027253750377,0.0,0.0
2016-04-06,575714469.9779712,983073.027971206,0.0,574731396.95,0.9982924295301996,Bull,1.0,0.0,0.0,0.0,0.7682302947273902,0.0,0.0,0.12232539509158886,0.10773673971122058,0.0,0.0,0.771283904378004,0.0,0.0,0.11784582308449233,0.11087027253750377,0.0,0.0
2016-04-07,573322392.5779711,983073.027971206,0.0,572339319.55,0.9982853050208789,Bull,1.0,0.0,0.0,0.0,0.7662240743374709,0.0,0.0,0.1243084186534848,0.10775281202992328,0.0,0.0,0.771283904378004,0.0,0.0,0.11784582308449233,0.11087027253750377,0.0,0.0
2016-04-08,573705731.0779711,983073.027971206,0.0,572722658.05,0.9982864507451861,Bull,1.0,0.0,0.0,0.0,0.7653407213223838,0.0,0.0,0.12422535829664566,0.10872037112615658,0.0,0.0,0.771283904378004,0.0,0.0,0.11784582308449233,0.11087027253750377,0.0,0.0
2016-04-11,577238838.3279711,983073.027971206,0.0,576255765.3,0.9982969388705397,Bull,1.0,0.0,0.0,0.0,0.7640341155447666,0.0,0.0,0.12577739954280182,0.1084854237829713,0.0,0.0,0.771283904378004,0.0,0.0,0.11784582308449233,0.11087027253750377,0.0,0.0
2016-04-12,577863839.3279711,983073.027971206,0.0,576880766.3,0.9982987808527448,Bull,1.0,0.0,0.0,0.0,0.764991571049153,0.0,0.0,0.12502512717186198,0.1082820826317298,0.0,0.0,0.771283904378004,0.0,0.0,0.11784582308449233,0.11087027253750377,0.0,0.0
2016-04-13,585052662.1779711,983073.027971206,0.0,584069589.15,0.9983196845488892,Bull,1.0,0.0,0.0,0.0,0.7657040436023634,0.0,0.0,0.12379518064301712,0.10882046030350871,0.0,0.0,0.771283904378004,0.0,0.0,0.11784582308449233,0.11087027253750377,0.0,0.0
2016-04-14,584470377.9279711,983073.027971206,0.0,583487304.9,0.998318010518418,Bull,1.0,0.0,0.0,0.0,0.7658930577233914,0.0,0.0,0.1231559420601993,0.10926901073482723,0.0,0.0,0.771283904378004,0.0,0.0,0.11784582308449233,0.11087027253750377,0.0,0.0
2016-04-15,586154817.4279711,983073.027971206,0.0,585171744.4,0.9983228440699594,Bull,1.0,0.0,0.0,0.0,0.7650871938028699,0.0,0.0,0.12428064708169322,0.10895500318539633,0.0,0.0,0.771283904378004,0.0,0.0,0.11784582308449233,0.11087027253750377,0.0,0.0
2016-04-18,586153448.3779712,983073.027971206,0.0,585170375.35,0.9983228401527082,Bull,1.0,0.0,0.0,0.0,0.7654592438065442,0.0,0.0,0.12458665935018066,0.10827693699598341,0.0,0.0,0.771283904378004,0.0,0.0,0.11784582308449233,0.11087027253750377,0.0,0.0
2016-04-19,584455926.9279711,983073.027971206,0.0,583472853.9,0.9983179689302863,Bull,1.0,0.0,0.0,0.0,0.765164888053422,0.0,0.0,0.12498684098211338,0.10816623989475102,0.0,0.0,0.771283904378004,0.0,0.0,0.11784582308449233,0.11087027253750377,0.0,0.0
2016-04-20,578893838.3279711,983073.027971206,0.0,577910765.3,0.998301807753196,Bull,1.0,0.0,0.0,0.0,0.7652709978388355,0.0,0.0,0.12545650893394705,0.10757430098041351,0.0,0.0,0.771283904378004,0.0,0.0,0.11784582308449233,0.11087027253750377,0.0,0.0
2016-04-21,581555397.5779711,983073.027971206,0.0,580572324.55,0.9983095797372608,Bull,1.0,0.0,0.0,0.0,0.7656013965381607,0.0,0.0,0.1251134462908063,0.1075947369082938,0.0,0.0,0.771283904378004,0.0,0.0,0.11784582308449233,0.11087027253750377,0.0,0.0
2016-04-22,582118776.2279712,983073.027971206,0.0,581135703.2,0.9983112157378924,Bull,1.0,0.0,0.0,0.0,0.7654398404519112,0.0,0.0,0.12495388049725803,0.10791749478872319,0.0,0.0,0.771283904378004,0.0,0.0,0.11784582308449233,0.11087027253750377,0.0,0.0
2016-04-25,583983315.4279711,983073.027971206,0.0,583000242.4,0.9983166076803912,Bull,1.0,0.0,0.0,0.0,0.7657584225197898,0.0,0.0,0.1249001436737047,0.1076580414868967,0.0,0.0,0.771283904378004,0.0,0.0,0.11784582308449233,0.11087027253750377,0.0,0.0
2016-04-26,584740960.1779711,983073.027971206,0.0,583757887.15,0.9983187888399815,Bull,1.0,0.0,0.0,0.0,0.7652961184962985,0.0,0.0,0.12507914611923118,0.10794352422445175,0.0,0.0,0.771283904378004,0.0,0.0,0.11784582308449233,0.11087027253750377,0.0,0.0
2016-04-27,583636623.2779711,983073.027971206,0.0,582653550.25,0.9983156077107537,Bull,1.0,0.0,0.0,0.0,0.7647920511619606,0.0,0.0,0.12554609679643391,0.10797745975235927,0.0,0.0,0.771283904378004,0.0,0.0,0.11784582308449233,0.11087027253750377,0.0,0.0
2016-04-28,578398694.8779712,983073.027971206,0.0,577415621.85,0.9983003540003171,Crisis,1.0,0.0,0.0,0.0,0.7651124142722449,0.0,0.0,0.12595118323247545,0.10723675649559682,0.0,0.0,0.740962928283503,0.0,0.0,0.17588436731336926,0.08315270440312783,0.0,0.0
2016-04-29,580018777.4910054,499328.24100545887,0.0,579519449.25,0.999139117110716,Crisis,1.0,0.0,0.0,0.0,0.7604383967669733,0.0,0.0,0.15087046039877047,0.0878302599449722,0.0,0.0,0.7200346787940852,0.0,0.0,0.2176007929035689,0.06236452830234587,0.0,0.0
2016-05-03,583828847.771992,2613351.421991961,0.0,581215496.35,0.9955237713381841,Crisis,1.0,0.0,0.0,0.0,0.7309025547100949,0.0,0.0,0.19719392153941973,0.06742729508866949,0.0,0.0,0.7045806156335603,0.0,0.0,0.2486459881396803,0.046773396226759405,0.0,0.0
2016-05-04,583193023.1186311,668546.8186312122,0.0,582524476.3,0.9988536440044222,Crisis,1.0,0.0,0.0,0.0,0.7111086036014534,0.0,0.0,0.23621836088388382,0.05152667951908494,0.0,0.0,0.7045806156335603,0.0,0.0,0.2486459881396803,0.046773396226759405,0.0,0.0
2016-05-05,577488666.0686312,668546.8186312122,0.0,576820119.25,0.9988423204507503,Crisis,1.0,0.0,0.0,0.0,0.7104531107823349,0.0,0.0,0.23626697460376603,0.05212223506464937,0.0,0.0,0.7045806156335603,0.0,0.0,0.2486459881396803,0.046773396226759405,0.0,0.0
2016-05-06,574174715.2686312,668546.8186312122,0.0,573506168.45,0.9988356386987219,Crisis,1.0,0.0,0.0,0.0,0.7088787743980908,0.0,0.0,0.23796920408812158,0.051987660212509515,0.0,0.0,0.6909354617251703,0.0,0.0,0.2739844911047602,0.03508004717006955,0.0,0.0
2016-05-09,575718857.6129469,245991.46294683963,0.0,575472866.15,0.999572722936388,Crisis,1.0,0.0,0.0,0.0,0.6941693169597033,0.0,0.0,0.2661024525672143,0.03930095340947049,0.0,0.0,0.6909354617251703,0.0,0.0,0.2739844911047602,0.03508004717006955,0.0,0.0
2016-05-10,578086277.9629469,245991.46294683963,0.0,577840286.5,0.9995744727520367,Crisis,1.0,0.0,0.0,0.0,0.690902901046892,0.0,0.0,0.2693348829324395,0.039336688772705214,0.0,0.0,0.6909354617251703,0.0,0.0,0.2739844911047602,0.03508004717006955,0.0,0.0
2016-05-11,576684801.2629468,245991.46294683963,0.0,576438809.8,0.9995734386229563,Crisis,1.0,0.0,0.0,0.0,0.6895247784043672,0.0,0.0,0.2707149549599736,0.03933370525861549,0.0,0.0,0.6909354617251703,0.0,0.0,0.2739844911047602,0.03508004717006955,0.0,0.0
2016-05-12,579044732.9129469,245991.46294683963,0.0,578798741.45,0.9995751770995146,Crisis,1.0,0.0,0.0,0.0,0.6902766206666986,0.0,0.0,0.2701578843711166,0.039140672061699446,0.0,0.0,0.6909354617251703,0.0,0.0,0.2739844911047602,0.03508004717006955,0.0,0.0
2016-05-13,579885189.7629468,245991.46294683963,0.0,579639198.3,0.9995757928167687,Crisis,0.5,0.0,0.0,0.0,0.6914467818429879,0.0,0.0,0.2694698929349768,0.038659118038803966,0.0,0.0,0.34546773086258514,0.0,0.0,0.1369922455523801,0.017540023585034776,0.0,0.0
2016-05-16,576117664.3538755,105070614.1538755,0.0,471047050.2,0.8176229949975344,Crisis,0.5,0.0,0.0,0.0,0.5520676935964192,0.0,0.0,0.23483032784931118,0.03072497355180414,0.0,0.0,0.34546773086258514,0.0,0.0,0.1369922455523801,0.017540023585034776,0.0,0.0
2016-05-17,577917010.7158413,219684391.66584125,0.0,358232619.05,0.6198686185171681,Crisis,0.5,0.0,0.0,0.0,0.42354484209905696,0.0,0.0,0.17377581579681153,0.022547960621299653,0.0,0.0,0.34546773086258514,0.0,0.0,0.1369922455523801,0.017540023585034776,0.0,0.0
2016-05-18,580260663.8700488,271017273.9700487,0.0,309243389.9,0.5329387448694196,Crisis,0.5,0.0,0.0,0.0,0.36747560738970564,0.0,0.0,0.14676300721820432,0.018700130261509688,0.0,0.0,0.34546773086258514,0.0,0.0,0.1369922455523801,0.017540023585034776,0.0,0.0
2016-05-19,576372760.7445998,284942853.5945999,0.0,291429907.15,0.5056274810306959,Crisis,0.5,0.0,0.0,0.0,0.3486923235066899,0.0,0.0,0.13903103244587325,0.017904125078132754,0.0,0.0,0.34546773086258514,0.0,0.0,0.1369922455523801,0.017540023585034776,0.0,0.0
2016-05-20,576487298.2445998,284942853.5945999,0.0,291544444.65,0.505725703823399,Crisis,0.5,0.0,0.0,0.0,0.34840116210987376,0.0,0.0,0.1393189411884017,0.01800560052512351,0.0,0.0,0.34546773086258514,0.0,0.0,0.1369922455523801,0.017540023585034776,0.0,0.0
2016-05-23,579711753.9945998,284942853.5945999,0.0,294768900.4,0.5084749418462642,Bull,1.0,0.0,0.0,0.0,0.3514820926020038,0.0,0.0,0.13849055059999332,0.018502298644267123,0.0,0.0,0.7182015962938777,0.0,0.0,0.2492562557400002,0.03254214796612208,0.0,0.0
2016-05-24,578861871.1279559,169280694.12795585,0.0,409581177.0,0.707562887501815,Bear,1.0,0.0,0.0,0.0,0.49969619943418403,0.0,0.0,0.18391434176266047,0.023952346304970493,0.0,0.0,0.7182015962938777,0.0,0.0,0.2492562557400002,0.03254214796612208,0.0,0.0
2016-05-25,581015558.8356991,53149800.18569912,0.0,527865758.65,0.9085225870849202,Bull,1.0,0.0,0.0,0.0,0.6509079712217221,0.0,0.0,0.22762918821834802,0.0299854276448501,0.0,0.0,0.7182015962938777,0.0,0.0,0.2492562557400002,0.03254214796612208,0.0,0.0
2016-05-26,580687748.7571789,13474996.657178868,0.0,567212752.1,0.9767947633026203,Bull,1.0,0.0,0.0,0.0,0.7038356723983618,0.0,0.0,0.2410646690921244,0.031894421812134074,0.0,0.0,0.7182015962938777,0.0,0.0,0.2492562557400002,0.03254214796612208,0.0,0.0
2016-05-27,585754294.9071789,13474996.657178868,0.0,572279298.25,0.9769954795477612,Bull,1.0,0.0,0.0,0.0,0.7042259900379682,0.0,0.0,0.2409220064231243,0.03184748308666882,0.0,0.0,0.7182015962938777,0.0,0.0,0.2492562557400002,0.03254214796612208,0.0,0.0
2016-05-30,588971959.8071789,13474996.657178868,0.0,575496963.15,0.9771211575817796,Bull,1.0,0.0,0.0,0.0,0.7048446980156898,0.0,0.0,0.24032468378688127,0.03195177577920853,0.0,0.0,0.7182015962938777,0.0,0.0,0.2492562557400002,0.03254214796612208,0.0,0.0
2016-05-31,591491734.6071789,13474996.657178868,0.0,578016737.95,0.9772186222244883,Bull,1.0,0.0,0.0,0.0,0.7060153397195613,0.0,0.0,0.23938762237148842,0.031815660133438485,0.0,0.0,0.7386511972204082,0.0,0.0,0.21238059824682848,0.04896820453276324,0.0,0.0
2016-06-01,593046197.2914658,3246087.291465747,0.0,589800110.0,0.9945264174927836,Bull,1.0,0.0,0.0,0.0,0.7316487517864472,0.0,0.0,0.21797964575172277,0.0448980199546137,0.0,0.0,0.7539883979153063,0.0,0.0,0.18408219789266178,0.06192940419203201,0.0,0.0
2016-06-02,591853927.6979225,651255.8979224996,0.0,591202671.8,0.9988996340694136,Bull,1.0,0.0,0.0,0.0,0.7483741360352465,0.0,0.0,0.19283693941835545,0.057688558615811736,0.0,0.0,0.7539883979153063,0.0,0.0,0.18408219789266178,0.06192940419203201,0.0,0.0
2016-06-03,595377659.3479226,651255.8979224996,0.0,594726403.45,0.9989061465647942,Bull,1.0,0.0,0.0,0.0,0.7475624865358043,0.0,0.0,0.19386148974150744,0.05748217028748245,0.0,0.0,0.7539883979153063,0.0,0.0,0.18408219789266178,0.06192940419203201,0.0,0.0
2016-06-04,593022483.9479225,651255.8979224996,0.0,592371228.05,0.9989018023505839,Bull,1.0,0.0,0.0,0.0,0.7470201215657498,0.0,0.0,0.1940808369250756,0.057800843859758484,0.0,0.0,0.7539883979153063,0.0,0.0,0.18408219789266178,0.06192940419203201,0.0,0.0
2016-06-06,594380296.4479225,651255.8979224996,0.0,593729040.55,0.9989043110920491,Bull,1.0,0.0,0.0,0.0,0.7464282433340589,0.0,0.0,0.19471708717743538,0.05775898058055487,0.0,0.0,0.7539883979153063,0.0,0.0,0.18408219789266178,0.06192940419203201,0.0,0.0
2016-06-07,602185100.2479225,651255.8979224996,0.0,601533844.35,0.9989185121025838,Bull,1.0,0.0,0.0,0.0,0.7472565232263938,0.0,0.0,0.19389503319150383,0.0577669556846861,0.0,0.0,0.7539883979153063,0.0,0.0,0.18408219789266178,0.06192940419203201,0.0,0.0
2016-06-08,605490203.2479225,651255.8979224996,0.0,604838947.35,0.9989244154662964,Bull,1.0,0.0,0.0,0.0,0.746959314822823,0.0,0.0,0.1942036375968457,0.05776146304662774,0.0,0.0,0.7539883979153063,0.0,0.0,0.18408219789266178,0.06192940419203201,0.0,0.0
2016-06-13,595255079.6979225,651255.8979224996,0.0,594603823.8,0.9989059213098139,Bull,1.0,0.0,0.0,0.0,0.7461536053172301,0.0,0.0,0.1953483539510664,0.05740396204151747,0.0,0.0,0.7539883979153063,0.0,0.0,0.18408219789266178,0.06192940419203201,0.0,0.0
2016-06-14,599314856.0979226,651255.8979224996,0.0,598663600.2,0.9989133326309266,Bull,1.0,0.0,0.0,0.0,0.7457026897510762,0.0,0.0,0.19583779511853625,0.057372847761314134,0.0,0.0,0.7539883979153063,0.0,0.0,0.18408219789266178,0.06192940419203201,0.0,0.0
2016-06-15,600133412.3479226,651255.8979224996,0.0,599482156.45,0.9989148147986385,Bull,1.0,0.0,0.0,0.0,0.7452375542635427,0.0,0.0,0.19629335340473447,0.05738390713036128,0.0,0.0,0.7539883979153063,0.0,0.0,0.18408219789266178,0.06192940419203201,0.0,0.0
2016-06-16,590962398.0479225,651255.8979224996,0.0,590311142.15,0.9988979740503393,Bull,1.0,0.0,0.0,0.0,0.7450725183267823,0.0,0.0,0.1963673160649886,0.057458139658568365,0.0,0.0,0.7539883979153063,0.0,0.0,0.18408219789266178,0.06192940419203201,0.0,0.0
2016-06-17,598357712.3479226,651255.8979224996,0.0,597706456.45,0.9989115943782741,Bull,1.0,0.0,0.0,0.0,0.7461470742945795,0.0,0.0,0.19538947620686736,0.05737504387682719,0.0,0.0,0.7539883979153063,0.0,0.0,0.18408219789266178,0.06192940419203201,0.0,0.0
2016-06-20,600198818.5979226,651255.8979224996,0.0,599547562.7,0.9989149330559433,Bull,1.0,0.0,0.0,0.0,0.74549190840668,0.0,0.0,0.19582211153723655,0.057600913112026676,0.0,0.0,0.7539883979153063,0.0,0.0,0.18408219789266178,0.06192940419203201,0.0,0.0
2016-06-21,603290816.0479225,651255.8979224996,0.0,602639560.15,0.9989204942614761,Bull,1.0,0.0,0.0,0.0,0.7476565996890137,0.0,0.0,0.19373608364480005,0.05752781092766233,0.0,0.0,0.7539883979153063,0.0,0.0,0.18408219789266178,0.06192940419203201,0.0,0.0
2016-06-22,602606697.2979225,651255.8979224996,0.0,601955441.4,0.9989192687355738,Bull,1.0,0.0,0.0,0.0,0.7466407914440402,0.0,0.0,0.19450746320207565,0.057771014089457944,0.0,0.0,0.7539883979153063,0.0,0.0,0.18408219789266178,0.06192940419203201,0.0,0.0
2016-06-23,601166271.5979226,651255.8979224996,0.0,600515015.7,0.9989166792471715,Bull,1.0,0.0,0.0,0.0,0.7465891499651309,0.0,0.0,0.19455183287166333,0.0577756964103773,0.0,0.0,0.7539883979153063,0.0,0.0,0.18408219789266178,0.06192940419203201,0.0,0.0
2016-06-24,589053240.3979225,651255.8979224996,0.0,588401984.5,0.998894402316703,Bull,1.0,0.0,0.0,0.0,0.7451519733657475,0.0,0.0,0.19632554762261836,0.0574168813283372,0.0,0.0,0.7539883979153063,0.0,0.0,0.18408219789266178,0.06192940419203201,0.0,0.0
2016-06-27,589817867.0979226,651255.8979224996,0.0,589166611.2,0.9988958355888287,Bull,1.0,0.0,0.0,0.0,0.7445674939635053,0.0,0.0,0.1963952034378919,0.057933138187431406,0.0,0.0,0.7539883979153063,0.0,0.0,0.18408219789266178,0.06192940419203201,0.0,0.0
2016-06-28,591921167.0979226,651255.8979224996,0.0,591269911.2,0.9988997590656954,Bull,1.0,0.0,0.0,0.0,0.7445542340726791,0.0,0.0,0.19639186172365553,0.05795366326936071,0.0,0.0,0.7539883979153063,0.0,0.0,0.18408219789266178,0.06192940419203201,0.0,0.0
2016-06-29,598570976.4479225,651255.8979224996,0.0,597919720.55,0.9989119821649435,Bull,1.0,0.0,0.0,0.0,0.743773651024548,0.0,0.0,0.19720167640014163,0.057936654740254015,0.0,0.0,0.7539883979153063,0.0,0.0,0.18408219789266178,0.06192940419203201,0.0,0.0
2016-06-30,602918133.6979225,651255.8979224996,3656800.0,598610077.8,0.9928546586059709,Bull,1.0,0.0,0.0,0.0,0.7400826959096943,0.0,0.0,0.19458628533932956,0.05818567735694708,0.0,0.0,0.7539883979153063,0.0,0.0,0.18408219789266178,0.06192940419203201,0.0,0.0
2016-07-01,607193507.7979225,651255.8979224996,3656800.0,602885451.9,0.9929049704211326,Bull,1.0,0.0,0.0,0.0,0.7394350336983893,0.0,0.0,0.19498775675217306,0.05848217997057033,0.0,0.0,0.7539883979153063,0.0,0.0,0.18408219789266178,0.06192940419203201,0.0,0.0
2016-07-04,606613507.7979225,651255.8979224996,3656800.0,602305451.9,0.9928981866665626,Bull,1.0,0.0,0.0,0.0,0.7405701424796701,0.0,0.0,0.19374576808657493,0.0585822761003175,0.0,0.0,0.7539883979153063,0.0,0.0,0.18408219789266178,0.06192940419203201,0.0,0.0
2016-07-05,605612646.2979225,651255.8979224996,3656800.0,601304590.4,0.992886449904477,Bull,1.0,0.0,0.0,0.0,0.7411742359474897,0.0,0.0,0.19321013310286517,0.05850208085412225,0.0,0.0,0.7539883979153063,0.0,0.0,0.18408219789266178,0.06192940419203201,0.0,0.0
2016-07-06,599747331.6979225,651255.8979224996,3656800.0,595439275.8,0.9928168819263836,Bull,1.0,0.0,0.0,0.0,0.7400067534165194,0.0,0.0,0.19480836983339384,0.05800175867647049,0.0,0.0,0.7539883979153063,0.0,0.0,0.18408219789266178,0.06192940419203201,0.0,0.0
2016-07-07,601441236.9479225,651255.8979224996,3656800.0,597133181.05,0.9928371125335799,Bull,1.0,0.0,0.0,0.0,0.7375641272971286,0.0,0.0,0.19672162919923758,0.058551356037213675,0.0,0.0,0.7539883979153063,0.0,0.0,0.18408219789266178,0.06192940419203201,0.0,0.0
2016-07-11,610721591.0056909,942849.9056908742,3656800.0,606121941.1,0.9924684996020584,Bull,1.0,0.0,0.0,0.0,0.7431499848443556,0.0,0.0,0.18799269862219453,0.06132581613550813,0.0,0.0,0.7539883979153063,0.0,0.0,0.18408219789266178,0.06192940419203201,0.0,0.0
2016-07-12,611908921.6556909,942849.9056908742,5048050.0,605918021.75,0.9902094908348764,Bull,1.0,0.0,0.0,0.0,0.7445587171980446,0.0,0.0,0.18389583158148004,0.06175494205535181,0.0,0.0,0.7539883979153063,0.0,0.0,0.18408219789266178,0.06192940419203201,0.0,0.0
2016-07-13,615375155.605691,942849.9056908742,5048050.0,609384255.7,0.9902646379998973,Bull,1.0,0.0,0.0,0.0,0.7455939706379607,0.0,0.0,0.18321815395525096,0.061452513406685665,0.0,0.0,0.7539883979153063,0.0,0.0,0.18408219789266178,0.06192940419203201,0.0,0.0
2016-07-14,616166198.7556909,942849.9056908742,5048050.0,610175298.85,0.9902771363995799,Bull,1.0,0.0,0.0,0.0,0.748996942354163,0.0,0.0,0.17986121313340936,0.061418980912007495,0.0,0.0,0.7539883979153063,0.0,0.0,0.18408219789266178,0.06192940419203201,0.0,0.0
2016-07-15,622255163.355691,942849.9056908742,5048050.0,616264263.45,0.9903722777109903,Bull,1.0,0.0,0.0,0.0,0.7490045738416571,0.0,0.0,0.17983105097359509,0.061536652895738155,0.0,0.0,0.7539883979153063,0.0,0.0,0.18408219789266178,0.06192940419203201,0.0,0.0
2016-07-18,626764965.4556909,942849.9056908742,5048050.0,620774065.55,0.9904415526778284,Bull,1.0,0.0,0.0,0.0,0.7485515965444748,0.0,0.0,0.18021635896300786,0.06167359717034583,0.0,0.0,0.7539883979153063,0.0,0.0,0.18408219789266178,0.06192940419203201,0.0,0.0
2016-07-19,627885359.9056909,942849.9056908742,5048050.0,621894460.0,0.9904586087075024,Bull,1.0,0.0,0.0,0.0,0.7499684497672137,0.0,0.0,0.17883758273463488,0.06165257620565384,0.0,0.0,0.7654912984364797,0.0,0.0,0.15653558476048135,0.07797311680303899,0.0,0.0
2016-07-20,626211739.8256494,748773.2756493757,5048050.0,620414916.55,0.9907430300216611,Bull,1.0,0.0,0.0,0.0,0.7549909822540745,0.0,0.0,0.16182369884699713,0.07392834892058947,0.0,0.0,0.7654912984364797,0.0,0.0,0.15653558476048135,0.07797311680303899,0.0,0.0
2016-07-21,627415075.8256494,4405573.275649376,1692936.0,621316566.55,0.9902799446321495,Bull,1.0,3656800.0,0.0,0.0,0.7541755606164156,0.0,0.0,0.16194462631662224,0.07415975769911178,0.0,0.0,0.7654912984364797,0.0,0.0,0.15653558476048135,0.07797311680303899,0.0,0.0
2016-07-22,624629004.4415749,1804802.8915750016,1692936.0,621131265.55,0.9944002938276906,Bull,1.0,0.0,0.0,0.0,0.7601554877754834,0.0,0.0,0.1600220279385846,0.0742227781136226,0.0,0.0,0.7741184738273598,0.0,0.0,0.13028725723288617,0.09559426893975412,0.0,0.0
2016-07-25,623788909.8071682,1634344.4571682536,1692936.0,620461629.35,0.9946660153701726,Bull,1.0,0.0,0.0,0.0,0.7719001120087994,0.0,0.0,0.14876490835447298,0.07400099500690024,0.0,0.0,0.7780115892474873,0.0,0.0,0.10521544292466464,0.11677296782784818,0.0,0.0
2016-07-26,623408903.5571682,1634344.4571682536,1692936.0,620081623.1,0.9946627639769294,Bull,1.0,0.0,0.0,0.0,0.7715698642662884,0.0,0.0,0.14861754375233077,0.07447535595831024,0.0,0.0,0.7780115892474873,0.0,0.0,0.10521544292466464,0.11677296782784818,0.0,0.0
2016-07-27,624560559.8071682,1634344.4571682536,1692936.0,621233279.35,0.994672605554543,Bull,1.0,0.0,0.0,0.0,0.770723465949595,0.0,0.0,0.14928976627788954,0.07465937332705846,0.0,0.0,0.7780115892474873,0.0,0.0,0.10521544292466464,0.11677296782784818,0.0,0.0
2016-07-28,626415292.7571682,1634344.4571682536,2261586.0,622519362.3,0.9937805949148842,Bull,1.0,0.0,0.0,0.0,0.7708375224600141,0.0,0.0,0.14919894370495557,0.07374412874991451,0.0,0.0,0.7780115892474873,0.0,0.0,0.10521544292466464,0.11677296782784818,0.0,0.0
2016-07-29,624757275.382893,332000.08289300883,2261586.0,622163689.3,0.9958486500516485,Bull,1.0,0.0,0.0,0.0,0.791456552461845,0.0,0.0,0.11518761419128008,0.08920448339852342,0.0,0.0,0.7780115892474873,0.0,0.0,0.10521544292466464,0.11677296782784818,0.0,0.0
2016-08-01,628158131.892525,3627505.89252501,2261586.0,622269040.0,0.9906248258304287,Bull,1.0,0.0,0.0,0.0,0.785189134643549,0.0,0.0,0.11574346698490172,0.08969222420197798,0.0,0.0,0.7780115892474873,0.0,0.0,0.10521544292466464,0.11677296782784818,0.0,0.0
2016-08-02,626857195.6622748,6956401.612274885,2261586.0,617639208.05,0.9852949161690071,Bull,1.0,0.0,0.0,0.0,0.7795799608453147,0.0,0.0,0.11583659005985301,0.08987836526383942,0.0,0.0,0.7780115892474873,0.0,0.0,0.10521544292466464,0.11677296782784818,0.0,0.0
2016-08-03,624374726.1759944,7655146.625994385,2261586.0,614457993.55,0.9841173381781004,Bull,1.0,0.0,0.0,0.0,0.7786571479720028,0.0,0.0,0.11594063142715212,0.08951955877894562,0.0,0.0,0.7780115892474873,0.0,0.0,0.10521544292466464,0.11677296782784818,0.0,0.0
2016-08-04,623818014.5261984,7943485.9761983855,2261586.0,613612942.55,0.9836409469772216,Bull,1.0,0.0,0.0,0.0,0.7781587438103929,0.0,0.0,0.11568726506690066,0.08979493809992806,0.0,0.0,0.7780115892474873,0.0,0.0,0.10521544292466464,0.11677296782784818,0.0,0.0
2016-08-05,629207030.6736234,9349615.673623387,4856436.25,615000978.75,0.9774222930910124,Bull,1.0,1391252.0,188815.0,2.0,0.7721183252353093,0.0,0.0,0.11537363135037067,0.08993033650533246,0.0,0.0,0.7780115892474873,0.0,0.0,0.10521544292466464,0.11677296782784818,0.0,0.0
2016-08-08,635699193.0736234,9349615.673623387,4856436.25,621493141.15,0.9776528709200702,Bull,1.0,0.0,0.0,0.0,0.771569158014008,0.0,0.0,0.11649629385548574,0.08958741905057643,0.0,0.0,0.7780115892474873,0.0,0.0,0.10521544292466464,0.11677296782784818,0.0,0.0
2016-08-09,637563567.4296759,1459659.0796758886,4856436.25,631247472.1,0.9900933873070271,Bull,1.0,0.0,0.0,0.0,0.7711015767133322,0.0,0.0,0.10846102809603753,0.11053078249765734,0.0,0.0,0.7780115892474873,0.0,0.0,0.10521544292466464,0.11677296782784818,0.0,0.0
2016-08-10,647008434.3296759,1459659.0796758886,9131959.45,636416815.8,0.983629860187759,Bull,1.0,0.0,997622.0,0.0,0.7669520047510763,0.0,0.0,0.10745114949239741,0.1092267059442854,0.0,0.0,0.7780115892474873,0.0,0.0,0.10521544292466464,0.11677296782784818,0.0,0.0
2016-08-11,645386300.8296759,1459659.0796758886,9131959.45,634794682.3,0.9835887149819265,Bull,1.0,0.0,0.0,0.0,0.7674404177207871,0.0,0.0,0.10765521349102244,0.10849308377011706,0.0,0.0,0.7780115892474873,0.0,0.0,0.10521544292466464,0.11677296782784818,0.0,0.0
2016-08-12,645819915.3296759,1459659.0796758886,9131959.45,635228296.8,0.9835997337984395,Bull,1.0,0.0,0.0,0.0,0.7665856766700593,0.0,0.0,0.1082063255425113,0.10880773158586897,0.0,0.0,0.7780115892474873,0.0,0.0,0.10521544292466464,0.11677296782784818,0.0,0.0
2016-08-15,641161474.229676,1459659.0796758886,13169959.45,626531855.7,0.9771826300897871,Bull,1.0,0.0,0.0,0.0,0.759457056095,0.0,0.0,0.10789310147356038,0.10983247252122656,0.0,0.0,0.7780115892474873,0.0,0.0,0.10521544292466464,0.11677296782784818,0.0,0.0
2016-08-16,642255819.3929634,2719152.4429633887,13169959.45,626366707.5,0.9752604625552771,Bull,1.0,0.0,0.0,0.0,0.7612156133705191,0.0,0.0,0.10502294874299897,0.109021900441759,0.0,0.0,0.7780115892474873,0.0,0.0,0.10521544292466464,0.11677296782784818,0.0,0.0
2016-08-17,643461931.6613677,1219822.9613676388,13169959.45,629072149.25,0.9776369328109056,Bull,1.0,0.0,0.0,0.0,0.76347469069629,0.0,0.0,0.10518912878846179,0.10897311332615373,0.0,0.0,0.7780115892474873,0.0,0.0,0.10521544292466464,0.11677296782784818,0.0,0.0
2016-08-18,643501539.8613677,1219829.9613676388,17955518.2,624326191.7,0.970201550464823,Bull,1.0,7.0,470959.0,7.0,0.7565164363163414,0.0,0.0,0.10495204100762485,0.10873307314085669,0.0,0.0,0.7780115892474873,0.0,0.0,0.10521544292466464,0.11677296782784818,0.0,0.0
2016-08-19,636258465.8613677,1219829.9613676388,17955518.2,617083117.7,0.9698623292416109,Bull,1.0,0.0,0.0,0.0,0.7562172348443631,0.0,0.0,0.10477550174479763,0.1088695926524502,0.0,0.0,0.7780115892474873,0.0,0.0,0.10521544292466464,0.11677296782784818,0.0,0.0
2016-08-22,628545274.2613677,1219829.9613676388,17955518.2,609369926.1,0.9694924948979984,Bull,1.0,0.0,0.0,0.0,0.7540984643580393,0.0,0.0,0.10598472811411039,0.10940930242584872,0.0,0.0,0.7780115892474873,0.0,0.0,0.10521544292466464,0.11677296782784818,0.0,0.0
2016-08-23,632145230.3613677,1219829.9613676388,17955518.2,612969882.2,0.9696662297832952,Bull,1.0,0.0,0.0,0.0,0.7540382483428927,0.0,0.0,0.10573329796665776,0.10989468347374481,0.0,0.0,0.7780115892474873,0.0,0.0,0.10521544292466464,0.11677296782784818,0.0,0.0
2016-08-24,628543714.3613677,1219829.9613676388,17955518.2,609368366.2,0.9694924191854328,Bull,1.0,0.0,0.0,0.0,0.7515417868428751,0.0,0.0,0.1077447732793085,0.11020585906324912,0.0,0.0,0.7780115892474873,0.0,0.0,0.10521544292466464,0.11677296782784818,0.0,0.0
2016-08-25,635214844.5164403,4397365.366440139,13969417.95,616848061.2,0.9710857145814625,Bull,1.0,3986100.25,0.0,0.0,0.7556911891210947,0.0,0.0,0.10508539051982493,0.11030913494054292,0.0,0.0,0.7780115892474873,0.0,0.0,0.10521544292466464,0.11677296782784818,0.0,0.0
2016-08-26,636129110.8452199,1406945.1952197636,13667731.95,621054433.7,0.976302488145543,Bull,1.0,301686.0,0.0,0.0,0.7562308114791645,0.0,0.0,0.10458442927034602,0.11548724739603236,0.0,0.0,0.7780115892474873,0.0,0.0,0.10521544292466464,0.11677296782784818,0.0,0.0
2016-08-29,636311224.1330993,771885.5830992636,13667731.95,621871606.6,0.9773073034303746,Bull,1.0,0.0,0.0,0.0,0.7567402370687687,0.0,0.0,0.10431452013192181,0.11625254622968409,0.0,0.0,0.7780115892474873,0.0,0.0,0.10521544292466464,0.11677296782784818,0.0,0.0
2016-08-30,635854758.7433643,825838.8933642637,13099081.95,621929837.9,0.9781004692472789,Bull,1.0,568650.0,0.0,0.0,0.7567678487631067,0.0,0.0,0.10474939297715066,0.11658322750702164,0.0,0.0,0.7780115892474873,0.0,0.0,0.10521544292466464,0.11677296782784818,0.0,0.0
2016-08-31,630568678.2667534,755894.2167533888,13099081.95,616713702.1,0.9780278078434903,Bull,1.0,0.0,0.0,0.0,0.7573497044170887,0.0,0.0,0.10401515689025961,0.11666294653614202,0.0,0.0,0.7780115892474873,0.0,0.0,0.10521544292466464,0.11677296782784818,0.0,0.0
2016-09-01,627189608.7567531,382288.5067531388,13099081.95,613708238.3,0.9785051119015243,Bull,1.0,0.0,0.0,0.0,0.757056130507659,0.0,0.0,0.10474902498819919,0.11669995640566631,0.0,0.0,0.7780115892474873,0.0,0.0,0.10521544292466464,0.11677296782784818,0.0,0.0
2016-09-02,628979662.2567531,4420288.506753139,9061081.95,615498291.8,0.9785662855800734,Bull,1.0,4038000.0,0.0,0.0,0.7568293863302716,0.0,0.0,0.10520053981171404,0.11653635943808772,0.0,0.0,0.7780115892474873,0.0,0.0,0.10521544292466464,0.11677296782784818,0.0,0.0
2016-09-05,636072770.8794202,645979.6294201396,9061081.95,626365709.3,0.9847390707104166,Bull,1.0,0.0,0.0,0.0,0.7567310398062088,0.0,0.0,0.10488658382241488,0.12312144708179304,0.0,0.0,0.7780115892474873,0.0,0.0,0.10521544292466464,0.11677296782784818,0.0,0.0
2016-09-06,638633777.8758221,142357.62582201557,9061081.95,629430338.3,0.9855888618882109,Bull,1.0,0.0,0.0,0.0,0.7569925128420029,0.0,0.0,0.10423266401819321,0.12436368502801495,0.0,0.0,0.7780115892474873,0.0,0.0,0.10521544292466464,0.11677296782784818,0.0,0.0
2016-09-07,641962700.6905417,107255.64054164133,9061081.95,632794363.1,0.9857182705775903,Bull,1.0,0.0,0.0,0.0,0.755708334110614,0.0,0.0,0.10510454879609192,0.12490538767088433,0.0,0.0,0.7780115892474873,0.0,0.0,0.10521544292466464,0.11677296782784818,0.0,0.0
2016-09-08,645005372.7974472,20975.847447142005,9061081.95,635923315.0,0.985919407526704,Bull,1.0,0.0,0.0,0.0,0.7574039467007886,0.0,0.0,0.10452083477631897,0.12399462604959642,0.0,0.0,0.7780115892474873,0.0,0.0,0.10521544292466464,0.11677296782784818,0.0,0.0
2016-09-09,638836479.0469375,5003293.846937392,4275523.2,629557662.0,0.9854754426973547,Bull,1.0,4785558.75,0.0,0.0,0.7580092525749785,0.0,0.0,0.10481320681607528,0.1226529833063008,0.0,0.0,0.7780115892474873,0.0,0.0,0.10521544292466464,0.11677296782784818,0.0,0.0
2016-09-10,632862099.3846748,1046140.8846747675,4275523.2,627540435.3,0.9915911158373222,Bull,1.0,0.0,0.0,0.0,0.7579947286563902,0.0,0.0,0.10529355457498527,0.1283028326059468,0.0,0.0,0.7780115892474873,0.0,0.0,0.10521544292466464,0.11677296782784818,0.0,0.0
2016-09-12,628710024.5758945,734029.7758943932,4275523.2,623700471.6,0.992032013519629,Bull,1.0,0.0,0.0,0.0,0.7668867248064654,0.0,0.0,0.10556042914182696,0.11958485957133672,0.0,0.0,0.7780115892474873,0.0,0.0,0.10521544292466464,0.11677296782784818,0.0,0.0
2016-09-13,628272658.1758945,734029.7758943932,4275523.2,623263105.2,0.9920264666770013,Bull,1.0,0.0,0.0,0.0,0.7671771147886842,0.0,0.0,0.10518124438498037,0.11966810750333662,0.0,0.0,0.7780115892474873,0.0,0.0,0.10521544292466464,0.11677296782784818,0.0,0.0
2016-09-14,624234618.8758944,5009552.975894393,0.0,619225065.9,0.9919748876072981,Bull,1.0,4275523.2,0.0,0.0,0.7666153901585219,0.0,0.0,0.10561701963714329,0.11974247781163305,0.0,0.0,0.7780115892474873,0.0,0.0,0.10521544292466464,0.11677296782784818,0.0,0.0
2016-09-19,637823886.7555909,59452.555590893375,0.0,637764434.2,0.9999067884461128,Bull,1.0,0.0,0.0,0.0,0.7717427089534841,0.0,0.0,0.1066070139609803,0.12155706553164831,0.0,0.0,0.7780115892474873,0.0,0.0,0.10521544292466464,0.11677296782784818,0.0,0.0
2016-09-20,635081828.7555909,59452.555590893375,0.0,635022376.2,0.999906385991696,Bull,1.0,0.0,0.0,0.0,0.7730491630692526,0.0,0.0,0.10494726345831265,0.12190995946413057,0.0,0.0,0.7780115892474873,0.0,0.0,0.10521544292466464,0.11677296782784818,0.0,0.0
2016-09-21,636467032.5555909,59452.555590893375,0.0,636407580.0,0.9999065897327751,Bull,1.0,0.0,0.0,0.0,0.7729091293617526,0.0,0.0,0.10475232272800669,0.12224513764301577,0.0,0.0,0.7780115892474873,0.0,0.0,0.10521544292466464,0.11677296782784818,0.0,0.0
2016-09-22,636449072.6555909,59452.555590893375,0.0,636389620.1,0.999906587096839,Bull,1.0,0.0,0.0,0.0,0.772257893391531,0.0,0.0,0.10514274099070314,0.12250595271460497,0.0,0.0,0.7780115892474873,0.0,0.0,0.10521544292466464,0.11677296782784818,0.0,0.0
2016-09-23,639903498.9555908,59452.555590893375,0.0,639844046.4,0.9999070913728587,Bull,1.0,0.0,0.0,0.0,0.7723668446987194,0.0,0.0,0.10484237093483366,0.12269787573930567,0.0,0.0,0.7780115892474873,0.0,0.0,0.10521544292466464,0.11677296782784818,0.0,0.0
2016-09-26,636305669.9555908,59452.555590893375,0.0,636246217.4,0.9999065660445945,Bull,1.0,0.0,0.0,0.0,0.7725083094643906,0.0,0.0,0.10555115751944728,0.12184709906075665,0.0,0.0,0.7780115892474873,0.0,0.0,0.10521544292466464,0.11677296782784818,0.0,0.0
2016-09-29,638882709.2555909,59452.555590893375,0.0,638823256.7,0.99990694292594,Bull,1.0,0.0,0.0,0.0,0.7719186159766686,0.0,0.0,0.10509440782680318,0.12289391912246828,0.0,0.0,0.7780115892474873,0.0,0.0,0.10521544292466464,0.11677296782784818,0.0,0.0
2016-09-30,631277991.3555908,59452.555590893375,0.0,631218538.8,0.9999058219098321,Bull,1.0,0.0,0.0,0.0,0.771391756830154,0.0,0.0,0.10578303206262821,0.12273103301704996,0.0,0.0,0.7780115892474873,0.0,0.0,0.10521544292466464,0.11677296782784818,0.0,0.0
2016-10-03,632221145.5555909,59452.555590893375,0.0,632161693.0,0.9999059624057044,Bull,1.0,0.0,0.0,0.0,0.7705052202452266,0.0,0.0,0.10598917874079232,0.12341156341968547,0.0,0.0,0.7780115892474873,0.0,0.0,0.10521544292466464,0.11677296782784818,0.0,0.0
2016-10-04,636314840.9555908,59452.555590893375,0.0,636255388.4,0.999906567391228,Bull,1.0,0.0,0.0,0.0,0.7716714380928125,0.0,0.0,0.10510268768769378,0.12313244161072177,0.0,0.0,0.7780115892474873,0.0,0.0,0.10521544292466464,0.11677296782784818,0.0,0.0
2016-10-05,636258205.4555908,59452.555590893375,0.0,636198752.9,0.9999065590744747,Bull,1.0,0.0,0.0,0.0,0.7713955571678,0.0,0.0,0.10579667094713538,0.12271433095953942,0.0,0.0,0.7780115892474873,0.0,0.0,0.10521544292466464,0.11677296782784818,0.0,0.0
2016-10-06,634945564.2555909,59452.555590893375,0.0,634886111.7,0.9999063659013658,Bull,1.0,0.0,0.0,0.0,0.7711747892499564,0.0,0.0,0.10541958833664,0.12331198831476926,0.0,0.0,0.7780115892474873,0.0,0.0,0.10521544292466464,0.11677296782784818,0.0,0.0
2016-10-07,630830094.0555909,59452.555590893375,0.0,630770641.5,0.9999057550422038,Bull,1.0,0.0,0.0,0.0,0.7705527147174503,0.0,0.0,0.1053231299934543,0.12402991033129925,0.0,0.0,0.7780115892474873,0.0,0.0,0.10521544292466464,0.11677296782784818,0.0,0.0
2016-10-11,632675749.3555908,59452.555590893375,0.0,632616296.8,0.9999060299756212,Bull,1.0,0.0,0.0,0.0,0.7708503088615978,0.0,0.0,0.10573283402775467,0.12332288708626876,0.0,0.0,0.7780115892474873,0.0,0.0,0.10521544292466464,0.11677296782784818,0.0,0.0
2016-10-12,633343978.3555909,59452.555590893375,0.0,633284525.8000001,0.9999061291215791,Bull,1.0,0.0,0.0,0.0,0.769562105990926,0.0,0.0,0.10577190640374017,0.12457211672691279,0.0,0.0,0.7780115892474873,0.0,0.0,0.10521544292466464,0.11677296782784818,0.0,0.0
2016-10-13,631824328.7555908,59452.555590893375,0.0,631764876.1999999,0.9999059033454631,Bull,1.0,0.0,0.0,0.0,0.7696877978057708,0.0,0.0,0.10629695145211787,0.12392115408757466,0.0,0.0,0.7780115892474873,0.0,0.0,0.10521544292466464,0.11677296782784818,0.0,0.0
2016-10-14,627879258.5555909,59452.555590893375,0.0,627819806.0,0.9999053121204742,Bull,1.0,0.0,0.0,0.0,0.7692827871255997,0.0,0.0,0.10635755058006506,0.12426497441480941,0.0,0.0,0.7780115892474873,0.0,0.0,0.10521544292466464,0.11677296782784818,0.0,0.0
2016-10-17,629616549.3555909,59452.555590893375,0.0,629557096.8000001,0.9999055733912146,Bull,1.0,0.0,0.0,0.0,0.7700661574036414,0.0,0.0,0.10591732391445886,0.1239220920731142,0.0,0.0,0.7780115892474873,0.0,0.0,0.10521544292466464,0.11677296782784818,0.0,0.0
2016-10-18,631988493.2555908,59452.555590893375,0.0,631929040.6999999,0.9999059277878865,Bull,1.0,0.0,0.0,0.0,0.7697946179270824,0.0,0.0,0.10579037547913227,0.12432093438167191,0.0,0.0,0.7780115892474873,0.0,0.0,0.10521544292466464,0.11677296782784818,0.0,0.0
2016-10-19,632608228.7555909,59452.555590893375,0.0,632548776.2,0.9999060199458553,Bull,1.0,0.0,0.0,0.0,0.7696047159514556,0.0,0.0,0.10541168604647344,0.12488961794792612,0.0,0.0,0.7780115892474873,0.0,0.0,0.10521544292466464,0.11677296782784818,0.0,0.0
2016-10-20,633509297.0555909,59452.555590893375,0.0,633449844.5,0.999906153617844,Bull,1.0,0.0,0.0,0.0,0.7697136360371535,0.0,0.0,0.10496341617882364,0.12522910140186688,0.0,0.0,0.7780115892474873,0.0,0.0,0.10521544292466464,0.11677296782784818,0.0,0.0
2016-10-21,633492007.3555909,59452.555590893375,0.0,633432554.8000001,0.9999061510565239,Bull,1.0,0.0,0.0,0.0,0.7693422318530199,0.0,0.0,0.10541758889550513,0.12514633030799882,0.0,0.0,0.7780115892474873,0.0,0.0,0.10521544292466464,0.11677296782784818,0.0,0.0
2016-10-24,632938507.3555908,59452.555590893375,0.0,632879054.8,0.9999060689863234,Bull,1.0,0.0,0.0,0.0,0.769144789173807,0.0,0.0,0.10533298136424579,0.12542829844827066,0.0,0.0,0.7780115892474873,0.0,0.0,0.10521544292466464,0.11677296782784818,0.0,0.0
2016-10-25,634872799.7555909,59452.555590893375,0.0,634813347.2,0.9999063551697068,Bull,1.0,0.0,0.0,0.0,0.7682008858904575,0.0,0.0,0.10545529754271128,0.1262501717365379,0.0,0.0,0.7780115892474873,0.0,0.0,0.10521544292466464,0.11677296782784818,0.0,0.0
2016-10-26,632928117.6555909,59452.555590893375,0.0,632868665.1,0.9999060674444183,Bull,1.0,0.0,0.0,0.0,0.7683295330617934,0.0,0.0,0.10562858267007731,0.12594795171254758,0.0,0.0,0.7780115892474873,0.0,0.0,0.10521544292466464,0.11677296782784818,0.0,0.0
2016-10-27,630197159.6555909,59452.555590893375,0.0,630137707.1,0.9999056603878961,Bull,1.0,0.0,0.0,0.0,0.768743717227736,0.0,0.0,0.10536131269821558,0.12580063046194445,0.0,0.0,0.7780115892474873,0.0,0.0,0.10521544292466464,0.11677296782784818,0.0,0.0
2016-10-28,633238911.1555909,59452.555590893375,0.0,633179458.6,0.9999061135464933,Bull,1.0,0.0,0.0,0.0,0.7696778419863164,0.0,0.0,0.10503192212024064,0.1251963494399361,0.0,0.0,0.7780115892474873,0.0,0.0,0.10521544292466464,0.11677296782784818,0.0,0.0
2016-10-31,630937320.3555909,59452.555590893375,0.0,630877867.8000001,0.9999057710589107,Bull,1.0,0.0,0.0,0.0,0.769149093172199,0.0,0.0,0.10510362576527586,0.12565305212143563,0.0,0.0,0.7780115892474873,0.0,0.0,0.10521544292466464,0.11677296782784818,0.0,0.0
2016-11-01,630149968.0555909,59452.555590893375,0.0,630090515.5,0.9999056533228522,Bull,1.0,0.0,0.0,0.0,0.7695500120333578,0.0,0.0,0.1045455896844356,0.12581005160505873,0.0,0.0,0.7780115892474873,0.0,0.0,0.10521544292466464,0.11677296782784818,0.0,0.0
2016-11-02,628044959.6555909,59452.555590893375,0.0,627985507.1,0.9999053371025802,Bull,1.0,0.0,0.0,0.0,0.770501059932664,0.0,0.0,0.10465046966708016,0.12475380750283602,0.0,0.0,0.7780115892474873,0.0,0.0,0.10521544292466464,0.11677296782784818,0.0,0.0
2016-11-03,626880647.4555908,59452.555590893375,0.0,626821194.9,0.9999051612841581,Bull,1.0,0.0,0.0,0.0,0.771151090502034,0.0,0.0,0.10472663379618977,0.12402743698593433,0.0,0.0,0.7780115892474873,0.0,0.0,0.10521544292466464,0.11677296782784818,0.0,0.0
2016-11-04,624627827.6555909,59452.555590893375,0.0,624568375.1,0.9999048192332161,Bull,1.0,0.0,0.0,0.0,0.7710437380089867,0.0,0.0,0.10473596772904588,0.12412511349518328,0.0,0.0,0.7780115892474873,0.0,0.0,0.10521544292466464,0.11677296782784818,0.0,0.0
2016-11-07,627841550.1555909,59452.555590893375,0.0,627782097.6,0.9999053064334845,Bull,1.0,0.0,0.0,0.0,0.7692354822332386,0.0,0.0,0.10544077559631786,0.12522904860392803,0.0,0.0,0.7780115892474873,0.0,0.0,0.10521544292466464,0.11677296782784818,0.0,0.0
2016-11-08,634248524.1555909,59452.555590893375,0.0,634189071.6,0.9999062629973479,Bull,1.0,0.0,0.0,0.0,0.7708064788181825,0.0,0.0,0.10453315612877263,0.1245666280503927,0.0,0.0,0.7780115892474873,0.0,0.0,0.10521544292466464,0.11677296782784818,0.0,0.0
2016-11-09,622088379.9555908,59452.555590893375,0.0,622028927.4,0.9999044306926371,Bull,1.0,0.0,0.0,0.0,0.7712809672385328,0.0,0.0,0.10574703228614579,0.12287643116795854,0.0,0.0,0.7780115892474873,0.0,0.0,0.10521544292466464,0.11677296782784818,0.0,0.0
2016-11-10,629621966.9555908,59452.555590893375,0.0,629562514.4,0.999905574203711,Bull,1.0,0.0,0.0,0.0,0.7712092968227849,0.0,0.0,0.10382134587215032,0.12487493150877563,0.0,0.0,0.7780115892474873,0.0,0.0,0.10521544292466464,0.11677296782784818,0.0,0.0
2016-11-11,621052617.3555908,59452.555590893375,0.0,620993164.8,0.999904271306602,Bull,1.0,0.0,0.0,0.0,0.7744209610578342,0.0,0.0,0.10231403624150265,0.12316927400726521,0.0,0.0,0.7780115892474873,0.0,0.0,0.10521544292466464,0.11677296782784818,0.0,0.0
2016-11-14,621824284.5555909,59452.555590893375,0.0,621764832.0,0.9999043901033339,Bull,1.0,0.0,0.0,0.0,0.7741364304291095,0.0,0.0,0.10266372926497186,0.12310423040925242,0.0,0.0,0.7780115892474873,0.0,0.0,0.10521544292466464,0.11677296782784818,0.0,0.0
2016-11-15,621255117.3555908,59452.555590893375,0.0,621195664.8,0.9999043025096616,Bull,1.0,0.0,0.0,0.0,0.7757200726994754,0.0,0.0,0.10131876300339909,0.12286546680678716,0.0,0.0,0.7780115892474873,0.0,0.0,0.10521544292466464,0.11677296782784818,0.0,0.0
2016-11-16,622239007.0555909,59452.555590893375,0.0,622179554.5,0.9999044538273609,Bull,1.0,0.0,0.0,0.0,0.7746717081928863,0.0,0.0,0.1023860595006193,0.12284668613385538,0.0,0.0,0.7780115892474873,0.0,0.0,0.10521544292466464,0.11677296782784818,0.0,0.0
2016-11-17,624420581.8555908,59452.555590893375,0.0,624361129.3,0.9999047876426267,Bull,1.0,0.0,0.0,0.0,0.7740190559762417,0.0,0.0,0.10311847794743456,0.12276725371895048,0.0,0.0,0.7780115892474873,0.0,0.0,0.10521544292466464,0.11677296782784818,0.0,0.0
2016-11-18,623147510.8555908,59452.555590893375,0.0,623088058.3,0.9999045931267394,Bull,1.0,0.0,0.0,0.0,0.7735708638844434,0.0,0.0,0.1029651870259482,0.1233685422163478,0.0,0.0,0.7780115892474873,0.0,0.0,0.10521544292466464,0.11677296782784818,0.0,0.0
2016-11-21,626845837.1555909,59452.555590893375,0.0,626786384.6,0.9999051560175295,Bull,1.0,0.0,0.0,0.0,0.7742525447760665,0.0,0.0,0.102837725289064,0.12281488595239905,0.0,0.0,0.7780115892474873,0.0,0.0,0.10521544292466464,0.11677296782784818,0.0,0.0
2016-11-22,627243107.0555909,59452.555590893375,0.0,627183654.5,0.9999052160877941,Bull,1.0,0.0,0.0,0.0,0.7730381554548134,0.0,0.0,0.10247605637586268,0.12439100425711812,0.0,0.0,0.7780115892474873,0.0,0.0,0.10521544292466464,0.11677296782784818,0.0,0.0
2016-11-23,630339541.7555909,59452.555590893375,0.0,630280089.2,0.9999056816974781,Bull,1.0,0.0,0.0,0.0,0.772365934467702,0.0,0.0,0.10315345253274884,0.12438629469702718,0.0,0.0,0.7780115892474873,0.0,0.0,0.10521544292466464,0.11677296782784818,0.0,0.0
2016-11-24,631395131.4555908,59452.555590893375,0.0,631335678.9,0.9999058393822996,Bull,1.0,0.0,0.0,0.0,0.7736492642473869,0.0,0.0,0.10277003538245358,0.12348653975245917,0.0,0.0,0.7780115892474873,0.0,0.0,0.10521544292466464,0.11677296782784818,0.0,0.0
2016-11-25,632594608.1555909,59452.555590893375,0.0,632535155.6,0.9999060179223401,Bull,1.0,0.0,0.0,0.0,0.77413346444387,0.0,0.0,0.10260647049972225,0.12316608297874787,0.0,0.0,0.7780115892474873,0.0,0.0,0.10521544292466464,0.11677296782784818,0.0,0.0
2016-11-28,637807325.2555909,59452.555590893375,0.0,637747872.7,0.9999067860257531,Bull,1.0,0.0,0.0,0.0,0.7749672246268502,0.0,0.0,0.10209525262806504,0.12284430877083782,0.0,0.0,0.7780115892474873,0.0,0.0,0.10521544292466464,0.11677296782784818,0.0,0.0
2016-11-29,634128009.2555909,59452.555590893375,0.0,634068556.7,0.9999062451827972,Bull,1.0,0.0,0.0,0.0,0.774103413719652,0.0,0.0,0.10241796459399556,0.12338486686914968,0.0,0.0,0.7780115892474873,0.0,0.0,0.10521544292466464,0.11677296782784818,0.0,0.0
2016-11-30,637265133.6555909,59452.555590893375,0.0,637205681.1,0.9999067067183641,Bull,1.0,0.0,0.0,0.0,0.7750704612798436,0.0,0.0,0.10197309811573728,0.12286314732278321,0.0,0.0,0.7780115892474873,0.0,0.0,0.10521544292466464,0.11677296782784818,0.0,0.0
2016-12-01,636038311.1555909,59452.555590893375,0.0,635978858.6,0.9999065267696173,Bull,1.0,0.0,0.0,0.0,0.7753205270041779,0.0,0.0,0.10097080454685042,0.12361519521858896,0.0,0.0,0.7780115892474873,0.0,0.0,0.10521544292466464,0.11677296782784818,0.0,0.0
2016-12-02,635901382.1555909,59452.555590893375,0.0,635841929.6,0.9999065066419743,Bull,1.0,0.0,0.0,0.0,0.7768266329685896,0.0,0.0,0.1008118582518108,0.12226801542157399,0.0,0.0,0.7780115892474873,0.0,0.0,0.10521544292466464,0.11677296782784818,0.0,0.0
2016-12-05,632384582.9555908,59452.555590893375,0.0,632325130.4,0.9999059867093644,Bull,1.0,0.0,0.0,0.0,0.775547575982638,0.0,0.0,0.10158312161843329,0.12277528910829305,0.0,0.0,0.7780115892474873,0.0,0.0,0.10521544292466464,0.11677296782784818,0.0,0.0
2016-12-06,637454998.9555908,59452.555590893375,0.0,637395546.4,0.9999067345056698,Bull,1.0,0.0,0.0,0.0,0.7757911495089745,0.0,0.0,0.10077511370253657,0.12334047129415868,0.0,0.0,0.7780115892474873,0.0,0.0,0.10521544292466464,0.11677296782784818,0.0,0.0
2016-12-07,639042978.3555908,59452.555590893375,0.0,638983525.8,0.9999069662642349,Bull,1.0,0.0,0.0,0.0,0.7759342369678379,0.0,0.0,0.10093875088962656,0.1230339784067704,0.0,0.0,0.7780115892474873,0.0,0.0,0.10521544292466464,0.11677296782784818,0.0,0.0
2016-12-08,648063668.3555908,59452.555590893375,0.0,648004215.8,0.9999082612426928,Bull,1.0,0.0,0.0,0.0,0.7771838484295968,0.0,0.0,0.09988648208632687,0.12283793072676921,0.0,0.0,0.7780115892474873,0.0,0.0,0.10521544292466464,0.11677296782784818,0.0,0.0
2016-12-09,649676290.8555908,59452.555590893375,0.0,649616838.3,0.9999084889560729,Bull,1.0,0.0,0.0,0.0,0.7781691365621572,0.0,0.0,0.0987861199544153,0.12295323243950051,0.0,0.0,0.7780115892474873,0.0,0.0,0.10521544292466464,0.11677296782784818,0.0,0.0
2016-12-12,648580455.3555908,59452.555590893375,0.0,648521002.8,0.9999083343398649,Bull,1.0,0.0,0.0,0.0,0.7791459002922666,0.0,0.0,0.09810656407324857,0.12265586997434991,0.0,0.0,0.7780115892474873,0.0,0.0,0.10521544292466464,0.11677296782784818,0.0,0.0
2016-12-13,649794251.5555909,59452.555590893375,0.0,649734799.0,0.9999085055685726,Bull,1.0,0.0,0.0,0.0,0.7795090488834009,0.0,0.0,0.09780465100738577,0.12259480567778591,0.0,0.0,0.7780115892474873,0.0,0.0,0.10521544292466464,0.11677296782784818,0.0,0.0
2016-12-14,645166445.8555908,59452.555590893375,0.0,645106993.3,0.9999078492752176,Bull,1.0,0.0,0.0,0.0,0.7783794345256527,0.0,0.0,0.0978003434700063,0.12372807127955857,0.0,0.0,0.7780115892474873,0.0,0.0,0.10521544292466464,0.11677296782784818,0.0,0.0
2016-12-15,645021929.0555909,59452.555590893375,0.0,644962476.5,0.9999078286288996,Bull,1.0,0.0,0.0,0.0,0.778560005293586,0.0,0.0,0.09776132742080054,0.12358649591451289,0.0,0.0,0.7780115892474873,0.0,0.0,0.10521544292466464,0.11677296782784818,0.0,0.0
2016-12-16,641371480.2555909,59452.555590893375,0.0,641312027.7,0.9999073040236102,Bull,1.0,0.0,0.0,0.0,0.7792061903046298,0.0,0.0,0.09760303026734764,0.12309808345163281,0.0,0.0,0.7780115892474873,0.0,0.0,0.10521544292466464,0.11677296782784818,0.0,0.0
2016-12-19,638021686.7555909,59452.555590893375,0.0,637962234.2,0.9999068173436342,Bull,1.0,0.0,0.0,0.0,0.7792107141813287,0.0,0.0,0.097721913367945,0.12297418979436041,0.0,0.0,0.7780115892474873,0.0,0.0,0.10521544292466464,0.11677296782784818,0.0,0.0
2016-12-20,637203997.0555909,59452.555590893375,0.0,637144544.5,0.9999066977673311,Bull,1.0,0.0,0.0,0.0,0.7787400060152309,0.0,0.0,0.09820606946779814,0.12296062228430202,0.0,0.0,0.7780115892474873,0.0,0.0,0.10521544292466464,0.11677296782784818,0.0,0.0
2016-12-21,634835439.0555909,59452.555590893375,0.0,634775986.5,0.999906349658615,Bull,1.0,0.0,0.0,0.0,0.7787513993161124,0.0,0.0,0.09782157103954937,0.12333337930295317,0.0,0.0,0.7780115892474873,0.0,0.0,0.10521544292466464,0.11677296782784818,0.0,0.0
2016-12-22,630863001.6555909,59452.555590893375,0.0,630803549.1,0.9999057599582876,Bull,1.0,0.0,0.0,0.0,0.7786450430773122,0.0,0.0,0.09870859415844478,0.1225521227225306,0.0,0.0,0.7780115892474873,0.0,0.0,0.10521544292466464,0.11677296782784818,0.0,0.0
2016-12-23,628454843.6555909,59452.555590893375,0.0,628395391.1,0.9999053988425882,Bull,1.0,0.0,0.0,0.0,0.7789243667095811,0.0,0.0,0.09839370421638072,0.12258732791662624,0.0,0.0,0.7780115892474873,0.0,0.0,0.10521544292466464,0.11677296782784818,0.0,0.0
2016-12-26,632184195.1555909,59452.555590893375,0.0,632124742.6,0.9999059569093209,Bull,1.0,0.0,0.0,0.0,0.779617311500011,0.0,0.0,0.09799264276885827,0.12229600264045173,0.0,0.0,0.7780115892474873,0.0,0.0,0.10521544292466464,0.11677296782784818,0.0,0.0
2016-12-27,630991826.8555909,59452.555590893375,0.0,630932374.3000001,0.9999057791986196,Bull,1.0,0.0,0.0,0.0,0.7792274850059627,0.0,0.0,0.09823772252154134,0.12244057167111537,0.0,0.0,0.7780115892474873,0.0,0.0,0.10521544292466464,0.11677296782784818,0.0,0.0
2016-12-28,636730936.3555908,59452.555590893375,0.0,636671483.8,0.9999066284482246,Bull,1.0,0.0,0.0,0.0,0.779907109025204,0.0,0.0,0.09720479478232052,0.12279472464070024,0.0,0.0,0.7780115892474873,0.0,0.0,0.10521544292466464,0.11677296782784818,0.0,0.0
2016-12-29,632753766.1555909,59452.555590893375,0.0,632694313.6,0.9999060415618668,Bull,1.0,0.0,0.0,0.0,0.7787380177818419,0.0,0.0,0.09820550002814225,0.12296252375188257,0.0,0.0,0.7780115892474873,0.0,0.0,0.10521544292466464,0.11677296782784818,0.0,0.0
2016-12-30,638552771.8555908,59452.555590893375,0.0,638493319.3,0.9999068948437604,Bull,1.0,0.0,0.0,0.0,0.7780253116062802,0.0,0.0,0.09909517707693899,0.12278640616054123,0.0,0.0,0.7780115892474873,0.0,0.0,0.10521544292466464,0.11677296782784818,0.0,0.0
2017-01-03,638589736.3555909,59452.555590893375,0.0,638530283.8000001,0.9999069002331135,Bull,1.0,0.0,0.0,0.0,0.7780682267704441,0.0,0.0,0.09888837293312869,0.12295030052954059,0.0,0.0,0.7780115892474873,0.0,0.0,0.10521544292466464,0.11677296782784818,0.0,0.0
2017-01-04,640597853.1555909,59452.555590893375,0.0,640538400.6,0.9999071920779972,Bull,1.0,0.0,0.0,0.0,0.777127644352386,0.0,0.0,0.10029989904507883,0.12247964868053231,0.0,0.0,0.7780115892474873,0.0,0.0,0.10521544292466464,0.11677296782784818,0.0,0.0
2017-01-05,645902458.8555908,59452.555590893375,0.0,645843006.3,0.9999079542819883,Bull,1.0,0.0,0.0,0.0,0.7770323512767593,0.0,0.0,0.10030291588421505,0.12257268712101407,0.0,0.0,0.7780115892474873,0.0,0.0,0.10521544292466464,0.11677296782784818,0.0,0.0
2017-01-06,646128913.0555909,59452.555590893375,0.0,646069460.5,0.9999079865420204,Bull,1.0,0.0,0.0,0.0,0.7776579105921689,0.0,0.0,0.09946683812069335,0.12278323782915805,0.0,0.0,0.7780115892474873,0.0,0.0,0.10521544292466464,0.11677296782784818,0.0,0.0
2017-01-09,644958031.7555909,59452.555590893375,0.0,644898579.2,0.999907819497295,Bull,1.0,0.0,0.0,0.0,0.7779212824659125,0.0,0.0,0.09931902053477251,0.1226675164966099,0.0,0.0,0.7780115892474873,0.0,0.0,0.10521544292466464,0.11677296782784818,0.0,0.0
2017-01-10,646535835.5555909,59452.555590893375,0.0,646476383.0,0.9999080444542725,Bull,1.0,0.0,0.0,0.0,0.7786061581063229,0.0,0.0,0.09901817730642325,0.12228370904152636,0.0,0.0,0.7780115892474873,0.0,0.0,0.10521544292466464,0.11677296782784818,0.0,0.0
2017-01-11,648784693.5555909,59452.555590893375,0.0,648725241.0,0.9999083631963247,Bull,1.0,0.0,0.0,0.0,0.7785269073348152,0.0,0.0,0.09952161424484579,0.1218598416166637,0.0,0.0,0.7780115892474873,0.0,0.0,0.10521544292466464,0.11677296782784818,0.0,0.0
2017-01-12,652294059.9555908,59452.555590893375,0.0,652234607.4,0.9999088562057503,Bull,1.0,0.0,0.0,0.0,0.7787227242795717,0.0,0.0,0.09872633211527997,0.12245979981089869,0.0,0.0,0.7780115892474873,0.0,0.0,0.10521544292466464,0.11677296782784818,0.0,0.0
2017-01-13,651339551.5555909,59452.555590893375,0.0,651280099.0,0.9999087226386777,Bull,1.0,0.0,0.0,0.0,0.7785053092338156,0.0,0.0,0.09968625403590028,0.12171715936896185,0.0,0.0,0.7780115892474873,0.0,0.0,0.10521544292466464,0.11677296782784818,0.0,0.0
2017-01-16,646142927.1555909,59452.555590893375,0.0,646083474.6,0.9999079885376869,Bull,1.0,0.0,0.0,0.0,0.7777100908805513,0.0,0.0,0.1005158414190312,0.1216820562381044,0.0,0.0,0.7780115892474873,0.0,0.0,0.10521544292466464,0.11677296782784818,0.0,0.0
2017-01-17,646595902.7555909,59452.555590893375,0.0,646536450.2,0.999908052996721,Bull,1.0,0.0,0.0,0.0,0.7772677619177109,0.0,0.0,0.10053682635934072,0.12210346471966928,0.0,0.0,0.7780115892474873,0.0,0.0,0.10521544292466464,0.11677296782784818,0.0,0.0
2017-01-18,644678758.8555908,59452.555590893375,0.0,644619306.3,0.9999077795649783,Bull,1.0,0.0,0.0,0.0,0.7770121155988136,0.0,0.0,0.10068316833522287,0.122212495630942,0.0,0.0,0.7780115892474873,0.0,0.0,0.10521544292466464,0.11677296782784818,0.0,0.0
2017-01-19,643340333.6555909,59452.555590893375,0.0,643280881.1,0.9999075877067227,Bull,1.0,0.0,0.0,0.0,0.777687415084164,0.0,0.0,0.10009290049343138,0.12212727212912745,0.0,0.0,0.7780115892474873,0.0,0.0,0.10521544292466464,0.11677296782784818,0.0,0.0
2017-01-20,644205356.1555909,59452.555590893375,0.0,644145903.6,0.99990771179559,Bull,1.0,0.0,0.0,0.0,0.7780860540981546,0.0,0.0,0.09951935262164398,0.12230230507579151,0.0,0.0,0.7780115892474873,0.0,0.0,0.10521544292466464,0.11677296782784818,0.0,0.0
2017-01-23,649014407.6555909,59452.555590893375,0.0,648954955.1,0.999908395630529,Bull,1.0,0.0,0.0,0.0,0.7781079266394152,0.0,0.0,0.09939486587520026,0.12240560311591357,0.0,0.0,0.7780115892474873,0.0,0.0,0.10521544292466464,0.11677296782784818,0.0,0.0
2017-01-24,648586007.6555909,59452.555590893375,0.0,648526555.1,0.9999083351245801,Bull,1.0,0.0,0.0,0.0,0.777560337638056,0.0,0.0,0.09893552935553661,0.12341246813098745,0.0,0.0,0.7780115892474873,0.0,0.0,0.10521544292466464,0.11677296782784818,0.0,0.0
2017-02-02,643453108.4555908,59452.555590893375,0.0,643393655.9,0.999907603903362,Bull,1.0,0.0,0.0,0.0,0.7793302251715043,0.0,0.0,0.09685927254215983,0.12371810618969792,0.0,0.0,0.7780115892474873,0.0,0.0,0.10521544292466464,0.11677296782784818,0.0,0.0
2017-02-03,645678774.8555908,59452.555590893375,0.0,645619322.3,0.9999079223943761,Bull,1.0,0.0,0.0,0.0,0.7797935163853098,0.0,0.0,0.0969073205387529,0.12320708547031337,0.0,0.0,0.7780115892474873,0.0,0.0,0.10521544292466464,0.11677296782784818,0.0,0.0
2017-02-06,652594144.2555909,59452.555590893375,0.0,652534691.7,0.9999088981166715,Bull,1.0,0.0,0.0,0.0,0.7799135131385139,0.0,0.0,0.09742456404129052,0.12257082093686703,0.0,0.0,0.7780115892474873,0.0,0.0,0.10521544292466464,0.11677296782784818,0.0,0.0
2017-02-07,656951518.2555909,59452.555590893375,0.0,656892065.7,0.9999095023697506,Bull,1.0,0.0,0.0,0.0,0.7816632604237531,0.0,0.0,0.09640528751371222,0.12184095443228515,0.0,0.0,0.7780115892474873,0.0,0.0,0.10521544292466464,0.11677296782784818,0.0,0.0
2017-02-08,656843796.8555909,59452.555590893375,1856400.0,654927944.3000001,0.9970832448068135,Bull,1.0,0.0,0.0,0.0,0.7815256028258716,0.0,0.0,0.09627357417809759,0.1192840678028443,0.0,0.0,0.7780115892474873,0.0,0.0,0.10521544292466464,0.11677296782784818,0.0,0.0
2017-02-09,657743686.5555909,59452.555590893375,1856400.0,655827834.0,0.997087235355122,Bull,1.0,0.0,0.0,0.0,0.78083430445302,0.0,0.0,0.09671700587980242,0.11953592502229954,0.0,0.0,0.7780115892474873,0.0,0.0,0.10521544292466464,0.11677296782784818,0.0,0.0
2017-02-10,661685888.4555908,59452.555590893375,1856400.0,659770035.9,0.9971045890670835,Bull,1.0,0.0,0.0,0.0,0.7810437624810938,0.0,0.0,0.09591681054002044,0.12014401604596936,0.0,0.0,0.7780115892474873,0.0,0.0,0.10521544292466464,0.11677296782784818,0.0,0.0
2017-02-13,662986578.1555909,59452.555590893375,1856400.0,661070725.6,0.9971102694704307,Bull,1.0,0.0,0.0,0.0,0.7813402905396835,0.0,0.0,0.09561460531577042,0.12015537361497675,0.0,0.0,0.7780115892474873,0.0,0.0,0.10521544292466464,0.11677296782784818,0.0,0.0
2017-02-14,664624146.4555908,59452.555590893375,1856400.0,662708293.9,0.9971173894812458,Bull,1.0,0.0,0.0,0.0,0.7803551776833539,0.0,0.0,0.09649213069071834,0.1202700811071737,0.0,0.0,0.7780115892474873,0.0,0.0,0.10521544292466464,0.11677296782784818,0.0,0.0
2017-02-15,670083484.9555908,59452.555590893375,1856400.0,668167632.4,0.9971408748333532,Bull,1.0,0.0,0.0,0.0,0.7814847614617827,0.0,0.0,0.09522514945168194,0.12043096391988864,0.0,0.0,0.7780115892474873,0.0,0.0,0.10521544292466464,0.11677296782784818,0.0,0.0
2017-02-16,668864866.2555908,59452.555590893375,1856400.0,666949013.6999999,0.9971356657342221,Bull,1.0,0.0,0.0,0.0,0.781339609935943,0.0,0.0,0.09588035376863982,0.11991570202963935,0.0,0.0,0.7780115892474873,0.0,0.0,0.10521544292466464,0.11677296782784818,0.0,0.0
2017-02-17,667136762.4555908,59452.555590893375,1856400.0,665220909.9,0.9971282461656902,Bull,1.0,0.0,0.0,0.0,0.7806535919007583,0.0,0.0,0.09641201567614344,0.12006263858878843,0.0,0.0,0.7780115892474873,0.0,0.0,0.10521544292466464,0.11677296782784818,0.0,0.0
2017-02-18,669321830.7555909,59452.555590893375,1856400.0,667405978.2,0.9971376212943359,Bull,1.0,0.0,0.0,0.0,0.7802728884704581,0.0,0.0,0.09694932544893384,0.119915407374944,0.0,0.0,0.7780115892474873,0.0,0.0,0.10521544292466464,0.11677296782784818,0.0,0.0
2017-02-20,667440194.1555909,59452.555590893375,1856400.0,665524341.6,0.9971295517225859,Bull,1.0,0.0,0.0,0.0,0.7803941778768237,0.0,0.0,0.09713634355213326,0.1195990302936288,0.0,0.0,0.7780115892474873,0.0,0.0,0.10521544292466464,0.11677296782784818,0.0,0.0
2017-02-21,667726139.9555908,59452.555590893375,1856400.0,665810287.4,0.9971307809580163,Bull,1.0,0.0,0.0,0.0,0.7800160218898122,0.0,0.0,0.09732163549014566,0.11979312357805838,0.0,0.0,0.7780115892474873,0.0,0.0,0.10521544292466464,0.11677296782784818,0.0,0.0
2017-02-22,668956862.4555908,59452.555590893375,1856400.0,667041009.9,0.9971360596428323,Bull,1.0,0.0,0.0,0.0,0.7807938586393893,0.0,0.0,0.09668784884360734,0.11965435215983564,0.0,0.0,0.7780115892474873,0.0,0.0,0.10521544292466464,0.11677296782784818,0.0,0.0
2017-02-23,665747196.8555908,59452.555590893375,1856400.0,663831344.3,0.997122252163224,Bull,1.0,0.0,0.0,0.0,0.7792629796269841,0.0,0.0,0.09795610151723366,0.11990317101900635,0.0,0.0,0.7780115892474873,0.0,0.0,0.10521544292466464,0.11677296782784818,0.0,0.0
2017-02-24,665365470.5555909,59452.555590893375,1856400.0,663449618.0,0.9971206011727793,Bull,1.0,0.0,0.0,0.0,0.7790542806003512,0.0,0.0,0.09801229983507449,0.12005402073735369,0.0,0.0,0.7780115892474873,0.0,0.0,0.10521544292466464,0.11677296782784818,0.0,0.0
2017-03-01,664056362.1555909,59452.555590893375,1856400.0,662140509.6,0.9971149247793187,Bull,1.0,0.0,0.0,0.0,0.7798795992540433,0.0,0.0,0.09826018350037524,0.11897514202490021,0.0,0.0,0.7780115892474873,0.0,0.0,0.10521544292466464,0.11677296782784818,0.0,0.0
2017-03-02,666316742.6555909,59452.555590893375,1856400.0,664400890.1,0.997124711968132,Bull,1.0,0.0,0.0,0.0,0.7803530315442797,0.0,0.0,0.0978723718393913,0.11889930858446102,0.0,0.0,0.7780115892474873,0.0,0.0,0.10521544292466464,0.11677296782784818,0.0,0.0
2017-03-03,665142288.4555908,59452.555590893375,1856400.0,663226435.9,0.9971196350181863,Bull,1.0,0.0,0.0,0.0,0.7804446430632547,0.0,0.0,0.09830452992520204,0.11837046202972965,0.0,0.0,0.7780115892474873,0.0,0.0,0.10521544292466464,0.11677296782784818,0.0,0.0
2017-03-06,666534842.6555909,59452.555590893375,1856400.0,664618990.1,0.9971256528046489,Bull,1.0,0.0,0.0,0.0,0.780510870260409,0.0,0.0,0.09840970914388222,0.11820507340035771,0.0,0.0,0.7780115892474873,0.0,0.0,0.10521544292466464,0.11677296782784818,0.0,0.0
2017-03-07,668142410.9555908,59452.555590893375,1856400.0,666226558.4,0.9971325685599709,Bull,1.0,0.0,0.0,0.0,0.779980210588126,0.0,0.0,0.09874137447081625,0.11841098350102869,0.0,0.0,0.7780115892474873,0.0,0.0,0.10521544292466464,0.11677296782784818,0.0,0.0
2017-03-08,666891588.4555908,59452.555590893375,1856400.0,664975735.9,0.9971271904028245,Bull,1.0,0.0,0.0,0.0,0.7792234073658655,0.0,0.0,0.09861572876080658,0.11928805427615238,0.0,0.0,0.7780115892474873,0.0,0.0,0.10521544292466464,0.11677296782784818,0.0,0.0
2017-03-09,665162305.2555909,59452.555590893375,1856400.0,663246452.7,0.9971197216973161,Bull,1.0,0.0,0.0,0.0,0.7804151687467212,0.0,0.0,0.09841973828454517,0.11828481466604977,0.0,0.0,0.7780115892474873,0.0,0.0,0.10521544292466464,0.11677296782784818,0.0,0.0
2017-03-10,664822001.4555908,59452.555590893375,1856400.0,662906148.9,0.9971182473633601,Bull,1.0,0.0,0.0,0.0,0.7799593692216839,0.0,0.0,0.09889564403110668,0.11826323411056963,0.0,0.0,0.7780115892474873,0.0,0.0,0.10521544292466464,0.11677296782784818,0.0,0.0
2017-03-13,667890198.7555909,59452.555590893375,1856400.0,665974346.2,0.9971314857454706,Bull,1.0,0.0,0.0,0.0,0.7798944305074513,0.0,0.0,0.09869960679588155,0.11853744844213776,0.0,0.0,0.7780115892474873,0.0,0.0,0.10521544292466464,0.11677296782784818,0.0,0.0
2017-03-14,669602040.7555909,1915852.5555908934,0.0,667686188.2,0.9971388191209379,Bull,1.0,1856400.0,0.0,0.0,0.7794159163718803,0.0,0.0,0.09867308636849959,0.11904981638055798,0.0,0.0,0.7780115892474873,0.0,0.0,0.10521544292466464,0.11677296782784818,0.0,0.0
2017-03-15,670203340.9137619,314084.4137618933,0.0,669889256.5,0.9995313595224196,Bull,1.0,0.0,0.0,0.0,0.7824464971855113,0.0,0.0,0.09838625977318823,0.11869860256372006,0.0,0.0,0.7780115892474873,0.0,0.0,0.10521544292466464,0.11677296782784818,0.0,0.0
2017-03-16,674187442.8137618,314084.4137618933,0.0,673873358.4,0.9995341289472094,Bull,1.0,0.0,0.0,0.0,0.7819940344774964,0.0,0.0,0.09800419854193594,0.11953589592777708,0.0,0.0,0.7780115892474873,0.0,0.0,0.10521544292466464,0.11677296782784818,0.0,0.0
2017-03-17,674940290.5137619,314084.4137618933,0.0,674626206.1,0.9995346485931033,Bull,1.0,0.0,0.0,0.0,0.7815998148494644,0.0,0.0,0.09820868739299016,0.1197261463506487,0.0,0.0,0.7780115892474873,0.0,0.0,0.10521544292466464,0.11677296782784818,0.0,0.0
2017-03-20,674135232.5137619,314084.4137618933,0.0,673821148.1,0.9995340928665148,Bull,1.0,0.0,0.0,0.0,0.7808227825998613,0.0,0.0,0.09892317859034112,0.11978813167631243,0.0,0.0,0.7780115892474873,0.0,0.0,0.10521544292466464,0.11677296782784818,0.0,0.0
2017-03-21,677349890.5137619,314084.4137618933,0.0,677035806.1,0.9995363040311063,Bull,1.0,0.0,0.0,0.0,0.779632525960039,0.0,0.0,0.09915259593392593,0.12075118213714134,0.0,0.0,0.7780115892474873,0.0,0.0,0.10521544292466464,0.11677296782784818,0.0,0.0
2017-03-22,674613611.1137619,314084.4137618933,0.0,674299526.7,0.9995344232482305,Bull,1.0,0.0,0.0,0.0,0.7804121026120519,0.0,0.0,0.09901445642302038,0.12010786421315817,0.0,0.0,0.7780115892474873,0.0,0.0,0.10521544292466464,0.11677296782784818,0.0,0.0
2017-03-23,675024682.1137618,314084.4137618933,0.0,674710597.6999999,0.999534706771346,Bull,1.0,0.0,0.0,0.0,0.7801911717522116,0.0,0.0,0.09906615531538454,0.1202773797037499,0.0,0.0,0.7780115892474873,0.0,0.0,0.10521544292466464,0.11677296782784818,0.0,0.0
2017-03-24,674059256.9137619,314084.4137618933,0.0,673745172.5,0.999534040352476,Bull,1.0,0.0,0.0,0.0,0.7797846659752159,0.0,0.0,0.09946173027422335,0.12028764410303674,0.0,0.0,0.7780115892474873,0.0,0.0,0.10521544292466464,0.11677296782784818,0.0,0.0
2017-03-27,675047446.6137619,314084.4137618933,0.0,674733362.2,0.9995347224623433,Bull,1.0,0.0,0.0,0.0,0.7794257497592519,0.0,0.0,0.10007829870165268,0.12003067400143863,0.0,0.0,0.7780115892474873,0.0,0.0,0.10521544292466464,0.11677296782784818,0.0,0.0
2017-03-28,677474605.7137619,314084.4137618933,0.0,677160521.3000001,0.9995363893921442,Bull,1.0,0.0,0.0,0.0,0.7808660528945547,0.0,0.0,0.09898909779702422,0.11968123870056516,0.0,0.0,0.7780115892474873,0.0,0.0,0.10521544292466464,0.11677296782784818,0.0,0.0
2017-03-29,680465327.4137619,314084.4137618933,0.0,680151243.0,0.9995384270129448,Bull,1.0,0.0,0.0,0.0,0.7826236276050259,0.0,0.0,0.0981607692692692,0.11875403013864969,0.0,0.0,0.7780115892474873,0.0,0.0,0.10521544292466464,0.11677296782784818,0.0,0.0
2017-03-30,680487013.3137618,314084.4137618933,0.0,680172928.9,0.9995384417224477,Bull,1.0,0.0,0.0,0.0,0.7827354798531732,0.0,0.0,0.0982131895134117,0.11858977235586281,0.0,0.0,0.7780115892474873,0.0,0.0,0.10521544292466464,0.11677296782784818,0.0,0.0
2017-03-31,677836019.8137618,314084.4137618933,0.0,677521935.4,0.9995366365838037,Bull,1.0,0.0,0.0,0.0,0.7825469876117532,0.0,0.0,0.09825827789189993,0.1187313710801505,0.0,0.0,0.7780115892474873,0.0,0.0,0.10521544292466464,0.11677296782784818,0.0,0.0
2017-04-05,683581275.1137619,314084.4137618933,0.0,683267190.7,0.9995405309870292,Bull,1.0,0.0,0.0,0.0,0.7817172736498237,0.0,0.0,0.09857218512719829,0.11925107221000718,0.0,0.0,0.7780115892474873,0.0,0.0,0.10521544292466464,0.11677296782784818,0.0,0.0
2017-04-06,682607735.0137619,314084.4137618933,0.0,682293650.6,0.9995398756889922,Bull,1.0,0.0,0.0,0.0,0.7814424350014813,0.0,0.0,0.09907622860241472,0.11902121208509606,0.0,0.0,0.7780115892474873,0.0,0.0,0.10521544292466464,0.11677296782784818,0.0,0.0
2017-04-07,682335249.1137619,314084.4137618933,0.0,682021164.7,0.9995396919415056,Bull,1.0,0.0,0.0,0.0,0.7814162691910185,0.0,0.0,0.09953479625772159,0.11858862649276548,0.0,0.0,0.7780115892474873,0.0,0.0,0.10521544292466464,0.11677296782784818,0.0,0.0
2017-04-10,683507303.3137618,314084.4137618933,0.0,683193218.9,0.9995404812615182,Bull,1.0,0.0,0.0,0.0,0.7821338796355132,0.0,0.0,0.09886156252083383,0.11854503910517118,0.0,0.0,0.7780115892474873,0.0,0.0,0.10521544292466464,0.11677296782784818,0.0,0.0
2017-04-11,684426621.2137618,314084.4137618933,0.0,684112536.8,0.9995410984844441,Bull,1.0,0.0,0.0,0.0,0.7821867534179363,0.0,0.0,0.09944718380371413,0.11790716126279366,0.0,0.0,0.7780115892474873,0.0,0.0,0.10521544292466464,0.11677296782784818,0.0,0.0
2017-04-12,683090338.8137618,314084.4137618933,0.0,682776254.4,0.9995402007671382,Bull,1.0,0.0,0.0,0.0,0.7821322071803783,0.0,0.0,0.09903038610892027,0.11837760747783967,0.0,0.0,0.7780115892474873,0.0,0.0,0.10521544292466464,0.11677296782784818,0.0,0.0
2017-04-13,684469302.5137619,314084.4137618933,0.0,684155218.1,0.9995411271000637,Bull,1.0,0.0,0.0,0.0,0.7818181416386322,0.0,0.0,0.09902547820782251,0.11869750725360909,0.0,0.0,0.7780115892474873,0.0,0.0,0.10521544292466464,0.11677296782784818,0.0,0.0
2017-04-14,677018439.6137619,314084.4137618933,0.0,676704355.2,0.999536077017428,Bull,1.0,0.0,0.0,0.0,0.7810963841718833,0.0,0.0,0.09980688271732926,0.11863281012821528,0.0,0.0,0.7780115892474873,0.0,0.0,0.10521544292466464,0.11677296782784818,0.0,0.0
2017-04-17,677159968.6137619,314084.4137618933,0.0,676845884.2,0.9995361739790897,Bull,1.0,0.0,0.0,0.0,0.7802729173161905,0.0,0.0,0.10057461036779884,0.11868864629510029,0.0,0.0,0.7780115892474873,0.0,0.0,0.10521544292466464,0.11677296782784818,0.0,0.0
2017-04-18,678216691.1137619,314084.4137618933,0.0,677902606.7,0.999536896661676,Bull,1.0,0.0,0.0,0.0,0.7810368185278823,0.0,0.0,0.09999635940635414,0.11850371872743956,0.0,0.0,0.7780115892474873,0.0,0.0,0.10521544292466464,0.11677296782784818,0.0,0.0
2017-04-19,670790546.1137618,314084.4137618933,0.0,670476461.6999999,0.9995317697669094,Bull,1.0,0.0,0.0,0.0,0.7820126039925387,0.0,0.0,0.09900586760615573,0.11851329816821496,0.0,0.0,0.7835086919356153,0.0,0.0,0.12891158219349846,0.08757972587088614,0.0,0.0
2017-04-20,668861237.2669445,76066.36694452309,0.0,668785170.9,0.9998862748164995,Bull,1.0,0.0,0.0,0.0,0.7851539925468987,0.0,0.0,0.09903354583779465,0.1156987364318062,0.0,0.0,0.7835086919356153,0.0,0.0,0.12891158219349846,0.08757972587088614,0.0,0.0
2017-04-21,674435053.9738661,963549.1738661478,0.0,673471504.8,0.9985713240019349,Bull,1.0,0.0,0.0,0.0,0.78525589925894,0.0,0.0,0.0986683589589615,0.11464706578403348,0.0,0.0,0.7835086919356153,0.0,0.0,0.12891158219349846,0.08757972587088614,0.0,0.0
2017-04-24,675381446.4508955,105766.85089552402,0.0,675275679.6,0.9998433968663911,Bull,1.0,0.0,0.0,0.0,0.7871793523404911,0.0,0.0,0.09805303410095208,0.11461101042494792,0.0,0.0,0.7835086919356153,0.0,0.0,0.12891158219349846,0.08757972587088614,0.0,0.0
2017-04-25,680305649.9363488,44947.4363487761,0.0,680260702.5,0.9999339305261495,Bull,1.0,0.0,0.0,0.0,0.7873567602299293,0.0,0.0,0.09793289237893812,0.1146442779172821,0.0,0.0,0.7835086919356153,0.0,0.0,0.12891158219349846,0.08757972587088614,0.0,0.0
2017-04-26,683621022.9063097,79094.50630977936,0.0,683541928.4,0.9998843006524675,Bull,1.0,0.0,0.0,0.0,0.7886354578564321,0.0,0.0,0.09728986934492667,0.11395897345110881,0.0,0.0,0.7835086919356153,0.0,0.0,0.12891158219349846,0.08757972587088614,0.0,0.0
2017-04-27,680883350.0317878,91681.53178778524,0.0,680791668.5,0.9998653491353791,Bull,1.0,0.0,0.0,0.0,0.787852968463623,0.0,0.0,0.09723427661567748,0.11477810405607872,0.0,0.0,0.7835086919356153,0.0,0.0,0.12891158219349846,0.08757972587088614,0.0,0.0
2017-04-28,680361248.837592,1115547.1375919152,0.0,679245701.7,0.9983603605591913,Bull,1.0,0.0,0.0,0.0,0.7842813690692333,0.0,0.0,0.11951650705992874,0.09456248443002918,0.0,0.0,0.7835086919356153,0.0,0.0,0.12891158219349846,0.08757972587088614,0.0,0.0
2017-05-02,688786686.637592,1115547.1375919152,0.0,687671139.5,0.9983804171026626,Bull,1.0,0.0,0.0,0.0,0.7855066742668821,0.0,0.0,0.118653570961079,0.09422017187470139,0.0,0.0,0.7835086919356153,0.0,0.0,0.12891158219349846,0.08757972587088614,0.0,0.0
2017-05-03,691006554.9375919,1115547.1375919152,0.0,689891007.8,0.9983856200355542,Bull,1.0,0.0,0.0,0.0,0.7844715132245849,0.0,0.0,0.11955950259757157,0.0943546042133978,0.0,0.0,0.7835086919356153,0.0,0.0,0.12891158219349846,0.08757972587088614,0.0,0.0
2017-05-04,695081570.937592,1115547.1375919152,0.0,693966023.8000001,0.9983950845710279,Bull,1.0,0.0,0.0,0.0,0.7843857420425723,0.0,0.0,0.1200837477066331,0.0939255948218223,0.0,0.0,0.7835086919356153,0.0,0.0,0.12891158219349846,0.08757972587088614,0.0,0.0
2017-05-05,690954819.0375919,1115547.1375919152,0.0,689839271.9,0.9983854991573171,Bull,1.0,0.0,0.0,0.0,0.7847648022127756,0.0,0.0,0.11975862635310464,0.09386207059143696,0.0,0.0,0.7835086919356153,0.0,0.0,0.12891158219349846,0.08757972587088614,0.0,0.0
2017-05-08,693901581.237592,1115547.1375919152,0.0,692786034.1,0.9983923553890707,Bull,1.0,0.0,0.0,0.0,0.7841511661200438,0.0,0.0,0.12009368800021036,0.09414750126881655,0.0,0.0,0.7835086919356153,0.0,0.0,0.12891158219349846,0.08757972587088614,0.0,0.0
2017-05-09,693604259.837592,1115547.1375919152,0.0,692488712.7,0.9983916662538186,Bull,1.0,0.0,0.0,0.0,0.7845985012079152,0.0,0.0,0.11929425003729698,0.09449891500860647,0.0,0.0,0.7835086919356153,0.0,0.0,0.12891158219349846,0.08757972587088614,0.0,0.0
2017-05-10,692820587.337592,1115547.1375919152,0.0,691705040.2,0.9983898470138152,Bull,1.0,0.0,0.0,0.0,0.7835423775238977,0.0,0.0,0.11986797378400295,0.09497949570591453,0.0,0.0,0.7835086919356153,0.0,0.0,0.12891158219349846,0.08757972587088614,0.0,0.0
2017-05-11,693804472.837592,1115547.1375919152,0.0,692688925.7,0.9983921303749607,Bull,1.0,0.0,0.0,0.0,0.7833437906175352,0.0,0.0,0.11989256808880722,0.09515577166861831,0.0,0.0,0.7835086919356153,0.0,0.0,0.12891158219349846,0.08757972587088614,0.0,0.0
2017-05-12,694262772.8375919,1115547.1375919152,0.0,693147225.6999999,0.9983931917694039,Bull,1.0,0.0,0.0,0.0,0.7832214933223873,0.0,0.0,0.12032735049088127,0.09484434795613547,0.0,0.0,0.7835086919356153,0.0,0.0,0.12891158219349846,0.08757972587088614,0.0,0.0
2017-05-15,696639151.837592,1115547.1375919152,0.0,695523604.7,0.9983986729217711,Bull,1.0,0.0,0.0,0.0,0.783635406164006,0.0,0.0,0.11999469133984031,0.0947685754179248,0.0,0.0,0.7835086919356153,0.0,0.0,0.12891158219349846,0.08757972587088614,0.0,0.0
2017-05-16,695815741.137592,1115547.1375919152,0.0,694700194.0,0.9983967779519214,Bull,1.0,0.0,0.0,0.0,0.7835423399715685,0.0,0.0,0.11997371583390577,0.09488072214644706,0.0,0.0,0.7835086919356153,0.0,0.0,0.12891158219349846,0.08757972587088614,0.0,0.0
2017-05-17,696046630.4375919,1115547.1375919152,0.0,694931083.3,0.9983973097651653,Bull,1.0,0.0,0.0,0.0,0.7842164007845756,0.0,0.0,0.11957963211124652,0.09460127686934315,0.0,0.0,0.7835086919356153,0.0,0.0,0.12891158219349846,0.08757972587088614,0.0,0.0
2017-05-18,694218772.437592,1115547.1375919152,0.0,693103225.3000001,0.9983930899280137,Bull,1.0,0.0,0.0,0.0,0.7836269298651162,0.0,0.0,0.1204130503508024,0.09435310971209496,0.0,0.0,0.7835086919356153,0.0,0.0,0.12891158219349846,0.08757972587088614,0.0,0.0
2017-05-19,693998326.637592,1115547.1375919152,0.0,692882779.5,0.9983925794994395,Bull,1.0,0.0,0.0,0.0,0.7841368035231265,0.0,0.0,0.11993487131773066,0.09432090465858234,0.0,0.0,0.7835086919356153,0.0,0.0,0.12891158219349846,0.08757972587088614,0.0,0.0
2017-05-22,695280383.137592,1115547.1375919152,0.0,694164836.0,0.9983955434891492,Bull,1.0,0.0,0.0,0.0,0.7840429547860867,0.0,0.0,0.11995736112044864,0.09439522758261393,0.0,0.0,0.7835086919356153,0.0,0.0,0.12891158219349846,0.08757972587088614,0.0,0.0
2017-05-23,695122812.137592,1115547.1375919152,0.0,694007265.0,0.9983951797896525,Bull,1.0,0.0,0.0,0.0,0.7839763067538793,0.0,0.0,0.11962979569650478,0.09478907733926847,0.0,0.0,0.7835086919356153,0.0,0.0,0.12891158219349846,0.08757972587088614,0.0,0.0
2017-05-24,694452698.0375919,1115547.1375919152,0.0,693337150.9,0.9983936312138403,Bull,1.0,0.0,0.0,0.0,0.7841047380746499,0.0,0.0,0.11947048407249312,0.09481840906669729,0.0,0.0,0.7835086919356153,0.0,0.0,0.12891158219349846,0.08757972587088614,0.0,0.0
2017-05-25,696442415.9375919,1115547.1375919152,0.0,695326868.8,0.9983982205677548,Bull,1.0,0.0,0.0,0.0,0.7836959040830577,0.0,0.0,0.11928739275329332,0.0954149237314039,0.0,0.0,0.7800863727898143,0.0,0.0,0.10418368664512385,0.11572994056506189,0.0,0.0
2017-05-26,697184034.7181246,118972.01812454127,0.0,697065062.7,0.999829353496064,Bull,1.0,0.0,0.0,0.0,0.7812227985401409,0.0,0.0,0.10823397588343871,0.11037257907248452,0.0,0.0,0.7800863727898143,0.0,0.0,0.10418368664512385,0.11572994056506189,0.0,0.0
2017-05-31,693710079.8181245,118972.01812454127,0.0,693591107.8,0.9998284989340853,Bull,1.0,0.0,0.0,0.0,0.7808984236498715,0.0,0.0,0.10865345941025017,0.11027661587396367,0.0,0.0,0.7800863727898143,0.0,0.0,0.10418368664512385,0.11572994056506189,0.0,0.0
2017-06-01,695329808.0181246,118972.01812454127,0.0,695210836.0,0.9998288984353142,Bull,1.0,0.0,0.0,0.0,0.7799392888760839,0.0,0.0,0.10929460972859527,0.11059499983063506,0.0,0.0,0.7800863727898143,0.0,0.0,0.10418368664512385,0.11572994056506189,0.0,0.0
2017-06-02,695797308.0181246,118972.01812454127,0.0,695678336.0,0.9998290133969281,Bull,1.0,0.0,0.0,0.0,0.7800020634541788,0.0,0.0,0.10887509785827841,0.1109518520844709,0.0,0.0,0.7800863727898143,0.0,0.0,0.10418368664512385,0.11572994056506189,0.0,0.0
2017-06-03,696069908.0181246,118972.01812454127,0.0,695950936.0,0.9998290803599551,Bull,1.0,0.0,0.0,0.0,0.7800876460038856,0.0,0.0,0.10854570658732263,0.1111957277687468,0.0,0.0,0.7800863727898143,0.0,0.0,0.10418368664512385,0.11572994056506189,0.0,0.0
2017-06-05,699096430.1181246,118972.01812454127,0.0,698977458.1,0.9998298203037534,Bull,1.0,0.0,0.0,0.0,0.7795693621378008,0.0,0.0,0.10868786726197599,0.11157259090397663,0.0,0.0,0.7800863727898143,0.0,0.0,0.10418368664512385,0.11572994056506189,0.0,0.0
2017-06-06,699561294.2181246,118972.01812454127,0.0,699442322.2,0.9998299333895287,Bull,1.0,0.0,0.0,0.0,0.7798677924423469,0.0,0.0,0.10853516429158788,0.11142697665559385,0.0,0.0,0.7800863727898143,0.0,0.0,0.10418368664512385,0.11572994056506189,0.0,0.0
2017-06-07,698302275.9181246,118972.01812454127,0.0,698183303.9,0.9998296267644722,Bull,1.0,0.0,0.0,0.0,0.7798059990339298,0.0,0.0,0.10839575153965982,0.11162787619088267,0.0,0.0,0.7800863727898143,0.0,0.0,0.10418368664512385,0.11572994056506189,0.0,0.0
2017-06-08,701360490.4181246,118972.01812454127,0.0,701241518.4,0.9998303696604671,Bull,1.0,0.0,0.0,0.0,0.7801615943233348,0.0,0.0,0.10809990159953375,0.11156887373759863,0.0,0.0,0.7800863727898143,0.0,0.0,0.10418368664512385,0.11572994056506189,0.0,0.0
2017-06-09,699143932.4181246,118972.01812454127,0.0,699024960.4,0.9998298318663611,Bull,1.0,0.0,0.0,0.0,0.7800092872348049,0.0,0.0,0.10825553436218009,0.11156501026937601,0.0,0.0,0.7800863727898143,0.0,0.0,0.10418368664512385,0.11572994056506189,0.0,0.0
2017-06-12,698647950.7181246,118972.01812454127,0.0,698528978.7,0.9998297110611971,Bull,1.0,0.0,0.0,0.0,0.7814457598262825,0.0,0.0,0.10795637476997373,0.11042757646494095,0.0,0.0,0.7800863727898143,0.0,0.0,0.10418368664512385,0.11572994056506189,0.0,0.0
2017-06-13,698783717.9181246,118972.01812454127,0.0,698664745.9,0.9998297441467597,Bull,1.0,0.0,0.0,0.0,0.7811168633496327,0.0,0.0,0.10816365359110434,0.11054922720602266,0.0,0.0,0.7800863727898143,0.0,0.0,0.10418368664512385,0.11572994056506189,0.0,0.0
2017-06-14,696782528.6181246,118972.01812454127,0.0,696663556.6,0.9998292551646487,Bull,1.0,0.0,0.0,0.0,0.780864809683242,0.0,0.0,0.10867178336140383,0.1102926621200028,0.0,0.0,0.7800863727898143,0.0,0.0,0.10418368664512385,0.11572994056506189,0.0,0.0
2017-06-15,696667357.6181246,118972.01812454127,0.0,696548385.6,0.9998292269376143,Bull,1.0,0.0,0.0,0.0,0.780946142589652,0.0,0.0,0.10850041870547011,0.11038266564249222,0.0,0.0,0.7800863727898143,0.0,0.0,0.10418368664512385,0.11572994056506189,0.0,0.0
2017-06-16,698216999.6181246,118972.01812454127,0.0,698098027.6,0.9998296059560429,Bull,1.0,0.0,0.0,0.0,0.7800878922998099,0.0,0.0,0.1084582587382111,0.11128345491802177,0.0,0.0,0.7800863727898143,0.0,0.0,0.10418368664512385,0.11572994056506189,0.0,0.0
2017-06-19,700191285.1181246,118972.01812454127,0.0,700072313.1,0.9998300864054535,Bull,1.0,0.0,0.0,0.0,0.7789811508550598,0.0,0.0,0.10866530563453665,0.112183629915857,0.0,0.0,0.7800863727898143,0.0,0.0,0.10418368664512385,0.11572994056506189,0.0,0.0
2017-06-20,700956698.1181246,118972.01812454127,0.0,700837726.1,0.9998302719434111,Bull,1.0,0.0,0.0,0.0,0.7771123773585853,0.0,0.0,0.10937280463376124,0.1133450899510645,0.0,0.0,0.7800863727898143,0.0,0.0,0.10418368664512385,0.11572994056506189,0.0,0.0
2017-06-21,702620134.7181246,118972.01812454127,0.0,702501162.7,0.9998306737705825,Bull,1.0,0.0,0.0,0.0,0.7772217670919432,0.0,0.0,0.10938983413965826,0.11321907253898106,0.0,0.0,0.7800863727898143,0.0,0.0,0.10418368664512385,0.11572994056506189,0.0,0.0
2017-06-22,704092881.3181245,118972.01812454127,0.0,703973909.3,0.9998310279491793,Bull,1.0,0.0,0.0,0.0,0.7767567657780289,0.0,0.0,0.10980795581295956,0.11326630635819085,0.0,0.0,0.7800863727898143,0.0,0.0,0.10418368664512385,0.11572994056506189,0.0,0.0
2017-06-23,704137437.8181245,118972.01812454127,0.0,704018465.8,0.9998310386414146,Bull,1.0,0.0,0.0,0.0,0.7770684193351037,0.0,0.0,0.1095744890927514,0.11318813021355945,0.0,0.0,0.7800863727898143,0.0,0.0,0.10418368664512385,0.11572994056506189,0.0,0.0
2017-06-26,713752995.0181246,118972.01812454127,0.0,713634023.0,0.9998333148596854,Bull,1.0,0.0,0.0,0.0,0.7773796073330808,0.0,0.0,0.1084086519287182,0.11404505559788647,0.0,0.0,0.7800863727898143,0.0,0.0,0.10418368664512385,0.11572994056506189,0.0,0.0
2017-06-27,716681917.9181246,118972.01812454127,0.0,716562945.9,0.9998339960655486,Bull,1.0,0.0,0.0,0.0,0.7787649331537365,0.0,0.0,0.10762961653067997,0.11343944638113208,0.0,0.0,0.7800863727898143,0.0,0.0,0.10418368664512385,0.11572994056506189,0.0,0.0
2017-06-28,714469140.0181246,118972.01812454127,0.0,714350168.0,0.9998334819358027,Bull,1.0,0.0,0.0,0.0,0.7792162555626644,0.0,0.0,0.10787617782630163,0.11274104854683663,0.0,0.0,0.7800863727898143,0.0,0.0,0.10418368664512385,0.11572994056506189,0.0,0.0
2017-06-29,720198053.7181245,118972.01812454127,0.0,720079081.6999999,0.9998348065264682,Bull,1.0,0.0,0.0,0.0,0.7816015036334911,0.0,0.0,0.10625021770740488,0.11198308518557215,0.0,0.0,0.7800863727898143,0.0,0.0,0.10418368664512385,0.11572994056506189,0.0,0.0
2017-06-30,719193614.0181246,118972.01812454127,0.0,719074642.0,0.9998345758140705,Bull,1.0,0.0,0.0,0.0,0.7815658134943262,0.0,0.0,0.10647689093367026,0.11179187138607409,0.0,0.0,0.7800863727898143,0.0,0.0,0.10418368664512385,0.11572994056506189,0.0,0.0
2017-07-03,721994681.9181246,118972.01812454127,0.0,721875709.9,0.9998352175977134,Bull,1.0,0.0,0.0,0.0,0.7814272376648609,0.0,0.0,0.10698056638699602,0.11142741354585652,0.0,0.0,0.7800863727898143,0.0,0.0,0.10418368664512385,0.11572994056506189,0.0,0.0
2017-07-04,719561523.9181246,118972.01812454127,0.0,719442551.9,0.9998346603950184,Bull,1.0,0.0,0.0,0.0,0.7817075165959021,0.0,0.0,0.10694832539261291,0.11117881840650337,0.0,0.0,0.7800863727898143,0.0,0.0,0.10418368664512385,0.11572994056506189,0.0,0.0
2017-07-05,724228908.6181246,118972.01812454127,0.0,724109936.6,0.9998357259469915,Bull,1.0,0.0,0.0,0.0,0.7814972999074725,0.0,0.0,0.10684052939510562,0.11149789664441344,0.0,0.0,0.7800863727898143,0.0,0.0,0.10418368664512385,0.11572994056506189,0.0,0.0
2017-07-06,722635500.2181246,118972.01812454127,0.0,722516528.2,0.9998353637233589,Bull,1.0,0.0,0.0,0.0,0.7817760517293648,0.0,0.0,0.10679990116276368,0.11125941083123038,0.0,0.0,0.7800863727898143,0.0,0.0,0.10418368664512385,0.11572994056506189,0.0,0.0
2017-07-07,720800729.2181246,118972.01812454127,0.0,720681757.2,0.9998349446479422,Bull,1.0,0.0,0.0,0.0,0.7822093324067392,0.0,0.0,0.10670730048155169,0.11091831175965138,0.0,0.0,0.7800863727898143,0.0,0.0,0.10418368664512385,0.11572994056506189,0.0,0.0
2017-07-10,717737867.4181246,118972.01812454127,0.0,717618895.4,0.9998342402936707,Bull,1.0,0.0,0.0,0.0,0.7820123764948596,0.0,0.0,0.10587291468032846,0.11194894911848283,0.0,0.0,0.7800863727898143,0.0,0.0,0.10418368664512385,0.11572994056506189,0.0,0.0
2017-07-11,721854758.2181246,118972.01812454127,1786400.0000000002,719949386.2,0.997360449596775,Bull,1.0,0.0,0.0,0.0,0.7813981687844715,0.0,0.0,0.10298941601980197,0.11297286479250142,0.0,0.0,0.7800863727898143,0.0,0.0,0.10418368664512385,0.11572994056506189,0.0,0.0
2017-07-12,722734726.1181246,118972.01812454127,3076400.0,719539354.1,0.9955787761364571,Bull,1.0,0.0,0.0,0.0,0.7818309175967927,0.0,0.0,0.10091254420792801,0.1128353143317364,0.0,0.0,0.7800863727898143,0.0,0.0,0.10418368664512385,0.11572994056506189,0.0,0.0
2017-07-13,724579829.9181246,118972.01812454127,3076400.0,721384457.9,0.9955900345466618,Bull,1.0,0.0,0.0,0.0,0.7811837074790775,0.0,0.0,0.10096127021403045,0.11344505685355383,0.0,0.0,0.7800863727898143,0.0,0.0,0.10418368664512385,0.11572994056506189,0.0,0.0
2017-07-14,725929849.0181246,118972.01812454127,3076400.0,722734477.0,0.9955982358041254,Bull,1.0,0.0,0.0,0.0,0.7823314852917979,0.0,0.0,0.10023930011752859,0.113027450394799,0.0,0.0,0.7800863727898143,0.0,0.0,0.10418368664512385,0.11572994056506189,0.0,0.0
2017-07-17,731197695.5181246,118972.01812454127,3076400.0,728002323.5,0.9956299479091487,Bull,1.0,0.0,0.0,0.0,0.7840160424654813,0.0,0.0,0.0991956080340274,0.1124182974096401,0.0,0.0,0.7800863727898143,0.0,0.0,0.10418368664512385,0.11572994056506189,0.0,0.0
2017-07-18,733401399.3181245,118972.01812454127,3076400.0,730206027.3,0.9956430789181812,Bull,1.0,0.0,0.0,0.0,0.7835444925988412,0.0,0.0,0.09974537827172668,0.11235320804761335,0.0,0.0,0.7800863727898143,0.0,0.0,0.10418368664512385,0.11572994056506189,0.0,0.0
2017-07-19,730913068.8181247,118972.01812454127,3076400.0,727717696.8000001,0.9956282461561518,Bull,1.0,0.0,0.0,0.0,0.7827943174215852,0.0,0.0,0.09968777835347578,0.11314615038109066,0.0,0.0,0.7800863727898143,0.0,0.0,0.10418368664512385,0.11572994056506189,0.0,0.0
2017-07-20,729086892.5181246,118972.01812454127,3076400.0,725891520.5,0.9956172960302601,Bull,1.0,0.0,0.0,0.0,0.7821379404181568,0.0,0.0,0.10011838197761236,0.11336097363449087,0.0,0.0,0.7800863727898143,0.0,0.0,0.10418368664512385,0.11572994056506189,0.0,0.0
2017-07-21,726246315.6181246,118972.01812454127,3689195.6000000006,722438148.0,0.9947563691047666,Bull,1.0,0.0,0.0,0.0,0.782223793474929,0.0,0.0,0.09948553052349125,0.11304704510634637,0.0,0.0,0.7800863727898143,0.0,0.0,0.10418368664512385,0.11572994056506189,0.0,0.0
2017-07-24,729317473.6181246,118972.01812454127,3689195.6000000006,725509306.0,0.9947784500496987,Bull,1.0,0.0,0.0,0.0,0.7821933885252014,0.0,0.0,0.09973982885550359,0.11284523266899378,0.0,0.0,0.7800863727898143,0.0,0.0,0.10418368664512385,0.11572994056506189,0.0,0.0
2017-07-25,728680656.8181247,118972.01812454127,3689195.6000000006,724872489.2,0.994773886774004,Bull,1.0,0.0,0.0,0.0,0.7827070526209332,0.0,0.0,0.09891713101695601,0.11314970313611487,0.0,0.0,0.7800863727898143,0.0,0.0,0.10418368664512385,0.11572994056506189,0.0,0.0
2017-07-26,725735563.7181246,118972.01812454127,3689195.6000000006,721927396.1,0.9947526787875539,Bull,1.0,0.0,0.0,0.0,0.7823334344967012,0.0,0.0,0.09922374429478659,0.1131954999960661,0.0,0.0,0.7800863727898143,0.0,0.0,0.10418368664512385,0.11572994056506189,0.0,0.0
2017-07-27,730571443.8181247,118972.01812454127,3689195.6000000006,726763276.2,0.9947874124422078,Bull,1.0,0.0,0.0,0.0,0.7818445150481386,0.0,0.0,0.09933320089919401,0.11360969649487532,0.0,0.0,0.7800863727898143,0.0,0.0,0.10418368664512385,0.11572994056506189,0.0,0.0
2017-07-28,726970703.4181246,118972.01812454127,3689195.6000000006,723162535.8,0.9947615941052107,Bull,1.0,0.0,0.0,0.0,0.7823066777326491,0.0,0.0,0.09952051665882336,0.11293439971373834,0.0,0.0,0.7800863727898143,0.0,0.0,0.10418368664512385,0.11572994056506189,0.0,0.0
2017-07-31,726338323.2181246,118972.01812454127,4389195.600000001,721830155.6,0.9937932951160409,Bull,1.0,0.0,0.0,0.0,0.7823739123143376,0.0,0.0,0.09941923438660996,0.11200014841509334,0.0,0.0,0.7800863727898143,0.0,0.0,0.10418368664512385,0.11572994056506189,0.0,0.0
2017-08-01,729633860.6181246,118972.01812454127,4389195.600000001,725125693.0,0.993821328941196,Bull,1.0,0.0,0.0,0.0,0.7826458225447862,0.0,0.0,0.09906448138079256,0.1121110250156173,0.0,0.0,0.7800863727898143,0.0,0.0,0.10418368664512385,0.11572994056506189,0.0,0.0
2017-08-02,735480164.4181246,118972.01812454127,4389195.600000001,730971996.8,0.9938704429619917,Bull,1.0,0.0,0.0,0.0,0.783375031270662,0.0,0.0,0.09832379375888703,0.1121716179324427,0.0,0.0,0.7800863727898143,0.0,0.0,0.10418368664512385,0.11572994056506189,0.0,0.0
2017-08-03,733327237.7181246,1905372.0181245415,2602795.6,728819070.1,0.9938524476028566,Bull,1.0,1786400.0000000002,0.0,0.0,0.7832249240969443,0.0,0.0,0.09853568268491723,0.11209184082099502,0.0,0.0,0.7800863727898143,0.0,0.0,0.10418368664512385,0.11572994056506189,0.0,0.0
2017-08-04,738896118.0820525,1340062.6820525413,6611647.6,730944407.8,0.9892383921264971,Bull,1.0,1290002.0,88314.0,2.0,0.7800045144316196,0.0,0.0,0.09778384028805602,0.11145003740682158,0.0,0.0,0.7800863727898143,0.0,0.0,0.10418368664512385,0.11572994056506189,0.0,0.0
2017-08-07,743689081.3820525,1340062.6820525413,6611647.6,735737371.1,0.9893077490565342,Bull,1.0,0.0,0.0,0.0,0.7806989313612526,0.0,0.0,0.09707027009976237,0.11153854759551918,0.0,0.0,0.7800863727898143,0.0,0.0,0.10418368664512385,0.11572994056506189,0.0,0.0
2017-08-08,742695178.9820526,1340062.6820525413,6611647.6,734743468.7,0.9892934402873717,Bull,1.0,0.0,0.0,0.0,0.7805745682832949,0.0,0.0,0.09709838173292178,0.11162049027115512,0.0,0.0,0.7800863727898143,0.0,0.0,0.10418368664512385,0.11572994056506189,0.0,0.0
2017-08-09,737057021.9820526,1340062.6820525413,6611647.6,729105311.7,0.9892115398878241,Bull,1.0,0.0,0.0,0.0,0.7798110520056828,0.0,0.0,0.09794371106576044,0.11145677681638093,0.0,0.0,0.7800863727898143,0.0,0.0,0.10418368664512385,0.11572994056506189,0.0,0.0
2017-08-10,729851067.1820525,1340062.6820525413,10476887.6,718034116.9,0.9838090936447108,Bull,1.0,0.0,0.0,0.0,0.7729233295198942,0.0,0.0,0.09908213230297552,0.11180363182184108,0.0,0.0,0.7800863727898143,0.0,0.0,0.10418368664512385,0.11572994056506189,0.0,0.0
2017-08-11,729371683.0820525,1340062.6820525413,10476887.6,717554732.8,0.9837984520702552,Bull,1.0,0.0,0.0,0.0,0.7738328014257514,0.0,0.0,0.0985684002650158,0.11139725037948804,0.0,0.0,0.7800863727898143,0.0,0.0,0.10418368664512385,0.11572994056506189,0.0,0.0
2017-08-14,724339613.7820525,1340062.6820525413,10476887.6,712522663.5,0.9836858980825973,Bull,1.0,0.0,0.0,0.0,0.7728741502579838,0.0,0.0,0.09933089207191824,0.11148085575269527,0.0,0.0,0.7800863727898143,0.0,0.0,0.10418368664512385,0.11572994056506189,0.0,0.0
2017-08-15,725743317.3820525,1340062.6820525413,10476887.6,713926367.1,0.983717452163832,Bull,1.0,0.0,0.0,0.0,0.7725175742884005,0.0,0.0,0.09917680022137806,0.11202307765405341,0.0,0.0,0.7800863727898143,0.0,0.0,0.10418368664512385,0.11572994056506189,0.0,0.0
2017-08-16,728575596.7820525,1340071.6820525413,21769162.1,705466363.0,0.9682816252917054,Bull,1.0,9.0,451690.0,9.0,0.7581728861627545,0.0,0.0,0.09893290458582595,0.11117583454312496,0.0,0.0,0.7800863727898143,0.0,0.0,0.10418368664512385,0.11572994056506189,0.0,0.0
2017-08-17,737367805.3001838,416323.3001837913,28123120.9,708828361.1,0.9612955108766035,Bull,1.0,2.0,453854.0,2.0,0.7516230802541954,0.0,0.0,0.09894071788271201,0.11073171273969595,0.0,0.0,0.7800863727898143,0.0,0.0,0.10418368664512385,0.11572994056506189,0.0,0.0
2017-08-18,733278303.5001837,416323.3001837913,28123120.9,704738859.3,0.961079655481479,Bull,1.0,0.0,0.0,0.0,0.7514016938315998,0.0,0.0,0.09901056618400521,0.110667395465874,0.0,0.0,0.7800863727898143,0.0,0.0,0.10418368664512385,0.11572994056506189,0.0,0.0
2017-08-21,734502762.2001837,416323.3001837913,28123120.9,705963318.0,0.9611445379528668,Bull,1.0,0.0,0.0,0.0,0.7516116295414823,0.0,0.0,0.09918614843839695,0.11034675997298751,0.0,0.0,0.7800863727898143,0.0,0.0,0.10418368664512385,0.11572994056506189,0.0,0.0
2017-08-22,736802858.4001838,416323.3001837913,28123120.9,708263414.2,0.9612658340357809,Bull,1.0,0.0,0.0,0.0,0.7517373309363126,0.0,0.0,0.0984404432923708,0.11108805980709749,0.0,0.0,0.7800863727898143,0.0,0.0,0.10418368664512385,0.11572994056506189,0.0,0.0
2017-08-23,737836362.4001838,416323.3001837913,28123120.9,709296918.2,0.9613200898538737,Bull,1.0,0.0,0.0,0.0,0.7516780772308842,0.0,0.0,0.09884508776817887,0.11079692485481064,0.0,0.0,0.7800863727898143,0.0,0.0,0.10418368664512385,0.11572994056506189,0.0,0.0
2017-08-24,742707313.5001837,5715175.300183792,22824268.9,714167869.3,0.9615737671066078,Bull,1.0,5298852.0,0.0,0.0,0.7521832074969351,0.0,0.0,0.09824314191297101,0.11114741769670157,0.0,0.0,0.7800863727898143,0.0,0.0,0.10418368664512385,0.11572994056506189,0.0,0.0
2017-08-25,741975557.7569627,1113963.2569626663,22211473.3,718650121.2,0.968563066110322,Bull,1.0,612795.6000000001,0.0,0.0,0.7516059193187983,0.0,0.0,0.09847602018169627,0.1184811266098274,0.0,0.0,0.7800863727898143,0.0,0.0,0.10418368664512385,0.11572994056506189,0.0,0.0
2017-08-28,746517974.1751574,31884.07515741652,22211473.3,724274616.8000001,0.9702038555739606,Bull,1.0,0.0,0.0,0.0,0.7528265041722049,0.0,0.0,0.09839321026551157,0.11898414113624416,0.0,0.0,0.7800863727898143,0.0,0.0,0.10418368664512385,0.11572994056506189,0.0,0.0
2017-08-29,744838514.0851486,66727.98514866689,22211473.3,722560312.8,0.9700898908100746,Bull,1.0,0.0,0.0,0.0,0.7528086990623841,0.0,0.0,0.10082078004819076,0.1164604116994997,0.0,0.0,0.7800863727898143,0.0,0.0,0.10418368664512385,0.11572994056506189,0.0,0.0
2017-08-30,745745637.0287801,396549.7287801669,22211473.3,723137614.0,0.9696840022841359,Bull,1.0,0.0,0.0,0.0,0.7525664062025763,0.0,0.0,0.10067708917364072,0.11644050690791884,0.0,0.0,0.7800863727898143,0.0,0.0,0.10418368664512385,0.11572994056506189,0.0,0.0
2017-08-31,748433856.3112241,800516.911224167,21511473.3,726121866.1,0.9701884274434186,Bull,1.0,700000.0,0.0,0.0,0.7526962621340085,0.0,0.0,0.10156248192010077,0.11592968338930927,0.0,0.0,0.7800863727898143,0.0,0.0,0.10418368664512385,0.11572994056506189,0.0,0.0
2017-09-01,749311523.0878677,4120661.787867792,17646233.3,727544628.0,0.9709508069512028,Bull,1.0,3865240.0,0.0,0.0,0.7530216880620875,0.0,0.0,0.10217619460127,0.1157529242878453,0.0,0.0,0.7800863727898143,0.0,0.0,0.10418368664512385,0.11572994056506189,0.0,0.0
2017-09-04,743909599.0738313,42541.67383129167,17646233.3,726220824.1,0.9762218756205675,Bull,1.0,0.0,0.0,0.0,0.7516554092004724,0.0,0.0,0.10439709354024913,0.12016937287984603,0.0,0.0,0.7800863727898143,0.0,0.0,0.10418368664512385,0.11572994056506189,0.0,0.0
2017-09-05,745298367.1907215,22708.890721541713,17646233.3,727629425.0,0.9762927936400536,Bull,1.0,0.0,0.0,0.0,0.7524258064777113,0.0,0.0,0.10700439382499272,0.11686259333734968,0.0,0.0,0.7800863727898143,0.0,0.0,0.10418368664512385,0.11572994056506189,0.0,0.0
2017-09-06,742080032.37587,62017.575870041735,17646233.3,724371781.5,0.9761370066525377,Bull,1.0,0.0,0.0,0.0,0.7521673635563918,0.0,0.0,0.10787461797577808,0.11609502512036783,0.0,0.0,0.7800863727898143,0.0,0.0,0.10418368664512385,0.11572994056506189,0.0,0.0
2017-09-07,740911189.741464,227227.74146404176,17646233.3,723037728.7,0.9758763785876944,Bull,1.0,0.0,0.0,0.0,0.7523074106823769,0.0,0.0,0.1080055222649874,0.11556344564033014,0.0,0.0,0.7800863727898143,0.0,0.0,0.10418368664512385,0.11572994056506189,0.0,0.0
2017-09-08,743829434.854238,144716.05423804175,17646233.3,726038485.5,0.9760819503496465,Bull,1.0,0.0,0.0,0.0,0.7522989267151771,0.0,0.0,0.10793200193231448,0.11585102170215497,0.0,0.0,0.7800863727898143,0.0,0.0,0.10418368664512385,0.11572994056506189,0.0,0.0
2017-09-11,742169430.854238,144716.05423804175,17646233.3,724378481.5,0.9760284530531517,Bull,1.0,0.0,0.0,0.0,0.7522601420775183,0.0,0.0,0.1078687650983609,0.11589954587727253,0.0,0.0,0.7800863727898143,0.0,0.0,0.10418368664512385,0.11572994056506189,0.0,0.0
2017-09-12,744636034.5839242,227470.78392416675,17646233.3,726762330.5,0.9759967242333211,Bull,1.0,0.0,0.0,0.0,0.7527073019145297,0.0,0.0,0.1074652532021415,0.1158241691166499,0.0,0.0,0.7800863727898143,0.0,0.0,0.10418368664512385,0.11572994056506189,0.0,0.0
2017-09-13,740899382.7839242,227470.78392416675,17646233.3,723025678.7,0.9758756661170862,Bull,1.0,0.0,0.0,0.0,0.752319399438018,0.0,0.0,0.10792072696775218,0.11563553971131603,0.0,0.0,0.7800863727898143,0.0,0.0,0.10418368664512385,0.11572994056506189,0.0,0.0
2017-09-14,742852038.7839242,227470.78392416675,17646233.3,724978334.7,0.9759390791830038,Bull,1.0,0.0,0.0,0.0,0.7528540752415886,0.0,0.0,0.10768335526271304,0.11540164867870209,0.0,0.0,0.7800863727898143,0.0,0.0,0.10418368664512385,0.11572994056506189,0.0,0.0
2017-09-15,741884820.545015,6416506.345014917,11292274.5,724176039.7,0.9761300132384358,Bull,1.0,6353958.8,0.0,0.0,0.7522408792378547,0.0,0.0,0.1081150304990412,0.11577410350154001,0.0,0.0,0.7800863727898143,0.0,0.0,0.10418368664512385,0.11572994056506189,0.0,0.0
2017-09-18,744026440.8896596,11338508.089659544,0.0,732687932.8000001,0.9847606113620079,Bull,1.0,11292274.5,0.0,0.0,0.7522495196955016,0.0,0.0,0.10823755121350986,0.12427354045299632,0.0,0.0,0.7800863727898143,0.0,0.0,0.10418368664512385,0.11572994056506189,0.0,0.0
2017-09-19,741275207.6093955,32035.60939554253,0.0,741243172.0,0.9999567831096108,Bull,1.0,0.0,0.0,0.0,0.7514664139334418,0.0,0.0,0.1273696989064164,0.12112067026975261,0.0,0.0,0.7800863727898143,0.0,0.0,0.10418368664512385,0.11572994056506189,0.0,0.0
2017-09-20,737550012.966253,154198.666253043,0.0,737395814.3,0.9997909312405365,Bull,1.0,0.0,0.0,0.0,0.754460856236824,0.0,0.0,0.12841895238951578,0.11691112261419673,0.0,0.0,0.7800863727898143,0.0,0.0,0.10418368664512385,0.11572994056506189,0.0,0.0
2017-09-21,737906189.4585851,45273.558585168095,0.0,737860915.9,0.9999386459156572,Bull,1.0,0.0,0.0,0.0,0.7544669279823761,0.0,0.0,0.12869074871112693,0.11678096922215404,0.0,0.0,0.7800863727898143,0.0,0.0,0.10418368664512385,0.11572994056506189,0.0,0.0
2017-09-22,734527845.1076256,45331.70762566815,0.0,734482513.4,0.9999382845620794,Bull,1.0,0.0,0.0,0.0,0.7547964547467422,0.0,0.0,0.13016184564928407,0.11497998416605325,0.0,0.0,0.7800863727898143,0.0,0.0,0.10418368664512385,0.11572994056506189,0.0,0.0
2017-09-25,732310294.6076256,45331.70762566815,0.0,732264962.9,0.9999380976780479,Bull,1.0,0.0,0.0,0.0,0.7552933735505627,0.0,0.0,0.13023523047849678,0.11440949364898845,0.0,0.0,0.7800863727898143,0.0,0.0,0.10418368664512385,0.11572994056506189,0.0,0.0
2017-09-26,735661254.3076257,45331.70762566815,0.0,735615922.6,0.9999383796450334,Bull,1.0,0.0,0.0,0.0,0.7574195587130899,0.0,0.0,0.12954494944781833,0.11297387148412513,0.0,0.0,0.7800863727898143,0.0,0.0,0.10418368664512385,0.11572994056506189,0.0,0.0
2017-09-27,738016156.8076257,45331.70762566815,0.0,737970825.1,0.9999385762666474,Bull,1.0,0.0,0.0,0.0,0.7573907697602108,0.0,0.0,0.12937345492950791,0.11317435157692875,0.0,0.0,0.7800863727898143,0.0,0.0,0.10418368664512385,0.11572994056506189,0.0,0.0
2017-09-28,734824150.3076257,45331.70762566815,0.0,734778818.6,0.9999383094477684,Bull,1.0,0.0,0.0,0.0,0.7565437504568512,0.0,0.0,0.13015113882683657,0.11324342016408065,0.0,0.0,0.7800863727898143,0.0,0.0,0.10418368664512385,0.11572994056506189,0.0,0.0
2017-09-29,735585489.7598263,177366.45982629433,0.0,735408123.3,0.9997588771634358,Bull,1.0,0.0,0.0,0.0,0.7602215256891285,0.0,0.0,0.1189327429889414,0.12060460848536593,0.0,0.0,0.7800863727898143,0.0,0.0,0.10418368664512385,0.11572994056506189,0.0,0.0
2017-09-30,737486127.3800613,35854.78006129502,0.0,737450272.6,0.999951382434557,Bull,1.0,0.0,0.0,0.0,0.7669231346890438,0.0,0.0,0.11554752941960746,0.11748071832590572,0.0,0.0,0.7800863727898143,0.0,0.0,0.10418368664512385,0.11572994056506189,0.0,0.0
2017-10-02,737479276.1800612,35854.78006129502,0.0,737443421.4,0.9999513819828986,Bull,1.0,0.0,0.0,0.0,0.7671650440545577,0.0,0.0,0.11487048210872881,0.11791585581961211,0.0,0.0,0.7800863727898143,0.0,0.0,0.10418368664512385,0.11572994056506189,0.0,0.0
2017-10-03,738409177.0800612,35854.78006129502,0.0,738373322.3,0.9999514432090307,Bull,1.0,0.0,0.0,0.0,0.7680656469394173,0.0,0.0,0.11411843543605302,0.11776736083356044,0.0,0.0,0.7800863727898143,0.0,0.0,0.10418368664512385,0.11572994056506189,0.0,0.0
2017-10-05,740310332.6800612,35854.78006129502,0.0,740274477.9,0.9999515679054061,Bull,1.0,0.0,0.0,0.0,0.7681880189909129,0.0,0.0,0.11379417020295347,0.11796937871153958,0.0,0.0,0.7800863727898143,0.0,0.0,0.10418368664512385,0.11572994056506189,0.0,0.0
2017-10-06,743125585.9800613,35854.78006129502,0.0,743089731.2,0.999951751385314,Bull,1.0,0.0,0.0,0.0,0.7684981407911353,0.0,0.0,0.11357218967059557,0.11788142092358317,0.0,0.0,0.7800863727898143,0.0,0.0,0.10418368664512385,0.11572994056506189,0.0,0.0
2017-10-11,747923043.2800612,35854.78006129502,0.0,747887188.5,0.9999520608699205,Bull,1.0,0.0,0.0,0.0,0.7679375487364553,0.0,0.0,0.11303462402928449,0.11897988810418073,0.0,0.0,0.7800863727898143,0.0,0.0,0.10418368664512385,0.11572994056506189,0.0,0.0
2017-10-12,751738447.8800613,35854.78006129502,0.0,751702593.1,0.9999523041821762,Bull,1.0,0.0,0.0,0.0,0.7683765473602039,0.0,0.0,0.11206424287272965,0.1195115139492427,0.0,0.0,0.7800863727898143,0.0,0.0,0.10418368664512385,0.11572994056506189,0.0,0.0
2017-10-13,754326905.8800613,35854.78006129502,0.0,754291051.1,0.9999524678494407,Bull,1.0,0.0,0.0,0.0,0.7685996569664783,0.0,0.0,0.11246357426562316,0.11888923661733926,0.0,0.0,0.7800863727898143,0.0,0.0,0.10418368664512385,0.11572994056506189,0.0,0.0
2017-10-16,753637446.3800613,35854.78006129502,0.0,753601591.6,0.9999524243650133,Bull,1.0,0.0,0.0,0.0,0.7681871361100625,0.0,0.0,0.11213017665975114,0.11963511159519975,0.0,0.0,0.7800863727898143,0.0,0.0,0.10418368664512385,0.11572994056506189,0.0,0.0
2017-10-17,755976498.8800613,35854.78006129502,0.0,755940644.1,0.9999525715678803,Bull,1.0,0.0,0.0,0.0,0.769068410144111,0.0,0.0,0.1119014944582574,0.1189826669655119,0.0,0.0,0.7800863727898143,0.0,0.0,0.10418368664512385,0.11572994056506189,0.0,0.0
2017-10-18,753277248.2800612,35854.78006129502,0.0,753241393.5,0.9999524016155498,Bull,1.0,0.0,0.0,0.0,0.7679346413565531,0.0,0.0,0.1121837944700298,0.11983396578896692,0.0,0.0,0.7800863727898143,0.0,0.0,0.10418368664512385,0.11572994056506189,0.0,0.0
2017-10-19,753349004.5800612,35854.78006129502,0.0,753313149.8,0.9999524061492837,Bull,1.0,0.0,0.0,0.0,0.7679041802444176,0.0,0.0,0.1118007716051201,0.12024745429974594,0.0,0.0,0.7800863727898143,0.0,0.0,0.10418368664512385,0.11572994056506189,0.0,0.0
2017-10-20,750649950.8800611,35854.78006129502,0.0,750614096.0999999,0.9999522350197729,Bull,1.0,0.0,0.0,0.0,0.7676147123229037,0.0,0.0,0.11215520616673133,0.12018231653013793,0.0,0.0,0.7800863727898143,0.0,0.0,0.10418368664512385,0.11572994056506189,0.0,0.0
2017-10-23,749914607.0800612,35854.78006129502,0.0,749878752.3,0.9999521881828641,Bull,1.0,0.0,0.0,0.0,0.767386375551106,0.0,0.0,0.11233679035539333,0.12022902227636476,0.0,0.0,0.7800863727898143,0.0,0.0,0.10418368664512385,0.11572994056506189,0.0,0.0
2017-10-24,753617318.3800613,35854.78006129502,0.0,753581463.6,0.9999524230943387,Bull,1.0,0.0,0.0,0.0,0.768931590963995,0.0,0.0,0.11152410905399869,0.11949672307634512,0.0,0.0,0.7800863727898143,0.0,0.0,0.10418368664512385,0.11572994056506189,0.0,0.0
2017-10-25,754931722.7800612,35854.78006129502,0.0,754895868.0,0.999952505930034,Bull,1.0,0.0,0.0,0.0,0.7695158389432872,0.0,0.0,0.11121866715417031,0.11921799983257646,0.0,0.0,0.7800863727898143,0.0,0.0,0.10418368664512385,0.11572994056506189,0.0,0.0
2017-10-26,750449007.1800612,35854.78006129502,0.0,750413152.4,0.9999522222300007,Bull,1.0,0.0,0.0,0.0,0.7684071760809721,0.0,0.0,0.1117570936833512,0.11978795246567744,0.0,0.0,0.7800863727898143,0.0,0.0,0.10418368664512385,0.11572994056506189,0.0,0.0
2017-10-27,749794557.0800613,35854.78006129502,0.0,749758702.3000001,0.999952180527689,Bull,1.0,0.0,0.0,0.0,0.7678718081685451,0.0,0.0,0.11211671144609787,0.11996366091304601,0.0,0.0,0.7800863727898143,0.0,0.0,0.10418368664512385,0.11572994056506189,0.0,0.0
2017-10-30,749488111.3800613,35854.78006129502,0.0,749452256.6,0.999952160975582,Bull,1.0,0.0,0.0,0.0,0.7674639502164388,0.0,0.0,0.11155013499287397,0.12093807576626939,0.0,0.0,0.7800863727898143,0.0,0.0,0.10418368664512385,0.11572994056506189,0.0,0.0
2017-10-31,749827861.3800613,35854.78006129502,0.0,749792006.6,0.9999521826516352,Bull,1.0,0.0,0.0,0.0,0.7669347009079966,0.0,0.0,0.11177845518535265,0.12123902655828594,0.0,0.0,0.7800863727898143,0.0,0.0,0.10418368664512385,0.11572994056506189,0.0,0.0
2017-11-01,750791713.4800613,35854.78006129502,0.0,750755858.7,0.9999522440386361,Bull,1.0,0.0,0.0,0.0,0.7680992588836224,0.0,0.0,0.11091171959533279,0.12094126555968097,0.0,0.0,0.7800863727898143,0.0,0.0,0.10418368664512385,0.11572994056506189,0.0,0.0
2017-11-02,748404412.5800612,35854.78006129502,0.0,748368557.8,0.9999520917040859,Bull,1.0,0.0,0.0,0.0,0.7681620366428559,0.0,0.0,0.110890714438595,0.12089934062263516,0.0,0.0,0.7800863727898143,0.0,0.0,0.10418368664512385,0.11572994056506189,0.0,0.0
2017-11-03,749818206.7800612,35854.78006129502,0.0,749782352.0,0.9999521820359428,Bull,1.0,0.0,0.0,0.0,0.768646248902109,0.0,0.0,0.11077685130732512,0.12052908182650868,0.0,0.0,0.7800863727898143,0.0,0.0,0.10418368664512385,0.11572994056506189,0.0,0.0
2017-11-06,748684460.5800613,35854.78006129502,0.0,748648605.8000001,0.999952109624349,Bull,1.0,0.0,0.0,0.0,0.7680176176683335,0.0,0.0,0.11100911582378498,0.12092537613223048,0.0,0.0,0.7800863727898143,0.0,0.0,0.10418368664512385,0.11572994056506189,0.0,0.0
2017-11-07,749929557.0800612,35854.78006129502,0.0,749893702.3,0.9999521891360025,Bull,1.0,0.0,0.0,0.0,0.7670076434106896,0.0,0.0,0.1115796799979532,0.12136486572735976,0.0,0.0,0.7800863727898143,0.0,0.0,0.10418368664512385,0.11572994056506189,0.0,0.0
2017-11-08,748826960.1800612,35854.78006129502,0.0,748791105.4,0.9999521187377487,Bull,1.0,0.0,0.0,0.0,0.767282277419395,0.0,0.0,0.11162498740683785,0.12104485391151584,0.0,0.0,0.7800863727898143,0.0,0.0,0.10418368664512385,0.11572994056506189,0.0,0.0
2017-11-09,749163305.8800613,35854.78006129502,0.0,749127451.1,0.999952140234606,Bull,1.0,0.0,0.0,0.0,0.7676599301996142,0.0,0.0,0.11208504119319926,0.12020716884179254,0.0,0.0,0.7800863727898143,0.0,0.0,0.10418368664512385,0.11572994056506189,0.0,0.0
2017-11-10,748588308.9800613,35854.78006129502,0.0,748552454.2,0.9999521034731225,Bull,1.0,0.0,0.0,0.0,0.7672127620888309,0.0,0.0,0.11222603798670551,0.12051330339758602,0.0,0.0,0.7800863727898143,0.0,0.0,0.10418368664512385,0.11572994056506189,0.0,0.0
2017-11-13,746222958.0800612,35854.78006129502,0.0,746187103.3,0.999951951652421,Bull,1.0,0.0,0.0,0.0,0.7676150902322464,0.0,0.0,0.11179902614447469,0.1205378352757,0.0,0.0,0.7800863727898143,0.0,0.0,0.10418368664512385,0.11572994056506189,0.0,0.0
2017-11-14,747420810.8800613,35854.78006129502,0.0,747384956.1,0.9999520286570305,Bull,1.0,0.0,0.0,0.0,0.7676044040364104,0.0,0.0,0.11221710551682669,0.12013051910379346,0.0,0.0,0.7800863727898143,0.0,0.0,0.10418368664512385,0.11572994056506189,0.0,0.0
2017-11-15,746272161.2800612,35854.78006129502,0.0,746236306.5,0.9999519548203436,Bull,1.0,0.0,0.0,0.0,0.7690123473393635,0.0,0.0,0.11183949278884878,0.1191001146921313,0.0,0.0,0.7800863727898143,0.0,0.0,0.10418368664512385,0.11572994056506189,0.0,0.0
2017-11-16,743559855.1800612,35854.78006129502,0.0,743524000.4,0.9999517795644676,Bull,1.0,0.0,0.0,0.0,0.7677392699768062,0.0,0.0,0.11224745313850838,0.1199650564491529,0.0,0.0,0.7800863727898143,0.0,0.0,0.10418368664512385,0.11572994056506189,0.0,0.0
2017-11-17,745622903.2800612,35854.78006129502,0.0,745587048.5,0.9999519129845617,Bull,1.0,0.0,0.0,0.0,0.7667888097118338,0.0,0.0,0.11245671187289862,0.12070639139982911,0.0,0.0,0.7800863727898143,0.0,0.0,0.10418368664512385,0.11572994056506189,0.0,0.0
2017-11-20,746125951.3800613,35854.78006129502,0.0,746090096.6,0.9999519454054708,Bull,1.0,0.0,0.0,0.0,0.7672624113142438,0.0,0.0,0.11256504326736437,0.1201244908238627,0.0,0.0,0.7800863727898143,0.0,0.0,0.10418368664512385,0.11572994056506189,0.0,0.0
2017-11-21,752450703.6800612,35854.78006129502,0.0,752414848.9,0.9999523493301476,Bull,1.0,0.0,0.0,0.0,0.7675312097861536,0.0,0.0,0.1122428347623831,0.12017830478161091,0.0,0.0,0.7800863727898143,0.0,0.0,0.10418368664512385,0.11572994056506189,0.0,0.0
2017-11-22,758240215.3800613,35854.78006129502,0.0,758204360.6,0.9999527131648599,Bull,1.0,0.0,0.0,0.0,0.7680742840948956,0.0,0.0,0.1120548584427328,0.11982357062723151,0.0,0.0,0.7800863727898143,0.0,0.0,0.10418368664512385,0.11572994056506189,0.0,0.0
2017-11-23,758356916.5800613,35854.78006129502,0.0,758321061.8000001,0.9999527204416847,Bull,1.0,0.0,0.0,0.0,0.7680867004243983,0.0,0.0,0.111990539208109,0.11987548080917729,0.0,0.0,0.7800863727898143,0.0,0.0,0.10418368664512385,0.11572994056506189,0.0,0.0
2017-11-24,754797264.7800612,35854.78006129502,0.0,754761410.0,0.9999524974695402,Bull,1.0,0.0,0.0,0.0,0.7666141452812606,0.0,0.0,0.11296821541191739,0.12037013677636214,0.0,0.0,0.7800863727898143,0.0,0.0,0.10418368664512385,0.11572994056506189,0.0,0.0
2017-11-27,751707807.9800613,35854.78006129502,0.0,751671953.2,0.9999523022380763,Bull,1.0,0.0,0.0,0.0,0.7670268914052487,0.0,0.0,0.11347999727343878,0.11944541355938874,0.0,0.0,0.7800863727898143,0.0,0.0,0.10418368664512385,0.11572994056506189,0.0,0.0
2017-11-28,753408515.1800612,35854.78006129502,0.0,753372660.4,0.9999524099086501,Bull,1.0,0.0,0.0,0.0,0.7680709054127165,0.0,0.0,0.1134846478069946,0.11839685668893896,0.0,0.0,0.7800863727898143,0.0,0.0,0.10418368664512385,0.11572994056506189,0.0,0.0
2017-11-29,751929616.6800612,35854.78006129502,0.0,751893761.9,0.9999523163082477,Bull,1.0,0.0,0.0,0.0,0.7680118578780715,0.0,0.0,0.11316883670005394,0.11877162173012218,0.0,0.0,0.7800863727898143,0.0,0.0,0.10418368664512385,0.11572994056506189,0.0,0.0
2017-11-30,746321362.4800613,35854.78006129502,0.0,746285507.7,0.9999519579877197,Bull,1.0,0.0,0.0,0.0,0.7694590917131118,0.0,0.0,0.1129017662311001,0.11759110004350788,0.0,0.0,0.7850647795923607,0.0,0.0,0.12813776498384288,0.08679745542379641,0.0,0.0
2017-12-01,750927627.2932922,160269.69329216937,0.0,750767357.6,0.9997865710522998,Bull,1.0,0.0,0.0,0.0,0.7889273693863095,0.0,0.0,0.11648153140307473,0.09437767026291573,0.0,0.0,0.7850647795923607,0.0,0.0,0.12813776498384288,0.08679745542379641,0.0,0.0
2017-12-04,755510522.8932922,160269.69329216937,0.0,755350253.2,0.9997878657034738,Bull,1.0,0.0,0.0,0.0,0.7900727191913738,0.0,0.0,0.1155692705187273,0.09414587599337262,0.0,0.0,0.7850647795923607,0.0,0.0,0.12813776498384288,0.08679745542379641,0.0,0.0
2017-12-05,755084719.7932922,160269.69329216937,0.0,754924450.1,0.9997877460779023,Bull,1.0,0.0,0.0,0.0,0.7908820486573765,0.0,0.0,0.1154453238357988,0.09346037358472702,0.0,0.0,0.7850647795923607,0.0,0.0,0.12813776498384288,0.08679745542379641,0.0,0.0
2017-12-06,748706925.2932922,160269.69329216937,0.0,748546655.6,0.9997859380114197,Bull,1.0,0.0,0.0,0.0,0.7908649373959584,0.0,0.0,0.11626885909449716,0.0926521415209641,0.0,0.0,0.7850647795923607,0.0,0.0,0.12813776498384288,0.08679745542379641,0.0,0.0
2017-12-07,746908725.5932921,160269.69329216937,0.0,746748455.9,0.9997854226523263,Bull,1.0,0.0,0.0,0.0,0.7900875109354858,0.0,0.0,0.11676527132645838,0.0929326403903821,0.0,0.0,0.7850647795923607,0.0,0.0,0.12813776498384288,0.08679745542379641,0.0,0.0
2017-12-08,745870877.4932921,160269.69329216937,0.0,745710607.8,0.9997851240769303,Bull,1.0,0.0,0.0,0.0,0.7899559100365853,0.0,0.0,0.11676726177150315,0.09306195226884194,0.0,0.0,0.7850647795923607,0.0,0.0,0.12813776498384288,0.08679745542379641,0.0,0.0
2017-12-11,747014822.7932922,160269.69329216937,0.0,746854553.1,0.9997854531283692,Bull,1.0,0.0,0.0,0.0,0.7893016779710607,0.0,0.0,0.11687519087443733,0.09360858428287122,0.0,0.0,0.7850647795923607,0.0,0.0,0.12813776498384288,0.08679745542379641,0.0,0.0
2017-12-12,748974827.6932921,160269.69329216937,0.0,748814558.0,0.999786014579708,Bull,1.0,0.0,0.0,0.0,0.7904831192036368,0.0,0.0,0.11656933820979191,0.09273355716627918,0.0,0.0,0.7850647795923607,0.0,0.0,0.12813776498384288,0.08679745542379641,0.0,0.0
2017-12-13,750152773.3932922,160269.69329216937,0.0,749992503.7,0.9997863505955364,Bull,1.0,0.0,0.0,0.0,0.790564568624313,0.0,0.0,0.11657665358540414,0.09264512838581934,0.0,0.0,0.7850647795923607,0.0,0.0,0.12813776498384288,0.08679745542379641,0.0,0.0
2017-12-14,751011569.8932922,160269.69329216937,0.0,750851300.2,0.9997865949078323,Bull,1.0,0.0,0.0,0.0,0.7896200590947736,0.0,0.0,0.11677050463078795,0.09339603118227072,0.0,0.0,0.7850647795923607,0.0,0.0,0.12813776498384288,0.08679745542379641,0.0,0.0
2017-12-15,749706376.4932921,160269.69329216937,0.0,749546106.8,0.9997862233824903,Bull,1.0,0.0,0.0,0.0,0.790305812218607,0.0,0.0,0.11666567437923156,0.09281473678465184,0.0,0.0,0.7850647795923607,0.0,0.0,0.12813776498384288,0.08679745542379641,0.0,0.0
2017-12-18,750421776.4932921,160269.69329216937,0.0,750261506.8,0.9997864271822693,Bull,1.0,0.0,0.0,0.0,0.7897337542220131,0.0,0.0,0.11721208359787817,0.09284058936237809,0.0,0.0,0.7850647795923607,0.0,0.0,0.12813776498384288,0.08679745542379641,0.0,0.0
2017-12-19,750889276.1932921,160269.69329216937,0.0,750729006.5,0.9997865601515783,Bull,1.0,0.0,0.0,0.0,0.7906405449146079,0.0,0.0,0.11682028600102096,0.0923257292359495,0.0,0.0,0.7850647795923607,0.0,0.0,0.12813776498384288,0.08679745542379641,0.0,0.0
2017-12-20,749570924.8932922,160269.69329216937,0.0,749410655.2,0.9997861847518766,Bull,1.0,0.0,0.0,0.0,0.7895463064876093,0.0,0.0,0.11746560208766701,0.09277427617660029,0.0,0.0,0.7850647795923607,0.0,0.0,0.12813776498384288,0.08679745542379641,0.0,0.0
2017-12-21,750453775.7932922,160269.69329216937,0.0,750293506.1,0.9997864362890003,Bull,1.0,0.0,0.0,0.0,0.7905114548499586,0.0,0.0,0.11666701244516889,0.09260796899387284,0.0,0.0,0.7850647795923607,0.0,0.0,0.12813776498384288,0.08679745542379641,0.0,0.0
2017-12-22,753222920.7932922,160269.69329216937,0.0,753062651.1,0.9997872214335654,Bull,1.0,0.0,0.0,0.0,0.7900923281426778,0.0,0.0,0.11708565627174072,0.09260923701914676,0.0,0.0,0.7850647795923607,0.0,0.0,0.12813776498384288,0.08679745542379641,0.0,0.0
2017-12-25,751897069.8932922,160269.69329216937,0.0,751736800.2,0.999786846232404,Bull,1.0,0.0,0.0,0.0,0.7894141684635594,0.0,0.0,0.11742897204338167,0.09294370572546296,0.0,0.0,0.7850647795923607,0.0,0.0,0.12813776498384288,0.08679745542379641,0.0,0.0
2017-12-26,750118221.7932922,160269.69329216937,0.0,749957952.1,0.999786340754516,Bull,1.0,0.0,0.0,0.0,0.7900621993733037,0.0,0.0,0.1174750825134375,0.09224905886777485,0.0,0.0,0.7850647795923607,0.0,0.0,0.12813776498384288,0.08679745542379641,0.0,0.0
2017-12-27,752731472.6932921,160269.69329216937,0.0,752571203.0,0.9997870825133448,Bull,1.0,0.0,0.0,0.0,0.7897500298120557,0.0,0.0,0.11782329186086435,0.0922137608404248,0.0,0.0,0.7850647795923607,0.0,0.0,0.12813776498384288,0.08679745542379641,0.0,0.0
2017-12-28,754952577.8932922,160269.69329216937,0.0,754792308.2,0.9997877089263814,Bull,1.0,0.0,0.0,0.0,0.7894371456590207,0.0,0.0,0.11749890337156786,0.09285165989579282,0.0,0.0,0.7850647795923607,0.0,0.0,0.12813776498384288,0.08679745542379641,0.0,0.0
2017-12-29,757516879.9932922,160269.69329216937,0.0,757356610.3000001,0.9997884275617811,Bull,1.0,0.0,0.0,0.0,0.789490539544539,0.0,0.0,0.11725085254969697,0.09304703546754514,0.0,0.0,0.7850647795923607,0.0,0.0,0.12813776498384288,0.08679745542379641,0.0,0.0
2018-01-02,760930176.5932921,160269.69329216937,0.0,760769906.9,0.9997893766100726,Bull,1.0,0.0,0.0,0.0,0.7889421728386374,0.0,0.0,0.1177101431316656,0.09313706063976955,0.0,0.0,0.7850647795923607,0.0,0.0,0.12813776498384288,0.08679745542379641,0.0,0.0
2018-01-03,765138979.0932921,160269.69329216937,0.0,764978709.4,0.9997905351868466,Bull,1.0,0.0,0.0,0.0,0.7884112898219598,0.0,0.0,0.11791348038092776,0.09346576498395905,0.0,0.0,0.7850647795923607,0.0,0.0,0.12813776498384288,0.08679745542379641,0.0,0.0
2018-01-04,767240129.9932922,160269.69329216937,0.0,767079860.3000001,0.9997911088236566,Bull,1.0,0.0,0.0,0.0,0.7886368773558418,0.0,0.0,0.11777668616055056,0.0933775453072643,0.0,0.0,0.7850647795923607,0.0,0.0,0.12813776498384288,0.08679745542379641,0.0,0.0
2018-01-05,772832725.5932921,160269.69329216937,0.0,772672455.9,0.9997926204623787,Bull,1.0,0.0,0.0,0.0,0.7894323515242396,0.0,0.0,0.11738089886185764,0.09297937007628147,0.0,0.0,0.7850647795923607,0.0,0.0,0.12813776498384288,0.08679745542379641,0.0,0.0
2018-01-08,782900492.2932922,160269.69329216937,0.0,782740222.6,0.9997952872748583,Bull,1.0,0.0,0.0,0.0,0.7910699107952348,0.0,0.0,0.1165581078288739,0.09216726865074963,0.0,0.0,0.7850647795923607,0.0,0.0,0.12813776498384288,0.08679745542379641,0.0,0.0
2018-01-09,783759895.0932922,160269.69329216937,0.0,783599625.4000001,0.9997955117449929,Bull,1.0,0.0,0.0,0.0,0.7906708792827893,0.0,0.0,0.11700369025527195,0.09212094220693166,0.0,0.0,0.7850647795923607,0.0,0.0,0.12813776498384288,0.08679745542379641,0.0,0.0
2018-01-10,783991395.0932922,160269.69329216937,0.0,783831125.4000001,0.9997955721270728,Bull,1.0,0.0,0.0,0.0,0.7916525988479058,0.0,0.0,0.11648699280574715,0.09165598047341987,0.0,0.0,0.7850647795923607,0.0,0.0,0.12813776498384288,0.08679745542379641,0.0,0.0
2018-01-11,780800789.7932922,160269.69329216937,0.0,780640520.1,0.9997947367684725,Bull,1.0,0.0,0.0,0.0,0.7913821658192545,0.0,0.0,0.11676665955235084,0.09164591139686722,0.0,0.0,0.7850647795923607,0.0,0.0,0.12813776498384288,0.08679745542379641,0.0,0.0
2018-01-12,783362992.2932922,160269.69329216937,0.0,783202722.6,0.9997954081379018,Bull,1.0,0.0,0.0,0.0,0.7912978130168276,0.0,0.0,0.11638474231862267,0.09211285280245154,0.0,0.0,0.7850647795923607,0.0,0.0,0.12813776498384288,0.08679745542379641,0.0,0.0
2018-01-15,787766745.5932922,160269.69329216937,0.0,787606475.9000001,0.9997965518420412,Bull,1.0,0.0,0.0,0.0,0.7915215758827144,0.0,0.0,0.11607801485848684,0.09219696110083989,0.0,0.0,0.7850647795923607,0.0,0.0,0.12813776498384288,0.08679745542379641,0.0,0.0
2018-01-16,788102342.4932921,160269.69329216937,0.0,787942072.8,0.9997966384761843,Bull,1.0,0.0,0.0,0.0,0.7915330778315882,0.0,0.0,0.11572481780914928,0.09253874283544683,0.0,0.0,0.7850647795923607,0.0,0.0,0.12813776498384288,0.08679745542379641,0.0,0.0
2018-01-17,789595687.4932922,160269.69329216937,0.0,789435417.8000001,0.9997970230893726,Bull,1.0,0.0,0.0,0.0,0.7917191389236289,0.0,0.0,0.11555116301312764,0.09252672115261604,0.0,0.0,0.7850647795923607,0.0,0.0,0.12813776498384288,0.08679745542379641,0.0,0.0
2018-01-18,790303990.2932922,160269.69329216937,0.0,790143720.6,0.999797205005592,Bull,1.0,0.0,0.0,0.0,0.791818500584523,0.0,0.0,0.1142864025860235,0.0936923018350455,0.0,0.0,0.7850647795923607,0.0,0.0,0.12813776498384288,0.08679745542379641,0.0,0.0
2018-01-19,790435893.3932921,160269.69329216937,0.0,790275623.6999999,0.9997972388467784,Bull,1.0,0.0,0.0,0.0,0.790133556585906,0.0,0.0,0.11506435975415162,0.09459932250672078,0.0,0.0,0.7850647795923607,0.0,0.0,0.12813776498384288,0.08679745542379641,0.0,0.0
2018-01-22,789290142.4932921,160269.69329216937,0.0,789129872.8,0.9997969445142367,Bull,1.0,0.0,0.0,0.0,0.7891348684939308,0.0,0.0,0.11505578888028718,0.09560628714001876,0.0,0.0,0.7850647795923607,0.0,0.0,0.12813776498384288,0.08679745542379641,0.0,0.0
2018-01-23,789563942.4932921,160269.69329216937,0.0,789403672.8,0.9997970149285363,Bull,1.0,0.0,0.0,0.0,0.7885164700328109,0.0,0.0,0.1153270749832571,0.09595346991246836,0.0,0.0,0.7850647795923607,0.0,0.0,0.12813776498384288,0.08679745542379641,0.0,0.0
2018-01-24,784923346.1932921,160269.69329216937,0.0,784763076.5,0.9997958148473104,Bull,1.0,0.0,0.0,0.0,0.7887655265989983,0.0,0.0,0.11571193600047895,0.09531835224783301,0.0,0.0,0.7850647795923607,0.0,0.0,0.12813776498384288,0.08679745542379641,0.0,0.0
2018-01-25,790641547.6932921,160269.69329216937,0.0,790481278.0,0.9997972915871172,Bull,1.0,0.0,0.0,0.0,0.7897058785003404,0.0,0.0,0.1151911384694016,0.09490027461737523,0.0,0.0,0.7850647795923607,0.0,0.0,0.12813776498384288,0.08679745542379641,0.0,0.0
2018-01-26,789318096.7932922,160269.69329216937,0.0,789157827.1,0.999796951705601,Bull,1.0,0.0,0.0,0.0,0.7890568195893072,0.0,0.0,0.11562638734723053,0.09511374476906331,0.0,0.0,0.7850647795923607,0.0,0.0,0.12813776498384288,0.08679745542379641,0.0,0.0
2018-01-29,790762644.4932921,160269.69329216937,1887600.0000000002,788714774.8,0.9974102599464542,Bull,1.0,0.0,0.0,0.0,0.7885627617116018,0.0,0.0,0.11602331071011825,0.0928241875247341,0.0,0.0,0.7850647795923607,0.0,0.0,0.12813776498384288,0.08679745542379641,0.0,0.0
2018-01-30,784355688.6932921,160269.69329216937,1887600.0000000002,782307819.0,0.9973891058319424,Bull,1.0,0.0,0.0,0.0,0.7887032986662018,0.0,0.0,0.11619728308700852,0.09248852407873204,0.0,0.0,0.7850647795923607,0.0,0.0,0.12813776498384288,0.08679745542379641,0.0,0.0
2018-01-31,789128996.0932921,160269.69329216937,1887600.0000000002,787081126.4,0.9974048986877552,Bull,1.0,0.0,0.0,0.0,0.7895001064266378,0.0,0.0,0.11586698810037202,0.09203780416074535,0.0,0.0,0.7850647795923607,0.0,0.0,0.12813776498384288,0.08679745542379641,0.0,0.0
2018-02-01,788717990.4932921,160269.69329216937,1887600.0000000002,786670120.8,0.9974035463651446,Bull,1.0,0.0,0.0,0.0,0.7882904007440511,0.0,0.0,0.11637467524050427,0.0927384703805892,0.0,0.0,0.7850647795923607,0.0,0.0,0.12813776498384288,0.08679745542379641,0.0,0.0
2018-02-02,788322393.2932922,160269.69329216937,1887600.0000000002,786274523.6,0.9974022434086428,Bull,1.0,0.0,0.0,0.0,0.7893243029676279,0.0,0.0,0.11567386741235672,0.09240407302865822,0.0,0.0,0.7850647795923607,0.0,0.0,0.12813776498384288,0.08679745542379641,0.0,0.0
2018-02-05,778219846.6932921,160269.69329216937,1887600.0000000002,776171977.0,0.997368520345512,Bull,1.0,0.0,0.0,0.0,0.7890210968135318,0.0,0.0,0.11617706793801728,0.09217035559396286,0.0,0.0,0.7850647795923607,0.0,0.0,0.12813776498384288,0.08679745542379641,0.0,0.0
2018-02-06,753976032.4932922,160269.69329216937,1887600.0000000002,751928162.8000001,0.9972839061123466,Bear,0.5,0.0,0.0,0.0,0.7884728919487091,0.0,0.0,0.11817192610932586,0.09063908805431158,0.0,0.0,0.3797184972660544,0.0,0.0,0.08674665370818906,0.03353484902575659,0.0,0.0
2018-02-07,760594534.8950313,318181.4950313384,1887600.0000000002,758388753.4,0.9970999246065635,Bull,0.5,0.0,0.0,0.0,0.7000783321082977,0.0,0.0,0.10721809881431049,0.1898034936839553,0.0,0.0,0.3797184972660544,0.0,0.0,0.08674665370818906,0.03353484902575659,0.0,0.0
2018-02-08,756441352.7408187,134597.54081872455,1887600.0000000002,754419155.2,0.9973266962025653,Bull,0.5,0.0,0.0,0.0,0.7693893956104372,0.0,0.0,0.10028854150441047,0.12764875908771764,0.0,0.0,0.3797184972660544,0.0,0.0,0.08674665370818906,0.03353484902575659,0.0,0.0
2018-02-09,749516997.6415409,106694.7415409619,1887600.0000000002,747522702.9,0.9973392267983031,Bear,0.5,0.0,0.0,0.0,0.8111899460761508,0.0,0.0,0.09723982275163358,0.08890945797051877,0.0,0.0,0.36830276268860385,0.0,0.0,0.10654610054207875,0.02515113676931744,0.0,0.0
2018-02-12,753069080.986556,426178.68655610294,1887600.0000000002,750755302.3,0.9969275346113998,Bear,0.5,0.0,0.0,0.0,0.8335251282361515,0.0,0.0,0.09894975359017598,0.06445265278507231,0.0,0.0,0.36071661558894463,0.0,0.0,0.12042003183406726,0.01886335257698808,0.0,0.0
2018-02-21,764235051.8483285,693896.3483284274,1887600.0000000002,761653555.5,0.996622117315759,Bull,0.5,0.0,0.0,0.0,0.720027240531762,0.0,0.0,0.22860571440352226,0.047989162380474785,0.0,0.0,0.36071661558894463,0.0,0.0,0.12042003183406726,0.01886335257698808,0.0,0.0
2018-02-22,763923963.9039377,239047.60393770225,1887600.0000000002,761797316.3,0.9972161527790413,Bull,0.5,0.0,0.0,0.0,0.7778511270458354,0.0,0.0,0.18320828591993144,0.03615673981327453,0.0,0.0,0.36071661558894463,0.0,0.0,0.12042003183406726,0.01886335257698808,0.0,0.0
2018-02-23,769375263.1385577,142218837.83855772,1887600.0000000002,625268825.3,0.812696814229904,Bull,0.5,0.0,0.0,0.0,0.6254335801453255,0.0,0.0,0.15784715966118743,0.029416074423391197,0.0,0.0,0.36071661558894463,0.0,0.0,0.12042003183406726,0.01886335257698808,0.0,0.0
2018-02-26,770197759.7390238,290018035.8390238,1887600.0000000002,478292123.9,0.6209991107505506,Bull,0.5,0.0,0.0,0.0,0.4566137974994439,0.0,0.0,0.14159739965610071,0.022787913595005916,0.0,0.0,0.36071661558894463,0.0,0.0,0.12042003183406726,0.01886335257698808,0.0,0.0
2018-02-27,769922431.8343208,347570266.2343209,1887600.0000000002,420464565.59999996,0.5461128916561812,Bull,0.5,0.0,0.0,0.0,0.3843406210350256,0.0,0.0,0.1418779288450531,0.019894341776102553,0.0,0.0,0.36071661558894463,0.0,0.0,0.12042003183406726,0.01886335257698808,0.0,0.0
2018-03-01,767293652.070462,373741937.07046205,1887600.0000000002,391664115.0,0.5104487883395558,Bull,0.5,0.0,0.0,0.0,0.36624526247767475,0.0,0.0,0.1251322746394661,0.01907125122241491,0.0,0.0,0.36071661558894463,0.0,0.0,0.12042003183406726,0.01886335257698808,0.0,0.0
2018-03-02,766180401.8704621,373741937.07046205,1887600.0000000002,390550864.8,0.5097374767699036,Bull,0.5,0.0,0.0,0.0,0.36528735806442436,0.0,0.0,0.12549133306630295,0.018958785639176245,0.0,0.0,0.36071661558894463,0.0,0.0,0.12042003183406726,0.01886335257698808,0.0,0.0
2018-03-05,763919096.570462,373741937.07046205,1887600.0000000002,388289559.5,0.5082862324599384,Bull,0.5,0.0,0.0,0.0,0.3637353886654285,0.0,0.0,0.1256296647522646,0.018921179042245315,0.0,0.0,0.36071661558894463,0.0,0.0,0.12042003183406726,0.01886335257698808,0.0,0.0
2018-03-06,767414199.270462,373741937.07046205,1887600.0000000002,391784662.20000005,0.5105256881778418,Bull,0.5,0.0,0.0,0.0,0.3651259156611557,0.0,0.0,0.12623821671803254,0.01916155579865356,0.0,0.0,0.36071661558894463,0.0,0.0,0.12042003183406726,0.01886335257698808,0.0,0.0
2018-03-07,766301994.070462,373741937.07046205,1887600.0000000002,390672457.0,0.5098152686838466,Bull,0.5,0.0,0.0,0.0,0.36440823482226653,0.0,0.0,0.12629942339821276,0.019107610463367317,0.0,0.0,0.36071661558894463,0.0,0.0,0.12042003183406726,0.01886335257698808,0.0,0.0
2018-03-08,768639397.770462,373741937.07046205,1887600.0000000002,393009860.7,0.5113059021434185,Bull,0.5,0.0,0.0,0.0,0.3656245197880485,0.0,0.0,0.12641064234000668,0.019270740015363313,0.0,0.0,0.36071661558894463,0.0,0.0,0.12042003183406726,0.01886335257698808,0.0,0.0
2018-03-09,769157499.570462,373741937.07046205,1887600.0000000002,393527962.5,0.5116350847775218,Bull,0.5,0.0,0.0,0.0,0.367305022258473,0.0,0.0,0.12504903099002912,0.019281031529019655,0.0,0.0,0.3705374616917085,0.0,0.0,0.10003247037645696,0.029430067931834572,0.0,0.0
2018-03-12,771569426.8188179,366039360.91881794,1887600.0000000002,403642465.9,0.5231447124132673,Bull,1.0,0.0,0.0,0.0,0.37188956162123793,0.0,0.0,0.12409835935928602,0.02715679143274339,0.0,0.0,0.7558061925375628,0.0,0.0,0.16413124109872101,0.08006256636371628,0.0,0.0
2018-03-13,773547457.694094,213620492.79409397,0.0,559926964.9,0.7238430678437159,Sideways,1.0,1887600.0000000002,0.0,0.0,0.5339362967221261,0.0,0.0,0.1402687048102342,0.04963806631135563,0.0,0.0,0.7558061925375628,0.0,0.0,0.16413124109872101,0.08006256636371628,0.0,0.0
2018-03-14,771430096.6181663,59210484.518166475,0.0,712219612.0999999,0.9232458199676986,Bull,1.0,0.0,0.0,0.0,0.6939230326204957,0.0,0.0,0.15807381710226157,0.0712489702449414,0.0,0.0,0.7668546444031721,0.0,0.0,0.13623410226643573,0.09691125333039222,0.0,0.0
2018-03-15,770180574.390012,10906761.5900121,0.0,759273812.8,0.9858386955570123,Bull,1.0,0.0,0.0,0.0,0.7476925956696369,0.0,0.0,0.14757123690118604,0.09057486298618941,0.0,0.0,0.7668546444031721,0.0,0.0,0.13623410226643573,0.09691125333039222,0.0,0.0
2018-03-16,773746021.8088193,2671916.208819225,0.0,771074105.6,0.996546778744564,Bull,1.0,0.0,0.0,0.0,0.764327297240857,0.0,0.0,0.1377738909090504,0.09444559059465663,0.0,0.0,0.7668546444031721,0.0,0.0,0.13623410226643573,0.09691125333039222,0.0,0.0
2018-03-19,774270673.0088192,2671916.208819225,0.0,771598756.8,0.9965491186713347,Bull,1.0,0.0,0.0,0.0,0.7638031859089461,0.0,0.0,0.13842058563772985,0.09432534712465872,0.0,0.0,0.7668546444031721,0.0,0.0,0.13623410226643573,0.09691125333039222,0.0,0.0
2018-03-20,771678068.1088194,2671916.208819225,0.0,769006151.9000001,0.9965375247538557,Bull,1.0,0.0,0.0,0.0,0.7628307402109417,0.0,0.0,0.139120968233687,0.09458581630922706,0.0,0.0,0.7668546444031721,0.0,0.0,0.13623410226643573,0.09691125333039222,0.0,0.0
2018-03-21,772878765.0088193,2671916.208819225,0.0,770206848.8000001,0.9965429038423784,Bull,1.0,0.0,0.0,0.0,0.7621887487014578,0.0,0.0,0.13985893376015646,0.09449522138076417,0.0,0.0,0.7668546444031721,0.0,0.0,0.13623410226643573,0.09691125333039222,0.0,0.0
2018-03-22,774737319.0088192,2671916.208819225,0.0,772065402.8,0.9965511972338732,Bull,1.0,0.0,0.0,0.0,0.7618517119520365,0.0,0.0,0.14076822856491122,0.0939312567169255,0.0,0.0,0.7668546444031721,0.0,0.0,0.13623410226643573,0.09691125333039222,0.0,0.0
2018-03-23,768572320.3088193,2671916.208819225,0.0,765900404.1,0.9965235331299133,Bull,1.0,0.0,0.0,0.0,0.7627804028441184,0.0,0.0,0.14070165831180156,0.09304147197399329,0.0,0.0,0.7668546444031721,0.0,0.0,0.13623410226643573,0.09691125333039222,0.0,0.0
2018-03-26,771614028.7088193,2671916.208819225,0.0,768942112.5,0.9965372373888921,Bull,1.0,0.0,0.0,0.0,0.7624116340710021,0.0,0.0,0.1413380212675668,0.09278758205032318,0.0,0.0,0.7668546444031721,0.0,0.0,0.13623410226643573,0.09691125333039222,0.0,0.0
2018-03-27,776876025.8088193,2671916.208819225,0.0,774204109.6,0.9965606916418389,Bull,1.0,0.0,0.0,0.0,0.761937928234727,0.0,0.0,0.14111826901320687,0.09350449439390508,0.0,0.0,0.7668546444031721,0.0,0.0,0.13623410226643573,0.09691125333039222,0.0,0.0
2018-03-28,774054878.9088193,2671916.208819225,0.0,771382962.7,0.9965481566209028,Bull,1.0,0.0,0.0,0.0,0.7623056565857621,0.0,0.0,0.14169124565768612,0.09255125437745466,0.0,0.0,0.7668546444031721,0.0,0.0,0.13623410226643573,0.09691125333039222,0.0,0.0
2018-03-29,772920627.6088192,2671916.208819225,0.0,770248711.4,0.9965430910841578,Bull,1.0,0.0,0.0,0.0,0.7612083186603347,0.0,0.0,0.14281673441877288,0.09251803800505021,0.0,0.0,0.7668546444031721,0.0,0.0,0.13623410226643573,0.09691125333039222,0.0,0.0
2018-03-30,776167174.2088193,2671916.208819225,0.0,773495258.0,0.9965575506184697,Bull,1.0,0.0,0.0,0.0,0.7603347933408318,0.0,0.0,0.1432500673754165,0.09297268990222139,0.0,0.0,0.7668546444031721,0.0,0.0,0.13623410226643573,0.09691125333039222,0.0,0.0
2018-03-31,777305625.4088193,2671916.208819225,0.0,774633709.2,0.9965625924713796,Bull,1.0,0.0,0.0,0.0,0.760011815030018,0.0,0.0,0.1436022027259775,0.09294857471538409,0.0,0.0,0.7668546444031721,0.0,0.0,0.13623410226643573,0.09691125333039222,0.0,0.0
2018-04-02,776330677.3088193,2671916.208819225,0.0,773658761.1,0.9965582756331599,Bull,1.0,0.0,0.0,0.0,0.7609636310494526,0.0,0.0,0.14331470242253697,0.09227994216117029,0.0,0.0,0.7668546444031721,0.0,0.0,0.13623410226643573,0.09691125333039222,0.0,0.0
2018-04-03,773277376.4088192,2671916.208819225,0.0,770605460.1999999,0.9965446859169371,Bull,1.0,0.0,0.0,0.0,0.7616642852468724,0.0,0.0,0.14308087030016226,0.0917995303699026,0.0,0.0,0.7668546444031721,0.0,0.0,0.13623410226643573,0.09691125333039222,0.0,0.0
2018-04-09,777701069.9088192,2671916.208819225,0.0,775029153.6999999,0.9965643403202049,Bull,1.0,0.0,0.0,0.0,0.7609738196314763,0.0,0.0,0.14352918405151108,0.09206133663721747,0.0,0.0,0.7668546444031721,0.0,0.0,0.13623410226643573,0.09691125333039222,0.0,0.0
2018-04-10,782127018.6088192,2671916.208819225,0.0,779455102.4,0.996583782243488,Bull,1.0,0.0,0.0,0.0,0.7617601594428307,0.0,0.0,0.1429491595864673,0.09187446321418992,0.0,0.0,0.7668546444031721,0.0,0.0,0.13623410226643573,0.09691125333039222,0.0,0.0
2018-04-11,780645418.9088193,2671916.208819225,0.0,777973502.7,0.9965772985479706,Bull,1.0,0.0,0.0,0.0,0.7609174899537597,0.0,0.0,0.1432204651329145,0.09243934346129645,0.0,0.0,0.7668546444031721,0.0,0.0,0.13623410226643573,0.09691125333039222,0.0,0.0
2018-04-12,781053717.0088192,2671916.208819225,0.0,778381800.8,0.9965790877750997,Bull,1.0,0.0,0.0,0.0,0.7621082748054815,0.0,0.0,0.14247009850507314,0.09200071446454511,0.0,0.0,0.7668546444031721,0.0,0.0,0.13623410226643573,0.09691125333039222,0.0,0.0
2018-04-13,779597663.0088192,2671916.208819225,0.0,776925746.8,0.9965726985397735,Bull,1.0,0.0,0.0,0.0,0.7620495481055326,0.0,0.0,0.14235060630081003,0.09217254413343093,0.0,0.0,0.7668546444031721,0.0,0.0,0.13623410226643573,0.09691125333039222,0.0,0.0
2018-04-16,779208362.1088192,2671916.208819225,0.0,776536445.9,0.996570986223007,Bull,1.0,0.0,0.0,0.0,0.7609386330189244,0.0,0.0,0.1436373189028604,0.0919950343012222,0.0,0.0,0.7668546444031721,0.0,0.0,0.13623410226643573,0.09691125333039222,0.0,0.0
2018-04-17,775701009.3088193,2671916.208819225,0.0,773029093.1,0.9965554818457694,Bull,1.0,0.0,0.0,0.0,0.7618189044597925,0.0,0.0,0.14333615486599816,0.09140042251997868,0.0,0.0,0.7668546444031721,0.0,0.0,0.13623410226643573,0.09691125333039222,0.0,0.0
2018-04-18,775647259.3088193,2671916.208819225,0.0,772975343.1,0.9965552431511198,Bull,1.0,0.0,0.0,0.0,0.7610732017876775,0.0,0.0,0.14385069844690335,0.09163134291653892,0.0,0.0,0.7668546444031721,0.0,0.0,0.13623410226643573,0.09691125333039222,0.0,0.0
2018-04-19,782564665.1088192,2671916.208819225,0.0,779892748.9,0.9965856927510933,Bull,1.0,0.0,0.0,0.0,0.761958500665353,0.0,0.0,0.14263715827813198,0.09199003380760837,0.0,0.0,0.7668546444031721,0.0,0.0,0.13623410226643573,0.09691125333039222,0.0,0.0
2018-04-20,777394762.9088193,2671916.208819225,0.0,774722846.7,0.9965629866107901,Bull,0.5,0.0,0.0,0.0,0.7627962329990025,0.0,0.0,0.14329373609771232,0.09047301751407527,0.0,0.0,0.38342732220158604,0.0,0.0,0.06811705113321787,0.04845562666519611,0.0,0.0
2018-04-23,777010117.2968616,157093321.29686162,0.0,619916796.0,0.7978233258488665,Bull,0.5,0.0,0.0,0.0,0.611495571837542,0.0,0.0,0.11337561511614543,0.07295213889517903,0.0,0.0,0.38342732220158604,0.0,0.0,0.06811705113321787,0.04845562666519611,0.0,0.0
2018-04-24,775449741.9784074,311580692.87840736,0.0,463869049.1,0.5981935694717357,Bear,0.5,0.0,0.0,0.0,0.4592307274375443,0.0,0.0,0.08254074575703743,0.05642209627715409,0.0,0.0,0.37684942534068505,0.0,0.0,0.08680885466041789,0.036341719998897085,0.0,0.0
2018-04-25,775093024.7959921,366690278.79599214,0.0,408402746.0,0.5269080393382374,Bear,0.5,0.0,0.0,0.0,0.4002952369254818,0.0,0.0,0.08527944115791479,0.04133336125484077,0.0,0.0,0.37269234368289367,0.0,0.0,0.10005136631793353,0.027256289999172813,0.0,0.0
2018-04-26,775453049.3402387,382366356.44023865,0.0,393086692.90000004,0.5069123053090592,Bear,0.5,0.0,0.0,0.0,0.37966288629658096,0.0,0.0,0.09656535629553599,0.030684062716942254,0.0,0.0,0.37269234368289367,0.0,0.0,0.10005136631793353,0.027256289999172813,0.0,0.0
2018-04-27,777217906.5402386,382366356.44023865,0.0,394851550.1,0.5080319776183096,Bear,0.5,0.0,0.0,0.0,0.38095242995365936,0.0,0.0,0.09640706855757539,0.03067247910707495,0.0,0.0,0.37269234368289367,0.0,0.0,0.10005136631793353,0.027256289999172813,0.0,0.0
2018-04-30,778618949.1402386,382366356.44023865,0.0,396252592.7,0.5089172221374105,Bear,0.5,0.0,0.0,0.0,0.38124488625376973,0.0,0.0,0.09674578313715365,0.030926552746487167,0.0,0.0,0.37269234368289367,0.0,0.0,0.10005136631793353,0.027256289999172813,0.0,0.0
2018-05-02,781463108.4402387,382366356.44023865,0.0,399096752.0,0.510704533188492,Bear,0.5,0.0,0.0,0.0,0.3828743145625806,0.0,0.0,0.09724732898995402,0.03058288963595736,0.0,0.0,0.37269234368289367,0.0,0.0,0.10005136631793353,0.027256289999172813,0.0,0.0
2018-05-03,778869807.8402387,382366356.44023865,0.0,396503451.40000004,0.509075390275406,Bear,0.5,0.0,0.0,0.0,0.38196589263737823,0.0,0.0,0.09675326895641771,0.030356228681610097,0.0,0.0,0.37269234368289367,0.0,0.0,0.10005136631793353,0.027256289999172813,0.0,0.0
2018-05-04,776787606.0402386,382366356.44023865,0.0,394421249.6,0.5077594525620798,Bear,0.5,0.0,0.0,0.0,0.38054597846491306,0.0,0.0,0.09662087733685096,0.03059259676031571,0.0,0.0,0.37269234368289367,0.0,0.0,0.10005136631793353,0.027256289999172813,0.0,0.0
2018-05-07,776668509.1402386,382366356.44023865,0.0,394302152.7,0.5076839707798724,Bear,0.5,0.0,0.0,0.0,0.3806660746774476,0.0,0.0,0.09620745417207072,0.03081044193035408,0.0,0.0,0.37269234368289367,0.0,0.0,0.10005136631793353,0.027256289999172813,0.0,0.0
2018-05-08,777869457.2402387,382366356.44023865,0.0,395503100.8,0.5084440546144905,Bull,0.5,0.0,0.0,0.0,0.38069498428518755,0.0,0.0,0.09679271926567834,0.03095635106362466,0.0,0.0,0.37269234368289367,0.0,0.0,0.10005136631793353,0.027256289999172813,0.0,0.0
2018-05-09,776526509.1402386,382366356.44023865,0.0,394160152.7,0.5075939431049298,Bull,1.0,0.0,0.0,0.0,0.380990473882934,0.0,0.0,0.09541915070232142,0.031184318519674327,0.0,0.0,0.7453846873657873,0.0,0.0,0.20010273263586706,0.05451257999834563,0.0,0.0
2018-05-10,775827633.1677909,226947332.36779085,0.0,548880300.8000001,0.7074771216370065,Bull,1.0,0.0,0.0,0.0,0.5297027113123215,0.0,0.0,0.13702463724569156,0.04074977307899339,0.0,0.0,0.7453846873657873,0.0,0.0,0.20010273263586706,0.05451257999834563,0.0,0.0
2018-05-11,778836300.9913561,71516041.6913561,0.0,707320259.3000001,0.9081757724950346,Bull,1.0,0.0,0.0,0.0,0.6788859977725515,0.0,0.0,0.17878981735026425,0.050499957372218726,0.0,0.0,0.7590385155243404,0.0,0.0,0.1737708568562925,0.06719062761936702,0.0,0.0
2018-05-14,781696245.7583537,14881481.55835383,0.0,766814764.1999999,0.9809625776775777,Bull,1.0,0.0,0.0,0.0,0.7397071014957227,0.0,0.0,0.17782610669332935,0.06342936948852569,0.0,0.0,0.7590385155243404,0.0,0.0,0.1737708568562925,0.06719062761936702,0.0,0.0
2018-05-15,780841561.6934453,1417857.29344533,0.0,779423704.4,0.9981841933588033,Bull,1.0,0.0,0.0,0.0,0.7544937197276054,0.0,0.0,0.1781271730699777,0.0655633005612203,0.0,0.0,0.7590385155243404,0.0,0.0,0.1737708568562925,0.06719062761936702,0.0,0.0
2018-05-16,783065675.8934454,1417857.29344533,0.0,781647818.6,0.9981893507312428,Bull,1.0,0.0,0.0,0.0,0.754657861776095,0.0,0.0,0.1780743356435593,0.06545715331158859,0.0,0.0,0.7590385155243404,0.0,0.0,0.1737708568562925,0.06719062761936702,0.0,0.0
2018-05-17,781951723.0934453,1417857.29344533,0.0,780533865.8,0.9981867713164744,Bull,1.0,0.0,0.0,0.0,0.754608051077196,0.0,0.0,0.17846932985570374,0.06510939038357466,0.0,0.0,0.7590385155243404,0.0,0.0,0.1737708568562925,0.06719062761936702,0.0,0.0
2018-05-18,785734788.4934454,1417857.29344533,0.0,784316931.2,0.9981955014411874,Bull,1.0,0.0,0.0,0.0,0.7538899764585663,0.0,0.0,0.17970911059028147,0.06459641439233972,0.0,0.0,0.7590385155243404,0.0,0.0,0.1737708568562925,0.06719062761936702,0.0,0.0
2018-05-21,789283585.0934453,1417857.29344533,0.0,787865727.8,0.9982036148727488,Bull,1.0,0.0,0.0,0.0,0.7538774263619756,0.0,0.0,0.17914638372120664,0.06517980478956654,0.0,0.0,0.7590385155243404,0.0,0.0,0.1737708568562925,0.06719062761936702,0.0,0.0
2018-05-22,788197891.6934453,1417857.29344533,0.0,786780034.4,0.9982011404643584,Bull,1.0,0.0,0.0,0.0,0.7538558408515739,0.0,0.0,0.17931435936264806,0.06503094025013649,0.0,0.0,0.7590385155243404,0.0,0.0,0.1737708568562925,0.06719062761936702,0.0,0.0
2018-05-23,788031442.3934454,1417857.29344533,0.0,786613585.1,0.9982007605062826,Bull,1.0,0.0,0.0,0.0,0.7536307603364479,0.0,0.0,0.1798435853898852,0.06472641477994946,0.0,0.0,0.7590385155243404,0.0,0.0,0.1737708568562925,0.06719062761936702,0.0,0.0
2018-05-24,791168551.5934453,1417857.29344533,0.0,789750694.3,0.9982078947771752,Bull,1.0,0.0,0.0,0.0,0.7540445624367541,0.0,0.0,0.17953506836681096,0.06462826397361017,0.0,0.0,0.7590385155243404,0.0,0.0,0.1737708568562925,0.06719062761936702,0.0,0.0
2018-05-25,792879056.7934453,1417857.29344533,0.0,791461199.5,0.9982117609472756,Bull,1.0,0.0,0.0,0.0,0.7530012861161194,0.0,0.0,0.1804843989431794,0.06472607588797678,0.0,0.0,0.7590385155243404,0.0,0.0,0.1737708568562925,0.06719062761936702,0.0,0.0
2018-05-28,798194511.3934454,1417857.29344533,0.0,796776654.1,0.9982236694524871,Bull,1.0,0.0,0.0,0.0,0.7538752090007687,0.0,0.0,0.17977848500798196,0.06456997544373647,0.0,0.0,0.7590385155243404,0.0,0.0,0.1737708568562925,0.06719062761936702,0.0,0.0
2018-05-29,796570908.2934453,1417857.29344533,0.0,795153051.0,0.9982200488635934,Bull,1.0,0.0,0.0,0.0,0.7547943249497998,0.0,0.0,0.17899963269493818,0.06442609121885538,0.0,0.0,0.7590385155243404,0.0,0.0,0.1737708568562925,0.06719062761936702,0.0,0.0
2018-05-30,786147502.9934454,1417857.29344533,0.0,784729645.7,0.9981964487732309,Bull,1.0,0.0,0.0,0.0,0.7541267299616966,0.0,0.0,0.17994587461175143,0.06412384419978283,0.0,0.0,0.7590385155243404,0.0,0.0,0.1737708568562925,0.06719062761936702,0.0,0.0
2018-05-31,785371974.2934453,1417857.29344533,0.0,783954117.0,0.9981946678263878,Bull,1.0,0.0,0.0,0.0,0.7527481070760866,0.0,0.0,0.18097997465197588,0.06446658609832515,0.0,0.0,0.7590385155243404,0.0,0.0,0.1737708568562925,0.06719062761936702,0.0,0.0
2018-06-01,792203901.2934453,1417857.29344533,0.0,790786044.0,0.9982102369211634,Bull,1.0,0.0,0.0,0.0,0.7531115323036044,0.0,0.0,0.1807131974056898,0.06438550721186914,0.0,0.0,0.7590385155243404,0.0,0.0,0.1737708568562925,0.06719062761936702,0.0,0.0
2018-06-04,796213459.2934453,1417857.29344533,0.0,794795602.0,0.9982192497791942,Bull,1.0,0.0,0.0,0.0,0.7536136132796213,0.0,0.0,0.17956001412845868,0.06504562237111426,0.0,0.0,0.7590385155243404,0.0,0.0,0.1737708568562925,0.06719062761936702,0.0,0.0
2018-06-05,799617206.7934453,1417857.29344533,0.0,798199349.5,0.9982268299363752,Bull,1.0,0.0,0.0,0.0,0.755262198423405,0.0,0.0,0.17827430273999018,0.0646903287729801,0.0,0.0,0.7590385155243404,0.0,0.0,0.1737708568562925,0.06719062761936702,0.0,0.0
2018-06-06,801188911.9934454,1417857.29344533,0.0,799771054.7,0.9982303083926641,Bull,1.0,0.0,0.0,0.0,0.7554382563708666,0.0,0.0,0.1776025577363009,0.06518949428549667,0.0,0.0,0.7590385155243404,0.0,0.0,0.1737708568562925,0.06719062761936702,0.0,0.0
2018-06-07,805521110.6934453,1417857.29344533,0.0,804103253.4,0.9982398260273716,Bull,1.0,0.0,0.0,0.0,0.7550779182886899,0.0,0.0,0.17820625442879295,0.06495565330988881,0.0,0.0,0.7590385155243404,0.0,0.0,0.1737708568562925,0.06719062761936702,0.0,0.0
2018-06-08,803337962.5934453,1417857.29344533,0.0,801920105.3,0.9982350425854792,Bull,1.0,0.0,0.0,0.0,0.7554160061611801,0.0,0.0,0.1783893039703453,0.06442973245395377,0.0,0.0,0.7590385155243404,0.0,0.0,0.1737708568562925,0.06719062761936702,0.0,0.0
2018-06-11,800684058.1934454,1417857.29344533,0.0,799266200.9000001,0.9982291925523727,Bull,1.0,0.0,0.0,0.0,0.7552461482302938,0.0,0.0,0.17826144849447736,0.06472159582760158,0.0,0.0,0.7590385155243404,0.0,0.0,0.1737708568562925,0.06719062761936702,0.0,0.0
2018-06-12,799521703.3934454,1417857.29344533,0.0,798103846.1,0.9982266181300301,Bull,1.0,0.0,0.0,0.0,0.7547891990156916,0.0,0.0,0.1787393630384988,0.0646980560758397,0.0,0.0,0.7590385155243404,0.0,0.0,0.1737708568562925,0.06719062761936702,0.0,0.0
2018-06-13,799918600.5934453,1417857.29344533,0.0,798500743.3,0.9982274980324329,Bull,1.0,0.0,0.0,0.0,0.7533150783754106,0.0,0.0,0.17985455006705203,0.06505786958997042,0.0,0.0,0.7590385155243404,0.0,0.0,0.1737708568562925,0.06719062761936702,0.0,0.0
2018-06-14,792067302.8934454,1417857.29344533,0.0,790649445.6,0.9982099282620733,Bull,1.0,0.0,0.0,0.0,0.7537409932452603,0.0,0.0,0.17975568424537505,0.06471325077143791,0.0,0.0,0.7590385155243404,0.0,0.0,0.1737708568562925,0.06719062761936702,0.0,0.0
2018-06-15,790729644.1934453,1417857.29344533,0.0,789311786.9,0.9982069000399099,Bull,1.0,0.0,0.0,0.0,0.7539205609372065,0.0,0.0,0.17930502674478493,0.06498131235791847,0.0,0.0,0.7590385155243404,0.0,0.0,0.1737708568562925,0.06719062761936702,0.0,0.0
2018-06-19,782715844.0934453,1417857.29344533,0.0,781297986.8,0.9981885414685996,Bull,1.0,0.0,0.0,0.0,0.7530565418446166,0.0,0.0,0.18056680603379593,0.0645651935901871,0.0,0.0,0.7590385155243404,0.0,0.0,0.1737708568562925,0.06719062761936702,0.0,0.0
2018-06-20,787280196.1934453,1417857.29344533,0.0,785862338.9,0.9981990436183956,Bull,1.0,0.0,0.0,0.0,0.7517316474636446,0.0,0.0,0.1815597555878036,0.06490764056694742,0.0,0.0,0.7590385155243404,0.0,0.0,0.1737708568562925,0.06719062761936702,0.0,0.0
2018-06-21,788304302.0934453,1417857.29344533,0.0,786886444.8,0.9982013832860228,Bull,1.0,0.0,0.0,0.0,0.7513968821773415,0.0,0.0,0.18218002821831122,0.06462447289037013,0.0,0.0,0.7590385155243404,0.0,0.0,0.1737708568562925,0.06719062761936702,0.0,0.0
2018-06-22,788391558.7934453,1417857.29344533,0.0,786973701.5,0.9982015823512681,Bull,1.0,0.0,0.0,0.0,0.7513637670177005,0.0,0.0,0.18230002388655067,0.06453779144701698,0.0,0.0,0.7590385155243404,0.0,0.0,0.1737708568562925,0.06719062761936702,0.0,0.0
2018-06-25,787599150.8934454,1417857.29344533,0.0,786181293.6,0.9981997729532378,Bull,1.0,0.0,0.0,0.0,0.7516750023516652,0.0,0.0,0.182121069883436,0.06440370071813664,0.0,0.0,0.7590385155243404,0.0,0.0,0.1737708568562925,0.06719062761936702,0.0,0.0
2018-06-26,786339698.7934453,1417857.29344533,0.0,784921841.5,0.9981968895941272,Bear,1.0,0.0,0.0,0.0,0.7513751911630243,0.0,0.0,0.1824743176774176,0.06434738075368525,0.0,0.0,0.7423925929539901,0.0,0.0,0.20721443633148467,0.05039297071452527,0.0,0.0
2018-06-27,785132026.2794172,272334.47941720486,0.0,784859691.8,0.9996531354341668,Bear,1.0,0.0,0.0,0.0,0.7442515045132592,0.0,0.0,0.20153756910138695,0.0538640618195206,0.0,0.0,0.7294043398513173,0.0,0.0,0.23280093211278877,0.037794728035893954,0.0,0.0
2018-06-28,784373677.2158418,6036285.415841831,0.0,778337391.8,0.9923043243403223,Bear,1.0,0.0,0.0,0.0,0.732388348164723,0.0,0.0,0.2181750930340166,0.04174088314158275,0.0,0.0,0.7294043398513173,0.0,0.0,0.23280093211278877,0.037794728035893954,0.0,0.0
2018-06-29,792469878.9158418,6036285.415841831,0.0,786433593.5,0.9923829465618303,Bull,1.0,0.0,0.0,0.0,0.7349272937626063,0.0,0.0,0.2154186607490343,0.04203699205018965,0.0,0.0,0.7294043398513173,0.0,0.0,0.23280093211278877,0.037794728035893954,0.0,0.0
2018-07-02,784164429.2303455,1462694.8303454574,0.0,782701734.4,0.9981347090280783,Bull,1.0,0.0,0.0,0.0,0.730127589390845,0.0,0.0,0.22883427672959272,0.03917284290764063,0.0,0.0,0.7470532548884878,0.0,0.0,0.20223290675390787,0.05071383835760418,0.0,0.0
2018-07-03,783306084.9363797,306799.5363797117,0.0,782999285.4,0.9996083273929826,Bear,1.0,0.0,0.0,0.0,0.7407928989178342,0.0,0.0,0.2109525295126756,0.0478628989624727,0.0,0.0,0.7332134509948522,0.0,0.0,0.22875117023694458,0.038035378768203135,0.0,0.0
2018-07-04,786477404.9332535,141020.53325358592,0.0,786336384.4,0.9998206934714602,Bear,1.0,0.0,0.0,0.0,0.7349641334566455,0.0,0.0,0.2243882645490332,0.040468295465781526,0.0,0.0,0.7332134509948522,0.0,0.0,0.22875117023694458,0.038035378768203135,0.0,0.0
2018-07-05,784863749.7332536,141020.53325358592,0.0,784722729.2,0.9998203248228734,Bear,1.0,0.0,0.0,0.0,0.7350258938523604,0.0,0.0,0.2245667481265409,0.04022768284397208,0.0,0.0,0.7332134509948522,0.0,0.0,0.22875117023694458,0.038035378768203135,0.0,0.0
2018-07-06,784957504.0332536,141020.53325358592,0.0,784816483.5,0.9998203462830422,Bear,1.0,0.0,0.0,0.0,0.7344311386767475,0.0,0.0,0.22506670627677156,0.0403225013295231,0.0,0.0,0.7332134509948522,0.0,0.0,0.22875117023694458,0.038035378768203135,0.0,0.0
2018-07-09,787818756.1332536,141020.53325358592,0.0,787677735.6,0.9998209987612561,Bear,1.0,0.0,0.0,0.0,0.7340905266568442,0.0,0.0,0.22490921753331555,0.040821254571096324,0.0,0.0,0.7332134509948522,0.0,0.0,0.22875117023694458,0.038035378768203135,0.0,0.0
2018-07-10,790771356.3332535,141020.53325358592,4631200.0,785999135.8,0.9939651069869526,Bear,1.0,0.0,0.0,0.0,0.7345031925451081,0.0,0.0,0.21869418842115898,0.04076772602068557,0.0,0.0,0.7332134509948522,0.0,0.0,0.22875117023694458,0.038035378768203135,0.0,0.0
2018-07-11,788665910.1332536,141020.53325358592,6626200.0,781898689.6,0.9914194078299768,Bear,1.0,0.0,0.0,0.0,0.7345776990691977,0.0,0.0,0.2163369784439806,0.04050473031679865,0.0,0.0,0.7332134509948522,0.0,0.0,0.22875117023694458,0.038035378768203135,0.0,0.0
2018-07-12,791688911.2332536,141020.53325358592,6626200.0,784921690.7,0.9914521721382811,Bear,1.0,0.0,0.0,0.0,0.7372820718061395,0.0,0.0,0.2133508472878372,0.04081925304430437,0.0,0.0,0.7332134509948522,0.0,0.0,0.22875117023694458,0.038035378768203135,0.0,0.0
2018-07-13,793214006.1043853,1070014.5043852115,6626200.0,785517791.6,0.9902974298926178,Bull,1.0,0.0,0.0,0.0,0.7352099018827145,0.0,0.0,0.2159982031097078,0.03908932490019553,0.0,0.0,0.7499100882461393,0.0,0.0,0.1826410892674156,0.06744882248644522,0.0,0.0
2018-07-16,792654666.3298072,449466.9298072164,6626200.0,785578999.4,0.9910734557804733,Bull,1.0,0.0,0.0,0.0,0.7391947897222222,0.0,0.0,0.1917743078506668,0.06010435820758438,0.0,0.0,0.7624325661846045,0.0,0.0,0.15402384081416023,0.08354359300123537,0.0,0.0
2018-07-17,794696081.6423758,1839535.6423758487,6626200.0,786230346.0,0.9893472034933406,Bear,1.0,0.0,0.0,0.0,0.7488728203743868,0.0,0.0,0.1635021274189097,0.07697225570004401,0.0,0.0,0.7624325661846045,0.0,0.0,0.15402384081416023,0.08354359300123537,0.0,0.0
2018-07-18,798473943.6423758,1839535.6423758487,6626200.0,790008208.0,0.9893976056328677,Bull,1.0,0.0,0.0,0.0,0.74933047316567,0.0,0.0,0.1629950495395138,0.07707208292768392,0.0,0.0,0.7718244246384534,0.0,0.0,0.12511405646628337,0.10306151889526331,0.0,0.0
2018-07-19,796475486.2543168,165237.75431684824,6626200.0,789684048.5,0.9914731364975766,Bull,1.0,0.0,0.0,0.0,0.7559908106295927,0.0,0.0,0.157984272173597,0.07749805369438695,0.0,0.0,0.7718244246384534,0.0,0.0,0.12511405646628337,0.10306151889526331,0.0,0.0
2018-07-20,798196835.5543168,165237.75431684824,6626200.0,791405397.8,0.9914915250827818,Bull,1.0,0.0,0.0,0.0,0.7553970661651028,0.0,0.0,0.15751027115096167,0.07858418776671731,0.0,0.0,0.7718244246384534,0.0,0.0,0.12511405646628337,0.10306151889526331,0.0,0.0
2018-07-23,799748283.6543168,165237.75431684824,7144900.0,792438145.9,0.9908594517753582,Bull,1.0,0.0,0.0,0.0,0.754798613810994,0.0,0.0,0.15772175142863046,0.07833908653573367,0.0,0.0,0.7718244246384534,0.0,0.0,0.12511405646628337,0.10306151889526331,0.0,0.0
2018-07-24,802001588.8543168,165237.75431684824,7144900.0,794691451.1,0.9908851330771556,Bull,1.0,0.0,0.0,0.0,0.7547670223006963,0.0,0.0,0.1578605351404081,0.07825757563605128,0.0,0.0,0.7718244246384534,0.0,0.0,0.12511405646628337,0.10306151889526331,0.0,0.0
2018-07-25,801966743.5543168,165237.75431684824,7144900.0,794656605.8,0.9908847370379497,Bull,1.0,0.0,0.0,0.0,0.7556901338751753,0.0,0.0,0.15688742832698072,0.07830717483579368,0.0,0.0,0.7718244246384534,0.0,0.0,0.12511405646628337,0.10306151889526331,0.0,0.0
2018-07-26,806655148.1543168,165237.75431684824,7144900.0,799345010.4,0.9909377163574262,Bull,1.0,0.0,0.0,0.0,0.7564847404696184,0.0,0.0,0.15637128243538995,0.07808169345241776,0.0,0.0,0.7718244246384534,0.0,0.0,0.12511405646628337,0.10306151889526331,0.0,0.0
2018-07-27,809492108.9543169,165237.75431684824,7144900.0,802181971.2,0.990969476201862,Bull,1.0,0.0,0.0,0.0,0.7569602772181938,0.0,0.0,0.15556037990619434,0.0784488190774739,0.0,0.0,0.7718244246384534,0.0,0.0,0.12511405646628337,0.10306151889526331,0.0,0.0
2018-07-30,811889458.3543168,165237.75431684824,7144900.0,804579320.6,0.9909961415570855,Bull,1.0,0.0,0.0,0.0,0.7578148284461325,0.0,0.0,0.15510104079346856,0.07808027231748443,0.0,0.0,0.7718244246384534,0.0,0.0,0.12511405646628337,0.10306151889526331,0.0,0.0
2018-07-31,816495452.4543169,165237.75431684824,7144900.0,809185314.7,0.9910469339022733,Bull,1.0,0.0,0.0,0.0,0.7592461940070447,0.0,0.0,0.15416093209293477,0.07763980780229371,0.0,0.0,0.7718244246384534,0.0,0.0,0.12511405646628337,0.10306151889526331,0.0,0.0
2018-08-01,817799952.4543169,4796437.754316848,2513700.0,810489814.7,0.9910612152368337,Bull,1.0,4631200.0,0.0,0.0,0.7589062127448207,0.0,0.0,0.1540953868018714,0.07805961569014155,0.0,0.0,0.7718244246384534,0.0,0.0,0.12511405646628337,0.10306151889526331,0.0,0.0
2018-08-02,812580600.0020797,104737.10207972303,2513700.0,809962162.9,0.9967776278413821,Bull,1.0,0.0,0.0,0.0,0.7656620314322143,0.0,0.0,0.15374007206138107,0.07737552434778663,0.0,0.0,0.7718244246384534,0.0,0.0,0.12511405646628337,0.10306151889526331,0.0,0.0
2018-08-03,815177808.0020797,2099737.102079723,518699.99999999994,812559370.9,0.9967878945226719,Bull,1.0,1995000.0,0.0,0.0,0.7657070822742608,0.0,0.0,0.1533155083138391,0.07776530393457211,0.0,0.0,0.7718244246384534,0.0,0.0,0.12511405646628337,0.10306151889526331,0.0,0.0
2018-08-06,817636067.2020798,2099737.102079723,518699.99999999994,815017630.1,0.9967975518606463,Bull,1.0,0.0,0.0,0.0,0.7658348930750388,0.0,0.0,0.15329521901951781,0.0776674397660897,0.0,0.0,0.7718244246384534,0.0,0.0,0.12511405646628337,0.10306151889526331,0.0,0.0
2018-08-07,815521062.8020798,2099737.102079723,518699.99999999994,812902625.7,0.9967892465056843,Bull,1.0,0.0,0.0,0.0,0.7658511278102665,0.0,0.0,0.15325097744327845,0.07768714125213938,0.0,0.0,0.7718244246384534,0.0,0.0,0.12511405646628337,0.10306151889526331,0.0,0.0
2018-08-08,821028615.9020797,2099737.102079723,518699.99999999994,818410178.8,0.9968107846043797,Bull,1.0,0.0,0.0,0.0,0.7667703860824777,0.0,0.0,0.15228774926757493,0.07775264925432705,0.0,0.0,0.7718244246384534,0.0,0.0,0.12511405646628337,0.10306151889526331,0.0,0.0
2018-08-09,822549410.9020797,2099737.102079723,5861700.0,814587973.8,0.9903210226685975,Bull,1.0,0.0,0.0,0.0,0.7608352951267279,0.0,0.0,0.1518768335910605,0.07760889395080911,0.0,0.0,0.7718244246384534,0.0,0.0,0.12511405646628337,0.10306151889526331,0.0,0.0
2018-08-10,827687761.4020798,2099739.102079723,8374521.6,817213500.7,0.9873451545491785,Bull,1.0,2.0,27920.0,2.0,0.7586235172021262,0.0,0.0,0.15199741480638482,0.07672422254066741,0.0,0.0,0.7718244246384534,0.0,0.0,0.12511405646628337,0.10306151889526331,0.0,0.0
2018-08-13,820653971.0020797,2099739.102079723,8374521.6,810179710.3,0.9872366904052265,Bear,1.0,0.0,0.0,0.0,0.7588331773251381,0.0,0.0,0.15260183271529265,0.07580168036479575,0.0,0.0,0.7718244246384534,0.0,0.0,0.12511405646628337,0.10306151889526331,0.0,0.0
2018-08-14,821839964.5020797,2099739.102079723,8374521.6,811365703.8,0.9872551090790216,Bull,1.0,0.0,0.0,0.0,0.7583312819030266,0.0,0.0,0.15269055463374517,0.07623327254224986,0.0,0.0,0.7718244246384534,0.0,0.0,0.12511405646628337,0.10306151889526331,0.0,0.0
2018-08-15,816745770.4020797,2099739.102079723,8374521.6,806271509.6999999,0.9871756168422845,Bear,1.0,0.0,0.0,0.0,0.7581863073440204,0.0,0.0,0.15300636321444216,0.07598294628382195,0.0,0.0,0.7718244246384534,0.0,0.0,0.12511405646628337,0.10306151889526331,0.0,0.0
2018-08-16,815626274.2520797,2099741.102079723,12250490.6,801276042.55,0.9824058736763491,Bear,1.0,2.0,348837.0,2.0,0.7540203914028482,0.0,0.0,0.15225281960647108,0.0761326626670299,0.0,0.0,0.7718244246384534,0.0,0.0,0.12511405646628337,0.10306151889526331,0.0,0.0
2018-08-17,818252996.1520798,2099741.102079723,12250490.6,803902764.45,0.9824623536124362,Bear,1.0,0.0,0.0,0.0,0.7538051401590731,0.0,0.0,0.1529047868915426,0.07575242656182049,0.0,0.0,0.7718244246384534,0.0,0.0,0.12511405646628337,0.10306151889526331,0.0,0.0
2018-08-20,824010756.7520797,2099741.102079723,12250490.6,809660525.05,0.9825848976066252,Bear,1.0,0.0,0.0,0.0,0.7548682707756776,0.0,0.0,0.1522237409793175,0.07549288585162998,0.0,0.0,0.7718244246384534,0.0,0.0,0.12511405646628337,0.10306151889526331,0.0,0.0
2018-08-21,837333006.0520797,2099747.102079723,25346282.6,809886976.3499999,0.9672220854741121,Bear,1.0,6.0,523831.0,6.0,0.7418495650598593,0.0,0.0,0.15054978018167292,0.07482274023257988,0.0,0.0,0.7718244246384534,0.0,0.0,0.12511405646628337,0.10306151889526331,0.0,0.0
2018-08-22,840239925.1020797,2099747.102079723,25346282.6,812793895.4,0.9673354849226602,Bear,1.0,0.0,0.0,0.0,0.741909098552138,0.0,0.0,0.1507743160200451,0.07465207035047702,0.0,0.0,0.7718244246384534,0.0,0.0,0.12511405646628337,0.10306151889526331,0.0,0.0
2018-08-23,841379683.5520798,2099747.102079723,25346282.6,813933653.85,0.9673797332659496,Bull,1.0,0.0,0.0,0.0,0.7412252946459423,0.0,0.0,0.15125121569698904,0.07490322292301826,0.0,0.0,0.7718244246384534,0.0,0.0,0.12511405646628337,0.10306151889526331,0.0,0.0
2018-08-24,837887970.1520798,2099747.102079723,25346282.6,810441940.45,0.967243795495598,Bear,1.0,0.0,0.0,0.0,0.7406075305477516,0.0,0.0,0.15164199096561598,0.07499427398223045,0.0,0.0,0.772826977623449,0.0,0.0,0.14987688320510356,0.07729613917144748,0.0,0.0
2018-08-27,835578892.5093422,1171488.5093422232,24827582.6,809579821.4,0.9688849594665275,Bull,1.0,518699.99999999994,0.0,0.0,0.7386582247745078,0.0,0.0,0.15261958044084292,0.0776071542511768,0.0,0.0,0.772826977623449,0.0,0.0,0.14987688320510356,0.07729613917144748,0.0,0.0
2018-08-28,840520492.7942795,1342983.8442794732,24827582.6,814349926.3499999,0.968863856778463,Bull,1.0,0.0,0.0,0.0,0.7392481583457102,0.0,0.0,0.15203876775825084,0.07757693067450191,0.0,0.0,0.772826977623449,0.0,0.0,0.14987688320510356,0.07729613917144748,0.0,0.0
2018-08-29,841675060.4751441,1515476.8251442232,24827582.6,815332001.05,0.9687016276681966,Bull,1.0,0.0,0.0,0.0,0.7391524713810529,0.0,0.0,0.15138775756058281,0.0781613987265609,0.0,0.0,0.772826977623449,0.0,0.0,0.14987688320510356,0.07729613917144748,0.0,0.0
2018-08-30,838983998.4997513,4553858.299751223,22314761.0,812115379.2,0.9679748131695038,Bull,1.0,2512821.6,0.0,0.0,0.7383485028411823,0.0,0.0,0.15157070960518168,0.07805560072313991,0.0,0.0,0.7796202332175868,0.0,0.0,0.12251188621953013,0.09786788056288315,0.0,0.0
2018-08-31,843230724.1831933,1390376.2331932234,22314761.0,819525586.95,0.9718877211736378,Bull,1.0,0.0,0.0,0.0,0.7436346529680898,0.0,0.0,0.15112281413066173,0.07713025407488622,0.0,0.0,0.7796202332175868,0.0,0.0,0.12251188621953013,0.09786788056288315,0.0,0.0
2018-09-03,839679955.1831933,1390376.2331932234,22314761.0,815974817.95,0.9717688422989429,Bull,1.0,0.0,0.0,0.0,0.7426935871226598,0.0,0.0,0.1520642468738495,0.07701100830243363,0.0,0.0,0.7796202332175868,0.0,0.0,0.12251188621953013,0.09786788056288315,0.0,0.0
2018-09-04,843031076.9050369,295867.7050369759,22314761.0,820420448.1999999,0.9731793651213358,Bull,1.0,0.0,0.0,0.0,0.7473518657378876,0.0,0.0,0.12933639457312934,0.09649110481031899,0.0,0.0,0.7796202332175868,0.0,0.0,0.12251188621953013,0.09786788056288315,0.0,0.0
2018-09-05,835409337.3567886,396754.9567886009,22314761.0,812697821.4,0.9728139069780484,Bull,1.0,0.0,0.0,0.0,0.7499088092337673,0.0,0.0,0.12449226427018324,0.09841283347409777,0.0,0.0,0.7796202332175868,0.0,0.0,0.12251188621953013,0.09786788056288315,0.0,0.0
2018-09-06,837598815.2000879,5999841.250087851,16971761.0,814627212.95,0.9725744570870718,Bull,1.0,5343000.0,0.0,0.0,0.7509354138708362,0.0,0.0,0.12435738698498229,0.09728165623125329,0.0,0.0,0.7796202332175868,0.0,0.0,0.12251188621953013,0.09786788056288315,0.0,0.0
2018-09-07,838753527.7983927,620.7483926014975,16971761.0,821781146.0500001,0.9797647566467558,Bull,1.0,0.0,0.0,0.0,0.7573845295380914,0.0,0.0,0.1249327681220643,0.09744745898660008,0.0,0.0,0.7796202332175868,0.0,0.0,0.12251188621953013,0.09786788056288315,0.0,0.0
2018-09-10,836230338.3842156,1238917.2342156013,16971761.0,818019660.15,0.9782228921885294,Bear,1.0,0.0,0.0,0.0,0.7569245351382812,0.0,0.0,0.12370084563049207,0.09759751141975612,0.0,0.0,0.7518145964540313,0.0,0.0,0.15526851787821355,0.09291688566775516,0.0,0.0
2018-09-11,838416926.6846844,791913.9846843509,16971761.0,820653251.7,0.9788128383155067,Bear,1.0,0.0,0.0,0.0,0.7532466027340958,0.0,0.0,0.13209275299096018,0.09347348259045067,0.0,0.0,0.7378906422479093,0.0,0.0,0.186741849122881,0.07536750862920973,0.0,0.0
2018-09-12,840426337.3176832,579402.7676830981,16971761.0,822875173.5500001,0.9791163567961236,Bear,1.0,0.0,0.0,0.0,0.7485232739823179,0.0,0.0,0.13226049097267054,0.09833259184113526,0.0,0.0,0.7378906422479093,0.0,0.0,0.186741849122881,0.07536750862920973,0.0,0.0
2018-09-13,842057700.6952193,130041.44521922618,16971761.0,824955898.25,0.9796904625050045,Bear,1.0,0.0,0.0,0.0,0.7495486327467813,0.0,0.0,0.13228452148591865,0.09785730827230452,0.0,0.0,0.7378906422479093,0.0,0.0,0.186741849122881,0.07536750862920973,0.0,0.0
2018-09-14,842092941.6872756,6398540.1872756025,13095792.0,822598609.5,0.9768501418047568,Bull,1.0,3875969.0,0.0,0.0,0.7438257447508834,0.0,0.0,0.13256398964267294,0.10046040741120048,0.0,0.0,0.7534179816859319,0.0,0.0,0.15730179540947506,0.08928022290459296,0.0,0.0
2018-09-17,841866213.2123219,1088897.6623218507,13095792.0,827681523.5500001,0.9831508980409167,Bear,1.0,0.0,0.0,0.0,0.7450810636010202,0.0,0.0,0.13211695427899145,0.10595288016090496,0.0,0.0,0.7399524665662396,0.0,0.0,0.18532185194134554,0.07472568149241493,0.0,0.0
2018-09-18,843964651.6664381,71658.61643797392,13095792.0,830797201.0500001,0.9843981017564676,Bear,1.0,0.0,0.0,0.0,0.7463525869315139,0.0,0.0,0.13827308971954744,0.09977242510540629,0.0,0.0,0.7399524665662396,0.0,0.0,0.18532185194134554,0.07472568149241493,0.0,0.0
2018-09-19,848768404.3919425,1007003.5419424833,13095792.0,834665608.85,0.9833844008931438,Bull,1.0,0.0,0.0,0.0,0.7463507189618164,0.0,0.0,0.13796967393466242,0.09906400799666502,0.0,0.0,0.7399524665662396,0.0,0.0,0.18532185194134554,0.07472568149241493,0.0,0.0
2018-09-20,850427856.3896503,408447.73965036473,13095792.0,836923616.65,0.9841206521656283,Bear,1.0,0.0,0.0,0.0,0.7486417711584126,0.0,0.0,0.13709710838373582,0.0983817726234799,0.0,0.0,0.7399524665662396,0.0,0.0,0.18532185194134554,0.07472568149241493,0.0,0.0
2018-09-21,860361171.4975518,13499094.997551741,0.0,846862076.5,0.9843099672035929,Bull,1.0,13095792.0,0.0,0.0,0.7502887716055383,0.0,0.0,0.13580075887970552,0.09822043671834912,0.0,0.0,0.7549643499246796,0.0,0.0,0.15817589321708062,0.08685975685823973,0.0,0.0
2018-09-25,860542372.5057307,687840.3557306184,0.0,859854532.1500001,0.9992006897304455,Bull,1.0,0.0,0.0,0.0,0.750348330053556,0.0,0.0,0.14095691725998327,0.1078954424169063,0.0,0.0,0.7549643499246796,0.0,0.0,0.15817589321708062,0.08685975685823973,0.0,0.0
2018-09-26,856211618.6232344,333963.87323437026,0.0,855877654.75,0.9996099517152414,Bull,1.0,0.0,0.0,0.0,0.7509388342380435,0.0,0.0,0.1409864073020934,0.10768471017510438,0.0,0.0,0.7549643499246796,0.0,0.0,0.15817589321708062,0.08685975685823973,0.0,0.0
2018-09-27,861515311.0001774,458248.50017737225,0.0,861057062.5,0.9994680901264014,Bull,1.0,0.0,0.0,0.0,0.7513559007425078,0.0,0.0,0.14073899610586843,0.10737319327802516,0.0,0.0,0.7549643499246796,0.0,0.0,0.15817589321708062,0.08685975685823973,0.0,0.0
2018-09-28,861025669.8206173,208498.92061724677,0.0,860817170.9000001,0.9997578481943974,Bull,1.0,0.0,0.0,0.0,0.7543821208435321,0.0,0.0,0.1537347893792497,0.09164093797161564,0.0,0.0,0.7549643499246796,0.0,0.0,0.15817589321708062,0.08685975685823973,0.0,0.0
2018-10-01,863278850.1206172,208498.92061724677,0.0,863070351.1999999,0.9997584802169217,Bull,1.0,0.0,0.0,0.0,0.7541562626132168,0.0,0.0,0.15372715314577423,0.0918750644579307,0.0,0.0,0.7549643499246796,0.0,0.0,0.15817589321708062,0.08685975685823973,0.0,0.0
2018-10-02,854318831.7206172,208498.92061724677,0.0,854110332.8,0.9997559471793483,Bull,1.0,0.0,0.0,0.0,0.7536080312116368,0.0,0.0,0.15469095973670166,0.0914569562310099,0.0,0.0,0.7549643499246796,0.0,0.0,0.15817589321708062,0.08685975685823973,0.0,0.0
2018-10-03,854488773.2706172,208498.92061724677,0.0,854280274.35,0.9997559957168083,Bull,1.0,0.0,0.0,0.0,0.753747614359847,0.0,0.0,0.15467587654091045,0.0913325048160508,0.0,0.0,0.7549643499246796,0.0,0.0,0.15817589321708062,0.08685975685823973,0.0,0.0
2018-10-04,846600754.9206172,208498.92061724677,0.0,846392256.0,0.9997537222599846,Bear,1.0,0.0,0.0,0.0,0.754193818383578,0.0,0.0,0.1545025789780507,0.09105732489835587,0.0,0.0,0.7549643499246796,0.0,0.0,0.15817589321708062,0.08685975685823973,0.0,0.0
2018-10-05,841176955.5706172,208498.92061724677,0.0,840968456.65,0.9997521342932227,Bear,1.0,0.0,0.0,0.0,0.7530095213085335,0.0,0.0,0.15666335023479713,0.09007926274989217,0.0,0.0,0.7508434252476841,0.0,0.0,0.1840117571086361,0.0651448176436798,0.0,0.0
2018-10-08,840197331.8660312,90230.7660311251,0.0,840107101.1,0.999892607649883,Bear,1.0,0.0,0.0,0.0,0.7542141316881035,0.0,0.0,0.15667200431075537,0.08900647165102411,0.0,0.0,0.7508434252476841,0.0,0.0,0.1840117571086361,0.0651448176436798,0.0,0.0
2018-10-09,843893096.4400963,265517.84009625495,0.0,843627578.6,0.9996853655501907,Bear,1.0,0.0,0.0,0.0,0.7549369479232653,0.0,0.0,0.15616077505067563,0.08858764257624986,0.0,0.0,0.7508434252476841,0.0,0.0,0.1840117571086361,0.0651448176436798,0.0,0.0
2018-10-11,815852947.228926,207279.42892600107,0.0,815645667.8,0.9997459353065647,Bear,0.5,0.0,0.0,0.0,0.7539587494159034,0.0,0.0,0.16002467165613635,0.08576251423452508,0.0,0.0,0.37096786152377076,0.0,0.0,0.10460283185984935,0.024429306616379924,0.0,0.0
2018-10-12,825898388.5703142,168752.37031427678,0.0,825729636.1999999,0.9997956741741483,Bear,0.5,0.0,0.0,0.0,0.60019579049923,0.0,0.0,0.15457409987322096,0.24502578380169732,0.0,0.0,0.37096786152377076,0.0,0.0,0.10460283185984935,0.024429306616379924,0.0,0.0
2018-10-15,813631277.6851645,54028.93516450934,0.0,813577248.75,0.9999335953070558,Bear,0.5,0.0,0.0,0.0,0.5153205883909507,0.0,0.0,0.22685300462529834,0.25776000229080676,0.0,0.0,0.37096786152377076,0.0,0.0,0.10460283185984935,0.024429306616379924,0.0,0.0
2018-10-16,814662502.8769646,293871.02696449216,0.0,814368631.85,0.9996392726731294,Bear,0.5,0.0,0.0,0.0,0.655783750894798,0.0,0.0,0.17934936183268316,0.16450615994564818,0.0,0.0,0.37096786152377076,0.0,0.0,0.10460283185984935,0.024429306616379924,0.0,0.0
2018-10-17,814291863.2962009,2922.9962009565206,0.0,814288940.3,0.9999964103826494,Bear,0.5,0.0,0.0,0.0,0.6795181988681201,0.0,0.0,0.21185425984939332,0.10862395166513593,0.0,0.0,0.37096786152377076,0.0,0.0,0.10460283185984935,0.024429306616379924,0.0,0.0
2018-10-18,814882970.430375,197888.58037496824,0.0,814685081.85,0.9997571570549935,Bear,0.5,0.0,0.0,0.0,0.5553395374197055,0.0,0.0,0.36972425603750186,0.07469336359778614,0.0,0.0,0.37096786152377076,0.0,0.0,0.10460283185984935,0.024429306616379924,0.0,0.0
2018-10-19,813098190.6430352,172122.8430352474,0.0,812926067.8,0.9997883123526581,Bear,0.5,0.0,0.0,0.0,0.5985812948557802,0.0,0.0,0.34639617114048066,0.05481084635639725,0.0,0.0,0.37096786152377076,0.0,0.0,0.10460283185984935,0.024429306616379924,0.0,0.0
2018-10-22,814643672.7908938,57925102.19089378,0.0,756718570.6,0.9288951671441236,Bear,0.5,0.0,0.0,0.0,0.5500635253997999,0.0,0.0,0.3362490977945787,0.042582543949745096,0.0,0.0,0.37096786152377076,0.0,0.0,0.10460283185984935,0.024429306616379924,0.0,0.0
2018-10-23,808742782.9318081,132057877.93180814,0.0,676684905.0,0.836712140474281,Bear,0.5,0.0,0.0,0.0,0.4652345132973202,0.0,0.0,0.33773358571414996,0.03374404146281089,0.0,0.0,0.36447189212600173,0.0,0.0,0.11720612791171332,0.01832197996228494,0.0,0.0
2018-10-24,809774611.0034343,187389750.4034343,0.0,622384860.6,0.7685902375091388,Bear,0.5,0.0,0.0,0.0,0.40450077854887306,0.0,0.0,0.33962042803393555,0.024469030926330147,0.0,0.0,0.36447189212600173,0.0,0.0,0.11720612791171332,0.01832197996228494,0.0,0.0
2018-10-25,804788666.2156062,347154616.1656062,0.0,457634050.05,0.5686387858839428,Crisis,0.5,0.0,0.0,0.0,0.37284527310876947,0.0,0.0,0.17618650206240988,0.01960701071276345,0.0,0.0,0.35460391909450134,0.0,0.0,0.131654595933785,0.013741484971713708,0.0,0.0
2018-10-26,805335188.4466852,388122143.99668515,0.0,417213044.45000005,0.5180613618221656,Crisis,0.5,0.0,0.0,0.0,0.3588456689784043,0.0,0.0,0.14395471806417276,0.015260974779588482,0.0,0.0,0.35460391909450134,0.0,0.0,0.131654595933785,0.013741484971713708,0.0,0.0
2018-10-29,805729566.5466852,388122143.99668515,0.0,417607422.55,0.5182972549212058,Crisis,0.5,0.0,0.0,0.0,0.358421962579509,0.0,0.0,0.14455098191218183,0.015324310429515039,0.0,0.0,0.35460391909450134,0.0,0.0,0.131654595933785,0.013741484971713708,0.0,0.0
2018-10-30,807216904.5966852,388122143.99668515,0.0,419094760.6,0.5191848166378465,Crisis,0.5,0.0,0.0,0.0,0.36076909309215166,0.0,0.0,0.14307926325911868,0.015336460286576162,0.0,0.0,0.35460391909450134,0.0,0.0,0.131654595933785,0.013741484971713708,0.0,0.0
2018-10-31,811438056.7466851,388122143.99668515,0.0,423315912.75,0.5216860476660522,Bear,0.5,0.0,0.0,0.0,0.36245855158580037,0.0,0.0,0.14364941233756864,0.01557808374268322,0.0,0.0,0.35460391909450134,0.0,0.0,0.131654595933785,0.013741484971713708,0.0,0.0
2018-11-01,807160987.6966852,388122143.99668515,0.0,419038843.70000005,0.5191515076760206,Bear,0.5,0.0,0.0,0.0,0.36215903414034706,0.0,0.0,0.1411601920022626,0.015832281533410986,0.0,0.0,0.35460391909450134,0.0,0.0,0.131654595933785,0.013741484971713708,0.0,0.0
2018-11-02,809491878.5966852,388122143.99668515,0.0,421369734.6,0.5205360865762805,Bear,0.5,0.0,0.0,0.0,0.3652918484032471,0.0,0.0,0.13940720467218548,0.015837033500847895,0.0,0.0,0.35460391909450134,0.0,0.0,0.131654595933785,0.013741484971713708,0.0,0.0
2018-11-05,809821806.0966852,388122143.99668515,0.0,421699662.1,0.5207314237839293,Bear,0.5,0.0,0.0,0.0,0.3661883513971406,0.0,0.0,0.13879300255170057,0.015750069835088143,0.0,0.0,0.35460391909450134,0.0,0.0,0.131654595933785,0.013741484971713708,0.0,0.0
2018-11-06,810955444.8466852,388122143.99668515,0.0,422833300.85,0.5214013957695772,Bear,0.5,0.0,0.0,0.0,0.3665487453582575,0.0,0.0,0.13917484704888758,0.015677803362432123,0.0,0.0,0.35460391909450134,0.0,0.0,0.131654595933785,0.013741484971713708,0.0,0.0
2018-11-07,816016985.6966852,388122143.99668515,0.0,427894841.70000005,0.5243700182719594,Bear,0.5,0.0,0.0,0.0,0.36904310446784777,0.0,0.0,0.13966645547542916,0.015660458328682448,0.0,0.0,0.35460391909450134,0.0,0.0,0.131654595933785,0.013741484971713708,0.0,0.0
2018-11-08,818572640.6966851,388122143.99668515,0.0,430450496.7,0.5258549764546793,Bear,0.5,0.0,0.0,0.0,0.37092339959173715,0.0,0.0,0.13923040465046602,0.01570117221247613,0.0,0.0,0.35460391909450134,0.0,0.0,0.131654595933785,0.013741484971713708,0.0,0.0
2018-11-09,816723610.4718878,403780149.6718879,0.0,412943460.79999995,0.505609799331513,Bear,1.0,0.0,0.0,0.0,0.3575837125992483,0.0,0.0,0.13392780445859903,0.014098282273665618,0.0,0.0,0.7092078381890027,0.0,0.0,0.26330919186757,0.027482969943427416,0.0,0.0
2018-11-12,814461234.9861882,241253254.43618822,0.0,573207980.55,0.7037879225273632,Bear,1.0,0.0,0.0,0.0,0.49834462723923634,0.0,0.0,0.18590645385666232,0.019536841431464617,0.0,0.0,0.7092078381890027,0.0,0.0,0.26330919186757,0.027482969943427416,0.0,0.0
2018-11-13,813778777.6185534,80748546.41855337,0.0,733030231.2,0.9007733445017375,Bear,1.0,0.0,0.0,0.0,0.6367431118274794,0.0,0.0,0.2393970024262751,0.024633230247983022,0.0,0.0,0.7092078381890027,0.0,0.0,0.26330919186757,0.027482969943427416,0.0,0.0
2018-11-14,820585558.9443358,20283150.89433576,0.0,800302408.0500001,0.9752821010883623,Bear,1.0,0.0,0.0,0.0,0.6931490590472159,0.0,0.0,0.255551170398095,0.026581871643051494,0.0,0.0,0.7092078381890027,0.0,0.0,0.26330919186757,0.027482969943427416,0.0,0.0
2018-11-15,819659055.3608469,5279241.710846763,0.0,814379813.6500001,0.9935592223665208,Bear,1.0,0.0,0.0,0.0,0.7050491419210703,0.0,0.0,0.26114943597587054,0.027360644469580093,0.0,0.0,0.7092078381890027,0.0,0.0,0.26330919186757,0.027482969943427416,0.0,0.0
2018-11-16,819935021.6108468,5279241.710846763,0.0,814655779.9,0.993561390144703,Bear,1.0,0.0,0.0,0.0,0.7074087758325932,0.0,0.0,0.25903028215911783,0.027122332152991927,0.0,0.0,0.7092078381890027,0.0,0.0,0.26330919186757,0.027482969943427416,0.0,0.0
2018-11-19,822765157.5108467,5279241.710846763,0.0,817485915.8,0.9935835375834116,Bear,1.0,0.0,0.0,0.0,0.7073787829819801,0.0,0.0,0.25926353109719263,0.026941223504238845,0.0,0.0,0.7092078381890027,0.0,0.0,0.26330919186757,0.027482969943427416,0.0,0.0
2018-11-20,821057538.4608468,5279241.710846763,0.0,815778296.75,0.993570192753186,Bear,1.0,0.0,0.0,0.0,0.7060690263397964,0.0,0.0,0.26075030064437954,0.02675086576901015,0.0,0.0,0.7092078381890027,0.0,0.0,0.26330919186757,0.027482969943427416,0.0,0.0
2018-11-21,818968463.8108468,5279241.710846763,0.0,813689222.1,0.9935537912091496,Bear,1.0,0.0,0.0,0.0,0.7051537972692709,0.0,0.0,0.2615808904327711,0.026819103507107592,0.0,0.0,0.7092078381890027,0.0,0.0,0.26330919186757,0.027482969943427416,0.0,0.0
2018-11-22,818925463.8108468,5279241.710846763,0.0,813646222.1,0.9935534527327066,Bear,0.5,0.0,0.0,0.0,0.7047623350411633,0.0,0.0,0.2621117665594769,0.0266793511320665,0.0,0.0,0.35460391909450134,0.0,0.0,0.131654595933785,0.013741484971713708,0.0,0.0
2018-11-23,817102286.4505669,167984389.0005668,0.0,649117897.45,0.7944144915683948,Bear,0.5,0.0,0.0,0.0,0.5620035031902724,0.0,0.0,0.2109246331308934,0.02148635524722906,0.0,0.0,0.35460391909450134,0.0,0.0,0.131654595933785,0.013741484971713708,0.0,0.0
2018-11-26,816799635.5407445,314884910.64074457,0.0,501914724.90000004,0.6144894084921062,Bear,0.5,0.0,0.0,0.0,0.4221167712345301,0.0,0.0,0.1759642068214787,0.016408430436097382,0.0,0.0,0.35460391909450134,0.0,0.0,0.131654595933785,0.013741484971713708,0.0,0.0
2018-11-27,817088696.2422421,357550574.14224213,0.0,459538122.1,0.5624091046827563,Bear,0.5,0.0,0.0,0.0,0.3720806241699205,0.0,0.0,0.17590195612911666,0.014426524383719155,0.0,0.0,0.35460391909450134,0.0,0.0,0.131654595933785,0.013741484971713708,0.0,0.0
2018-11-28,817308599.66774,368541933.21773994,0.0,448766666.45000005,0.5490786058441535,Bear,0.5,0.0,0.0,0.0,0.35911058144906116,0.0,0.0,0.17585462829882062,0.014113396096271736,0.0,0.0,0.35460391909450134,0.0,0.0,0.131654595933785,0.013741484971713708,0.0,0.0
2018-11-29,814917780.9146032,371423944.76460314,0.0,443493836.15000004,0.5442191182185956,Bear,0.5,0.0,0.0,0.0,0.35549590760538113,0.0,0.0,0.17472989709488418,0.013993313518330242,0.0,0.0,0.35460391909450134,0.0,0.0,0.131654595933785,0.013741484971713708,0.0,0.0
2018-11-30,816611900.0204923,371998288.67049235,0.0,444613611.34999996,0.5444613424551402,Bear,0.5,0.0,0.0,0.0,0.3554593820427008,0.0,0.0,0.17518603389983667,0.013815926512602718,0.0,0.0,0.35460391909450134,0.0,0.0,0.131654595933785,0.013741484971713708,0.0,0.0
2018-12-03,816675865.4930134,372496510.3930134,0.0,444179355.09999996,0.5438869616060669,Bear,0.5,0.0,0.0,0.0,0.35616793319146806,0.0,0.0,0.17353518817951702,0.014183840235081732,0.0,0.0,0.35460391909450134,0.0,0.0,0.131654595933785,0.013741484971713708,0.0,0.0
2018-12-04,817497047.9092224,373643568.1592224,0.0,443853479.75,0.5429419970202596,Bear,0.5,0.0,0.0,0.0,0.3557975903324589,0.0,0.0,0.173360870675263,0.013783536012537671,0.0,0.0,0.35460391909450134,0.0,0.0,0.131654595933785,0.013741484971713708,0.0,0.0
2018-12-05,815610665.3061283,374358293.3061283,0.0,441252372.0,0.5410085850635389,Bear,0.5,0.0,0.0,0.0,0.3528941984739362,0.0,0.0,0.17458145909182746,0.013532927497775165,0.0,0.0,0.35460391909450134,0.0,0.0,0.131654595933785,0.013741484971713708,0.0,0.0
2018-12-06,815284143.4009602,373260507.35096014,0.0,442023636.05,0.5421712658437059,Bear,0.5,0.0,0.0,0.0,0.35416319376150884,0.0,0.0,0.17465137909590345,0.013356692986293611,0.0,0.0,0.35460391909450134,0.0,0.0,0.131654595933785,0.013741484971713708,0.0,0.0
2018-12-07,816708974.238076,372805191.0380759,0.0,443903783.2,0.5435274953530744,Bear,0.5,0.0,0.0,0.0,0.3546896046663948,0.0,0.0,0.17516521124732662,0.013672679439352976,0.0,0.0,0.35460391909450134,0.0,0.0,0.131654595933785,0.013741484971713708,0.0,0.0
2018-12-10,813526824.9380759,372805191.0380759,0.0,440721633.9,0.5417419811984034,Bear,0.5,0.0,0.0,0.0,0.352347365954182,0.0,0.0,0.1758503783951923,0.013544236849029181,0.0,0.0,0.35460391909450134,0.0,0.0,0.131654595933785,0.013741484971713708,0.0,0.0
2018-12-11,815740075.4597971,371410252.85979706,0.0,444329822.6,0.5446953459403728,Bear,0.5,0.0,0.0,0.0,0.35479423079326666,0.0,0.0,0.1761927657152152,0.01370834943189096,0.0,0.0,0.35460391909450134,0.0,0.0,0.131654595933785,0.013741484971713708,0.0,0.0
2018-12-12,815183264.7232443,371491136.4732443,0.0,443692128.25,0.5442851288177929,Bear,0.5,0.0,0.0,0.0,0.35404410362617506,0.0,0.0,0.17631311414224832,0.013927911049369529,0.0,0.0,0.35460391909450134,0.0,0.0,0.131654595933785,0.013741484971713708,0.0,0.0
2018-12-13,815950904.024564,371258889.8245639,0.0,444692014.20000005,0.5449984944028111,Bear,0.5,0.0,0.0,0.0,0.35501169588909426,0.0,0.0,0.1761472403438542,0.013839558169862686,0.0,0.0,0.35460391909450134,0.0,0.0,0.131654595933785,0.013741484971713708,0.0,0.0
2018-12-14,815746570.4696751,371474347.81967497,0.0,444272222.65000004,0.5446203989484202,Bear,0.5,0.0,0.0,0.0,0.3547583687460419,0.0,0.0,0.17619136286070722,0.013670667341671112,0.0,0.0,0.35460391909450134,0.0,0.0,0.131654595933785,0.013741484971713708,0.0,0.0
2018-12-17,815910472.6026249,371529394.35262495,0.0,444381078.25,0.5446444103511687,Bear,0.5,0.0,0.0,0.0,0.3547116846371864,0.0,0.0,0.17615596909981077,0.01377675661417149,0.0,0.0,0.35460391909450134,0.0,0.0,0.131654595933785,0.013741484971713708,0.0,0.0
2018-12-18,810766526.152625,371529394.35262495,0.0,439237131.8,0.5417553853442078,Bear,0.5,0.0,0.0,0.0,0.35238533237892605,0.0,0.0,0.17562454221647936,0.01374551074880229,0.0,0.0,0.35460391909450134,0.0,0.0,0.131654595933785,0.013741484971713708,0.0,0.0
2018-12-19,814520044.5136855,370217819.01368546,0.0,444302225.5,0.5454773378416654,Bear,0.5,0.0,0.0,0.0,0.35522947218905243,0.0,0.0,0.17645667650304842,0.013791189149564584,0.0,0.0,0.35460391909450134,0.0,0.0,0.131654595933785,0.013741484971713708,0.0,0.0
2018-12-20,813656071.1996489,370547228.7996488,0.0,443108842.4,0.5445898556950277,Bear,0.5,0.0,0.0,0.0,0.35429458785328166,0.0,0.0,0.17664404542338039,0.013651222418365694,0.0,0.0,0.35460391909450134,0.0,0.0,0.131654595933785,0.013741484971713708,0.0,0.0
2018-12-21,812501661.5527459,397577621.35274595,0.0,414924040.2,0.5106746974609897,Bear,1.0,0.0,0.0,0.0,0.3538201259190132,0.0,0.0,0.14315663032333267,0.013697941218643882,0.0,0.0,0.7092078381890027,0.0,0.0,0.26330919186757,0.027482969943427416,0.0,0.0
2018-12-22,812213598.9853524,235298561.58535242,0.0,576915037.4,0.7102996528508065,Bear,1.0,0.0,0.0,0.0,0.498243981516121,0.0,0.0,0.1928873146124525,0.019168356722233073,0.0,0.0,0.7092078381890027,0.0,0.0,0.26330919186757,0.027482969943427416,0.0,0.0
2018-12-24,813969700.9364941,72839808.58649407,0.0,741129892.35,0.9105128747388387,Bear,1.0,0.0,0.0,0.0,0.6462288359687227,0.0,0.0,0.2395054751739586,0.024778563596157228,0.0,0.0,0.7092078381890027,0.0,0.0,0.26330919186757,0.027482969943427416,0.0,0.0
2018-12-25,806471482.3635526,18872158.363552578,0.0,787599324.0,0.9765991001836255,Crisis,1.0,0.0,0.0,0.0,0.691755798190159,0.0,0.0,0.2581405598991191,0.026702742094347424,0.0,0.0,0.7092078381890027,0.0,0.0,0.26330919186757,0.027482969943427416,0.0,0.0
2018-12-26,804046760.1553564,4956372.055356453,0.0,799090388.0999999,0.9938357166511077,Crisis,1.0,0.0,0.0,0.0,0.7052369541174904,0.0,0.0,0.26133927827704856,0.02725948425656869,0.0,0.0,0.7092078381890027,0.0,0.0,0.26330919186757,0.027482969943427416,0.0,0.0
2018-12-27,810020106.6553565,4956372.055356453,0.0,805063734.6,0.9938811740416892,Bear,1.0,0.0,0.0,0.0,0.7059519015659469,0.0,0.0,0.26031897019281924,0.027610302282923094,0.0,0.0,0.7092078381890027,0.0,0.0,0.26330919186757,0.027482969943427416,0.0,0.0
2018-12-28,825317470.1053565,4956372.055356453,0.0,820361098.05,0.9939945872529224,Bear,1.0,0.0,0.0,0.0,0.6980473804540405,0.0,0.0,0.2686861820236183,0.0272610247752636,0.0,0.0,0.7092078381890027,0.0,0.0,0.26330919186757,0.027482969943427416,0.0,0.0
2019-01-02,811036409.4553566,4956372.055356453,0.0,806080037.4000001,0.9938888414902546,Crisis,1.0,0.0,0.0,0.0,0.7054883488945208,0.0,0.0,0.26119221964678085,0.027208272948952818,0.0,0.0,0.7092078381890027,0.0,0.0,0.26330919186757,0.027482969943427416,0.0,0.0
2019-01-03,813347870.0553565,4956372.055356453,0.0,808391498.0,0.993906208846383,Crisis,1.0,0.0,0.0,0.0,0.7068198235533253,0.0,0.0,0.26021190660472937,0.02687447868832843,0.0,0.0,0.7092078381890027,0.0,0.0,0.26330919186757,0.027482969943427416,0.0,0.0
2019-01-04,811330951.0053564,4956372.055356453,0.0,806374578.9499999,0.9938910600548212,Crisis,0.5,0.0,0.0,0.0,0.7056629335298464,0.0,0.0,0.26170923189468975,0.026518894630285037,0.0,0.0,0.35460391909450134,0.0,0.0,0.131654595933785,0.013741484971713708,0.0,0.0
2019-01-07,817803519.3493472,167828144.44934723,0.0,649975374.9,0.7947818265897498,Bear,0.5,0.0,0.0,0.0,0.5637163010337538,0.0,0.0,0.2093634912897207,0.021702034266275216,0.0,0.0,0.35460391909450134,0.0,0.0,0.131654595933785,0.013741484971713708,0.0,0.0
2019-01-08,817214048.9761808,330740060.0761807,0.0,486473988.90000004,0.5952834382980354,Crisis,0.5,0.0,0.0,0.0,0.42334433595877125,0.0,0.0,0.15562679099721022,0.016312311342053968,0.0,0.0,0.35460391909450134,0.0,0.0,0.131654595933785,0.013741484971713708,0.0,0.0
2019-01-09,821579564.8006105,385658518.7506106,0.0,435921046.05,0.5305889590325849,Bear,0.5,0.0,0.0,0.0,0.37422674470319484,0.0,0.0,0.14175620352517493,0.01460601080421503,0.0,0.0,0.35460391909450134,0.0,0.0,0.131654595933785,0.013741484971713708,0.0,0.0
2019-01-10,822522015.0771453,403542280.3271454,0.0,418979734.75,0.5093842195952692,Bear,1.0,0.0,0.0,0.0,0.3617682314826446,0.0,0.0,0.13370219639614814,0.013913791716476569,0.0,0.0,0.7092078381890027,0.0,0.0,0.26330919186757,0.027482969943427416,0.0,0.0
2019-01-11,823325020.5504231,239033702.70042318,0.0,584291317.85,0.7096727334478183,Bear,1.0,0.0,0.0,0.0,0.5037004919062845,0.0,0.0,0.18643985809805608,0.01953238344347767,0.0,0.0,0.7092078381890027,0.0,0.0,0.26330919186757,0.027482969943427416,0.0,0.0
2019-01-14,822037733.1895988,74513759.68959881,0.0,747523973.5,0.9093548182995481,Bear,1.0,0.0,0.0,0.0,0.6454938162523681,0.0,0.0,0.2390446229731372,0.024816379074042876,0.0,0.0,0.7092078381890027,0.0,0.0,0.26330919186757,0.027482969943427416,0.0,0.0
2019-01-15,825658500.6138258,18813163.76382581,0.0,806845336.85,0.9772143522414662,Bear,1.0,0.0,0.0,0.0,0.6941863814444962,0.0,0.0,0.25618218651264263,0.026845784284327438,0.0,0.0,0.7092078381890027,0.0,0.0,0.26330919186757,0.027482969943427416,0.0,0.0
2019-01-16,820990540.8228731,4910244.872873065,0.0,816080295.95,0.9940191212581432,Bear,1.0,0.0,0.0,0.0,0.7037448876949389,0.0,0.0,0.2628513841142514,0.027422849448952815,0.0,0.0,0.7092078381890027,0.0,0.0,0.26330919186757,0.027482969943427416,0.0,0.0
2019-01-17,822442615.5228732,4910244.872873065,0.0,817532370.6500001,0.9940296808796182,Bear,1.0,0.0,0.0,0.0,0.7038891950922987,0.0,0.0,0.2627660531216597,0.02737443266565977,0.0,0.0,0.7092078381890027,0.0,0.0,0.26330919186757,0.027482969943427416,0.0,0.0
2019-01-18,827540539.522873,4910244.872873065,0.0,822630294.65,0.9940664600241771,Bear,1.0,0.0,0.0,0.0,0.7055106871098039,0.0,0.0,0.2612059345450658,0.027349838369307374,0.0,0.0,0.7092078381890027,0.0,0.0,0.26330919186757,0.027482969943427416,0.0,0.0
2019-01-21,827390497.9228731,4910244.872873065,0.0,822480253.0500001,0.9940653840173412,Bear,1.0,0.0,0.0,0.0,0.7067675475099677,0.0,0.0,0.2597449457535749,0.02755289075379866,0.0,0.0,0.7092078381890027,0.0,0.0,0.26330919186757,0.027482969943427416,0.0,0.0
2019-01-22,831831881.022873,4910244.872873065,685400.0,826236236.15,0.993273106019942,Bear,1.0,0.0,0.0,0.0,0.7064268027662213,0.0,0.0,0.26031822648312963,0.026528076770591127,0.0,0.0,0.7092078381890027,0.0,0.0,0.26330919186757,0.027482969943427416,0.0,0.0
2019-01-23,831218628.172873,4910244.872873065,685400.0,825622983.3,0.9932681430814743,Bear,1.0,0.0,0.0,0.0,0.7072042942446466,0.0,0.0,0.25964167871742516,0.026422170119402472,0.0,0.0,0.7092078381890027,0.0,0.0,0.26330919186757,0.027482969943427416,0.0,0.0
2019-01-24,832972105.672873,4910244.872873065,685400.0,827376460.8,0.9932823142158489,Bear,1.0,0.0,0.0,0.0,0.7075207642444741,0.0,0.0,0.25926978650208743,0.026491763469287374,0.0,0.0,0.7092078381890027,0.0,0.0,0.26330919186757,0.027482969943427416,0.0,0.0
2019-01-25,834924863.4728731,4910244.872873065,685400.0,829329218.6,0.9932980258252246,Bear,1.0,0.0,0.0,0.0,0.7075507562953223,0.0,0.0,0.2589783936971297,0.026768875832772654,0.0,0.0,0.7092078381890027,0.0,0.0,0.26330919186757,0.027482969943427416,0.0,0.0
2019-01-28,833578460.6728731,4910244.872873065,685400.0,827982815.8000001,0.9932872007413001,Bear,1.0,0.0,0.0,0.0,0.7089537982099059,0.0,0.0,0.25746766516346514,0.02686573736792907,0.0,0.0,0.7092078381890027,0.0,0.0,0.26330919186757,0.027482969943427416,0.0,0.0
2019-01-29,834292574.772873,4910244.872873065,685400.0,828696929.9,0.9932929465728537,Bear,1.0,0.0,0.0,0.0,0.7082880128243635,0.0,0.0,0.25839436490093215,0.02661056884755804,0.0,0.0,0.7092078381890027,0.0,0.0,0.26330919186757,0.027482969943427416,0.0,0.0
2019-01-30,834683760.7228731,4910244.872873065,685400.0,829088115.85,0.9932960899250909,Bear,1.0,0.0,0.0,0.0,0.7080469797785115,0.0,0.0,0.2587045659220558,0.026544544224523625,0.0,0.0,0.7092078381890027,0.0,0.0,0.26330919186757,0.027482969943427416,0.0,0.0
2019-02-11,835402349.4228731,4910244.872873065,685400.0,829806704.5500001,0.9933018564327252,Bear,1.0,0.0,0.0,0.0,0.7084125451153495,0.0,0.0,0.2580822284602697,0.026807082857106024,0.0,0.0,0.7092078381890027,0.0,0.0,0.26330919186757,0.027482969943427416,0.0,0.0
2019-02-12,837899671.322873,4910244.872873065,685400.0,832304026.4499999,0.9933218199452941,Bear,1.0,0.0,0.0,0.0,0.7093329270694695,0.0,0.0,0.2570838817252556,0.026905011150569,0.0,0.0,0.7092078381890027,0.0,0.0,0.26330919186757,0.027482969943427416,0.0,0.0
2019-02-13,834768699.4728731,4910244.872873065,685400.0,829173054.6,0.9932967720562516,Bear,1.0,0.0,0.0,0.0,0.71039924589227,0.0,0.0,0.2559451499977366,0.026952376166245,0.0,0.0,0.7092078381890027,0.0,0.0,0.26330919186757,0.027482969943427416,0.0,0.0
2019-02-14,833918749.4728731,4910244.872873065,685400.0,828323104.6,0.9932899399654821,Bear,1.0,0.0,0.0,0.0,0.71088233113205,0.0,0.0,0.2555170993992999,0.026890509434132175,0.0,0.0,0.7092078381890027,0.0,0.0,0.26330919186757,0.027482969943427416,0.0,0.0
2019-02-15,833203683.2228731,4910244.872873065,685400.0,827608038.35,0.9932841813045895,Bear,1.0,0.0,0.0,0.0,0.708892255571087,0.0,0.0,0.25754986964285786,0.026842056090644557,0.0,0.0,0.7092078381890027,0.0,0.0,0.26330919186757,0.027482969943427416,0.0,0.0
2019-02-18,838688626.922873,4910244.872873065,685400.0,833092982.05,0.9933281021188957,Bear,1.0,0.0,0.0,0.0,0.7100379842217213,0.0,0.0,0.2564104163293682,0.026879701567806225,0.0,0.0,0.7092078381890027,0.0,0.0,0.26330919186757,0.027482969943427416,0.0,0.0
2019-02-19,837989429.7228731,4910244.872873065,685400.0,832393784.85,0.9933225352559356,Bear,1.0,0.0,0.0,0.0,0.7108511918187274,0.0,0.0,0.25562255608741974,0.026848787349788555,0.0,0.0,0.7092078381890027,0.0,0.0,0.26330919186757,0.027482969943427416,0.0,0.0
2019-02-20,841778743.1228731,4910244.872873065,685400.0,836183098.25,0.9933525942314556,Bear,1.0,0.0,0.0,0.0,0.7111670413879966,0.0,0.0,0.2551567163637062,0.027028836479752832,0.0,0.0,0.7092078381890027,0.0,0.0,0.26330919186757,0.027482969943427416,0.0,0.0
2019-02-21,843472376.272873,4910244.872873065,685400.0,837876731.4,0.9933659417542527,Bear,1.0,0.0,0.0,0.0,0.7108009085599758,0.0,0.0,0.2553254926398782,0.027239540554398742,0.0,0.0,0.7092078381890027,0.0,0.0,0.26330919186757,0.027482969943427416,0.0,0.0
2019-02-22,846378898.1228731,4910244.872873065,685400.0,840783253.25,0.9933887235548012,Bear,1.0,0.0,0.0,0.0,0.7108549782897058,0.0,0.0,0.25544056034418433,0.027093184920911128,0.0,0.0,0.7203148205574194,0.0,0.0,0.23822161672094846,0.041463562721632236,0.0,0.0
2019-02-25,848211771.4391742,641335.0891741901,685400.0,846885036.35,0.9984358445215596,Bear,1.0,0.0,0.0,0.0,0.7183424669009015,0.0,0.0,0.24208400179544662,0.038009375825211536,0.0,0.0,0.7203148205574194,0.0,0.0,0.23822161672094846,0.041463562721632236,0.0,0.0
2019-02-26,848192015.7891742,641335.0891741901,685400.0,846865280.7,0.9984358080900588,Bear,1.0,0.0,0.0,0.0,0.7188373261598227,0.0,0.0,0.24149012981385143,0.03810835211638472,0.0,0.0,0.7203148205574194,0.0,0.0,0.23822161672094846,0.041463562721632236,0.0,0.0
2019-02-27,852645659.4891742,641335.0891741901,685400.0,851318924.4000001,0.9984439783696677,Bear,1.0,0.0,0.0,0.0,0.7194266663686552,0.0,0.0,0.24113240677631156,0.03788490522470095,0.0,0.0,0.7203148205574194,0.0,0.0,0.23822161672094846,0.041463562721632236,0.0,0.0
2019-03-04,849245229.2891742,641335.0891741901,685400.0,847918494.2,0.99843774796323,Bear,1.0,0.0,0.0,0.0,0.7187032357083394,0.0,0.0,0.24204080624868374,0.037693706006207015,0.0,0.0,0.7203148205574194,0.0,0.0,0.23822161672094846,0.041463562721632236,0.0,0.0
2019-03-05,848248337.6891742,641335.0891741901,685400.0,846921602.6,0.9984359119491015,Bear,1.0,0.0,0.0,0.0,0.7185279068867885,0.0,0.0,0.24226808455627435,0.03763992050603872,0.0,0.0,0.7203148205574194,0.0,0.0,0.23822161672094846,0.041463562721632236,0.0,0.0
2019-03-06,850630465.1891742,641335.0891741901,685400.0,849303730.1,0.9984402920616309,Bear,1.0,0.0,0.0,0.0,0.7190196626263322,0.0,0.0,0.24178830692862605,0.037632322506672665,0.0,0.0,0.7203148205574194,0.0,0.0,0.23822161672094846,0.041463562721632236,0.0,0.0
2019-03-07,848090996.189174,641335.0891741901,685400.0,846764261.0999999,0.9984356217727394,Bear,1.0,0.0,0.0,0.0,0.7188908546837165,0.0,0.0,0.24194691480279543,0.03759785228622739,0.0,0.0,0.7203148205574194,0.0,0.0,0.23822161672094846,0.041463562721632236,0.0,0.0
2019-03-08,847186813.0391741,1326735.08917419,0.0,845860077.9499999,0.9984339521475616,Bear,1.0,685400.0,0.0,0.0,0.7183440164357935,0.0,0.0,0.24277113009133874,0.0373188056204294,0.0,0.0,0.7203148205574194,0.0,0.0,0.23822161672094846,0.041463562721632236,0.0,0.0
2019-03-11,847587215.8391742,1326735.08917419,0.0,846260480.75,0.9984346919533695,Bear,1.0,0.0,0.0,0.0,0.7189461678544538,0.0,0.0,0.24211372725439756,0.037374796844518283,0.0,0.0,0.7203148205574194,0.0,0.0,0.23822161672094846,0.041463562721632236,0.0,0.0
2019-03-12,853158003.9391742,1326735.08917419,0.0,851831268.85,0.9984449128027301,Bear,1.0,0.0,0.0,0.0,0.7193143192896223,0.0,0.0,0.2414634792721082,0.03766711424099953,0.0,0.0,0.7203148205574194,0.0,0.0,0.23822161672094846,0.041463562721632236,0.0,0.0
2019-03-13,855386037.0391742,1326735.08917419,0.0,854059301.95,0.9984489633548772,Bear,1.0,0.0,0.0,0.0,0.7194151825064424,0.0,0.0,0.24153772805919435,0.03749605278924037,0.0,0.0,0.7203148205574194,0.0,0.0,0.23822161672094846,0.041463562721632236,0.0,0.0
2019-03-14,851613251.1391741,1326735.08917419,0.0,850286516.05,0.99844209200902,Bear,1.0,0.0,0.0,0.0,0.7197166263325723,0.0,0.0,0.24108772347701155,0.037637742199436254,0.0,0.0,0.7203148205574194,0.0,0.0,0.23822161672094846,0.041463562721632236,0.0,0.0
2019-03-15,853785045.4891741,1326735.08917419,0.0,852458310.4,0.9984460548984974,Bull,1.0,0.0,0.0,0.0,0.7183953544754108,0.0,0.0,0.2422407151456982,0.037809985277388325,0.0,0.0,0.7402361154180646,0.0,0.0,0.19046109398879643,0.0693027905931391,0.0,0.0
2019-03-18,860120061.0301024,57054.13010244677,0.0,860063006.9,0.999933667248693,Bull,1.0,0.0,0.0,0.0,0.7365471817286542,0.0,0.0,0.2020956234782163,0.06129086204182255,0.0,0.0,0.7551770865635483,0.0,0.0,0.15488848483387357,0.08993442860257808,0.0,0.0
2019-03-19,862380312.3337572,2737033.5837572017,0.0,859643278.75,0.9968261873043573,Bull,1.0,0.0,0.0,0.0,0.7473882108994087,0.0,0.0,0.16661790389341596,0.08282007251153271,0.0,0.0,0.7663828149226612,0.0,0.0,0.12891310021021107,0.10470408486712766,0.0,0.0
2019-03-20,867599334.181303,499961.7813030784,0.0,867099372.4,0.9994237411652985,Bull,1.0,0.0,0.0,0.0,0.7629360078112708,0.0,0.0,0.13777454095535424,0.09871319239867352,0.0,0.0,0.7663828149226612,0.0,0.0,0.12891310021021107,0.10470408486712766,0.0,0.0
2019-03-21,869133672.931303,499961.7813030784,0.0,868633711.15,0.9994247584728632,Bull,1.0,0.0,0.0,0.0,0.7624308915740015,0.0,0.0,0.13763901195605313,0.09935485494280852,0.0,0.0,0.7663828149226612,0.0,0.0,0.12891310021021107,0.10470408486712766,0.0,0.0
2019-03-22,867763451.081303,499961.7813030784,0.0,867263489.3,0.999423850151006,Bull,1.0,0.0,0.0,0.0,0.7615012345548622,0.0,0.0,0.13815942564832362,0.09976318994782019,0.0,0.0,0.7663828149226612,0.0,0.0,0.12891310021021107,0.10470408486712766,0.0,0.0
2019-03-25,860606501.7313031,499961.7813030784,0.0,860106539.95,0.9994190587913323,Bull,1.0,0.0,0.0,0.0,0.7618532844348737,0.0,0.0,0.1384941895747064,0.09907158478175224,0.0,0.0,0.7663828149226612,0.0,0.0,0.12891310021021107,0.10470408486712766,0.0,0.0
2019-03-26,866123217.981303,499961.7813030784,0.0,865623256.1999999,0.9994227590590767,Bull,1.0,0.0,0.0,0.0,0.7616504124407857,0.0,0.0,0.13870197392929526,0.09907037268899577,0.0,0.0,0.7663828149226612,0.0,0.0,0.12891310021021107,0.10470408486712766,0.0,0.0
2019-03-27,865367729.231303,499961.7813030784,0.0,864867767.4499999,0.9994222551125784,Bull,1.0,0.0,0.0,0.0,0.7617251547333939,0.0,0.0,0.13872934701024828,0.09896775336893625,0.0,0.0,0.7663828149226612,0.0,0.0,0.12891310021021107,0.10470408486712766,0.0,0.0
2019-03-28,865261554.531303,499961.7813030784,0.0,864761592.75,0.9994221842185351,Bull,1.0,0.0,0.0,0.0,0.7608673808541236,0.0,0.0,0.13957490583921567,0.09897989752519581,0.0,0.0,0.7663828149226612,0.0,0.0,0.12891310021021107,0.10470408486712766,0.0,0.0
2019-03-29,870748211.681303,499961.7813030784,0.0,870248249.9,0.9994258250839957,Bull,1.0,0.0,0.0,0.0,0.7610964811749268,0.0,0.0,0.13915871244344222,0.09917063146562669,0.0,0.0,0.7663828149226612,0.0,0.0,0.12891310021021107,0.10470408486712766,0.0,0.0
2019-04-01,869546251.081303,499961.7813030784,0.0,869046289.3,0.9994250314107141,Bull,1.0,0.0,0.0,0.0,0.7594319893609154,0.0,0.0,0.13980705436752353,0.1001859876822752,0.0,0.0,0.7663828149226612,0.0,0.0,0.12891310021021107,0.10470408486712766,0.0,0.0
2019-04-02,867983256.731303,499961.7813030784,0.0,867483294.9499999,0.9994239960535808,Bull,1.0,0.0,0.0,0.0,0.759588897408996,0.0,0.0,0.13909162309725695,0.10074347554732783,0.0,0.0,0.7663828149226612,0.0,0.0,0.12891310021021107,0.10470408486712766,0.0,0.0
2019-04-03,868878156.731303,499961.7813030784,0.0,868378194.9499999,0.9994245893081444,Bull,1.0,0.0,0.0,0.0,0.7607506758331495,0.0,0.0,0.13803419854769047,0.10063971492730435,0.0,0.0,0.7663828149226612,0.0,0.0,0.12891310021021107,0.10470408486712766,0.0,0.0
2019-04-08,869952948.281303,499961.7813030784,0.0,869452986.5,0.9994253002046941,Bull,1.0,0.0,0.0,0.0,0.7601182199639795,0.0,0.0,0.1378511334859251,0.10145594675478947,0.0,0.0,0.7663828149226612,0.0,0.0,0.12891310021021107,0.10470408486712766,0.0,0.0
2019-04-09,872627492.681303,499961.7813030784,0.0,872127530.9,0.999427061620799,Bull,1.0,0.0,0.0,0.0,0.7591053874140595,0.0,0.0,0.13855155953028855,0.10177011467645086,0.0,0.0,0.7663828149226612,0.0,0.0,0.12891310021021107,0.10470408486712766,0.0,0.0
2019-04-10,873925672.9813031,499961.7813030784,0.0,873425711.2,0.9994279126969717,Bull,1.0,0.0,0.0,0.0,0.7592848359018243,0.0,0.0,0.13839929840645343,0.10174377838869404,0.0,0.0,0.7663828149226612,0.0,0.0,0.12891310021021107,0.10470408486712766,0.0,0.0
2019-04-11,872208301.1313031,499961.7813030784,0.0,871708339.35,0.999426786261201,Bull,1.0,0.0,0.0,0.0,0.7596700105818565,0.0,0.0,0.13825046132167834,0.10150631435766616,0.0,0.0,0.7663828149226612,0.0,0.0,0.12891310021021107,0.10470408486712766,0.0,0.0
2019-04-12,872319045.531303,499961.7813030784,0.0,871819083.75,0.9994268590329831,Bull,1.0,0.0,0.0,0.0,0.7592076398453855,0.0,0.0,0.13878832592295556,0.10143089326464202,0.0,0.0,0.7663828149226612,0.0,0.0,0.12891310021021107,0.10470408486712766,0.0,0.0
2019-04-15,872985484.281303,499961.7813030784,0.0,872485522.5,0.9994272965698684,Bull,1.0,0.0,0.0,0.0,0.7584541603748414,0.0,0.0,0.1386823746555999,0.10229076153942704,0.0,0.0,0.7663828149226612,0.0,0.0,0.12891310021021107,0.10470408486712766,0.0,0.0
2019-04-16,876952078.531303,499961.7813030784,0.0,876452116.75,0.9994298869989107,Bull,1.0,0.0,0.0,0.0,0.7585907292267782,0.0,0.0,0.13870005326141463,0.10213910451071784,0.0,0.0,0.7663828149226612,0.0,0.0,0.12891310021021107,0.10470408486712766,0.0,0.0
2019-04-17,878633458.831303,499961.7813030784,0.0,878133497.05,0.999430977984872,Bull,1.0,0.0,0.0,0.0,0.7586904873127405,0.0,0.0,0.13798973710979343,0.10275075356233815,0.0,0.0,0.7663828149226612,0.0,0.0,0.12891310021021107,0.10470408486712766,0.0,0.0
2019-04-18,881715953.1313031,499961.7813030784,0.0,881215991.35,0.9994329672957288,Bull,1.0,0.0,0.0,0.0,0.7590341186106865,0.0,0.0,0.13806918154045364,0.10232966714458869,0.0,0.0,0.7663828149226612,0.0,0.0,0.12891310021021107,0.10470408486712766,0.0,0.0
2019-04-19,884228058.1313031,499961.7813030784,0.0,883728096.35,0.9994345782440339,Bull,1.0,0.0,0.0,0.0,0.7602614395325774,0.0,0.0,0.13701080720739814,0.10216233150405839,0.0,0.0,0.7663828149226612,0.0,0.0,0.12891310021021107,0.10470408486712766,0.0,0.0
2019-04-22,887290329.831303,499961.7813030784,0.0,886790368.05,0.9994365296628466,Bull,1.0,0.0,0.0,0.0,0.7607976164671424,0.0,0.0,0.13695212932513692,0.1016867838705672,0.0,0.0,0.7663828149226612,0.0,0.0,0.12891310021021107,0.10470408486712766,0.0,0.0
2019-04-23,891442154.4813031,499961.7813030784,0.0,890942192.7,0.9994391539834753,Bull,1.0,0.0,0.0,0.0,0.7607053798062484,0.0,0.0,0.13709223799396084,0.10164153618326603,0.0,0.0,0.7663828149226612,0.0,0.0,0.12891310021021107,0.10470408486712766,0.0,0.0
2019-04-24,898478281.281303,499961.7813030784,0.0,897978319.5,0.9994435460581306,Bull,1.0,0.0,0.0,0.0,0.7624874565949691,0.0,0.0,0.13592838307213675,0.10102770639102471,0.0,0.0,0.7663828149226612,0.0,0.0,0.12891310021021107,0.10470408486712766,0.0,0.0
2019-04-25,897866020.1313031,499961.7813030784,0.0,897366058.35,0.9994431666082765,Bull,1.0,0.0,0.0,0.0,0.7619139637893395,0.0,0.0,0.13618958425681138,0.10133961856212556,0.0,0.0,0.7663828149226612,0.0,0.0,0.12891310021021107,0.10470408486712766,0.0,0.0
2019-04-26,898004670.1313031,499961.7813030784,0.0,897504708.35,0.9994432525821609,Bull,1.0,0.0,0.0,0.0,0.7627800624353598,0.0,0.0,0.13649338814917075,0.10016980199763037,0.0,0.0,0.7663828149226612,0.0,0.0,0.12891310021021107,0.10470408486712766,0.0,0.0
2019-04-29,905512991.3813031,499961.7813030784,0.0,905013029.6,0.9994478690134082,Bull,1.0,0.0,0.0,0.0,0.7640487062969877,0.0,0.0,0.13563825275730443,0.09976090995911605,0.0,0.0,0.7663828149226612,0.0,0.0,0.12891310021021107,0.10470408486712766,0.0,0.0
2019-04-30,909424315.4813031,499961.7813030784,0.0,908924353.7,0.9994502436620705,Bull,1.0,0.0,0.0,0.0,0.7649348514855077,0.0,0.0,0.13518354183760278,0.09933185033896007,0.0,0.0,0.7663828149226612,0.0,0.0,0.12891310021021107,0.10470408486712766,0.0,0.0
2019-05-02,912037057.031303,499961.7813030784,0.0,911537095.25,0.999451818566528,Bull,1.0,0.0,0.0,0.0,0.7649739556865988,0.0,0.0,0.13519132698548683,0.09928653589444231,0.0,0.0,0.7663828149226612,0.0,0.0,0.12891310021021107,0.10470408486712766,0.0,0.0
2019-05-03,911467823.931303,499961.7813030784,0.0,910967862.15,0.9994514762143257,Bull,1.0,0.0,0.0,0.0,0.7639807943483512,0.0,0.0,0.13522441139873909,0.10024627046723551,0.0,0.0,0.7663828149226612,0.0,0.0,0.12891310021021107,0.10470408486712766,0.0,0.0
2019-05-06,902735208.3813031,499961.7813030784,0.0,902235246.6,0.9994461700655284,Bull,1.0,0.0,0.0,0.0,0.7644118011496982,0.0,0.0,0.13557076190641548,0.09946360700941469,0.0,0.0,0.7663828149226612,0.0,0.0,0.12891310021021107,0.10470408486712766,0.0,0.0
2019-05-07,908232821.831303,499961.7813030784,0.0,907732860.05,0.9994495224470142,Bull,1.0,0.0,0.0,0.0,0.7643290281563287,0.0,0.0,0.13523790051138918,0.09988259377929627,0.0,0.0,0.7663828149226612,0.0,0.0,0.12891310021021107,0.10470408486712766,0.0,0.0
2019-05-08,908358002.1313031,499961.7813030784,0.0,907858040.35,0.9994495983080129,Bull,1.0,0.0,0.0,0.0,0.7645941233747248,0.0,0.0,0.1357072868965393,0.09914818803674891,0.0,0.0,0.7663828149226612,0.0,0.0,0.12891310021021107,0.10470408486712766,0.0,0.0
2019-05-09,896819680.981303,499961.7813030784,0.0,896319719.1999999,0.9994425169385712,Bull,1.0,0.0,0.0,0.0,0.7638686836694009,0.0,0.0,0.13636654345741286,0.09920728981175747,0.0,0.0,0.7663828149226612,0.0,0.0,0.12891310021021107,0.10470408486712766,0.0,0.0
2019-05-10,896213669.681303,499961.7813030784,0.0,895713707.9,0.9994421399737399,Bull,1.0,0.0,0.0,0.0,0.7636132219935466,0.0,0.0,0.13661541230847207,0.09921350567172117,0.0,0.0,0.7663828149226612,0.0,0.0,0.12891310021021107,0.10470408486712766,0.0,0.0
2019-05-13,892726992.181303,499961.7813030784,0.0,892227030.4,0.9994399611687763,Bull,1.0,0.0,0.0,0.0,0.7643013893114479,0.0,0.0,0.1371874056375877,0.09795116621974073,0.0,0.0,0.7663828149226612,0.0,0.0,0.12891310021021107,0.10470408486712766,0.0,0.0
2019-05-14,890500031.5813031,499961.7813030784,0.0,890000069.8000001,0.9994385606248489,Bull,1.0,0.0,0.0,0.0,0.7631512585049847,0.0,0.0,0.13870375701241394,0.09758354510745029,0.0,0.0,0.7663828149226612,0.0,0.0,0.12891310021021107,0.10470408486712766,0.0,0.0
2019-05-15,892585459.081303,499961.7813030784,0.0,892085497.3,0.9994398723660392,Bull,1.0,0.0,0.0,0.0,0.764157695333766,0.0,0.0,0.13780439592484567,0.09747778110742757,0.0,0.0,0.7663828149226612,0.0,0.0,0.12891310021021107,0.10470408486712766,0.0,0.0
2019-05-16,886967954.181303,499961.7813030784,0.0,886467992.4,0.9994363248650121,Bull,1.0,0.0,0.0,0.0,0.7638539128793721,0.0,0.0,0.13834829028661505,0.09723412169902494,0.0,0.0,0.7663828149226612,0.0,0.0,0.12891310021021107,0.10470408486712766,0.0,0.0
2019-05-17,888096057.031303,499961.7813030784,0.0,887596095.25,0.999437040872612,Bull,1.0,0.0,0.0,0.0,0.7644611637162916,0.0,0.0,0.13884804354632285,0.09612783360999756,0.0,0.0,0.7747871111919961,0.0,0.0,0.14668482515765832,0.07852806365034576,0.0,0.0
2019-05-20,894323038.0671875,184004.66718757758,0.0,894139033.4,0.9997942525694237,Bull,1.0,0.0,0.0,0.0,0.7732646973900791,0.0,0.0,0.14416066064744962,0.0823688945318949,0.0,0.0,0.7747871111919961,0.0,0.0,0.14668482515765832,0.07852806365034576,0.0,0.0
2019-05-21,907698294.5171875,184004.66718757758,0.0,907514289.8499999,0.9997972843308189,Bull,1.0,0.0,0.0,0.0,0.7746435066554879,0.0,0.0,0.14379106007841969,0.08136271759691135,0.0,0.0,0.7747871111919961,0.0,0.0,0.14668482515765832,0.07852806365034576,0.0,0.0
2019-05-22,902635392.3171875,184004.66718757758,0.0,902451387.65,0.999796147294075,Bull,1.0,0.0,0.0,0.0,0.77412850592552,0.0,0.0,0.14384855846021716,0.08181908290833782,0.0,0.0,0.7747871111919961,0.0,0.0,0.14668482515765832,0.07852806365034576,0.0,0.0
2019-05-23,899713417.6671876,184004.66718757758,0.0,899529413.0,0.9997954852472194,Bear,0.5,0.0,0.0,0.0,0.7746743566492206,0.0,0.0,0.14455447417603093,0.08056665442196793,0.0,0.0,0.3787482815878616,0.0,0.0,0.09180369454325867,0.029448023868879653,0.0,0.0
2019-05-24,900751887.5731606,176069002.6731606,0.0,724682884.9,0.804531075535648,Bear,0.5,0.0,0.0,0.0,0.6207206919170487,0.0,0.0,0.12344187287752857,0.06036851074107063,0.0,0.0,0.37296686005329294,0.0,0.0,0.1049471220450473,0.02208601790165974,0.0,0.0
2019-05-27,903524865.8475116,355721378.84751165,0.0,547803487.0,0.6062959722598859,Bear,0.5,0.0,0.0,0.0,0.4599484227920926,0.0,0.0,0.11125316391343767,0.03509438555435561,0.0,0.0,0.37296686005329294,0.0,0.0,0.1049471220450473,0.02208601790165974,0.0,0.0
2019-05-28,903059438.372499,427258193.572499,0.0,475801244.8,0.5268769967760847,Bear,0.5,0.0,0.0,0.0,0.3955172047630715,0.0,0.0,0.106002989318754,0.02535680269425922,0.0,0.0,0.37296686005329294,0.0,0.0,0.1049471220450473,0.02208601790165974,0.0,0.0
2019-05-29,903280748.2688489,445167642.1688488,0.0,458113106.1,0.507165803077261,Bear,0.5,0.0,0.0,0.0,0.3783916094249247,0.0,0.0,0.10591778932890987,0.022856404323426453,0.0,0.0,0.37296686005329294,0.0,0.0,0.1049471220450473,0.02208601790165974,0.0,0.0
2019-05-30,907084911.0188488,445167642.1688488,0.0,461917268.84999996,0.5092326674590683,Bull,0.5,0.0,0.0,0.0,0.3802965573118566,0.0,0.0,0.10598280142486281,0.02295330872234888,0.0,0.0,0.37296686005329294,0.0,0.0,0.1049471220450473,0.02208601790165974,0.0,0.0
2019-05-31,910098740.6688488,445167642.1688488,0.0,464931098.5,0.5108578637943322,Bull,0.5,0.0,0.0,0.0,0.3820031090741843,0.0,0.0,0.10566710588932876,0.023187648830819137,0.0,0.0,0.37296686005329294,0.0,0.0,0.1049471220450473,0.02208601790165974,0.0,0.0
2019-06-03,908425160.3688488,445167642.1688488,0.0,463257518.2,0.5099567233605716,Bull,0.5,0.0,0.0,0.0,0.38051364413954364,0.0,0.0,0.10618310038972775,0.023259978831300297,0.0,0.0,0.37296686005329294,0.0,0.0,0.1049471220450473,0.02208601790165974,0.0,0.0
2019-06-04,908382696.3688488,445167642.1688488,0.0,463215054.2,0.5099338153970202,Bull,0.5,0.0,0.0,0.0,0.38059741294281224,0.0,0.0,0.10622340164086484,0.0231130008133431,0.0,0.0,0.37296686005329294,0.0,0.0,0.1049471220450473,0.02208601790165974,0.0,0.0
2019-06-05,910738712.5188489,445167642.1688488,0.0,465571070.35,0.5112015816944472,Bull,0.5,0.0,0.0,0.0,0.38171274106546244,0.0,0.0,0.10636179034499448,0.023127050283990296,0.0,0.0,0.37296686005329294,0.0,0.0,0.1049471220450473,0.02208601790165974,0.0,0.0
2019-06-06,914062639.3688488,445167642.1688488,0.0,468894997.2,0.5129790640210034,Bull,0.5,0.0,0.0,0.0,0.3841259691375654,0.0,0.0,0.10598671888273832,0.022866376000699625,0.0,0.0,0.37296686005329294,0.0,0.0,0.1049471220450473,0.02208601790165974,0.0,0.0
2019-06-10,916682202.7688488,445167642.1688488,0.0,471514560.59999996,0.5143708028537971,Bull,1.0,0.0,0.0,0.0,0.384975523179201,0.0,0.0,0.10619809101338888,0.023197188661207225,0.0,0.0,0.7459337201065859,0.0,0.0,0.2098942440900946,0.04417203580331948,0.0,0.0
2019-06-11,906248689.8401331,261533776.69013312,0.0,644714913.15,0.7114105878196977,Bull,1.0,0.0,0.0,0.0,0.5293782143118243,0.0,0.0,0.14970283711409563,0.032329536393777766,0.0,0.0,0.7459337201065859,0.0,0.0,0.2098942440900946,0.04417203580331948,0.0,0.0
2019-06-12,898805679.0336813,80697297.73368135,0.0,818108381.3,0.910217191973642,Bull,1.0,0.0,0.0,0.0,0.6763798844190643,0.0,0.0,0.192870276683581,0.04096703087099673,0.0,0.0,0.7459337201065859,0.0,0.0,0.2098942440900946,0.04417203580331948,0.0,0.0
2019-06-13,899602024.6089481,20713804.5089481,0.0,878888220.1,0.9769744798896465,Bull,1.0,0.0,0.0,0.0,0.7287479931861851,0.0,0.0,0.2052569858102155,0.04296950089324588,0.0,0.0,0.7459337201065859,0.0,0.0,0.2098942440900946,0.04417203580331948,0.0,0.0
2019-06-14,903243626.5523484,5412743.102348475,0.0,897830883.4499999,0.9940074383663147,Bull,1.0,0.0,0.0,0.0,0.743233346702273,0.0,0.0,0.20718551949744002,0.04358857216660162,0.0,0.0,0.7459337201065859,0.0,0.0,0.2098942440900946,0.04417203580331948,0.0,0.0
2019-06-17,904737781.5023484,5412743.102348475,0.0,899325038.4,0.9940173349527193,Bull,1.0,0.0,0.0,0.0,0.7448014796961929,0.0,0.0,0.2058095768818257,0.04340627837470062,0.0,0.0,0.7459337201065859,0.0,0.0,0.2098942440900946,0.04417203580331948,0.0,0.0
2019-06-18,907717464.6023484,5412743.102348475,0.0,902304721.5,0.9940369737132692,Bull,1.0,0.0,0.0,0.0,0.745311562112969,0.0,0.0,0.20535167303590265,0.043373738564397496,0.0,0.0,0.7459337201065859,0.0,0.0,0.2098942440900946,0.04417203580331948,0.0,0.0
2019-06-19,920314785.2023484,5412743.102348475,0.0,914902042.0999999,0.994118595952842,Bull,1.0,0.0,0.0,0.0,0.7455245782551937,0.0,0.0,0.20481090060783588,0.04378311708981244,0.0,0.0,0.7594502900799395,0.0,0.0,0.18138924868592426,0.05916046123413631,0.0,0.0
2019-06-20,919624770.8455989,1102106.2455989732,0.0,918522664.5999999,0.9988015696395546,Bull,1.0,0.0,0.0,0.0,0.7569271584104277,0.0,0.0,0.18648714718972464,0.05538726403940228,0.0,0.0,0.7594502900799395,0.0,0.0,0.18138924868592426,0.05916046123413631,0.0,0.0
2019-06-21,914092632.745599,1102106.2455989732,0.0,912990526.5,0.9987943166741332,Bull,1.0,0.0,0.0,0.0,0.7541400092345498,0.0,0.0,0.18893183667969068,0.05572247075989272,0.0,0.0,0.7594502900799395,0.0,0.0,0.18138924868592426,0.05916046123413631,0.0,0.0
2019-06-24,919124465.245599,1102106.2455989732,0.0,918022359.0,0.9988009172998082,Bull,1.0,0.0,0.0,0.0,0.7543135725527025,0.0,0.0,0.18883002962348905,0.05565731512361671,0.0,0.0,0.7594502900799395,0.0,0.0,0.18138924868592426,0.05916046123413631,0.0,0.0
2019-06-25,919118565.245599,1102106.2455989732,0.0,918016459.0,0.9988009096026642,Bull,1.0,0.0,0.0,0.0,0.7546667918895258,0.0,0.0,0.1887848930063061,0.05534922470683234,0.0,0.0,0.7594502900799395,0.0,0.0,0.18138924868592426,0.05916046123413631,0.0,0.0
2019-06-26,916618210.295599,1102106.2455989732,0.0,915516104.05,0.9987976387189126,Bull,1.0,0.0,0.0,0.0,0.7544583953083179,0.0,0.0,0.18911396048317447,0.0552252829274202,0.0,0.0,0.7594502900799395,0.0,0.0,0.18138924868592426,0.05916046123413631,0.0,0.0
2019-06-27,920235095.545599,1102106.2455989732,0.0,919132989.3,0.9988023644708469,Bull,1.0,0.0,0.0,0.0,0.7549226199508452,0.0,0.0,0.18808421982361087,0.055795524696390784,0.0,0.0,0.7594502900799395,0.0,0.0,0.18138924868592426,0.05916046123413631,0.0,0.0
2019-06-28,917313687.7955991,1102106.2455989732,0.0,916211581.5500001,0.998798550310257,Bull,1.0,0.0,0.0,0.0,0.7552130648075168,0.0,0.0,0.18802433921429976,0.05556114628844037,0.0,0.0,0.7594502900799395,0.0,0.0,0.18138924868592426,0.05916046123413631,0.0,0.0
2019-07-01,915373674.395599,1102106.2455989732,0.0,914271568.15,0.99879600399659,Bull,1.0,0.0,0.0,0.0,0.7540853396354991,0.0,0.0,0.18782733741334984,0.05688332694774114,0.0,0.0,0.7594502900799395,0.0,0.0,0.18138924868592426,0.05916046123413631,0.0,0.0
2019-07-02,916391715.995599,1102106.2455989732,0.0,915289609.75,0.9987973415447109,Bull,1.0,0.0,0.0,0.0,0.7533346250298442,0.0,0.0,0.18878007841008332,0.05668263810478341,0.0,0.0,0.7594502900799395,0.0,0.0,0.18138924868592426,0.05916046123413631,0.0,0.0
2019-07-03,915601368.795599,1102106.2455989732,0.0,914499262.55,0.998796303409803,Bull,1.0,0.0,0.0,0.0,0.7540080061895582,0.0,0.0,0.18871039940370885,0.056077897816535896,0.0,0.0,0.7594502900799395,0.0,0.0,0.18138924868592426,0.05916046123413631,0.0,0.0
2019-07-04,918057582.1955991,1102106.2455989732,0.0,916955475.95,0.9987995238349175,Bull,1.0,0.0,0.0,0.0,0.7548854117544287,0.0,0.0,0.18764313191337184,0.05627098016711706,0.0,0.0,0.7594502900799395,0.0,0.0,0.18138924868592426,0.05916046123413631,0.0,0.0
2019-07-05,920349723.745599,1102106.2455989732,0.0,919247617.5,0.9988025136345847,Bull,1.0,0.0,0.0,0.0,0.7550033422860826,0.0,0.0,0.18773678694313425,0.05606238440536798,0.0,0.0,0.7594502900799395,0.0,0.0,0.18138924868592426,0.05916046123413631,0.0,0.0
2019-07-08,919786529.345599,1102106.2455989732,0.0,918684423.1,0.9988017804018252,Bull,1.0,0.0,0.0,0.0,0.7548153848197277,0.0,0.0,0.18809516608499327,0.05589122949710437,0.0,0.0,0.7594502900799395,0.0,0.0,0.18138924868592426,0.05916046123413631,0.0,0.0
2019-07-09,916305809.645599,1102106.2455989732,1858904.95,913344798.4499999,0.9967685338623529,Bull,1.0,0.0,0.0,0.0,0.7558740664515512,0.0,0.0,0.18485968136065234,0.05603478605014933,0.0,0.0,0.7594502900799395,0.0,0.0,0.18138924868592426,0.05916046123413631,0.0,0.0
2019-07-10,919097211.845599,1102106.2455989732,1858904.95,916136200.65,0.9967783481905541,Bull,1.0,0.0,0.0,0.0,0.7561851909597085,0.0,0.0,0.1842487364964917,0.05634442073435387,0.0,0.0,0.7594502900799395,0.0,0.0,0.18138924868592426,0.05916046123413631,0.0,0.0
2019-07-11,922020102.7455992,1102106.2455989732,1858904.95,919059091.5500001,0.9967885611313877,Bull,1.0,0.0,0.0,0.0,0.7577982187908809,0.0,0.0,0.18238040526367758,0.05660993707682924,0.0,0.0,0.7695877175599546,0.0,0.0,0.15459742559494363,0.07581485684510175,0.0,0.0
2019-07-12,920201170.8384513,1491665.8884512228,1858904.95,916850600.0,0.9963588713591851,Bull,1.0,0.0,0.0,0.0,0.7637979849119216,0.0,0.0,0.16151935545199742,0.07104153099526611,0.0,0.0,0.7695877175599546,0.0,0.0,0.15459742559494363,0.07581485684510175,0.0,0.0
2019-07-15,919775968.0384513,1491665.8884512228,1858904.95,916425397.2,0.996357188103537,Bull,1.0,0.0,0.0,0.0,0.7639538557400372,0.0,0.0,0.16094245244925942,0.07146087991424041,0.0,0.0,0.7695877175599546,0.0,0.0,0.15459742559494363,0.07581485684510175,0.0,0.0
2019-07-16,919919212.4384513,1491665.8884512228,3456404.95,914971141.6,0.994621189804988,Bull,1.0,0.0,0.0,0.0,0.7653794290627538,0.0,0.0,0.15766319263573808,0.07157856810649615,0.0,0.0,0.7695877175599546,0.0,0.0,0.15459742559494363,0.07581485684510175,0.0,0.0
2019-07-17,923202123.0384512,1491665.8884512228,3456404.95,918254052.1999999,0.9946403168764754,Bull,1.0,0.0,0.0,0.0,0.7655307917555172,0.0,0.0,0.15825613519945822,0.0708533899215,0.0,0.0,0.7695877175599546,0.0,0.0,0.15459742559494363,0.07581485684510175,0.0,0.0
2019-07-18,924074214.5384513,1491665.8884512228,3456404.95,919126143.7,0.9946453750568912,Bull,1.0,0.0,0.0,0.0,0.766249325606019,0.0,0.0,0.1576950181136522,0.07070103133722,0.0,0.0,0.7695877175599546,0.0,0.0,0.15459742559494363,0.07581485684510175,0.0,0.0
2019-07-19,926694594.8384513,1491665.8884512228,4009404.95,921193524.0,0.9940637715282992,Bull,1.0,0.0,0.0,0.0,0.7656012325438047,0.0,0.0,0.1577056786712748,0.07075686031321968,0.0,0.0,0.7695877175599546,0.0,0.0,0.15459742559494363,0.07581485684510175,0.0,0.0
2019-07-22,927725083.5884513,1491665.8884512228,4009404.95,922224012.75,0.9940703653099763,Bull,1.0,0.0,0.0,0.0,0.7651442494195771,0.0,0.0,0.1579072319930788,0.07101888389732032,0.0,0.0,0.7695877175599546,0.0,0.0,0.15459742559494363,0.07581485684510175,0.0,0.0
2019-07-23,927200489.2384512,1491665.8884512228,4009404.95,921699418.4,0.994067010422989,Bull,1.0,0.0,0.0,0.0,0.7653066695238894,0.0,0.0,0.15753087028671375,0.0712294706123858,0.0,0.0,0.7695877175599546,0.0,0.0,0.15459742559494363,0.07581485684510175,0.0,0.0
2019-07-24,927097527.9884512,1491665.8884512228,4009404.95,921596457.15,0.9940663515192548,Bull,1.0,0.0,0.0,0.0,0.7659602530607178,0.0,0.0,0.15691132335951188,0.07119477509902519,0.0,0.0,0.7695877175599546,0.0,0.0,0.15459742559494363,0.07581485684510175,0.0,0.0
2019-07-25,932262517.3384513,1491665.8884512228,7140225.95,923630625.5,0.9907409214916258,Bull,1.0,0.0,0.0,0.0,0.7671646260560234,0.0,0.0,0.15256410866550424,0.07101218677009818,0.0,0.0,0.7695877175599546,0.0,0.0,0.15459742559494363,0.07581485684510175,0.0,0.0
2019-07-26,931699620.1384512,1491665.8884512228,7140225.95,923067728.3,0.990735327511276,Bull,1.0,0.0,0.0,0.0,0.767474744911608,0.0,0.0,0.15267184500822528,0.07058873759144273,0.0,0.0,0.7695877175599546,0.0,0.0,0.15459742559494363,0.07581485684510175,0.0,0.0
2019-07-29,929325031.4384513,1491665.8884512228,7140225.95,920693139.6,0.9907116546456406,Bull,1.0,0.0,0.0,0.0,0.7668022656152846,0.0,0.0,0.15297026894880872,0.07093912008154728,0.0,0.0,0.7695877175599546,0.0,0.0,0.15459742559494363,0.07581485684510175,0.0,0.0
2019-07-30,930651189.2884513,1491665.8884512228,7140225.95,922019297.45,0.9907248903372154,Bull,1.0,0.0,0.0,0.0,0.767346784347855,0.0,0.0,0.1527522896185097,0.07062581637085072,0.0,0.0,0.7695877175599546,0.0,0.0,0.15459742559494363,0.07581485684510175,0.0,0.0
2019-07-31,930331619.6884513,3350570.8384512225,5281321.0,921699727.85,0.9907217043301808,Bull,1.0,1858904.95,0.0,0.0,0.767096605927452,0.0,0.0,0.1533146858404802,0.07031041256224863,0.0,0.0,0.7695877175599546,0.0,0.0,0.15459742559494363,0.07581485684510175,0.0,0.0
2019-08-01,921441992.8350643,588031.485064223,5281321.0,915572640.35,0.9936302528746214,Bull,1.0,0.0,0.0,0.0,0.7694447896482063,0.0,0.0,0.15362540572354652,0.07056005750286863,0.0,0.0,0.7695877175599546,0.0,0.0,0.15459742559494363,0.07581485684510175,0.0,0.0
2019-08-02,913846380.0850642,588031.485064223,5281321.0,907977027.5999999,0.9935773094767657,Bull,1.0,0.0,0.0,0.0,0.7686987035333129,0.0,0.0,0.1548991199011191,0.06997948604233378,0.0,0.0,0.7695877175599546,0.0,0.0,0.15459742559494363,0.07581485684510175,0.0,0.0
2019-08-05,913804588.5350642,588031.485064223,5281321.0,907935236.05,0.9935770157441718,Bull,1.0,0.0,0.0,0.0,0.7684908183442039,0.0,0.0,0.15579512489451366,0.06929107250545434,0.0,0.0,0.7695877175599546,0.0,0.0,0.15459742559494363,0.07581485684510175,0.0,0.0
2019-08-06,910366727.8850644,588031.485064223,5281321.0,904497375.4000001,0.9935527603269292,Bull,1.0,0.0,0.0,0.0,0.7686117626745482,0.0,0.0,0.15543164712173513,0.06950935053064582,0.0,0.0,0.7695877175599546,0.0,0.0,0.15459742559494363,0.07581485684510175,0.0,0.0
2019-08-07,908259277.8850642,2185531.485064223,3683821.0,902389925.4,0.993537800683158,Bull,1.0,1597500.0,0.0,0.0,0.7682351751195627,0.0,0.0,0.15597990953628074,0.06932271602731446,0.0,0.0,0.7695877175599546,0.0,0.0,0.15459742559494363,0.07581485684510175,0.0,0.0
2019-08-08,914425477.1850643,2185531.485064223,3683821.0,908556124.7,0.9935813769065881,Bull,1.0,0.0,0.0,0.0,0.7683060481459157,0.0,0.0,0.1555993392025801,0.06967598955809219,0.0,0.0,0.7695877175599546,0.0,0.0,0.15459742559494363,0.07581485684510175,0.0,0.0
2019-08-12,902217024.6350644,2185531.485064223,3683821.0,896347672.1500001,0.9934945225762745,Bull,1.0,0.0,0.0,0.0,0.7649345482359435,0.0,0.0,0.15798493722467088,0.07057503711565999,0.0,0.0,0.7695877175599546,0.0,0.0,0.15459742559494363,0.07581485684510175,0.0,0.0
2019-08-13,893732808.9850643,2185531.485064223,3683821.0,887863456.5,0.9934327660056146,Bull,1.0,0.0,0.0,0.0,0.7637022493054817,0.0,0.0,0.1592810497375161,0.07044946696261681,0.0,0.0,0.7695877175599546,0.0,0.0,0.15459742559494363,0.07581485684510175,0.0,0.0
2019-08-14,900764464.1350642,2185537.485064223,17273736.25,881305190.4,0.9783969344819241,Bull,1.0,6.0,543596.0,6.0,0.7501227205369474,0.0,0.0,0.1578484783328223,0.07042573561215444,0.0,0.0,0.7695877175599546,0.0,0.0,0.15459742559494363,0.07581485684510175,0.0,0.0
2019-08-15,894887002.2100643,2185539.485064223,19484678.625,873216784.1,0.9757844084710737,Bull,1.0,2.0,221094.0,2.0,0.7469612168342681,0.0,0.0,0.15872942578135313,0.07009376585545245,0.0,0.0,0.7695877175599546,0.0,0.0,0.15459742559494363,0.07581485684510175,0.0,0.0
2019-08-16,904550765.3100643,2185539.485064223,19484678.625,882880547.2,0.9760431156092869,Bull,1.0,0.0,0.0,0.0,0.7480460723153085,0.0,0.0,0.15782243017733216,0.07017461311664619,0.0,0.0,0.7695877175599546,0.0,0.0,0.15459742559494363,0.07581485684510175,0.0,0.0
2019-08-19,905756796.6100643,2185539.485064223,19484678.625,884086578.5,0.9760750146273609,Bull,1.0,0.0,0.0,0.0,0.7483749291608331,0.0,0.0,0.15722642163215056,0.07047366383437717,0.0,0.0,0.7695877175599546,0.0,0.0,0.15459742559494363,0.07581485684510175,0.0,0.0
2019-08-20,904085101.1100643,2185539.485064223,19484678.625,882414883.0,0.9760307762140347,Bull,1.0,0.0,0.0,0.0,0.7480743595592819,0.0,0.0,0.15717768142127625,0.07077873523347643,0.0,0.0,0.7695877175599546,0.0,0.0,0.15459742559494363,0.07581485684510175,0.0,0.0
2019-08-21,900254474.3100642,2185539.485064223,19484678.625,878584256.1999999,0.9759287859950134,Bull,1.0,0.0,0.0,0.0,0.7464317872066007,0.0,0.0,0.15832934361057976,0.07116765517783304,0.0,0.0,0.7695877175599546,0.0,0.0,0.15459742559494363,0.07581485684510175,0.0,0.0
2019-08-22,903877104.8600643,2738539.485064223,18931678.625,882206886.75,0.9760252605209874,Bull,1.0,553000.0,0.0,0.0,0.7474503813818749,0.0,0.0,0.157867257874721,0.0707076212643914,0.0,0.0,0.7695877175599546,0.0,0.0,0.15459742559494363,0.07581485684510175,0.0,0.0
2019-08-23,905197399.2600642,2738539.485064223,18931678.625,883527181.15,0.9760602293734183,Bull,1.0,0.0,0.0,0.0,0.7473924270032397,0.0,0.0,0.15797603938863736,0.07069176298154123,0.0,0.0,0.7695877175599546,0.0,0.0,0.15459742559494363,0.07581485684510175,0.0,0.0
2019-08-26,895587684.6815635,215824.75656347303,18931678.625,876440181.3000001,0.978620180124103,Bull,1.0,0.0,0.0,0.0,0.7496917306748465,0.0,0.0,0.15866899738636536,0.07025945206289118,0.0,0.0,0.7695877175599546,0.0,0.0,0.15459742559494363,0.07581485684510175,0.0,0.0
2019-08-27,898862417.0815634,215824.75656347303,18931678.625,879714913.6999999,0.9786980710087626,Bull,1.0,0.0,0.0,0.0,0.750039050346483,0.0,0.0,0.15847975985302973,0.07017926080925012,0.0,0.0,0.7695877175599546,0.0,0.0,0.15459742559494363,0.07581485684510175,0.0,0.0
2019-08-28,898556858.8315635,3346645.756563473,15800857.625,879409355.45,0.9786908271932153,Bull,1.0,3130821.0,0.0,0.0,0.7486139010999348,0.0,0.0,0.1593902473642429,0.0706866787290377,0.0,0.0,0.7695877175599546,0.0,0.0,0.15459742559494363,0.07581485684510175,0.0,0.0
2019-08-29,901408306.9041531,285402.0791532234,15800857.625,885322047.1999999,0.982154302793813,Bull,1.0,0.0,0.0,0.0,0.748373674874209,0.0,0.0,0.15979040674107678,0.07399022117852719,0.0,0.0,0.7695877175599546,0.0,0.0,0.15459742559494363,0.07581485684510175,0.0,0.0
2019-08-30,914308952.2541531,285402.0791532234,15800857.625,898222692.55,0.9824061006244182,Bull,1.0,0.0,0.0,0.0,0.7498085749459377,0.0,0.0,0.15847400339105872,0.0741235222874218,0.0,0.0,0.7695877175599546,0.0,0.0,0.15459742559494363,0.07581485684510175,0.0,0.0
2019-09-02,914457845.7041532,285402.0791532234,15800857.625,898371586.0,0.9824089652905035,Bull,1.0,0.0,0.0,0.0,0.7488564827968536,0.0,0.0,0.15939575638695622,0.07415672610669365,0.0,0.0,0.7695877175599546,0.0,0.0,0.15459742559494363,0.07581485684510175,0.0,0.0
2019-09-03,910320043.0541531,285402.0791532234,15800857.625,894233783.3499999,0.9823290063457427,Bull,1.0,0.0,0.0,0.0,0.7493843385687361,0.0,0.0,0.1590875660763463,0.07385710170066025,0.0,0.0,0.7695877175599546,0.0,0.0,0.15459742559494363,0.07581485684510175,0.0,0.0
2019-09-04,917876495.1041532,285402.0791532234,15800857.625,901790235.4,0.9824744834517983,Bull,1.0,0.0,0.0,0.0,0.7497952492202193,0.0,0.0,0.15857318580043178,0.07410604843114718,0.0,0.0,0.7695877175599546,0.0,0.0,0.15459742559494363,0.07581485684510175,0.0,0.0
2019-09-05,921723570.9541532,285402.0791532234,15800857.625,905637311.25,0.9825476311867549,Bull,1.0,0.0,0.0,0.0,0.7500759805180122,0.0,0.0,0.1579113354444526,0.07456031522429012,0.0,0.0,0.777190788169966,0.0,0.0,0.1248543081706549,0.09795490365937913,0.0,0.0
2019-09-06,925724696.8041532,285402.0791532234,15800857.625,909638437.1,0.9826230630340886,Bull,1.0,0.0,0.0,0.0,0.7507549917370661,0.0,0.0,0.1571828001373758,0.0746852711596468,0.0,0.0,0.777190788169966,0.0,0.0,0.1248543081706549,0.09795490365937913,0.0,0.0
2019-09-09,931258913.3041532,285402.0791532234,15800857.625,915172653.6,0.982726329408136,Bull,1.0,0.0,0.0,0.0,0.7512770547534042,0.0,0.0,0.156941101891248,0.07450817276348377,0.0,0.0,0.777190788169966,0.0,0.0,0.1248543081706549,0.09795490365937913,0.0,0.0
2019-09-10,938005265.2475314,1072971.1725313512,15800857.625,921131436.45,0.9820109444768644,Bull,1.0,0.0,0.0,0.0,0.7529901618021423,0.0,0.0,0.1327289990927134,0.09629178358200874,0.0,0.0,0.777190788169966,0.0,0.0,0.1248543081706549,0.09795490365937913,0.0,0.0
2019-09-11,938187038.0821295,483207.1071294772,15800857.625,921902973.35,0.9826430508298027,Bull,1.0,0.0,0.0,0.0,0.7531274092151187,0.0,0.0,0.126869478226132,0.10264616338855209,0.0,0.0,0.777190788169966,0.0,0.0,0.1248543081706549,0.09795490365937913,0.0,0.0
2019-09-12,936888195.6997253,2591481.249725228,13589915.25,920706799.2,0.9827285725511357,Bull,1.0,2210942.375,0.0,0.0,0.7524831697484122,0.0,0.0,0.12538027540443955,0.10486512739828387,0.0,0.0,0.777190788169966,0.0,0.0,0.1248543081706549,0.09795490365937913,0.0,0.0
2019-09-16,939377796.365739,189713.36573897768,13589915.25,925598167.75,0.9853311110087448,Bull,1.0,0.0,0.0,0.0,0.7517990849711735,0.0,0.0,0.125536286312314,0.1079957397252572,0.0,0.0,0.777190788169966,0.0,0.0,0.1248543081706549,0.09795490365937913,0.0,0.0
2019-09-17,942392604.7401962,120998.69019623008,13589915.25,928681690.8,0.9854509533805433,Bull,1.0,0.0,0.0,0.0,0.755212304532257,0.0,0.0,0.12474652221237413,0.10549212663591227,0.0,0.0,0.777190788169966,0.0,0.0,0.1248543081706549,0.09795490365937913,0.0,0.0
2019-09-18,948141981.9041733,15127934.554173231,0.0,933014047.35,0.9840446527599258,Bull,1.0,13589915.25,0.0,0.0,0.759681472919736,0.0,0.0,0.12428412858941389,0.10007905125077592,0.0,0.0,0.777190788169966,0.0,0.0,0.1248543081706549,0.09795490365937913,0.0,0.0
2019-09-19,946401170.2685442,66047.0685441047,0.0,946335123.2,0.9999302123976396,Bull,1.0,0.0,0.0,0.0,0.7597501416824892,0.0,0.0,0.12471286353810096,0.1154672071770494,0.0,0.0,0.777190788169966,0.0,0.0,0.1248543081706549,0.09795490365937913,0.0,0.0
2019-09-20,947594171.2351972,334062.9851972322,0.0,947260108.25,0.999647461967013,Bull,1.0,0.0,0.0,0.0,0.7720301901988174,0.0,0.0,0.12509353011900107,0.10252374164919457,0.0,0.0,0.777190788169966,0.0,0.0,0.1248543081706549,0.09795490365937913,0.0,0.0
2019-09-23,943268934.1351972,334062.9851972322,0.0,942934871.15,0.9996458454496824,Bull,1.0,0.0,0.0,0.0,0.7719067646572577,0.0,0.0,0.12498842666549848,0.10275065412692623,0.0,0.0,0.777190788169966,0.0,0.0,0.1248543081706549,0.09795490365937913,0.0,0.0
2019-09-24,941960593.4851972,334062.9851972322,0.0,941626530.5,0.999645353545034,Bull,1.0,0.0,0.0,0.0,0.7718602938684671,0.0,0.0,0.12470903858659778,0.1030760210899691,0.0,0.0,0.777190788169966,0.0,0.0,0.1248543081706549,0.09795490365937913,0.0,0.0
2019-09-25,938340078.6851972,334062.9851972322,0.0,938006015.7,0.9996439851682929,Bull,1.0,0.0,0.0,0.0,0.7723754235410273,0.0,0.0,0.12446713366826422,0.10280142795900139,0.0,0.0,0.777190788169966,0.0,0.0,0.1248543081706549,0.09795490365937913,0.0,0.0
2019-09-26,934460614.6351972,334062.9851972322,0.0,934126551.65,0.9996425071533618,Bull,1.0,0.0,0.0,0.0,0.7715708295865109,0.0,0.0,0.12459797467810207,0.10347370288874883,0.0,0.0,0.777190788169966,0.0,0.0,0.1248543081706549,0.09795490365937913,0.0,0.0
2019-09-27,932766449.2351972,334062.9851972322,0.0,932432386.25,0.9996418578461188,Bull,1.0,0.0,0.0,0.0,0.7707049142252461,0.0,0.0,0.12490640084184929,0.10403054277902346,0.0,0.0,0.777190788169966,0.0,0.0,0.1248543081706549,0.09795490365937913,0.0,0.0
2019-10-01,941756411.8351972,334062.9851972322,0.0,941422348.85,0.9996452766543461,Bull,1.0,0.0,0.0,0.0,0.7698651049660982,0.0,0.0,0.12509848461813985,0.10468168707010814,0.0,0.0,0.777190788169966,0.0,0.0,0.1248543081706549,0.09795490365937913,0.0,0.0
2019-10-02,940183780.5351971,334062.9851972322,0.0,939849717.55,0.9996446833139293,Bull,1.0,0.0,0.0,0.0,0.7701186539697958,0.0,0.0,0.12503523506125738,0.10449079428287608,0.0,0.0,0.777190788169966,0.0,0.0,0.1248543081706549,0.09795490365937913,0.0,0.0
2019-10-03,931930087.8351972,334062.9851972322,0.0,931596024.85,0.9996415364311574,Bull,1.0,0.0,0.0,0.0,0.7699325670627849,0.0,0.0,0.12533890849187412,0.10437006087649836,0.0,0.0,0.777190788169966,0.0,0.0,0.1248543081706549,0.09795490365937913,0.0,0.0
2019-10-04,935725894.2351972,334062.9851972322,0.0,935391831.25,0.9996429905517681,Bull,1.0,0.0,0.0,0.0,0.7697732698085957,0.0,0.0,0.1254940156336896,0.10437570510948277,0.0,0.0,0.777190788169966,0.0,0.0,0.1248543081706549,0.09795490365937913,0.0,0.0
2019-10-07,935061125.6851972,334062.9851972322,0.0,934727062.7,0.9996427367409244,Bull,1.0,0.0,0.0,0.0,0.7689929491754758,0.0,0.0,0.12583188068457057,0.10481790688087804,0.0,0.0,0.777190788169966,0.0,0.0,0.1248543081706549,0.09795490365937913,0.0,0.0
2019-10-08,938390801.3851972,334062.9851972322,0.0,938056738.4,0.9996440044119101,Bull,1.0,0.0,0.0,0.0,0.7686657172419491,0.0,0.0,0.12524888332931824,0.10572940384064286,0.0,0.0,0.777190788169966,0.0,0.0,0.1248543081706549,0.09795490365937913,0.0,0.0
2019-10-09,932503330.1851972,334062.9851972322,0.0,932169267.2,0.9996417567912269,Bull,1.0,0.0,0.0,0.0,0.7689355565707152,0.0,0.0,0.1251702768469672,0.10553592337354445,0.0,0.0,0.777190788169966,0.0,0.0,0.1248543081706549,0.09795490365937913,0.0,0.0
2019-10-14,941965376.6351973,334062.9851972322,0.0,941631313.6500001,0.9996453553458722,Bull,1.0,0.0,0.0,0.0,0.7685571907494556,0.0,0.0,0.1244814330849988,0.10660673151141778,0.0,0.0,0.777190788169966,0.0,0.0,0.1248543081706549,0.09795490365937913,0.0,0.0
2019-10-15,941204252.4851972,334062.9851972322,0.0,940870189.5,0.9996450685551886,Bull,1.0,0.0,0.0,0.0,0.768187232039064,0.0,0.0,0.12458209755256515,0.10687573896355941,0.0,0.0,0.777190788169966,0.0,0.0,0.1248543081706549,0.09795490365937913,0.0,0.0
2019-10-16,943481367.2851973,334062.9851972322,0.0,943147304.3000001,0.9996459251907026,Bull,1.0,0.0,0.0,0.0,0.7679234899834438,0.0,0.0,0.12461835927752793,0.1071040759297308,0.0,0.0,0.777190788169966,0.0,0.0,0.1248543081706549,0.09795490365937913,0.0,0.0
2019-10-17,943437036.5851972,334062.9851972322,0.0,943102973.6,0.9996459085532551,Bull,1.0,0.0,0.0,0.0,0.7675802364311827,0.0,0.0,0.12489577516110077,0.10716989696097162,0.0,0.0,0.777190788169966,0.0,0.0,0.1248543081706549,0.09795490365937913,0.0,0.0
2019-10-18,944764474.9351972,334062.9851972322,0.0,944430411.95,0.9996464060683271,Bull,1.0,0.0,0.0,0.0,0.7680839841059582,0.0,0.0,0.12478591556703746,0.1067765063953314,0.0,0.0,0.777190788169966,0.0,0.0,0.1248543081706549,0.09795490365937913,0.0,0.0
2019-10-21,946661703.4351971,334062.9851972322,0.0,946327640.4499999,0.9996471147148078,Bull,1.0,0.0,0.0,0.0,0.7684196876353262,0.0,0.0,0.12478607676991181,0.10644135030956992,0.0,0.0,0.777190788169966,0.0,0.0,0.1248543081706549,0.09795490365937913,0.0,0.0
2019-10-22,949335518.2351972,334062.9851972322,0.0,949001455.25,0.9996481086204189,Bull,1.0,0.0,0.0,0.0,0.767665110228655,0.0,0.0,0.12481445992905955,0.10716853846270424,0.0,0.0,0.777190788169966,0.0,0.0,0.1248543081706549,0.09795490365937913,0.0,0.0
2019-10-23,943981666.3351972,334062.9851972322,0.0,943647603.35,0.9996461128461381,Bull,1.0,0.0,0.0,0.0,0.7672841318644937,0.0,0.0,0.12488939584779755,0.10747258513384675,0.0,0.0,0.777190788169966,0.0,0.0,0.1248543081706549,0.09795490365937913,0.0,0.0
2019-10-24,950243857.9351971,334062.9851972322,0.0,949909794.9499999,0.9996484449939796,Bull,1.0,0.0,0.0,0.0,0.76815060560989,0.0,0.0,0.1243110376495122,0.1071868017345775,0.0,0.0,0.777190788169966,0.0,0.0,0.1248543081706549,0.09795490365937913,0.0,0.0
2019-10-25,951936819.9351972,334062.9851972322,0.0,951602756.95,0.9996490702132733,Bull,1.0,0.0,0.0,0.0,0.7686928813193857,0.0,0.0,0.12396001239665565,0.10699617649723188,0.0,0.0,0.777190788169966,0.0,0.0,0.1248543081706549,0.09795490365937913,0.0,0.0
2019-10-28,954364837.5351973,334062.9851972322,0.0,954030774.5500001,0.9996499630203687,Bull,1.0,0.0,0.0,0.0,0.7684877372936023,0.0,0.0,0.12395752163871716,0.10720470408804923,0.0,0.0,0.777190788169966,0.0,0.0,0.1248543081706549,0.09795490365937913,0.0,0.0
2019-10-29,954885580.9851972,334062.9851972322,0.0,954551518.0,0.9996501539117886,Bull,1.0,0.0,0.0,0.0,0.7686711189446461,0.0,0.0,0.1235324968236468,0.10744653814349565,0.0,0.0,0.777190788169966,0.0,0.0,0.1248543081706549,0.09795490365937913,0.0,0.0
2019-10-30,959401400.2851971,334062.9851972322,0.0,959067337.3,0.9996518006070265,Bull,1.0,0.0,0.0,0.0,0.7688814995274316,0.0,0.0,0.12335128963207742,0.10741901144751759,0.0,0.0,0.777190788169966,0.0,0.0,0.1248543081706549,0.09795490365937913,0.0,0.0
2019-10-31,960583561.3351971,334062.9851972322,0.0,960249498.3499999,0.999652229125457,Bull,1.0,0.0,0.0,0.0,0.769598115256558,0.0,0.0,0.12246878328469418,0.10758533058420486,0.0,0.0,0.777190788169966,0.0,0.0,0.1248543081706549,0.09795490365937913,0.0,0.0
2019-11-01,962219133.2851971,334062.9851972322,0.0,961885070.3,0.9996528202634501,Bull,1.0,0.0,0.0,0.0,0.7692159142304457,0.0,0.0,0.12303444808440629,0.1074024579485982,0.0,0.0,0.777190788169966,0.0,0.0,0.1248543081706549,0.09795490365937913,0.0,0.0
2019-11-04,968765376.5851972,334062.9851972322,0.0,968431313.6,0.9996551662628832,Bull,1.0,0.0,0.0,0.0,0.7680686485956001,0.0,0.0,0.12242345036942995,0.10916306729785322,0.0,0.0,0.777190788169966,0.0,0.0,0.1248543081706549,0.09795490365937913,0.0,0.0
2019-11-05,972518834.8351972,334062.9851972322,0.0,972184771.85,0.9996564971564239,Bull,1.0,0.0,0.0,0.0,0.7677388294248568,0.0,0.0,0.12235032961614947,0.10956733811541758,0.0,0.0,0.777190788169966,0.0,0.0,0.1248543081706549,0.09795490365937913,0.0,0.0
2019-11-06,976228095.8851972,334062.9851972322,0.0,975894032.9,0.9996578023244719,Bull,1.0,0.0,0.0,0.0,0.7677867355583096,0.0,0.0,0.12219132035104623,0.10967974641511603,0.0,0.0,0.777190788169966,0.0,0.0,0.1248543081706549,0.09795490365937913,0.0,0.0
2019-11-07,974372678.2851973,334062.9851972322,0.0,974038615.3000001,0.9996571507056364,Bull,1.0,0.0,0.0,0.0,0.7675342114643134,0.0,0.0,0.12282292255014486,0.10930001669117813,0.0,0.0,0.777190788169966,0.0,0.0,0.1248543081706549,0.09795490365937913,0.0,0.0
2019-11-08,975601106.1851972,334062.9851972322,0.0,975267043.2,0.9996575824042436,Bull,1.0,0.0,0.0,0.0,0.7675911686162482,0.0,0.0,0.12325672781389117,0.1088096859741042,0.0,0.0,0.777190788169966,0.0,0.0,0.1248543081706549,0.09795490365937913,0.0,0.0
2019-11-11,970682697.1851972,334062.9851972322,0.0,970348634.2,0.9996558473884762,Bull,1.0,0.0,0.0,0.0,0.7676722644390861,0.0,0.0,0.1242768624080916,0.10770672054129858,0.0,0.0,0.777190788169966,0.0,0.0,0.1248543081706549,0.09795490365937913,0.0,0.0
2019-11-12,971902947.1851972,334062.9851972322,0.0,971568884.2,0.9996562794812335,Bull,1.0,0.0,0.0,0.0,0.7673757820778417,0.0,0.0,0.12370587037338206,0.1085746270300097,0.0,0.0,0.777190788169966,0.0,0.0,0.1248543081706549,0.09795490365937913,0.0,0.0
2019-11-13,964276612.1351972,334062.9851972322,0.0,963942549.15,0.9996535610415175,Bull,1.0,0.0,0.0,0.0,0.7678522841184378,0.0,0.0,0.12302216864652915,0.1087791082765506,0.0,0.0,0.777190788169966,0.0,0.0,0.1248543081706549,0.09795490365937913,0.0,0.0
2019-11-14,960370765.8851972,334062.9851972322,0.0,960036702.9,0.9996521520676556,Bull,1.0,0.0,0.0,0.0,0.7666770262642675,0.0,0.0,0.12381332733551172,0.1091617984678764,0.0,0.0,0.777190788169966,0.0,0.0,0.1248543081706549,0.09795490365937913,0.0,0.0
2019-11-15,964035763.8351972,334062.9851972322,0.0,963701700.85,0.9996534744895063,Bull,1.0,0.0,0.0,0.0,0.7662763442625605,0.0,0.0,0.12355952389787372,0.10981760632907209,0.0,0.0,0.777190788169966,0.0,0.0,0.1248543081706549,0.09795490365937913,0.0,0.0
2019-11-18,970752786.1351972,334062.9851972322,0.0,970418723.15,0.9996558722365071,Bull,1.0,0.0,0.0,0.0,0.7671406497990568,0.0,0.0,0.12274855318664493,0.10976666925080539,0.0,0.0,0.777190788169966,0.0,0.0,0.1248543081706549,0.09795490365937913,0.0,0.0
2019-11-19,972780054.6851971,334062.9851972322,0.0,972445991.6999999,0.9996565893969678,Bull,1.0,0.0,0.0,0.0,0.7671514111599477,0.0,0.0,0.12214189572220477,0.11036328251481542,0.0,0.0,0.777190788169966,0.0,0.0,0.1248543081706549,0.09795490365937913,0.0,0.0
2019-11-20,972478280.5351971,334062.9851972322,0.0,972144217.55,0.9996564828316645,Bull,1.0,0.0,0.0,0.0,0.7662631469156289,0.0,0.0,0.12340861734613966,0.10998471856989597,0.0,0.0,0.777190788169966,0.0,0.0,0.1248543081706549,0.09795490365937913,0.0,0.0
2019-11-21,963454524.1351972,334062.9851972322,0.0,963120461.15,0.9996532654351309,Bull,1.0,0.0,0.0,0.0,0.7658726412773128,0.0,0.0,0.1236586647480226,0.11012195940979548,0.0,0.0,0.777190788169966,0.0,0.0,0.1248543081706549,0.09795490365937913,0.0,0.0
2019-11-22,966549753.5851972,334062.9851972322,0.0,966215690.6,0.9996543758001509,Bull,1.0,0.0,0.0,0.0,0.7654834506507201,0.0,0.0,0.12434227990251759,0.1098286452469132,0.0,0.0,0.777190788169966,0.0,0.0,0.1248543081706549,0.09795490365937913,0.0,0.0
2019-11-25,966347689.5351971,334062.9851972322,0.0,966013626.55,0.9996543035298632,Bull,1.0,0.0,0.0,0.0,0.7657681956128349,0.0,0.0,0.12397515024599894,0.10991095767102928,0.0,0.0,0.777190788169966,0.0,0.0,0.1248543081706549,0.09795490365937913,0.0,0.0
2019-11-26,969641444.5851971,334062.9851972322,0.0,969307381.5999999,0.9996554778190818,Bull,1.0,0.0,0.0,0.0,0.7675445761483304,0.0,0.0,0.12227757039688118,0.1098333312738702,0.0,0.0,0.777190788169966,0.0,0.0,0.1248543081706549,0.09795490365937913,0.0,0.0
2019-11-27,973484342.5351971,334062.9851972322,0.0,973150279.55,0.9996568378446363,Bull,1.0,0.0,0.0,0.0,0.7675039514289733,0.0,0.0,0.12234074529626444,0.10981214111939856,0.0,0.0,0.777190788169966,0.0,0.0,0.1248543081706549,0.09795490365937913,0.0,0.0
2019-11-28,970211800.7851971,334062.9851972322,0.0,969877737.8,0.999655680352551,Bull,1.0,0.0,0.0,0.0,0.7677432774958727,0.0,0.0,0.12202541744409416,0.1098869854125842,0.0,0.0,0.777190788169966,0.0,0.0,0.1248543081706549,0.09795490365937913,0.0,0.0
2019-11-29,963355557.3351972,334062.9851972322,0.0,963021494.35,0.999653229814627,Bull,1.0,0.0,0.0,0.0,0.7677526627820671,0.0,0.0,0.12295792461887968,0.10894264241368022,0.0,0.0,0.777190788169966,0.0,0.0,0.1248543081706549,0.09795490365937913,0.0,0.0
2019-12-02,963949760.1351972,334062.9851972322,0.0,963615697.15,0.9996534435724634,Bull,1.0,0.0,0.0,0.0,0.7669513264325211,0.0,0.0,0.12317218688175977,0.10952993025818261,0.0,0.0,0.777190788169966,0.0,0.0,0.1248543081706549,0.09795490365937913,0.0,0.0
2019-12-03,964065197.9851972,334062.9851972322,0.0,963731135.0,0.9996534850693757,Bull,1.0,0.0,0.0,0.0,0.7669349402356009,0.0,0.0,0.12320172976706056,0.10951681506671415,0.0,0.0,0.777190788169966,0.0,0.0,0.1248543081706549,0.09795490365937913,0.0,0.0
2019-12-04,964793122.1351973,334062.9851972322,0.0,964459059.1500001,0.9996537465104873,Bull,1.0,0.0,0.0,0.0,0.7676596590063736,0.0,0.0,0.12297600104924253,0.10901808645487115,0.0,0.0,0.777190788169966,0.0,0.0,0.1248543081706549,0.09795490365937913,0.0,0.0
2019-12-05,962595311.8351972,334062.9851972322,0.0,962261248.85,0.9996529559399575,Bull,1.0,0.0,0.0,0.0,0.7655862643305401,0.0,0.0,0.12336980924371226,0.11069688236570506,0.0,0.0,0.777190788169966,0.0,0.0,0.1248543081706549,0.09795490365937913,0.0,0.0
2019-12-06,961679122.1351972,334062.9851972322,0.0,961345059.15,0.9996526253118031,Bull,1.0,0.0,0.0,0.0,0.7657852730699793,0.0,0.0,0.12288610335806599,0.11098124888375777,0.0,0.0,0.777190788169966,0.0,0.0,0.1248543081706549,0.09795490365937913,0.0,0.0
2019-12-09,966090972.1351973,334062.9851972322,0.0,965756909.1500001,0.9996542116686394,Bull,1.0,0.0,0.0,0.0,0.7666283823283198,0.0,0.0,0.12183904352180168,0.11118678581851797,0.0,0.0,0.777190788169966,0.0,0.0,0.1248543081706549,0.09795490365937913,0.0,0.0
2019-12-10,962499036.9351971,334062.9851972322,0.0,962164973.9499999,0.9996529212265387,Bull,1.0,0.0,0.0,0.0,0.7671972081149381,0.0,0.0,0.12162858923242942,0.11082712387917112,0.0,0.0,0.777190788169966,0.0,0.0,0.1248543081706549,0.09795490365937913,0.0,0.0
2019-12-11,962988226.6351972,334062.9851972322,0.0,962654163.65,0.9996530975395572,Bull,1.0,0.0,0.0,0.0,0.7666635927935191,0.0,0.0,0.12132536698629841,0.1116641377597396,0.0,0.0,0.777190788169966,0.0,0.0,0.1248543081706549,0.09795490365937913,0.0,0.0
2019-12-12,968232692.3851972,334062.9851972322,0.0,967898629.4,0.9996549765486907,Bull,1.0,0.0,0.0,0.0,0.7646220637068406,0.0,0.0,0.12148587929853125,0.11354703354331895,0.0,0.0,0.777190788169966,0.0,0.0,0.1248543081706549,0.09795490365937913,0.0,0.0
2019-12-13,971801890.1297445,307635.02974448283,0.0,971494255.1,0.999683438535293,Bull,1.0,0.0,0.0,0.0,0.7750823112717319,0.0,0.0,0.12199780758213122,0.10260331968142991,0.0,0.0,0.777190788169966,0.0,0.0,0.1248543081706549,0.09795490365937913,0.0,0.0
2019-12-16,968738278.1297444,307635.02974448283,0.0,968430643.0999999,0.9996824374171128,Bull,1.0,0.0,0.0,0.0,0.7758004510268192,0.0,0.0,0.12100729644575889,0.10287468994453483,0.0,0.0,0.777190788169966,0.0,0.0,0.1248543081706549,0.09795490365937913,0.0,0.0
2019-12-17,977289808.5297445,307635.02974448283,0.0,976982173.5,0.9996852161691859,Bull,1.0,0.0,0.0,0.0,0.7763060832910642,0.0,0.0,0.12003583683788062,0.10334329604024117,0.0,0.0,0.777190788169966,0.0,0.0,0.1248543081706549,0.09795490365937913,0.0,0.0
2019-12-18,983609181.4297445,307635.02974448283,0.0,983301546.4,0.9996872385541407,Bull,1.0,0.0,0.0,0.0,0.7774935013196836,0.0,0.0,0.11946208130062363,0.10273165593383338,0.0,0.0,0.777190788169966,0.0,0.0,0.1248543081706549,0.09795490365937913,0.0,0.0
2019-12-19,980012903.3797445,307635.02974448283,0.0,979705268.35,0.9996860908374945,Bull,1.0,0.0,0.0,0.0,0.7778044714729976,0.0,0.0,0.11935046936282767,0.10253115000166928,0.0,0.0,0.777190788169966,0.0,0.0,0.1248543081706549,0.09795490365937913,0.0,0.0
2019-12-20,976617230.6797445,307635.02974448283,0.0,976309595.65,0.9996849993835042,Bull,1.0,0.0,0.0,0.0,0.7769321713911239,0.0,0.0,0.12060272571478281,0.10215010227759758,0.0,0.0,0.777190788169966,0.0,0.0,0.1248543081706549,0.09795490365937913,0.0,0.0
2019-12-23,982528674.1297444,307635.02974448283,0.0,982221039.0999999,0.9996868946038476,Bull,1.0,0.0,0.0,0.0,0.7775400445963152,0.0,0.0,0.12040188048942227,0.10174496951811013,0.0,0.0,0.777190788169966,0.0,0.0,0.1248543081706549,0.09795490365937913,0.0,0.0
2019-12-24,978550744.5297445,307635.02974448283,0.0,978243109.5,0.9996856217917525,Bull,1.0,0.0,0.0,0.0,0.7774187631583536,0.0,0.0,0.12005570549788591,0.10221115313551303,0.0,0.0,0.777190788169966,0.0,0.0,0.1248543081706549,0.09795490365937913,0.0,0.0
2019-12-25,979723668.6797445,307635.02974448283,0.0,979416033.65,0.9996859981650141,Bull,1.0,0.0,0.0,0.0,0.7774405253232477,0.0,0.0,0.11999914236881663,0.10224633047294987,0.0,0.0,0.777190788169966,0.0,0.0,0.1248543081706549,0.09795490365937913,0.0,0.0
2019-12-26,981168186.2797445,307635.02974448283,0.0,980860551.25,0.9996864604518916,Bull,1.0,0.0,0.0,0.0,0.7775276572537493,0.0,0.0,0.12006300412844106,0.10209579906970125,0.0,0.0,0.777190788169966,0.0,0.0,0.1248543081706549,0.09795490365937913,0.0,0.0
2019-12-27,982798843.4297445,307635.02974448283,0.0,982491208.4,0.9996869806758513,Bull,1.0,0.0,0.0,0.0,0.7768219442909591,0.0,0.0,0.1202580780290151,0.10260695835587713,0.0,0.0,0.777190788169966,0.0,0.0,0.1248543081706549,0.09795490365937913,0.0,0.0
2019-12-30,979775995.1297445,307635.02974448283,0.0,979468360.1,0.999686014934767,Bull,1.0,0.0,0.0,0.0,0.7766517692640895,0.0,0.0,0.12032076779385582,0.10271347787682172,0.0,0.0,0.777190788169966,0.0,0.0,0.1248543081706549,0.09795490365937913,0.0,0.0
2019-12-31,974267248.0797445,307635.02974448283,0.0,973959613.05,0.999684239585852,Bull,1.0,0.0,0.0,0.0,0.7775642304954026,0.0,0.0,0.11972351552399996,0.10239649356644949,0.0,0.0,0.777190788169966,0.0,0.0,0.1248543081706549,0.09795490365937913,0.0,0.0
2020-01-02,976854796.3797445,307635.02974448283,0.0,976547161.35,0.9996850759899172,Bull,1.0,0.0,0.0,0.0,0.7774151431353374,0.0,0.0,0.11940730642085698,0.10286262643372279,0.0,0.0,0.777190788169966,0.0,0.0,0.1248543081706549,0.09795490365937913,0.0,0.0
2020-01-03,980132655.5797445,307635.02974448283,0.0,979825020.55,0.9996861291907854,Bull,1.0,0.0,0.0,0.0,0.7776779665596852,0.0,0.0,0.11948953984267222,0.10251862278842795,0.0,0.0,0.777190788169966,0.0,0.0,0.1248543081706549,0.09795490365937913,0.0,0.0
2020-01-06,972653411.1797445,307635.02974448283,0.0,972345776.15,0.9996837156728096,Bull,1.0,0.0,0.0,0.0,0.778288203638559,0.0,0.0,0.11941098305420586,0.10198452898004472,0.0,0.0,0.777190788169966,0.0,0.0,0.1248543081706549,0.09795490365937913,0.0,0.0
2020-01-07,971407656.4797446,307635.02974448283,0.0,971100021.45,0.9996833100627811,Bull,1.0,0.0,0.0,0.0,0.7788765266601299,0.0,0.0,0.11900925345692968,0.10179752994572157,0.0,0.0,0.777190788169966,0.0,0.0,0.1248543081706549,0.09795490365937913,0.0,0.0
2020-01-08,965954201.1797445,307635.02974448283,0.0,965646566.15,0.9996815221370032,Bull,1.0,0.0,0.0,0.0,0.7785728507950822,0.0,0.0,0.11921579704229851,0.10189287429962253,0.0,0.0,0.777190788169966,0.0,0.0,0.1248543081706549,0.09795490365937913,0.0,0.0
2020-01-09,972112772.3797445,307635.02974448283,0.0,971805137.35,0.99968353977184,Bull,1.0,0.0,0.0,0.0,0.7784205792272001,0.0,0.0,0.11863952750838593,0.10262343303625406,0.0,0.0,0.777190788169966,0.0,0.0,0.1248543081706549,0.09795490365937913,0.0,0.0
2020-01-10,975703901.9797446,307635.02974448283,0.0,975396266.95,0.9996847045203773,Bull,1.0,0.0,0.0,0.0,0.7788472152341315,0.0,0.0,0.11822264907001945,0.10261484021622629,0.0,0.0,0.777190788169966,0.0,0.0,0.1248543081706549,0.09795490365937913,0.0,0.0
2020-01-13,984653931.4297445,307635.02974448283,0.0,984346296.4,0.9996875704042558,Bull,1.0,0.0,0.0,0.0,0.7801267753886059,0.0,0.0,0.1171471481686053,0.10241364684704468,0.0,0.0,0.777190788169966,0.0,0.0,0.1248543081706549,0.09795490365937913,0.0,0.0
2020-01-14,987844986.8797445,307635.02974448283,0.0,987537351.85,0.9996885796518377,Bull,1.0,0.0,0.0,0.0,0.7807339836648759,0.0,0.0,0.11624678115006652,0.10270781483689523,0.0,0.0,0.777190788169966,0.0,0.0,0.1248543081706549,0.09795490365937913,0.0,0.0
2020-01-15,987285491.7297446,307635.02974448283,0.0,986977856.7,0.9996884031697807,Bull,1.0,0.0,0.0,0.0,0.7821309673528305,0.0,0.0,0.1158336681314311,0.10172376768551908,0.0,0.0,0.777190788169966,0.0,0.0,0.1248543081706549,0.09795490365937913,0.0,0.0
2020-01-16,987253098.2797445,307635.02974448283,0.0,986945463.25,0.9996883929457597,Bull,1.0,0.0,0.0,0.0,0.7823704626461817,0.0,0.0,0.11590351065940806,0.10141441964016999,0.0,0.0,0.777190788169966,0.0,0.0,0.1248543081706549,0.09795490365937913,0.0,0.0
2020-01-17,992929513.8797445,307635.02974448283,0.0,992621878.85,0.9996901743523138,Bull,1.0,0.0,0.0,0.0,0.7830514331394587,0.0,0.0,0.11580409121963724,0.10083464999321787,0.0,0.0,0.777190788169966,0.0,0.0,0.1248543081706549,0.09795490365937913,0.0,0.0
2020-01-20,1000671853.7797445,307635.02974448283,0.0,1000364218.75,0.9996925715172437,Bull,1.0,0.0,0.0,0.0,0.7845554122308737,0.0,0.0,0.11467135761495796,0.100465801671412,0.0,0.0,0.777190788169966,0.0,0.0,0.1248543081706549,0.09795490365937913,0.0,0.0
2020-01-30,960909202.3297445,307635.02974448283,0.0,960601567.3,0.9996798500534716,Bull,1.0,0.0,0.0,0.0,0.7833031627495124,0.0,0.0,0.11769686430913179,0.09867982299482743,0.0,0.0,0.777190788169966,0.0,0.0,0.1248543081706549,0.09795490365937913,0.0,0.0
2020-01-31,967548973.6797445,307635.02974448283,2984100.0,964257238.65,0.9965978621038422,Bull,0.5,0.0,0.0,0.0,0.7844662226898602,0.0,0.0,0.11646872981677076,0.09566290959721133,0.0,0.0,0.388595394084983,0.0,0.0,0.06242715408532745,0.048977451829689565,0.0,0.0
2020-02-03,961463848.7117025,458667.2117024958,2984100.0,958021081.5,0.9964192442427081,Bull,0.5,0.0,0.0,0.0,0.7667212162867747,0.0,0.0,0.11716571574786125,0.11253231220807221,0.0,0.0,0.388595394084983,0.0,0.0,0.06242715408532745,0.048977451829689565,0.0,0.0
2020-02-04,967379804.8073552,503082.6573550182,2984100.0,963892622.1500001,0.9963952290093037,Bull,0.5,0.0,0.0,0.0,0.7913385397811229,0.0,0.0,0.11711460114940225,0.08794208807877851,0.0,0.0,0.388595394084983,0.0,0.0,0.06242715408532745,0.048977451829689565,0.0,0.0
2020-02-05,972241728.3673391,77837017.41733909,2984100.0,891420610.95,0.9168713756474329,Bull,0.5,0.0,0.0,0.0,0.7274112911586463,0.0,0.0,0.1173214404112711,0.07213864407751552,0.0,0.0,0.388595394084983,0.0,0.0,0.06242715408532745,0.048977451829689565,0.0,0.0
2020-02-06,979528847.1722193,246669128.87221926,2984100.0,729875618.3,0.7451292735349879,Bull,0.5,0.0,0.0,0.0,0.5666109986472084,0.0,0.0,0.11689252473834377,0.06162575014943573,0.0,0.0,0.388595394084983,0.0,0.0,0.06242715408532745,0.048977451829689565,0.0,0.0
2020-02-07,976398601.1233623,385175166.9233623,2984100.0,588239334.1999999,0.6024581902546984,Sideways,0.5,0.0,0.0,0.0,0.43383463855094273,0.0,0.0,0.1168774718324097,0.05174607987134599,0.0,0.0,0.388595394084983,0.0,0.0,0.06242715408532745,0.048977451829689565,0.0,0.0
2020-02-10,976064465.500536,415451271.9505361,2984100.0,557629093.55,0.5713035493655042,Bull,0.5,0.0,0.0,0.0,0.40444858664899647,0.0,0.0,0.11725577976174889,0.04959918295475886,0.0,0.0,0.388595394084983,0.0,0.0,0.06242715408532745,0.048977451829689565,0.0,0.0
2020-02-11,976922125.4300427,427397110.5300427,2984100.0,546540914.9,0.5594518751015203,Sideways,0.5,0.0,0.0,0.0,0.3932047958591429,0.0,0.0,0.1167526019024202,0.04949447733995712,0.0,0.0,0.388595394084983,0.0,0.0,0.06242715408532745,0.048977451829689565,0.0,0.0
2020-02-12,975391422.2031219,431077906.55312186,2984100.0,541329415.65,0.5549868527932061,Sideways,0.5,0.0,0.0,0.0,0.38871109281812427,0.0,0.0,0.11659729356971578,0.049678466405366044,0.0,0.0,0.388595394084983,0.0,0.0,0.06242715408532745,0.048977451829689565,0.0,0.0
2020-02-13,978040865.2423943,431586763.4423944,2984100.0,543470001.8,0.555672079883194,Bull,1.0,0.0,0.0,0.0,0.38935183112785715,0.0,0.0,0.11717056420909214,0.0491496845462448,0.0,0.0,0.777190788169966,0.0,0.0,0.1248543081706549,0.09795490365937913,0.0,0.0
2020-02-14,979958225.3304266,236465999.38042653,2984100.0,740508125.95,0.7556527480549615,Bull,1.0,0.0,0.0,0.0,0.5638074783888906,0.0,0.0,0.12080188414162639,0.07104338552444456,0.0,0.0,0.777190788169966,0.0,0.0,0.1248543081706549,0.09795490365937913,0.0,0.0
2020-02-17,981805764.6477512,57494094.29775116,2984100.0,921327570.35,0.9384010600921158,Bull,1.0,0.0,0.0,0.0,0.7237486231351876,0.0,0.0,0.1243083962170333,0.0903440407398948,0.0,0.0,0.777190788169966,0.0,0.0,0.1248543081706549,0.09795490365937913,0.0,0.0
2020-02-18,984001959.3557858,12494082.6057859,2984100.0,968523776.75,0.9842701709497416,Bull,1.0,0.0,0.0,0.0,0.7660585627730923,0.0,0.0,0.12373816824482126,0.09447343993182811,0.0,0.0,0.777190788169966,0.0,0.0,0.1248543081706549,0.09795490365937913,0.0,0.0
2020-02-19,992693337.8557858,12494082.6057859,2984100.0,977215155.25,0.9844078911225307,Bull,1.0,0.0,0.0,0.0,0.7665428246890746,0.0,0.0,0.12313883385581698,0.09472623257763906,0.0,0.0,0.777190788169966,0.0,0.0,0.1248543081706549,0.09795490365937913,0.0,0.0
2020-02-20,989410751.7057859,12494082.6057859,2984100.0,973932569.1,0.984356160897685,Bull,1.0,0.0,0.0,0.0,0.7670459086800744,0.0,0.0,0.12268251561925106,0.09462773659835952,0.0,0.0,0.777190788169966,0.0,0.0,0.1248543081706549,0.09795490365937913,0.0,0.0
2020-02-21,983147311.0557859,12494082.6057859,2984100.0,967669128.45,0.9842564970358673,Bull,1.0,0.0,0.0,0.0,0.7661245369639841,0.0,0.0,0.12336869422930026,0.09476326584258292,0.0,0.0,0.777190788169966,0.0,0.0,0.1248543081706549,0.09795490365937913,0.0,0.0
2020-02-24,972247907.4557859,12494082.6057859,2984100.0,956769724.85,0.9840800041973968,Bull,1.0,0.0,0.0,0.0,0.766232890950067,0.0,0.0,0.12322916725377316,0.09461794599355663,0.0,0.0,0.777190788169966,0.0,0.0,0.1248543081706549,0.09795490365937913,0.0,0.0
2020-02-25,969938621.3057858,12494082.6057859,2984100.0,954460438.6999999,0.984042100947637,Bull,1.0,0.0,0.0,0.0,0.7653648100955063,0.0,0.0,0.12357091198063941,0.09510637887149131,0.0,0.0,0.777190788169966,0.0,0.0,0.1248543081706549,0.09795490365937913,0.0,0.0
2020-02-26,963863641.7057859,12494082.6057859,2984100.0,948385459.1,0.9839415224975252,Bull,0.5,0.0,0.0,0.0,0.765826178269018,0.0,0.0,0.12336288542803558,0.0947524588004716,0.0,0.0,0.388595394084983,0.0,0.0,0.06242715408532745,0.048977451829689565,0.0,0.0
2020-02-27,962728622.7222674,179849404.12226743,2984100.0,779895118.5999999,0.8100882223639754,Bull,0.5,0.0,0.0,0.0,0.6113794736211972,0.0,0.0,0.12338565323227979,0.07532309551049847,0.0,0.0,0.388595394084983,0.0,0.0,0.06242715408532745,0.048977451829689565,0.0,0.0
2020-03-02,949703716.640619,330996049.790619,2984100.0,615723566.85,0.6483322704348206,Bull,0.5,0.0,0.0,0.0,0.4661797770109561,0.0,0.0,0.12383967540531972,0.058312818018544745,0.0,0.0,0.388595394084983,0.0,0.0,0.06242715408532745,0.048977451829689565,0.0,0.0
2020-03-03,954075587.3947496,393172515.24474967,2984100.0,557918972.15,0.5847743926385158,Bull,0.5,0.0,0.0,0.0,0.408869881279751,0.0,0.0,0.12408597553918661,0.05181853581957826,0.0,0.0,0.388595394084983,0.0,0.0,0.06242715408532745,0.048977451829689565,0.0,0.0
2020-03-04,958209493.2426503,409487855.19265026,2984100.0,545737538.05,0.5695388554367006,Bull,0.5,0.0,0.0,0.0,0.3942279227182949,0.0,0.0,0.12541453705840935,0.04989639565999648,0.0,0.0,0.388595394084983,0.0,0.0,0.06242715408532745,0.048977451829689565,0.0,0.0
2020-03-05,962574427.8418548,413782689.7918549,2984100.0,545807638.05,0.5670290236919455,Bull,0.5,0.0,0.0,0.0,0.39148935100519017,0.0,0.0,0.1259686487535916,0.04957102393316376,0.0,0.0,0.388595394084983,0.0,0.0,0.06242715408532745,0.048977451829689565,0.0,0.0
2020-03-06,954716195.989578,464639953.2895781,0.0,490076242.7,0.5133213878204176,Bull,0.5,2984100.0,0.0,0.0,0.38705449247876156,0.0,0.0,0.07768308562433732,0.048583809717318696,0.0,0.0,0.388595394084983,0.0,0.0,0.06242715408532745,0.048977451829689565,0.0,0.0
2020-03-09,945294581.7747501,463330981.4747501,0.0,481963600.3,0.5098554562696572,Bear,0.5,0.0,0.0,0.0,0.3848189837468892,0.0,0.0,0.07708443632797977,0.04795203619478821,0.0,0.0,0.3857281893551949,0.0,0.0,0.07753872177253801,0.03673308887226717,0.0,0.0
2020-03-10,945435732.8747501,463330981.4747501,0.0,482104751.40000004,0.509928633577327,Bear,0.5,0.0,0.0,0.0,0.38331653733676935,0.0,0.0,0.07841590646735327,0.048196189773204355,0.0,0.0,0.38209792453669766,0.0,0.0,0.09035225880910198,0.02754981665420038,0.0,0.0
2020-03-11,944940759.2155178,470355340.9655177,0.0,474585418.25,0.5022382764439085,Bear,0.5,0.0,0.0,0.0,0.3826154335327381,0.0,0.0,0.08721583781444593,0.0324070050967245,0.0,0.0,0.38209792453669766,0.0,0.0,0.09035225880910198,0.02754981665420038,0.0,0.0
2020-03-12,930243016.9655178,470355340.9655177,0.0,459887676.0,0.49437369333893866,Bear,0.5,0.0,0.0,0.0,0.3751716698056512,0.0,0.0,0.08749864123195794,0.031703382301329554,0.0,0.0,0.3761554460669101,0.0,0.0,0.10318219144243966,0.020662362490650284,0.0,0.0
2020-03-13,917732402.3703762,466348444.97037625,0.0,451383957.4,0.49184703104536515,Crisis,0.5,0.0,0.0,0.0,0.3695096266886983,0.0,0.0,0.09885997243386489,0.023477431922801956,0.0,0.0,0.3633885489476283,0.0,0.0,0.12111467918438401,0.015496771867987712,0.0,0.0
2020-03-16,900746213.2768793,459758228.6768792,0.0,440987984.6,0.48958072551390813,Crisis,0.5,0.0,0.0,0.0,0.3569607952391857,0.0,0.0,0.11554220097288243,0.017077729301840018,0.0,0.0,0.3537914117107212,0.0,0.0,0.13458600938828802,0.011622578900990783,0.0,0.0
2020-03-17,888554861.7810746,452611759.28107464,0.0,435943102.5,0.49062035587332053,Crisis,0.5,0.0,0.0,0.0,0.3445961703324075,0.0,0.0,0.13322002398672964,0.012804161554183421,0.0,0.0,0.3537914117107212,0.0,0.0,0.13458600938828802,0.011622578900990783,0.0,0.0
2020-03-18,883153759.2810746,452611759.28107464,0.0,430542000.0,0.48750514332915235,Crisis,0.5,0.0,0.0,0.0,0.3418808976658683,0.0,0.0,0.1330946041555494,0.012529641507734595,0.0,0.0,0.3537914117107212,0.0,0.0,0.13458600938828802,0.011622578900990783,0.0,0.0
2020-03-19,861494379.7810746,452611759.28107464,0.0,408882620.5,0.47462018336545203,Crisis,0.5,0.0,0.0,0.0,0.3273978648260894,0.0,0.0,0.13512752112159204,0.012094797417770569,0.0,0.0,0.3537914117107212,0.0,0.0,0.13458600938828802,0.011622578900990783,0.0,0.0
2020-03-20,886270266.3161991,435591468.66619915,0.0,450678797.65,0.5085116975922659,Crisis,0.5,0.0,0.0,0.0,0.36478488553361366,0.0,0.0,0.13136940775858222,0.01235740430007002,0.0,0.0,0.3537914117107212,0.0,0.0,0.13458600938828802,0.011622578900990783,0.0,0.0
2020-03-23,867830455.9661992,435591468.66619915,0.0,432238987.3,0.49806846985885816,Crisis,0.5,0.0,0.0,0.0,0.35483692140898293,0.0,0.0,0.13115730061959616,0.012074247830279097,0.0,0.0,0.3537914117107212,0.0,0.0,0.13458600938828802,0.011622578900990783,0.0,0.0
2020-03-24,884655738.7661991,435591468.66619915,0.0,449064270.1,0.5076147143139494,Crisis,0.5,0.0,0.0,0.0,0.3644245506728158,0.0,0.0,0.13076838246857714,0.012421781172556462,0.0,0.0,0.3537914117107212,0.0,0.0,0.13458600938828802,0.011622578900990783,0.0,0.0
2020-03-25,901416241.6661992,435591468.66619915,0.0,465824773.0,0.516769891053836,Crisis,0.5,0.0,0.0,0.0,0.3724654132916425,0.0,0.0,0.13168677744321935,0.01261770031897406,0.0,0.0,0.3537914117107212,0.0,0.0,0.13458600938828802,0.011622578900990783,0.0,0.0
2020-03-26,901286280.0989457,446845960.84894574,0.0,454440319.25,0.504213066685216,Crisis,0.5,0.0,0.0,0.0,0.3587126825169323,0.0,0.0,0.13350863389021064,0.011991750278073096,0.0,0.0,0.3537914117107212,0.0,0.0,0.13458600938828802,0.011622578900990783,0.0,0.0
2020-03-27,906911465.3489457,446845960.84894574,0.0,460065504.5,0.5072882217041814,Crisis,1.0,0.0,0.0,0.0,0.36187435823597786,0.0,0.0,0.13358911495664536,0.011824748511558186,0.0,0.0,0.7075828234214424,0.0,0.0,0.26917201877657604,0.023245157801981567,0.0,0.0
2020-03-30,902161790.035124,268838761.585124,0.0,633323028.4499999,0.7020060430905001,Crisis,1.0,0.0,0.0,0.0,0.5002230569224508,0.0,0.0,0.18547227542576977,0.0163107107422795,0.0,0.0,0.7075828234214424,0.0,0.0,0.26917201877657604,0.023245157801981567,0.0,0.0
2020-03-31,904148789.8414685,86937791.7414684,0.0,817210998.1,0.9038457024792215,Crisis,1.0,0.0,0.0,0.0,0.6402979848056949,0.0,0.0,0.24257622469246018,0.02097149298106636,0.0,0.0,0.7075828234214424,0.0,0.0,0.26917201877657604,0.023245157801981567,0.0,0.0
2020-04-01,892884425.3169919,22121456.816991895,0.0,870762968.5,0.9752247254070555,Crisis,1.0,0.0,0.0,0.0,0.6906213738481087,0.0,0.0,0.2617368982744116,0.02286645328453514,0.0,0.0,0.7075828234214424,0.0,0.0,0.26917201877657604,0.023245157801981567,0.0,0.0
2020-04-06,903396407.012809,5576411.562809018,0.0,897819995.45,0.9938272816678029,Crisis,1.0,0.0,0.0,0.0,0.7014320518999091,0.0,0.0,0.26919655437211837,0.023198675395775453,0.0,0.0,0.7075828234214424,0.0,0.0,0.26917201877657604,0.023245157801981567,0.0,0.0
2020-04-07,911958169.962809,5576411.562809018,0.0,906381758.4,0.9938852331757317,Crisis,1.0,0.0,0.0,0.0,0.7009617101473739,0.0,0.0,0.26951016844338743,0.023413354584970455,0.0,0.0,0.7075828234214424,0.0,0.0,0.26917201877657604,0.023245157801981567,0.0,0.0
2020-04-08,915727932.562809,5576411.562809018,0.0,910151521.0,0.9939104057389595,Crisis,1.0,0.0,0.0,0.0,0.7004173381551921,0.0,0.0,0.26984936378256763,0.023643703801199668,0.0,0.0,0.7075828234214424,0.0,0.0,0.26917201877657604,0.023245157801981567,0.0,0.0
2020-04-09,920850235.562809,5576411.562809018,0.0,915273824.0,0.9939442795935207,Crisis,1.0,0.0,0.0,0.0,0.7033378490739649,0.0,0.0,0.26719762942735065,0.023408801092205094,0.0,0.0,0.7075828234214424,0.0,0.0,0.26917201877657604,0.023245157801981567,0.0,0.0
2020-04-10,936045957.712809,5576411.562809018,0.0,930469546.15,0.9940425878485339,Crisis,1.0,0.0,0.0,0.0,0.7067952601030143,0.0,0.0,0.2642040147305214,0.023043313014998172,0.0,0.0,0.7075828234214424,0.0,0.0,0.26917201877657604,0.023245157801981567,0.0,0.0
2020-04-13,928145295.4628091,5576411.562809018,0.0,922568883.9000001,0.993991876498142,Crisis,0.5,0.0,0.0,0.0,0.7043442304731213,0.0,0.0,0.266554709924631,0.023092936100389733,0.0,0.0,0.3537914117107212,0.0,0.0,0.13458600938828802,0.011622578900990783,0.0,0.0
2020-04-14,945763307.2204266,141029765.7704265,0.0,804733541.45,0.8508825995957601,Crisis,0.5,0.0,0.0,0.0,0.5669741439070483,0.0,0.0,0.2652493473629042,0.018659108325807607,0.0,0.0,0.3537914117107212,0.0,0.0,0.13458600938828802,0.011622578900990783,0.0,0.0
2020-04-15,953896634.3972266,329533113.3472265,0.0,624363521.0500001,0.6545400188402377,Crisis,0.5,0.0,0.0,0.0,0.4495109905917147,0.0,0.0,0.19038760957025558,0.01464141867826744,0.0,0.0,0.3537914117107212,0.0,0.0,0.13458600938828802,0.011622578900990783,0.0,0.0
2020-04-16,947231283.4767144,438356164.12671435,0.0,508875119.35,0.5372237258489042,Crisis,0.5,0.0,0.0,0.0,0.37677019918522714,0.0,0.0,0.14799954609337632,0.012453980570300704,0.0,0.0,0.3537914117107212,0.0,0.0,0.13458600938828802,0.011622578900990783,0.0,0.0
2020-04-17,949301692.4797716,464300349.92977166,0.0,485001342.55,0.5109032738402441,Crisis,0.5,0.0,0.0,0.0,0.3599937672683356,0.0,0.0,0.13871975689415098,0.012189749677757558,0.0,0.0,0.3537914117107212,0.0,0.0,0.13458600938828802,0.011622578900990783,0.0,0.0
2020-04-20,948298689.8297718,464300349.92977166,0.0,483998339.90000004,0.5103859628730291,Bear,0.5,0.0,0.0,0.0,0.35913636025494794,0.0,0.0,0.1390836045799831,0.012165998038098098,0.0,0.0,0.3537914117107212,0.0,0.0,0.13458600938828802,0.011622578900990783,0.0,0.0
2020-04-21,935424333.3797717,464300349.92977166,0.0,471123983.45,0.5036473465980802,Crisis,0.5,0.0,0.0,0.0,0.35241095584816723,0.0,0.0,0.13925958022637108,0.011976810523541883,0.0,0.0,0.3410353149558727,0.0,0.0,0.14468950704121603,0.014275178002911264,0.0,0.0
2020-04-22,934441243.4797716,464300349.92977166,0.0,470140893.55,0.5031251529515536,Crisis,0.5,0.0,0.0,0.0,0.35093184920738013,0.0,0.0,0.14020389287626311,0.011989410867910312,0.0,0.0,0.3410353149558727,0.0,0.0,0.14468950704121603,0.014275178002911264,0.0,0.0
2020-04-23,932676819.3297716,464300349.92977166,0.0,468376469.4,0.5021851724979921,Bear,0.5,0.0,0.0,0.0,0.3508925735231397,0.0,0.0,0.13923579669678054,0.012056802278071852,0.0,0.0,0.3410353149558727,0.0,0.0,0.14468950704121603,0.014275178002911264,0.0,0.0
2020-04-24,934815458.7797717,464300349.92977166,0.0,470515108.85,0.5033240565621051,Crisis,0.5,0.0,0.0,0.0,0.35097783821233886,0.0,0.0,0.14031699921952379,0.012029219130242448,0.0,0.0,0.3410353149558727,0.0,0.0,0.14468950704121603,0.014275178002911264,0.0,0.0
2020-04-27,944660288.5797716,464300349.92977166,0.0,480359938.65,0.5085001925636001,Bear,0.5,0.0,0.0,0.0,0.35583298325725543,0.0,0.0,0.1405205676630816,0.01214664164326311,0.0,0.0,0.3410353149558727,0.0,0.0,0.14468950704121603,0.014275178002911264,0.0,0.0
2020-04-28,949571644.6297717,464300349.92977166,0.0,485271294.7,0.5110423183383939,Bear,0.5,0.0,0.0,0.0,0.3597085555699952,0.0,0.0,0.13924994574954297,0.012083817018855665,0.0,0.0,0.3410353149558727,0.0,0.0,0.14468950704121603,0.014275178002911264,0.0,0.0
2020-04-29,954052339.4632041,472218157.06320417,0.0,481834182.4,0.5050395690776285,Bear,0.5,0.0,0.0,0.0,0.34809210004857216,0.0,0.0,0.14317369639998478,0.013773772629071592,0.0,0.0,0.3410353149558727,0.0,0.0,0.14468950704121603,0.014275178002911264,0.0,0.0
2020-04-30,956782032.6132042,472218157.06320417,0.0,484563875.55,0.5064516880888098,Bear,0.5,0.0,0.0,0.0,0.34951604874586034,0.0,0.0,0.14290579812264864,0.014029841220300886,0.0,0.0,0.3410353149558727,0.0,0.0,0.14468950704121603,0.014275178002911264,0.0,0.0
2020-05-04,949449646.6132041,472218157.06320417,0.0,477231489.54999995,0.502640125521495,Bear,0.5,0.0,0.0,0.0,0.34448102721053914,0.0,0.0,0.14443430516738778,0.013724793143568037,0.0,0.0,0.3410353149558727,0.0,0.0,0.14468950704121603,0.014275178002911264,0.0,0.0
2020-05-05,951967629.9632041,472218157.06320417,0.0,479749472.9,0.5039556575243461,Bear,0.5,0.0,0.0,0.0,0.3457295842220196,0.0,0.0,0.1444716140246449,0.013754459277681645,0.0,0.0,0.3410353149558727,0.0,0.0,0.14468950704121603,0.014275178002911264,0.0,0.0
2020-05-06,949559377.3132042,472218157.06320417,0.0,477341220.25,0.5026976002286933,Bear,0.5,0.0,0.0,0.0,0.3453018611408542,0.0,0.0,0.14358986205348911,0.013805877034349946,0.0,0.0,0.3410353149558727,0.0,0.0,0.14468950704121603,0.014275178002911264,0.0,0.0
2020-05-07,951269870.0132041,472218157.06320417,0.0,479051712.95,0.5035918071738681,Bear,0.5,0.0,0.0,0.0,0.34627120371785536,0.0,0.0,0.14348178608674472,0.013838817369267956,0.0,0.0,0.3410353149558727,0.0,0.0,0.14468950704121603,0.014275178002911264,0.0,0.0
2020-05-08,953512581.0632042,472218157.06320417,0.0,481294424.0,0.5047593849924221,Bear,0.5,0.0,0.0,0.0,0.3465402350869424,0.0,0.0,0.14433055497447883,0.013888594931000899,0.0,0.0,0.3410353149558727,0.0,0.0,0.14468950704121603,0.014275178002911264,0.0,0.0
2020-05-11,958392998.5132041,472218157.06320417,0.0,486174841.45,0.5072812950472548,Bear,0.5,0.0,0.0,0.0,0.3490820487722821,0.0,0.0,0.14426670500983954,0.013932541265133245,0.0,0.0,0.3410353149558727,0.0,0.0,0.14468950704121603,0.014275178002911264,0.0,0.0
2020-05-12,955592379.2132041,472218157.06320417,0.0,483374222.15,0.5058372509709533,Bear,0.5,0.0,0.0,0.0,0.3485484809163469,0.0,0.0,0.14347969174146116,0.013809078313145325,0.0,0.0,0.3410353149558727,0.0,0.0,0.14468950704121603,0.014275178002911264,0.0,0.0
2020-05-13,956398346.8132042,472218157.06320417,0.0,484180189.75,0.5062536874549471,Bear,1.0,0.0,0.0,0.0,0.348928865113543,0.0,0.0,0.14348634170820315,0.013838480633201021,0.0,0.0,0.6820706299117454,0.0,0.0,0.28937901408243205,0.02855035600582253,0.0,0.0
2020-05-14,954359011.0393898,281386598.8393898,0.0,672972412.2,0.7051564499475597,Bear,1.0,0.0,0.0,0.0,0.48422942189930906,0.0,0.0,0.20137547587117385,0.019551552177076752,0.0,0.0,0.6820706299117454,0.0,0.0,0.28937901408243205,0.02855035600582253,0.0,0.0
2020-05-15,951127638.1519136,89758262.10191363,0.0,861369376.05,0.9056296352860502,Bear,1.0,0.0,0.0,0.0,0.6181598583260737,0.0,0.0,0.2616393321127037,0.02583044484727296,0.0,0.0,0.6820706299117454,0.0,0.0,0.28937901408243205,0.02855035600582253,0.0,0.0
2020-05-18,952016946.3690182,22609720.319018252,0.0,929407226.05,0.976250716538974,Bear,1.0,0.0,0.0,0.0,0.6646584690150347,0.0,0.0,0.283992528737195,0.02759971878674437,0.0,0.0,0.6820706299117454,0.0,0.0,0.28937901408243205,0.02855035600582253,0.0,0.0
2020-05-19,959338271.1292319,5587178.729232008,0.0,953751092.4,0.9941760076738569,Bear,1.0,0.0,0.0,0.0,0.6803528140618469,0.0,0.0,0.28548741173185815,0.028335781880151963,0.0,0.0,0.6820706299117454,0.0,0.0,0.28937901408243205,0.02855035600582253,0.0,0.0
2020-05-20,959578783.879232,5587178.729232008,0.0,953991605.1500001,0.9941774674231072,Bear,1.0,0.0,0.0,0.0,0.6809001158910898,0.0,0.0,0.2849824366629773,0.028294914869040205,0.0,0.0,0.6820706299117454,0.0,0.0,0.28937901408243205,0.02855035600582253,0.0,0.0
2020-05-21,963515326.5792319,5587178.729232008,0.0,957928147.8499999,0.9942012559892865,Bear,1.0,0.0,0.0,0.0,0.6811414720096118,0.0,0.0,0.28464508289007173,0.028414701089602905,0.0,0.0,0.6820706299117454,0.0,0.0,0.28937901408243205,0.02855035600582253,0.0,0.0
2020-05-22,952639007.429232,5587178.729232008,0.0,947051828.7,0.9941350514878565,Bear,1.0,0.0,0.0,0.0,0.6811526964984204,0.0,0.0,0.2847704092362107,0.028211945753225418,0.0,0.0,0.6820706299117454,0.0,0.0,0.28937901408243205,0.02855035600582253,0.0,0.0
2020-05-25,954413435.929232,5587178.729232008,0.0,948826257.2,0.9941459554959092,Bear,1.0,0.0,0.0,0.0,0.6809817765895237,0.0,0.0,0.28481797276390813,0.028346206142477237,0.0,0.0,0.6820706299117454,0.0,0.0,0.28937901408243205,0.02855035600582253,0.0,0.0
2020-05-26,961672170.979232,5587178.729232008,0.0,956084992.25,0.9941901420277736,Bear,1.0,0.0,0.0,0.0,0.6817048595494375,0.0,0.0,0.2840329669952556,0.02845231548308046,0.0,0.0,0.6820706299117454,0.0,0.0,0.28937901408243205,0.02855035600582253,0.0,0.0
2020-05-27,964095039.3792319,5587178.729232008,0.0,958507860.65,0.9942047427888132,Bear,1.0,0.0,0.0,0.0,0.6842280415370117,0.0,0.0,0.2816294959621684,0.028347205289633106,0.0,0.0,0.6820706299117454,0.0,0.0,0.28937901408243205,0.02855035600582253,0.0,0.0
2020-05-28,962447394.979232,5587178.729232008,0.0,956860216.25,0.9941948217031098,Bear,1.0,0.0,0.0,0.0,0.6837339055442088,0.0,0.0,0.2822335032720011,0.02822741288689989,0.0,0.0,0.6820706299117454,0.0,0.0,0.28937901408243205,0.02855035600582253,0.0,0.0
2020-05-29,967053054.3792319,5587178.729232008,0.0,961465875.65,0.9942224692803245,Bear,1.0,0.0,0.0,0.0,0.6860690555141152,0.0,0.0,0.2798594128568549,0.028294000909354463,0.0,0.0,0.6820706299117454,0.0,0.0,0.28937901408243205,0.02855035600582253,0.0,0.0
2020-06-01,973864617.4792318,5587178.729232008,0.0,968277438.7499999,0.994262879430106,Bull,1.0,0.0,0.0,0.0,0.6873328455885447,0.0,0.0,0.27868421865710485,0.028245815184456697,0.0,0.0,0.7115529724338091,0.0,0.0,0.24694191255582013,0.041505115010370845,0.0,0.0
2020-06-02,982136548.4245985,1233980.0745985094,0.0,980902568.3499999,0.9987435758535024,Bull,1.0,0.0,0.0,0.0,0.7064742366659509,0.0,0.0,0.2542283966526974,0.038040942534853996,0.0,0.0,0.7336647293253568,0.0,0.0,0.21619780802504673,0.05013746264959641,0.0,0.0
2020-06-03,993110820.118092,11587.318092009053,0.0,993099232.8,0.999988332301031,Bull,1.0,0.0,0.0,0.0,0.7256699032987116,0.0,0.0,0.22694647509046317,0.04737195391185624,0.0,0.0,0.7502485469940177,0.0,0.0,0.18999234596898337,0.059759107036998986,0.0,0.0
2020-06-04,994966427.9263625,1751913.326362512,0.0,993214514.6,0.9982392236791208,Bull,1.0,0.0,0.0,0.0,0.7426346194815387,0.0,0.0,0.19855262896832226,0.05705197522925986,0.0,0.0,0.7626864102455133,0.0,0.0,0.16372380284094598,0.07358978691354078,0.0,0.0
2020-06-05,995187518.7383914,255747.5883913918,0.0,994931771.15,0.9997430156793811,Bull,1.0,0.0,0.0,0.0,0.7575713691684544,0.0,0.0,0.17221518233796598,0.06995646417296077,0.0,0.0,0.7720148076841349,0.0,0.0,0.13734446784354523,0.09064072447231983,0.0,0.0
2020-06-08,1000586157.3135132,1108384.4635131438,0.0,999477772.85,0.9988922648435502,Bull,1.0,0.0,0.0,0.0,0.7664196303784336,0.0,0.0,0.14642407245905376,0.08604856200606285,0.0,0.0,0.7720148076841349,0.0,0.0,0.13734446784354523,0.09064072447231983,0.0,0.0
2020-06-09,1000088938.7635132,1108384.4635131438,0.0,998980554.3000001,0.9988917141060639,Bull,1.0,0.0,0.0,0.0,0.7655364684330732,0.0,0.0,0.14716771108574697,0.08618753458724356,0.0,0.0,0.7720148076841349,0.0,0.0,0.13734446784354523,0.09064072447231983,0.0,0.0
2020-06-10,1006310059.8135132,1108384.4635131438,0.0,1005201675.35,0.9988985656530965,Bull,1.0,0.0,0.0,0.0,0.7651128673926637,0.0,0.0,0.147318412008594,0.08646728625183873,0.0,0.0,0.7720148076841349,0.0,0.0,0.13734446784354523,0.09064072447231983,0.0,0.0
2020-06-11,991346914.6135131,1108384.4635131438,0.0,990238530.15,0.9988819408754147,Bull,1.0,0.0,0.0,0.0,0.7639923209376941,0.0,0.0,0.148475773546321,0.08641384639139954,0.0,0.0,0.7720148076841349,0.0,0.0,0.13734446784354523,0.09064072447231983,0.0,0.0
2020-06-12,984374383.3135132,1108384.4635131438,0.0,983265998.85,0.9988740214269065,Bull,1.0,0.0,0.0,0.0,0.7629769847543836,0.0,0.0,0.14965291915066206,0.08624411752186092,0.0,0.0,0.7720148076841349,0.0,0.0,0.13734446784354523,0.09064072447231983,0.0,0.0
2020-06-15,975824987.9635131,1108384.4635131438,0.0,974716603.5,0.9988641565063565,Bull,1.0,0.0,0.0,0.0,0.7638787822554423,0.0,0.0,0.14921794563170634,0.08576742861920787,0.0,0.0,0.7720148076841349,0.0,0.0,0.13734446784354523,0.09064072447231983,0.0,0.0
2020-06-16,988039291.7135131,1108384.4635131438,0.0,986930907.25,0.9988781979898887,Bull,1.0,0.0,0.0,0.0,0.7636189305199886,0.0,0.0,0.14870218343766153,0.08655708403223854,0.0,0.0,0.7720148076841349,0.0,0.0,0.13734446784354523,0.09064072447231983,0.0,0.0
2020-06-17,988677045.1135131,1108384.4635131438,0.0,987568660.65,0.9988789216165266,Bull,1.0,0.0,0.0,0.0,0.7636856386842801,0.0,0.0,0.14859473144047008,0.08659855149177649,0.0,0.0,0.7720148076841349,0.0,0.0,0.13734446784354523,0.09064072447231983,0.0,0.0
2020-06-18,982642334.2135131,1108384.4635131438,0.0,981533949.75,0.9988720367269742,Bull,1.0,0.0,0.0,0.0,0.763817335786507,0.0,0.0,0.14802222022768594,0.08703248071278132,0.0,0.0,0.7720148076841349,0.0,0.0,0.13734446784354523,0.09064072447231983,0.0,0.0
2020-06-19,978258528.7635131,1108384.4635131438,0.0,977150144.3,0.9988669820595236,Bull,1.0,0.0,0.0,0.0,0.763227329327474,0.0,0.0,0.1482663281078974,0.08737332462415225,0.0,0.0,0.7720148076841349,0.0,0.0,0.13734446784354523,0.09064072447231983,0.0,0.0
2020-06-22,981013581.4135131,1108384.4635131438,0.0,979905196.9499999,0.9988701639972037,Bull,1.0,0.0,0.0,0.0,0.7631626219397082,0.0,0.0,0.14838347068575547,0.08732407137174011,0.0,0.0,0.7720148076841349,0.0,0.0,0.13734446784354523,0.09064072447231983,0.0,0.0
2020-06-23,982878499.9635131,1108384.4635131438,0.0,981770115.5,0.9988723077536499,Bull,1.0,0.0,0.0,0.0,0.7632296520148196,0.0,0.0,0.14809277037335078,0.08754988536547947,0.0,0.0,0.7720148076841349,0.0,0.0,0.13734446784354523,0.09064072447231983,0.0,0.0
2020-06-24,984418852.7635131,1108384.4635131438,0.0,983310468.3,0.9988740722910765,Bull,1.0,0.0,0.0,0.0,0.7621247461828451,0.0,0.0,0.14879895848072405,0.08795036762750734,0.0,0.0,0.7790111057631013,0.0,0.0,0.11175672282140585,0.10923217141549299,0.0,0.0
2020-06-29,979764582.3257062,472283.67570627015,0.0,979292298.65,0.9995179620857644,Bull,1.0,0.0,0.0,0.0,0.7738275217606913,0.0,0.0,0.12238235813278184,0.10330808219229129,0.0,0.0,0.7790111057631013,0.0,0.0,0.11175672282140585,0.10923217141549299,0.0,0.0
2020-06-30,984292517.5257063,472283.67570627015,0.0,983820233.85,0.9995201795530322,Bull,1.0,0.0,0.0,0.0,0.7725034177455705,0.0,0.0,0.12326061393312525,0.10375614787433636,0.0,0.0,0.7790111057631013,0.0,0.0,0.11175672282140585,0.10923217141549299,0.0,0.0
2020-07-01,990815603.6757063,472283.67570627015,0.0,990343320.0,0.9995233384759442,Bull,1.0,0.0,0.0,0.0,0.771669437949473,0.0,0.0,0.12409291854495517,0.10376098198151615,0.0,0.0,0.7790111057631013,0.0,0.0,0.11175672282140585,0.10923217141549299,0.0,0.0
2020-07-02,998636455.0257062,472283.67570627015,709968.0,997454203.3499999,0.9988161340698545,Bull,1.0,0.0,0.0,0.0,0.7699835104960259,0.0,0.0,0.12474669773275325,0.10408592584107532,0.0,0.0,0.7790111057631013,0.0,0.0,0.11175672282140585,0.10923217141549299,0.0,0.0
2020-07-03,999701619.8257062,472283.67570627015,709968.0,998519368.15,0.9988173954585445,Bull,1.0,0.0,0.0,0.0,0.7706321094931469,0.0,0.0,0.12301710586548925,0.10516818009990837,0.0,0.0,0.7790111057631013,0.0,0.0,0.11175672282140585,0.10923217141549299,0.0,0.0
2020-07-06,1011364179.6257063,472283.67570627015,709968.0,1010181927.95,0.9988310326789072,Bull,1.0,0.0,0.0,0.0,0.7703216543009528,0.0,0.0,0.1227567700152749,0.10575260836267954,0.0,0.0,0.7790111057631013,0.0,0.0,0.11175672282140585,0.10923217141549299,0.0,0.0
2020-07-07,1009733352.0757062,472283.67570627015,709968.0,1008551100.4,0.9988291446714364,Bull,1.0,0.0,0.0,0.0,0.7704434034993355,0.0,0.0,0.12206856369220796,0.10631717747989286,0.0,0.0,0.7790111057631013,0.0,0.0,0.11175672282140585,0.10923217141549299,0.0,0.0
2020-07-08,1009907054.8757063,472283.67570627015,709968.0,1008724803.2,0.998829346057146,Bull,1.0,0.0,0.0,0.0,0.7701735515608689,0.0,0.0,0.12162574704968004,0.10703004744659711,0.0,0.0,0.7790111057631013,0.0,0.0,0.11175672282140585,0.10923217141549299,0.0,0.0
2020-07-09,1009070927.3257062,472283.67570627015,709968.0,1007888675.65,0.9988283760400871,Bull,1.0,0.0,0.0,0.0,0.7703711945305954,0.0,0.0,0.12100071134106642,0.1074564701684253,0.0,0.0,0.7790111057631013,0.0,0.0,0.11175672282140585,0.10923217141549299,0.0,0.0
2020-07-10,1005111565.3257062,472283.67570627015,709968.0,1003929313.65,0.9988237607480687,Bull,1.0,0.0,0.0,0.0,0.770436178792813,0.0,0.0,0.12141199465798143,0.10697558729727419,0.0,0.0,0.7790111057631013,0.0,0.0,0.11175672282140585,0.10923217141549299,0.0,0.0
2020-07-13,1008202326.7257062,472283.67570627015,709968.0,1007020075.05,0.9988273666461911,Bull,1.0,0.0,0.0,0.0,0.7691692971672524,0.0,0.0,0.1214329671283414,0.1082251023505974,0.0,0.0,0.7790111057631013,0.0,0.0,0.11175672282140585,0.10923217141549299,0.0,0.0
2020-07-14,1008123431.2257062,472283.67570627015,4613218.0,1003037929.55,0.9949554771586618,Bull,1.0,0.0,0.0,0.0,0.768022352787327,0.0,0.0,0.11802344466424904,0.1089096797070858,0.0,0.0,0.7790111057631013,0.0,0.0,0.11175672282140585,0.10923217141549299,0.0,0.0
2020-07-15,1011661001.4757062,472283.67570627015,4613218.0,1006575499.8,0.9949731168165146,Bull,1.0,0.0,0.0,0.0,0.7687048316240495,0.0,0.0,0.1172902778963645,0.10897800729610065,0.0,0.0,0.7790111057631013,0.0,0.0,0.11175672282140585,0.10923217141549299,0.0,0.0
2020-07-16,1008416600.8757063,472283.67570627015,4613218.0,1003331099.2,0.994956943716228,Bull,1.0,0.0,0.0,0.0,0.770223535119821,0.0,0.0,0.11647497660986751,0.1082584319865395,0.0,0.0,0.7790111057631013,0.0,0.0,0.11175672282140585,0.10923217141549299,0.0,0.0
2020-07-17,1011405312.8757063,472283.67570627015,5472968.0,1005460061.2,0.9941217911355417,Bull,1.0,0.0,0.0,0.0,0.7702176874917536,0.0,0.0,0.11473006768183767,0.10917403596195034,0.0,0.0,0.7790111057631013,0.0,0.0,0.11175672282140585,0.10923217141549299,0.0,0.0
2020-07-20,1010896845.2757063,472283.67570627015,5472968.0,1004951593.6,0.9941188344750598,Bull,1.0,0.0,0.0,0.0,0.7704251895133661,0.0,0.0,0.11463325911200652,0.10906038584968714,0.0,0.0,0.7790111057631013,0.0,0.0,0.11175672282140585,0.10923217141549299,0.0,0.0
2020-07-21,1014494970.0257063,472283.67570627015,6268168.0,1007754518.35,0.9933558550068163,Bull,1.0,0.0,0.0,0.0,0.7698518390191821,0.0,0.0,0.11298281744767609,0.11052119853995818,0.0,0.0,0.7790111057631013,0.0,0.0,0.11175672282140585,0.10923217141549299,0.0,0.0
2020-07-22,1018536777.3757063,472283.67570627015,6268168.0,1011796325.7,0.993382220627248,Bull,1.0,0.0,0.0,0.0,0.7703974398663829,0.0,0.0,0.11262332646991569,0.11036145429094948,0.0,0.0,0.7790111057631013,0.0,0.0,0.11175672282140585,0.10923217141549299,0.0,0.0
2020-07-23,1015967515.3757063,472283.67570627015,6268168.0,1009227063.7,0.9933654850438661,Bull,1.0,0.0,0.0,0.0,0.7705376912671309,0.0,0.0,0.11229906298510788,0.11052873079162738,0.0,0.0,0.7790111057631013,0.0,0.0,0.11175672282140585,0.10923217141549299,0.0,0.0
2020-07-24,1007539196.8257064,472283.67570627015,6268168.0,1000798745.1500001,0.993309985659176,Bull,1.0,0.0,0.0,0.0,0.7693410316860272,0.0,0.0,0.11291024742105348,0.11105870655209539,0.0,0.0,0.7790111057631013,0.0,0.0,0.11175672282140585,0.10923217141549299,0.0,0.0
2020-07-27,1004662932.1757063,472283.67570627015,6268168.0,997922480.5,0.9932908327162931,Bull,1.0,0.0,0.0,0.0,0.7646764460954966,0.0,0.0,0.11181023645087987,0.11680415016991667,0.0,0.0,0.7790111057631013,0.0,0.0,0.11175672282140585,0.10923217141549299,0.0,0.0
2020-07-28,1009637431.4257063,472283.67570627015,6268168.0,1002896979.75,0.9933238888873325,Bull,1.0,0.0,0.0,0.0,0.7666943158564546,0.0,0.0,0.11006337180177835,0.11656620122909947,0.0,0.0,0.7790111057631013,0.0,0.0,0.11175672282140585,0.10923217141549299,0.0,0.0
2020-07-29,1017005124.9257063,472283.67570627015,6268168.0,1010264673.25,0.9933722539734511,Bull,1.0,0.0,0.0,0.0,0.7691140920328601,0.0,0.0,0.10970927998828985,0.11454888195230115,0.0,0.0,0.7790111057631013,0.0,0.0,0.11175672282140585,0.10923217141549299,0.0,0.0
2020-07-30,1025741213.7257062,472283.67570627015,6268168.0,1019000762.05,0.9934287015228495,Bull,1.0,0.0,0.0,0.0,0.7682484153948851,0.0,0.0,0.10994576262600816,0.11523452350195623,0.0,0.0,0.7790111057631013,0.0,0.0,0.11175672282140585,0.10923217141549299,0.0,0.0
2020-07-31,1022523233.1757063,472283.67570627015,6268168.0,1015782781.5,0.9934080210043031,Bull,1.0,0.0,0.0,0.0,0.7673976062753808,0.0,0.0,0.11069098121954447,0.11531943350937793,0.0,0.0,0.7790111057631013,0.0,0.0,0.11175672282140585,0.10923217141549299,0.0,0.0
2020-08-03,1012237063.6757063,472283.67570627015,6268168.0,1005496612.0,0.9933410345090212,Bull,1.0,0.0,0.0,0.0,0.7685496213456533,0.0,0.0,0.11032020463121092,0.11447120853215695,0.0,0.0,0.7790111057631013,0.0,0.0,0.11175672282140585,0.10923217141549299,0.0,0.0
2020-08-04,1016472382.2257062,472283.67570627015,6268168.0,1009731930.55,0.9933687803096557,Bull,1.0,0.0,0.0,0.0,0.7675058803287477,0.0,0.0,0.11041578892113811,0.11544711105976992,0.0,0.0,0.7790111057631013,0.0,0.0,0.11175672282140585,0.10923217141549299,0.0,0.0
2020-08-05,1022527571.0257062,472283.67570627015,6268168.0,1015787119.3499999,0.993408048969335,Bull,1.0,0.0,0.0,0.0,0.7677653313176663,0.0,0.0,0.10976828711563248,0.11587443053603619,0.0,0.0,0.7790111057631013,0.0,0.0,0.11175672282140585,0.10923217141549299,0.0,0.0
2020-08-06,1031088373.6757063,1182251.6757062702,5558200.0,1024347922.0,0.9934627798666011,Bull,1.0,709968.0,0.0,0.0,0.7685228950600379,0.0,0.0,0.10881559996649542,0.11612428484006782,0.0,0.0,0.7790111057631013,0.0,0.0,0.11175672282140585,0.10923217141549299,0.0,0.0
2020-08-07,1029293910.5257063,5085504.67570627,9389191.2,1014819214.65,0.9859372568634809,Bull,1.0,3903253.0,220978.0,3.0,0.7621042994894985,0.0,0.0,0.10833397425138573,0.1154989831225966,0.0,0.0,0.7790111057631013,0.0,0.0,0.11175672282140585,0.10923217141549299,0.0,0.0
2020-08-10,1033665577.094997,3661137.3949970226,9389191.2,1020615248.5,0.9873747091088458,Bull,1.0,0.0,0.0,0.0,0.7657183967801406,0.0,0.0,0.11030114819187958,0.11135516413682564,0.0,0.0,0.7790111057631013,0.0,0.0,0.11175672282140585,0.10923217141549299,0.0,0.0
2020-08-11,1029438234.2949971,3661137.3949970226,9389191.2,1016387905.7,0.987322863907484,Bull,1.0,0.0,0.0,0.0,0.7658132167977039,0.0,0.0,0.1105442718260159,0.11096537528376427,0.0,0.0,0.7790111057631013,0.0,0.0,0.11175672282140585,0.10923217141549299,0.0,0.0
2020-08-12,1027264333.894997,4520891.394997023,21739701.75,1001003740.75,0.9744363818751238,Bull,1.0,859754.0,466244.0,4.0,0.7535701524989644,0.0,0.0,0.11131068823001496,0.10955554114614444,0.0,0.0,0.7790111057631013,0.0,0.0,0.11175672282140585,0.10923217141549299,0.0,0.0
2020-08-13,1034062247.4326392,4453930.031939275,33261377.6507,996346939.75,0.9635270431965982,Bull,1.0,5.0,371527.0,5.0,0.7417592525540543,0.0,0.0,0.11208000319879176,0.10968778744375217,0.0,0.0,0.7790111057631013,0.0,0.0,0.11175672282140585,0.10923217141549299,0.0,0.0
2020-08-14,1027642597.8744627,4764596.973762775,33261377.6507,989616623.25,0.9629968875335508,Bull,1.0,0.0,0.0,0.0,0.7407726429641394,0.0,0.0,0.11189162480986076,0.11033261975955073,0.0,0.0,0.7790111057631013,0.0,0.0,0.11175672282140585,0.10923217141549299,0.0,0.0
2020-08-17,1030732195.8720478,1410960.5713477754,33261377.6507,996059857.65,0.966361448336526,Bull,1.0,0.0,0.0,0.0,0.7438688349123613,0.0,0.0,0.11215241016333806,0.1103402032608267,0.0,0.0,0.7790111057631013,0.0,0.0,0.11175672282140585,0.10923217141549299,0.0,0.0
2020-08-18,1032742453.9183419,2254569.9676417755,33261377.6507,997226506.3000001,0.9656100632993344,Bull,1.0,0.0,0.0,0.0,0.7452314014785861,0.0,0.0,0.11169231937967816,0.10868634244107013,0.0,0.0,0.7790111057631013,0.0,0.0,0.11175672282140585,0.10923217141549299,0.0,0.0
2020-08-19,1028885076.2387917,1834000.6880917754,33261377.6507,993789697.9,0.9658898946546227,Bull,1.0,0.0,0.0,0.0,0.7451771491358068,0.0,0.0,0.11199287720376754,0.10871986831504843,0.0,0.0,0.7790111057631013,0.0,0.0,0.11175672282140585,0.10923217141549299,0.0,0.0
2020-08-20,1009933796.2086682,1522178.6079682754,33261377.6507,975150239.9499999,0.9655585778104989,Bull,1.0,0.0,0.0,0.0,0.7454609824686428,0.0,0.0,0.11291670842990373,0.10718088691195235,0.0,0.0,0.7790111057631013,0.0,0.0,0.11175672282140585,0.10923217141549299,0.0,0.0
2020-08-21,1022496294.4586684,1522178.6079682754,33261377.6507,987712738.2,0.9659817287875029,Bull,1.0,0.0,0.0,0.0,0.7452612222946329,0.0,0.0,0.11254133694530619,0.10817916954756379,0.0,0.0,0.7790111057631013,0.0,0.0,0.11175672282140585,0.10923217141549299,0.0,0.0
2020-08-24,1015300523.2686397,1596452.7679396505,32466177.6507,981237892.85,0.9664506915558567,Bull,1.0,795200.0,0.0,0.0,0.7436771434128562,0.0,0.0,0.11279891753753951,0.10997463060546109,0.0,0.0,0.7790111057631013,0.0,0.0,0.11175672282140585,0.10923217141549299,0.0,0.0
2020-08-25,1015735368.2400159,558631.8393159006,32466177.6507,982710558.75,0.9674867977205139,Bull,1.0,0.0,0.0,0.0,0.743624847935312,0.0,0.0,0.11205851795553916,0.11180343182966275,0.0,0.0,0.7790111057631013,0.0,0.0,0.11175672282140585,0.10923217141549299,0.0,0.0
2020-08-26,1016837481.2162958,2426225.015595901,32466177.6507,981945078.55,0.9656853692838318,Bull,1.0,0.0,0.0,0.0,0.7433889805535286,0.0,0.0,0.11203048875001911,0.11026589998028401,0.0,0.0,0.7790111057631013,0.0,0.0,0.11175672282140585,0.10923217141549299,0.0,0.0
2020-08-27,1011062426.0251577,10894434.324457651,24731936.4507,975436055.25,0.964763431161004,Bull,1.0,7734241.2,0.0,0.0,0.7419286247230542,0.0,0.0,0.11239711522735625,0.1104376912105936,0.0,0.0,0.7790111057631013,0.0,0.0,0.11175672282140585,0.10923217141549299,0.0,0.0
2020-08-28,1013585274.161236,484115.310536026,24731936.4507,988369222.4,0.9751219237255564,Bull,1.0,0.0,0.0,0.0,0.7550922866685728,0.0,0.0,0.11179010083168928,0.10823953622529434,0.0,0.0,0.7790111057631013,0.0,0.0,0.11175672282140585,0.10923217141549299,0.0,0.0
2020-08-31,1004264418.4112362,484115.310536026,24731936.4507,979048366.6500001,0.9748910234207757,Bull,1.0,0.0,0.0,0.0,0.754890896014561,0.0,0.0,0.11255033826531055,0.10744978914090408,0.0,0.0,0.7790111057631013,0.0,0.0,0.11175672282140585,0.10923217141549299,0.0,0.0
2020-09-01,1003497039.8612361,484115.310536026,24731936.4507,978280988.1,0.9748718224772014,Bull,1.0,0.0,0.0,0.0,0.7529779940402078,0.0,0.0,0.11272459758888985,0.10916923084810369,0.0,0.0,0.7790111057631013,0.0,0.0,0.11175672282140585,0.10923217141549299,0.0,0.0
2020-09-02,999276249.311236,484115.310536026,24731936.4507,974060197.55,0.9747656848858196,Bull,1.0,0.0,0.0,0.0,0.7527595077622165,0.0,0.0,0.11274710079185425,0.10925907633174882,0.0,0.0,0.7790111057631013,0.0,0.0,0.11175672282140585,0.10923217141549299,0.0,0.0
2020-09-03,998143416.861236,484115.310536026,24731936.4507,972927365.0999999,0.9747370454633358,Bull,1.0,0.0,0.0,0.0,0.7524104777063388,0.0,0.0,0.11262489748567693,0.10970167027131998,0.0,0.0,0.7790111057631013,0.0,0.0,0.11175672282140585,0.10923217141549299,0.0,0.0
2020-09-04,990655606.0898161,7880827.189116026,16925536.4507,965849242.45,0.9749596494610994,Bull,1.0,7806400.0,0.0,0.0,0.7514304041423953,0.0,0.0,0.11338683121510144,0.11014241410360266,0.0,0.0,0.7790111057631013,0.0,0.0,0.11175672282140585,0.10923217141549299,0.0,0.0
2020-09-07,995887153.8470353,30071.0963351503,16925536.4507,978931546.3000001,0.9829743686505674,Bull,1.0,0.0,0.0,0.0,0.7590830380528365,0.0,0.0,0.11376801032358982,0.1101233202741412,0.0,0.0,0.7790111057631013,0.0,0.0,0.11175672282140585,0.10923217141549299,0.0,0.0
2020-09-08,1000429207.0613389,645119.8106389003,16925536.4507,982858550.8,0.982436881952946,Bull,1.0,0.0,0.0,0.0,0.758814662188741,0.0,0.0,0.11397428143359767,0.10964793833060725,0.0,0.0,0.7790111057631013,0.0,0.0,0.11175672282140585,0.10923217141549299,0.0,0.0
2020-09-09,996938866.4307083,949651.2300082752,16925536.4507,979063678.75,0.9820699259677718,Bull,1.0,0.0,0.0,0.0,0.7590264601270756,0.0,0.0,0.11406727516516572,0.1089761906755304,0.0,0.0,0.7790111057631013,0.0,0.0,0.11175672282140585,0.10923217141549299,0.0,0.0
2020-09-10,1000745119.5927613,846711.8920612752,16925536.4507,982972871.25,0.9822409842478238,Bull,1.0,0.0,0.0,0.0,0.7581701438211922,0.0,0.0,0.11445092037681767,0.10961992004981395,0.0,0.0,0.7790111057631013,0.0,0.0,0.11175672282140585,0.10923217141549299,0.0,0.0
2020-09-11,1002008589.8621972,4767901.912197275,13210260.549999999,984030427.4,0.9820578759063636,Bull,1.0,3715275.9007,0.0,0.0,0.7579637391176951,0.0,0.0,0.11476548321388642,0.10932865357478203,0.0,0.0,0.7790111057631013,0.0,0.0,0.11175672282140585,0.10923217141549299,0.0,0.0
2020-09-14,1002207712.680137,231211.08013715036,13210260.549999999,988766241.05,0.9865881379078679,Bull,1.0,0.0,0.0,0.0,0.761526259869828,0.0,0.0,0.11437868472738995,0.11068319331065002,0.0,0.0,0.7790111057631013,0.0,0.0,0.11175672282140585,0.10923217141549299,0.0,0.0
2020-09-15,1002959815.8514107,1273252.2514109006,13210260.549999999,988476303.05,0.9855592292208479,Bull,1.0,0.0,0.0,0.0,0.762111543223823,0.0,0.0,0.1134707474829286,0.10997693851409636,0.0,0.0,0.7790111057631013,0.0,0.0,0.11175672282140585,0.10923217141549299,0.0,0.0
2020-09-16,1008795266.8692865,15015008.669286525,0.0,993780258.2,0.9851159009539325,Bull,1.0,13210260.549999999,0.0,0.0,0.7609781522690968,0.0,0.0,0.11365814627167224,0.11047960241316356,0.0,0.0,0.7790111057631013,0.0,0.0,0.11175672282140585,0.10923217141549299,0.0,0.0
2020-09-17,1000935323.2491696,1903317.8991695251,0.0,999032005.35,0.9980984606547892,Bull,1.0,0.0,0.0,0.0,0.7746662420035073,0.0,0.0,0.11412925225695374,0.10930296639432818,0.0,0.0,0.7790111057631013,0.0,0.0,0.11175672282140585,0.10923217141549299,0.0,0.0
2020-09-18,1003524637.7991695,1903317.8991695251,0.0,1001621319.9,0.9981033670450347,Bull,1.0,0.0,0.0,0.0,0.7763583379563386,0.0,0.0,0.11282752384467037,0.10891750524402566,0.0,0.0,0.7790111057631013,0.0,0.0,0.11175672282140585,0.10923217141549299,0.0,0.0
2020-09-21,995094228.7991695,1903317.8991695251,0.0,993190910.9,0.9980872988264977,Bull,1.0,0.0,0.0,0.0,0.7751872019505814,0.0,0.0,0.11394649543574423,0.10895360144017195,0.0,0.0,0.7790111057631013,0.0,0.0,0.11175672282140585,0.10923217141549299,0.0,0.0
2020-09-22,983521757.1491696,1903317.8991695251,0.0,981618439.25,0.9980647932947752,Bull,1.0,0.0,0.0,0.0,0.7752274250241723,0.0,0.0,0.11402655730267766,0.10881081096792528,0.0,0.0,0.7790111057631013,0.0,0.0,0.11175672282140585,0.10923217141549299,0.0,0.0
2020-09-23,976855914.3491696,1903317.8991695251,0.0,974952596.45,0.9980515878839331,Bull,1.0,0.0,0.0,0.0,0.7743481769816272,0.0,0.0,0.11430948859473926,0.1093939223075666,0.0,0.0,0.7790111057631013,0.0,0.0,0.11175672282140585,0.10923217141549299,0.0,0.0
2020-09-24,955245059.6991695,1903317.8991695251,0.0,953341741.8,0.99800750825158,Bull,1.0,0.0,0.0,0.0,0.7734765380861381,0.0,0.0,0.11537876996161535,0.10915220020382656,0.0,0.0,0.7790111057631013,0.0,0.0,0.11175672282140585,0.10923217141549299,0.0,0.0
2020-09-25,965075198.2491695,1903317.8991695251,0.0,963171880.3499999,0.9980278035301057,Bull,1.0,0.0,0.0,0.0,0.7745359964757992,0.0,0.0,0.1152363051104818,0.10825550194382473,0.0,0.0,0.7790111057631013,0.0,0.0,0.11175672282140585,0.10923217141549299,0.0,0.0
2020-09-28,984642711.9991696,1903317.8991695251,0.0,982739394.1,0.9980669964079608,Bull,1.0,0.0,0.0,0.0,0.7761221250989613,0.0,0.0,0.11410128631520786,0.1078435849937917,0.0,0.0,0.7790111057631013,0.0,0.0,0.11175672282140585,0.10923217141549299,0.0,0.0
2020-09-29,983708242.1991695,1903317.8991695251,0.0,981804924.3,0.9980651601587535,Bull,1.0,0.0,0.0,0.0,0.7759458460910763,0.0,0.0,0.11390948575310676,0.10820982831457043,0.0,0.0,0.7790111057631013,0.0,0.0,0.11175672282140585,0.10923217141549299,0.0,0.0
2020-09-30,979484680.8991696,1903317.8991695251,0.0,977581363.0,0.9980568170832215,Bull,1.0,0.0,0.0,0.0,0.7750997823703112,0.0,0.0,0.11380371962292576,0.10915331508998452,0.0,0.0,0.7790111057631013,0.0,0.0,0.11175672282140585,0.10923217141549299,0.0,0.0
2020-10-05,984228571.7491695,1903317.8991695251,0.0,982325253.8499999,0.998066183045482,Bull,1.0,0.0,0.0,0.0,0.7755326107770494,0.0,0.0,0.11385363442645309,0.1086799378419795,0.0,0.0,0.7790111057631013,0.0,0.0,0.11175672282140585,0.10923217141549299,0.0,0.0
2020-10-06,993987697.2991695,1903317.8991695251,0.0,992084379.4,0.998085169560608,Bull,1.0,0.0,0.0,0.0,0.7755980094067148,0.0,0.0,0.11362112459426953,0.10886603555962383,0.0,0.0,0.7790111057631013,0.0,0.0,0.11175672282140585,0.10923217141549299,0.0,0.0
2020-10-07,991630119.3991696,1903317.8991695251,0.0,989726801.5,0.9980806170950891,Bull,1.0,0.0,0.0,0.0,0.7754079736564362,0.0,0.0,0.1129720626758262,0.10970058076282661,0.0,0.0,0.7790111057631013,0.0,0.0,0.11175672282140585,0.10923217141549299,0.0,0.0
2020-10-08,993081025.2491696,1903317.8991695251,0.0,991177707.35,0.9980834213414842,Bull,1.0,0.0,0.0,0.0,0.7744427572332604,0.0,0.0,0.11263703278585378,0.11100363132236997,0.0,0.0,0.7790111057631013,0.0,0.0,0.11175672282140585,0.10923217141549299,0.0,0.0
2020-10-12,995286665.4991695,1903317.8991695251,0.0,993383347.5999999,0.9980876686434706,Bull,1.0,0.0,0.0,0.0,0.7743244979711255,0.0,0.0,0.11211905460828574,0.11164411606405945,0.0,0.0,0.7790111057631013,0.0,0.0,0.11175672282140585,0.10923217141549299,0.0,0.0
2020-10-13,990011051.5991696,1903317.8991695251,0.0,988107733.7,0.9980774781290622,Bull,1.0,0.0,0.0,0.0,0.7733408960064605,0.0,0.0,0.11244510838558944,0.11229147373701222,0.0,0.0,0.7790111057631013,0.0,0.0,0.11175672282140585,0.10923217141549299,0.0,0.0
2020-10-14,986230532.7991695,1903317.8991695251,0.0,984327214.9,0.9980701085234428,Bull,1.0,0.0,0.0,0.0,0.7735557656430351,0.0,0.0,0.11221341899230762,0.11230092388810016,0.0,0.0,0.7790111057631013,0.0,0.0,0.11175672282140585,0.10923217141549299,0.0,0.0
2020-10-15,978562079.2991695,1903317.8991695251,0.0,976658761.4,0.9980549850240134,Bull,1.0,0.0,0.0,0.0,0.7734733211224306,0.0,0.0,0.11246143942019131,0.11212022448139138,0.0,0.0,0.7790111057631013,0.0,0.0,0.11175672282140585,0.10923217141549299,0.0,0.0
2020-10-16,975658401.3991696,1903317.8991695251,0.0,973755083.5,0.9980491964232153,Bull,1.0,0.0,0.0,0.0,0.7734726441321887,0.0,0.0,0.11260139803280693,0.11197515425821965,0.0,0.0,0.7790111057631013,0.0,0.0,0.11175672282140585,0.10923217141549299,0.0,0.0
2020-10-19,978081747.4991696,1903317.8991695251,0.0,976178429.6,0.9980540298354037,Bull,1.0,0.0,0.0,0.0,0.7724135856043479,0.0,0.0,0.11251002309507205,0.11313042113598377,0.0,0.0,0.7790111057631013,0.0,0.0,0.11175672282140585,0.10923217141549299,0.0,0.0
2020-10-20,976536355.2991695,1903317.8991695251,0.0,974633037.4,0.9980509502909531,Bull,1.0,0.0,0.0,0.0,0.7723887936245085,0.0,0.0,0.1129904682004355,0.1126716884660091,0.0,0.0,0.7790111057631013,0.0,0.0,0.11175672282140585,0.10923217141549299,0.0,0.0
2020-10-21,974872269.5991696,1903317.8991695251,0.0,972968951.7,0.998047623305613,Bull,1.0,0.0,0.0,0.0,0.7721810078868215,0.0,0.0,0.11305583658186956,0.11281077883692188,0.0,0.0,0.7790111057631013,0.0,0.0,0.11175672282140585,0.10923217141549299,0.0,0.0
2020-10-22,980838336.0991696,1903317.8991695251,0.0,978935018.2,0.9980594988703856,Bull,1.0,0.0,0.0,0.0,0.7727532563769677,0.0,0.0,0.11302290695618933,0.11228333553722854,0.0,0.0,0.7790111057631013,0.0,0.0,0.11175672282140585,0.10923217141549299,0.0,0.0
2020-10-23,977927701.3991696,1903317.8991695251,0.0,976024383.5,0.998053723300356,Bull,1.0,0.0,0.0,0.0,0.7719125681990228,0.0,0.0,0.11352362740227237,0.11261752769906097,0.0,0.0,0.7790111057631013,0.0,0.0,0.11175672282140585,0.10923217141549299,0.0,0.0
2020-10-26,982467692.2491695,1903317.8991695251,0.0,980564374.3499999,0.9980627170601282,Bull,1.0,0.0,0.0,0.0,0.772755460906752,0.0,0.0,0.11321013492603632,0.11209712122733988,0.0,0.0,0.7790111057631013,0.0,0.0,0.11175672282140585,0.10923217141549299,0.0,0.0
2020-10-27,979679949.7491696,1903317.8991695251,0.0,977776631.85,0.9980572043965411,Bull,1.0,0.0,0.0,0.0,0.7723594139532316,0.0,0.0,0.11391740744370031,0.11178038299960913,0.0,0.0,0.7790111057631013,0.0,0.0,0.11175672282140585,0.10923217141549299,0.0,0.0
2020-10-28,978438543.8991696,1903317.8991695251,0.0,976535226.0,0.9980547394508963,Bull,1.0,0.0,0.0,0.0,0.7731691793183886,0.0,0.0,0.11349379140100968,0.11139176873149804,0.0,0.0,0.7790111057631013,0.0,0.0,0.11175672282140585,0.10923217141549299,0.0,0.0
2020-10-29,968921994.6491696,1903317.8991695251,0.0,967018676.75,0.9980356335084964,Bull,1.0,0.0,0.0,0.0,0.772822663625393,0.0,0.0,0.1139591222098125,0.11125384767329101,0.0,0.0,0.7790111057631013,0.0,0.0,0.11175672282140585,0.10923217141549299,0.0,0.0
2020-10-30,964650273.5991695,1903317.8991695251,0.0,962746955.6999999,0.9980269347853206,Bull,1.0,0.0,0.0,0.0,0.7726851648722133,0.0,0.0,0.1145098934019471,0.11083187651116014,0.0,0.0,0.7790111057631013,0.0,0.0,0.11175672282140585,0.10923217141549299,0.0,0.0
2020-11-02,978134609.4991696,1903317.8991695251,0.0,976231291.6,0.9980541350028048,Bull,1.0,0.0,0.0,0.0,0.7743009850022519,0.0,0.0,0.11402469447135404,0.10972845552919894,0.0,0.0,0.7790111057631013,0.0,0.0,0.11175672282140585,0.10923217141549299,0.0,0.0
2020-11-03,984672946.4491695,1903317.8991695251,0.0,982769628.55,0.998067055760968,Bull,1.0,0.0,0.0,0.0,0.7744111700233085,0.0,0.0,0.11339105070636134,0.11026483503129819,0.0,0.0,0.7790111057631013,0.0,0.0,0.11175672282140585,0.10923217141549299,0.0,0.0
2020-11-04,984616284.4491695,1903317.8991695251,0.0,982712966.55,0.9980669445252631,Bull,1.0,0.0,0.0,0.0,0.7732388531192367,0.0,0.0,0.11292287336299883,0.1119052180430276,0.0,0.0,0.7790111057631013,0.0,0.0,0.11175672282140585,0.10923217141549299,0.0,0.0
2020-11-05,990771056.7991695,1903317.8991695251,0.0,988867738.9,0.9980789528659442,Bull,1.0,0.0,0.0,0.0,0.7742832550825106,0.0,0.0,0.11269041342477536,0.11110528435865817,0.0,0.0,0.7790111057631013,0.0,0.0,0.11175672282140585,0.10923217141549299,0.0,0.0
2020-11-06,996689364.1991695,1903317.8991695251,0.0,994786046.3,0.9980903599782076,Bull,1.0,0.0,0.0,0.0,0.7746465187981217,0.0,0.0,0.11232135509938983,0.11112248608069604,0.0,0.0,0.7790111057631013,0.0,0.0,0.11175672282140585,0.10923217141549299,0.0,0.0
2020-11-09,1004939424.1991695,1903317.8991695251,0.0,1003036106.3,0.9981060371865833,Bull,1.0,0.0,0.0,0.0,0.7743838957459055,0.0,0.0,0.11206585918324953,0.11165628225742835,0.0,0.0,0.7790111057631013,0.0,0.0,0.11175672282140585,0.10923217141549299,0.0,0.0
2020-11-10,1012277031.2491695,1903317.8991695251,0.0,1010373713.3499999,0.9981197657949219,Bull,1.0,0.0,0.0,0.0,0.7770747424539524,0.0,0.0,0.11122350554676025,0.10982151779420928,0.0,0.0,0.7790111057631013,0.0,0.0,0.11175672282140585,0.10923217141549299,0.0,0.0
2020-11-11,1028692954.1491696,1903317.8991695251,0.0,1026789636.25,0.9981497706468265,Bull,1.0,0.0,0.0,0.0,0.7786495795652637,0.0,0.0,0.10976628112845635,0.10973390995310642,0.0,0.0,0.7790111057631013,0.0,0.0,0.11175672282140585,0.10923217141549299,0.0,0.0
2020-11-12,1013395735.4991696,1903317.8991695251,0.0,1011492417.6,0.9981218414164413,Bull,1.0,0.0,0.0,0.0,0.7756170566603338,0.0,0.0,0.11106322639552121,0.11144155836058632,0.0,0.0,0.7790111057631013,0.0,0.0,0.11175672282140585,0.10923217141549299,0.0,0.0
2020-11-13,1018521473.0991696,1903317.8991695251,0.0,1016618155.2,0.9981312933016737,Bull,1.0,0.0,0.0,0.0,0.7763622820772955,0.0,0.0,0.11042967965884871,0.11133933156552953,0.0,0.0,0.7790111057631013,0.0,0.0,0.11175672282140585,0.10923217141549299,0.0,0.0
2020-11-16,1030144322.3491695,1903317.8991695251,0.0,1028241004.4499999,0.9981523774311262,Bull,1.0,0.0,0.0,0.0,0.7748484237914836,0.0,0.0,0.10964376306266312,0.1136601905769795,0.0,0.0,0.7790111057631013,0.0,0.0,0.11175672282140585,0.10923217141549299,0.0,0.0
2020-11-17,1031303608.6991695,1903317.8991695251,0.0,1029400290.8,0.9981544543400073,Bull,1.0,0.0,0.0,0.0,0.7747742605185391,0.0,0.0,0.1090425739340192,0.11433761988744892,0.0,0.0,0.7790111057631013,0.0,0.0,0.11175672282140585,0.10923217141549299,0.0,0.0
2020-11-18,1036915659.2991697,1903317.8991695251,0.0,1035012341.4000001,0.9981644429013099,Bull,1.0,0.0,0.0,0.0,0.7749969191738714,0.0,0.0,0.10869794374228933,0.11446957998514919,0.0,0.0,0.7790111057631013,0.0,0.0,0.11175672282140585,0.10923217141549299,0.0,0.0
2020-11-19,1032533738.2491696,1903317.8991695251,0.0,1030630420.35,0.9981566530674368,Bull,1.0,0.0,0.0,0.0,0.7745154378258334,0.0,0.0,0.10888690203057433,0.11475431321102915,0.0,0.0,0.7790111057631013,0.0,0.0,0.11175672282140585,0.10923217141549299,0.0,0.0
2020-11-20,1026536091.2491696,1903317.8991695251,0.0,1024632773.35,0.9981458831156599,Bull,1.0,0.0,0.0,0.0,0.7735913818516144,0.0,0.0,0.10928139882884098,0.11527310243520454,0.0,0.0,0.7790111057631013,0.0,0.0,0.11175672282140585,0.10923217141549299,0.0,0.0
2020-11-23,1031074963.9491696,1903317.8991695251,0.0,1029171646.0500001,0.9981540450833181,Bull,1.0,0.0,0.0,0.0,0.7724480507212315,0.0,0.0,0.10948059447359924,0.11622539988848743,0.0,0.0,0.7790111057631013,0.0,0.0,0.11175672282140585,0.10923217141549299,0.0,0.0
2020-11-24,1022442016.9491695,1903317.8991695251,0.0,1020538699.05,0.9981384588391146,Bull,1.0,0.0,0.0,0.0,0.7719271958374901,0.0,0.0,0.10956288781466336,0.11664837518696114,0.0,0.0,0.7790111057631013,0.0,0.0,0.11175672282140585,0.10923217141549299,0.0,0.0
2020-11-25,1023070189.6491696,1903317.8991695251,0.0,1021166871.75,0.9981396018392226,Bull,1.0,0.0,0.0,0.0,0.77283531447743,0.0,0.0,0.10969139863070693,0.11561288873108552,0.0,0.0,0.7790111057631013,0.0,0.0,0.11175672282140585,0.10923217141549299,0.0,0.0
2020-11-26,1027259201.9491696,1903317.8991695251,0.0,1025355884.0500001,0.9981471882699535,Bull,1.0,0.0,0.0,0.0,0.7723628881050992,0.0,0.0,0.10973345362700172,0.11605084653785258,0.0,0.0,0.7790111057631013,0.0,0.0,0.11175672282140585,0.10923217141549299,0.0,0.0
2020-11-27,1021954211.0991695,1903317.8991695251,0.0,1020050893.1999999,0.9981375702761454,Bull,1.0,0.0,0.0,0.0,0.7714587254863758,0.0,0.0,0.11022871551049235,0.11645012927927717,0.0,0.0,0.7790111057631013,0.0,0.0,0.11175672282140585,0.10923217141549299,0.0,0.0
2020-11-30,1017970851.9991696,1903317.8991695251,0.0,1016067534.1,0.9981302825169978,Bull,1.0,0.0,0.0,0.0,0.7715512016454482,0.0,0.0,0.11104983976505077,0.11552924110649873,0.0,0.0,0.7790111057631013,0.0,0.0,0.11175672282140585,0.10923217141549299,0.0,0.0
2020-12-01,1020682071.4991695,1903317.8991695251,0.0,1018778753.5999999,0.99813524901405,Bull,1.0,0.0,0.0,0.0,0.7717840604792487,0.0,0.0,0.11011185866616004,0.11623932986864122,0.0,0.0,0.7790111057631013,0.0,0.0,0.11175672282140585,0.10923217141549299,0.0,0.0
2020-12-02,1020512655.5991696,1903317.8991695251,0.0,1018609337.7,0.9981349394456533,Bull,1.0,0.0,0.0,0.0,0.7713348123427628,0.0,0.0,0.10942265084839861,0.1173774762544919,0.0,0.0,0.7790111057631013,0.0,0.0,0.11175672282140585,0.10923217141549299,0.0,0.0
2020-12-03,1018028007.2491695,1903317.8991695251,0.0,1016124689.3499999,0.9981303874887366,Bull,1.0,0.0,0.0,0.0,0.7712331917778291,0.0,0.0,0.10923324231568259,0.11766395339522495,0.0,0.0,0.7790111057631013,0.0,0.0,0.11175672282140585,0.10923217141549299,0.0,0.0
2020-12-04,1024739267.8991696,1903317.8991695251,0.0,1022835950.0,0.9981426320247573,Bull,1.0,0.0,0.0,0.0,0.7701668851023832,0.0,0.0,0.10915781555763161,0.11881793136474249,0.0,0.0,0.7790111057631013,0.0,0.0,0.11175672282140585,0.10923217141549299,0.0,0.0
2020-12-07,1022951009.4991696,1903317.8991695251,0.0,1021047691.6,0.9981393850912749,Bull,1.0,0.0,0.0,0.0,0.7682275928196716,0.0,0.0,0.10976996841224697,0.12014182385935636,0.0,0.0,0.7790111057631013,0.0,0.0,0.11175672282140585,0.10923217141549299,0.0,0.0
2020-12-08,1011911457.6991695,1903317.8991695251,0.0,1010008139.8,0.9981190865221575,Bull,1.0,0.0,0.0,0.0,0.7643948824917379,0.0,0.0,0.11057914123674799,0.1231450627936716,0.0,0.0,0.7790111057631013,0.0,0.0,0.11175672282140585,0.10923217141549299,0.0,0.0
2020-12-09,1006966228.5491695,1903317.8991695251,0.0,1005062910.65,0.9981098493224426,Bull,1.0,0.0,0.0,0.0,0.7631720795217067,0.0,0.0,0.11118793940221297,0.12374983039852291,0.0,0.0,0.7790111057631013,0.0,0.0,0.11175672282140585,0.10923217141549299,0.0,0.0
2020-12-10,1007424963.6975349,1518280.3475348998,0.0,1005906683.35,0.9984929097429129,Bull,1.0,0.0,0.0,0.0,0.7755243432547787,0.0,0.0,0.11148214909008296,0.11148641739805125,0.0,0.0,0.7790111057631013,0.0,0.0,0.11175672282140585,0.10923217141549299,0.0,0.0
2020-12-11,1014707323.047535,1518280.3475348998,0.0,1013189042.7,0.9985037258399053,Bull,1.0,0.0,0.0,0.0,0.7769836432559837,0.0,0.0,0.11069379066138678,0.11082629192253486,0.0,0.0,0.7790111057631013,0.0,0.0,0.11175672282140585,0.10923217141549299,0.0,0.0
2020-12-14,1010905665.9475348,1518280.3475348998,0.0,1009387385.5999999,0.998498098884319,Bull,1.0,0.0,0.0,0.0,0.7767787460801053,0.0,0.0,0.11094467444187887,0.11077467836233476,0.0,0.0,0.7790111057631013,0.0,0.0,0.11175672282140585,0.10923217141549299,0.0,0.0
2020-12-15,1006594793.897535,1518280.3475348998,0.0,1005076513.5500001,0.9984916667990541,Bull,1.0,0.0,0.0,0.0,0.7768371824398673,0.0,0.0,0.11153435392338058,0.1101201304358062,0.0,0.0,0.7790111057631013,0.0,0.0,0.11175672282140585,0.10923217141549299,0.0,0.0
2020-12-16,1017423556.797535,1518280.3475348998,0.0,1015905276.45,0.9985077204696204,Bull,1.0,0.0,0.0,0.0,0.7763471969690036,0.0,0.0,0.111164715269618,0.11099580823099889,0.0,0.0,0.7790111057631013,0.0,0.0,0.11175672282140585,0.10923217141549299,0.0,0.0
2020-12-17,1014895768.1975349,1518280.3475348998,0.0,1013377487.85,0.9985040036670648,Bull,1.0,0.0,0.0,0.0,0.7762766508024874,0.0,0.0,0.1115616042040316,0.11066574866054585,0.0,0.0,0.7790111057631013,0.0,0.0,0.11175672282140585,0.10923217141549299,0.0,0.0
2020-12-18,1010886482.1975349,1518280.3475348998,0.0,1009368201.85,0.9984980703825079,Bull,1.0,0.0,0.0,0.0,0.7767090723610773,0.0,0.0,0.11105905754713807,0.11072994047429251,0.0,0.0,0.7790111057631013,0.0,0.0,0.11175672282140585,0.10923217141549299,0.0,0.0
2020-12-21,1018624469.7975348,1518280.3475348998,0.0,1017106189.4499999,0.9985094798008959,Bull,1.0,0.0,0.0,0.0,0.7762412575923704,0.0,0.0,0.11131030459393584,0.11095791761458972,0.0,0.0,0.7790111057631013,0.0,0.0,0.11175672282140585,0.10923217141549299,0.0,0.0
2020-12-22,1012409875.6975349,1518280.3475348998,0.0,1010891595.35,0.9985003303662079,Bull,1.0,0.0,0.0,0.0,0.7767751127557624,0.0,0.0,0.1113489730849674,0.1103762445254781,0.0,0.0,0.7790111057631013,0.0,0.0,0.11175672282140585,0.10923217141549299,0.0,0.0
2020-12-23,1010297819.547535,1518280.3475348998,0.0,1008779539.2,0.998497195264447,Bull,1.0,0.0,0.0,0.0,0.7762110083056583,0.0,0.0,0.11153859566921298,0.1107475912895758,0.0,0.0,0.7790111057631013,0.0,0.0,0.11175672282140585,0.10923217141549299,0.0,0.0
2020-12-24,1011488375.6975349,1518280.3475348998,0.0,1009970095.35,0.9984989641166288,Bull,1.0,0.0,0.0,0.0,0.7765748121507694,0.0,0.0,0.11069835570061201,0.11122579626524737,0.0,0.0,0.7790111057631013,0.0,0.0,0.11175672282140585,0.10923217141549299,0.0,0.0
2020-12-25,1015252549.9975349,1518280.3475348998,0.0,1013734269.65,0.9985045293926732,Bull,1.0,0.0,0.0,0.0,0.7769992004963843,0.0,0.0,0.11055200009128027,0.11095332880500867,0.0,0.0,0.7790111057631013,0.0,0.0,0.11175672282140585,0.10923217141549299,0.0,0.0
2020-12-28,1018556319.7975348,1518280.3475348998,0.0,1017038039.4499999,0.9985093800725358,Bull,1.0,0.0,0.0,0.0,0.775842360496159,0.0,0.0,0.11109734218967228,0.11156967738670452,0.0,0.0,0.7790111057631013,0.0,0.0,0.11175672282140585,0.10923217141549299,0.0,0.0
2020-12-29,1019979398.3475349,1518280.3475348998,0.0,1018461118.0,0.9985114597902716,Bull,1.0,0.0,0.0,0.0,0.7763094228009156,0.0,0.0,0.11088086698930073,0.11132117000005524,0.0,0.0,0.7790111057631013,0.0,0.0,0.11175672282140585,0.10923217141549299,0.0,0.0
2020-12-30,1037046376.097535,1518280.3475348998,0.0,1035528095.7500001,0.9985359571350625,Bull,1.0,0.0,0.0,0.0,0.7775505650811528,0.0,0.0,0.10994387775506446,0.11104151429884516,0.0,0.0,0.7790111057631013,0.0,0.0,0.11175672282140585,0.10923217141549299,0.0,0.0
2020-12-31,1035078686.497535,1518280.3475348998,0.0,1033560406.1500001,0.9985331739824801,Bull,1.0,0.0,0.0,0.0,0.777676293262094,0.0,0.0,0.10900958687672554,0.11184729384366056,0.0,0.0,0.7790111057631013,0.0,0.0,0.11175672282140585,0.10923217141549299,0.0,0.0
2021-01-04,1031363870.9975349,1518280.3475348998,0.0,1029845590.65,0.9985278906986857,Bull,1.0,0.0,0.0,0.0,0.7749843320349452,0.0,0.0,0.10936518446288448,0.11417837420085608,0.0,0.0,0.7790111057631013,0.0,0.0,0.11175672282140585,0.10923217141549299,0.0,0.0
2021-01-05,1035872838.1475348,1518280.3475348998,0.0,1034354557.8,0.9985342985242763,Bull,1.0,0.0,0.0,0.0,0.7753219586645952,0.0,0.0,0.10930241225600519,0.11390992760367592,0.0,0.0,0.7790111057631013,0.0,0.0,0.11175672282140585,0.10923217141549299,0.0,0.0
2021-01-06,1028834719.3975348,1518280.3475348998,0.0,1027316439.05,0.998524271859309,Bull,1.0,0.0,0.0,0.0,0.7727721217607899,0.0,0.0,0.10982036071465681,0.11593178938386223,0.0,0.0,0.7790111057631013,0.0,0.0,0.11175672282140585,0.10923217141549299,0.0,0.0
2021-01-07,1035818839.4975349,1518280.3475348998,0.0,1034300559.15,0.9985342221152578,Bull,1.0,0.0,0.0,0.0,0.7716308380119032,0.0,0.0,0.109056232318382,0.11784715178497245,0.0,0.0,0.7790111057631013,0.0,0.0,0.11175672282140585,0.10923217141549299,0.0,0.0
2021-01-08,1047348094.5975349,1518280.3475348998,0.0,1045829814.25,0.9985503574643745,Bull,1.0,0.0,0.0,0.0,0.7709785489802146,0.0,0.0,0.10894229014074396,0.11862951834341592,0.0,0.0,0.7790111057631013,0.0,0.0,0.11175672282140585,0.10923217141549299,0.0,0.0
2021-01-11,1049600080.9475349,1518280.3475348998,0.0,1048081800.6,0.9985534677682529,Bull,1.0,0.0,0.0,0.0,0.7703260654001561,0.0,0.0,0.10885993825081589,0.11936746411728091,0.0,0.0,0.7790111057631013,0.0,0.0,0.11175672282140585,0.10923217141549299,0.0,0.0
2021-01-12,1039233379.4475349,1518280.3475348998,0.0,1037715099.1,0.9985390381241006,Bull,1.0,0.0,0.0,0.0,0.7682172406013491,0.0,0.0,0.10994585264451498,0.1203759448782366,0.0,0.0,0.7790111057631013,0.0,0.0,0.11175672282140585,0.10923217141549299,0.0,0.0
2021-01-13,1044958959.2975348,1518280.3475348998,0.0,1043440678.9499999,0.9985470430833422,Bull,1.0,0.0,0.0,0.0,0.7655512896772262,0.0,0.0,0.11037935889610216,0.12261639451001383,0.0,0.0,0.7790111057631013,0.0,0.0,0.11175672282140585,0.10923217141549299,0.0,0.0
2021-01-14,1044124041.7475349,1518280.3475348998,0.0,1042605761.4,0.9985458812489426,Bull,1.0,0.0,0.0,0.0,0.7670939269432745,0.0,0.0,0.10987123695379734,0.12158071735187083,0.0,0.0,0.7790111057631013,0.0,0.0,0.11175672282140585,0.10923217141549299,0.0,0.0
2021-01-15,1035692509.3475349,1518280.3475348998,0.0,1034174229.0,0.9985340433247979,Bull,1.0,0.0,0.0,0.0,0.7661088806173363,0.0,0.0,0.10944319764503063,0.12298196506243098,0.0,0.0,0.7790111057631013,0.0,0.0,0.11175672282140585,0.10923217141549299,0.0,0.0
2021-01-18,1030316451.9475348,1518280.3475348998,0.0,1028798171.5999999,0.998526394153306,Bull,1.0,0.0,0.0,0.0,0.7650545326244471,0.0,0.0,0.10994010605759795,0.1235317554712609,0.0,0.0,0.7790111057631013,0.0,0.0,0.11175672282140585,0.10923217141549299,0.0,0.0
2021-01-19,1032608455.8475348,1518280.3475348998,0.0,1031090175.4999999,0.9985296650061918,Bull,1.0,0.0,0.0,0.0,0.7627666818334629,0.0,0.0,0.10924973484495346,0.12651324832777552,0.0,0.0,0.7790111057631013,0.0,0.0,0.11175672282140585,0.10923217141549299,0.0,0.0
2021-01-20,1017792170.4533479,248137.0033478979,0.0,1017544033.45,0.9997562007150858,Bull,1.0,0.0,0.0,0.0,0.7743204912835628,0.0,0.0,0.11001921929712136,0.11541649013440157,0.0,0.0,0.7790111057631013,0.0,0.0,0.11175672282140585,0.10923217141549299,0.0,0.0
2021-01-21,1022705156.803348,248137.0033478979,0.0,1022457019.8000001,0.9997573719055808,Bull,1.0,0.0,0.0,0.0,0.7714042650043059,0.0,0.0,0.10950164791389012,0.11885145898738475,0.0,0.0,0.7790111057631013,0.0,0.0,0.11175672282140585,0.10923217141549299,0.0,0.0
2021-01-22,1016093732.5033479,248137.0033478979,2592500.0,1013253095.5,0.9972043553537631,Bull,1.0,0.0,0.0,0.0,0.7721021893985702,0.0,0.0,0.1101201556713975,0.11498201028379539,0.0,0.0,0.7790111057631013,0.0,0.0,0.11175672282140585,0.10923217141549299,0.0,0.0
2021-01-25,1021709287.9533478,248137.0033478979,2592500.0,1018868650.9499999,0.9972197208767298,Bull,1.0,0.0,0.0,0.0,0.7741218175028614,0.0,0.0,0.11028694886949597,0.11281095450437256,0.0,0.0,0.7790111057631013,0.0,0.0,0.11175672282140585,0.10923217141549299,0.0,0.0
2021-01-26,1014221364.9533479,248137.0033478979,2592500.0,1011380727.95,0.9971991942770023,Bull,1.0,0.0,0.0,0.0,0.7751646288639986,0.0,0.0,0.11069545947216777,0.1113391059408359,0.0,0.0,0.7790111057631013,0.0,0.0,0.11175672282140585,0.10923217141549299,0.0,0.0
2021-01-27,1013075499.0533478,248137.0033478979,2592500.0,1010234862.05,0.9971960263514394,Bull,1.0,0.0,0.0,0.0,0.7751637096976586,0.0,0.0,0.11039947181084717,0.1116328448429337,0.0,0.0,0.7790111057631013,0.0,0.0,0.11175672282140585,0.10923217141549299,0.0,0.0
2021-01-28,1007863727.0033479,248137.0033478979,2592500.0,1005023090.0,0.9971815267012398,Bull,0.5,0.0,0.0,0.0,0.7762852943683736,0.0,0.0,0.1109632155653802,0.10993301676748603,0.0,0.0,0.38950555288155064,0.0,0.0,0.055878361410702924,0.054616085707746495,0.0,0.0
2021-01-29,994246414.659161,189826.8091610265,2592500.0,991464087.8499999,0.9972015721976579,Bull,0.5,0.0,0.0,0.0,0.797917172396303,0.0,0.0,0.11186180644978928,0.08742259335156569,0.0,0.0,0.38950555288155064,0.0,0.0,0.055878361410702924,0.054616085707746495,0.0,0.0
2021-02-01,1002156745.5739006,108450.3239005236,2592500.0,999455795.25,0.9973048624021845,Bull,0.5,0.0,0.0,0.0,0.8109363119484898,0.0,0.0,0.111218629712632,0.07514992074106273,0.0,0.0,0.38950555288155064,0.0,0.0,0.055878361410702924,0.054616085707746495,0.0,0.0
2021-02-02,1005876408.5266966,46288514.92669671,2592500.0,956995393.5999999,0.9514045517795844,Bull,1.0,0.0,0.0,0.0,0.7706743463000957,0.0,0.0,0.11216030025522336,0.06856990522426536,0.0,0.0,0.7790111057631013,0.0,0.0,0.11175672282140585,0.10923217141549299,0.0,0.0
2021-02-03,1009899137.4557351,9109039.055735089,2592500.0,998197598.4,0.9884131606595733,Bull,1.0,0.0,0.0,0.0,0.7784628377647848,0.0,0.0,0.11137280529158776,0.09857751760320077,0.0,0.0,0.7790111057631013,0.0,0.0,0.11175672282140585,0.10923217141549299,0.0,0.0
2021-02-04,1007690564.7557352,9109039.055735089,2592500.0,995989025.7,0.9883877655849923,Bull,1.0,0.0,0.0,0.0,0.7786253073533448,0.0,0.0,0.11155716241845481,0.09820529581319253,0.0,0.0,0.7790111057631013,0.0,0.0,0.11175672282140585,0.10923217141549299,0.0,0.0
2021-02-05,1013072941.6557351,9109039.055735089,2592500.0,1001371402.6,0.988449460473586,Bull,1.0,0.0,0.0,0.0,0.7783793941936796,0.0,0.0,0.11147223004044655,0.09859783623945984,0.0,0.0,0.7790111057631013,0.0,0.0,0.11175672282140585,0.10923217141549299,0.0,0.0
2021-02-17,1028114810.0557351,9109039.055735089,2592500.0,1016413271.0,0.9886184510316501,Bull,1.0,0.0,0.0,0.0,0.7774731121290505,0.0,0.0,0.10984580602810082,0.10129953287449879,0.0,0.0,0.7790111057631013,0.0,0.0,0.11175672282140585,0.10923217141549299,0.0,0.0
2021-02-18,1029059382.1057352,9109039.055735089,2592500.0,1017357843.0500001,0.9886288981382293,Bull,1.0,0.0,0.0,0.0,0.7779790039052774,0.0,0.0,0.10958735905914199,0.10106253517380996,0.0,0.0,0.7790111057631013,0.0,0.0,0.11175672282140585,0.10923217141549299,0.0,0.0
2021-02-19,1029303650.905735,9109039.055735089,2592500.0,1017602111.8499999,0.9886315966668938,Bull,1.0,0.0,0.0,0.0,0.7792995401737486,0.0,0.0,0.10937336120486575,0.09995869528827951,0.0,0.0,0.7790111057631013,0.0,0.0,0.11175672282140585,0.10923217141549299,0.0,0.0
2021-02-22,1027911458.7057351,9109039.055735089,2592500.0,1016209919.65,0.9886161994239574,Bull,1.0,0.0,0.0,0.0,0.7791256852593073,0.0,0.0,0.10943247985739415,0.10005803430725602,0.0,0.0,0.7790111057631013,0.0,0.0,0.11175672282140585,0.10923217141549299,0.0,0.0
2021-02-23,1039530566.0557351,9109039.055735089,2592500.0,1027829027.0,0.9887434391658785,Bull,1.0,0.0,0.0,0.0,0.781054885264882,0.0,0.0,0.10896274116284807,0.09872581273814848,0.0,0.0,0.7790111057631013,0.0,0.0,0.11175672282140585,0.10923217141549299,0.0,0.0
2021-02-24,1037063649.505735,9109039.055735089,2592500.0,1025362110.4499999,0.9887166626066664,Bull,1.0,0.0,0.0,0.0,0.7812883624222712,0.0,0.0,0.10993240391207978,0.09749589627231539,0.0,0.0,0.7790111057631013,0.0,0.0,0.11175672282140585,0.10923217141549299,0.0,0.0
2021-02-25,1048831537.7057351,9109039.055735089,2592500.0,1037129998.65,0.9888432616344359,Bull,1.0,0.0,0.0,0.0,0.781783269450133,0.0,0.0,0.10988084917058823,0.09717914301371477,0.0,0.0,0.7790111057631013,0.0,0.0,0.11175672282140585,0.10923217141549299,0.0,0.0
2021-02-26,1029342303.8057351,9109039.055735089,2592500.0,1017640764.75,0.988632023562549,Sideways,1.0,0.0,0.0,0.0,0.7808226299243661,0.0,0.0,0.11177778235151063,0.0960316112866722,0.0,0.0,0.7790111057631013,0.0,0.0,0.11175672282140585,0.10923217141549299,0.0,0.0
2021-03-02,1034656457.3557351,9109039.055735089,2592500.0,1022954918.3,0.9886904112253446,Bull,1.0,0.0,0.0,0.0,0.7816370956277173,0.0,0.0,0.11147912834254217,0.0955741872550851,0.0,0.0,0.7790111057631013,0.0,0.0,0.11175672282140585,0.10923217141549299,0.0,0.0
2021-03-03,1043015324.155735,9109039.055735089,2592500.0,1031313785.0999999,0.98878104780943,Sideways,1.0,0.0,0.0,0.0,0.7812285843063369,0.0,0.0,0.11135886243475511,0.09619360106833798,0.0,0.0,0.7790111057631013,0.0,0.0,0.11175672282140585,0.10923217141549299,0.0,0.0
2021-03-04,1035675697.2557352,9109039.055735089,2592500.0,1023974158.2,0.9887015413350521,Sideways,1.0,0.0,0.0,0.0,0.7822196758566586,0.0,0.0,0.11150256813594504,0.09497929734244837,0.0,0.0,0.7790111057631013,0.0,0.0,0.11175672282140585,0.10923217141549299,0.0,0.0
2021-03-05,1036925540.1057351,9109039.055735089,2592500.0,1025224001.05,0.9887151597649511,Sideways,1.0,0.0,0.0,0.0,0.7822930573850888,0.0,0.0,0.11212897696409718,0.09429312541576505,0.0,0.0,0.7790111057631013,0.0,0.0,0.11175672282140585,0.10923217141549299,0.0,0.0
2021-03-08,1036071883.9557352,9109039.055735089,2592500.0,1024370344.9000001,0.9887058617872551,Sideways,1.0,0.0,0.0,0.0,0.7828158523165283,0.0,0.0,0.11159071275882586,0.09429929671190086,0.0,0.0,0.7790111057631013,0.0,0.0,0.11175672282140585,0.10923217141549299,0.0,0.0
2021-03-09,1049906716.9557352,11701539.055735089,0.0,1038205177.9000001,0.9888546869290784,Bull,0.5,2592500.0,0.0,0.0,0.7848201317248454,0.0,0.0,0.1113307478772212,0.0927038073270118,0.0,0.0,0.38950555288155064,0.0,0.0,0.055878361410702924,0.054616085707746495,0.0,0.0
2021-03-10,1052168835.7629464,220670342.9629464,0.0,831498492.8,0.7902709760426098,Bull,0.5,0.0,0.0,0.0,0.6238325737181231,0.0,0.0,0.08909121503492183,0.07734718728956484,0.0,0.0,0.38950555288155064,0.0,0.0,0.055878361410702924,0.054616085707746495,0.0,0.0
2021-03-11,1053102646.3398755,430103703.53987557,0.0,622998942.8,0.5915842534108826,Bull,1.0,0.0,0.0,0.0,0.4623581988824058,0.0,0.0,0.06616752910286704,0.06305852542560979,0.0,0.0,0.7790111057631013,0.0,0.0,0.11175672282140585,0.10923217141549299,0.0,0.0
2021-03-12,1055147745.5088553,219197121.90885532,0.0,835950623.6,0.7922593088580734,Bull,1.0,0.0,0.0,0.0,0.6184877675924704,0.0,0.0,0.08801838452984741,0.08575315673575556,0.0,0.0,0.7790111057631013,0.0,0.0,0.11175672282140585,0.10923217141549299,0.0,0.0
2021-03-15,1058197188.7371264,54614744.38712637,0.0,1003582444.35,0.9483888778306956,Bull,1.0,0.0,0.0,0.0,0.7407813521840039,0.0,0.0,0.10485786692782867,0.102749658718863,0.0,0.0,0.7790111057631013,0.0,0.0,0.11175672282140585,0.10923217141549299,0.0,0.0
2021-03-16,1066433315.2532407,13652548.253240746,0.0,1052780767.0,0.9871979353439472,Bull,1.0,0.0,0.0,0.0,0.7704248875654237,0.0,0.0,0.10965392615498998,0.10711912162353356,0.0,0.0,0.7790111057631013,0.0,0.0,0.11175672282140585,0.10923217141549299,0.0,0.0
2021-03-17,1060878602.6532407,13652548.253240746,0.0,1047226054.4,0.9871309043097901,Bull,1.0,0.0,0.0,0.0,0.7701563141688313,0.0,0.0,0.11020949966149536,0.10676509047946343,0.0,0.0,0.7790111057631013,0.0,0.0,0.11175672282140585,0.10923217141549299,0.0,0.0
2021-03-18,1062563215.3032407,13652548.253240746,0.0,1048910667.05,0.9871513072760152,Bull,1.0,0.0,0.0,0.0,0.7695508890891173,0.0,0.0,0.11044858160886692,0.10715183657803098,0.0,0.0,0.7790111057631013,0.0,0.0,0.11175672282140585,0.10923217141549299,0.0,0.0
2021-03-19,1050604848.8532407,13652548.253240746,0.0,1036952300.6,0.987005058782907,Bull,1.0,0.0,0.0,0.0,0.768470563867329,0.0,0.0,0.11185004536031323,0.10668444955526467,0.0,0.0,0.7790111057631013,0.0,0.0,0.11175672282140585,0.10923217141549299,0.0,0.0
2021-03-22,1055469204.6532407,13652548.253240746,0.0,1041816656.4,0.987064948751654,Bull,1.0,0.0,0.0,0.0,0.7699023835252217,0.0,0.0,0.11049000717961585,0.10667255804681644,0.0,0.0,0.7790111057631013,0.0,0.0,0.11175672282140585,0.10923217141549299,0.0,0.0
2021-03-23,1058213513.7032406,13652548.253240746,0.0,1044560965.4499999,0.987098493757216,Bull,1.0,0.0,0.0,0.0,0.7705415352299738,0.0,0.0,0.11000152473260134,0.10655543379464093,0.0,0.0,0.7790111057631013,0.0,0.0,0.11175672282140585,0.10923217141549299,0.0,0.0
2021-03-24,1058027229.6032406,13652548.253240746,0.0,1044374681.3499999,0.9870962222225979,Bull,0.5,0.0,0.0,0.0,0.7717120679929796,0.0,0.0,0.11048515267781532,0.10489900155180285,0.0,0.0,0.38950555288155064,0.0,0.0,0.055878361410702924,0.054616085707746495,0.0,0.0
2021-03-25,1061859537.1251273,224025618.82512736,0.0,837833918.3,0.7890251855422864,Bull,0.5,0.0,0.0,0.0,0.6167474090528681,0.0,0.0,0.08802736777508961,0.08425040871432882,0.0,0.0,0.38950555288155064,0.0,0.0,0.055878361410702924,0.054616085707746495,0.0,0.0
2021-03-26,1063745983.4064401,432346992.40644014,0.0,631398991.0,0.5935618097264793,Bull,0.5,0.0,0.0,0.0,0.45981131645139595,0.0,0.0,0.06895913229688054,0.06479136097820282,0.0,0.0,0.38950555288155064,0.0,0.0,0.055878361410702924,0.054616085707746495,0.0,0.0
2021-03-29,1067903050.8585638,506623036.5585638,0.0,561280014.3,0.5255907957644158,Bull,1.0,0.0,0.0,0.0,0.40882640418434657,0.0,0.0,0.059307069072497824,0.05745732250757147,0.0,0.0,0.7790111057631013,0.0,0.0,0.11175672282140585,0.10923217141549299,0.0,0.0
2021-03-30,1069216730.8859712,292913661.0859711,0.0,776303069.8000001,0.7260483748292473,Bull,1.0,0.0,0.0,0.0,0.5650663259817937,0.0,0.0,0.08154305622187112,0.07943899262558242,0.0,0.0,0.7790111057631013,0.0,0.0,0.11175672282140585,0.10923217141549299,0.0,0.0
2021-03-31,1069225282.7517513,79069302.90175137,0.0,990155979.8499999,0.9260499127945617,Bull,1.0,0.0,0.0,0.0,0.7221568665705358,0.0,0.0,0.10357648831028693,0.10031655791373899,0.0,0.0,0.7790111057631013,0.0,0.0,0.11175672282140585,0.10923217141549299,0.0,0.0
2021-04-01,1066980878.8850098,19787910.035009753,0.0,1047192968.85,0.9814542974231291,Bull,1.0,0.0,0.0,0.0,0.7635903650882627,0.0,0.0,0.10984723561539228,0.10801669671947407,0.0,0.0,0.7790111057631013,0.0,0.0,0.11175672282140585,0.10923217141549299,0.0,0.0
2021-04-06,1070526682.7172352,5104234.317235253,0.0,1065422448.4,0.9952320344745826,Bull,1.0,0.0,0.0,0.0,0.7730679316646201,0.0,0.0,0.11209828016187566,0.1100658226480869,0.0,0.0,0.7790111057631013,0.0,0.0,0.11175672282140585,0.10923217141549299,0.0,0.0
2021-04-07,1072408744.7172352,5104234.317235253,0.0,1067304510.4,0.9952404021858465,Bull,1.0,0.0,0.0,0.0,0.7729573397115156,0.0,0.0,0.11229067330269844,0.1099923891716325,0.0,0.0,0.7790111057631013,0.0,0.0,0.11175672282140585,0.10923217141549299,0.0,0.0
2021-04-08,1067208990.2172352,5104234.317235253,0.0,1062104755.9,0.9952172120324846,Bull,1.0,0.0,0.0,0.0,0.7725552946589906,0.0,0.0,0.11177267160738502,0.110889245766109,0.0,0.0,0.7790111057631013,0.0,0.0,0.11175672282140585,0.10923217141549299,0.0,0.0
2021-04-09,1065049414.2672353,5104234.317235253,0.0,1059945179.95,0.995207514084455,Bull,1.0,0.0,0.0,0.0,0.7718146866599224,0.0,0.0,0.11251984968458068,0.1108729777399519,0.0,0.0,0.7790111057631013,0.0,0.0,0.11175672282140585,0.10923217141549299,0.0,0.0
2021-04-12,1067105252.8672352,5104234.317235253,0.0,1062001018.55,0.9952167470795215,Bull,1.0,0.0,0.0,0.0,0.7730112060957389,0.0,0.0,0.11218790243823737,0.11001763854554511,0.0,0.0,0.7790111057631013,0.0,0.0,0.11175672282140585,0.10923217141549299,0.0,0.0
2021-04-13,1071687260.6172352,5104234.317235253,0.0,1066583026.3,0.99523719791696,Bull,1.0,0.0,0.0,0.0,0.7735766363617322,0.0,0.0,0.1121133043335793,0.10954725722164839,0.0,0.0,0.7790111057631013,0.0,0.0,0.11175672282140585,0.10923217141549299,0.0,0.0
2021-04-14,1074116089.8172352,5104234.317235253,0.0,1069011855.5,0.9952479677330746,Bull,1.0,0.0,0.0,0.0,0.7733765124413563,0.0,0.0,0.11197420943621182,0.1098972458555065,0.0,0.0,0.7790111057631013,0.0,0.0,0.11175672282140585,0.10923217141549299,0.0,0.0
2021-04-15,1081045522.2172353,5104234.317235253,0.0,1075941287.9,0.9952784279548502,Bull,1.0,0.0,0.0,0.0,0.77341228534499,0.0,0.0,0.11176273109405765,0.11010341151580263,0.0,0.0,0.7790111057631013,0.0,0.0,0.11175672282140585,0.10923217141549299,0.0,0.0
2021-04-16,1086110899.1172352,5104234.317235253,0.0,1081006664.8,0.9953004483046953,Bull,1.0,0.0,0.0,0.0,0.7740248859331785,0.0,0.0,0.11152802176872824,0.1097475406027886,0.0,0.0,0.7790111057631013,0.0,0.0,0.11175672282140585,0.10923217141549299,0.0,0.0
2021-04-19,1097213106.4672353,5104234.317235253,0.0,1092108872.15,0.9953480009606614,Bull,1.0,0.0,0.0,0.0,0.7757649513416723,0.0,0.0,0.110750955565284,0.108832094053705,0.0,0.0,0.7790111057631013,0.0,0.0,0.11175672282140585,0.10923217141549299,0.0,0.0
2021-04-20,1098958323.6672351,5104234.317235253,0.0,1093854089.35,0.9953553886373031,Bull,1.0,0.0,0.0,0.0,0.775055314661697,0.0,0.0,0.11183554221589839,0.10846453175970773,0.0,0.0,0.7790111057631013,0.0,0.0,0.11175672282140585,0.10923217141549299,0.0,0.0
2021-04-21,1091882649.0672352,5104234.317235253,0.0,1086778414.75,0.9953252903857428,Bull,1.0,0.0,0.0,0.0,0.7748572756172649,0.0,0.0,0.11228056431222838,0.10818745045624953,0.0,0.0,0.7790111057631013,0.0,0.0,0.11175672282140585,0.10923217141549299,0.0,0.0
2021-04-22,1093982041.5672352,5104234.317235253,0.0,1088877807.25,0.9953342613285289,Bull,1.0,0.0,0.0,0.0,0.775313739186158,0.0,0.0,0.11211893371145587,0.10790158843091503,0.0,0.0,0.7790111057631013,0.0,0.0,0.11175672282140585,0.10923217141549299,0.0,0.0
2021-04-23,1093412919.8172352,5104234.317235253,0.0,1088308685.5,0.9953318328101625,Bull,1.0,0.0,0.0,0.0,0.7742927398749901,0.0,0.0,0.11210275439263004,0.10893633854254231,0.0,0.0,0.7790111057631013,0.0,0.0,0.11175672282140585,0.10923217141549299,0.0,0.0
2021-04-26,1103904147.9672353,5104234.317235253,0.0,1098799913.65,0.995376197900303,Bull,1.0,0.0,0.0,0.0,0.7750404011303652,0.0,0.0,0.11084513109704504,0.10949066567289266,0.0,0.0,0.7790111057631013,0.0,0.0,0.11175672282140585,0.10923217141549299,0.0,0.0
2021-04-27,1098921284.0672352,5104234.317235253,0.0,1093817049.75,0.9953552320887408,Bull,1.0,0.0,0.0,0.0,0.7745607097531858,0.0,0.0,0.11076844334971718,0.11002607898583787,0.0,0.0,0.7790111057631013,0.0,0.0,0.11175672282140585,0.10923217141549299,0.0,0.0
2021-04-28,1095951234.4172351,5104234.317235253,0.0,1090847000.1,0.9953426446752903,Bull,1.0,0.0,0.0,0.0,0.7754418932261163,0.0,0.0,0.1102403977529568,0.10966035369621734,0.0,0.0,0.7790111057631013,0.0,0.0,0.11175672282140585,0.10923217141549299,0.0,0.0
2021-04-29,1092987879.9172351,5104234.317235253,0.0,1087883645.6,0.9953300174585451,Bull,1.0,0.0,0.0,0.0,0.7748273893614707,0.0,0.0,0.1103883238020318,0.11011430429504268,0.0,0.0,0.7790111057631013,0.0,0.0,0.11175672282140585,0.10923217141549299,0.0,0.0
2021-05-03,1079694691.0672352,5104234.317235253,0.0,1074590456.75,0.9952725206862044,Bull,1.0,0.0,0.0,0.0,0.7748181626447442,0.0,0.0,0.11084744695900996,0.10960691108245021,0.0,0.0,0.7790111057631013,0.0,0.0,0.11175672282140585,0.10923217141549299,0.0,0.0
2021-05-04,1072037970.6672353,5104234.317235253,0.0,1066933736.35,0.9952387560357976,Bull,1.0,0.0,0.0,0.0,0.7749543944165737,0.0,0.0,0.11085278996791048,0.10943157165131326,0.0,0.0,0.7790111057631013,0.0,0.0,0.11175672282140585,0.10923217141549299,0.0,0.0
2021-05-05,1069326721.6672353,5104234.317235253,0.0,1064222487.35,0.9952266840304178,Bull,1.0,0.0,0.0,0.0,0.7751346436547178,0.0,0.0,0.11142366274568594,0.10866837763001401,0.0,0.0,0.7790111057631013,0.0,0.0,0.11175672282140585,0.10923217141549299,0.0,0.0
2021-05-06,1078955437.8172352,5104234.317235253,0.0,1073851203.5,0.9952692816233808,Bull,1.0,0.0,0.0,0.0,0.7750440603846799,0.0,0.0,0.11157458017315439,0.10865064106554649,0.0,0.0,0.7790111057631013,0.0,0.0,0.11175672282140585,0.10923217141549299,0.0,0.0
2021-05-07,1089216794.2172353,5104234.317235253,0.0,1084112559.9,0.9953138490479267,Bull,1.0,0.0,0.0,0.0,0.7744271520401906,0.0,0.0,0.11133421798472039,0.10955247902301563,0.0,0.0,0.7790111057631013,0.0,0.0,0.11175672282140585,0.10923217141549299,0.0,0.0
2021-05-10,1099057731.7672353,5104234.317235253,0.0,1093953497.45,0.9953558087353356,Bull,1.0,0.0,0.0,0.0,0.7767265292582415,0.0,0.0,0.1107976373581345,0.10783164211895958,0.0,0.0,0.7790111057631013,0.0,0.0,0.11175672282140585,0.10923217141549299,0.0,0.0
2021-05-11,1079006963.7672353,5104234.317235253,0.0,1073902729.45,0.9952695075299474,Bull,1.0,0.0,0.0,0.0,0.7767255982518333,0.0,0.0,0.11283374814832402,0.10571016112979008,0.0,0.0,0.784258329322326,0.0,0.0,0.1338175421160544,0.08192412856161974,0.0,0.0
2021-05-12,1040814228.3797084,1386607.329708506,0.0,1039427621.05,0.9986677667427096,Sideways,0.5,0.0,0.0,0.0,0.78027221276007,0.0,0.0,0.12987562651832343,0.08851992746431618,0.0,0.0,0.392129164661163,0.0,0.0,0.0669087710580272,0.04096206428080987,0.0,0.0
2021-05-13,1032716051.3363028,206268325.0363028,0.0,826447726.3,0.8002661769714938,Sideways,0.5,0.0,0.0,0.0,0.6268868634919437,0.0,0.0,0.10436469914507203,0.06901461433447807,0.0,0.0,0.392129164661163,0.0,0.0,0.0669087710580272,0.04096206428080987,0.0,0.0
2021-05-14,1042515297.833178,386724857.38317794,0.0,655790440.45,0.6290463476296525,Sideways,0.5,0.0,0.0,0.0,0.47263358290675717,0.0,0.0,0.10594674268048414,0.05046602204241116,0.0,0.0,0.392129164661163,0.0,0.0,0.0669087710580272,0.04096206428080987,0.0,0.0
2021-05-17,1026370320.4539008,484755783.9539009,0.0,541614536.5,0.5276989461858923,Sideways,0.5,0.0,0.0,0.0,0.40700917414998733,0.0,0.0,0.07742907059593743,0.043260701439967526,0.0,0.0,0.392129164661163,0.0,0.0,0.0669087710580272,0.04096206428080987,0.0,0.0
2021-05-18,1042107151.003901,484755783.9539009,0.0,557351367.0500001,0.5348311510127174,Sideways,0.5,0.0,0.0,0.0,0.41375838044545377,0.0,0.0,0.07651180583799826,0.04456096472926532,0.0,0.0,0.392129164661163,0.0,0.0,0.0669087710580272,0.04096206428080987,0.0,0.0
2021-05-19,1038222671.806617,509806782.256617,0.0,528415889.55,0.5089620019860486,Sideways,0.5,0.0,0.0,0.0,0.39598045844502217,0.0,0.0,0.07121593662690882,0.041765606914117515,0.0,0.0,0.392129164661163,0.0,0.0,0.0669087710580272,0.04096206428080987,0.0,0.0
2021-05-20,1036436537.106617,509806782.256617,0.0,526629754.85,0.5081157755400766,Sideways,0.5,0.0,0.0,0.0,0.3950819371855834,0.0,0.0,0.07148281380240334,0.041551024552089824,0.0,0.0,0.392129164661163,0.0,0.0,0.0669087710580272,0.04096206428080987,0.0,0.0
2021-05-21,1042138026.606617,509806782.256617,0.0,532331244.34999996,0.5108068516445593,Sideways,0.5,0.0,0.0,0.0,0.39739413952536645,0.0,0.0,0.07150319640732977,0.041909515711863084,0.0,0.0,0.392129164661163,0.0,0.0,0.0669087710580272,0.04096206428080987,0.0,0.0
2021-05-24,1039711376.0066171,509806782.256617,0.0,529904593.75,0.5096650916577328,Sideways,0.5,0.0,0.0,0.0,0.39658861417264685,0.0,0.0,0.07113262556004707,0.04194385192503891,0.0,0.0,0.392129164661163,0.0,0.0,0.0669087710580272,0.04096206428080987,0.0,0.0
2021-05-25,1042750612.656617,509806782.256617,0.0,532943830.40000004,0.5110942385756249,Sideways,1.0,0.0,0.0,0.0,0.39742036626016103,0.0,0.0,0.0711402123380275,0.04253365997743636,0.0,0.0,0.784258329322326,0.0,0.0,0.1338175421160544,0.08192412856161974,0.0,0.0
2021-05-26,1043322260.2702767,301148694.17027664,0.0,742173566.1,0.7113560156453838,Sideways,1.0,0.0,0.0,0.0,0.5563585559361394,0.0,0.0,0.09634108638107775,0.05865637332816665,0.0,0.0,0.784258329322326,0.0,0.0,0.1338175421160544,0.08192412856161974,0.0,0.0
2021-05-27,1042455597.5328044,93281426.53280438,0.0,949174171.0,0.9105176021371318,Sideways,1.0,0.0,0.0,0.0,0.7148521939578819,0.0,0.0,0.12136104434512265,0.07430436383412722,0.0,0.0,0.784258329322326,0.0,0.0,0.1338175421160544,0.08192412856161974,0.0,0.0
2021-05-28,1048913331.9583366,23330090.908336498,0.0,1025583241.0500001,0.977757846909259,Sideways,1.0,0.0,0.0,0.0,0.7660720066831196,0.0,0.0,0.1308982313568817,0.08078760886925773,0.0,0.0,0.784258329322326,0.0,0.0,0.1338175421160544,0.08192412856161974,0.0,0.0
2021-05-31,1053950090.0941948,6159148.44419475,0.0,1047790941.65,0.9941561289267081,Sideways,1.0,0.0,0.0,0.0,0.7796019464039,0.0,0.0,0.13260248403936237,0.08195169848344581,0.0,0.0,0.784258329322326,0.0,0.0,0.1338175421160544,0.08192412856161974,0.0,0.0
2021-06-01,1056884430.6441948,6159148.44419475,0.0,1050725282.2,0.9941723538869424,Sideways,1.0,0.0,0.0,0.0,0.7798773056933076,0.0,0.0,0.1322132259199134,0.08208182227372136,0.0,0.0,0.784258329322326,0.0,0.0,0.1338175421160544,0.08192412856161974,0.0,0.0
2021-06-02,1061919585.1441948,6159148.44419475,0.0,1055760436.7,0.9941999860155527,Sideways,1.0,0.0,0.0,0.0,0.779970958523693,0.0,0.0,0.1325364010316176,0.08169262646024213,0.0,0.0,0.784258329322326,0.0,0.0,0.1338175421160544,0.08192412856161974,0.0,0.0
2021-06-03,1061666475.3941947,6159148.44419475,0.0,1055507326.9499999,0.9941986032459884,Sideways,1.0,0.0,0.0,0.0,0.7798965552176533,0.0,0.0,0.13264928606482593,0.08165276196350922,0.0,0.0,0.784258329322326,0.0,0.0,0.1338175421160544,0.08192412856161974,0.0,0.0
2021-06-04,1059032163.0941949,6159148.44419475,0.0,1052873014.6500001,0.9941841724370302,Sideways,1.0,0.0,0.0,0.0,0.7793044851807712,0.0,0.0,0.1334104901849269,0.08146919707133202,0.0,0.0,0.784258329322326,0.0,0.0,0.1338175421160544,0.08192412856161974,0.0,0.0
2021-06-07,1056510198.8441948,6159148.44419475,0.0,1050351050.4,0.9941702896470542,Sideways,1.0,0.0,0.0,0.0,0.7784661722146698,0.0,0.0,0.13383174166674722,0.0818723757656372,0.0,0.0,0.784258329322326,0.0,0.0,0.1338175421160544,0.08192412856161974,0.0,0.0
2021-06-08,1060461443.5941948,6159148.44419475,0.0,1054302295.15,0.994192010957683,Sideways,1.0,0.0,0.0,0.0,0.779101682706876,0.0,0.0,0.13399827109072832,0.08109205716007868,0.0,0.0,0.784258329322326,0.0,0.0,0.1338175421160544,0.08192412856161974,0.0,0.0
2021-06-09,1054882212.4941947,6159148.44419475,0.0,1048723064.05,0.9941612927289466,Sideways,1.0,0.0,0.0,0.0,0.778518164704118,0.0,0.0,0.134719401196446,0.08092372682838254,0.0,0.0,0.784258329322326,0.0,0.0,0.1338175421160544,0.08192412856161974,0.0,0.0
2021-06-10,1059337438.4441948,6159148.44419475,0.0,1053178290.0,0.9941858484174405,Bull,1.0,0.0,0.0,0.0,0.7776584307356162,0.0,0.0,0.13469513567797564,0.08183228200384864,0.0,0.0,0.784258329322326,0.0,0.0,0.1338175421160544,0.08192412856161974,0.0,0.0
2021-06-11,1060390683.5441948,6159148.44419475,0.0,1054231535.1,0.99419162338959,Bull,1.0,0.0,0.0,0.0,0.7775822137026867,0.0,0.0,0.13456134820337007,0.0820480614835333,0.0,0.0,0.784258329322326,0.0,0.0,0.1338175421160544,0.08192412856161974,0.0,0.0
2021-06-15,1061204245.5441948,6159148.44419475,0.0,1055045097.1,0.9941960763254991,Bull,1.0,0.0,0.0,0.0,0.7778611898378639,0.0,0.0,0.13390447748079812,0.08243040900683714,0.0,0.0,0.784258329322326,0.0,0.0,0.1338175421160544,0.08192412856161974,0.0,0.0
2021-06-16,1063887651.6941948,6159148.44419475,0.0,1057728503.25,0.9942107153566576,Bull,1.0,0.0,0.0,0.0,0.7780122289528371,0.0,0.0,0.13406481386720495,0.08213367253661565,0.0,0.0,0.784258329322326,0.0,0.0,0.1338175421160544,0.08192412856161974,0.0,0.0
2021-06-17,1060620875.7441949,6159148.44419475,0.0,1054461727.3000001,0.9941928840125147,Bull,1.0,0.0,0.0,0.0,0.7781680958531872,0.0,0.0,0.13387573566319858,0.08214905249612883,0.0,0.0,0.784258329322326,0.0,0.0,0.1338175421160544,0.08192412856161974,0.0,0.0
2021-06-18,1050590363.8441949,6159148.44419475,0.0,1044431215.4000001,0.9941374405704065,Bull,1.0,0.0,0.0,0.0,0.7778193514072516,0.0,0.0,0.1335646174085888,0.0827534717545662,0.0,0.0,0.784258329322326,0.0,0.0,0.1338175421160544,0.08192412856161974,0.0,0.0
2021-06-21,1051072267.0441948,6159148.44419475,0.0,1044913118.6,0.9941401284789718,Bull,1.0,0.0,0.0,0.0,0.7797746589821668,0.0,0.0,0.13362791922479136,0.08073755027201361,0.0,0.0,0.784258329322326,0.0,0.0,0.1338175421160544,0.08192412856161974,0.0,0.0
2021-06-22,1053577787.1441948,6159148.44419475,0.0,1047418638.7,0.9941540638770587,Bull,1.0,0.0,0.0,0.0,0.7797057310088965,0.0,0.0,0.13381309070889214,0.08063524215927002,0.0,0.0,0.784258329322326,0.0,0.0,0.1338175421160544,0.08192412856161974,0.0,0.0
2021-06-23,1058964581.5941948,6159148.44419475,0.0,1052805433.15,0.9941838012798099,Bull,1.0,0.0,0.0,0.0,0.7789960566085492,0.0,0.0,0.13365385628566512,0.08153388838559558,0.0,0.0,0.784258329322326,0.0,0.0,0.1338175421160544,0.08192412856161974,0.0,0.0
2021-06-24,1059261991.6441948,6159148.44419475,0.0,1053102843.2,0.9941854342997481,Bull,1.0,0.0,0.0,0.0,0.7791513805936937,0.0,0.0,0.133731221470639,0.08130283223541543,0.0,0.0,0.784258329322326,0.0,0.0,0.1338175421160544,0.08192412856161974,0.0,0.0
2021-06-25,1065665852.2941948,6159148.44419475,0.0,1059506703.85,0.9942203755230261,Bull,1.0,0.0,0.0,0.0,0.7800163644734328,0.0,0.0,0.13324195355825375,0.08096205749133958,0.0,0.0,0.784258329322326,0.0,0.0,0.1338175421160544,0.08192412856161974,0.0,0.0
2021-06-28,1068500302.8941948,6159148.44419475,0.0,1062341154.45,0.9942357073484099,Bull,1.0,0.0,0.0,0.0,0.7810709572935343,0.0,0.0,0.1322700607732021,0.08089468928167358,0.0,0.0,0.784258329322326,0.0,0.0,0.1338175421160544,0.08192412856161974,0.0,0.0
2021-06-29,1064403074.6941948,6159148.44419475,0.0,1058243926.25,0.9942135187405726,Bull,1.0,0.0,0.0,0.0,0.7798684971748018,0.0,0.0,0.13290219031041617,0.08144283125535469,0.0,0.0,0.784258329322326,0.0,0.0,0.1338175421160544,0.08192412856161974,0.0,0.0
2021-06-30,1067541582.7941948,6159148.44419475,0.0,1061382434.35,0.9942305306477395,Bull,1.0,0.0,0.0,0.0,0.7803502437530812,0.0,0.0,0.13188020239127457,0.08200008450338374,0.0,0.0,0.784258329322326,0.0,0.0,0.1338175421160544,0.08192412856161974,0.0,0.0
2021-07-01,1062696622.4441948,6159148.44419475,0.0,1056537474.0,0.9942042269504642,Bull,1.0,0.0,0.0,0.0,0.7798240405563331,0.0,0.0,0.13239159420344176,0.0819885921906893,0.0,0.0,0.784258329322326,0.0,0.0,0.1338175421160544,0.08192412856161974,0.0,0.0
2021-07-02,1060796870.1941948,6159148.44419475,0.0,1054637721.75,0.9941938474582157,Bull,1.0,0.0,0.0,0.0,0.7792373308932145,0.0,0.0,0.13282109323550967,0.08213542332949166,0.0,0.0,0.784258329322326,0.0,0.0,0.1338175421160544,0.08192412856161974,0.0,0.0
2021-07-05,1068546643.4941949,6159148.44419475,0.0,1062387495.0500001,0.9942359573335479,Bull,1.0,0.0,0.0,0.0,0.7791486690066264,0.0,0.0,0.13278110119370826,0.08230618713321315,0.0,0.0,0.784258329322326,0.0,0.0,0.1338175421160544,0.08192412856161974,0.0,0.0
2021-07-06,1072369995.3941948,6159148.44419475,0.0,1066210846.95,0.9942565080423285,Bull,1.0,0.0,0.0,0.0,0.780464159333687,0.0,0.0,0.13169148764563102,0.0821008610630105,0.0,0.0,0.784258329322326,0.0,0.0,0.1338175421160544,0.08192412856161974,0.0,0.0
2021-07-07,1071155153.1941948,6159148.44419475,0.0,1064996004.75,0.9942499941060563,Bull,1.0,0.0,0.0,0.0,0.7804326966613062,0.0,0.0,0.13206443490297412,0.08175286254177598,0.0,0.0,0.784258329322326,0.0,0.0,0.1338175421160544,0.08192412856161974,0.0,0.0
2021-07-08,1070901312.9441948,6159148.44419475,0.0,1064742164.5,0.994248631157934,Bull,1.0,0.0,0.0,0.0,0.7803674852190124,0.0,0.0,0.13219714859699427,0.08168399734192724,0.0,0.0,0.784258329322326,0.0,0.0,0.1338175421160544,0.08192412856161974,0.0,0.0
2021-07-09,1074041297.6441946,6159148.44419475,0.0,1067882149.1999999,0.9942654454184358,Bull,1.0,0.0,0.0,0.0,0.7810395662066041,0.0,0.0,0.13242591352117436,0.08079996569065732,0.0,0.0,0.784258329322326,0.0,0.0,0.1338175421160544,0.08192412856161974,0.0,0.0
2021-07-12,1075220016.7941947,6159148.44419475,0.0,1069060868.35,0.994271731972998,Bull,1.0,0.0,0.0,0.0,0.7814733312492186,0.0,0.0,0.13135460444746674,0.08144379627631278,0.0,0.0,0.784258329322326,0.0,0.0,0.1338175421160544,0.08192412856161974,0.0,0.0
2021-07-13,1082871347.2441947,6159148.44419475,0.0,1076712198.8,0.9943122066532933,Bull,1.0,0.0,0.0,0.0,0.781529034777531,0.0,0.0,0.13124578497869374,0.08153738689706876,0.0,0.0,0.784258329322326,0.0,0.0,0.1338175421160544,0.08192412856161974,0.0,0.0
2021-07-14,1083431055.9941947,6159148.44419475,0.0,1077271907.55,0.9943151450107336,Bull,1.0,0.0,0.0,0.0,0.7818599096484999,0.0,0.0,0.13075645119845916,0.0816987841637745,0.0,0.0,0.784258329322326,0.0,0.0,0.1338175421160544,0.08192412856161974,0.0,0.0
2021-07-15,1084268179.6941948,6159148.44419475,0.0,1078109031.25,0.9943195340787997,Bull,1.0,0.0,0.0,0.0,0.7811728197067322,0.0,0.0,0.13075565866000582,0.08239105571206158,0.0,0.0,0.784258329322326,0.0,0.0,0.1338175421160544,0.08192412856161974,0.0,0.0
2021-07-16,1086502497.844195,6159148.44419475,0.0,1080343349.4,0.9943312155688407,Bull,1.0,0.0,0.0,0.0,0.7826571508922034,0.0,0.0,0.13055414072351354,0.08111992395312366,0.0,0.0,0.784258329322326,0.0,0.0,0.1338175421160544,0.08192412856161974,0.0,0.0
2021-07-19,1087842333.5441947,6159148.44419475,0.0,1081683185.1,0.9943381974995142,Bull,1.0,0.0,0.0,0.0,0.7836312844368338,0.0,0.0,0.13061350493419419,0.0800934081284862,0.0,0.0,0.784258329322326,0.0,0.0,0.1338175421160544,0.08192412856161974,0.0,0.0
2021-07-20,1079689284.5941947,6159148.44419475,0.0,1073530136.15,0.9942954435761492,Bull,1.0,0.0,0.0,0.0,0.7829616800056787,0.0,0.0,0.13127739806482666,0.08005636550564388,0.0,0.0,0.784258329322326,0.0,0.0,0.1338175421160544,0.08192412856161974,0.0,0.0
2021-07-21,1084455825.4441948,6159148.44419475,220500.0,1078076177.0,0.9941171891980186,Bull,1.0,0.0,0.0,0.0,0.7836817849651853,0.0,0.0,0.13102138110770992,0.07941402312512333,0.0,0.0,0.784258329322326,0.0,0.0,0.1338175421160544,0.08192412856161974,0.0,0.0
2021-07-22,1093451531.8441947,6159148.44419475,220500.0,1087071883.3999999,0.9941655864403656,Bull,1.0,0.0,0.0,0.0,0.7845992789026928,0.0,0.0,0.13025826554907138,0.07930804198860149,0.0,0.0,0.784258329322326,0.0,0.0,0.1338175421160544,0.08192412856161974,0.0,0.0
2021-07-23,1094478314.2941947,6159148.44419475,3750000.0,1084569165.85,0.990946235923747,Bull,1.0,0.0,0.0,0.0,0.7850051066603916,0.0,0.0,0.12670748994184577,0.07923363932150955,0.0,0.0,0.784258329322326,0.0,0.0,0.1338175421160544,0.08192412856161974,0.0,0.0
2021-07-26,1089362950.0441947,6159148.44419475,3750000.0,1079453801.6,0.9909037218093448,Bull,1.0,0.0,0.0,0.0,0.7854078400273198,0.0,0.0,0.126584165538589,0.07891171624343615,0.0,0.0,0.784258329322326,0.0,0.0,0.1338175421160544,0.08192412856161974,0.0,0.0
2021-07-27,1091154452.2941947,6159148.44419475,3750000.0,1081245303.85,0.9909186564529334,Bull,1.0,0.0,0.0,0.0,0.7858801309448336,0.0,0.0,0.12628523827243437,0.07875328723566552,0.0,0.0,0.784258329322326,0.0,0.0,0.1338175421160544,0.08192412856161974,0.0,0.0
2021-07-28,1088023790.2941947,6159148.44419475,3750000.0,1078114641.85,0.9908925259423643,Bull,1.0,0.0,0.0,0.0,0.7866207977112158,0.0,0.0,0.12653675519610977,0.07773497303503886,0.0,0.0,0.784258329322326,0.0,0.0,0.1338175421160544,0.08192412856161974,0.0,0.0
2021-07-29,1092393422.0941947,6159148.44419475,3750000.0,1082484273.6499999,0.9909289563230816,Bull,1.0,0.0,0.0,0.0,0.7857706356419131,0.0,0.0,0.1264366822487973,0.07872163843237134,0.0,0.0,0.784258329322326,0.0,0.0,0.1338175421160544,0.08192412856161974,0.0,0.0
2021-07-30,1087029201.6941948,6159148.44419475,3750000.0,1077120053.25,0.9908841929648708,Bull,1.0,0.0,0.0,0.0,0.785458156891536,0.0,0.0,0.12657672837634387,0.07884930769699094,0.0,0.0,0.784258329322326,0.0,0.0,0.1338175421160544,0.08192412856161974,0.0,0.0
2021-08-02,1097206647.044195,6159148.44419475,3750000.0,1087297498.6000001,0.9909687491678169,Bull,1.0,0.0,0.0,0.0,0.7847974681156994,0.0,0.0,0.12699111910719918,0.07918016194491814,0.0,0.0,0.784258329322326,0.0,0.0,0.1338175421160544,0.08192412856161974,0.0,0.0
2021-08-03,1099450279.4941947,6159148.44419475,3750000.0,1089541131.05,0.9909871791121345,Bull,1.0,0.0,0.0,0.0,0.7844977141183711,0.0,0.0,0.12715572737342523,0.07933373762033825,0.0,0.0,0.784258329322326,0.0,0.0,0.1338175421160544,0.08192412856161974,0.0,0.0
2021-08-04,1101833785.6441948,6159148.44419475,3750000.0,1091924637.2,0.9910066758041901,Bull,1.0,0.0,0.0,0.0,0.7841821955884516,0.0,0.0,0.1272049394619491,0.07961954075378938,0.0,0.0,0.784258329322326,0.0,0.0,0.1338175421160544,0.08192412856161974,0.0,0.0
2021-08-05,1107421546.294195,6159148.44419475,3750000.0,1097512397.8500001,0.9910520537754082,Bull,1.0,0.0,0.0,0.0,0.7845802718553757,0.0,0.0,0.12739620289320314,0.0790755790268292,0.0,0.0,0.784258329322326,0.0,0.0,0.1338175421160544,0.08192412856161974,0.0,0.0
2021-08-06,1105239067.7441947,6159148.44419475,3750000.0,1095329919.3,0.9910343845658482,Bull,1.0,0.0,0.0,0.0,0.78496503120427,0.0,0.0,0.12695162892348544,0.07911772443809299,0.0,0.0,0.784258329322326,0.0,0.0,0.1338175421160544,0.08192412856161974,0.0,0.0
2021-08-09,1104244610.9441948,6159148.44419475,3750000.0,1094335462.5,0.9910263103428488,Bull,1.0,0.0,0.0,0.0,0.7854333667595605,0.0,0.0,0.12663217788351672,0.07896076569977159,0.0,0.0,0.784258329322326,0.0,0.0,0.1338175421160544,0.08192412856161974,0.0,0.0
2021-08-10,1101235488.8941946,6159148.44419475,3750000.0,1091326340.4499998,0.9910017897678315,Bull,1.0,0.0,0.0,0.0,0.7848935574333329,0.0,0.0,0.1273607701662759,0.07874746216822287,0.0,0.0,0.784258329322326,0.0,0.0,0.1338175421160544,0.08192412856161974,0.0,0.0
2021-08-11,1106100449.544195,6159148.44419475,15108317.95,1084832983.15,0.9807725723256339,Bull,1.0,0.0,0.0,0.0,0.7755326231930307,0.0,0.0,0.12709514769470587,0.07814480143789725,0.0,0.0,0.784258329322326,0.0,0.0,0.1338175421160544,0.08192412856161974,0.0,0.0
2021-08-12,1101703746.844195,6159148.44419475,20842137.95,1074702460.45,0.9754913365126157,Bull,1.0,0.0,0.0,0.0,0.7696738464210009,0.0,0.0,0.12750378711371102,0.0783137029779038,0.0,0.0,0.784258329322326,0.0,0.0,0.1338175421160544,0.08192412856161974,0.0,0.0
2021-08-13,1097562611.8441947,6159148.44419475,20842137.95,1070561325.4499999,0.9753988646271164,Bull,1.0,0.0,0.0,0.0,0.7700744507229822,0.0,0.0,0.12746142998159923,0.07786298392253495,0.0,0.0,0.784258329322326,0.0,0.0,0.1338175421160544,0.08192412856161974,0.0,0.0
2021-08-16,1092418770.9941947,6159148.44419475,20842137.95,1065417484.6,0.9752830259684926,Bull,1.0,0.0,0.0,0.0,0.7699015312914917,0.0,0.0,0.12732489013660417,0.07805660454039666,0.0,0.0,0.784258329322326,0.0,0.0,0.1338175421160544,0.08192412856161974,0.0,0.0
2021-08-17,1097795091.3941948,6159148.44419475,20842137.95,1070793805.0,0.9754040743979796,Bull,1.0,0.0,0.0,0.0,0.7716022886604786,0.0,0.0,0.12670133168782313,0.07710045404967783,0.0,0.0,0.784258329322326,0.0,0.0,0.1338175421160544,0.08192412856161974,0.0,0.0
2021-08-18,1097582055.0441947,6159148.44419475,20842137.95,1070580768.65,0.9753993004257823,Bull,1.0,0.0,0.0,0.0,0.771143318861859,0.0,0.0,0.1268248686831847,0.07743111288073852,0.0,0.0,0.784258329322326,0.0,0.0,0.1338175421160544,0.08192412856161974,0.0,0.0
2021-08-19,1087492745.0441947,9688648.444194749,17312637.95,1060491458.65,0.9751710652625113,Bull,1.0,3529500.0,0.0,0.0,0.7723718272859514,0.0,0.0,0.12644562515625038,0.0763536128203095,0.0,0.0,0.784258329322326,0.0,0.0,0.1338175421160544,0.08192412856161974,0.0,0.0
2021-08-20,1088917307.344195,9688648.444194749,17312637.95,1061916020.95,0.9752035474024658,Bull,1.0,0.0,0.0,0.0,0.774323830894426,0.0,0.0,0.12523347648187877,0.07564624002616109,0.0,0.0,0.784258329322326,0.0,0.0,0.1338175421160544,0.08192412856161974,0.0,0.0
2021-08-23,1089217375.064195,9688648.444194749,19372112.82,1060156613.8000001,0.9733195944817883,Bull,1.0,0.0,0.0,0.0,0.7725235871769012,0.0,0.0,0.12308837801278955,0.07770762929209751,0.0,0.0,0.784258329322326,0.0,0.0,0.1338175421160544,0.08192412856161974,0.0,0.0
2021-08-24,1100740844.4141946,9909148.444194749,19151612.82,1071680083.15,0.9735989071254456,Bull,1.0,220500.0,0.0,0.0,0.7737040807305011,0.0,0.0,0.12277176838288431,0.07712305801206014,0.0,0.0,0.784258329322326,0.0,0.0,0.1338175421160544,0.08192412856161974,0.0,0.0
2021-08-25,1101767197.5641947,9909148.444194749,19974058.82,1071883990.3,0.9728770221783141,Bull,1.0,0.0,0.0,0.0,0.7735640452758544,0.0,0.0,0.12151841178063315,0.07779456512182648,0.0,0.0,0.784258329322326,0.0,0.0,0.1338175421160544,0.08192412856161974,0.0,0.0
2021-08-26,1105068085.1641946,9909150.444194749,27177588.619999997,1067981346.0999999,0.9664394080671652,Bull,1.0,2.0,80039.0,2.0,0.7665819486354375,0.0,0.0,0.12175367455301064,0.07810378487871703,0.0,0.0,0.784258329322326,0.0,0.0,0.1338175421160544,0.08192412856161974,0.0,0.0
2021-08-27,1123793356.3367531,201410.11675324943,27177588.619999997,1096414357.6,0.9756369811385956,Bull,1.0,0.0,0.0,0.0,0.7694386185184825,0.0,0.0,0.1259238624272439,0.08027450019286936,0.0,0.0,0.784258329322326,0.0,0.0,0.1338175421160544,0.08192412856161974,0.0,0.0
2021-08-30,1137254659.7867532,201410.11675324943,27177588.619999997,1109875661.05,0.9759253580531496,Bull,1.0,0.0,0.0,0.0,0.7707371022901389,0.0,0.0,0.12508878180958588,0.08009947395342479,0.0,0.0,0.784258329322326,0.0,0.0,0.1338175421160544,0.08192412856161974,0.0,0.0
2021-08-31,1146355080.4867532,11559728.06675325,15819270.67,1118976081.75,0.976116476297093,Bull,1.0,11358317.95,0.0,0.0,0.7711100572561337,0.0,0.0,0.1250586336121329,0.07994778542882643,0.0,0.0,0.784258329322326,0.0,0.0,0.1338175421160544,0.08192412856161974,0.0,0.0
2021-09-01,1137067834.5621047,2125558.042104749,15819270.67,1119123005.85,0.9842183305457625,Bull,1.0,0.0,0.0,0.0,0.7792158734234312,0.0,0.0,0.12402839629555738,0.08097406082677394,0.0,0.0,0.784258329322326,0.0,0.0,0.1338175421160544,0.08192412856161974,0.0,0.0
2021-09-02,1130979555.0621047,2125558.042104749,15819270.67,1113034726.35,0.9841333747972841,Bull,1.0,0.0,0.0,0.0,0.7788871358524492,0.0,0.0,0.12447139240485186,0.08077484653998321,0.0,0.0,0.784258329322326,0.0,0.0,0.1338175421160544,0.08192412856161974,0.0,0.0
2021-09-03,1143246647.8121047,7859378.042104749,10085450.67,1125301819.1,0.9843036244659481,Bull,1.0,5733820.0,0.0,0.0,0.7799381881472586,0.0,0.0,0.12331494718991759,0.08105048912877198,0.0,0.0,0.784258329322326,0.0,0.0,0.1338175421160544,0.08192412856161974,0.0,0.0
2021-09-06,1142761889.8725367,4571727.90253675,10085450.67,1128104711.3,0.9871738997402411,Bull,1.0,0.0,0.0,0.0,0.7796211697253687,0.0,0.0,0.12609643467903245,0.08145629533583999,0.0,0.0,0.784258329322326,0.0,0.0,0.1338175421160544,0.08192412856161974,0.0,0.0
2021-09-07,1141391460.322537,4571727.90253675,10085450.67,1126734281.75,0.9871584998818941,Bull,1.0,0.0,0.0,0.0,0.7796734185294557,0.0,0.0,0.1263028549024387,0.08118222644999966,0.0,0.0,0.784258329322326,0.0,0.0,0.1338175421160544,0.08192412856161974,0.0,0.0
2021-09-08,1142624711.572537,4571732.90253675,10085450.67,1127967528.0,0.9871723555213812,Bull,1.0,5.0,267254.0,5.0,0.780067566343209,0.0,0.0,0.12672454790577825,0.08038024127239389,0.0,0.0,0.784258329322326,0.0,0.0,0.1338175421160544,0.08192412856161974,0.0,0.0
2021-09-09,1135515932.6225367,4571732.90253675,10085450.67,1120858749.05,0.98709204939231,Bull,1.0,0.0,0.0,0.0,0.779851980592478,0.0,0.0,0.12655788956487585,0.08068217923495624,0.0,0.0,0.784258329322326,0.0,0.0,0.1338175421160544,0.08192412856161974,0.0,0.0
2021-09-10,1143144833.322537,4571732.90253675,10085450.67,1128487649.75,0.9871781919969528,Bull,1.0,0.0,0.0,0.0,0.7797760824052059,0.0,0.0,0.12631584012002306,0.08108626947172379,0.0,0.0,0.784258329322326,0.0,0.0,0.1338175421160544,0.08192412856161974,0.0,0.0
2021-09-13,1144785569.0225368,4571732.90253675,10085450.67,1130128385.45,0.98719656853724,Bull,1.0,0.0,0.0,0.0,0.7800263731595142,0.0,0.0,0.1264853470538022,0.08068484832392364,0.0,0.0,0.784258329322326,0.0,0.0,0.1338175421160544,0.08192412856161974,0.0,0.0
2021-09-14,1149597651.8725367,4571732.90253675,10085450.67,1134940468.3,0.987250162220963,Bull,1.0,0.0,0.0,0.0,0.781094730697624,0.0,0.0,0.12572311692232396,0.080432314601015,0.0,0.0,0.784258329322326,0.0,0.0,0.1338175421160544,0.08192412856161974,0.0,0.0
2021-09-15,1147026984.9725368,11775262.70253675,2881920.87,1132369801.4,0.9872215878400736,Bull,1.0,7203529.8,0.0,0.0,0.7807999839005036,0.0,0.0,0.1262929311148407,0.08012867282472921,0.0,0.0,0.784258329322326,0.0,0.0,0.1338175421160544,0.08192412856161974,0.0,0.0
2021-09-16,1151468859.5360172,6065736.326017251,6446805.8100000005,1138956317.4,0.9891334081400526,Bull,1.0,2.0,355143.0,2.0,0.7839686761166498,0.0,0.0,0.12571377749488513,0.0794509545285175,0.0,0.0,0.784258329322326,0.0,0.0,0.1338175421160544,0.08192412856161974,0.0,0.0
2021-09-17,1145260996.136017,6065736.326017251,6446805.8100000005,1132748454.0,0.9890745060049779,Bull,1.0,0.0,0.0,0.0,0.7827411891477127,0.0,0.0,0.12622362979943083,0.08010968705783439,0.0,0.0,0.784258329322326,0.0,0.0,0.1338175421160544,0.08192412856161974,0.0,0.0
2021-09-22,1132351771.986017,6065736.326017251,6446805.8100000005,1119839229.85,0.988949951379445,Bull,1.0,0.0,0.0,0.0,0.782372979640588,0.0,0.0,0.1274570354995499,0.07911993623930703,0.0,0.0,0.784258329322326,0.0,0.0,0.1338175421160544,0.08192412856161974,0.0,0.0
2021-09-23,1145927617.2860172,6065736.326017251,6446805.8100000005,1133415075.15,0.9890808616990562,Bull,1.0,0.0,0.0,0.0,0.7837500917179083,0.0,0.0,0.1266922952287691,0.07863847475237874,0.0,0.0,0.784258329322326,0.0,0.0,0.1338175421160544,0.08192412856161974,0.0,0.0
2021-09-24,1150329516.3360171,6065736.326017251,6446805.8100000005,1137816974.2,0.9891226453304689,Bull,1.0,0.0,0.0,0.0,0.7832576765219784,0.0,0.0,0.1265907706722387,0.0792741981362517,0.0,0.0,0.784258329322326,0.0,0.0,0.1338175421160544,0.08192412856161974,0.0,0.0
2021-09-27,1148811668.236017,6065736.326017251,6446805.8100000005,1136299126.1,0.9891082738085086,Bull,1.0,0.0,0.0,0.0,0.7829131188065364,0.0,0.0,0.12661727245802676,0.07957788254394564,0.0,0.0,0.784258329322326,0.0,0.0,0.1338175421160544,0.08192412856161974,0.0,0.0
2021-09-28,1148135214.386017,6888182.326017251,5624359.8100000005,1135622672.25,0.9891018566635391,Bull,1.0,822446.0,0.0,0.0,0.7831999759112618,0.0,0.0,0.12684586116268648,0.0790560195895908,0.0,0.0,0.784258329322326,0.0,0.0,0.1338175421160544,0.08192412856161974,0.0,0.0
2021-09-29,1141992262.386017,6888182.326017251,5624359.8100000005,1129479720.25,0.9890432338745675,Bull,1.0,0.0,0.0,0.0,0.7837869394840478,0.0,0.0,0.1274904434954801,0.07776585089503965,0.0,0.0,0.784258329322326,0.0,0.0,0.1338175421160544,0.08192412856161974,0.0,0.0
2021-09-30,1143636888.386017,6888182.326017251,5624359.8100000005,1131124346.25,0.9890589904338642,Bull,1.0,0.0,0.0,0.0,0.7838706545354215,0.0,0.0,0.12693478277433895,0.07825355312410384,0.0,0.0,0.784258329322326,0.0,0.0,0.1338175421160544,0.08192412856161974,0.0,0.0
2021-10-01,1136558465.286017,6888182.326017251,5624359.8100000005,1124045923.1499999,0.9889908504329619,Bull,1.0,0.0,0.0,0.0,0.7846414420269874,0.0,0.0,0.1273895751271928,0.07695983327878182,0.0,0.0,0.784258329322326,0.0,0.0,0.1338175421160544,0.08192412856161974,0.0,0.0
2021-10-04,1136044686.386017,6888182.326017251,5624359.8100000005,1123532144.25,0.9889858715189963,Bear,1.0,0.0,0.0,0.0,0.7849168302407857,0.0,0.0,0.12753424379890071,0.07653479747930994,0.0,0.0,0.7708199389054645,0.0,0.0,0.16773696467332072,0.0614430964212148,0.0,0.0
2021-10-05,1132873196.8665028,8715841.85650275,5624359.8100000005,1118532995.2,0.9873417415945868,Bear,1.0,0.0,0.0,0.0,0.7738800314324242,0.0,0.0,0.14809415604857862,0.06536755411358398,0.0,0.0,0.7595752674316661,0.0,0.0,0.19434241025242285,0.0460823223159111,0.0,0.0
2021-10-06,1135827829.595413,11026022.635413006,5624359.8100000005,1119177447.15,0.9853407514664051,Bear,1.0,0.0,0.0,0.0,0.7634094046268135,0.0,0.0,0.17111202502339612,0.05081932181619536,0.0,0.0,0.7595752674316661,0.0,0.0,0.19434241025242285,0.0460823223159111,0.0,0.0
2021-10-07,1143016575.4874086,5128824.2774085095,5624359.8100000005,1132263391.4,0.9905922763343803,Bull,1.0,0.0,0.0,0.0,0.7608411024390959,0.0,0.0,0.18191162268257982,0.047839551212704494,0.0,0.0,0.7595752674316661,0.0,0.0,0.19434241025242285,0.0460823223159111,0.0,0.0
2021-10-08,1136524753.3374083,8693709.21740851,2059474.8699999999,1125771569.25,0.9905385394767412,Bull,1.0,3564884.9400000004,0.0,0.0,0.7601015875045666,0.0,0.0,0.18273293158828754,0.04770402038388711,0.0,0.0,0.7595752674316661,0.0,0.0,0.19434241025242285,0.0460823223159111,0.0,0.0
2021-10-12,1137517110.1590416,2147147.83904176,2059474.8699999999,1133310487.45,0.9963019257719531,Bear,1.0,0.0,0.0,0.0,0.760778787168313,0.0,0.0,0.18834019997294463,0.047182938630695365,0.0,0.0,0.7595752674316661,0.0,0.0,0.19434241025242285,0.0460823223159111,0.0,0.0
2021-10-13,1138199610.2090416,2147147.83904176,2059474.8699999999,1133992987.5,0.9963041432528087,Bear,1.0,0.0,0.0,0.0,0.7613364823950775,0.0,0.0,0.1879727405289709,0.046994920328760355,0.0,0.0,0.7595752674316661,0.0,0.0,0.19434241025242285,0.0460823223159111,0.0,0.0
2021-10-14,1134696636.1590416,2147147.83904176,2059474.8699999999,1130490013.45,0.9962927336038635,Bear,1.0,0.0,0.0,0.0,0.7614990526233392,0.0,0.0,0.18752906567194147,0.04726461530858276,0.0,0.0,0.7595752674316661,0.0,0.0,0.19434241025242285,0.0460823223159111,0.0,0.0
2021-10-15,1143336256.3590417,2147147.83904176,2059474.8699999999,1139129633.65,0.9963207475616687,Bull,1.0,0.0,0.0,0.0,0.7613022230414259,0.0,0.0,0.18687433273602436,0.0481441917842184,0.0,0.0,0.7595752674316661,0.0,0.0,0.19434241025242285,0.0460823223159111,0.0,0.0
2021-10-18,1148631553.5090415,2147147.83904176,2059474.8699999999,1144424930.8,0.9963377092539462,Bull,1.0,0.0,0.0,0.0,0.762867368672806,0.0,0.0,0.18568878710358455,0.04778155347755557,0.0,0.0,0.7595752674316661,0.0,0.0,0.19434241025242285,0.0460823223159111,0.0,0.0
2021-10-19,1148150222.6590416,2147147.83904176,2059474.8699999999,1143943599.95,0.9963361739378499,Bull,1.0,0.0,0.0,0.0,0.762632696200788,0.0,0.0,0.18551483577358746,0.04818864196347442,0.0,0.0,0.7595752674316661,0.0,0.0,0.19434241025242285,0.0460823223159111,0.0,0.0
2021-10-20,1151640874.6590416,2147147.83904176,2059474.8699999999,1147434251.95,0.9963472790853425,Bull,1.0,0.0,0.0,0.0,0.7631522736722967,0.0,0.0,0.1852752057477737,0.047919799665272086,0.0,0.0,0.7595752674316661,0.0,0.0,0.19434241025242285,0.0460823223159111,0.0,0.0
2021-10-21,1150196525.6090417,2147147.83904176,2059474.8699999999,1145989902.9,0.996342692213564,Bull,1.0,0.0,0.0,0.0,0.7636814955904047,0.0,0.0,0.18485684425747545,0.04780435236568391,0.0,0.0,0.7595752674316661,0.0,0.0,0.19434241025242285,0.0460823223159111,0.0,0.0
2021-10-22,1150375249.6090415,2147147.83904176,2059474.8699999999,1146168626.8999999,0.9963432604183102,Bull,1.0,0.0,0.0,0.0,0.762709496051995,0.0,0.0,0.18569636305422912,0.04793740131208624,0.0,0.0,0.7595752674316661,0.0,0.0,0.19434241025242285,0.0460823223159111,0.0,0.0
2021-10-25,1152425974.6590416,2147147.83904176,2059474.8699999999,1148219351.95,0.9963497675325427,Bull,1.0,0.0,0.0,0.0,0.7632755346478938,0.0,0.0,0.18525719195383894,0.04781704093081,0.0,0.0,0.7595752674316661,0.0,0.0,0.19434241025242285,0.0460823223159111,0.0,0.0
2021-10-26,1160254896.8590417,2147147.83904176,2059474.8699999999,1156048274.15,0.9963743977979068,Bull,1.0,0.0,0.0,0.0,0.7645804181059828,0.0,0.0,0.18389915920856667,0.04789482048335727,0.0,0.0,0.7595752674316661,0.0,0.0,0.19434241025242285,0.0460823223159111,0.0,0.0
2021-10-27,1158724814.1090417,2147147.83904176,2059474.8699999999,1154518191.4,0.9963696102320238,Bull,1.0,0.0,0.0,0.0,0.764698382748724,0.0,0.0,0.18371316244200808,0.04795806504129166,0.0,0.0,0.7595752674316661,0.0,0.0,0.19434241025242285,0.0460823223159111,0.0,0.0
2021-10-28,1158021442.9590416,2147147.83904176,2059474.8699999999,1153814820.25,0.996367405167997,Bull,1.0,0.0,0.0,0.0,0.7647319707544674,0.0,0.0,0.18378778846803068,0.04784764594549892,0.0,0.0,0.7696814505737495,0.0,0.0,0.16751676729020812,0.06280178213604229,0.0,0.0
2021-10-29,1154287900.2527075,69479.23270751094,2059474.8699999999,1152158946.15,0.9981556125623068,Bull,1.0,0.0,0.0,0.0,0.7676130417342316,0.0,0.0,0.1719537213866194,0.05858884944145577,0.0,0.0,0.7696814505737495,0.0,0.0,0.16751676729020812,0.06280178213604229,0.0,0.0
2021-11-01,1155353151.2527075,69479.23270751094,2059474.8699999999,1153224197.15,0.9981573131121,Bull,1.0,0.0,0.0,0.0,0.7668306406481736,0.0,0.0,0.17249011679582155,0.058836555668104605,0.0,0.0,0.7696814505737495,0.0,0.0,0.16751676729020812,0.06280178213604229,0.0,0.0
2021-11-02,1159023448.4027073,69479.23270751094,2059474.8699999999,1156894494.3,0.998163148376643,Bull,1.0,0.0,0.0,0.0,0.7680011957710801,0.0,0.0,0.17161913356811373,0.05854281903744917,0.0,0.0,0.7696814505737495,0.0,0.0,0.16751676729020812,0.06280178213604229,0.0,0.0
2021-11-03,1158444872.4027073,69479.23270751094,2059474.8699999999,1156315918.3,0.9981622309758325,Bull,1.0,0.0,0.0,0.0,0.767537877271476,0.0,0.0,0.1719018355935835,0.05872251811077291,0.0,0.0,0.7696814505737495,0.0,0.0,0.16751676729020812,0.06280178213604229,0.0,0.0
2021-11-04,1157407418.5027075,69479.23270751094,2059474.8699999999,1155278464.4,0.9981605836728941,Bull,1.0,0.0,0.0,0.0,0.7672191746867767,0.0,0.0,0.17235987674769976,0.058581532238417555,0.0,0.0,0.7696814505737495,0.0,0.0,0.16751676729020812,0.06280178213604229,0.0,0.0
2021-11-05,1161942092.5527074,69479.23270751094,2059474.8699999999,1159813138.45,0.9981677623038595,Bull,1.0,0.0,0.0,0.0,0.7665320364574004,0.0,0.0,0.172447061935585,0.05918866391087413,0.0,0.0,0.7696814505737495,0.0,0.0,0.16751676729020812,0.06280178213604229,0.0,0.0
2021-11-08,1163405419.5027075,69479.23270751094,2059474.8699999999,1161276465.4,0.9981700668855252,Bull,1.0,0.0,0.0,0.0,0.7658276731948184,0.0,0.0,0.1727573179828498,0.05958507570785704,0.0,0.0,0.7696814505737495,0.0,0.0,0.16751676729020812,0.06280178213604229,0.0,0.0
2021-11-09,1168716140.7027075,69479.23270751094,2059474.8699999999,1166587186.6000001,0.9981783822191184,Bull,1.0,0.0,0.0,0.0,0.7659041878738779,0.0,0.0,0.17232071414613043,0.059953480199109975,0.0,0.0,0.7772610879303121,0.0,0.0,0.14146299403356652,0.0812759180361213,0.0,0.0
2021-11-10,1174126929.4333222,982990.9633221398,2059474.8699999999,1171084463.6000001,0.997408741970691,Bull,1.0,0.0,0.0,0.0,0.7728886382309441,0.0,0.0,0.14913217268980442,0.0753879310499425,0.0,0.0,0.7772610879303121,0.0,0.0,0.14146299403356652,0.0812759180361213,0.0,0.0
2021-11-11,1174018621.683322,982990.9633221398,2059474.8699999999,1170976155.85,0.9974085029171346,Bull,1.0,0.0,0.0,0.0,0.7726430731987819,0.0,0.0,0.15004131684677383,0.07472411287157887,0.0,0.0,0.7772610879303121,0.0,0.0,0.14146299403356652,0.0812759180361213,0.0,0.0
2021-11-12,1183577191.933322,982990.9633221398,2059474.8699999999,1180534726.1,0.9974294318494323,Bull,1.0,0.0,0.0,0.0,0.7741500363008167,0.0,0.0,0.14891922656273157,0.0743601689858841,0.0,0.0,0.7772610879303121,0.0,0.0,0.14146299403356652,0.0812759180361213,0.0,0.0
2021-11-15,1188825766.9833221,982990.9633221398,2059474.8699999999,1185783301.15,0.9974407807116745,Bull,1.0,0.0,0.0,0.0,0.7744230708307954,0.0,0.0,0.14832341701967308,0.07469429286120591,0.0,0.0,0.7772610879303121,0.0,0.0,0.14146299403356652,0.0812759180361213,0.0,0.0
2021-11-16,1191095691.9333222,982990.9633221398,2059474.8699999999,1188053226.1000001,0.9974456579316615,Bull,1.0,0.0,0.0,0.0,0.7738459070437125,0.0,0.0,0.1489155751307422,0.07468417575720673,0.0,0.0,0.7772610879303121,0.0,0.0,0.14146299403356652,0.0812759180361213,0.0,0.0
2021-11-17,1198845459.2333221,982990.9633221398,2059474.8699999999,1195802993.4,0.9974621701155145,Bull,1.0,0.0,0.0,0.0,0.774469625128971,0.0,0.0,0.14855467702558892,0.07443786796095458,0.0,0.0,0.7772610879303121,0.0,0.0,0.14146299403356652,0.0812759180361213,0.0,0.0
2021-11-18,1207806702.533322,982990.9633221398,2059474.8699999999,1204764236.7,0.9974809993793373,Bull,1.0,0.0,0.0,0.0,0.7752260645152098,0.0,0.0,0.14795206850996087,0.07430286635416652,0.0,0.0,0.7772610879303121,0.0,0.0,0.14146299403356652,0.0812759180361213,0.0,0.0
2021-11-19,1197106182.283322,982990.9633221398,2059474.8699999999,1194063716.45,0.9974584828995545,Bull,1.0,0.0,0.0,0.0,0.7746554400723352,0.0,0.0,0.14765181453065704,0.07515122829656225,0.0,0.0,0.7772610879303121,0.0,0.0,0.14146299403356652,0.0812759180361213,0.0,0.0
2021-11-22,1193175506.333322,982990.9633221398,2059474.8699999999,1190133040.5,0.9974501103842873,Bull,1.0,0.0,0.0,0.0,0.7752752512852737,0.0,0.0,0.14696086122221713,0.07521399787679643,0.0,0.0,0.7772610879303121,0.0,0.0,0.14146299403356652,0.0812759180361213,0.0,0.0
2021-11-23,1187397633.183322,982990.9633221398,2059474.8699999999,1184355167.35,0.9974377026294339,Bull,1.0,0.0,0.0,0.0,0.7742090279272693,0.0,0.0,0.148364958019755,0.07486371668240965,0.0,0.0,0.7772610879303121,0.0,0.0,0.14146299403356652,0.0812759180361213,0.0,0.0
2021-11-24,1191809552.433322,982990.9633221398,2059474.8699999999,1188767086.6,0.997447187910929,Bull,1.0,0.0,0.0,0.0,0.7756587323138773,0.0,0.0,0.1475190391292289,0.0742694164678229,0.0,0.0,0.7772610879303121,0.0,0.0,0.14146299403356652,0.0812759180361213,0.0,0.0
2021-11-25,1196328471.683322,982990.9633221398,2059474.8699999999,1193286005.85,0.9974568307071711,Bull,1.0,0.0,0.0,0.0,0.7767096811986323,0.0,0.0,0.14678460318921796,0.07396254631932084,0.0,0.0,0.7772610879303121,0.0,0.0,0.14146299403356652,0.0812759180361213,0.0,0.0
2021-11-26,1180364378.333322,982990.9633221398,2059474.8699999999,1177321912.5,0.9974224350639774,Bull,1.0,0.0,0.0,0.0,0.7757680842528945,0.0,0.0,0.14791906906453198,0.07373528174655099,0.0,0.0,0.7772610879303121,0.0,0.0,0.14146299403356652,0.0812759180361213,0.0,0.0
2021-11-29,1176892732.2333221,982990.9633221398,2059474.8699999999,1173850266.4,0.9974148316579808,Bull,1.0,0.0,0.0,0.0,0.7755492420009671,0.0,0.0,0.14791280057415518,0.07395278908285856,0.0,0.0,0.7772610879303121,0.0,0.0,0.14146299403356652,0.0812759180361213,0.0,0.0
2021-11-30,1173830951.4833221,982990.9633221398,2059474.8699999999,1170788485.65,0.9974080885927591,Bull,1.0,0.0,0.0,0.0,0.7766024439022062,0.0,0.0,0.1467404652964182,0.07406517939413464,0.0,0.0,0.7772610879303121,0.0,0.0,0.14146299403356652,0.0812759180361213,0.0,0.0
2021-12-01,1188267295.6833222,982990.9633221398,2059474.8699999999,1185224829.8500001,0.9974395779094699,Bull,1.0,0.0,0.0,0.0,0.7760797870984807,0.0,0.0,0.14697501196443238,0.07438477884655677,0.0,0.0,0.7772610879303121,0.0,0.0,0.14146299403356652,0.0812759180361213,0.0,0.0
2021-12-02,1191590463.883322,982990.9633221398,2059474.8699999999,1188547998.05,0.9974467185450555,Bull,1.0,0.0,0.0,0.0,0.7748982775850861,0.0,0.0,0.14757805246855274,0.07497038849141663,0.0,0.0,0.7772610879303121,0.0,0.0,0.14146299403356652,0.0812759180361213,0.0,0.0
2021-12-03,1193336136.033322,982990.9633221398,2059474.8699999999,1190293670.2,0.9974504536136521,Bull,1.0,0.0,0.0,0.0,0.7760559177218616,0.0,0.0,0.1465602144433145,0.07483432144847607,0.0,0.0,0.7772610879303121,0.0,0.0,0.14146299403356652,0.0812759180361213,0.0,0.0
2021-12-06,1198422235.133322,982990.9633221398,2059474.8699999999,1195379769.3,0.997461273878164,Bull,1.0,0.0,0.0,0.0,0.7773619697538076,0.0,0.0,0.1457928557046195,0.0743064484197369,0.0,0.0,0.7772610879303121,0.0,0.0,0.14146299403356652,0.0812759180361213,0.0,0.0
2021-12-07,1206003679.333322,982990.9633221398,2059474.8699999999,1202961213.5,0.9974772333737788,Bull,1.0,0.0,0.0,0.0,0.7776276553471438,0.0,0.0,0.1457751771513542,0.07407440087528072,0.0,0.0,0.7772610879303121,0.0,0.0,0.14146299403356652,0.0812759180361213,0.0,0.0
2021-12-08,1213113925.633322,982990.9633221398,2059474.8699999999,1210071459.8,0.9974920196949073,Bull,1.0,0.0,0.0,0.0,0.7789852542552024,0.0,0.0,0.14458089738639654,0.07392586805330845,0.0,0.0,0.7772610879303121,0.0,0.0,0.14146299403356652,0.0812759180361213,0.0,0.0
2021-12-09,1222018870.033322,982990.9633221398,2059474.8699999999,1218976404.2,0.9975102955380394,Bull,1.0,0.0,0.0,0.0,0.7802920458781452,0.0,0.0,0.14401152413890403,0.0732067255209902,0.0,0.0,0.7772610879303121,0.0,0.0,0.14146299403356652,0.0812759180361213,0.0,0.0
2021-12-10,1221740918.033322,982990.9633221398,2059474.8699999999,1218698452.2,0.9975097291181672,Bull,1.0,0.0,0.0,0.0,0.78109936248691,0.0,0.0,0.1432127691046424,0.07319759752661481,0.0,0.0,0.7772610879303121,0.0,0.0,0.14146299403356652,0.0812759180361213,0.0,0.0
2021-12-13,1219653746.883322,982990.9633221398,2059474.8699999999,1216611281.05,0.9975054675631533,Bull,1.0,0.0,0.0,0.0,0.7814133998976462,0.0,0.0,0.14300165144877397,0.07309041621673307,0.0,0.0,0.7772610879303121,0.0,0.0,0.14146299403356652,0.0812759180361213,0.0,0.0
2021-12-14,1211934906.4833221,982990.9633221398,2059474.8699999999,1208892440.65,0.9974895798305287,Bull,1.0,0.0,0.0,0.0,0.7802802242853076,0.0,0.0,0.144381186698997,0.07282816884622394,0.0,0.0,0.7772610879303121,0.0,0.0,0.14146299403356652,0.0812759180361213,0.0,0.0
2021-12-15,1208573626.583322,982990.9633221398,2059474.8699999999,1205531160.75,0.9974825978604852,Bull,1.0,0.0,0.0,0.0,0.7795648854373252,0.0,0.0,0.14478273904973088,0.07313497337342918,0.0,0.0,0.7772610879303121,0.0,0.0,0.14146299403356652,0.0812759180361213,0.0,0.0
2021-12-16,1215889519.883322,982990.9633221398,2059474.8699999999,1212847054.05,0.9974977448332526,Bull,1.0,0.0,0.0,0.0,0.779245843109924,0.0,0.0,0.14465023106447822,0.0736016706588504,0.0,0.0,0.7772610879303121,0.0,0.0,0.14146299403356652,0.0812759180361213,0.0,0.0
2021-12-17,1224583916.083322,982990.9633221398,2059474.8699999999,1221541450.25,0.9975155105392426,Bull,1.0,0.0,0.0,0.0,0.7803878833445143,0.0,0.0,0.1441256884742484,0.07300193872047991,0.0,0.0,0.7772610879303121,0.0,0.0,0.14146299403356652,0.0812759180361213,0.0,0.0
2021-12-20,1215377021.783322,982990.9633221398,2059474.8699999999,1212334555.95,0.9974966896865815,Bull,1.0,0.0,0.0,0.0,0.7797115948099159,0.0,0.0,0.14487808872808514,0.0729070061485804,0.0,0.0,0.7772610879303121,0.0,0.0,0.14146299403356652,0.0812759180361213,0.0,0.0
2021-12-21,1221206466.033322,982990.9633221398,2059474.8699999999,1218164000.2,0.9975086392694886,Bull,1.0,0.0,0.0,0.0,0.7795244511700977,0.0,0.0,0.14480614451248308,0.07317804358690773,0.0,0.0,0.7772610879303121,0.0,0.0,0.14146299403356652,0.0812759180361213,0.0,0.0
2021-12-22,1219794440.033322,982990.9633221398,2059474.8699999999,1216751974.2,0.9975057552867359,Bull,1.0,0.0,0.0,0.0,0.7789986927420675,0.0,0.0,0.14524430853706807,0.07326275400760043,0.0,0.0,0.7772610879303121,0.0,0.0,0.14146299403356652,0.0812759180361213,0.0,0.0
2021-12-23,1222472841.033322,982990.9633221398,2059474.8699999999,1219430375.2,0.9975112201014213,Bull,1.0,0.0,0.0,0.0,0.7788199813054564,0.0,0.0,0.14517672216749264,0.07351451662847236,0.0,0.0,0.7772610879303121,0.0,0.0,0.14146299403356652,0.0812759180361213,0.0,0.0
2021-12-24,1224047838.133322,982990.9633221398,2059474.8699999999,1221005372.3,0.9975144224445004,Bull,1.0,0.0,0.0,0.0,0.7786965040137448,0.0,0.0,0.1451921195098281,0.07362579892092752,0.0,0.0,0.7772610879303121,0.0,0.0,0.14146299403356652,0.0812759180361213,0.0,0.0
2021-12-27,1225231137.133322,982990.9633221398,2059474.8699999999,1222188671.3,0.9975168229560012,Bull,1.0,0.0,0.0,0.0,0.7780251761560252,0.0,0.0,0.14537134635407067,0.07412030044590528,0.0,0.0,0.7772610879303121,0.0,0.0,0.14146299403356652,0.0812759180361213,0.0,0.0
2021-12-28,1234900884.383322,982990.9633221398,2059474.8699999999,1231858418.55,0.9975362671840329,Bull,1.0,0.0,0.0,0.0,0.7786327070533807,0.0,0.0,0.1447769632858274,0.07412659684482471,0.0,0.0,0.7772610879303121,0.0,0.0,0.14146299403356652,0.0812759180361213,0.0,0.0
2021-12-29,1240724377.633322,982990.9633221398,2059474.8699999999,1237681911.8,0.9975478310185816,Bull,1.0,0.0,0.0,0.0,0.7789977606820596,0.0,0.0,0.1444413467089654,0.07410872362755658,0.0,0.0,0.7772610879303121,0.0,0.0,0.14146299403356652,0.0812759180361213,0.0,0.0
2021-12-30,1238080253.583322,982990.9633221398,2059474.8699999999,1235037787.75,0.9975425940083316,Bull,1.0,0.0,0.0,0.0,0.7790879346942793,0.0,0.0,0.14441664785663824,0.07403801145741398,0.0,0.0,0.7772610879303121,0.0,0.0,0.14146299403356652,0.0812759180361213,0.0,0.0
2022-01-03,1233984677.583322,982990.9633221398,2059474.8699999999,1230942211.75,0.9975344379159711,Bull,1.0,0.0,0.0,0.0,0.7782048101526434,0.0,0.0,0.14458639822774685,0.07474322953558088,0.0,0.0,0.7772610879303121,0.0,0.0,0.14146299403356652,0.0812759180361213,0.0,0.0
2022-01-04,1237047950.633322,982990.9633221398,2059474.8699999999,1234005484.8,0.9975405433299781,Bull,1.0,0.0,0.0,0.0,0.7780865602721548,0.0,0.0,0.1432661522209114,0.07618783083691183,0.0,0.0,0.7829458159477342,0.0,0.0,0.11581210795141143,0.10124207610085446,0.0,0.0
2022-01-05,1241394176.8235695,534421.9535697631,2059474.8699999999,1238800280.0,0.9979104970266521,Bull,1.0,0.0,0.0,0.0,0.7808532520108368,0.0,0.0,0.12264686176439077,0.09441038325142465,0.0,0.0,0.7829458159477342,0.0,0.0,0.11581210795141143,0.10124207610085446,0.0,0.0
2022-01-06,1247020271.0735695,534421.9535697631,2059474.8699999999,1244426374.25,0.9979199240912608,Bull,1.0,0.0,0.0,0.0,0.7829466744830478,0.0,0.0,0.12187011191819998,0.09310313769001309,0.0,0.0,0.7829458159477342,0.0,0.0,0.11581210795141143,0.10124207610085446,0.0,0.0
2022-01-07,1255217721.1735694,534421.9535697631,2059474.8699999999,1252623824.35,0.9979335084425478,Bull,1.0,0.0,0.0,0.0,0.7851459613146449,0.0,0.0,0.12110544444662107,0.091682102681282,0.0,0.0,0.7829458159477342,0.0,0.0,0.11581210795141143,0.10124207610085446,0.0,0.0
2022-01-10,1267809026.2235696,534421.9535697631,2059474.8699999999,1265215129.4,0.9979540319007698,Bull,1.0,0.0,0.0,0.0,0.785891296552655,0.0,0.0,0.12070295828057505,0.09135977706753978,0.0,0.0,0.7829458159477342,0.0,0.0,0.11581210795141143,0.10124207610085446,0.0,0.0
2022-01-11,1286197658.0235696,534421.9535697631,2059474.8699999999,1283603761.2,0.9979832828901621,Bull,1.0,0.0,0.0,0.0,0.7883440425152906,0.0,0.0,0.11912787979683306,0.09051136057803855,0.0,0.0,0.7829458159477342,0.0,0.0,0.11581210795141143,0.10124207610085446,0.0,0.0
2022-01-12,1293188181.1735697,534421.9535697631,2059474.8699999999,1290594284.3500001,0.9979941845577218,Bull,1.0,0.0,0.0,0.0,0.7883842036236182,0.0,0.0,0.1188291095117694,0.09078087142233417,0.0,0.0,0.7829458159477342,0.0,0.0,0.11581210795141143,0.10124207610085446,0.0,0.0
2022-01-13,1306240051.4235697,534421.9535697631,2059474.8699999999,1303646154.6000001,0.998014226542248,Bull,1.0,0.0,0.0,0.0,0.7897445446384405,0.0,0.0,0.11794516622890014,0.09032451567490736,0.0,0.0,0.7829458159477342,0.0,0.0,0.11581210795141143,0.10124207610085446,0.0,0.0
2022-01-14,1298471413.0235696,534421.9535697631,2059474.8699999999,1295877516.2,0.998002345837149,Bull,1.0,0.0,0.0,0.0,0.788307240293029,0.0,0.0,0.11883018636560405,0.09086491917851593,0.0,0.0,0.7829458159477342,0.0,0.0,0.11581210795141143,0.10124207610085446,0.0,0.0
2022-01-17,1292634145.7235696,534421.9535697631,2059474.8699999999,1290040248.9,0.9979933248458963,Bull,1.0,0.0,0.0,0.0,0.7871272411193028,0.0,0.0,0.11855844943212042,0.09230763429447317,0.0,0.0,0.7829458159477342,0.0,0.0,0.11581210795141143,0.10124207610085446,0.0,0.0
2022-01-18,1294466948.6735697,534421.9535697631,2059474.8699999999,1291873051.8500001,0.9979961660463965,Bull,1.0,0.0,0.0,0.0,0.7881887234706745,0.0,0.0,0.11866143060461769,0.09114601197110428,0.0,0.0,0.7829458159477342,0.0,0.0,0.11581210795141143,0.10124207610085446,0.0,0.0
2022-01-19,1290115418.7735696,534421.9535697631,2059474.8699999999,1287521521.95,0.9979894071601474,Bull,1.0,0.0,0.0,0.0,0.7879843207489202,0.0,0.0,0.11964689186238747,0.0903581945488397,0.0,0.0,0.7829458159477342,0.0,0.0,0.11581210795141143,0.10124207610085446,0.0,0.0
2022-01-20,1286517612.8235695,534421.9535697631,2059474.8699999999,1283923716.0,0.9979837844443679,Bull,1.0,0.0,0.0,0.0,0.7877884499191772,0.0,0.0,0.11921834452260527,0.09097699000258547,0.0,0.0,0.7829458159477342,0.0,0.0,0.11581210795141143,0.10124207610085446,0.0,0.0
2022-01-21,1271944742.5235696,534421.9535697631,4571474.87,1266838845.7,0.9959857557857118,Bull,1.0,0.0,0.0,0.0,0.787136863912504,0.0,0.0,0.1208102796157063,0.0880386122575014,0.0,0.0,0.7829458159477342,0.0,0.0,0.11581210795141143,0.10124207610085446,0.0,0.0
2022-01-24,1270397092.4735696,534421.9535697631,4571474.87,1265291195.65,0.9959808654681128,Bull,1.0,0.0,0.0,0.0,0.785788082768907,0.0,0.0,0.121212730186726,0.0889800525124799,0.0,0.0,0.7829458159477342,0.0,0.0,0.11581210795141143,0.10124207610085446,0.0,0.0
2022-01-25,1264110666.4235694,534421.9535697631,4571474.87,1259004769.6,0.9959608783003032,Bull,1.0,0.0,0.0,0.0,0.7861459807246122,0.0,0.0,0.12185167334739296,0.08796322422829828,0.0,0.0,0.7829458159477342,0.0,0.0,0.11581210795141143,0.10124207610085446,0.0,0.0
2022-01-26,1269690840.5735695,534421.9535697631,4571474.87,1264584943.75,0.9959786298676747,Bull,1.0,0.0,0.0,0.0,0.7874457795555532,0.0,0.0,0.12101804241620562,0.08751480789591598,0.0,0.0,0.7829458159477342,0.0,0.0,0.11581210795141143,0.10124207610085446,0.0,0.0
2022-02-07,1294314971.3735695,534421.9535697631,4571474.87,1289209074.55,0.9960551357772282,Bull,1.0,0.0,0.0,0.0,0.7897850192254018,0.0,0.0,0.11996538974993019,0.0863047268018962,0.0,0.0,0.7829458159477342,0.0,0.0,0.11581210795141143,0.10124207610085446,0.0,0.0
2022-02-08,1318509664.8735695,534421.9535697631,4571474.87,1313403768.05,0.9961275241588319,Bull,1.0,0.0,0.0,0.0,0.7936931339447914,0.0,0.0,0.11735613634264667,0.08507825387139387,0.0,0.0,0.7829458159477342,0.0,0.0,0.11581210795141143,0.10124207610085446,0.0,0.0
2022-02-09,1326618090.9621518,5769677.8921517655,4571474.87,1316276938.2,0.9922048758172357,Bull,1.0,0.0,0.0,0.0,0.7906664663673167,0.0,0.0,0.11668429750398775,0.08485411194593123,0.0,0.0,0.7829458159477342,0.0,0.0,0.11581210795141143,0.10124207610085446,0.0,0.0
2022-02-10,1330460467.2980072,1828601.328007143,4571474.87,1324060391.1000001,0.9951895780781785,Bull,1.0,0.0,0.0,0.0,0.7831823392814918,0.0,0.0,0.12642465081401366,0.08558258798267306,0.0,0.0,0.7829458159477342,0.0,0.0,0.11581210795141143,0.10124207610085446,0.0,0.0
2022-02-11,1330717059.817111,12431842.847111143,4571474.87,1313713742.1,0.9872224395173471,Bull,1.0,0.0,0.0,0.0,0.7833879369091977,0.0,0.0,0.11832740764715287,0.08550709496099666,0.0,0.0,0.7829458159477342,0.0,0.0,0.11581210795141143,0.10124207610085446,0.0,0.0
2022-02-14,1318014746.2862077,1070006.4162078947,4571474.87,1312373265.0,0.9957197130744525,Bull,1.0,0.0,0.0,0.0,0.7820843946583291,0.0,0.0,0.12864423594482383,0.08499108247129952,0.0,0.0,0.7829458159477342,0.0,0.0,0.11581210795141143,0.10124207610085446,0.0,0.0
2022-02-15,1313045643.5806875,12872720.960687645,4571474.87,1295601447.75,0.9867147072030816,Bull,1.0,0.0,0.0,0.0,0.7819275002125303,0.0,0.0,0.11986308379258451,0.08492412319796688,0.0,0.0,0.7829458159477342,0.0,0.0,0.11581210795141143,0.10124207610085446,0.0,0.0
2022-02-16,1320053945.0269003,1525.3069003945857,4571474.87,1315480944.85,0.9965357475017378,Bull,1.0,0.0,0.0,0.0,0.7810094039974939,0.0,0.0,0.11751337934665909,0.0980129641575848,0.0,0.0,0.7829458159477342,0.0,0.0,0.11581210795141143,0.10124207610085446,0.0,0.0
2022-02-17,1325666588.2269003,1525.3069003945857,4571474.87,1321093588.05,0.9965504145480374,Bull,1.0,0.0,0.0,0.0,0.7812672486792208,0.0,0.0,0.11761758302179713,0.09766558284701948,0.0,0.0,0.7829458159477342,0.0,0.0,0.11581210795141143,0.10124207610085446,0.0,0.0
2022-02-18,1319161269.0269005,1525.3069003945857,4571474.87,1314588268.8500001,0.9965334032432034,Bull,1.0,0.0,0.0,0.0,0.780225961007207,0.0,0.0,0.1184319185744788,0.09787552366151761,0.0,0.0,0.7829458159477342,0.0,0.0,0.11581210795141143,0.10124207610085446,0.0,0.0
2022-02-21,1318512670.9269004,1525.3069003945857,4571474.87,1313939670.75,0.9965316979671606,Bull,1.0,0.0,0.0,0.0,0.7792933609258929,0.0,0.0,0.11951853287023645,0.09771980417103121,0.0,0.0,0.7829458159477342,0.0,0.0,0.11581210795141143,0.10124207610085446,0.0,0.0
2022-02-22,1307450124.6769004,1525.3069003945857,4571474.87,1302877124.5,0.9965023521046125,Bull,1.0,0.0,0.0,0.0,0.7786554953685773,0.0,0.0,0.12063657115714271,0.09721028557889243,0.0,0.0,0.7829458159477342,0.0,0.0,0.11581210795141143,0.10124207610085446,0.0,0.0
2022-02-23,1313176870.8269005,1525.3069003945857,4571474.87,1308603870.65,0.996517605298652,Bull,1.0,0.0,0.0,0.0,0.7778673180611086,0.0,0.0,0.1215910084522402,0.09705927878530303,0.0,0.0,0.7872093619608005,0.0,0.0,0.13685908096355853,0.07593155707564084,0.0,0.0
2022-02-24,1292467818.409705,41064.339704893995,4571474.87,1287855279.2,0.9964312154283421,Bull,0.5,0.0,0.0,0.0,0.78146269084112,0.0,0.0,0.12228969862822325,0.09267882595899889,0.0,0.0,0.39360468098040025,0.0,0.0,0.06842954048177927,0.03796577853782042,0.0,0.0
2022-02-25,1284277454.4886427,176038622.56864288,4571474.87,1103667357.05,0.8593683188882609,Bull,0.5,0.0,0.0,0.0,0.6293138248477657,0.0,0.0,0.11164316518901249,0.11841132885148288,0.0,0.0,0.39360468098040025,0.0,0.0,0.06842954048177927,0.03796577853782042,0.0,0.0
2022-03-01,1294762340.6342988,431555185.56429887,4571474.87,858635680.2,0.663160839061289,Bull,0.5,0.0,0.0,0.0,0.5009477105136141,0.0,0.0,0.08812435797607678,0.07408877057159816,0.0,0.0,0.39360468098040025,0.0,0.0,0.06842954048177927,0.03796577853782042,0.0,0.0
2022-03-02,1299642407.9976263,588967601.8276266,4571474.87,706103331.3,0.5433058562531068,Bull,0.5,0.0,0.0,0.0,0.42293790039283163,0.0,0.0,0.07373351270342282,0.04663444315685234,0.0,0.0,0.39360468098040025,0.0,0.0,0.06842954048177927,0.03796577853782042,0.0,0.0
2022-03-03,1298589543.1703825,630729439.9503827,4571474.87,663288628.35,0.5107761970196095,Bull,0.5,0.0,0.0,0.0,0.400353468949647,0.0,0.0,0.07011645864458758,0.040306269425374935,0.0,0.0,0.39360468098040025,0.0,0.0,0.06842954048177927,0.03796577853782042,0.0,0.0
2022-03-04,1296399326.9203825,633241439.9503827,2059474.8699999999,661098412.1,0.5099496724288264,Bull,0.5,2512000.0,0.0,0.0,0.3997588561937196,0.0,0.0,0.07024918796921982,0.03994162826588697,0.0,0.0,0.39360468098040025,0.0,0.0,0.06842954048177927,0.03796577853782042,0.0,0.0
2022-03-07,1282756432.5203826,633241439.9503827,2059474.8699999999,647455517.7,0.5047376893116552,Bear,0.5,0.0,0.0,0.0,0.39546090344157325,0.0,0.0,0.07020779449380697,0.03906899137627491,0.0,0.0,0.38009150935147645,0.0,0.0,0.09143415674515827,0.02847433390336532,0.0,0.0
2022-03-08,1276215995.278171,637668558.4081712,2059474.8699999999,636487962.0,0.4987305944721901,Bear,0.5,0.0,0.0,0.0,0.3811496359548253,0.0,0.0,0.08695706715054223,0.030623891366822524,0.0,0.0,0.36933471020303904,0.0,0.0,0.10930953936943699,0.02135575042752399,0.0,0.0
2022-03-09,1277290620.5904245,636413313.5704247,2059474.8699999999,638817832.15,0.5001350685991164,Bear,0.5,0.0,0.0,0.0,0.37218893217132565,0.0,0.0,0.10398330486338787,0.023962831564402903,0.0,0.0,0.3614675313073799,0.0,0.0,0.1225156558719771,0.016016812820642993,0.0,0.0
2022-03-10,1291820647.8292224,636745384.9092226,2059474.8699999999,653015788.05,0.5055003487886099,Bear,0.5,0.0,0.0,0.0,0.37016399207857814,0.0,0.0,0.11697088156464891,0.018365475145382882,0.0,0.0,0.3614675313073799,0.0,0.0,0.1225156558719771,0.016016812820642993,0.0,0.0
2022-03-11,1289247578.6292224,636745384.9092226,2059474.8699999999,650442718.85,0.5045134306488873,Bear,0.5,0.0,0.0,0.0,0.36958069710444047,0.0,0.0,0.11679378150168666,0.018138952042760063,0.0,0.0,0.3614675313073799,0.0,0.0,0.1225156558719771,0.016016812820642993,0.0,0.0
2022-03-14,1292117516.9792225,636745384.9092226,2059474.8699999999,653312657.2,0.5056139620545872,Bear,0.5,0.0,0.0,0.0,0.3708226619511921,0.0,0.0,0.11669263671349529,0.01809866338989973,0.0,0.0,0.3614675313073799,0.0,0.0,0.1225156558719771,0.016016812820642993,0.0,0.0
2022-03-15,1294563065.1292224,636745384.9092226,2059474.8699999999,655758205.35,0.5065479025423475,Bear,0.5,0.0,0.0,0.0,0.37137325967353335,0.0,0.0,0.11747979229178687,0.01769485057702726,0.0,0.0,0.3614675313073799,0.0,0.0,0.1225156558719771,0.016016812820642993,0.0,0.0
2022-03-16,1303515658.4792225,636745384.9092226,2059474.8699999999,664710798.7,0.5099369496454693,Bear,0.5,0.0,0.0,0.0,0.3744320181542182,0.0,0.0,0.11785819295737197,0.017646738533879033,0.0,0.0,0.3614675313073799,0.0,0.0,0.1225156558719771,0.016016812820642993,0.0,0.0
2022-03-17,1307439978.7292225,636745384.9092226,2059474.8699999999,668635118.95,0.5114078885670038,Bear,0.5,0.0,0.0,0.0,0.3770085257979444,0.0,0.0,0.1162466365360218,0.018152726233037538,0.0,0.0,0.3614675313073799,0.0,0.0,0.1225156558719771,0.016016812820642993,0.0,0.0
2022-03-18,1314263446.7843242,647977551.0643244,2059474.8699999999,664226420.85,0.5053982308305058,Bear,0.5,0.0,0.0,0.0,0.3691333134441296,0.0,0.0,0.11979949711394344,0.016465420272432786,0.0,0.0,0.3614675313073799,0.0,0.0,0.1225156558719771,0.016016812820642993,0.0,0.0
2022-03-21,1311884225.5343242,647977551.0643244,2059474.8699999999,661847199.6,0.5045012255791343,Bull,0.5,0.0,0.0,0.0,0.3675760331698441,0.0,0.0,0.12032083085358365,0.016604361555706555,0.0,0.0,0.3614675313073799,0.0,0.0,0.1225156558719771,0.016016812820642993,0.0,0.0
2022-03-22,1314026918.7843242,647977551.0643244,2059474.8699999999,663989892.85,0.5053092013246518,Bull,0.5,0.0,0.0,0.0,0.36893505446487007,0.0,0.0,0.11982106131102974,0.016553085548752067,0.0,0.0,0.3614675313073799,0.0,0.0,0.1225156558719771,0.016016812820642993,0.0,0.0
2022-03-23,1323371388.2343245,647977551.0643244,2059474.8699999999,673334362.3000001,0.5088022669119209,Bull,0.5,0.0,0.0,0.0,0.373375884270296,0.0,0.0,0.11883398825013307,0.01659239439149186,0.0,0.0,0.3614675313073799,0.0,0.0,0.1225156558719771,0.016016812820642993,0.0,0.0
2022-03-24,1325687883.3843243,647977551.0643244,2059474.8699999999,675650857.45,0.5096605814372711,Bull,0.5,0.0,0.0,0.0,0.3732299009830798,0.0,0.0,0.11987927323759622,0.016551407216595107,0.0,0.0,0.3614675313073799,0.0,0.0,0.1225156558719771,0.016016812820642993,0.0,0.0
2022-03-25,1325134146.6843243,647977551.0643244,2059474.8699999999,675097120.75,0.5094556822335232,Bull,0.5,0.0,0.0,0.0,0.37282589237185515,0.0,0.0,0.1200474687019714,0.016582321159696625,0.0,0.0,0.3614675313073799,0.0,0.0,0.1225156558719771,0.016016812820642993,0.0,0.0
2022-03-28,1326400513.0343242,647977551.0643244,2059474.8699999999,676363487.1,0.5099240240436316,Bull,1.0,0.0,0.0,0.0,0.37390522864428805,0.0,0.0,0.11963211597151556,0.01638667942782795,0.0,0.0,0.7229350626147598,0.0,0.0,0.2450313117439542,0.032033625641285986,0.0,0.0
2022-03-29,1321824132.3217683,383231342.5017684,2059474.8699999999,936533314.9499999,0.708515824495495,Bull,1.0,0.0,0.0,0.0,0.5150192058865234,0.0,0.0,0.17071976103479686,0.022776857574174723,0.0,0.0,0.7229350626147598,0.0,0.0,0.2450313117439542,0.032033625641285986,0.0,0.0
2022-03-30,1331812633.005453,117993218.08545321,2059474.8699999999,1211759940.05,0.9098576706810968,Bull,1.0,0.0,0.0,0.0,0.660326136166332,0.0,0.0,0.2202987813217407,0.029232753193024104,0.0,0.0,0.7422012969610698,0.0,0.0,0.21901123678986475,0.03878746624906539,0.0,0.0
2022-03-31,1348423823.7968862,27659995.276886337,2059474.8699999999,1318704353.65,0.9779598449520106,Bull,1.0,0.0,0.0,0.0,0.7260432042006619,0.0,0.0,0.2161735018736274,0.03574313887772123,0.0,0.0,0.7422012969610698,0.0,0.0,0.21901123678986475,0.03878746624906539,0.0,0.0
2022-04-01,1350903154.3293507,5650002.7093508355,2059474.8699999999,1343193676.75,0.9942930938056932,Bull,1.0,0.0,0.0,0.0,0.7388463218486648,0.0,0.0,0.21783604476524565,0.037610727191782746,0.0,0.0,0.7422012969610698,0.0,0.0,0.21901123678986475,0.03878746624906539,0.0,0.0
2022-04-06,1386788365.8793507,5650002.7093508355,2059474.8699999999,1379078888.3,0.9944407684914041,Bull,1.0,0.0,0.0,0.0,0.7450736995798338,0.0,0.0,0.21291684244320253,0.03645022646836777,0.0,0.0,0.7422012969610698,0.0,0.0,0.21901123678986475,0.03878746624906539,0.0,0.0
2022-04-07,1365259181.129351,5650002.7093508355,2059474.8699999999,1357549703.5500002,0.9943531032891694,Bear,1.0,0.0,0.0,0.0,0.7417194607051377,0.0,0.0,0.21627439249721825,0.0363592500868133,0.0,0.0,0.7422012969610698,0.0,0.0,0.21901123678986475,0.03878746624906539,0.0,0.0
2022-04-08,1383694375.5293508,5650002.7093508355,2059474.8699999999,1375984897.95,0.9944283378499668,Bear,1.0,0.0,0.0,0.0,0.7434072625730497,0.0,0.0,0.21494515353957308,0.03607592173734405,0.0,0.0,0.7422012969610698,0.0,0.0,0.21901123678986475,0.03878746624906539,0.0,0.0
2022-04-11,1387632790.8293507,5650002.7093508355,2059474.8699999999,1379923313.25,0.9944441514856802,Bear,1.0,0.0,0.0,0.0,0.7431199162090231,0.0,0.0,0.2159121649330102,0.03541207034364687,0.0,0.0,0.7422012969610698,0.0,0.0,0.21901123678986475,0.03878746624906539,0.0,0.0
2022-04-12,1378235871.4293506,5650002.7093508355,2059474.8699999999,1370526393.85,0.9944062712782571,Bear,0.5,0.0,0.0,0.0,0.7415717911840692,0.0,0.0,0.21715404903052676,0.03568043106366123,0.0,0.0,0.3711006484805349,0.0,0.0,0.10950561839493238,0.019393733124532696,0.0,0.0
2022-04-13,1382290962.827268,280112138.1572681,2059474.8699999999,1100119349.8,0.7958667020074208,Bear,0.5,0.0,0.0,0.0,0.5934854685890861,0.0,0.0,0.17277809551146167,0.029603137906873092,0.0,0.0,0.3711006484805349,0.0,0.0,0.10950561839493238,0.019393733124532696,0.0,0.0
2022-04-14,1363660706.1069288,549035306.4869289,2059474.8699999999,812565924.75,0.5958710411695944,Bear,0.5,0.0,0.0,0.0,0.44102632865835584,0.0,0.0,0.13185501290370163,0.022989699607536936,0.0,0.0,0.3711006484805349,0.0,0.0,0.10950561839493238,0.019393733124532696,0.0,0.0
2022-04-15,1358016460.2508795,645563227.9808797,2059474.8699999999,710393757.4,0.5231113010727145,Bear,0.5,0.0,0.0,0.0,0.38702789898651346,0.0,0.0,0.1160221577659614,0.020061244320239716,0.0,0.0,0.3711006484805349,0.0,0.0,0.10950561839493238,0.019393733124532696,0.0,0.0
2022-04-18,1345977590.2353516,668596648.5653517,2059474.8699999999,675321466.8000001,0.5017330687369888,Bear,0.5,0.0,0.0,0.0,0.36890830902554395,0.0,0.0,0.11317989326506019,0.019644866446384558,0.0,0.0,0.3711006484805349,0.0,0.0,0.10950561839493238,0.019393733124532696,0.0,0.0
2022-04-19,1345645219.1353517,668596648.5653517,2059474.8699999999,674989095.7,0.5016099980154622,Bear,0.5,0.0,0.0,0.0,0.36918252198689716,0.0,0.0,0.11271054052230423,0.019716935506260868,0.0,0.0,0.3711006484805349,0.0,0.0,0.10950561839493238,0.019393733124532696,0.0,0.0
2022-04-20,1354437011.4853516,668596648.5653517,2059474.8699999999,683780888.0500001,0.5048450996625732,Bear,0.5,0.0,0.0,0.0,0.37104423002947096,0.0,0.0,0.11411545807545412,0.019685411557648032,0.0,0.0,0.3711006484805349,0.0,0.0,0.10950561839493238,0.019393733124532696,0.0,0.0
2022-04-21,1346377963.2853518,668596648.5653517,2059474.8699999999,675721839.85,0.5018812386093602,Bear,0.5,0.0,0.0,0.0,0.3677605422490556,0.0,0.0,0.11430252439996567,0.019818171960338932,0.0,0.0,0.36178406967975196,0.0,0.0,0.12367063047684856,0.014545299843399521,0.0,0.0
2022-04-22,1352084082.5853515,668596648.5653517,2059474.8699999999,681427959.15,0.5039834193203618,Bear,0.5,0.0,0.0,0.0,0.3699995921802593,0.0,0.0,0.11442025092417583,0.019563576215926807,0.0,0.0,0.36178406967975196,0.0,0.0,0.12367063047684856,0.014545299843399521,0.0,0.0
2022-04-25,1342016987.1853516,668596648.5653517,2059474.8699999999,671360863.75,0.5002625675834873,Bear,0.5,0.0,0.0,0.0,0.36575052211481995,0.0,0.0,0.11515368395158479,0.01935836151708257,0.0,0.0,0.36178406967975196,0.0,0.0,0.12367063047684856,0.014545299843399521,0.0,0.0
2022-04-26,1354922439.3853517,668596648.5653517,2059474.8699999999,684266315.95,0.5050224987493832,Bear,0.5,0.0,0.0,0.0,0.3701208654994999,0.0,0.0,0.11572765749686145,0.019173975753021887,0.0,0.0,0.36178406967975196,0.0,0.0,0.12367063047684856,0.014545299843399521,0.0,0.0
2022-04-27,1346145846.9353516,668596648.5653517,2059474.8699999999,675489723.5,0.5017953478353229,Bear,0.5,0.0,0.0,0.0,0.3664116890624615,0.0,0.0,0.1164878236314395,0.01889583514142178,0.0,0.0,0.36178406967975196,0.0,0.0,0.12367063047684856,0.014545299843399521,0.0,0.0
2022-04-28,1346310177.7353516,668596648.5653517,2059474.8699999999,675654054.3,0.5018561587616664,Bear,0.5,0.0,0.0,0.0,0.36591192909843545,0.0,0.0,0.11696858762881279,0.01897564203441822,0.0,0.0,0.36178406967975196,0.0,0.0,0.12367063047684856,0.014545299843399521,0.0,0.0
2022-04-29,1351642198.9853516,668596648.5653517,2059474.8699999999,680986075.55,0.5038212598431755,Bear,0.5,0.0,0.0,0.0,0.36816335412105095,0.0,0.0,0.11651175149623064,0.019146154225893965,0.0,0.0,0.36178406967975196,0.0,0.0,0.12367063047684856,0.014545299843399521,0.0,0.0
2022-05-03,1342143905.6353517,668596648.5653517,2059474.8699999999,671487782.1999999,0.5003098247368096,Bear,0.5,0.0,0.0,0.0,0.3662498336698869,0.0,0.0,0.11492061272444924,0.019139378342473465,0.0,0.0,0.36178406967975196,0.0,0.0,0.12367063047684856,0.014545299843399521,0.0,0.0
2022-05-04,1337518034.4853516,668596648.5653517,2059474.8699999999,666861911.05,0.49858162197162015,Bear,0.5,0.0,0.0,0.0,0.3663946940637436,0.0,0.0,0.1129813550948834,0.019205572812993222,0.0,0.0,0.36178406967975196,0.0,0.0,0.12367063047684856,0.014545299843399521,0.0,0.0
2022-05-05,1333735816.1853516,668596648.5653517,2059474.8699999999,663079692.75,0.4971596958732723,Bear,0.5,0.0,0.0,0.0,0.36381376046256414,0.0,0.0,0.11386737774978857,0.019478557660919573,0.0,0.0,0.36178406967975196,0.0,0.0,0.12367063047684856,0.014545299843399521,0.0,0.0
2022-05-06,1327598471.8353515,668596648.5653517,2059474.8699999999,656942348.4,0.49483511945581227,Bear,0.5,0.0,0.0,0.0,0.36070280928990794,0.0,0.0,0.1149573483532358,0.019174961812668558,0.0,0.0,0.35274584737281617,0.0,0.0,0.1363451777446342,0.01090897488254964,0.0,0.0
2022-05-09,1310749677.6902716,663363506.5202718,2059474.8699999999,645326696.3,0.4923340491963026,Bear,0.5,0.0,0.0,0.0,0.34769632528392763,0.0,0.0,0.13161971575229053,0.013018008160084436,0.0,0.0,0.35274584737281617,0.0,0.0,0.1363451777446342,0.01090897488254964,0.0,0.0
2022-05-10,1312959502.5902717,663363506.5202718,2059474.8699999999,647536521.2,0.49318849509258117,Bear,0.5,0.0,0.0,0.0,0.34715086055646416,0.0,0.0,0.13309892624657318,0.012938708289543759,0.0,0.0,0.35274584737281617,0.0,0.0,0.1363451777446342,0.01090897488254964,0.0,0.0
2022-05-11,1313289703.5402718,663363506.5202718,2059474.8699999999,647866722.15,0.493315922909871,Bear,0.5,0.0,0.0,0.0,0.34674019062393124,0.0,0.0,0.1336194135436766,0.01295631874226312,0.0,0.0,0.35274584737281617,0.0,0.0,0.1363451777446342,0.01090897488254964,0.0,0.0
2022-05-12,1298193705.4402719,663363506.5202718,2059474.8699999999,632770724.0500001,0.4874239656210635,Crisis,1.0,0.0,0.0,0.0,0.34072263037201334,0.0,0.0,0.13390567160472028,0.012795663644329896,0.0,0.0,0.7054916947456323,0.0,0.0,0.2726903554892684,0.02181794976509928,0.0,0.0
2022-05-13,1301136506.5380137,402985310.4680137,2059474.8699999999,896091721.2,0.688699238471348,Bear,1.0,0.0,0.0,0.0,0.48412808189975765,0.0,0.0,0.18820938369608758,0.016361772875502688,0.0,0.0,0.7054916947456323,0.0,0.0,0.2726903554892684,0.02181794976509928,0.0,0.0
2022-05-16,1301257077.3544383,140740688.03443834,2059474.8699999999,1158456914.45,0.8902598376680781,Bear,1.0,0.0,0.0,0.0,0.6280519266120344,0.0,0.0,0.24226335094439805,0.019944560111645707,0.0,0.0,0.7054916947456323,0.0,0.0,0.2726903554892684,0.02181794976509928,0.0,0.0
2022-05-17,1303384114.0554974,33420119.685497586,2059474.8699999999,1267904519.5,0.9727788652839245,Bear,1.0,0.0,0.0,0.0,0.6873025839732281,0.0,0.0,0.2640100460709989,0.02146623523969748,0.0,0.0,0.7054916947456323,0.0,0.0,0.2726903554892684,0.02181794976509928,0.0,0.0
2022-05-18,1345453255.8594158,7167434.239415962,2059474.8699999999,1336226346.75,0.9931421555752808,Bear,1.0,0.0,0.0,0.0,0.707001259692513,0.0,0.0,0.2649332471772215,0.021207648705546304,0.0,0.0,0.7054916947456323,0.0,0.0,0.2726903554892684,0.02181794976509928,0.0,0.0
2022-05-19,1325140066.3594158,7167434.239415962,2059474.8699999999,1315913157.25,0.9930370310704097,Bear,1.0,0.0,0.0,0.0,0.7035455201436304,0.0,0.0,0.2683698946459473,0.021121616280832128,0.0,0.0,0.7054916947456323,0.0,0.0,0.2726903554892684,0.02181794976509928,0.0,0.0
2022-05-20,1338388956.7594159,7167434.239415962,2059474.8699999999,1329162047.65,0.9931059584264977,Bear,1.0,0.0,0.0,0.0,0.7056401600448694,0.0,0.0,0.2663242984782587,0.021141499903369502,0.0,0.0,0.7054916947456323,0.0,0.0,0.2726903554892684,0.02181794976509928,0.0,0.0
2022-05-23,1338035033.7594159,7167434.239415962,2059474.8699999999,1328808124.65,0.9931041348868935,Bear,1.0,0.0,0.0,0.0,0.7087274254588081,0.0,0.0,0.26318720445650057,0.021189504971584967,0.0,0.0,0.7054916947456323,0.0,0.0,0.2726903554892684,0.02181794976509928,0.0,0.0
2022-05-24,1340525099.0594158,7167434.239415962,2059474.8699999999,1331298189.95,0.9931169441617395,Bear,1.0,0.0,0.0,0.0,0.710175803957703,0.0,0.0,0.26202806664825556,0.02091307355578087,0.0,0.0,0.7054916947456323,0.0,0.0,0.2726903554892684,0.02181794976509928,0.0,0.0
2022-05-25,1349381865.6594157,7167434.239415962,2059474.8699999999,1340154956.55,0.9931621216023184,Bear,0.5,0.0,0.0,0.0,0.7089736648287411,0.0,0.0,0.26325283379023845,0.020935622983338908,0.0,0.0,0.35274584737281617,0.0,0.0,0.1363451777446342,0.01090897488254964,0.0,0.0
2022-05-26,1353917919.5185041,276525116.84850425,2059474.8699999999,1075333327.8,0.7942381973808444,Bear,0.5,0.0,0.0,0.0,0.5639641198275493,0.0,0.0,0.2136625092478853,0.01661156830540983,0.0,0.0,0.35274584737281617,0.0,0.0,0.1363451777446342,0.01090897488254964,0.0,0.0
2022-05-27,1359202447.2507968,546913519.430797,2059474.8699999999,810229452.95,0.5961065289345366,Bear,0.5,0.0,0.0,0.0,0.4247208751850352,0.0,0.0,0.1583666218637128,0.013019031885788585,0.0,0.0,0.35274584737281617,0.0,0.0,0.1363451777446342,0.01090897488254964,0.0,0.0
2022-05-30,1366276517.2561505,644713670.1861507,2059474.8699999999,719503372.1999999,0.5266162179563443,Bear,0.5,0.0,0.0,0.0,0.37293890787443834,0.0,0.0,0.14201041849833973,0.011666891583566258,0.0,0.0,0.35274584737281617,0.0,0.0,0.1363451777446342,0.01090897488254964,0.0,0.0
2022-05-31,1365153551.8467565,668333250.2767564,2059474.8699999999,694760826.7,0.5089250405275945,Bear,0.5,0.0,0.0,0.0,0.3600386389026321,0.0,0.0,0.13766685787526453,0.011219543749697782,0.0,0.0,0.35274584737281617,0.0,0.0,0.1363451777446342,0.01090897488254964,0.0,0.0
2022-06-01,1354900455.8467562,668333250.2767564,2059474.8699999999,684507730.6999999,0.5052088718002616,Bear,0.5,0.0,0.0,0.0,0.3560579145266474,0.0,0.0,0.13790311988878157,0.011247837384832692,0.0,0.0,0.35274584737281617,0.0,0.0,0.1363451777446342,0.01090897488254964,0.0,0.0
2022-06-02,1351907665.4467564,668333250.2767564,2059474.8699999999,681514940.3,0.5041135261813787,Bear,0.5,0.0,0.0,0.0,0.35473949335254185,0.0,0.0,0.13821912899521116,0.011154903833625706,0.0,0.0,0.35274584737281617,0.0,0.0,0.1363451777446342,0.01090897488254964,0.0,0.0
2022-06-06,1353068445.2967563,668333250.2767564,2059474.8699999999,682675720.15,0.5045389407483188,Bear,0.5,0.0,0.0,0.0,0.35430219499713383,0.0,0.0,0.13901292329579606,0.011223822455388987,0.0,0.0,0.35274584737281617,0.0,0.0,0.1363451777446342,0.01090897488254964,0.0,0.0
2022-06-07,1350405356.6467562,668333250.2767564,2059474.8699999999,680012631.5,0.5035618587803633,Bear,0.5,0.0,0.0,0.0,0.3537870530122409,0.0,0.0,0.13864244471371318,0.011132361054409264,0.0,0.0,0.35274584737281617,0.0,0.0,0.1363451777446342,0.01090897488254964,0.0,0.0
2022-06-08,1354368861.5967562,668333250.2767564,2059474.8699999999,683976136.4499999,0.5050146646487536,Bear,0.5,0.0,0.0,0.0,0.35482633282297177,0.0,0.0,0.13896657353603378,0.01122175828974803,0.0,0.0,0.35274584737281617,0.0,0.0,0.1363451777446342,0.01090897488254964,0.0,0.0
2022-06-09,1352371566.3967562,668333250.2767564,2059474.8699999999,681978841.25,0.5042836289933668,Bear,0.5,0.0,0.0,0.0,0.3542974084604721,0.0,0.0,0.13878279066460134,0.01120342986829329,0.0,0.0,0.35274584737281617,0.0,0.0,0.1363451777446342,0.01090897488254964,0.0,0.0
2022-06-10,1347039492.2967563,668333250.2767564,2059474.8699999999,676646767.15,0.502321402616259,Bear,0.5,0.0,0.0,0.0,0.35296520248216695,0.0,0.0,0.13822230236363528,0.011133897770456714,0.0,0.0,0.35274584737281617,0.0,0.0,0.1363451777446342,0.01090897488254964,0.0,0.0
2022-06-13,1341623203.5467563,668333250.2767564,2059474.8699999999,671230478.4,0.50031221629554,Bear,0.5,0.0,0.0,0.0,0.3505660733629439,0.0,0.0,0.13887953004049733,0.010866612892098745,0.0,0.0,0.35274584737281617,0.0,0.0,0.1363451777446342,0.01090897488254964,0.0,0.0
2022-06-14,1344545252.5967565,668333250.2767564,2059474.8699999999,674152527.45,0.5013981687473822,Bear,0.5,0.0,0.0,0.0,0.3523647318935489,0.0,0.0,0.13820799236106596,0.010825444492767318,0.0,0.0,0.35274584737281617,0.0,0.0,0.1363451777446342,0.01090897488254964,0.0,0.0
2022-06-15,1347026752.6967564,668333250.2767564,2059474.8699999999,676634027.55,0.5023166957860148,Bear,0.5,0.0,0.0,0.0,0.35281803171209164,0.0,0.0,0.13874572247792152,0.010752941596001665,0.0,0.0,0.35274584737281617,0.0,0.0,0.1363451777446342,0.01090897488254964,0.0,0.0
2022-06-16,1344270223.7467563,668333250.2767564,2059474.8699999999,673877498.6,0.5012961580907189,Bear,0.5,0.0,0.0,0.0,0.3520544383412271,0.0,0.0,0.1384886734165075,0.010753046332984269,0.0,0.0,0.35274584737281617,0.0,0.0,0.1363451777446342,0.01090897488254964,0.0,0.0
2022-06-17,1338439767.0967565,668333250.2767564,2059474.8699999999,668047041.95,0.4991237247822349,Crisis,0.5,0.0,0.0,0.0,0.3488918615761978,0.0,0.0,0.13957744277520034,0.010654420430836703,0.0,0.0,0.35274584737281617,0.0,0.0,0.1363451777446342,0.01090897488254964,0.0,0.0
2022-06-20,1329758965.7967563,668333250.2767564,2059474.8699999999,659366240.65,0.49585395369372465,Crisis,0.5,0.0,0.0,0.0,0.34456916812398586,0.0,0.0,0.14065842367750422,0.010626361892234643,0.0,0.0,0.35274584737281617,0.0,0.0,0.1363451777446342,0.01090897488254964,0.0,0.0
2022-06-21,1348411554.5967565,668333250.2767564,2059474.8699999999,678018829.45,0.5028278103510928,Crisis,0.5,0.0,0.0,0.0,0.351813011267073,0.0,0.0,0.14032103133125667,0.010693767752763133,0.0,0.0,0.35274584737281617,0.0,0.0,0.1363451777446342,0.01090897488254964,0.0,0.0
2022-06-22,1342622957.3467565,668333250.2767564,2059474.8699999999,672230232.2,0.500684297495134,Crisis,0.5,0.0,0.0,0.0,0.34976128601882533,0.0,0.0,0.14042043521479003,0.010502576261518641,0.0,0.0,0.35274584737281617,0.0,0.0,0.1363451777446342,0.01090897488254964,0.0,0.0
2022-06-23,1346495109.3967562,668333250.2767564,2059474.8699999999,676102384.25,0.5021201930342702,Crisis,0.5,0.0,0.0,0.0,0.3505111759829887,0.0,0.0,0.14127685921208016,0.01033215783920137,0.0,0.0,0.35274584737281617,0.0,0.0,0.1363451777446342,0.01090897488254964,0.0,0.0
2022-06-24,1354799503.7467563,668333250.2767564,2059474.8699999999,684406778.6,0.5051720027260445,Crisis,1.0,0.0,0.0,0.0,0.35231056498026325,0.0,0.0,0.14257083757841793,0.010290600167363237,0.0,0.0,0.7054916947456323,0.0,0.0,0.2726903554892684,0.02181794976509928,0.0,0.0
2022-06-27,1350073077.644419,395852522.32441914,2059474.8699999999,952161080.4499999,0.7052663268504783,Crisis,1.0,0.0,0.0,0.0,0.4954962375941764,0.0,0.0,0.194450585192058,0.01531950406424394,0.0,0.0,0.7054916947456323,0.0,0.0,0.2726903554892684,0.02181794976509928,0.0,0.0
2022-06-28,1351846608.744814,124983876.47481415,2059474.8699999999,1224803257.3999999,0.9060223619136986,Crisis,1.0,0.0,0.0,0.0,0.6379009658504705,0.0,0.0,0.24862510126949297,0.019496294793735124,0.0,0.0,0.7054916947456323,0.0,0.0,0.2726903554892684,0.02181794976509928,0.0,0.0
2022-06-29,1350244433.987958,30775406.56795803,2059474.8699999999,1317409552.55,0.975682268623778,Crisis,1.0,0.0,0.0,0.0,0.6858169744977143,0.0,0.0,0.26883710153715573,0.021028192588908107,0.0,0.0,0.7054916947456323,0.0,0.0,0.2726903554892684,0.02181794976509928,0.0,0.0
2022-06-30,1328631969.686217,6660915.366217155,7404754.87,1314566299.45,0.9894134187968253,Crisis,1.0,0.0,0.0,0.0,0.703056768738304,0.0,0.0,0.265003106980147,0.02135354307837435,0.0,0.0,0.7054916947456323,0.0,0.0,0.2726903554892684,0.02181794976509928,0.0,0.0
2022-07-01,1323302634.136217,6660915.366217155,7404754.87,1309236963.9,0.9893707834675336,Crisis,1.0,0.0,0.0,0.0,0.6984231649348193,0.0,0.0,0.2702949353935777,0.020652683139136523,0.0,0.0,0.7054916947456323,0.0,0.0,0.2726903554892684,0.02181794976509928,0.0,0.0
2022-07-04,1332281679.286217,6660915.366217155,7404754.87,1318216009.05,0.98944242013164,Crisis,1.0,0.0,0.0,0.0,0.6962372698444388,0.0,0.0,0.27289394251430904,0.020311207772892137,0.0,0.0,0.7054916947456323,0.0,0.0,0.2726903554892684,0.02181794976509928,0.0,0.0
2022-07-05,1334170512.086217,6660915.366217155,7404754.87,1320104841.85,0.9894573668741765,Crisis,1.0,0.0,0.0,0.0,0.6970412203128525,0.0,0.0,0.2720326950057386,0.020383451555585425,0.0,0.0,0.7054916947456323,0.0,0.0,0.2726903554892684,0.02181794976509928,0.0,0.0
2022-07-06,1318461237.8362172,6660915.366217155,7404754.87,1304395567.6000001,0.9893317529309388,Crisis,1.0,0.0,0.0,0.0,0.6932096988303996,0.0,0.0,0.27589525543957394,0.02022679866096511,0.0,0.0,0.7054916947456323,0.0,0.0,0.2726903554892684,0.02181794976509928,0.0,0.0
2022-07-07,1317083189.786217,6660915.366217155,7404754.87,1303017519.55,0.9893205908743699,Crisis,0.5,0.0,0.0,0.0,0.6935152818238169,0.0,0.0,0.2749527917509753,0.02085251729957765,0.0,0.0,0.35274584737281617,0.0,0.0,0.1363451777446342,0.01090897488254964,0.0,0.0
2022-07-08,1309936714.6167676,267816009.3967677,11863854.87,1030256850.35,0.7864936060299751,Crisis,0.5,0.0,0.0,0.0,0.5563821077900115,0.0,0.0,0.2129934957061082,0.017118002533855363,0.0,0.0,0.35274584737281617,0.0,0.0,0.1363451777446342,0.01090897488254964,0.0,0.0
2022-07-11,1300134751.953239,527399093.9832392,11863854.87,760871803.1,0.5852253406478944,Crisis,0.5,0.0,0.0,0.0,0.41184969657611187,0.0,0.0,0.1605977378008812,0.012777906270901302,0.0,0.0,0.35274584737281617,0.0,0.0,0.1363451777446342,0.01090897488254964,0.0,0.0
2022-07-12,1287761373.0043163,590398567.8343165,11863854.87,685498950.3,0.5323183042062734,Crisis,0.5,0.0,0.0,0.0,0.3632624491668396,0.0,0.0,0.15782660068910048,0.011229254350333376,0.0,0.0,0.35274584737281617,0.0,0.0,0.1363451777446342,0.01090897488254964,0.0,0.0
2022-07-13,1302942849.9185762,600864164.8985763,11863854.87,690214830.15,0.5297353066507353,Crisis,0.5,0.0,0.0,0.0,0.3613069676689342,0.0,0.0,0.15710896300078886,0.011319375981012264,0.0,0.0,0.35274584737281617,0.0,0.0,0.1363451777446342,0.01090897488254964,0.0,0.0
2022-07-14,1301910691.8884883,609456078.9684885,11863854.87,680590758.05,0.5227630146141347,Crisis,0.5,0.0,0.0,0.0,0.3542272606894763,0.0,0.0,0.15741517546239925,0.011120578462259126,0.0,0.0,0.35274584737281617,0.0,0.0,0.1363451777446342,0.01090897488254964,0.0,0.0
2022-07-15,1292292360.7565374,610970388.3365376,11863854.87,669458117.55,0.5180392130137517,Crisis,0.5,0.0,0.0,0.0,0.34850327311874246,0.0,0.0,0.1582745562933293,0.011261383601679996,0.0,0.0,0.35274584737281617,0.0,0.0,0.1363451777446342,0.01090897488254964,0.0,0.0
2022-07-18,1295941172.4680376,607104305.7980376,12090654.87,676746211.8,0.5222044226831529,Crisis,0.5,0.0,0.0,0.0,0.3543825302852062,0.0,0.0,0.1568948531921226,0.010927039205824178,0.0,0.0,0.35274584737281617,0.0,0.0,0.1363451777446342,0.01090897488254964,0.0,0.0
2022-07-19,1292257846.4182289,608619182.598229,12090654.87,671548008.9499999,0.5196702893399642,Crisis,0.5,0.0,0.0,0.0,0.3552387863013438,0.0,0.0,0.15346372285505708,0.010967780183563272,0.0,0.0,0.35274584737281617,0.0,0.0,0.1363451777446342,0.01090897488254964,0.0,0.0
2022-07-20,1289284323.8089747,610986134.0389749,12090654.87,666207534.9,0.5167266231329032,Crisis,0.5,0.0,0.0,0.0,0.3535402753935408,0.0,0.0,0.15212113912978825,0.011065208609574108,0.0,0.0,0.3395593855296121,0.0,0.0,0.14571209084948958,0.014728523620898312,0.0,0.0
2022-07-21,1297289112.3089747,610986134.0389749,12090654.87,674212323.4,0.5197086115985402,Crisis,0.5,0.0,0.0,0.0,0.3572204676682956,0.0,0.0,0.15136695293040542,0.011121190999839235,0.0,0.0,0.3395593855296121,0.0,0.0,0.14571209084948958,0.014728523620898312,0.0,0.0
2022-07-22,1297924064.7519298,624505520.2319299,12090654.87,661327889.65,0.5095274119725938,Crisis,0.5,0.0,0.0,0.0,0.34512649993558414,0.0,0.0,0.15054247417574856,0.013858437861261064,0.0,0.0,0.3395593855296121,0.0,0.0,0.14571209084948958,0.014728523620898312,0.0,0.0
2022-07-25,1305921604.2519298,624505520.2319299,12090654.87,669325429.15,0.5125310944935391,Crisis,0.5,0.0,0.0,0.0,0.34716488928116307,0.0,0.0,0.15160442966514118,0.013761775547234916,0.0,0.0,0.3395593855296121,0.0,0.0,0.14571209084948958,0.014728523620898312,0.0,0.0
2022-07-26,1305616108.1519299,624505520.2319299,12090654.87,669019933.05,0.5124170335160636,Crisis,0.5,0.0,0.0,0.0,0.3471359844752005,0.0,0.0,0.1516399030035262,0.013641146037336958,0.0,0.0,0.3395593855296121,0.0,0.0,0.14571209084948958,0.014728523620898312,0.0,0.0
2022-07-27,1316574474.6019297,624505520.2319299,12090654.87,679978299.5,0.5164753780492315,Crisis,0.5,0.0,0.0,0.0,0.35041807994909746,0.0,0.0,0.1524068739527011,0.013650424147432927,0.0,0.0,0.3395593855296121,0.0,0.0,0.14571209084948958,0.014728523620898312,0.0,0.0
2022-07-28,1321617688.05193,624505520.2319299,12090654.87,685021512.95,0.5183204788668686,Crisis,0.5,0.0,0.0,0.0,0.3531788482931226,0.0,0.0,0.15151999084937456,0.013621639724371356,0.0,0.0,0.3395593855296121,0.0,0.0,0.14571209084948958,0.014728523620898312,0.0,0.0
2022-07-29,1323869752.4019299,624505520.2319299,12090654.87,687273577.3,0.519139874638772,Crisis,0.5,0.0,0.0,0.0,0.35415121196730537,0.0,0.0,0.15126223681497272,0.01372642585649388,0.0,0.0,0.3395593855296121,0.0,0.0,0.14571209084948958,0.014728523620898312,0.0,0.0
2022-08-01,1325752732.3019297,624505520.2319299,12090654.87,689156557.1999999,0.5198228450967657,Crisis,0.5,0.0,0.0,0.0,0.354741835141014,0.0,0.0,0.15141473602807812,0.013666273927673675,0.0,0.0,0.3395593855296121,0.0,0.0,0.14571209084948958,0.014728523620898312,0.0,0.0
2022-08-02,1323499478.739966,638442191.769966,12090654.87,672966632.1,0.5084751772933799,Crisis,0.5,0.0,0.0,0.0,0.34198618085661375,0.0,0.0,0.15234535656331374,0.014143639873452364,0.0,0.0,0.3395593855296121,0.0,0.0,0.14571209084948958,0.014728523620898312,0.0,0.0
2022-08-03,1322433522.939966,642901291.769966,7631554.87,671900676.3000001,0.5080789806403767,Crisis,0.5,4459100.0,0.0,0.0,0.3424116739670372,0.0,0.0,0.15142651522838835,0.01424079144495109,0.0,0.0,0.3395593855296121,0.0,0.0,0.14571209084948958,0.014728523620898312,0.0,0.0
2022-08-04,1321903114.0399659,642901293.769966,9947515.87,669054304.4,0.5061296076043377,Crisis,0.5,2.0,46319.0,2.0,0.34079063708626683,0.0,0.0,0.1510556998309355,0.014283270687135363,0.0,0.0,0.3395593855296121,0.0,0.0,0.14571209084948958,0.014728523620898312,0.0,0.0
2022-08-05,1328419724.989966,648246573.769966,4602235.87,675570915.35,0.5085523066552651,Crisis,1.0,5345280.0,0.0,0.0,0.34286860303390965,0.0,0.0,0.15111074927882168,0.01457295434253374,0.0,0.0,0.6791187710592242,0.0,0.0,0.29142418169897916,0.029457047241796624,0.0,0.0
2022-08-08,1333009340.795475,383706644.4254752,4602235.87,944700460.5,0.7086975549145431,Crisis,1.0,0.0,0.0,0.0,0.47982957877722565,0.0,0.0,0.2083818106137482,0.020486165523569227,0.0,0.0,0.6791187710592242,0.0,0.0,0.29142418169897916,0.029457047241796624,0.0,0.0
2022-08-09,1345632420.0933206,116342041.62332092,4602235.87,1224688142.6,0.9101208653363649,Crisis,1.0,0.0,0.0,0.0,0.6217419260320576,0.0,0.0,0.26208085858658375,0.026298080717723677,0.0,0.0,0.6791187710592242,0.0,0.0,0.29142418169897916,0.029457047241796624,0.0,0.0
2022-08-10,1361353796.629886,25825523.109885916,13109216.87,1322419056.65,0.9713999842830929,Crisis,1.0,4.0,255209.0,4.0,0.6616874752764214,0.0,0.0,0.28173910481573045,0.02797340419094108,0.0,0.0,0.6791187710592242,0.0,0.0,0.29142418169897916,0.029457047241796624,0.0,0.0
2022-08-11,1381595775.6506772,3029269.2606774196,18575477.29,1359991029.1,0.9843624691596192,Crisis,1.0,3.0,216405.0,3.0,0.6726300814450124,0.0,0.0,0.28262347560819906,0.029108912106407894,0.0,0.0,0.6791187710592242,0.0,0.0,0.29142418169897916,0.029457047241796624,0.0,0.0
2022-08-12,1379922419.9506774,3029269.2606774196,18575477.29,1358317673.4,0.9843435063896929,Crisis,1.0,0.0,0.0,0.0,0.6721650869569559,0.0,0.0,0.28285213310321533,0.02932628632952166,0.0,0.0,0.6791187710592242,0.0,0.0,0.29142418169897916,0.029457047241796624,0.0,0.0
2022-08-15,1378865297.9506774,3029269.2606774196,18575477.29,1357260551.4,0.9843315031694633,Crisis,1.0,0.0,0.0,0.0,0.6722449631429892,0.0,0.0,0.282470521652023,0.029616018374450916,0.0,0.0,0.6791187710592242,0.0,0.0,0.29142418169897916,0.029457047241796624,0.0,0.0
2022-08-16,1375628259.0006773,3029269.2606774196,18575477.29,1354023512.45,0.9842946330817803,Crisis,1.0,0.0,0.0,0.0,0.6739405841542425,0.0,0.0,0.28061963504619303,0.02973441388134486,0.0,0.0,0.6791187710592242,0.0,0.0,0.29142418169897916,0.029457047241796624,0.0,0.0
2022-08-17,1381009877.7006774,3029269.2606774196,18575477.29,1359405131.15,0.9843558348860992,Crisis,1.0,0.0,0.0,0.0,0.6756826263282145,0.0,0.0,0.27904253707555576,0.02963067148232891,0.0,0.0,0.6791187710592242,0.0,0.0,0.29142418169897916,0.029457047241796624,0.0,0.0
2022-08-18,1378169564.8506773,3029269.2606774196,18575477.29,1356564818.3,0.9843235933359056,Crisis,1.0,0.0,0.0,0.0,0.6765445211388219,0.0,0.0,0.2782817947670712,0.02949727743001248,0.0,0.0,0.6791187710592242,0.0,0.0,0.29142418169897916,0.029457047241796624,0.0,0.0
2022-08-19,1372630115.7006774,3256069.2606774196,18348677.29,1351025369.15,0.9842603289090384,Crisis,1.0,226800.0,0.0,0.0,0.6777581290900865,0.0,0.0,0.27683707041938715,0.029665129399564654,0.0,0.0,0.6791187710592242,0.0,0.0,0.29142418169897916,0.029457047241796624,0.0,0.0
2022-08-22,1369436147.2958374,35710.20583742019,18348677.29,1351051759.8,0.9865752137971966,Crisis,1.0,0.0,0.0,0.0,0.674537152845029,0.0,0.0,0.2827318387677679,0.02930622218439961,0.0,0.0,0.6791187710592242,0.0,0.0,0.29142418169897916,0.029457047241796624,0.0,0.0
2022-08-23,1351982609.5958374,35710.20583742019,18348677.29,1333598222.1,0.9864019053460065,Crisis,0.5,0.0,0.0,0.0,0.6725194655956465,0.0,0.0,0.28459434113211146,0.029288098618248614,0.0,0.0,0.3395593855296121,0.0,0.0,0.14571209084948958,0.014728523620898312,0.0,0.0
2022-08-24,1353212265.6743195,164886594.23431954,18348677.29,1169976994.15,0.8645923657564459,Crisis,0.5,0.0,0.0,0.0,0.5543421480710539,0.0,0.0,0.28698757013296705,0.023262647552424853,0.0,0.0,0.3395593855296121,0.0,0.0,0.14571209084948958,0.014728523620898312,0.0,0.0
2022-08-25,1359416907.8135529,332813396.9235528,16032716.29,1010570794.6,0.7433854829901837,Crisis,0.5,2315961.0,0.0,0.0,0.439546684439173,0.0,0.0,0.2851057668713042,0.018733031679706545,0.0,0.0,0.3395593855296121,0.0,0.0,0.14571209084948958,0.014728523620898312,0.0,0.0
2022-08-26,1361515207.6782303,438775849.3382305,16032716.29,906706642.05,0.665954105350165,Crisis,0.5,0.0,0.0,0.0,0.3655368219490492,0.0,0.0,0.28460548792605,0.01581179547506586,0.0,0.0,0.3395593855296121,0.0,0.0,0.14571209084948958,0.014728523620898312,0.0,0.0
2022-08-29,1356408570.0194082,463981846.67940825,16032716.29,876394007.05,0.6461135873223361,Crisis,0.5,0.0,0.0,0.0,0.3448706144958275,0.0,0.0,0.28654972298976156,0.014693249836747073,0.0,0.0,0.3395593855296121,0.0,0.0,0.14571209084948958,0.014728523620898312,0.0,0.0
2022-08-30,1356150265.5095792,469318912.4695792,16032716.29,870798636.75,0.6421107298333152,Crisis,0.5,0.0,0.0,0.0,0.34096884284150425,0.0,0.0,0.28642062010292496,0.014721266888885908,0.0,0.0,0.3395593855296121,0.0,0.0,0.14571209084948958,0.014728523620898312,0.0,0.0
2022-08-31,1357669320.1532207,470727354.6132207,16032716.29,870909249.25,0.6414737641355208,Crisis,0.5,0.0,0.0,0.0,0.3427278221161299,0.0,0.0,0.2839340878355382,0.01481185418385275,0.0,0.0,0.3395593855296121,0.0,0.0,0.14571209084948958,0.014728523620898312,0.0,0.0
2022-09-01,1348925171.6138952,473857469.4238952,16032716.29,859034985.9,0.6368292355848207,Crisis,0.5,0.0,0.0,0.0,0.3386382325073476,0.0,0.0,0.28359371449960374,0.014597288577869376,0.0,0.0,0.3395593855296121,0.0,0.0,0.14571209084948958,0.014728523620898312,0.0,0.0
2022-09-02,1345969923.5876925,472872035.5476925,16032716.29,857065171.75,0.6367639846405235,Crisis,0.5,0.0,0.0,0.0,0.3382221725553591,0.0,0.0,0.2839866577264544,0.014555154358710024,0.0,0.0,0.3395593855296121,0.0,0.0,0.14571209084948958,0.014728523620898312,0.0,0.0
2022-09-05,1352380459.5480773,471444102.7080775,16032716.29,864903640.55,0.6395416574112756,Crisis,0.5,0.0,0.0,0.0,0.34106059969554203,0.0,0.0,0.28387869499999374,0.014602362715739873,0.0,0.0,0.3395593855296121,0.0,0.0,0.14571209084948958,0.014728523620898312,0.0,0.0
2022-09-06,1355558977.5040686,472799020.66406876,16032716.29,866727240.55,0.6393873338848501,Crisis,0.5,0.0,0.0,0.0,0.3414590203978128,0.0,0.0,0.2831797113739729,0.014748602113064457,0.0,0.0,0.3395593855296121,0.0,0.0,0.14571209084948958,0.014728523620898312,0.0,0.0
2022-09-07,1345546305.3024683,474282883.06246835,16032716.29,855230705.95,0.6356010956886028,Crisis,0.5,0.0,0.0,0.0,0.33750901337276107,0.0,0.0,0.28358288265242954,0.014509199663412124,0.0,0.0,0.3395593855296121,0.0,0.0,0.14571209084948958,0.014728523620898312,0.0,0.0
2022-09-08,1352966039.17004,476789637.80003995,11416255.87,864760145.5,0.6391587966468666,Crisis,0.5,4616460.42,0.0,0.0,0.34044139480585395,0.0,0.0,0.28410136608882863,0.01461603575218394,0.0,0.0,0.3395593855296121,0.0,0.0,0.14571209084948958,0.014728523620898312,0.0,0.0
2022-09-12,1357331398.7891326,477522422.9191328,11416255.87,868392720.0,0.6397794383705321,Crisis,1.0,0.0,0.0,0.0,0.34281187366261456,0.0,0.0,0.282004085620851,0.01496347908706657,0.0,0.0,0.6791187710592242,0.0,0.0,0.29142418169897916,0.029457047241796624,0.0,0.0
2022-09-13,1354838277.6290271,214026472.70902726,2909274.87,1137902530.05,0.8398807066783899,Crisis,1.0,8506981.0,0.0,0.0,0.5289791718198243,0.0,0.0,0.2877843846295286,0.023117150229037032,0.0,0.0,0.6791187710592242,0.0,0.0,0.29142418169897916,0.029457047241796624,0.0,0.0
2022-09-14,1340682208.292613,53555660.57261326,2909274.87,1284217272.85,0.9578834304704301,Crisis,1.0,0.0,0.0,0.0,0.6400163420850908,0.0,0.0,0.2903167488853925,0.02755033949994689,0.0,0.0,0.6791187710592242,0.0,0.0,0.29142418169897916,0.029457047241796624,0.0,0.0
2022-09-15,1345191973.411387,11443157.39138702,2909274.87,1330839541.15,0.9893305695060094,Crisis,1.0,0.0,0.0,0.0,0.6704118140572649,0.0,0.0,0.29005830224402757,0.028860453204716814,0.0,0.0,0.6791187710592242,0.0,0.0,0.29142418169897916,0.029457047241796624,0.0,0.0
2022-09-16,1350972680.8613868,12292957.39138702,2059474.8699999999,1336620248.6,0.9893762231725991,Crisis,1.0,849800.0,0.0,0.0,0.674215927163856,0.0,0.0,0.28675146839608634,0.02840882761265684,0.0,0.0,0.6791187710592242,0.0,0.0,0.29142418169897916,0.029457047241796624,0.0,0.0
2022-09-19,1340188031.411387,12292957.39138702,2059474.8699999999,1325835599.15,0.9892907324009811,Crisis,1.0,0.0,0.0,0.0,0.6723803138288074,0.0,0.0,0.2884002027633061,0.028510215808867544,0.0,0.0,0.6791187710592242,0.0,0.0,0.29142418169897916,0.029457047241796624,0.0,0.0
2022-09-20,1339973410.8613868,12292957.39138702,2059474.8699999999,1325620978.6,0.9892890171214961,Crisis,1.0,0.0,0.0,0.0,0.671963429499082,0.0,0.0,0.2885563227343753,0.02876926488803874,0.0,0.0,0.6791187710592242,0.0,0.0,0.29142418169897916,0.029457047241796624,0.0,0.0
2022-09-21,1341704790.461387,12292957.39138702,2059474.8699999999,1327352358.2,0.989302838922971,Crisis,1.0,0.0,0.0,0.0,0.672494400120402,0.0,0.0,0.28831774526717907,0.028490693535389976,0.0,0.0,0.6791187710592242,0.0,0.0,0.29142418169897916,0.029457047241796624,0.0,0.0
2022-09-22,1325011666.211387,12292957.39138702,2059474.8699999999,1310659233.95,0.9891680710235369,Crisis,1.0,0.0,0.0,0.0,0.6733737571542692,0.0,0.0,0.2872921119920692,0.02850220187719842,0.0,0.0,0.6791187710592242,0.0,0.0,0.29142418169897916,0.029457047241796624,0.0,0.0
2022-09-23,1326251332.961387,12292957.39138702,2059474.8699999999,1311898900.7,0.9891781957878683,Crisis,0.5,0.0,0.0,0.0,0.6748095767803134,0.0,0.0,0.286163030013746,0.02820558899380884,0.0,0.0,0.3395593855296121,0.0,0.0,0.14571209084948958,0.014728523620898312,0.0,0.0
2022-09-26,1315437743.7680836,199107104.19808355,2059474.8699999999,1114271164.7,0.8470725201393112,Crisis,0.5,0.0,0.0,0.0,0.5338438995132005,0.0,0.0,0.29072375474382284,0.02250486588228781,0.0,0.0,0.3395593855296121,0.0,0.0,0.14571209084948958,0.014728523620898312,0.0,0.0
2022-09-27,1317873537.8004484,351259565.18044853,2059474.8699999999,964554497.75,0.731902166697919,Crisis,0.5,0.0,0.0,0.0,0.42344062745305555,0.0,0.0,0.2904343922398089,0.01802714700505455,0.0,0.0,0.3395593855296121,0.0,0.0,0.14571209084948958,0.014728523620898312,0.0,0.0
2022-09-28,1316620546.61581,417276562.94581014,2059474.8699999999,897284508.8,0.6815057771248861,Crisis,0.5,0.0,0.0,0.0,0.3738969895808922,0.0,0.0,0.29234034133018455,0.015268446213809532,0.0,0.0,0.3395593855296121,0.0,0.0,0.14571209084948958,0.014728523620898312,0.0,0.0
2022-09-29,1315467762.5506752,451510507.1806752,2059474.8699999999,861897780.5,0.6552025104961837,Crisis,0.5,0.0,0.0,0.0,0.3485779686542001,0.0,0.0,0.29179225134011094,0.014832290501872616,0.0,0.0,0.3395593855296121,0.0,0.0,0.14571209084948958,0.014728523620898312,0.0,0.0
2022-09-30,1304123461.5098844,460293357.6398846,2059474.8699999999,841770629.0,0.6454685111066226,Crisis,0.5,0.0,0.0,0.0,0.34046111591761646,0.0,0.0,0.2902528872241526,0.014754507964853572,0.0,0.0,0.3395593855296121,0.0,0.0,0.14571209084948958,0.014728523620898312,0.0,0.0
2022-10-03,1290760731.0927842,461136571.0227843,2059474.8699999999,827564685.2,0.6411449196315161,Crisis,0.5,0.0,0.0,0.0,0.3380953376467649,0.0,0.0,0.2883224528258818,0.014727129158869302,0.0,0.0,0.3395593855296121,0.0,0.0,0.14571209084948958,0.014728523620898312,0.0,0.0
2022-10-04,1290973545.881845,459771122.76184523,2059474.8699999999,829142948.25,0.6422617650802632,Crisis,0.5,0.0,0.0,0.0,0.33857157619092215,0.0,0.0,0.2885908864581013,0.015099302431239794,0.0,0.0,0.3395593855296121,0.0,0.0,0.14571209084948958,0.014728523620898312,0.0,0.0
2022-10-05,1287913875.5600762,459186648.0400765,2059474.8699999999,826667752.65,0.6418657088312728,Crisis,0.5,0.0,0.0,0.0,0.33869609678698764,0.0,0.0,0.287930433111249,0.015239178933036108,0.0,0.0,0.3395593855296121,0.0,0.0,0.14571209084948958,0.014728523620898312,0.0,0.0
2022-10-06,1291225287.0248675,458819503.70486754,2059474.8699999999,830346308.45,0.6430684999696792,Crisis,0.5,0.0,0.0,0.0,0.34311100696517544,0.0,0.0,0.28498566725553376,0.01497182574896993,0.0,0.0,0.3395593855296121,0.0,0.0,0.14571209084948958,0.014728523620898312,0.0,0.0
2022-10-07,1284013397.2912369,462329837.42123693,2059474.8699999999,819624085.0,0.6383298544462888,Crisis,0.5,0.0,0.0,0.0,0.3386179504958716,0.0,0.0,0.28507233707389146,0.01463956687652568,0.0,0.0,0.3395593855296121,0.0,0.0,0.14571209084948958,0.014728523620898312,0.0,0.0
2022-10-11,1271050082.5303597,461493905.91036,2059474.8699999999,807496701.75,0.6352988862110495,Crisis,0.5,0.0,0.0,0.0,0.33516594476112976,0.0,0.0,0.28610996922799364,0.014022972221926012,0.0,0.0,0.3395593855296121,0.0,0.0,0.14571209084948958,0.014728523620898312,0.0,0.0
2022-10-12,1276211110.64695,456776620.6269502,2059474.8699999999,817375015.15,0.6404700666926868,Crisis,0.5,0.0,0.0,0.0,0.3387543891001253,0.0,0.0,0.2873476785624444,0.014367999030117064,0.0,0.0,0.3395593855296121,0.0,0.0,0.14571209084948958,0.014728523620898312,0.0,0.0
2022-10-13,1264114071.480257,455768956.660257,2059474.8699999999,806285639.95,0.6378266472469947,Crisis,0.5,0.0,0.0,0.0,0.33460258808344895,0.0,0.0,0.28865733578356023,0.014566723379985404,0.0,0.0,0.3395593855296121,0.0,0.0,0.14571209084948958,0.014728523620898312,0.0,0.0
2022-10-14,1259212518.5233588,451000752.4533589,2059474.8699999999,806152291.2,0.640203523504794,Crisis,0.5,0.0,0.0,0.0,0.3382665236679018,0.0,0.0,0.28681171342190753,0.015125286414984677,0.0,0.0,0.3395593855296121,0.0,0.0,0.14571209084948958,0.014728523620898312,0.0,0.0
2022-10-17,1253541182.055169,450132115.8851694,2059474.8699999999,801349591.3,0.639268659675141,Crisis,0.5,0.0,0.0,0.0,0.33557213542066683,0.0,0.0,0.2890254466199538,0.014671077634520515,0.0,0.0,0.3395593855296121,0.0,0.0,0.14571209084948958,0.014728523620898312,0.0,0.0
2022-10-18,1254209969.7450798,446370674.42507976,2059474.8699999999,805779820.45,0.6424600664064057,Crisis,0.5,0.0,0.0,0.0,0.33924727973297886,0.0,0.0,0.28838082037692153,0.014831966296505336,0.0,0.0,0.3395593855296121,0.0,0.0,0.14571209084948958,0.014728523620898312,0.0,0.0
2022-10-19,1244458843.4091938,446103913.33919376,2059474.8699999999,796295455.2,0.6398728727890667,Crisis,0.5,0.0,0.0,0.0,0.33755487971720305,0.0,0.0,0.28756941372172673,0.014748579350136832,0.0,0.0,0.3395593855296121,0.0,0.0,0.14571209084948958,0.014728523620898312,0.0,0.0
2022-10-20,1248181198.0502124,444297418.0802124,2059474.8699999999,801824305.1,0.6423941542722581,Crisis,0.5,0.0,0.0,0.0,0.33876892694788824,0.0,0.0,0.2890017094981818,0.01462351782618802,0.0,0.0,0.3395593855296121,0.0,0.0,0.14571209084948958,0.014728523620898312,0.0,0.0
2022-10-21,1256316807.036217,443598822.46621704,2059474.8699999999,810658509.7,0.6452659911574601,Crisis,0.5,0.0,0.0,0.0,0.34231907691703933,0.0,0.0,0.28846203280121585,0.01448488143920485,0.0,0.0,0.3395593855296121,0.0,0.0,0.14571209084948958,0.014728523620898312,0.0,0.0
2022-10-24,1260230403.3282886,445947100.25828874,2059474.8699999999,812223828.2,0.6445042319681417,Crisis,0.5,0.0,0.0,0.0,0.34338802417169556,0.0,0.0,0.2865636307823026,0.014552577014143465,0.0,0.0,0.3395593855296121,0.0,0.0,0.14571209084948958,0.014728523620898312,0.0,0.0
2022-10-25,1273638788.0792866,449423087.55928683,2059474.8699999999,822156225.65,0.6455175779389181,Crisis,1.0,0.0,0.0,0.0,0.3410596706975907,0.0,0.0,0.29026008273311654,0.014197824508210803,0.0,0.0,0.6791187710592242,0.0,0.0,0.29142418169897916,0.029457047241796624,0.0,0.0
2022-10-26,1273347615.9063082,193777096.98630822,2059474.8699999999,1077511044.05,0.8462033702266595,Crisis,1.0,0.0,0.0,0.0,0.5344460032350452,0.0,0.0,0.28876286051573735,0.022994506475876888,0.0,0.0,0.6791187710592242,0.0,0.0,0.29142418169897916,0.029457047241796624,0.0,0.0
2022-10-27,1265400111.6292138,46118527.409213975,2059474.8699999999,1217222109.35,0.9619266650631283,Crisis,1.0,0.0,0.0,0.0,0.6406318459275887,0.0,0.0,0.29289510613588554,0.02839971299965415,0.0,0.0,0.6791187710592242,0.0,0.0,0.29142418169897916,0.029457047241796624,0.0,0.0
2022-10-28,1262906608.7252874,8345347.905287601,2059474.8699999999,1252501785.95,0.9917612096544578,Crisis,1.0,0.0,0.0,0.0,0.6700246321492361,0.0,0.0,0.2928660737418423,0.0288705037633793,0.0,0.0,0.6791187710592242,0.0,0.0,0.29142418169897916,0.029457047241796624,0.0,0.0
2022-10-31,1271584472.7252874,8345347.905287601,2059474.8699999999,1261179649.95,0.9918174348629882,Crisis,1.0,0.0,0.0,0.0,0.6681266704438147,0.0,0.0,0.29463595068680914,0.02905481373236438,0.0,0.0,0.6791187710592242,0.0,0.0,0.29142418169897916,0.029457047241796624,0.0,0.0
2022-11-01,1275262324.1252873,8345347.905287601,2059474.8699999999,1264857501.35,0.9918410333478453,Crisis,1.0,0.0,0.0,0.0,0.671330506009594,0.0,0.0,0.2913786387086066,0.02913188862964491,0.0,0.0,0.6791187710592242,0.0,0.0,0.29142418169897916,0.029457047241796624,0.0,0.0
2022-11-02,1263942064.9252875,8345347.905287601,2059474.8699999999,1253537242.15,0.9917679590987405,Crisis,1.0,0.0,0.0,0.0,0.6706142359460939,0.0,0.0,0.291642876860649,0.029510846291997433,0.0,0.0,0.6791187710592242,0.0,0.0,0.29142418169897916,0.029457047241796624,0.0,0.0
2022-11-03,1255875572.9252875,8345347.905287601,2059474.8699999999,1245470750.15,0.9917150846790884,Crisis,1.0,0.0,0.0,0.0,0.6704001322271814,0.0,0.0,0.29200066304802325,0.0293142894038836,0.0,0.0,0.6791187710592242,0.0,0.0,0.29142418169897916,0.029457047241796624,0.0,0.0
2022-11-04,1275127302.2252874,8345347.905287601,2059474.8699999999,1264722479.45,0.9918401694033769,Crisis,1.0,0.0,0.0,0.0,0.6735637515965089,0.0,0.0,0.2893608342916734,0.028915583515194535,0.0,0.0,0.6791187710592242,0.0,0.0,0.29142418169897916,0.029457047241796624,0.0,0.0
2022-11-07,1273227814.3752873,8345347.905287601,2059474.8699999999,1262822991.6,0.9918279960131152,Crisis,0.5,0.0,0.0,0.0,0.6760760579381101,0.0,0.0,0.2862951907619551,0.02945674731305018,0.0,0.0,0.3395593855296121,0.0,0.0,0.14571209084948958,0.014728523620898312,0.0,0.0
2022-11-08,1281261592.307671,189918716.5376712,2059474.8699999999,1089283400.9,0.8501647184616684,Crisis,0.5,0.0,0.0,0.0,0.5393015017764401,0.0,0.0,0.28723275731473485,0.023630459370493323,0.0,0.0,0.3395593855296121,0.0,0.0,0.14571209084948958,0.014728523620898312,0.0,0.0
2022-11-09,1287729040.8979187,342028951.87791896,2059474.8699999999,943640614.15,0.7327943877789773,Crisis,0.5,0.0,0.0,0.0,0.42658920992179966,0.0,0.0,0.2872159346053914,0.018989243251786265,0.0,0.0,0.3395593855296121,0.0,0.0,0.14571209084948958,0.014728523620898312,0.0,0.0
2022-11-10,1281466396.234016,429470647.9640162,2059474.8699999999,849936273.4,0.6632528764685518,Crisis,0.5,0.0,0.0,0.0,0.36094334955587354,0.0,0.0,0.2865599918025009,0.015749535110177293,0.0,0.0,0.3395593855296121,0.0,0.0,0.14571209084948958,0.014728523620898312,0.0,0.0
2022-11-11,1298877834.3972335,451154804.0272337,2059474.8699999999,845663555.5,0.6510724358403149,Crisis,0.5,0.0,0.0,0.0,0.35007723086676185,0.0,0.0,0.28538634672445645,0.015608858249096611,0.0,0.0,0.3395593855296121,0.0,0.0,0.14571209084948958,0.014728523620898312,0.0,0.0
2022-11-14,1297468629.7279494,462110298.60794955,2059474.8699999999,833298856.25,0.6422497139100191,Crisis,0.5,0.0,0.0,0.0,0.3417682293736676,0.0,0.0,0.2853057804392678,0.015175704097083688,0.0,0.0,0.3395593855296121,0.0,0.0,0.14571209084948958,0.014728523620898312,0.0,0.0
2022-11-15,1297409818.3779511,464532080.1079513,2059474.8699999999,830818263.4,0.6403668691506484,Crisis,0.5,0.0,0.0,0.0,0.3415228227222503,0.0,0.0,0.28328442932511577,0.015559617103282337,0.0,0.0,0.3395593855296121,0.0,0.0,0.14571209084948958,0.014728523620898312,0.0,0.0
2022-11-16,1289452190.5510473,467152638.9810473,2059474.8699999999,820240076.7,0.6361151523962052,Crisis,1.0,0.0,0.0,0.0,0.3394164435929691,0.0,0.0,0.2816919484581855,0.015006760345050532,0.0,0.0,0.6791187710592242,0.0,0.0,0.29142418169897916,0.029457047241796624,0.0,0.0
2022-11-17,1283031357.9202893,209751572.75028938,2059474.8699999999,1071220310.3,0.8349135846814989,Crisis,1.0,0.0,0.0,0.0,0.5255488933590755,0.0,0.0,0.28633025820622504,0.02303443311619831,0.0,0.0,0.6791187710592242,0.0,0.0,0.29142418169897916,0.029457047241796624,0.0,0.0
2022-11-18,1278231484.6721268,51822801.50212689,2059474.8699999999,1224349208.3,0.9578462297179702,Crisis,1.0,0.0,0.0,0.0,0.6348734701274847,0.0,0.0,0.2951751732956101,0.027797586294875287,0.0,0.0,0.6791187710592242,0.0,0.0,0.29142418169897916,0.029457047241796624,0.0,0.0
2022-11-21,1279045116.6567957,7778783.836795898,2059474.8699999999,1269206857.95,0.992308122224405,Crisis,1.0,0.0,0.0,0.0,0.6712674531717726,0.0,0.0,0.2922008732396299,0.028839795813002538,0.0,0.0,0.6791187710592242,0.0,0.0,0.29142418169897916,0.029457047241796624,0.0,0.0
2022-11-22,1279868529.2567956,7778783.836795898,2059474.8699999999,1270030270.55,0.992313070849153,Crisis,1.0,0.0,0.0,0.0,0.6718216370624417,0.0,0.0,0.29142969881179265,0.029061734974918717,0.0,0.0,0.6791187710592242,0.0,0.0,0.29142418169897916,0.029457047241796624,0.0,0.0
2022-11-23,1285069504.2067957,7778783.836795898,2059474.8699999999,1275231245.5,0.9923441816379664,Crisis,1.0,0.0,0.0,0.0,0.672174417548856,0.0,0.0,0.2910239475574836,0.029145816531626893,0.0,0.0,0.6791187710592242,0.0,0.0,0.29142418169897916,0.029457047241796624,0.0,0.0
2022-11-24,1297805699.6067958,7778783.836795898,2059474.8699999999,1287967440.9,0.9924193130683765,Crisis,1.0,0.0,0.0,0.0,0.6717183790794897,0.0,0.0,0.2915665265722328,0.029134407416653952,0.0,0.0,0.6791187710592242,0.0,0.0,0.29142418169897916,0.029457047241796624,0.0,0.0
2022-11-25,1306529554.2067957,7778783.836795898,2059474.8699999999,1296691295.5,0.9924699302246028,Crisis,1.0,0.0,0.0,0.0,0.669826865134566,0.0,0.0,0.293703191607454,0.02893987348258282,0.0,0.0,0.6791187710592242,0.0,0.0,0.29142418169897916,0.029457047241796624,0.0,0.0
2022-11-28,1296191637.9067957,7778783.836795898,2059474.8699999999,1286353379.2,0.9924098733404241,Crisis,1.0,0.0,0.0,0.0,0.6716441101301104,0.0,0.0,0.2921824897833762,0.02858327342693757,0.0,0.0,0.6791187710592242,0.0,0.0,0.29142418169897916,0.029457047241796624,0.0,0.0
2022-11-29,1312876429.3567958,7778783.836795898,2059474.8699999999,1303038170.65,0.9925063330509973,Crisis,1.0,0.0,0.0,0.0,0.672457857349551,0.0,0.0,0.29156932932944696,0.02847914637199931,0.0,0.0,0.6791187710592242,0.0,0.0,0.29142418169897916,0.029457047241796624,0.0,0.0
2022-11-30,1323920064.5067956,7778783.836795898,2059474.8699999999,1314081805.8,0.9925688423564599,Crisis,1.0,0.0,0.0,0.0,0.6705143532443558,0.0,0.0,0.29358041351597397,0.028474075596130147,0.0,0.0,0.6791187710592242,0.0,0.0,0.29142418169897916,0.029457047241796624,0.0,0.0
2022-12-01,1317463672.1567957,7778783.836795898,2059474.8699999999,1307625413.45,0.9925324250567839,Crisis,1.0,0.0,0.0,0.0,0.6731355347340882,0.0,0.0,0.2902914198566862,0.02910547046600947,0.0,0.0,0.6791187710592242,0.0,0.0,0.29142418169897916,0.029457047241796624,0.0,0.0
2022-12-02,1307168580.8067956,7778783.836795898,2059474.8699999999,1297330322.1,0.9924736113985211,Crisis,1.0,0.0,0.0,0.0,0.6692726821509386,0.0,0.0,0.2941264850190172,0.029074444228565276,0.0,0.0,0.6791187710592242,0.0,0.0,0.29142418169897916,0.029457047241796624,0.0,0.0
2022-12-05,1304995863.7067957,7778783.836795898,2059474.8699999999,1295157605.0,0.9924610805440789,Crisis,1.0,0.0,0.0,0.0,0.6685067970422388,0.0,0.0,0.29479419107678867,0.029160092425051444,0.0,0.0,0.6791187710592242,0.0,0.0,0.29142418169897916,0.029457047241796624,0.0,0.0
2022-12-06,1297985835.4067957,7778783.836795898,2059474.8699999999,1288147576.7,0.9924203651238518,Crisis,1.0,0.0,0.0,0.0,0.6692387181773495,0.0,0.0,0.2944007473550272,0.028780899591475166,0.0,0.0,0.6791187710592242,0.0,0.0,0.29142418169897916,0.029457047241796624,0.0,0.0
2022-12-07,1310888925.8567958,7778783.836795898,2059474.8699999999,1301050667.15,0.992494971532111,Crisis,1.0,0.0,0.0,0.0,0.6694225954929336,0.0,0.0,0.2947477794485611,0.028324596590616254,0.0,0.0,0.6791187710592242,0.0,0.0,0.29142418169897916,0.029457047241796624,0.0,0.0
2022-12-08,1310907305.6567957,7778783.836795898,2059474.8699999999,1301069046.95,0.9924950767576457,Crisis,1.0,0.0,0.0,0.0,0.6716007631896563,0.0,0.0,0.29290377614275487,0.027990537425234604,0.0,0.0,0.6791187710592242,0.0,0.0,0.29142418169897916,0.029457047241796624,0.0,0.0
2022-12-09,1313774951.3067956,7778783.836795898,2059474.8699999999,1303936692.6,0.9925114581481328,Crisis,1.0,0.0,0.0,0.0,0.6705749654639828,0.0,0.0,0.2935754709102627,0.028361021773887485,0.0,0.0,0.6791187710592242,0.0,0.0,0.29142418169897916,0.029457047241796624,0.0,0.0
2022-12-12,1319462464.7567956,7778783.836795898,2059474.8699999999,1309624206.05,0.992543737340335,Crisis,1.0,0.0,0.0,0.0,0.6710202296002372,0.0,0.0,0.2935548455115726,0.027968662228525083,0.0,0.0,0.6791187710592242,0.0,0.0,0.29142418169897916,0.029457047241796624,0.0,0.0
2022-12-13,1303171174.8567958,7778783.836795898,2059474.8699999999,1293332916.15,0.9924505246151744,Crisis,1.0,0.0,0.0,0.0,0.6703608344053485,0.0,0.0,0.2938956964284351,0.028193993781390612,0.0,0.0,0.6791187710592242,0.0,0.0,0.29142418169897916,0.029457047241796624,0.0,0.0
2022-12-14,1317767088.0067956,7778783.836795898,2059474.8699999999,1307928829.3,0.9925341444657897,Crisis,1.0,0.0,0.0,0.0,0.6722902987659313,0.0,0.0,0.2920179169006652,0.02822592879919322,0.0,0.0,0.6791187710592242,0.0,0.0,0.29142418169897916,0.029457047241796624,0.0,0.0
2022-12-15,1317591143.2567956,7778783.836795898,2059474.8699999999,1307752884.55,0.9925331475115432,Crisis,1.0,0.0,0.0,0.0,0.6728707073414273,0.0,0.0,0.29140815188765096,0.02825428828246489,0.0,0.0,0.6791187710592242,0.0,0.0,0.29142418169897916,0.029457047241796624,0.0,0.0
2022-12-16,1305583021.0567956,7778783.836795898,2059474.8699999999,1295744762.35,0.992464471007878,Crisis,1.0,0.0,0.0,0.0,0.6731302017382541,0.0,0.0,0.2912916251715378,0.028042644098086277,0.0,0.0,0.6791187710592242,0.0,0.0,0.29142418169897916,0.029457047241796624,0.0,0.0
2022-12-19,1308503826.6067958,7778783.836795898,2059474.8699999999,1298665567.9,0.9924812916043905,Crisis,1.0,0.0,0.0,0.0,0.6732153548105069,0.0,0.0,0.2914468358789127,0.027819100914970873,0.0,0.0,0.6791187710592242,0.0,0.0,0.29142418169897916,0.029457047241796624,0.0,0.0
2022-12-20,1304912550.1567957,7778783.836795898,2059474.8699999999,1295074291.45,0.9924605992136304,Crisis,1.0,0.0,0.0,0.0,0.67367211032216,0.0,0.0,0.29140182608735693,0.027386662804113494,0.0,0.0,0.6791187710592242,0.0,0.0,0.29142418169897916,0.029457047241796624,0.0,0.0
2022-12-21,1305866018.0567956,7778783.836795898,2059474.8699999999,1296027759.35,0.9924661040483804,Crisis,1.0,0.0,0.0,0.0,0.6724698760878597,0.0,0.0,0.2925179112696585,0.02747831669086235,0.0,0.0,0.6791187710592242,0.0,0.0,0.29142418169897916,0.029457047241796624,0.0,0.0
2022-12-22,1314021412.7067957,7778783.836795898,2059474.8699999999,1304183154.0,0.9925128627192387,Crisis,1.0,0.0,0.0,0.0,0.6718924406120023,0.0,0.0,0.29285649098160227,0.02776393112563418,0.0,0.0,0.6791187710592242,0.0,0.0,0.29142418169897916,0.029457047241796624,0.0,0.0
2022-12-23,1306770601.9567957,7778783.836795898,2059474.8699999999,1296932343.25,0.9924713192261414,Crisis,1.0,0.0,0.0,0.0,0.6712898514371405,0.0,0.0,0.2937345693461587,0.027446898442842246,0.0,0.0,0.6791187710592242,0.0,0.0,0.29142418169897916,0.029457047241796624,0.0,0.0
2022-12-26,1312201461.6067958,7778783.836795898,2059474.8699999999,1302363202.9,0.9925024784725139,Crisis,1.0,0.0,0.0,0.0,0.6715166296347589,0.0,0.0,0.29355378062780013,0.027432068209954794,0.0,0.0,0.6791187710592242,0.0,0.0,0.29142418169897916,0.029457047241796624,0.0,0.0
2022-12-27,1314246507.7567956,7778783.836795898,2059474.8699999999,1304408249.05,0.9925141450643168,Crisis,1.0,0.0,0.0,0.0,0.6719771700648322,0.0,0.0,0.29302432818125834,0.027512646818226277,0.0,0.0,0.6791187710592242,0.0,0.0,0.29142418169897916,0.029457047241796624,0.0,0.0
2022-12-28,1306307631.2567956,7778783.836795898,2059474.8699999999,1296469372.55,0.9924686509736376,Crisis,1.0,0.0,0.0,0.0,0.6702441688315331,0.0,0.0,0.29494147533174775,0.027283006810356634,0.0,0.0,0.6791187710592242,0.0,0.0,0.29142418169897916,0.029457047241796624,0.0,0.0
2022-12-29,1298918582.6567957,7778783.836795898,2059474.8699999999,1289080323.95,0.9924258080235694,Crisis,1.0,0.0,0.0,0.0,0.6692762237428845,0.0,0.0,0.29583609406374334,0.027313490216941568,0.0,0.0,0.6791187710592242,0.0,0.0,0.29142418169897916,0.029457047241796624,0.0,0.0
2022-12-30,1310167144.0067956,7778783.836795898,2059474.8699999999,1300328885.3,0.9924908369502322,Crisis,1.0,0.0,0.0,0.0,0.6716370421325691,0.0,0.0,0.29360169941645614,0.02725209540120692,0.0,0.0,0.6791187710592242,0.0,0.0,0.29142418169897916,0.029457047241796624,0.0,0.0
2023-01-03,1309354137.5067956,7778783.836795898,2059474.8699999999,1299515878.8,0.9924861743473548,Crisis,1.0,0.0,0.0,0.0,0.6702634937795391,0.0,0.0,0.2948175661131987,0.027405114454616953,0.0,0.0,0.6791187710592242,0.0,0.0,0.29142418169897916,0.029457047241796624,0.0,0.0
2023-01-04,1310416786.5567956,7778783.836795898,2059474.8699999999,1300578527.85,0.992492267492508,Crisis,1.0,0.0,0.0,0.0,0.6691935244161288,0.0,0.0,0.2959776644949059,0.027321078581473347,0.0,0.0,0.6791187710592242,0.0,0.0,0.29142418169897916,0.029457047241796624,0.0,0.0
2023-01-05,1320188676.5567956,7778783.836795898,2059474.8699999999,1310350417.85,0.992547838894926,Crisis,1.0,0.0,0.0,0.0,0.6709958459576975,0.0,0.0,0.29423680637309924,0.027315186564129432,0.0,0.0,0.6791187710592242,0.0,0.0,0.29142418169897916,0.029457047241796624,0.0,0.0
2023-01-06,1321923475.1567957,7778783.836795898,2059474.8699999999,1312085216.45,0.9925576185825516,Crisis,1.0,0.0,0.0,0.0,0.6705257400356435,0.0,0.0,0.2946299897986177,0.027401888748290443,0.0,0.0,0.6791187710592242,0.0,0.0,0.29142418169897916,0.029457047241796624,0.0,0.0
2023-01-09,1348795690.8067956,7778783.836795898,2059474.8699999999,1338957432.1,0.9927058940254244,Crisis,1.0,0.0,0.0,0.0,0.6718555955334865,0.0,0.0,0.2930334836431616,0.02781681484877633,0.0,0.0,0.6791187710592242,0.0,0.0,0.29142418169897916,0.029457047241796624,0.0,0.0
2023-01-10,1351368054.4567957,7778783.836795898,2059474.8699999999,1341529795.75,0.9927197785426781,Crisis,1.0,0.0,0.0,0.0,0.6723302306529754,0.0,0.0,0.2925177923929073,0.027871755496795474,0.0,0.0,0.6791187710592242,0.0,0.0,0.29142418169897916,0.029457047241796624,0.0,0.0
2023-01-11,1333688130.2567956,7778783.836795898,2059474.8699999999,1323849871.55,0.9926232689010276,Crisis,1.0,0.0,0.0,0.0,0.673699458791012,0.0,0.0,0.2906582815019582,0.02826552860805737,0.0,0.0,0.6791187710592242,0.0,0.0,0.29142418169897916,0.029457047241796624,0.0,0.0
2023-01-12,1321261106.1067958,7778783.836795898,2059474.8699999999,1311422847.4,0.9925538875992612,Crisis,1.0,0.0,0.0,0.0,0.6724867956025198,0.0,0.0,0.2916583241714315,0.02840876782530982,0.0,0.0,0.6791187710592242,0.0,0.0,0.29142418169897916,0.029457047241796624,0.0,0.0
2023-01-13,1323675043.1567957,7778783.836795898,2059474.8699999999,1313836784.45,0.9925674667980952,Crisis,1.0,0.0,0.0,0.0,0.6713684669393079,0.0,0.0,0.2925115964085873,0.02868740345020008,0.0,0.0,0.6791187710592242,0.0,0.0,0.29142418169897916,0.029457047241796624,0.0,0.0
2023-01-16,1338561827.0067956,7778783.836795898,2059474.8699999999,1328723568.3,0.9926501275411421,Crisis,1.0,0.0,0.0,0.0,0.6724788875183051,0.0,0.0,0.29158503710865086,0.028586202914186152,0.0,0.0,0.6791187710592242,0.0,0.0,0.29142418169897916,0.029457047241796624,0.0,0.0
2023-01-17,1334454870.2567956,7778783.836795898,2059474.8699999999,1324616611.55,0.9926275073619368,Crisis,1.0,0.0,0.0,0.0,0.673375272239128,0.0,0.0,0.2905780544870587,0.028674180635750234,0.0,0.0,0.6791187710592242,0.0,0.0,0.29142418169897916,0.029457047241796624,0.0,0.0
2023-01-30,1352126077.3067956,7778783.836795898,2901874.87,1341445418.6,0.9921008411226935,Crisis,1.0,0.0,0.0,0.0,0.6733077143319026,0.0,0.0,0.28987067595107774,0.028922450839713166,0.0,0.0,0.6791187710592242,0.0,0.0,0.29142418169897916,0.029457047241796624,0.0,0.0
2023-01-31,1317999978.2067957,7778783.836795898,2901874.87,1307319319.5,0.9918963134420327,Crisis,1.0,0.0,0.0,0.0,0.6710897072270069,0.0,0.0,0.2917252703775633,0.02908133583746244,0.0,0.0,0.6791187710592242,0.0,0.0,0.29142418169897916,0.029457047241796624,0.0,0.0
2023-02-01,1326231532.3067956,7778783.836795898,2901874.87,1315550873.6,0.9919466107941061,Crisis,1.0,0.0,0.0,0.0,0.6725296087996127,0.0,0.0,0.2903451551406209,0.029071846853872634,0.0,0.0,0.6791187710592242,0.0,0.0,0.29142418169897916,0.029457047241796624,0.0,0.0
2023-02-02,1325360626.1567957,7778783.836795898,2901874.87,1314679967.45,0.9919413188410713,Crisis,1.0,0.0,0.0,0.0,0.6720283897619189,0.0,0.0,0.29033305532533377,0.029579873753818608,0.0,0.0,0.6791187710592242,0.0,0.0,0.29142418169897916,0.029457047241796624,0.0,0.0
2023-02-03,1326554431.7067957,7778783.836795898,2901874.87,1315873773.0,0.9919485710864849,Crisis,1.0,0.0,0.0,0.0,0.6706942826727901,0.0,0.0,0.2917010344627366,0.029553253950958223,0.0,0.0,0.6791187710592242,0.0,0.0,0.29142418169897916,0.029457047241796624,0.0,0.0
2023-02-06,1317559206.1067958,7778783.836795898,2901874.87,1306878547.4,0.9918936024602981,Crisis,1.0,0.0,0.0,0.0,0.6699641604784556,0.0,0.0,0.29260476357580173,0.02932467840604064,0.0,0.0,0.6791187710592242,0.0,0.0,0.29142418169897916,0.029457047241796624,0.0,0.0
2023-02-07,1320654355.8567958,7778783.836795898,2901874.87,1309973697.15,0.9919126010076524,Crisis,1.0,0.0,0.0,0.0,0.6697742624535095,0.0,0.0,0.2929437201219899,0.02919461843215303,0.0,0.0,0.6791187710592242,0.0,0.0,0.29142418169897916,0.029457047241796624,0.0,0.0
2023-02-08,1320450178.8567958,7778783.836795898,2901874.87,1309769520.15,0.9919113504789384,Bull,1.0,0.0,0.0,0.0,0.6692831235140786,0.0,0.0,0.29297515816532393,0.029653068799535862,0.0,0.0,0.7093390782944182,0.0,0.0,0.22618498134100606,0.0644759403645758,0.0,0.0
2023-02-09,1321098978.6449523,10466916.824952418,2901874.87,1307730186.95,0.9898805525467406,Bull,1.0,0.0,0.0,0.0,0.6909168818571227,0.0,0.0,0.24323120764924813,0.055732463040369724,0.0,0.0,0.7320043087208137,0.0,0.0,0.17724039501741948,0.0907552962617669,0.0,0.0
2023-02-10,1329971714.521847,9760646.351847177,2901874.87,1317309193.3,0.9904791048684825,Crisis,1.0,0.0,0.0,0.0,0.7157158177925773,0.0,0.0,0.19324576394649193,0.08151752312941321,0.0,0.0,0.6990032315406103,0.0,0.0,0.20657848444109828,0.09441828401829147,0.0,0.0
2023-02-13,1340805711.5031593,218474.38315930963,2901874.87,1337685362.25,0.9976727804585043,Crisis,1.0,0.0,0.0,0.0,0.7044208971866202,0.0,0.0,0.20301397709205582,0.09023790617982828,0.0,0.0,0.6990032315406103,0.0,0.0,0.20657848444109828,0.09441828401829147,0.0,0.0
2023-02-14,1345873816.0031593,218474.38315930963,2901874.87,1342753466.75,0.9976815439783012,Bull,1.0,0.0,0.0,0.0,0.7046315601608925,0.0,0.0,0.20248183504252104,0.09056814877488772,0.0,0.0,0.7242524236554577,0.0,0.0,0.16245728031949866,0.11329029602504365,0.0,0.0
2023-02-15,1333679900.2941594,2985525.6741595687,2901874.87,1327792499.75,0.9955855970065525,Crisis,1.0,0.0,0.0,0.0,0.7163993395561141,0.0,0.0,0.1731401964962276,0.10604606095421064,0.0,0.0,0.6931893177415933,0.0,0.0,0.19931242491861512,0.10749825733979163,0.0,0.0
2023-02-16,1337863295.1962538,2387763.6262539458,2901874.87,1332573656.7,0.996046204036506,Crisis,1.0,0.0,0.0,0.0,0.7017454324900063,0.0,0.0,0.18621753126387558,0.10808324028262413,0.0,0.0,0.669891988306195,0.0,0.0,0.22728993440347212,0.10281807729033296,0.0,0.0
2023-02-17,1336187296.0848436,3104224.614843946,2901874.87,1330181196.6,0.9955050467083154,Crisis,1.0,0.0,0.0,0.0,0.679088514955005,0.0,0.0,0.21341356921709068,0.10300296253621981,0.0,0.0,0.669891988306195,0.0,0.0,0.22728993440347212,0.10281807729033296,0.0,0.0
2023-02-20,1347675386.7348437,3104224.614843946,2901874.87,1341669287.25,0.9955433633766991,Crisis,1.0,0.0,0.0,0.0,0.6798950223985046,0.0,0.0,0.2133084144962277,0.10233992648196674,0.0,0.0,0.669891988306195,0.0,0.0,0.22728993440347212,0.10281807729033296,0.0,0.0
2023-02-21,1342318908.8848438,3104224.614843946,2901874.87,1336312809.4,0.995525579320168,Crisis,1.0,0.0,0.0,0.0,0.679349559455719,0.0,0.0,0.21347088095335956,0.10270513891108952,0.0,0.0,0.669891988306195,0.0,0.0,0.22728993440347212,0.10281807729033296,0.0,0.0
2023-02-22,1346227294.0348437,3104224.614843946,2901874.87,1340221194.55,0.9955385695183444,Crisis,1.0,0.0,0.0,0.0,0.6803066975451588,0.0,0.0,0.21394410979201658,0.10128776218116906,0.0,0.0,0.6649189912296463,0.0,0.0,0.2579674508026041,0.07711355796774971,0.0,0.0
2023-02-23,1352327697.2352355,2191819.06523571,2901874.87,1347234003.3,0.9962333878499647,Bull,1.0,0.0,0.0,0.0,0.6764839655139201,0.0,0.0,0.23569523914332438,0.08405418319272025,0.0,0.0,0.6986892434222347,0.0,0.0,0.20657065452057136,0.09474010205719396,0.0,0.0
2023-02-24,1342730289.448022,3745997.9280219637,2901874.87,1336082416.65,0.9950489887282169,Crisis,1.0,0.0,0.0,0.0,0.6883538890226095,0.0,0.0,0.2145026460365326,0.09219245366907469,0.0,0.0,0.674016932566676,0.0,0.0,0.23628149117394015,0.08970157625938387,0.0,0.0
2023-03-01,1337471021.2618694,280103.7418694636,2901874.87,1334289042.65,0.9976208990241394,Bull,1.0,0.0,0.0,0.0,0.6819788078768478,0.0,0.0,0.2245325657348966,0.09110952541239487,0.0,0.0,0.7055126994250069,0.0,0.0,0.2029974768634529,0.09148982371154009,0.0,0.0
2023-03-02,1331662895.5467675,3537579.6767674694,2901874.87,1325223441.0,0.9951643508516294,Bull,1.0,0.0,0.0,0.0,0.691280010938527,0.0,0.0,0.2121854569537915,0.09169888295931083,0.0,0.0,0.7055126994250069,0.0,0.0,0.2029974768634529,0.09148982371154009,0.0,0.0
2023-03-03,1333896883.2967675,3537579.6767674694,2901874.87,1327457428.75,0.9951724495143491,Bull,1.0,0.0,0.0,0.0,0.6903029314186804,0.0,0.0,0.21324744330834086,0.09162207478732788,0.0,0.0,0.7055126994250069,0.0,0.0,0.2029974768634529,0.09148982371154009,0.0,0.0
2023-03-06,1341690566.8214626,2405005.6014628424,2901874.87,1336383686.35,0.9960446315993449,Bull,1.0,0.0,0.0,0.0,0.6983241959952432,0.0,0.0,0.2058426934119979,0.09187774219210383,0.0,0.0,0.7055126994250069,0.0,0.0,0.2029974768634529,0.09148982371154009,0.0,0.0
2023-03-07,1349621246.6714628,3247405.6014628424,2059474.8699999999,1344314366.2,0.9960678742391238,Bull,1.0,842400.0,0.0,0.0,0.6989977881028772,0.0,0.0,0.2051258459977338,0.09194424013851281,0.0,0.0,0.7055126994250069,0.0,0.0,0.2029974768634529,0.09148982371154009,0.0,0.0
2023-03-08,1350033312.0714626,3247405.6014628424,2059474.8699999999,1344726431.6,0.9960690744265266,Bull,1.0,0.0,0.0,0.0,0.6989963308031676,0.0,0.0,0.20591432634610785,0.09115841727725128,0.0,0.0,0.7055126994250069,0.0,0.0,0.2029974768634529,0.09148982371154009,0.0,0.0
2023-03-09,1344193617.4214628,3247405.6014628424,2059474.8699999999,1338886736.95,0.9960519969722496,Bull,1.0,0.0,0.0,0.0,0.6983396772487991,0.0,0.0,0.20623398028907622,0.09147833943437426,0.0,0.0,0.7055126994250069,0.0,0.0,0.2029974768634529,0.09148982371154009,0.0,0.0
2023-03-10,1330102870.1214628,3247405.6014628424,2059474.8699999999,1324795989.65,0.9960101729041618,Bull,1.0,0.0,0.0,0.0,0.6982471134470892,0.0,0.0,0.2067769389708063,0.09098612048626628,0.0,0.0,0.7055126994250069,0.0,0.0,0.2029974768634529,0.09148982371154009,0.0,0.0
2023-03-13,1329708738.2214627,3247405.6014628424,2059474.8699999999,1324401857.75,0.9960089903007173,Bull,1.0,0.0,0.0,0.0,0.6961069226243125,0.0,0.0,0.2085043077710632,0.09139775990534162,0.0,0.0,0.7055126994250069,0.0,0.0,0.2029974768634529,0.09148982371154009,0.0,0.0
2023-03-14,1315464413.3214626,3247405.6014628424,2059474.8699999999,1310157532.85,0.9959657742028435,Bull,1.0,0.0,0.0,0.0,0.6956066797273279,0.0,0.0,0.2089826202944343,0.09137647418108139,0.0,0.0,0.7055126994250069,0.0,0.0,0.2029974768634529,0.09148982371154009,0.0,0.0
2023-03-15,1312820176.0214627,3247405.6014628424,2059474.8699999999,1307513295.55,0.9959576486038283,Bull,1.0,0.0,0.0,0.0,0.6933187897129938,0.0,0.0,0.21100041350634405,0.0916384453844905,0.0,0.0,0.7055126994250069,0.0,0.0,0.2029974768634529,0.09148982371154009,0.0,0.0
2023-03-16,1305192072.1714628,3247405.6014628424,2059474.8699999999,1299885191.7,0.9959340233636007,Bull,1.0,0.0,0.0,0.0,0.691388387150311,0.0,0.0,0.21280270231637774,0.09174293389691192,0.0,0.0,0.7055126994250069,0.0,0.0,0.2029974768634529,0.09148982371154009,0.0,0.0
2023-03-17,1307925876.0714626,3247405.6014628424,2059474.8699999999,1302618995.6,0.9959425219971925,Bull,1.0,0.0,0.0,0.0,0.6909950801757971,0.0,0.0,0.2119101740172746,0.09303726780412082,0.0,0.0,0.7055126994250069,0.0,0.0,0.2029974768634529,0.09148982371154009,0.0,0.0
2023-03-20,1305043895.5214627,3247405.6014628424,2059474.8699999999,1299737015.05,0.9959335617064878,Bull,1.0,0.0,0.0,0.0,0.6895853221016807,0.0,0.0,0.2137718133140081,0.0925764262907991,0.0,0.0,0.7055126994250069,0.0,0.0,0.2029974768634529,0.09148982371154009,0.0,0.0
2023-03-21,1311485831.061595,1084431.4415950924,2059474.8699999999,1308341924.75,0.9976027904860778,Bull,1.0,0.0,0.0,0.0,0.7006090367032307,0.0,0.0,0.2052572689878776,0.09173648479496954,0.0,0.0,0.7055126994250069,0.0,0.0,0.2029974768634529,0.09148982371154009,0.0,0.0
2023-03-22,1330111601.761595,1084431.4415950924,2059474.8699999999,1326967695.45,0.9976363590036872,Bull,1.0,0.0,0.0,0.0,0.7015846596737386,0.0,0.0,0.2038845459590293,0.09216715337091926,0.0,0.0,0.7055126994250069,0.0,0.0,0.2029974768634529,0.09148982371154009,0.0,0.0
2023-03-23,1338839115.011595,1084431.4415950924,2059474.8699999999,1335695208.7,0.9976517669103447,Bull,1.0,0.0,0.0,0.0,0.7019759119390986,0.0,0.0,0.20339000926010567,0.09228584571114054,0.0,0.0,0.7055126994250069,0.0,0.0,0.2029974768634529,0.09148982371154009,0.0,0.0
2023-03-24,1339316990.211595,1084431.4415950924,2059474.8699999999,1336173083.9,0.9976526047720052,Bull,1.0,0.0,0.0,0.0,0.7014107121508142,0.0,0.0,0.2037239891632324,0.09251790345795857,0.0,0.0,0.7055126994250069,0.0,0.0,0.2029974768634529,0.09148982371154009,0.0,0.0
2023-03-27,1339368040.961595,1084431.4415950924,2059474.8699999999,1336224134.65,0.9976526942442663,Bull,1.0,0.0,0.0,0.0,0.7015101942968799,0.0,0.0,0.2041959279569238,0.09194657199046248,0.0,0.0,0.7055126994250069,0.0,0.0,0.2029974768634529,0.09148982371154009,0.0,0.0
2023-03-28,1334723866.4115949,1084431.4415950924,2059474.8699999999,1331579960.1,0.9976445267888651,Bull,1.0,0.0,0.0,0.0,0.7021953257041558,0.0,0.0,0.2039803938862383,0.09146880719847104,0.0,0.0,0.7055126994250069,0.0,0.0,0.2029974768634529,0.09148982371154009,0.0,0.0
2023-03-29,1340727438.511595,1084431.4415950924,2059474.8699999999,1337583532.2,0.9976550742370983,Bull,1.0,0.0,0.0,0.0,0.7024557006497447,0.0,0.0,0.20398888852727448,0.09121048506007913,0.0,0.0,0.7055126994250069,0.0,0.0,0.2029974768634529,0.09148982371154009,0.0,0.0
2023-03-30,1338870351.611595,1084431.4415950924,2059474.8699999999,1335726445.3,0.9976518216959464,Bull,1.0,0.0,0.0,0.0,0.701145293246682,0.0,0.0,0.20471511649360385,0.09179141195566055,0.0,0.0,0.7055126994250069,0.0,0.0,0.2029974768634529,0.09148982371154009,0.0,0.0
2023-03-31,1341693733.461595,1084431.4415950924,2059474.8699999999,1338549827.15,0.9976567630650822,Bull,1.0,0.0,0.0,0.0,0.7019507534853955,0.0,0.0,0.20380545364440814,0.09190055593527853,0.0,0.0,0.7055126994250069,0.0,0.0,0.2029974768634529,0.09148982371154009,0.0,0.0
2023-04-06,1347252509.811595,1084431.4415950924,2059474.8699999999,1344108603.5,0.9976664312824071,Bull,1.0,0.0,0.0,0.0,0.7022377739955409,0.0,0.0,0.20435886962162886,0.09106978766523731,0.0,0.0,0.7055126994250069,0.0,0.0,0.2029974768634529,0.09148982371154009,0.0,0.0
2023-04-07,1344970558.361595,1084431.4415950924,2059474.8699999999,1341826652.05,0.9976624720206331,Bull,1.0,0.0,0.0,0.0,0.7012548685072627,0.0,0.0,0.20518330180860864,0.09122430170476174,0.0,0.0,0.7055126994250069,0.0,0.0,0.2029974768634529,0.09148982371154009,0.0,0.0
2023-04-10,1351495964.811595,1084431.4415950924,2059474.8699999999,1348352058.5,0.9976737582697606,Bull,1.0,0.0,0.0,0.0,0.6999536684757137,0.0,0.0,0.20693624493284213,0.0907838448612047,0.0,0.0,0.7055126994250069,0.0,0.0,0.2029974768634529,0.09148982371154009,0.0,0.0
2023-04-11,1357621862.9115949,1084431.4415950924,2059474.8699999999,1354477956.6,0.9976842548006317,Bull,1.0,0.0,0.0,0.0,0.7000720027899919,0.0,0.0,0.20735007861193439,0.09026217339870553,0.0,0.0,0.7055126994250069,0.0,0.0,0.2029974768634529,0.09148982371154009,0.0,0.0
2023-04-12,1357230740.511595,1084431.4415950924,2059474.8699999999,1354086834.2,0.9976835874566105,Bull,1.0,0.0,0.0,0.0,0.7002097033565392,0.0,0.0,0.2074098320922868,0.09006405200778438,0.0,0.0,0.7055126994250069,0.0,0.0,0.2029974768634529,0.09148982371154009,0.0,0.0
2023-04-13,1360037965.111595,1084431.4415950924,2059474.8699999999,1356894058.8,0.9976883687130477,Bull,1.0,0.0,0.0,0.0,0.701102898051644,0.0,0.0,0.20749016368586826,0.08909530697553536,0.0,0.0,0.7055126994250069,0.0,0.0,0.2029974768634529,0.09148982371154009,0.0,0.0
2023-04-14,1367398065.261595,1084431.4415950924,2059474.8699999999,1364254158.95,0.9977008112038,Bull,1.0,0.0,0.0,0.0,0.7000869631674232,0.0,0.0,0.2081453142509385,0.08946853378543831,0.0,0.0,0.7055126994250069,0.0,0.0,0.2029974768634529,0.09148982371154009,0.0,0.0
2023-04-17,1365648750.861595,1084431.4415950924,2059474.8699999999,1362504844.55,0.9976978660804168,Bull,1.0,0.0,0.0,0.0,0.6989845990396567,0.0,0.0,0.2093528806873822,0.08936038635337787,0.0,0.0,0.7055126994250069,0.0,0.0,0.2029974768634529,0.09148982371154009,0.0,0.0
2023-04-18,1372185233.611595,1084431.4415950924,2059474.8699999999,1369041327.3,0.9977088324268581,Bull,1.0,0.0,0.0,0.0,0.7002458587686413,0.0,0.0,0.20882384752517183,0.08863912613304502,0.0,0.0,0.7055126994250069,0.0,0.0,0.2029974768634529,0.09148982371154009,0.0,0.0
2023-04-19,1367204170.261595,1084431.4415950924,2059474.8699999999,1364060263.95,0.9977004851360325,Bull,1.0,0.0,0.0,0.0,0.7020992802898885,0.0,0.0,0.20730663800255203,0.0882945668435919,0.0,0.0,0.7055126994250069,0.0,0.0,0.2029974768634529,0.09148982371154009,0.0,0.0
2023-04-20,1363134103.561595,1084431.4415950924,2059474.8699999999,1359990197.25,0.9976936192093055,Bull,1.0,0.0,0.0,0.0,0.70172083197886,0.0,0.0,0.2075261702138299,0.08844661701661559,0.0,0.0,0.7055126994250069,0.0,0.0,0.2029974768634529,0.09148982371154009,0.0,0.0
2023-04-21,1365840886.761595,1084431.4415950924,2059474.8699999999,1362696980.45,0.9976981899267571,Bull,1.0,0.0,0.0,0.0,0.7020283912597259,0.0,0.0,0.2076211824880726,0.0880486161789585,0.0,0.0,0.7055126994250069,0.0,0.0,0.2029974768634529,0.09148982371154009,0.0,0.0
2023-04-24,1368528626.461595,1084431.4415950924,2059474.8699999999,1365384720.15,0.9977027105967643,Bull,1.0,0.0,0.0,0.0,0.7025133428416304,0.0,0.0,0.20764709959684186,0.08754226815829201,0.0,0.0,0.7055126994250069,0.0,0.0,0.2029974768634529,0.09148982371154009,0.0,0.0
2023-04-25,1365300548.511595,1084431.4415950924,2059474.8699999999,1362156642.2,0.9976972789507612,Bull,1.0,0.0,0.0,0.0,0.7029611489179367,0.0,0.0,0.20813805451832104,0.08659807551450338,0.0,0.0,0.7055126994250069,0.0,0.0,0.2029974768634529,0.09148982371154009,0.0,0.0
2023-04-26,1371603132.861595,1084431.4415950924,2059474.8699999999,1368459226.55,0.9977078600680681,Bull,1.0,0.0,0.0,0.0,0.702893427006545,0.0,0.0,0.20898392044495603,0.08583051261656705,0.0,0.0,0.7055126994250069,0.0,0.0,0.2029974768634529,0.09148982371154009,0.0,0.0
2023-04-27,1367859327.261595,1084431.4415950924,2059474.8699999999,1364715420.95,0.9977015865236019,Bull,1.0,0.0,0.0,0.0,0.7030579839487278,0.0,0.0,0.2086523038676605,0.08599129870721356,0.0,0.0,0.7055126994250069,0.0,0.0,0.2029974768634529,0.09148982371154009,0.0,0.0
2023-04-28,1368487626.6615949,1084431.4415950924,2059474.8699999999,1365343720.35,0.9977026417701237,Bull,1.0,0.0,0.0,0.0,0.7016874699061161,0.0,0.0,0.20902600390901122,0.08698916795499648,0.0,0.0,0.7055126994250069,0.0,0.0,0.2029974768634529,0.09148982371154009,0.0,0.0
2023-05-02,1371733998.9115949,1084431.4415950924,2059474.8699999999,1368590092.6,0.9977080787426065,Bull,1.0,0.0,0.0,0.0,0.7040095188762892,0.0,0.0,0.20669349904935377,0.0870050608169636,0.0,0.0,0.7055126994250069,0.0,0.0,0.2029974768634529,0.09148982371154009,0.0,0.0
2023-05-03,1365588120.711595,1084431.4415950924,2059474.8699999999,1362444214.4,0.9976977638689792,Bull,1.0,0.0,0.0,0.0,0.7030486717325236,0.0,0.0,0.20762373053762065,0.08702536159883492,0.0,0.0,0.7055126994250069,0.0,0.0,0.2029974768634529,0.09148982371154009,0.0,0.0
2023-05-04,1372728820.861595,1084431.4415950924,2059474.8699999999,1369584914.55,0.9977097397069133,Bull,1.0,0.0,0.0,0.0,0.7021386160924639,0.0,0.0,0.20877685063836493,0.0867942729760846,0.0,0.0,0.7055126994250069,0.0,0.0,0.2029974768634529,0.09148982371154009,0.0,0.0
2023-05-05,1374373624.061595,1084431.4415950924,2059474.8699999999,1371229717.75,0.9977124806118558,Bull,1.0,0.0,0.0,0.0,0.7022737491844819,0.0,0.0,0.20852699366642952,0.08691173776094431,0.0,0.0,0.7055126994250069,0.0,0.0,0.2029974768634529,0.09148982371154009,0.0,0.0
2023-05-08,1380818985.811595,1084431.4415950924,2059474.8699999999,1377675079.5,0.9977231582532543,Bull,1.0,0.0,0.0,0.0,0.7035425276463797,0.0,0.0,0.20712381777680972,0.08705681283006485,0.0,0.0,0.7055126994250069,0.0,0.0,0.2029974768634529,0.09148982371154009,0.0,0.0
2023-05-09,1384772910.761595,1084431.4415950924,2059474.8699999999,1381629004.45,0.9977296592913087,Bull,1.0,0.0,0.0,0.0,0.7045613016168909,0.0,0.0,0.20610382957522785,0.08706452809918999,0.0,0.0,0.7055126994250069,0.0,0.0,0.2029974768634529,0.09148982371154009,0.0,0.0
2023-05-10,1384313164.611595,1084431.4415950924,2059474.8699999999,1381169258.3,0.9977289052853319,Bull,1.0,0.0,0.0,0.0,0.7057330546835551,0.0,0.0,0.20570814991844572,0.08628770068333098,0.0,0.0,0.7055126994250069,0.0,0.0,0.2029974768634529,0.09148982371154009,0.0,0.0
2023-05-11,1383091678.211595,1084431.4415950924,2059474.8699999999,1379947771.9,0.9977268995532819,Bull,1.0,0.0,0.0,0.0,0.7056564559494707,0.0,0.0,0.20588982240730014,0.08618062119651089,0.0,0.0,0.7055126994250069,0.0,0.0,0.2029974768634529,0.09148982371154009,0.0,0.0
2023-05-12,1371950388.4115949,1084431.4415950924,2059474.8699999999,1368806482.1,0.9977084402335897,Bull,1.0,0.0,0.0,0.0,0.7048940619636089,0.0,0.0,0.20619258712956623,0.0866217911404147,0.0,0.0,0.7055126994250069,0.0,0.0,0.2029974768634529,0.09148982371154009,0.0,0.0
2023-05-15,1378152932.361595,1084431.4415950924,2059474.8699999999,1375009026.05,0.9977187536754665,Bull,1.0,0.0,0.0,0.0,0.7053253693581794,0.0,0.0,0.2061614450241964,0.08623193929309071,0.0,0.0,0.7055126994250069,0.0,0.0,0.2029974768634529,0.09148982371154009,0.0,0.0
2023-05-16,1388111191.461595,1084431.4415950924,2059474.8699999999,1384967285.15,0.9977351192534623,Bull,1.0,0.0,0.0,0.0,0.7059538106008506,0.0,0.0,0.20514530950518498,0.08663599914742655,0.0,0.0,0.7055126994250069,0.0,0.0,0.2029974768634529,0.09148982371154009,0.0,0.0
2023-05-17,1405238086.461595,1084431.4415950924,2059474.8699999999,1402094180.15,0.9977627233834009,Bull,1.0,0.0,0.0,0.0,0.70637138981155,0.0,0.0,0.204404152411827,0.08698718116002382,0.0,0.0,0.7055126994250069,0.0,0.0,0.2029974768634529,0.09148982371154009,0.0,0.0
2023-05-18,1412116372.011595,1084431.4415950924,2059474.8699999999,1408972465.7,0.9977736209466105,Bull,1.0,0.0,0.0,0.0,0.7075279952152529,0.0,0.0,0.20253323711032764,0.08771238862103001,0.0,0.0,0.7291345245687553,0.0,0.0,0.1754546188872321,0.09541085654401263,0.0,0.0
2023-05-19,1417052771.911458,3065276.291458098,2059474.8699999999,1411928020.75,0.9963835142465829,Bull,1.0,0.0,0.0,0.0,0.7205081144386591,0.0,0.0,0.18251261006400968,0.09336278974391402,0.0,0.0,0.7291345245687553,0.0,0.0,0.1754546188872321,0.09541085654401263,0.0,0.0
2023-05-22,1412988502.011458,3065276.291458098,2059474.8699999999,1407863750.85,0.9963731119155161,Bull,1.0,0.0,0.0,0.0,0.7215159567106888,0.0,0.0,0.1813786875372053,0.0934784676676222,0.0,0.0,0.7291345245687553,0.0,0.0,0.1754546188872321,0.09541085654401263,0.0,0.0
2023-05-23,1416719544.011458,3065276.291458098,2059474.8699999999,1411594792.85,0.9963826636096603,Bull,1.0,0.0,0.0,0.0,0.721498335482646,0.0,0.0,0.18172827578209635,0.0931560523449182,0.0,0.0,0.7291345245687553,0.0,0.0,0.1754546188872321,0.09541085654401263,0.0,0.0
2023-05-24,1412597701.111458,3065276.291458098,2059474.8699999999,1407472949.95,0.9963721085221746,Bull,1.0,0.0,0.0,0.0,0.7211444200627527,0.0,0.0,0.18225854381429848,0.09296914464512344,0.0,0.0,0.7291345245687553,0.0,0.0,0.1754546188872321,0.09541085654401263,0.0,0.0
2023-05-26,1408929727.661458,3065276.291458098,2059474.8699999999,1403804976.5,0.9963626637575714,Bull,1.0,0.0,0.0,0.0,0.7174133362759697,0.0,0.0,0.1824037032894172,0.09654562419218451,0.0,0.0,0.7468508934265664,0.0,0.0,0.14721062336497628,0.10593848320845722,0.0,0.0
2023-05-29,1413516962.711962,3611602.041962227,2059474.8699999999,1407845885.8,0.9959879668503719,Bull,1.0,0.0,0.0,0.0,0.7372981105231843,0.0,0.0,0.154852050434575,0.10383780589261257,0.0,0.0,0.7468508934265664,0.0,0.0,0.14721062336497628,0.10593848320845722,0.0,0.0
2023-05-30,1415583179.161962,3611602.041962227,2059474.8699999999,1409912102.25,0.995993822902502,Bull,1.0,0.0,0.0,0.0,0.7377366569644119,0.0,0.0,0.15457092399864225,0.10368624193944789,0.0,0.0,0.7468508934265664,0.0,0.0,0.14721062336497628,0.10593848320845722,0.0,0.0
2023-05-31,1412394280.661962,3611602.041962227,2059474.8699999999,1406723203.75,0.995984777770904,Bull,1.0,0.0,0.0,0.0,0.737273237372466,0.0,0.0,0.15528312667565353,0.10342841372278448,0.0,0.0,0.7468508934265664,0.0,0.0,0.14721062336497628,0.10593848320845722,0.0,0.0
2023-06-01,1401191515.461962,3611602.041962227,2059474.8699999999,1395520438.55,0.9959526753842123,Bull,1.0,0.0,0.0,0.0,0.7370418155932914,0.0,0.0,0.15548195774520748,0.10342890204571341,0.0,0.0,0.7468508934265664,0.0,0.0,0.14721062336497628,0.10593848320845722,0.0,0.0
2023-06-02,1407703529.111962,3611602.041962227,2059474.8699999999,1402032452.2,0.9959713982421146,Bull,1.0,0.0,0.0,0.0,0.7359596184670788,0.0,0.0,0.15574515192009755,0.10426662785493812,0.0,0.0,0.7468508934265664,0.0,0.0,0.14721062336497628,0.10593848320845722,0.0,0.0
2023-06-05,1412065243.511962,3611602.041962227,2059474.8699999999,1406394166.6,0.9959838421503404,Bull,1.0,0.0,0.0,0.0,0.7377745974463359,0.0,0.0,0.15459271517587692,0.10361652952812768,0.0,0.0,0.7468508934265664,0.0,0.0,0.14721062336497628,0.10593848320845722,0.0,0.0
2023-06-06,1412920539.0619621,3611602.041962227,2059474.8699999999,1407249462.15,0.9959862732863045,Bull,1.0,0.0,0.0,0.0,0.7369755293113022,0.0,0.0,0.1551700848977363,0.10384065907726592,0.0,0.0,0.7468508934265664,0.0,0.0,0.14721062336497628,0.10593848320845722,0.0,0.0
2023-06-07,1420152176.011962,3611602.041962227,2059474.8699999999,1414481099.1,0.9960067118103586,Bull,1.0,0.0,0.0,0.0,0.7375345521360365,0.0,0.0,0.15401870566732676,0.10445345400699547,0.0,0.0,0.7468508934265664,0.0,0.0,0.14721062336497628,0.10593848320845722,0.0,0.0
2023-06-08,1420589863.5619621,3611602.041962227,2059474.8699999999,1414918786.65,0.9960079421531683,Bull,1.0,0.0,0.0,0.0,0.7389405722056341,0.0,0.0,0.15366504126155803,0.10340232868597614,0.0,0.0,0.7468508934265664,0.0,0.0,0.14721062336497628,0.10593848320845722,0.0,0.0
2023-06-09,1422298288.411962,3611602.041962227,2059474.8699999999,1416627211.5,0.996012737301193,Bull,1.0,0.0,0.0,0.0,0.738425842213906,0.0,0.0,0.1535353039367149,0.10405159115057214,0.0,0.0,0.7468508934265664,0.0,0.0,0.14721062336497628,0.10593848320845722,0.0,0.0
2023-06-12,1420256215.361962,3611602.041962227,2059474.8699999999,1414585138.45,0.9960070043344139,Bull,1.0,0.0,0.0,0.0,0.7377388157973782,0.0,0.0,0.15308857489814803,0.10517961363888766,0.0,0.0,0.7601381700699248,0.0,0.0,0.11887724184391452,0.12098458808616061,0.0,0.0
2023-06-13,1426739151.1499963,2717726.479996477,2059474.8699999999,1421961949.8,0.9966516644993265,Bull,1.0,0.0,0.0,0.0,0.7504336366861483,0.0,0.0,0.12746022975077204,0.11875779806240613,0.0,0.0,0.7601381700699248,0.0,0.0,0.11887724184391452,0.12098458808616061,0.0,0.0
2023-06-14,1422996514.8999963,2717726.479996477,2059474.8699999999,1418219313.55,0.9966428580112636,Bull,1.0,0.0,0.0,0.0,0.7501281994531206,0.0,0.0,0.127489771127619,0.11902488743052399,0.0,0.0,0.7601381700699248,0.0,0.0,0.11887724184391452,0.12098458808616061,0.0,0.0
2023-06-15,1420385266.9499962,2717726.479996477,2059474.8699999999,1415608065.6,0.9966366862138366,Bull,1.0,0.0,0.0,0.0,0.7489998596538898,0.0,0.0,0.12803040430748286,0.11960642225246397,0.0,0.0,0.7601381700699248,0.0,0.0,0.11887724184391452,0.12098458808616061,0.0,0.0
2023-06-16,1412578861.1499963,2717726.479996477,2059474.8699999999,1407801659.8,0.9966180993632404,Bull,1.0,0.0,0.0,0.0,0.7482398249535795,0.0,0.0,0.1284299977788893,0.11994827663077155,0.0,0.0,0.7601381700699248,0.0,0.0,0.11887724184391452,0.12098458808616061,0.0,0.0
2023-06-19,1419528786.4999964,2717726.479996477,2059474.8699999999,1414751585.15,0.9966346569400857,Bull,1.0,0.0,0.0,0.0,0.7491317508058176,0.0,0.0,0.12841409186878822,0.11908881426547979,0.0,0.0,0.7601381700699248,0.0,0.0,0.11887724184391452,0.12098458808616061,0.0,0.0
2023-06-20,1419489688.3499963,2717726.479996477,2059474.8699999999,1414712487.0,0.996634564245726,Bull,1.0,0.0,0.0,0.0,0.7501139992342536,0.0,0.0,0.12806362842361008,0.11845693658786234,0.0,0.0,0.7601381700699248,0.0,0.0,0.11887724184391452,0.12098458808616061,0.0,0.0
2023-06-21,1423371164.7499964,2717726.479996477,2059474.8699999999,1418593963.4,0.9966437416548091,Bull,1.0,0.0,0.0,0.0,0.7514066533642715,0.0,0.0,0.12710317904450188,0.11813390924603555,0.0,0.0,0.7601381700699248,0.0,0.0,0.11887724184391452,0.12098458808616061,0.0,0.0
2023-06-26,1415806767.3499963,2717726.479996477,2059474.8699999999,1411029566.0,0.9966258097784503,Bull,1.0,0.0,0.0,0.0,0.7521517699715512,0.0,0.0,0.1264367455560746,0.1180372942508244,0.0,0.0,0.7601381700699248,0.0,0.0,0.11887724184391452,0.12098458808616061,0.0,0.0
2023-06-27,1410534639.3999963,2717726.479996477,2059474.8699999999,1405757438.05,0.996613198133136,Bull,1.0,0.0,0.0,0.0,0.7536604974849813,0.0,0.0,0.12525038029207897,0.11770232035607564,0.0,0.0,0.7601381700699248,0.0,0.0,0.11887724184391452,0.12098458808616061,0.0,0.0
2023-06-28,1411414716.4499962,2717726.479996477,2059474.8699999999,1406637515.1,0.9966153099480131,Bull,1.0,0.0,0.0,0.0,0.7538919657691535,0.0,0.0,0.12491190430792569,0.11781143987093394,0.0,0.0,0.7601381700699248,0.0,0.0,0.11887724184391452,0.12098458808616061,0.0,0.0
2023-06-29,1415258736.4499962,2717726.479996477,5515444.87,1407025565.1,0.9941825680789308,Bull,1.0,0.0,0.0,0.0,0.7539339893258448,0.0,0.0,0.12280263355656776,0.1174459451965183,0.0,0.0,0.7601381700699248,0.0,0.0,0.11887724184391452,0.12098458808616061,0.0,0.0
2023-06-30,1411890449.6499963,2717726.479996477,9256444.87,1399916278.3,0.9915190506792049,Bull,1.0,0.0,0.0,0.0,0.7541916432425546,0.0,0.0,0.11955566385610507,0.11777174358054518,0.0,0.0,0.7601381700699248,0.0,0.0,0.11887724184391452,0.12098458808616061,0.0,0.0
2023-07-03,1414494692.2499964,2717726.479996477,9256444.87,1402520520.9,0.9915346650534621,Bull,1.0,0.0,0.0,0.0,0.7543357544896455,0.0,0.0,0.11818708187167495,0.11901182869214151,0.0,0.0,0.7601381700699248,0.0,0.0,0.11887724184391452,0.12098458808616061,0.0,0.0
2023-07-04,1416799607.2999964,2717726.479996477,9256444.87,1404825435.95,0.9915484368514079,Bull,1.0,0.0,0.0,0.0,0.7545103276723663,0.0,0.0,0.1179471670792299,0.11909094209981183,0.0,0.0,0.7601381700699248,0.0,0.0,0.11887724184391452,0.12098458808616061,0.0,0.0
2023-07-05,1413496706.0999963,2717726.479996477,9256444.87,1401522534.75,0.991528688182773,Bull,1.0,0.0,0.0,0.0,0.7546251294019926,0.0,0.0,0.11771658135595879,0.11918697742482164,0.0,0.0,0.7601381700699248,0.0,0.0,0.11887724184391452,0.12098458808616061,0.0,0.0
2023-07-06,1392205470.4999964,2717726.479996477,9256444.87,1380231299.15,0.9913991349669845,Bull,1.0,0.0,0.0,0.0,0.7538679608643318,0.0,0.0,0.11920438722338753,0.11832678687926505,0.0,0.0,0.7601381700699248,0.0,0.0,0.11887724184391452,0.12098458808616061,0.0,0.0
2023-07-07,1385271924.9499962,2717726.479996477,9256444.87,1373297753.6,0.9913560860259053,Bull,1.0,0.0,0.0,0.0,0.7531500745874572,0.0,0.0,0.1194729330892735,0.11873307834917474,0.0,0.0,0.7601381700699248,0.0,0.0,0.11887724184391452,0.12098458808616061,0.0,0.0
2023-07-10,1385818312.1999962,2717726.479996477,9256444.87,1373844140.85,0.9913594940660098,Bull,1.0,0.0,0.0,0.0,0.7537449401947677,0.0,0.0,0.11916064216083784,0.1184539117104044,0.0,0.0,0.7601381700699248,0.0,0.0,0.11887724184391452,0.12098458808616061,0.0,0.0
2023-07-11,1406971637.7999964,2717726.479996477,9256444.87,1394997466.45,0.9914894010452694,Bull,1.0,0.0,0.0,0.0,0.7547663633863215,0.0,0.0,0.11844801666406443,0.11827502099488336,0.0,0.0,0.7601381700699248,0.0,0.0,0.11887724184391452,0.12098458808616061,0.0,0.0
2023-07-12,1412671419.4999964,2717726.479996477,9256444.87,1400697248.15,0.9915237392186822,Bull,1.0,0.0,0.0,0.0,0.755651054742672,0.0,0.0,0.11784693715890698,0.11802574731710315,0.0,0.0,0.7601381700699248,0.0,0.0,0.11887724184391452,0.12098458808616061,0.0,0.0
2023-07-13,1412945782.9999964,2717726.479996477,9256444.87,1400971611.65,0.9915253851251302,Bull,1.0,0.0,0.0,0.0,0.7546230184332576,0.0,0.0,0.11757775988210045,0.119324606809772,0.0,0.0,0.7601381700699248,0.0,0.0,0.11887724184391452,0.12098458808616061,0.0,0.0
2023-07-14,1428654644.2999964,2717726.479996477,9256444.87,1416680472.95,0.9916185682818653,Bull,1.0,0.0,0.0,0.0,0.7545406283113167,0.0,0.0,0.11784828521835956,0.11922965475218904,0.0,0.0,0.7601381700699248,0.0,0.0,0.11887724184391452,0.12098458808616061,0.0,0.0
2023-07-17,1431913216.1499963,2717726.479996477,9256444.87,1419939044.8,0.9916376417125393,Bull,1.0,0.0,0.0,0.0,0.7556886357326905,0.0,0.0,0.11721555336382768,0.11873345261602113,0.0,0.0,0.7601381700699248,0.0,0.0,0.11887724184391452,0.12098458808616061,0.0,0.0
2023-07-18,1432552011.6999962,2717726.479996477,11703644.87,1418130640.35,0.9899330905738755,Bull,1.0,0.0,0.0,0.0,0.7570348800551008,0.0,0.0,0.11615075658058946,0.1167474539381853,0.0,0.0,0.7601381700699248,0.0,0.0,0.11887724184391452,0.12098458808616061,0.0,0.0
2023-07-19,1425237483.4999964,2717726.479996477,11703644.87,1410816112.15,0.9898814257153963,Bull,1.0,0.0,0.0,0.0,0.7567209848435079,0.0,0.0,0.11680790178993382,0.11635253908195463,0.0,0.0,0.7601381700699248,0.0,0.0,0.11887724184391452,0.12098458808616061,0.0,0.0
2023-07-20,1433914606.8499963,2717726.479996477,11703644.87,1419493235.5,0.9899426567794878,Bull,1.0,0.0,0.0,0.0,0.7572765702452979,0.0,0.0,0.11647869350247314,0.11618739303171666,0.0,0.0,0.7601381700699248,0.0,0.0,0.11887724184391452,0.12098458808616061,0.0,0.0
2023-07-21,1426007815.9999964,2717726.479996477,11703644.87,1411586444.65,0.989886891791064,Bull,1.0,0.0,0.0,0.0,0.7580556940299427,0.0,0.0,0.11694150489845591,0.1148896928626655,0.0,0.0,0.7601381700699248,0.0,0.0,0.11887724184391452,0.12098458808616061,0.0,0.0
2023-07-24,1420005999.4499962,2717726.479996477,11703644.87,1405584628.1,0.98984414759122,Bull,1.0,0.0,0.0,0.0,0.7568514700052472,0.0,0.0,0.11757203847354522,0.11542063911242754,0.0,0.0,0.7601381700699248,0.0,0.0,0.11887724184391452,0.12098458808616061,0.0,0.0
2023-07-25,1432147101.4999964,2717726.479996477,11703644.87,1417725730.15,0.9899302443618454,Bull,1.0,0.0,0.0,0.0,0.756852720656086,0.0,0.0,0.1171964107766624,0.11588111292909697,0.0,0.0,0.7601381700699248,0.0,0.0,0.11887724184391452,0.12098458808616061,0.0,0.0
2023-07-26,1445761618.3999963,6458726.479996476,7962644.87,1431340247.05,0.9900250697165718,Bull,1.0,3741000.0,0.0,0.0,0.7592000182331046,0.0,0.0,0.11634698131366608,0.11447807016980112,0.0,0.0,0.7601381700699248,0.0,0.0,0.11887724184391452,0.12098458808616061,0.0,0.0
2023-07-27,1452258470.7847564,2277066.2147564767,7962644.87,1442018759.7,0.9929491125094122,Bull,1.0,0.0,0.0,0.0,0.7622832174645836,0.0,0.0,0.1158130617817054,0.11485283326312326,0.0,0.0,0.7601381700699248,0.0,0.0,0.11887724184391452,0.12098458808616061,0.0,0.0
2023-07-28,1453162713.1347563,2277066.2147564767,7962644.87,1442923002.05,0.992953499981659,Bull,1.0,0.0,0.0,0.0,0.762371269257351,0.0,0.0,0.11580086557340334,0.11478136515090481,0.0,0.0,0.7601381700699248,0.0,0.0,0.11887724184391452,0.12098458808616061,0.0,0.0
2023-07-31,1458395235.0847564,2277066.2147564767,7962644.87,1448155524.0,0.9929787818566472,Bull,1.0,0.0,0.0,0.0,0.7644519792573292,0.0,0.0,0.11477547099245154,0.1137513316068664,0.0,0.0,0.7601381700699248,0.0,0.0,0.11887724184391452,0.12098458808616061,0.0,0.0
2023-08-01,1468355702.0347564,2277066.2147564767,7962644.87,1458115990.95,0.9930264096972097,Bull,1.0,0.0,0.0,0.0,0.7649331080974096,0.0,0.0,0.11454343097311641,0.11354987062668376,0.0,0.0,0.7601381700699248,0.0,0.0,0.11887724184391452,0.12098458808616061,0.0,0.0
2023-08-02,1447226076.4347563,2277066.2147564767,7962644.87,1436986365.35,0.9929245946770239,Bull,1.0,0.0,0.0,0.0,0.7636599307778047,0.0,0.0,0.11548092086049032,0.1137837430387288,0.0,0.0,0.7601381700699248,0.0,0.0,0.11887724184391452,0.12098458808616061,0.0,0.0
2023-08-04,1446046389.8347564,5733036.214756477,4506674.87,1435806678.75,0.9929188225517949,Bull,1.0,3455970.0,0.0,0.0,0.7637474056943667,0.0,0.0,0.1158292715762321,0.11334214528119604,0.0,0.0,0.7601381700699248,0.0,0.0,0.11887724184391452,0.12098458808616061,0.0,0.0
2023-08-07,1454964607.7530684,741629.8830686025,4506674.87,1449716303.0,0.9963928299526312,Bull,1.0,0.0,0.0,0.0,0.7677721485783296,0.0,0.0,0.11486671160894947,0.11375396976535215,0.0,0.0,0.7601381700699248,0.0,0.0,0.11887724184391452,0.12098458808616061,0.0,0.0
2023-08-08,1448214001.6530685,741629.8830686025,4506674.87,1442965696.9,0.9963760157358804,Bull,1.0,0.0,0.0,0.0,0.7679501756166739,0.0,0.0,0.11547568232948362,0.11295015778972282,0.0,0.0,0.7601381700699248,0.0,0.0,0.11887724184391452,0.12098458808616061,0.0,0.0
2023-08-09,1460114736.3530684,741634.8830686025,8534269.87,1450838831.6,0.9936471398294103,Bull,1.0,5.0,402759.0,5.0,0.7666549783587132,0.0,0.0,0.11478618482997943,0.11220597664071766,0.0,0.0,0.7601381700699248,0.0,0.0,0.11887724184391452,0.12098458808616061,0.0,0.0
2023-08-10,1460027599.8530686,741638.8830686025,14377366.87,1444908594.1000001,0.9896447123639375,Bull,1.0,4.0,37697.0,4.0,0.7626625648803209,0.0,0.0,0.11547521431578892,0.1115069331678277,0.0,0.0,0.7601381700699248,0.0,0.0,0.11887724184391452,0.12098458808616061,0.0,0.0
2023-08-11,1448395617.2530684,3188842.8830686025,26396790.87,1418809983.5,0.9795735133407967,Bull,1.0,2447204.0,542498.0,4.0,0.750737278232189,0.0,0.0,0.11652272209997427,0.11231351300863332,0.0,0.0,0.7601381700699248,0.0,0.0,0.11887724184391452,0.12098458808616061,0.0,0.0
2023-08-14,1430176081.9030685,3188842.8830686025,26396790.87,1400590448.15,0.9793132928683157,Bull,1.0,0.0,0.0,0.0,0.7500009696167599,0.0,0.0,0.11718906652178183,0.11212325672977397,0.0,0.0,0.7601381700699248,0.0,0.0,0.11887724184391452,0.12098458808616061,0.0,0.0
2023-08-15,1418109935.1530685,3188842.8830686025,26396790.87,1388524301.4,0.9791372777105076,Bull,1.0,0.0,0.0,0.0,0.7477535239787615,0.0,0.0,0.11812483351787448,0.11325892021387159,0.0,0.0,0.7601381700699248,0.0,0.0,0.11887724184391452,0.12098458808616061,0.0,0.0
2023-08-16,1401704813.5030684,3188842.8830686025,26396790.87,1372119179.75,0.9788931068310099,Bull,1.0,0.0,0.0,0.0,0.7447500855341215,0.0,0.0,0.12015582623211939,0.11398719506476906,0.0,0.0,0.7601381700699248,0.0,0.0,0.11887724184391452,0.12098458808616061,0.0,0.0
2023-08-17,1397610879.8630686,3188842.8830686025,30854104.58,1363567932.4,0.9756420417488423,Bull,1.0,0.0,0.0,0.0,0.741157390318461,0.0,0.0,0.11965669587259135,0.11482795555778984,0.0,0.0,0.7601381700699248,0.0,0.0,0.11887724184391452,0.12098458808616061,0.0,0.0
2023-08-18,1400880802.6130686,3188842.8830686025,30854104.58,1366837855.15,0.9756988978651374,Bull,1.0,0.0,0.0,0.0,0.7418643707669186,0.0,0.0,0.11996416803380087,0.11387035906441786,0.0,0.0,0.7601381700699248,0.0,0.0,0.11887724184391452,0.12098458808616061,0.0,0.0
2023-08-21,1401563076.1130686,3188842.8830686025,30854104.58,1367520128.65,0.9757107275132567,Bull,1.0,0.0,0.0,0.0,0.7429712914083599,0.0,0.0,0.11970563641365867,0.11303379969123803,0.0,0.0,0.7601381700699248,0.0,0.0,0.11887724184391452,0.12098458808616061,0.0,0.0
2023-08-22,1401892306.8630686,3188842.8830686025,30854104.58,1367849359.4,0.9757164317855168,Bull,1.0,0.0,0.0,0.0,0.7426853363149933,0.0,0.0,0.11910508330959065,0.11392601216093273,0.0,0.0,0.7601381700699248,0.0,0.0,0.11887724184391452,0.12098458808616061,0.0,0.0
2023-08-23,1401471329.0630686,3188842.8830686025,30854104.58,1367428381.6000001,0.9757091374207224,Bull,1.0,0.0,0.0,0.0,0.7418268644104484,0.0,0.0,0.11914086042104537,0.11474141258922851,0.0,0.0,0.7601381700699248,0.0,0.0,0.11887724184391452,0.12098458808616061,0.0,0.0
2023-08-24,1410559143.3630683,3188842.8830686025,30854104.58,1376516195.8999999,0.975865636245565,Bull,1.0,0.0,0.0,0.0,0.7409442566216358,0.0,0.0,0.11895601881672453,0.11596536080720483,0.0,0.0,0.7601381700699248,0.0,0.0,0.11887724184391452,0.12098458808616061,0.0,0.0
2023-08-25,1398439551.7630684,3188842.8830686025,30854104.58,1364396604.3,0.9756564755193393,Bull,1.0,0.0,0.0,0.0,0.7416678847450995,0.0,0.0,0.11927473003013286,0.11471386074410697,0.0,0.0,0.7601381700699248,0.0,0.0,0.11887724184391452,0.12098458808616061,0.0,0.0
2023-08-28,1410655363.4630685,3188842.8830686025,30854104.58,1376612416.0,0.9758672824385006,Bull,1.0,0.0,0.0,0.0,0.7427289777057089,0.0,0.0,0.118687387675596,0.11445091705719576,0.0,0.0,0.7601381700699248,0.0,0.0,0.11887724184391452,0.12098458808616061,0.0,0.0
2023-08-29,1415885752.3086765,564490.5786766028,30854104.58,1384467157.1499999,0.9778099362131112,Bull,1.0,0.0,0.0,0.0,0.7443293044171003,0.0,0.0,0.11881573052465068,0.11466490127136024,0.0,0.0,0.7601381700699248,0.0,0.0,0.11887724184391452,0.12098458808616061,0.0,0.0
2023-08-30,1418328176.6586766,564490.5786766028,30854104.58,1386909581.5,0.9778481484921966,Bull,1.0,0.0,0.0,0.0,0.7445292273525249,0.0,0.0,0.11835201666475552,0.1149669044749161,0.0,0.0,0.7601381700699248,0.0,0.0,0.11887724184391452,0.12098458808616061,0.0,0.0
2023-08-31,1399517808.100598,14677235.570598103,16387480.58,1368453091.95,0.9778032719763969,Bull,1.0,14466624.0,0.0,0.0,0.7430109755882824,0.0,0.0,0.11910845223629903,0.11568384415181548,0.0,0.0,0.7601381700699248,0.0,0.0,0.11887724184391452,0.12098458808616061,0.0,0.0
2023-09-01,1405656122.1239607,853523.8939606026,16387480.58,1388415117.65,0.9877345502910703,Bull,1.0,0.0,0.0,0.0,0.7432361309474437,0.0,0.0,0.11928415304494612,0.12521426629868038,0.0,0.0,0.7601381700699248,0.0,0.0,0.11887724184391452,0.12098458808616061,0.0,0.0
2023-09-04,1412592267.7722769,80754.09227710404,16387480.58,1396124033.1,0.988341834336777,Bull,1.0,0.0,0.0,0.0,0.7430813951398585,0.0,0.0,0.1192814118016701,0.12597902739524858,0.0,0.0,0.7601381700699248,0.0,0.0,0.11887724184391452,0.12098458808616061,0.0,0.0
2023-09-05,1409252008.1964958,501152.26649598125,16387480.58,1392363375.35,0.9880158887493024,Bull,1.0,0.0,0.0,0.0,0.7466603696358078,0.0,0.0,0.11905564017234742,0.12229987894114719,0.0,0.0,0.7601381700699248,0.0,0.0,0.11887724184391452,0.12098458808616061,0.0,0.0
2023-09-06,1399710955.046496,501152.26649598125,16387480.58,1382822322.2,0.987934199710586,Bull,1.0,0.0,0.0,0.0,0.745495574238281,0.0,0.0,0.119743293710545,0.12269533176176017,0.0,0.0,0.7601381700699248,0.0,0.0,0.11887724184391452,0.12098458808616061,0.0,0.0
2023-09-07,1400857352.996496,501152.26649598125,16387480.58,1383968720.15,0.9879440738128188,Bull,1.0,0.0,0.0,0.0,0.7468848044463362,0.0,0.0,0.11958326780501186,0.12147600156147066,0.0,0.0,0.7601381700699248,0.0,0.0,0.11887724184391452,0.12098458808616061,0.0,0.0
2023-09-08,1402948689.796496,4958465.976495981,11930166.87,1386060056.95,0.9879620452484648,Bull,1.0,4457313.71,0.0,0.0,0.7479343076347345,0.0,0.0,0.11926715582468761,0.12076058178904267,0.0,0.0,0.7601381700699248,0.0,0.0,0.11887724184391452,0.12098458808616061,0.0,0.0
2023-09-11,1406468734.816407,501933.64640723076,11930166.87,1394036634.3,0.9911607700842139,Bull,1.0,0.0,0.0,0.0,0.7516470207480276,0.0,0.0,0.11953994840983558,0.11997380092635074,0.0,0.0,0.7601381700699248,0.0,0.0,0.11887724184391452,0.12098458808616061,0.0,0.0
2023-09-12,1415223766.966407,4529528.646407231,7902571.87,1402791666.45,0.991215452420605,Bull,1.0,4027595.0,0.0,0.0,0.7516092799445254,0.0,0.0,0.11917069507779351,0.12043547739828608,0.0,0.0,0.7601381700699248,0.0,0.0,0.11887724184391452,0.12098458808616061,0.0,0.0
2023-09-13,1415394515.8905134,691833.9705134812,7902571.87,1406800110.05,0.9939279079125821,Bull,1.0,0.0,0.0,0.0,0.7544040887979512,0.0,0.0,0.1189584233298134,0.12056539578481756,0.0,0.0,0.7601381700699248,0.0,0.0,0.11887724184391452,0.12098458808616061,0.0,0.0
2023-09-14,1434300188.3905134,691833.9705134812,7902571.87,1425705782.55,0.9940079448430126,Bull,1.0,0.0,0.0,0.0,0.75553914119333,0.0,0.0,0.11782958781428116,0.12063921583540137,0.0,0.0,0.7601381700699248,0.0,0.0,0.11887724184391452,0.12098458808616061,0.0,0.0
2023-09-15,1429389930.2405136,6534930.970513482,2059474.8699999999,1420795524.4,0.9939873608602606,Bull,1.0,5843097.0,0.0,0.0,0.7536939022781044,0.0,0.0,0.11885839994088453,0.12143505864127167,0.0,0.0,0.7601381700699248,0.0,0.0,0.11887724184391452,0.12098458808616061,0.0,0.0
2023-09-18,1429311853.8844385,196351.11443848163,2059474.8699999999,1427056027.9,0.9984217398195447,Bull,1.0,0.0,0.0,0.0,0.7554965873719721,0.0,0.0,0.11836311266867743,0.1245620397788953,0.0,0.0,0.7601381700699248,0.0,0.0,0.11887724184391452,0.12098458808616061,0.0,0.0
2023-09-19,1428344368.8344383,196351.11443848163,2059474.8699999999,1426088542.85,0.9984206707894405,Bull,1.0,0.0,0.0,0.0,0.7556915659847527,0.0,0.0,0.11862678475658278,0.12410232004810501,0.0,0.0,0.7601381700699248,0.0,0.0,0.11887724184391452,0.12098458808616061,0.0,0.0
2023-09-20,1424857528.1844385,196351.11443848163,2059474.8699999999,1422601702.2,0.9984168059333534,Bull,1.0,0.0,0.0,0.0,0.7560936661314726,0.0,0.0,0.11861129738026939,0.12371184242161141,0.0,0.0,0.7601381700699248,0.0,0.0,0.11887724184391452,0.12098458808616061,0.0,0.0
2023-09-21,1403810627.9344385,196351.11443848163,2059474.8699999999,1401554801.95,0.9983930695924723,Bull,1.0,0.0,0.0,0.0,0.7554587711808726,0.0,0.0,0.11938077448992414,0.12355352392167554,0.0,0.0,0.7701036275524437,0.0,0.0,0.13915793138293592,0.09073844106462046,0.0,0.0
2023-09-22,1408893112.6637268,823684.8937271107,2059474.8699999999,1406009952.8999999,0.9979535993626402,Bull,1.0,0.0,0.0,0.0,0.7595399134834246,0.0,0.0,0.1191494929538113,0.11926419292540423,0.0,0.0,0.7701036275524437,0.0,0.0,0.13915793138293592,0.09073844106462046,0.0,0.0
2023-09-25,1417209994.0681758,963516.5981759857,2059474.8699999999,1414187002.6,0.9978669417511669,Bull,1.0,0.0,0.0,0.0,0.7636308360297512,0.0,0.0,0.1183761056598431,0.11586000006157249,0.0,0.0,0.7701036275524437,0.0,0.0,0.13915793138293592,0.09073844106462046,0.0,0.0
2023-09-26,1403853763.1329904,558077.2629903639,2059474.8699999999,1401236211.0,0.9981354524226592,Bull,1.0,0.0,0.0,0.0,0.7666816439612584,0.0,0.0,0.13465077699983538,0.0968030314615655,0.0,0.0,0.7701036275524437,0.0,0.0,0.13915793138293592,0.09073844106462046,0.0,0.0
2023-09-27,1401228857.5329905,558077.2629903639,2059474.8699999999,1398611305.4,0.9981319595875303,Bull,1.0,0.0,0.0,0.0,0.7663128329304473,0.0,0.0,0.134795040071142,0.09702408658594096,0.0,0.0,0.7701036275524437,0.0,0.0,0.13915793138293592,0.09073844106462046,0.0,0.0
2023-09-28,1403713741.3329904,558077.2629903639,2059474.8699999999,1401096189.2,0.9981352664322395,Bull,1.0,0.0,0.0,0.0,0.7662222770424924,0.0,0.0,0.13466420854475208,0.09724878084499501,0.0,0.0,0.7701036275524437,0.0,0.0,0.13915793138293592,0.09073844106462046,0.0,0.0
2023-10-02,1405970790.0329905,558077.2629903639,2059474.8699999999,1403353237.9,0.9981382599471152,Bull,1.0,0.0,0.0,0.0,0.7652527317973328,0.0,0.0,0.13452626565276077,0.09835926249702177,0.0,0.0,0.7701036275524437,0.0,0.0,0.13915793138293592,0.09073844106462046,0.0,0.0
2023-10-03,1399728647.6829903,558077.2629903639,2059474.8699999999,1397111095.55,0.9981299574475929,Bull,1.0,0.0,0.0,0.0,0.7653159755808703,0.0,0.0,0.13461244814264417,0.09820153372407853,0.0,0.0,0.7701036275524437,0.0,0.0,0.13915793138293592,0.09073844106462046,0.0,0.0
2023-10-04,1379724467.0329905,558077.2629903639,2059474.8699999999,1377106914.9,0.9981028443029504,Bull,1.0,0.0,0.0,0.0,0.7641232290148198,0.0,0.0,0.1356449816407619,0.0983346336473686,0.0,0.0,0.7701036275524437,0.0,0.0,0.13915793138293592,0.09073844106462046,0.0,0.0
2023-10-05,1391948806.1329904,558077.2629903639,2059474.8699999999,1389331254.0,0.9981195054577745,Bull,1.0,0.0,0.0,0.0,0.7642312700819003,0.0,0.0,0.13501789661511726,0.09887033876075697,0.0,0.0,0.7701036275524437,0.0,0.0,0.13915793138293592,0.09073844106462046,0.0,0.0
2023-10-06,1404394352.8329904,558077.2629903639,2059474.8699999999,1401776800.7,0.9981361701378889,Bull,1.0,0.0,0.0,0.0,0.7657609121900887,0.0,0.0,0.13402446372723587,0.0983507942205643,0.0,0.0,0.7701036275524437,0.0,0.0,0.13915793138293592,0.09073844106462046,0.0,0.0
2023-10-11,1427433431.3329904,558077.2629903639,2059474.8699999999,1424815879.2,0.9981662527473901,Bull,1.0,0.0,0.0,0.0,0.7661830703927716,0.0,0.0,0.1335433904066461,0.09843979194797245,0.0,0.0,0.7701036275524437,0.0,0.0,0.13915793138293592,0.09073844106462046,0.0,0.0
2023-10-12,1436465289.1329904,558077.2629903639,2059474.8699999999,1433847737.0,0.9981777825382956,Bull,1.0,0.0,0.0,0.0,0.7666570472194975,0.0,0.0,0.13288632969002245,0.09863440562877575,0.0,0.0,0.7701036275524437,0.0,0.0,0.13915793138293592,0.09073844106462046,0.0,0.0
2023-10-13,1422993833.8329902,558077.2629903639,2059474.8699999999,1420376281.6999998,0.9981605316405766,Bull,1.0,0.0,0.0,0.0,0.7654121232318924,0.0,0.0,0.13345398657735022,0.09929442183133391,0.0,0.0,0.7701036275524437,0.0,0.0,0.13915793138293592,0.09073844106462046,0.0,0.0
2023-10-16,1427386912.5829904,558077.2629903639,2059474.8699999999,1424769360.45,0.9981661929852967,Bull,1.0,0.0,0.0,0.0,0.7662349295824932,0.0,0.0,0.13348826328749303,0.09844300011531049,0.0,0.0,0.7701036275524437,0.0,0.0,0.13915793138293592,0.09073844106462046,0.0,0.0
2023-10-17,1423980457.8329904,558077.2629903639,2059474.8699999999,1421362905.7,0.9981618061409538,Bull,1.0,0.0,0.0,0.0,0.7656867407852286,0.0,0.0,0.13356208573917533,0.09891297961654992,0.0,0.0,0.7701036275524437,0.0,0.0,0.13915793138293592,0.09073844106462046,0.0,0.0
2023-10-18,1421441871.1329904,558077.2629903639,2059474.8699999999,1418824319.0,0.9981585232670092,Bull,1.0,0.0,0.0,0.0,0.7668381951709216,0.0,0.0,0.13360096100773464,0.09771936708835297,0.0,0.0,0.7701036275524437,0.0,0.0,0.13915793138293592,0.09073844106462046,0.0,0.0
2023-10-19,1409440531.1329904,558077.2629903639,2059474.8699999999,1406822979.0,0.9981428431528884,Bull,1.0,0.0,0.0,0.0,0.7652457873713792,0.0,0.0,0.13430612772844872,0.09859092805306048,0.0,0.0,0.7701036275524437,0.0,0.0,0.13915793138293592,0.09073844106462046,0.0,0.0
2023-10-20,1397620499.7329903,558077.2629903639,2059474.8699999999,1395002947.6,0.9981271367059296,Bull,1.0,0.0,0.0,0.0,0.7635882185499464,0.0,0.0,0.13467618715950422,0.09986273099647888,0.0,0.0,0.7701036275524437,0.0,0.0,0.13915793138293592,0.09073844106462046,0.0,0.0
2023-10-23,1388682855.5329905,558077.2629903639,2059474.8699999999,1386065303.4,0.9981150828480664,Bull,1.0,0.0,0.0,0.0,0.7631829320692742,0.0,0.0,0.13566898968280972,0.09926316109598234,0.0,0.0,0.7701036275524437,0.0,0.0,0.13915793138293592,0.09073844106462046,0.0,0.0
2023-10-24,1388587411.9829903,558077.2629903639,2059474.8699999999,1385969859.85,0.9981149532896512,Bull,1.0,0.0,0.0,0.0,0.7628350226344812,0.0,0.0,0.13592979337933975,0.0993501372758303,0.0,0.0,0.7701036275524437,0.0,0.0,0.13915793138293592,0.09073844106462046,0.0,0.0
2023-10-25,1386050324.2829905,558077.2629903639,2059474.8699999999,1383432772.15,0.9981115028169382,Bull,1.0,0.0,0.0,0.0,0.7621376032623202,0.0,0.0,0.13624115711504647,0.09973274243957148,0.0,0.0,0.7701036275524437,0.0,0.0,0.13915793138293592,0.09073844106462046,0.0,0.0
2023-10-26,1376120496.3829904,558077.2629903639,2059474.8699999999,1373502944.25,0.998097875774781,Bear,1.0,0.0,0.0,0.0,0.7627999125142417,0.0,0.0,0.13682711688032043,0.09847084638021888,0.0,0.0,0.737370556984427,0.0,0.0,0.19186844853720192,0.07076099447837111,0.0,0.0
2023-10-27,1386549067.0195854,697057.999585484,2059474.8699999999,1383792534.15,0.998011947117378,Bull,1.0,0.0,0.0,0.0,0.7702495061683341,0.0,0.0,0.15023060124929402,0.07753183969974971,0.0,0.0,0.737370556984427,0.0,0.0,0.19186844853720192,0.07076099447837111,0.0,0.0
2023-10-30,1378730313.0568178,55785.786817742046,2059474.8699999999,1376615052.4,0.9984657908535224,Bull,1.0,0.0,0.0,0.0,0.7645750894261788,0.0,0.0,0.1611542140590069,0.0727364873683366,0.0,0.0,0.737370556984427,0.0,0.0,0.19186844853720192,0.07076099447837111,0.0,0.0
2023-10-31,1380371048.571737,223993.0517371148,2059474.8699999999,1378087580.65,0.9983457578858238,Bear,1.0,0.0,0.0,0.0,0.7580534825999862,0.0,0.0,0.16955267226313228,0.0707396030227052,0.0,0.0,0.7155279177383203,0.0,0.0,0.23140133640290142,0.053070745858778336,0.0,0.0
2023-11-01,1388314352.9995658,1069274.779565989,2059474.8699999999,1385185603.35,0.9977463680017382,Bear,1.0,0.0,0.0,0.0,0.7549635290346434,0.0,0.0,0.18525408128520618,0.057528757681888615,0.0,0.0,0.6991459383037402,0.0,0.0,0.26105100230217604,0.039803059394083753,0.0,0.0
2023-11-02,1404766444.5507812,842116.8807813665,2059474.8699999999,1401864852.8,0.9979344667848261,Bull,1.0,0.0,0.0,0.0,0.7500379560510723,0.0,0.0,0.20313996045887492,0.04475655027487895,0.0,0.0,0.6991459383037402,0.0,0.0,0.26105100230217604,0.039803059394083753,0.0,0.0
2023-11-03,1416707294.0989082,93869.67890825123,2059474.8699999999,1414553949.55,0.9984800356729455,Bull,1.0,0.0,0.0,0.0,0.7162420591583103,0.0,0.0,0.24115059012052226,0.04108738639411291,0.0,0.0,0.6991459383037402,0.0,0.0,0.26105100230217604,0.039803059394083753,0.0,0.0
2023-11-06,1424910111.9845803,1673501.114580499,2059474.8699999999,1421177136.0,0.9973802024751013,Bull,1.0,0.0,0.0,0.0,0.7042065513890174,0.0,0.0,0.25285272170480527,0.04032092938127857,0.0,0.0,0.7212461433493392,0.0,0.0,0.23527246197389026,0.043481394676770466,0.0,0.0
2023-11-07,1423414862.8099127,576430.589912877,2059474.8699999999,1420778957.35,0.9981481818626585,Bull,1.0,0.0,0.0,0.0,0.7110428475869864,0.0,0.0,0.244447356207258,0.042657978068414155,0.0,0.0,0.7212461433493392,0.0,0.0,0.23527246197389026,0.043481394676770466,0.0,0.0
2023-11-08,1425702124.3599129,576430.589912877,2059474.8699999999,1423066218.9,0.9981511527444092,Bull,1.0,0.0,0.0,0.0,0.7096115672509173,0.0,0.0,0.2457143704946632,0.042825214998828645,0.0,0.0,0.7212461433493392,0.0,0.0,0.23527246197389026,0.043481394676770466,0.0,0.0
2023-11-09,1421906461.1099129,576430.589912877,2059474.8699999999,1419270555.65,0.9981462173975528,Bull,1.0,0.0,0.0,0.0,0.7100520204837555,0.0,0.0,0.24513778475126868,0.0429564121625287,0.0,0.0,0.7212461433493392,0.0,0.0,0.23527246197389026,0.043481394676770466,0.0,0.0
2023-11-10,1421624988.4099128,576430.589912877,2059474.8699999999,1418989082.95,0.9981458503603956,Bull,1.0,0.0,0.0,0.0,0.7112808168073906,0.0,0.0,0.24406893718721903,0.04279609636578598,0.0,0.0,0.7212461433493392,0.0,0.0,0.23527246197389026,0.043481394676770466,0.0,0.0
2023-11-13,1422704100.4099128,576430.589912877,2059474.8699999999,1420068194.95,0.9981472567210896,Bull,1.0,0.0,0.0,0.0,0.7122315136774029,0.0,0.0,0.2424942051552382,0.04342153788844844,0.0,0.0,0.7313736077023347,0.0,0.0,0.204797175060908,0.0638292172367573,0.0,0.0
2023-11-14,1425130101.3648577,637615.6948577585,2059474.8699999999,1422433010.8,0.9981074776525493,Bull,1.0,0.0,0.0,0.0,0.7253637473589125,0.0,0.0,0.21399751482894358,0.058746215464693205,0.0,0.0,0.7313736077023347,0.0,0.0,0.204797175060908,0.0638292172367573,0.0,0.0
2023-11-15,1441509632.7148576,637615.6948577585,2059474.8699999999,1438812542.1499999,0.9981289819341836,Bull,1.0,0.0,0.0,0.0,0.7257059324534736,0.0,0.0,0.2136465085009388,0.05877654097977137,0.0,0.0,0.7430162088385364,0.0,0.0,0.1710838437386576,0.08589994742280604,0.0,0.0
2023-11-16,1449190890.179166,808355.9091660068,2059474.8699999999,1446323059.4,0.9980210814195696,Bull,1.0,0.0,0.0,0.0,0.7393817244238459,0.0,0.0,0.1799652494142827,0.07867410758144103,0.0,0.0,0.7572621566289023,0.0,0.0,0.13724207815845835,0.10549576521263941,0.0,0.0
2023-11-17,1450895068.985961,3605666.365961016,2059474.8699999999,1445229927.75,0.9960954163005596,Bull,1.0,0.0,0.0,0.0,0.7493766785697998,0.0,0.0,0.14776189166445808,0.09895684606630176,0.0,0.0,0.7572621566289023,0.0,0.0,0.13724207815845835,0.10549576521263941,0.0,0.0
2023-11-20,1450387391.185961,3605666.365961016,2059474.8699999999,1444722249.95,0.9960940495826232,Bull,1.0,0.0,0.0,0.0,0.7482994243783009,0.0,0.0,0.14884092437088858,0.09895370083343373,0.0,0.0,0.7572621566289023,0.0,0.0,0.13724207815845835,0.10549576521263941,0.0,0.0
2023-11-21,1467794393.585961,3605666.365961016,2059474.8699999999,1462129252.3500001,0.9961403713894011,Bull,1.0,0.0,0.0,0.0,0.7499220988716333,0.0,0.0,0.14724337478356964,0.09897489773419822,0.0,0.0,0.7572621566289023,0.0,0.0,0.13724207815845835,0.10549576521263941,0.0,0.0
2023-11-22,1461245753.735961,3605666.365961016,2059474.8699999999,1455580612.5,0.9961230742868016,Bull,1.0,0.0,0.0,0.0,0.7497014172319371,0.0,0.0,0.1479032527194274,0.09851840433543714,0.0,0.0,0.7572621566289023,0.0,0.0,0.13724207815845835,0.10549576521263941,0.0,0.0
2023-11-23,1459637489.1359608,3605666.365961016,2059474.8699999999,1453972347.8999999,0.9961188025943931,Bull,1.0,0.0,0.0,0.0,0.748924685777357,0.0,0.0,0.1486047060413612,0.09858941077567493,0.0,0.0,0.7572621566289023,0.0,0.0,0.13724207815845835,0.10549576521263941,0.0,0.0
2023-11-24,1460756286.535961,3605666.365961016,2059474.8699999999,1455091145.3,0.9961217752145395,Bull,1.0,0.0,0.0,0.0,0.748710072570395,0.0,0.0,0.14897283140642695,0.09843887123771762,0.0,0.0,0.7572621566289023,0.0,0.0,0.13724207815845835,0.10549576521263941,0.0,0.0
2023-11-27,1457065292.485961,3605666.365961016,2059474.8699999999,1451400151.25,0.9961119510119582,Bull,1.0,0.0,0.0,0.0,0.7476339988796322,0.0,0.0,0.15042908586892437,0.09804886626340152,0.0,0.0,0.7572621566289023,0.0,0.0,0.13724207815845835,0.10549576521263941,0.0,0.0
2023-11-28,1464712969.485961,3605666.365961016,2059474.8699999999,1459047828.25,0.9961322516056172,Bull,1.0,0.0,0.0,0.0,0.7488148538992729,0.0,0.0,0.14910702953401636,0.09821036817232796,0.0,0.0,0.7572621566289023,0.0,0.0,0.13724207815845835,0.10549576521263941,0.0,0.0
2023-11-29,1460374169.785961,3605666.365961016,2059474.8699999999,1454709028.55,0.9961207604508704,Bull,1.0,0.0,0.0,0.0,0.7474931090502598,0.0,0.0,0.15020054759811918,0.09842710380249142,0.0,0.0,0.7572621566289023,0.0,0.0,0.13724207815845835,0.10549576521263941,0.0,0.0
2023-11-30,1468607821.635961,3605666.365961016,2059474.8699999999,1462942680.4,0.9961425091488003,Bull,1.0,0.0,0.0,0.0,0.7494063862291026,0.0,0.0,0.14871158711160454,0.09802453580809319,0.0,0.0,0.7572621566289023,0.0,0.0,0.13724207815845835,0.10549576521263941,0.0,0.0
2023-12-01,1453988797.8359609,3605666.365961016,2059474.8699999999,1448323656.6,0.9961037242897658,Bull,1.0,0.0,0.0,0.0,0.745809636369937,0.0,0.0,0.15094476678682145,0.09934932113300722,0.0,0.0,0.7572621566289023,0.0,0.0,0.13724207815845835,0.10549576521263941,0.0,0.0
2023-12-04,1457715054.385961,3605666.365961016,2059474.8699999999,1452049913.15,0.9961136840708918,Bull,1.0,0.0,0.0,0.0,0.7456444315915053,0.0,0.0,0.15174982197956396,0.0987194304998226,0.0,0.0,0.7572621566289023,0.0,0.0,0.13724207815845835,0.10549576521263941,0.0,0.0
2023-12-05,1457724792.785961,3605666.365961016,2059474.8699999999,1452059651.55,0.9961137100336107,Bull,1.0,0.0,0.0,0.0,0.7456524420310101,0.0,0.0,0.1524567607684448,0.09800450723415582,0.0,0.0,0.7572621566289023,0.0,0.0,0.13724207815845835,0.10549576521263941,0.0,0.0
2023-12-06,1468718209.5999677,2196401.379967641,2059474.8699999999,1464462333.3500001,0.9971023194087539,Bull,1.0,0.0,0.0,0.0,0.7535223068088965,0.0,0.0,0.14045172086222396,0.10312829173763335,0.0,0.0,0.7572621566289023,0.0,0.0,0.13724207815845835,0.10549576521263941,0.0,0.0
2023-12-07,1459048744.0999677,2196401.379967641,2059474.8699999999,1454792867.8500001,0.9970831157854203,Bull,1.0,0.0,0.0,0.0,0.7536332643418944,0.0,0.0,0.14027303805141222,0.10317681339211354,0.0,0.0,0.7572621566289023,0.0,0.0,0.13724207815845835,0.10549576521263941,0.0,0.0
2023-12-08,1464555055.6999676,2196401.379967641,2059474.8699999999,1460299179.45,0.997094082442716,Bull,1.0,0.0,0.0,0.0,0.7542819746861801,0.0,0.0,0.13919299189648382,0.1036191158600521,0.0,0.0,0.7572621566289023,0.0,0.0,0.13724207815845835,0.10549576521263941,0.0,0.0
2023-12-11,1461351993.5999675,2196401.379967641,2059474.8699999999,1457096117.35,0.9970877131118264,Bull,1.0,0.0,0.0,0.0,0.7542457410515723,0.0,0.0,0.13887687626856263,0.10396509579169153,0.0,0.0,0.7572621566289023,0.0,0.0,0.13724207815845835,0.10549576521263941,0.0,0.0
2023-12-12,1462804703.4999676,2196401.379967641,2059474.8699999999,1458548827.25,0.9970906053010461,Bull,1.0,0.0,0.0,0.0,0.7542074650227049,0.0,0.0,0.13878380313808206,0.10409933714025918,0.0,0.0,0.7572621566289023,0.0,0.0,0.13724207815845835,0.10549576521263941,0.0,0.0
2023-12-13,1457139634.5499675,2196401.379967641,2059474.8699999999,1452883758.3,0.9970792941533829,Bull,1.0,0.0,0.0,0.0,0.7537676089904862,0.0,0.0,0.13876789513206128,0.10454379003083537,0.0,0.0,0.7572621566289023,0.0,0.0,0.13724207815845835,0.10549576521263941,0.0,0.0
2023-12-14,1470340742.8999677,2196401.379967641,2059474.8699999999,1466084866.65,0.9971055170235074,Bull,1.0,0.0,0.0,0.0,0.7546066937257448,0.0,0.0,0.13763353901277822,0.10486528428498422,0.0,0.0,0.7679105375087334,0.0,0.0,0.11142176784073786,0.12066769465052885,0.0,0.0
2023-12-15,1461490290.5147526,2633228.1447527683,2059474.8699999999,1456797587.5,0.9967890973719026,Bull,1.0,0.0,0.0,0.0,0.7611382673696738,0.0,0.0,0.11782206225903204,0.1178287677431968,0.0,0.0,0.7679105375087334,0.0,0.0,0.11142176784073786,0.12066769465052885,0.0,0.0
2023-12-18,1463712975.0647526,2633228.1447527683,2059474.8699999999,1459020272.05,0.9967939732073872,Bull,1.0,0.0,0.0,0.0,0.7613622964575413,0.0,0.0,0.11760584413237488,0.11782583261747097,0.0,0.0,0.7679105375087334,0.0,0.0,0.11142176784073786,0.12066769465052885,0.0,0.0
2023-12-19,1456276113.5147526,2633228.1447527683,2059474.8699999999,1451583410.5,0.9967776007783121,Bull,1.0,0.0,0.0,0.0,0.760598350972526,0.0,0.0,0.11819393204533003,0.11798531776045601,0.0,0.0,0.7679105375087334,0.0,0.0,0.11142176784073786,0.12066769465052885,0.0,0.0
2023-12-20,1443839368.4647527,2633228.1447527683,2059474.8699999999,1439146665.45,0.9967498441189185,Bull,1.0,0.0,0.0,0.0,0.7582113975836814,0.0,0.0,0.11922461996796727,0.1193138265672699,0.0,0.0,0.7679105375087334,0.0,0.0,0.11142176784073786,0.12066769465052885,0.0,0.0
2023-12-21,1435625170.0147526,2633228.1447527683,2059474.8699999999,1430932467.0,0.9967312477429576,Bull,1.0,0.0,0.0,0.0,0.7583765524177958,0.0,0.0,0.11938993797262462,0.1189647573525372,0.0,0.0,0.7679105375087334,0.0,0.0,0.11142176784073786,0.12066769465052885,0.0,0.0
2023-12-22,1435706808.0647526,2633228.1447527683,2059474.8699999999,1431014105.05,0.9967314336127735,Bull,1.0,0.0,0.0,0.0,0.7585804420040613,0.0,0.0,0.11887900721879302,0.11927198438991927,0.0,0.0,0.7679105375087334,0.0,0.0,0.11142176784073786,0.12066769465052885,0.0,0.0
2023-12-25,1441550569.2647526,2633228.1447527683,2059474.8699999999,1436857866.25,0.9967446837351353,Bull,1.0,0.0,0.0,0.0,0.7585782209553306,0.0,0.0,0.11888656815377004,0.11927989462603468,0.0,0.0,0.7679105375087334,0.0,0.0,0.11142176784073786,0.12066769465052885,0.0,0.0
2023-12-26,1450683915.4647527,2633228.1447527683,2059474.8699999999,1445991212.45,0.9967651788479027,Bull,1.0,0.0,0.0,0.0,0.7584971479452066,0.0,0.0,0.11907321654190975,0.11919481436078644,0.0,0.0,0.7679105375087334,0.0,0.0,0.11142176784073786,0.12066769465052885,0.0,0.0
2023-12-27,1459410578.8147526,2633228.1447527683,2059474.8699999999,1454717875.8,0.9967845217220751,Bull,1.0,0.0,0.0,0.0,0.7581089871902578,0.0,0.0,0.11886963306850216,0.11980590146331517,0.0,0.0,0.7679105375087334,0.0,0.0,0.11142176784073786,0.12066769465052885,0.0,0.0
2023-12-28,1469356947.7647526,2633228.1447527683,2059474.8699999999,1464664244.75,0.9968062879330367,Bull,1.0,0.0,0.0,0.0,0.7592414126785818,0.0,0.0,0.118569963728033,0.11899491152642186,0.0,0.0,0.7679105375087334,0.0,0.0,0.11142176784073786,0.12066769465052885,0.0,0.0
2023-12-29,1466553328.0647526,2633228.1447527683,2059474.8699999999,1461860625.05,0.9968001824925486,Bull,1.0,0.0,0.0,0.0,0.7590694478999868,0.0,0.0,0.11877181461232839,0.11895891998023347,0.0,0.0,0.7679105375087334,0.0,0.0,0.11142176784073786,0.12066769465052885,0.0,0.0
2024-01-02,1464841793.4647527,2633228.1447527683,2059474.8699999999,1460149090.45,0.9967964437963959,Bull,1.0,0.0,0.0,0.0,0.7587153066006119,0.0,0.0,0.11946682623389451,0.11861431096188944,0.0,0.0,0.7679105375087334,0.0,0.0,0.11142176784073786,0.12066769465052885,0.0,0.0
2024-01-03,1446766635.9647527,2633228.1447527683,2059474.8699999999,1442073932.95,0.996756420214499,Bull,1.0,0.0,0.0,0.0,0.7583183809173276,0.0,0.0,0.12043393569399742,0.11800410360317386,0.0,0.0,0.7679105375087334,0.0,0.0,0.11142176784073786,0.12066769465052885,0.0,0.0
2024-01-04,1446850865.5147526,2633228.1447527683,2059474.8699999999,1442158162.5,0.9967566090420223,Bull,1.0,0.0,0.0,0.0,0.7592768464835249,0.0,0.0,0.1195270391177968,0.11795272344070067,0.0,0.0,0.7679105375087334,0.0,0.0,0.11142176784073786,0.12066769465052885,0.0,0.0
2024-01-05,1448464678.3647525,2633228.1447527683,2059474.8699999999,1443771975.35,0.9967602226793335,Bull,1.0,0.0,0.0,0.0,0.7594570939706312,0.0,0.0,0.11979304886874513,0.1175100798399572,0.0,0.0,0.7679105375087334,0.0,0.0,0.11142176784073786,0.12066769465052885,0.0,0.0
2024-01-08,1459503024.2147527,2633228.1447527683,2059474.8699999999,1454810321.2,0.9967847253915233,Bull,1.0,0.0,0.0,0.0,0.7597924107054351,0.0,0.0,0.11984147829642573,0.11715083638966242,0.0,0.0,0.7679105375087334,0.0,0.0,0.11142176784073786,0.12066769465052885,0.0,0.0
2024-01-09,1452020534.0147526,2633228.1447527683,2059474.8699999999,1447327831.0,0.9967681565757355,Bull,1.0,0.0,0.0,0.0,0.7587686297753184,0.0,0.0,0.12002323377489463,0.11797629302552241,0.0,0.0,0.7679105375087334,0.0,0.0,0.11142176784073786,0.12066769465052885,0.0,0.0
2024-01-10,1446657387.7647526,2633228.1447527683,2059474.8699999999,1441964684.75,0.9967561752669003,Bull,1.0,0.0,0.0,0.0,0.7585352924824267,0.0,0.0,0.12043044985875463,0.11779043292571903,0.0,0.0,0.7679105375087334,0.0,0.0,0.11142176784073786,0.12066769465052885,0.0,0.0
2024-01-11,1451117494.1147528,2633228.1447527683,2059474.8699999999,1446424791.1000001,0.9967661453784517,Bull,1.0,0.0,0.0,0.0,0.7582277765669273,0.0,0.0,0.12062179713902499,0.11791657167249942,0.0,0.0,0.7679105375087334,0.0,0.0,0.11142176784073786,0.12066769465052885,0.0,0.0
2024-01-12,1444958174.8147526,2633228.1447527683,2059474.8699999999,1440265471.8,0.9967523606589137,Bull,1.0,0.0,0.0,0.0,0.757813403104476,0.0,0.0,0.12069802644796898,0.11824093110646876,0.0,0.0,0.7679105375087334,0.0,0.0,0.11142176784073786,0.12066769465052885,0.0,0.0
2024-01-15,1441814950.8647525,2633228.1447527683,2059474.8699999999,1437122247.85,0.9967452806534305,Bull,1.0,0.0,0.0,0.0,0.7566096101276518,0.0,0.0,0.12132430718316833,0.11881136334261035,0.0,0.0,0.7679105375087334,0.0,0.0,0.11142176784073786,0.12066769465052885,0.0,0.0
2024-01-16,1423677073.7647526,2633228.1447527683,2059474.8699999999,1418984370.75,0.9967038150004458,Bull,1.0,0.0,0.0,0.0,0.7562425430529227,0.0,0.0,0.12135757692797479,0.11910369501954825,0.0,0.0,0.7679105375087334,0.0,0.0,0.11142176784073786,0.12066769465052885,0.0,0.0
2024-01-17,1400915989.2147527,2633228.1447527683,5923474.87,1392359286.2,0.9938920655623691,Bull,1.0,0.0,0.0,0.0,0.7539540517287124,0.0,0.0,0.12276068038626463,0.11717733344739194,0.0,0.0,0.7679105375087334,0.0,0.0,0.11142176784073786,0.12066769465052885,0.0,0.0
2024-01-18,1407340188.9147525,2633228.1447527683,5923474.87,1398783485.8999999,0.9939199469452009,Bull,1.0,0.0,0.0,0.0,0.7542863440278695,0.0,0.0,0.12221323696627438,0.11742036595105705,0.0,0.0,0.7679105375087334,0.0,0.0,0.11142176784073786,0.12066769465052885,0.0,0.0
2024-01-19,1420898842.4147525,2633228.1447527683,5923474.87,1412342139.3999999,0.9939779646802929,Bull,1.0,0.0,0.0,0.0,0.7520031036017304,0.0,0.0,0.12150520138829518,0.12046965969026732,0.0,0.0,0.7679105375087334,0.0,0.0,0.11142176784073786,0.12066769465052885,0.0,0.0
2024-01-22,1422271116.5346816,1236525.76468152,5923474.87,1415111115.9,0.9949657976236439,Bull,1.0,0.0,0.0,0.0,0.7598071164750738,0.0,0.0,0.11389614688561378,0.12126253426295634,0.0,0.0,0.7679105375087334,0.0,0.0,0.11142176784073786,0.12066769465052885,0.0,0.0
2024-01-23,1425065800.6846814,1236525.76468152,5923474.87,1417905800.05,0.9949756701541491,Bull,1.0,0.0,0.0,0.0,0.7596650972396302,0.0,0.0,0.1140597156439411,0.12125085727057781,0.0,0.0,0.7679105375087334,0.0,0.0,0.11142176784073786,0.12066769465052885,0.0,0.0
2024-01-24,1429309006.7346814,1236525.76468152,5923474.87,1422149006.1,0.994990585939818,Bull,1.0,0.0,0.0,0.0,0.7599996928457347,0.0,0.0,0.11414508635380398,0.1208458067402794,0.0,0.0,0.7679105375087334,0.0,0.0,0.11142176784073786,0.12066769465052885,0.0,0.0
2024-01-25,1432220002.0346816,1236525.76468152,5923474.87,1425060001.4,0.9950007676023868,Bull,1.0,0.0,0.0,0.0,0.7589643698983042,0.0,0.0,0.11395120845131725,0.1220851892527653,0.0,0.0,0.7679105375087334,0.0,0.0,0.11142176784073786,0.12066769465052885,0.0,0.0
2024-01-26,1442207119.2846816,1236525.76468152,5923474.87,1435047118.65,0.9950353867076784,Bull,1.0,0.0,0.0,0.0,0.7609527466445483,0.0,0.0,0.11284287660479626,0.12123976345833394,0.0,0.0,0.7679105375087334,0.0,0.0,0.11142176784073786,0.12066769465052885,0.0,0.0
2024-01-29,1444202554.7346816,1236525.76468152,5923474.87,1437042554.1000001,0.9950422462477939,Bull,1.0,0.0,0.0,0.0,0.7600795681334764,0.0,0.0,0.11313177605479027,0.12183090205952722,0.0,0.0,0.7679105375087334,0.0,0.0,0.11142176784073786,0.12066769465052885,0.0,0.0
2024-01-30,1430283854.5346816,1236525.76468152,5923474.87,1423123853.9,0.9949940002384975,Bull,1.0,0.0,0.0,0.0,0.7584966441874174,0.0,0.0,0.11379629259183068,0.12270106345924954,0.0,0.0,0.7679105375087334,0.0,0.0,0.11142176784073786,0.12066769465052885,0.0,0.0
2024-01-31,1429187688.6846814,1236525.76468152,5923474.87,1422027688.05,0.9949901607106125,Bull,1.0,0.0,0.0,0.0,0.7604225439768502,0.0,0.0,0.11339588304818922,0.12117173368557312,0.0,0.0,0.7679105375087334,0.0,0.0,0.11142176784073786,0.12066769465052885,0.0,0.0
2024-02-01,1442632711.9346814,1236525.76468152,5923474.87,1435472711.3,0.9950368513236614,Bull,1.0,0.0,0.0,0.0,0.7617269123381384,0.0,0.0,0.11326749951542654,0.1200424394700964,0.0,0.0,0.7679105375087334,0.0,0.0,0.11142176784073786,0.12066769465052885,0.0,0.0
2024-02-02,1446585328.1846814,1236525.76468152,5923474.87,1439425327.55,0.9950504125161655,Bull,1.0,0.0,0.0,0.0,0.7613410741086919,0.0,0.0,0.11332660217543053,0.1203827362320431,0.0,0.0,0.7679105375087334,0.0,0.0,0.11142176784073786,0.12066769465052885,0.0,0.0
2024-02-05,1440419258.3846815,1236525.76468152,5923474.87,1433259257.75,0.9950292245865201,Bull,1.0,0.0,0.0,0.0,0.7586920970325886,0.0,0.0,0.1146784167446096,0.12165871080932199,0.0,0.0,0.7679105375087334,0.0,0.0,0.11142176784073786,0.12066769465052885,0.0,0.0
2024-02-15,1447717546.4346814,1236525.76468152,5923474.87,1440557545.8,0.9950542834461635,Bull,1.0,0.0,0.0,0.0,0.7546916858821779,0.0,0.0,0.11361884809995389,0.12674374946403175,0.0,0.0,0.7679105375087334,0.0,0.0,0.11142176784073786,0.12066769465052885,0.0,0.0
2024-02-16,1450397408.8846815,1236525.76468152,5923474.87,1443237408.25,0.995063421521011,Bull,1.0,0.0,0.0,0.0,0.7552424608179188,0.0,0.0,0.11424455048318037,0.12557641021991187,0.0,0.0,0.7679105375087334,0.0,0.0,0.11142176784073786,0.12066769465052885,0.0,0.0
2024-02-19,1462675819.7846816,1236525.76468152,5923474.87,1455515819.15,0.9951048615572687,Bull,1.0,0.0,0.0,0.0,0.7574733267369512,0.0,0.0,0.1132855262654116,0.12434600855490589,0.0,0.0,0.7679105375087334,0.0,0.0,0.11142176784073786,0.12066769465052885,0.0,0.0
2024-02-20,1469274006.2346814,1236525.76468152,5923474.87,1462114005.6,0.995126844547512,Bull,1.0,0.0,0.0,0.0,0.7575931724624868,0.0,0.0,0.11326355689533593,0.12427011518968921,0.0,0.0,0.7679105375087334,0.0,0.0,0.11142176784073786,0.12066769465052885,0.0,0.0
2024-02-21,1462575049.2846816,5100525.76468152,2059474.8699999999,1455415048.65,0.9951045242853122,Bull,1.0,3864000.0,0.0,0.0,0.75670527074237,0.0,0.0,0.11395654539677483,0.12444270814616738,0.0,0.0,0.7679105375087334,0.0,0.0,0.11142176784073786,0.12066769465052885,0.0,0.0
2024-02-22,1464495691.9642015,742626.9442015206,2059474.8699999999,1461693590.15,0.9980866438668432,Bull,1.0,0.0,0.0,0.0,0.7590179993354135,0.0,0.0,0.11338087295927592,0.12568777157215388,0.0,0.0,0.7679105375087334,0.0,0.0,0.11142176784073786,0.12066769465052885,0.0,0.0
2024-02-23,1462785284.6142013,742626.9442015206,2059474.8699999999,1459983182.8,0.9980844066154655,Bull,1.0,0.0,0.0,0.0,0.7579612978485906,0.0,0.0,0.11345123699666512,0.12667187177020983,0.0,0.0,0.7679105375087334,0.0,0.0,0.11142176784073786,0.12066769465052885,0.0,0.0
2024-02-26,1455940643.9642012,742626.9442015206,2059474.8699999999,1453138542.1499999,0.9980754010640353,Bull,1.0,0.0,0.0,0.0,0.7565838598685927,0.0,0.0,0.11404709435674133,0.12744444683870118,0.0,0.0,0.7679105375087334,0.0,0.0,0.11142176784073786,0.12066769465052885,0.0,0.0
2024-02-27,1455790584.9142013,742626.9442015206,2059474.8699999999,1452988483.1,0.9980752026814581,Bull,1.0,0.0,0.0,0.0,0.7580225786149299,0.0,0.0,0.11312629831969005,0.12692632574683818,0.0,0.0,0.7679105375087334,0.0,0.0,0.11142176784073786,0.12066769465052885,0.0,0.0
2024-02-29,1465006276.5642014,742626.9442015206,2059474.8699999999,1462204174.75,0.9980873107105227,Bull,1.0,0.0,0.0,0.0,0.7600148153366673,0.0,0.0,0.11198859870059416,0.12608389667326128,0.0,0.0,0.7679105375087334,0.0,0.0,0.11142176784073786,0.12066769465052885,0.0,0.0
2024-03-01,1460728549.1642013,742626.9442015206,2059474.8699999999,1457926447.35,0.9980817094210935,Bull,1.0,0.0,0.0,0.0,0.7594131353047878,0.0,0.0,0.11265666033169427,0.12601191378461152,0.0,0.0,0.7679105375087334,0.0,0.0,0.11142176784073786,0.12066769465052885,0.0,0.0
2024-03-04,1464380017.5642014,742626.9442015206,2059474.8699999999,1461577915.75,0.9980864927268932,Bull,1.0,0.0,0.0,0.0,0.7559835237245477,0.0,0.0,0.11275228971960562,0.12935067928273988,0.0,0.0,0.7679105375087334,0.0,0.0,0.11142176784073786,0.12066769465052885,0.0,0.0
2024-03-05,1464503763.3142014,742626.9442015206,2059474.8699999999,1461701661.5,0.9980866544119626,Bull,1.0,0.0,0.0,0.0,0.755386595249504,0.0,0.0,0.11230411564651875,0.1303959435159399,0.0,0.0,0.7679105375087334,0.0,0.0,0.11142176784073786,0.12066769465052885,0.0,0.0
2024-03-06,1473832793.3642015,742626.9442015206,2059474.8699999999,1471030691.5500002,0.9980987654591364,Bull,1.0,0.0,0.0,0.0,0.7558374644434466,0.0,0.0,0.11207852121606364,0.1301827797996263,0.0,0.0,0.7679105375087334,0.0,0.0,0.11142176784073786,0.12066769465052885,0.0,0.0
2024-03-07,1475195919.3642013,742626.9442015206,2059474.8699999999,1472393817.55,0.9981005222578103,Bull,1.0,0.0,0.0,0.0,0.7535333462887394,0.0,0.0,0.11149014028650871,0.1330770356825622,0.0,0.0,0.7679105375087334,0.0,0.0,0.11142176784073786,0.12066769465052885,0.0,0.0
2024-03-08,1484944778.0642014,742626.9442015206,2059474.8699999999,1482142676.25,0.9981129925801994,Bull,1.0,0.0,0.0,0.0,0.7536319483266439,0.0,0.0,0.110411378538759,0.1340696657147964,0.0,0.0,0.7679105375087334,0.0,0.0,0.11142176784073786,0.12066769465052885,0.0,0.0
2024-03-11,1482706601.9642015,742626.9442015206,2059474.8699999999,1479904500.15,0.9981101441037025,Bull,1.0,0.0,0.0,0.0,0.75374102918912,0.0,0.0,0.11144457020768668,0.13292454470689577,0.0,0.0,0.7679105375087334,0.0,0.0,0.11142176784073786,0.12066769465052885,0.0,0.0
2024-03-12,1486043271.2142015,742626.9442015206,2059474.8699999999,1483241169.4,0.9981143874687365,Bull,1.0,0.0,0.0,0.0,0.7528938699650618,0.0,0.0,0.11120658678059409,0.13401393072308054,0.0,0.0,0.7679105375087334,0.0,0.0,0.11142176784073786,0.12066769465052885,0.0,0.0
2024-03-13,1493955165.375879,400946.20587927196,2059474.8699999999,1491494744.3,0.9983530823863378,Bull,1.0,0.0,0.0,0.0,0.7640280784549635,0.0,0.0,0.1103498979224867,0.12397510600888773,0.0,0.0,0.7679105375087334,0.0,0.0,0.11142176784073786,0.12066769465052885,0.0,0.0
2024-03-14,1514833339.475879,400946.20587927196,2059474.8699999999,1512372918.3999999,0.9983757810105167,Bull,1.0,0.0,0.0,0.0,0.7665740435854003,0.0,0.0,0.10965344877969987,0.12214828864541659,0.0,0.0,0.7679105375087334,0.0,0.0,0.11142176784073786,0.12066769465052885,0.0,0.0
2024-03-15,1512138917.1258793,400946.20587927196,2059474.8699999999,1509678496.0500002,0.9983728868769838,Bull,1.0,0.0,0.0,0.0,0.7674745904006061,0.0,0.0,0.11018914870380885,0.12070914777256884,0.0,0.0,0.7679105375087334,0.0,0.0,0.11142176784073786,0.12066769465052885,0.0,0.0
2024-03-18,1509370850.375879,400946.20587927196,2059474.8699999999,1506910429.3,0.998369902880219,Bull,1.0,0.0,0.0,0.0,0.7655040038783464,0.0,0.0,0.11082882643343865,0.12203707256843394,0.0,0.0,0.7679105375087334,0.0,0.0,0.11142176784073786,0.12066769465052885,0.0,0.0
2024-03-19,1501889768.6258793,400946.20587927196,2059474.8699999999,1499429347.5500002,0.9983617831832424,Bull,1.0,0.0,0.0,0.0,0.7647476676007027,0.0,0.0,0.11124717904754558,0.12236693653499414,0.0,0.0,0.7679105375087334,0.0,0.0,0.11142176784073786,0.12066769465052885,0.0,0.0
2024-03-20,1493939776.2758791,400946.20587927196,2059474.8699999999,1491479355.2,0.9983530654214104,Bull,1.0,0.0,0.0,0.0,0.7641625006101876,0.0,0.0,0.11185122898096167,0.12233933583026116,0.0,0.0,0.7679105375087334,0.0,0.0,0.11142176784073786,0.12066769465052885,0.0,0.0
2024-03-21,1516009066.625879,400946.20587927196,2059474.8699999999,1513548645.55,0.9983770406588959,Bull,1.0,0.0,0.0,0.0,0.763794604558095,0.0,0.0,0.11071892886074822,0.12386350724005263,0.0,0.0,0.7679105375087334,0.0,0.0,0.11142176784073786,0.12066769465052885,0.0,0.0
2024-03-22,1514007783.6258793,400946.20587927196,2059474.8699999999,1511547362.5500002,0.9983748953588688,Bull,1.0,0.0,0.0,0.0,0.7631788786335072,0.0,0.0,0.11132637614077782,0.12386964058458381,0.0,0.0,0.7679105375087334,0.0,0.0,0.11142176784073786,0.12066769465052885,0.0,0.0
2024-03-25,1515653938.325879,400946.20587927196,2059474.8699999999,1513193517.25,0.9983766603881907,Bull,1.0,0.0,0.0,0.0,0.7627998634879801,0.0,0.0,0.11160555567641067,0.12397124122379997,0.0,0.0,0.7679105375087334,0.0,0.0,0.11142176784073786,0.12066769465052885,0.0,0.0
2024-03-26,1524759150.875879,400946.20587927196,2059474.8699999999,1522298729.8,0.9983863542812872,Bull,1.0,0.0,0.0,0.0,0.7632709265141756,0.0,0.0,0.11180624815537014,0.12330917961174136,0.0,0.0,0.7679105375087334,0.0,0.0,0.11142176784073786,0.12066769465052885,0.0,0.0
2024-03-27,1523832793.575879,400946.20587927196,2059474.8699999999,1521372372.5,0.9983853733255698,Bull,1.0,0.0,0.0,0.0,0.7617150827789964,0.0,0.0,0.11324700500442861,0.12342328554214485,0.0,0.0,0.7679105375087334,0.0,0.0,0.11142176784073786,0.12066769465052885,0.0,0.0
2024-03-28,1516176025.9758792,400946.20587927196,2059474.8699999999,1513715604.9,0.9983772193770869,Bull,1.0,0.0,0.0,0.0,0.7623013324960642,0.0,0.0,0.11261944330645714,0.12345644357456545,0.0,0.0,0.7679105375087334,0.0,0.0,0.11142176784073786,0.12066769465052885,0.0,0.0
2024-03-29,1525439847.425879,400946.20587927196,2059474.8699999999,1522979426.35,0.9983870743379157,Bull,1.0,0.0,0.0,0.0,0.7624458141123216,0.0,0.0,0.11245248397664864,0.12348877624894554,0.0,0.0,0.7679105375087334,0.0,0.0,0.11142176784073786,0.12066769465052885,0.0,0.0
2024-04-01,1528291156.875879,400946.20587927196,2059474.8699999999,1525830735.8,0.9983900835486684,Bull,1.0,0.0,0.0,0.0,0.7627631885163586,0.0,0.0,0.1127588151149629,0.12286807991734687,0.0,0.0,0.7679105375087334,0.0,0.0,0.11142176784073786,0.12066769465052885,0.0,0.0
2024-04-02,1529105551.675879,400946.20587927196,2059474.8699999999,1526645130.6,0.9983909409829933,Bull,1.0,0.0,0.0,0.0,0.7611346903583145,0.0,0.0,0.11269817169333504,0.12455807893134371,0.0,0.0,0.7679105375087334,0.0,0.0,0.11142176784073786,0.12066769465052885,0.0,0.0
2024-04-03,1505513301.425879,400946.20587927196,2059474.8699999999,1503052880.35,0.9983657261124502,Bull,1.0,0.0,0.0,0.0,0.7595921798013431,0.0,0.0,0.11313523423451845,0.12563831207658874,0.0,0.0,0.7679105375087334,0.0,0.0,0.11142176784073786,0.12066769465052885,0.0,0.0
2024-04-08,1519629884.875879,400946.20587927196,2059474.8699999999,1517169463.8,0.9983809076799776,Bull,1.0,0.0,0.0,0.0,0.7598021895274238,0.0,0.0,0.1134009680351051,0.1251777501174486,0.0,0.0,0.7679105375087334,0.0,0.0,0.11142176784073786,0.12066769465052885,0.0,0.0
2024-04-09,1528374185.825879,400946.20587927196,2059474.8699999999,1525913764.75,0.9983901710074031,Bull,1.0,0.0,0.0,0.0,0.759003734496572,0.0,0.0,0.11195870853284245,0.12742772797798865,0.0,0.0,0.7679105375087334,0.0,0.0,0.11142176784073786,0.12066769465052885,0.0,0.0
2024-04-10,1527412698.2258792,400946.20587927196,2059474.8699999999,1524952277.15,0.9983891576397546,Bull,1.0,0.0,0.0,0.0,0.7586498910844048,0.0,0.0,0.11242658922467932,0.1273126773306704,0.0,0.0,0.7679105375087334,0.0,0.0,0.11142176784073786,0.12066769465052885,0.0,0.0
2024-04-11,1524381697.675879,400946.20587927196,2059474.8699999999,1521921276.6,0.9983859547253615,Bull,1.0,0.0,0.0,0.0,0.7581637711618188,0.0,0.0,0.1130476705819392,0.1271745129816036,0.0,0.0,0.7679105375087334,0.0,0.0,0.11142176784073786,0.12066769465052885,0.0,0.0
2024-04-12,1517474194.2258792,400946.20587927196,2059474.8699999999,1515013773.15,0.9983786076328407,Bull,1.0,0.0,0.0,0.0,0.7581162681562922,0.0,0.0,0.11282340131480058,0.12743893816174787,0.0,0.0,0.7679105375087334,0.0,0.0,0.11142176784073786,0.12066769465052885,0.0,0.0
2024-04-15,1511507605.7258792,400946.20587927196,2059474.8699999999,1509047184.65,0.9983722072806259,Bull,1.0,0.0,0.0,0.0,0.7584777478505885,0.0,0.0,0.11360994767706306,0.12628451175297442,0.0,0.0,0.7679105375087334,0.0,0.0,0.11142176784073786,0.12066769465052885,0.0,0.0
2024-04-16,1483526342.675879,400946.20587927196,2059474.8699999999,1481065921.6,0.998341504963477,Bull,1.0,0.0,0.0,0.0,0.7588919988904927,0.0,0.0,0.11428121976870144,0.1251682863042828,0.0,0.0,0.7679105375087334,0.0,0.0,0.11142176784073786,0.12066769465052885,0.0,0.0
2024-04-17,1487364110.625879,400946.20587927196,2059474.8699999999,1484903689.55,0.9983457842916192,Bull,1.0,0.0,0.0,0.0,0.7589258618557121,0.0,0.0,0.11317094368316355,0.1262489787527436,0.0,0.0,0.7679105375087334,0.0,0.0,0.11142176784073786,0.12066769465052885,0.0,0.0
2024-04-18,1494029581.175879,400946.20587927196,2059474.8699999999,1491569160.1,0.9983531644173052,Bull,1.0,0.0,0.0,0.0,0.7581753563463431,0.0,0.0,0.11325438407104801,0.126923423999914,0.0,0.0,0.7679105375087334,0.0,0.0,0.11142176784073786,0.12066769465052885,0.0,0.0
2024-04-19,1469342717.375879,400946.20587927196,2059474.8699999999,1466882296.3,0.99832549544311,Bull,1.0,0.0,0.0,0.0,0.7616591984058598,0.0,0.0,0.11414641255345383,0.12251988448379626,0.0,0.0,0.7679105375087334,0.0,0.0,0.11142176784073786,0.12066769465052885,0.0,0.0
2024-04-22,1494075862.5258791,400946.20587927196,2059474.8699999999,1491615441.45,0.9983532154306278,Bull,1.0,0.0,0.0,0.0,0.7636309641741755,0.0,0.0,0.11458989753743813,0.1201323537190141,0.0,0.0,0.7679105375087334,0.0,0.0,0.11142176784073786,0.12066769465052885,0.0,0.0
2024-04-23,1500830388.675879,400946.20587927196,2059474.8699999999,1498369967.6,0.9983606268273594,Bull,1.0,0.0,0.0,0.0,0.7641282960773457,0.0,0.0,0.11348804054418961,0.12074429020582403,0.0,0.0,0.7679105375087334,0.0,0.0,0.11142176784073786,0.12066769465052885,0.0,0.0
2024-04-24,1501612936.4258792,400946.20587927196,2059474.8699999999,1499152515.3500001,0.9983614811672206,Bull,1.0,0.0,0.0,0.0,0.7612404219630429,0.0,0.0,0.11290426173573961,0.12421679746843806,0.0,0.0,0.7679105375087334,0.0,0.0,0.11142176784073786,0.12066769465052885,0.0,0.0
2024-04-25,1484241541.425879,400946.20587927196,2059474.8699999999,1481781120.35,0.9983423041282651,Bull,1.0,0.0,0.0,0.0,0.7614921081269591,0.0,0.0,0.11347034515568472,0.1233798508456213,0.0,0.0,0.7679105375087334,0.0,0.0,0.11142176784073786,0.12066769465052885,0.0,0.0
2024-04-26,1489102758.5258791,400946.20587927196,2059474.8699999999,1486642337.45,0.9983477157222416,Bull,1.0,0.0,0.0,0.0,0.7601455513859544,0.0,0.0,0.11322220648285093,0.12497995785343623,0.0,0.0,0.7679105375087334,0.0,0.0,0.11142176784073786,0.12066769465052885,0.0,0.0
2024-04-29,1522114131.4758792,400946.20587927196,2059474.8699999999,1519653710.4,0.998383550204942,Sideways,1.0,0.0,0.0,0.0,0.7622965889390584,0.0,0.0,0.11162296997746021,0.12446399128842342,0.0,0.0,0.7679105375087334,0.0,0.0,0.11142176784073786,0.12066769465052885,0.0,0.0
2024-04-30,1518398330.0258791,400946.20587927196,2059474.8699999999,1515937908.95,0.9983795944534283,Sideways,1.0,0.0,0.0,0.0,0.7625461883445736,0.0,0.0,0.11149696140479459,0.12433644470406015,0.0,0.0,0.7679105375087334,0.0,0.0,0.11142176784073786,0.12066769465052885,0.0,0.0
2024-05-02,1522474646.625879,400946.20587927196,2059474.8699999999,1520014225.55,0.9983839329729846,Sideways,1.0,0.0,0.0,0.0,0.7648271701145365,0.0,0.0,0.11119876470534211,0.12235799815310598,0.0,0.0,0.7679105375087334,0.0,0.0,0.11142176784073786,0.12066769465052885,0.0,0.0
2024-05-03,1525216363.725879,400946.20587927196,2059474.8699999999,1522755942.6499999,0.9983868380025319,Sideways,1.0,0.0,0.0,0.0,0.7645647007099533,0.0,0.0,0.11105834164158196,0.12276379565099665,0.0,0.0,0.7679105375087334,0.0,0.0,0.11142176784073786,0.12066769465052885,0.0,0.0
2024-05-06,1557906869.425879,400946.20587927196,2059474.8699999999,1555446448.35,0.9984206879601308,Sideways,1.0,0.0,0.0,0.0,0.767333318705079,0.0,0.0,0.10917661596978553,0.12191075328526635,0.0,0.0,0.7679105375087334,0.0,0.0,0.11142176784073786,0.12066769465052885,0.0,0.0
2024-05-07,1557973694.125879,400946.20587927196,2059474.8699999999,1555513273.05,0.9984207557000765,Sideways,1.0,0.0,0.0,0.0,0.7659346095182431,0.0,0.0,0.10989145750375356,0.12259468867807975,0.0,0.0,0.7679105375087334,0.0,0.0,0.11142176784073786,0.12066769465052885,0.0,0.0
2024-05-08,1564820130.5258791,400946.20587927196,2059474.8699999999,1562359709.45,0.9984276652454284,Bull,1.0,0.0,0.0,0.0,0.7656686452821583,0.0,0.0,0.11024327757211645,0.12251574239115362,0.0,0.0,0.7679105375087334,0.0,0.0,0.11142176784073786,0.12066769465052885,0.0,0.0
2024-05-09,1550159356.425879,400946.20587927196,2059474.8699999999,1547698935.35,0.9984127947454693,Bull,1.0,0.0,0.0,0.0,0.7639969596936262,0.0,0.0,0.11089530846451377,0.12352052658732926,0.0,0.0,0.7679105375087334,0.0,0.0,0.11142176784073786,0.12066769465052885,0.0,0.0
2024-05-10,1567961665.325879,400946.20587927196,2059474.8699999999,1565501244.25,0.9984308155420575,Bull,1.0,0.0,0.0,0.0,0.7661871593017012,0.0,0.0,0.10925056638065034,0.12299308985970593,0.0,0.0,0.7679105375087334,0.0,0.0,0.11142176784073786,0.12066769465052885,0.0,0.0
2024-05-13,1569275886.2758791,400946.20587927196,2059474.8699999999,1566815465.2,0.998432129686439,Bull,1.0,0.0,0.0,0.0,0.7642989838111525,0.0,0.0,0.10998869064993484,0.12414445522535171,0.0,0.0,0.7679105375087334,0.0,0.0,0.11142176784073786,0.12066769465052885,0.0,0.0
2024-05-14,1555646081.325879,400946.20587927196,2059474.8699999999,1553185660.25,0.9984183927787855,Bull,1.0,0.0,0.0,0.0,0.7622865345048793,0.0,0.0,0.11005613812498975,0.1260757201489164,0.0,0.0,0.7679105375087334,0.0,0.0,0.11142176784073786,0.12066769465052885,0.0,0.0
2024-05-15,1564160601.1258793,400946.20587927196,2059474.8699999999,1561700180.0500002,0.998427002269391,Bull,1.0,0.0,0.0,0.0,0.7618065748442314,0.0,0.0,0.1095149052320455,0.12710552219311402,0.0,0.0,0.7679105375087334,0.0,0.0,0.11142176784073786,0.12066769465052885,0.0,0.0
2024-05-16,1569885058.925879,400946.20587927196,2059474.8699999999,1567424637.85,0.9984327380772943,Bull,1.0,0.0,0.0,0.0,0.7620084547262901,0.0,0.0,0.109174298478429,0.12724998487257524,0.0,0.0,0.7679105375087334,0.0,0.0,0.11142176784073786,0.12066769465052885,0.0,0.0
2024-05-17,1575531352.575879,400946.20587927196,2059474.8699999999,1573070931.5,0.9984383547354634,Bull,1.0,0.0,0.0,0.0,0.7625709761571609,0.0,0.0,0.10922486545167759,0.126642513126625,0.0,0.0,0.7679105375087334,0.0,0.0,0.11142176784073786,0.12066769465052885,0.0,0.0
2024-05-20,1593896228.075879,400946.20587927196,2059474.8699999999,1591435807.0,0.9984563480152976,Bull,1.0,0.0,0.0,0.0,0.7649635437508264,0.0,0.0,0.10834689044246784,0.12514591382200324,0.0,0.0,0.7679105375087334,0.0,0.0,0.11142176784073786,0.12066769465052885,0.0,0.0
2024-05-21,1577446111.7258792,400946.20587927196,2059474.8699999999,1574985690.65,0.9984402503149935,Bull,1.0,0.0,0.0,0.0,0.7627215799680376,0.0,0.0,0.10941895175814031,0.12629971858881567,0.0,0.0,0.7679105375087334,0.0,0.0,0.11142176784073786,0.12066769465052885,0.0,0.0
2024-05-22,1583851233.4758792,400946.20587927196,2059474.8699999999,1581390812.4,0.9984465579696652,Bull,1.0,0.0,0.0,0.0,0.7608661640243328,0.0,0.0,0.10953175167801642,0.12804864226731597,0.0,0.0,0.7679105375087334,0.0,0.0,0.11142176784073786,0.12066769465052885,0.0,0.0
2024-05-23,1589823024.4758792,400946.20587927196,2059474.8699999999,1587362603.4,0.998452393104138,Bull,1.0,0.0,0.0,0.0,0.760788707157355,0.0,0.0,0.10912051047769442,0.12854317546908856,0.0,0.0,0.7679105375087334,0.0,0.0,0.11142176784073786,0.12066769465052885,0.0,0.0
2024-05-24,1571025637.075879,400946.20587927196,2059474.8699999999,1568565216.0,0.9984338759229553,Bull,1.0,0.0,0.0,0.0,0.7585162125157888,0.0,0.0,0.11036802704424954,0.12954963636291691,0.0,0.0,0.7679105375087334,0.0,0.0,0.11142176784073786,0.12066769465052885,0.0,0.0
2024-05-27,1573277308.375879,400946.20587927196,2059474.8699999999,1570816887.3,0.998436117356565,Bull,1.0,0.0,0.0,0.0,0.7587367026428927,0.0,0.0,0.10855320870057138,0.13114620601310095,0.0,0.0,0.7679105375087334,0.0,0.0,0.11142176784073786,0.12066769465052885,0.0,0.0
2024-05-28,1569506372.875879,400946.20587927196,2059474.8699999999,1567045951.8,0.9984323599327789,Bull,1.0,0.0,0.0,0.0,0.7572532818852026,0.0,0.0,0.10952774896033805,0.13165132908723823,0.0,0.0,0.7679105375087334,0.0,0.0,0.11142176784073786,0.12066769465052885,0.0,0.0
2024-05-29,1545899591.8758793,400946.20587927196,2059474.8699999999,1543439170.8000002,0.9984084211621445,Bull,1.0,0.0,0.0,0.0,0.7563797331630854,0.0,0.0,0.11018050647992905,0.13184818151913005,0.0,0.0,0.7679105375087334,0.0,0.0,0.11142176784073786,0.12066769465052885,0.0,0.0
2024-05-30,1532827103.325879,400946.20587927196,2059474.8699999999,1530366682.25,0.9983948476181426,Bull,1.0,0.0,0.0,0.0,0.7556289810748188,0.0,0.0,0.11208922364903699,0.13067664289428682,0.0,0.0,0.7679105375087334,0.0,0.0,0.11142176784073786,0.12066769465052885,0.0,0.0
2024-05-31,1539416539.625879,400946.20587927196,2059474.8699999999,1536956118.55,0.9984017184351696,Bull,1.0,0.0,0.0,0.0,0.7564538827372903,0.0,0.0,0.11330299208191502,0.12864484361596423,0.0,0.0,0.7679105375087334,0.0,0.0,0.11142176784073786,0.12066769465052885,0.0,0.0
2024-06-03,1542425513.2758791,400946.20587927196,2059474.8699999999,1539965092.2,0.9984048363731656,Bull,1.0,0.0,0.0,0.0,0.7548498337058774,0.0,0.0,0.11241534745606023,0.1311396552112279,0.0,0.0,0.7679105375087334,0.0,0.0,0.11142176784073786,0.12066769465052885,0.0,0.0
2024-06-04,1533207726.5258791,400946.20587927196,2059474.8699999999,1530747305.45,0.998395246101809,Bull,1.0,0.0,0.0,0.0,0.7554775751584689,0.0,0.0,0.1130904814789122,0.12982718946442787,0.0,0.0,0.7679105375087334,0.0,0.0,0.11142176784073786,0.12066769465052885,0.0,0.0
2024-06-05,1537270421.325879,400946.20587927196,2059474.8699999999,1534810000.25,0.9983994871417893,Bull,1.0,0.0,0.0,0.0,0.7548229212978651,0.0,0.0,0.11285080204065429,0.13072576380326986,0.0,0.0,0.7679105375087334,0.0,0.0,0.11142176784073786,0.12066769465052885,0.0,0.0
2024-06-06,1549000989.7258792,400946.20587927196,2059474.8699999999,1546540568.65,0.998411607809034,Bull,1.0,0.0,0.0,0.0,0.7519189312178017,0.0,0.0,0.11232839820895889,0.1341642783822735,0.0,0.0,0.7679105375087334,0.0,0.0,0.11142176784073786,0.12066769465052885,0.0,0.0
2024-06-07,1557576051.32172,3285174.4017201504,2059474.8699999999,1552231402.05,0.9965686110368835,Bull,1.0,0.0,0.0,0.0,0.7635966481641389,0.0,0.0,0.11056795580149048,0.1224040070712542,0.0,0.0,0.7679105375087334,0.0,0.0,0.11142176784073786,0.12066769465052885,0.0,0.0
2024-06-11,1555640248.72172,3285174.4017201504,2059474.8699999999,1550295599.45,0.9965643410961424,Bull,1.0,0.0,0.0,0.0,0.7629834085517564,0.0,0.0,0.11070554399805012,0.12287538854633592,0.0,0.0,0.7679105375087334,0.0,0.0,0.11142176784073786,0.12066769465052885,0.0,0.0
2024-06-12,1556320378.6217198,3285174.4017201504,2059474.8699999999,1550975729.35,0.9965658425185866,Bull,1.0,0.0,0.0,0.0,0.7610049612014191,0.0,0.0,0.11054214952345355,0.12501873179371387,0.0,0.0,0.7679105375087334,0.0,0.0,0.11142176784073786,0.12066769465052885,0.0,0.0
2024-06-13,1564515832.07172,3285174.4017201504,2059474.8699999999,1559171182.8,0.9965838317758392,Bull,1.0,0.0,0.0,0.0,0.7604591199467389,0.0,0.0,0.10996309303702428,0.12616161879207605,0.0,0.0,0.7679105375087334,0.0,0.0,0.11142176784073786,0.12066769465052885,0.0,0.0
2024-06-14,1575539306.47172,3285174.4017201504,2059474.8699999999,1570194657.2,0.99660773346005,Bull,1.0,0.0,0.0,0.0,0.760077614237227,0.0,0.0,0.11051612567504383,0.1260139935477793,0.0,0.0,0.7679105375087334,0.0,0.0,0.11142176784073786,0.12066769465052885,0.0,0.0
2024-06-17,1577592848.82172,3285174.4017201504,2059474.8699999999,1572248199.55,0.9966121491513404,Bull,1.0,0.0,0.0,0.0,0.7607734152993937,0.0,0.0,0.10998877189992182,0.12584996195202489,0.0,0.0,0.7679105375087334,0.0,0.0,0.11142176784073786,0.12066769465052885,0.0,0.0
2024-06-18,1590547138.62172,3285174.4017201504,2059474.8699999999,1585202489.3500001,0.9966397416700574,Bull,1.0,0.0,0.0,0.0,0.7602610196123157,0.0,0.0,0.10947333516370027,0.12690538689404146,0.0,0.0,0.7679105375087334,0.0,0.0,0.11142176784073786,0.12066769465052885,0.0,0.0
2024-06-19,1596669943.62172,3285174.4017201504,2059474.8699999999,1591325294.3500001,0.9966526273679351,Bull,1.0,0.0,0.0,0.0,0.7582518536071545,0.0,0.0,0.10856251205356629,0.1298382617072143,0.0,0.0,0.7679105375087334,0.0,0.0,0.11142176784073786,0.12066769465052885,0.0,0.0
2024-06-20,1598845420.5717201,3285174.4017201504,2059474.8699999999,1593500771.3000002,0.9966571819871062,Bull,1.0,0.0,0.0,0.0,0.7580958144575237,0.0,0.0,0.10765799981992616,0.13090336770965633,0.0,0.0,0.7679105375087334,0.0,0.0,0.11142176784073786,0.12066769465052885,0.0,0.0
2024-06-21,1594256777.32172,3285174.4017201504,2059474.8699999999,1588912128.05,0.9966475605763466,Bull,1.0,0.0,0.0,0.0,0.7590103082910158,0.0,0.0,0.1071527513196369,0.1304845009656939,0.0,0.0,0.7679105375087334,0.0,0.0,0.11142176784073786,0.12066769465052885,0.0,0.0
2024-06-24,1598110397.9217198,3285174.4017201504,2059474.8699999999,1592765748.6499999,0.9966556445170056,Bull,1.0,0.0,0.0,0.0,0.7618971444234613,0.0,0.0,0.10776351885574538,0.12699498123779882,0.0,0.0,0.7679105375087334,0.0,0.0,0.11142176784073786,0.12066769465052885,0.0,0.0
2024-06-25,1598014260.07172,3285174.4017201504,2059474.8699999999,1592669610.8,0.9966554433178337,Bull,1.0,0.0,0.0,0.0,0.7623864450028885,0.0,0.0,0.10733540011858338,0.12693359819636174,0.0,0.0,0.7679105375087334,0.0,0.0,0.11142176784073786,0.12066769465052885,0.0,0.0
2024-06-26,1590100441.52172,3285174.4017201504,2059474.8699999999,1584755792.25,0.9966387976934306,Bull,1.0,0.0,0.0,0.0,0.7606348068758014,0.0,0.0,0.10743283602670867,0.12857115479092043,0.0,0.0,0.7679105375087334,0.0,0.0,0.11142176784073786,0.12066769465052885,0.0,0.0
2024-06-27,1591135179.97172,3285174.4017201504,2059474.8699999999,1585790530.7,0.9966409835323892,Bull,1.0,0.0,0.0,0.0,0.7604448986675698,0.0,0.0,0.10774320256249188,0.1284528823023275,0.0,0.0,0.7679105375087334,0.0,0.0,0.11142176784073786,0.12066769465052885,0.0,0.0
2024-06-28,1595796265.47172,3285174.4017201504,2059474.8699999999,1590451616.2,0.996650794724012,Bull,1.0,0.0,0.0,0.0,0.7606166855148029,0.0,0.0,0.10716154919027195,0.12887256001893715,0.0,0.0,0.7679105375087334,0.0,0.0,0.11142176784073786,0.12066769465052885,0.0,0.0
2024-07-01,1599356346.67172,3285174.4017201504,2059474.8699999999,1594011697.4,0.9966582498748061,Bull,1.0,0.0,0.0,0.0,0.7600656976349964,0.0,0.0,0.10790340774220376,0.12868914449760588,0.0,0.0,0.7679105375087334,0.0,0.0,0.11142176784073786,0.12066769465052885,0.0,0.0
2024-07-02,1594477241.52172,3285174.4017201504,2059474.8699999999,1589132592.25,0.996648024109382,Bull,1.0,0.0,0.0,0.0,0.7606744145764455,0.0,0.0,0.10775537933424907,0.12821823019868742,0.0,0.0,0.7679105375087334,0.0,0.0,0.11142176784073786,0.12066769465052885,0.0,0.0
2024-07-03,1625421651.07172,3285174.4017201504,2059474.8699999999,1620077001.8,0.9967118382678144,Bull,1.0,0.0,0.0,0.0,0.7635936810498626,0.0,0.0,0.10581408207931582,0.12730407513863598,0.0,0.0,0.7679105375087334,0.0,0.0,0.11142176784073786,0.12066769465052885,0.0,0.0
2024-07-04,1629411596.3217201,3285174.4017201504,7816654.87,1618309767.0500002,0.993186602269935,Bull,1.0,0.0,0.0,0.0,0.7626852968613763,0.0,0.0,0.10019199591345379,0.1303093094951049,0.0,0.0,0.7679105375087334,0.0,0.0,0.11142176784073786,0.12066769465052885,0.0,0.0
2024-07-05,1631685388.67172,3285174.4017201504,7816654.87,1620583559.4,0.993196096901525,Bull,1.0,0.0,0.0,0.0,0.7618283328576726,0.0,0.0,0.10171323537750354,0.1296545286663488,0.0,0.0,0.7679105375087334,0.0,0.0,0.11142176784073786,0.12066769465052885,0.0,0.0
2024-07-08,1641521368.52172,3285174.4017201504,8586354.87,1629649839.25,0.9927679715297213,Bull,1.0,0.0,0.0,0.0,0.7609305691675939,0.0,0.0,0.09889453961004104,0.13294286275208636,0.0,0.0,0.7679105375087334,0.0,0.0,0.11142176784073786,0.12066769465052885,0.0,0.0
2024-07-09,1634056608.1717198,3285174.4017201504,8586354.87,1622185078.8999999,0.9927349338986472,Bull,1.0,0.0,0.0,0.0,0.7601377594193293,0.0,0.0,0.09918199846291278,0.13341517601640515,0.0,0.0,0.7679105375087334,0.0,0.0,0.11142176784073786,0.12066769465052885,0.0,0.0
2024-07-10,1635304302.6217198,3285174.4017201504,8586354.87,1623432773.35,0.9927404769542357,Bull,1.0,0.0,0.0,0.0,0.7601091254742048,0.0,0.0,0.09884582321519851,0.1337855282648323,0.0,0.0,0.7679105375087334,0.0,0.0,0.11142176784073786,0.12066769465052885,0.0,0.0
2024-07-11,1646910379.12172,3285174.4017201504,8586354.87,1635038849.8500001,0.9927916361313778,Bull,1.0,0.0,0.0,0.0,0.7589615170903111,0.0,0.0,0.09804055038265473,0.1357895686584119,0.0,0.0,0.7679105375087334,0.0,0.0,0.11142176784073786,0.12066769465052885,0.0,0.0
2024-07-12,1643256256.1148953,463455.9948955262,8586354.87,1634206445.25,0.9944927573948256,Bull,1.0,0.0,0.0,0.0,0.7676889046097727,0.0,0.0,0.10600111781215757,0.12080273497289538,0.0,0.0,0.7679105375087334,0.0,0.0,0.11142176784073786,0.12066769465052885,0.0,0.0
2024-07-15,1648140359.5148954,463455.9948955262,8586354.87,1639090548.65,0.9945090775717919,Bull,1.0,0.0,0.0,0.0,0.7674005683728718,0.0,0.0,0.10644906484277766,0.12065944435614237,0.0,0.0,0.7679105375087334,0.0,0.0,0.11142176784073786,0.12066769465052885,0.0,0.0
2024-07-16,1646789668.5148954,463455.9948955262,9597354.87,1636728857.65,0.9938906521839135,Bull,1.0,0.0,0.0,0.0,0.7665037811345625,0.0,0.0,0.10653637398528111,0.12085049706406989,0.0,0.0,0.7679105375087334,0.0,0.0,0.11142176784073786,0.12066769465052885,0.0,0.0
2024-07-17,1642256960.8648953,463455.9948955262,9597354.87,1632196150.0,0.9938737900921444,Bull,1.0,0.0,0.0,0.0,0.7673994265405821,0.0,0.0,0.10698325791079046,0.11949110564077177,0.0,0.0,0.7679105375087334,0.0,0.0,0.11142176784073786,0.12066769465052885,0.0,0.0
2024-07-18,1658367169.6648953,463455.9948955262,9597354.87,1648306358.8,0.9939333031617309,Bull,1.0,0.0,0.0,0.0,0.7707326713771572,0.0,0.0,0.10700404786465807,0.11619658391991565,0.0,0.0,0.7679105375087334,0.0,0.0,0.11142176784073786,0.12066769465052885,0.0,0.0
2024-07-19,1643686993.0148952,463455.9948955262,9597354.87,1633626182.1499999,0.9938791199859521,Bull,0.5,0.0,0.0,0.0,0.7710549134573061,0.0,0.0,0.10826544272495035,0.11455876380369558,0.0,0.0,0.3839552687543667,0.0,0.0,0.05571088392036893,0.06033384732526442,0.0,0.0
2024-07-22,1631131860.669283,1867018.5492830193,9597354.87,1619667487.25,0.9929715225999087,Bull,0.5,0.0,0.0,0.0,0.6202052768651746,0.0,0.0,0.2821465947033639,0.09061965103137021,0.0,0.0,0.3839552687543667,0.0,0.0,0.05571088392036893,0.06033384732526442,0.0,0.0
2024-07-23,1649228512.6811693,163482806.36116937,9597354.87,1476148351.45,0.8950538631242854,Bull,0.5,0.0,0.0,0.0,0.6105592061423843,0.0,0.0,0.2045176259120415,0.07997703106985948,0.0,0.0,0.3839552687543667,0.0,0.0,0.05571088392036893,0.06033384732526442,0.0,0.0
2024-07-26,1641105549.3495262,423686875.02952623,9597354.87,1207821319.45,0.735980278616897,Bull,0.5,0.0,0.0,0.0,0.4965112206055044,0.0,0.0,0.17184391345930186,0.06762514455209075,0.0,0.0,0.3839552687543667,0.0,0.0,0.05571088392036893,0.06033384732526442,0.0,0.0
2024-07-29,1647231934.224938,698890705.4549382,9597354.87,938743873.9,0.5698917404376946,Sideways,0.5,0.0,0.0,0.0,0.4147551171787238,0.0,0.0,0.09264269155381803,0.062493931705152786,0.0,0.0,0.3839552687543667,0.0,0.0,0.05571088392036893,0.06033384732526442,0.0,0.0
2024-07-30,1641410478.721575,739098750.1015751,9597354.87,892714373.75,0.5438702782288178,Bull,0.5,0.0,0.0,0.0,0.3901064249624639,0.0,0.0,0.09258866198927136,0.061175191277082555,0.0,0.0,0.3839552687543667,0.0,0.0,0.05571088392036893,0.06033384732526442,0.0,0.0
2024-07-31,1644368075.1939154,748262645.2239155,8827654.87,887277775.1,0.5395858679604724,Bull,0.5,769700.0000000001,0.0,0.0,0.38618204444592696,0.0,0.0,0.09280403961990315,0.060599783894642184,0.0,0.0,0.3839552687543667,0.0,0.0,0.05571088392036893,0.06033384732526442,0.0,0.0
2024-08-01,1650829580.093296,751101903.1232963,8827654.87,890900022.0999999,0.5396680752774318,Sideways,0.5,0.0,0.0,0.0,0.38592476763349165,0.0,0.0,0.09244079573094131,0.06130251191299875,0.0,0.0,0.3839552687543667,0.0,0.0,0.05571088392036893,0.06033384732526442,0.0,0.0
2024-08-02,1640428665.532537,754520950.7625371,8827654.87,877080059.9,0.5346651630324145,Sideways,0.5,0.0,0.0,0.0,0.38255565333971714,0.0,0.0,0.09417538430410695,0.057934125388590385,0.0,0.0,0.3839552687543667,0.0,0.0,0.05571088392036893,0.06033384732526442,0.0,0.0
2024-08-05,1603800270.120651,751850936.6506511,8827654.87,843121678.6,0.5257024171323861,Crisis,0.5,0.0,0.0,0.0,0.37512007561561356,0.0,0.0,0.09515149912558618,0.05543084239118641,0.0,0.0,0.36921645156577504,0.0,0.0,0.08553316294027669,0.04525038549394832,0.0,0.0
2024-08-06,1615743460.070651,751850936.6506511,8827654.87,855064868.55,0.5292083116416333,Crisis,0.5,0.0,0.0,0.0,0.3763177036306325,0.0,0.0,0.0948368375220282,0.058053770488972575,0.0,0.0,0.3581623386743313,0.0,0.0,0.10789987220520751,0.033937789120461234,0.0,0.0
2024-08-07,1618553186.5163388,787520065.2963389,8827654.87,822205466.35,0.5079879198283609,Crisis,0.5,0.0,0.0,0.0,0.3625493256807946,0.0,0.0,0.10390650205445214,0.04153209209311418,0.0,0.0,0.347735788673308,0.0,0.0,0.12467490415390563,0.027589307172786362,0.0,0.0
2024-08-08,1612421407.5676143,801993135.5476142,15591094.169999998,794837177.85,0.49294630679025503,Crisis,0.5,5757184.0,424609.0,4.0,0.34268692120848654,0.0,0.0,0.11969110500159814,0.03056828058017032,0.0,0.0,0.34087102506693306,0.0,0.0,0.13725617811542923,0.021872796817637697,0.0,0.0
2024-08-09,1624617042.8214545,794790298.8514545,14580094.169999998,815246649.8000001,0.501808505211893,Crisis,0.5,1011000.0,0.0,0.0,0.3448097213280092,0.0,0.0,0.13231986020943468,0.024678923674449172,0.0,0.0,0.34087102506693306,0.0,0.0,0.13725617811542923,0.021872796817637697,0.0,0.0
2024-08-12,1627968782.0214546,794790298.8514545,14580094.169999998,818598389.0,0.502834205446829,Crisis,0.5,0.0,0.0,0.0,0.34628292337400035,0.0,0.0,0.1316150545183957,0.02493622755443292,0.0,0.0,0.34087102506693306,0.0,0.0,0.13725617811542923,0.021872796817637697,0.0,0.0
2024-08-13,1622382108.5714545,794790304.8514545,17217416.97,810374386.75,0.4994966244194801,Crisis,0.5,6.0,21977.0,6.0,0.34184270389812044,0.0,0.0,0.1325685847148427,0.025085335806516965,0.0,0.0,0.34087102506693306,0.0,0.0,0.13725617811542923,0.021872796817637697,0.0,0.0
2024-08-14,1631257293.3714545,794790306.8514545,19885633.82,816581352.7,0.5005840317270268,Crisis,0.5,2.0,143673.0,2.0,0.34284036918794664,0.0,0.0,0.13248032721640657,0.0252633353226736,0.0,0.0,0.34087102506693306,0.0,0.0,0.13725617811542923,0.021872796817637697,0.0,0.0
2024-08-15,1623410942.2214544,794790306.8514545,19885633.82,808735001.5500001,0.4981702294326892,Crisis,0.5,0.0,0.0,0.0,0.339440918635147,0.0,0.0,0.13354049449940622,0.025188816298135946,0.0,0.0,0.34087102506693306,0.0,0.0,0.13725617811542923,0.021872796817637697,0.0,0.0
2024-08-16,1632985125.2214544,794790306.8514545,19885633.82,818309184.5500001,0.50111245467654,Crisis,0.5,0.0,0.0,0.0,0.34186636236156304,0.0,0.0,0.1336394904212033,0.025606601893773714,0.0,0.0,0.34087102506693306,0.0,0.0,0.13725617811542923,0.021872796817637697,0.0,0.0
2024-08-19,1631610430.0214546,794790306.8514545,19885633.82,816934489.35,0.5006921225302893,Crisis,0.5,0.0,0.0,0.0,0.3414932137585523,0.0,0.0,0.13353579751088931,0.02566311126084761,0.0,0.0,0.34087102506693306,0.0,0.0,0.13725617811542923,0.021872796817637697,0.0,0.0
2024-08-20,1636746248.9214544,794790306.8514545,19885633.82,822070308.25,0.502258861929092,Crisis,0.5,0.0,0.0,0.0,0.3437986240205545,0.0,0.0,0.13286372285459616,0.025596515053941324,0.0,0.0,0.34087102506693306,0.0,0.0,0.13725617811542923,0.021872796817637697,0.0,0.0
2024-08-21,1637119133.2714546,794790306.8514545,19885633.82,822443192.6,0.5023722317364357,Crisis,1.0,0.0,0.0,0.0,0.34388718643522825,0.0,0.0,0.1331659349459521,0.02531911035525538,0.0,0.0,0.6817420501338661,0.0,0.0,0.27451235623085846,0.043745593635275394,0.0,0.0
2024-08-22,1640085307.102014,467531681.9320143,19885633.82,1152667991.35,0.702809778466178,Crisis,1.0,0.0,0.0,0.0,0.4802982429870661,0.0,0.0,0.19009255107033765,0.0324189844087743,0.0,0.0,0.6817420501338661,0.0,0.0,0.27451235623085846,0.043745593635275394,0.0,0.0
2024-08-23,1637343542.0923936,139266594.67239368,19885633.82,1478191313.6,0.9027985121014922,Crisis,1.0,0.0,0.0,0.0,0.6144271728792948,0.0,0.0,0.24825462070137927,0.0401167185208182,0.0,0.0,0.6817420501338661,0.0,0.0,0.27451235623085846,0.043745593635275394,0.0,0.0
2024-08-26,1645771090.7951107,20142699.42511082,19885633.82,1605742757.55,0.975678067582429,Crisis,1.0,0.0,0.0,0.0,0.6675464854709695,0.0,0.0,0.26551098293316683,0.042620599178292716,0.0,0.0,0.6817420501338661,0.0,0.0,0.27451235623085846,0.043745593635275394,0.0,0.0
2024-08-27,1641331733.9951108,20142699.42511082,19885633.82,1601303400.75,0.9756122833574422,Crisis,1.0,0.0,0.0,0.0,0.6647523642854578,0.0,0.0,0.2683126700585147,0.04254724901346971,0.0,0.0,0.6817420501338661,0.0,0.0,0.27451235623085846,0.043745593635275394,0.0,0.0
2024-08-28,1638719437.3000376,12561631.880037822,8495822.52,1617661982.8999999,0.987150055146272,Crisis,1.0,11389811.299999999,0.0,0.0,0.6733815183873724,0.0,0.0,0.26965787427777516,0.044110662481124364,0.0,0.0,0.6817420501338661,0.0,0.0,0.27451235623085846,0.043745593635275394,0.0,0.0
2024-08-29,1628107548.8844345,1883778.4144343212,8495822.52,1617727947.95,0.9936247449122471,Crisis,1.0,0.0,0.0,0.0,0.6772706438868488,0.0,0.0,0.2725624608178135,0.04379164020758484,0.0,0.0,0.6817420501338661,0.0,0.0,0.27451235623085846,0.043745593635275394,0.0,0.0
2024-08-30,1638115801.0844345,4521101.214434321,5858499.72,1627736200.15,0.9936636952481851,Crisis,1.0,2637322.8,0.0,0.0,0.6775839347958214,0.0,0.0,0.2723507090919052,0.043729051360458585,0.0,0.0,0.6817420501338661,0.0,0.0,0.27451235623085846,0.043745593635275394,0.0,0.0
2024-09-02,1636913830.7344344,4521101.214434321,5858499.72,1626534229.8,0.9936590425595113,Bull,1.0,0.0,0.0,0.0,0.6766663333176389,0.0,0.0,0.2733522019294325,0.04364050731243985,0.0,0.0,0.7104239176092129,0.0,0.0,0.225935298320883,0.06364078406990409,0.0,0.0
2024-09-03,1628685225.8035903,7922668.433590217,5858499.72,1614904057.65,0.9915384704574878,Bull,0.5,0.0,0.0,0.0,0.6940632479135173,0.0,0.0,0.2388840973295101,0.05859112521446048,0.0,0.0,0.36640896910345483,0.0,0.0,0.0988427231490585,0.03474830774748668,0.0,0.0
2024-09-04,1598185466.3302042,312370874.4102042,5858499.72,1279956092.2,0.8008808233872061,Bull,0.5,0.0,0.0,0.0,0.5702934743192607,0.0,0.0,0.18311867187230035,0.047468677195645105,0.0,0.0,0.36640896910345483,0.0,0.0,0.0988427231490585,0.03474830774748668,0.0,0.0
2024-09-05,1605331754.910845,622879118.8408449,5858499.72,976594136.35,0.6083441216200429,Bull,0.5,0.0,0.0,0.0,0.43638683045231735,0.0,0.0,0.13278189965901357,0.03917539150871197,0.0,0.0,0.36640896910345483,0.0,0.0,0.0988427231490585,0.03474830774748668,0.0,0.0
2024-09-06,1612551683.260989,711647036.3909888,5858499.72,895046147.15,0.5550495878308777,Bull,0.5,0.0,0.0,0.0,0.38548401493274365,0.0,0.0,0.1332620853214663,0.036303487576667764,0.0,0.0,0.36640896910345483,0.0,0.0,0.0988427231490585,0.03474830774748668,0.0,0.0
2024-09-09,1607275900.7312505,776824644.2612505,5858499.72,824592756.75,0.5130374669183063,Bull,0.5,0.0,0.0,0.0,0.3708283727011844,0.0,0.0,0.10741964084787767,0.03478945336924432,0.0,0.0,0.36640896910345483,0.0,0.0,0.0988427231490585,0.03474830774748668,0.0,0.0
2024-09-10,1613854835.5812504,776824644.2612505,5858499.72,831171691.6,0.5150225864649363,Bull,0.5,0.0,0.0,0.0,0.37289967370779786,0.0,0.0,0.10741486543773626,0.03470804731940214,0.0,0.0,0.36640896910345483,0.0,0.0,0.0988427231490585,0.03474830774748668,0.0,0.0
2024-09-11,1606571647.8812506,776824644.2612505,5858499.72,823888503.9,0.5128240032036825,Bull,0.5,0.0,0.0,0.0,0.370593029377304,0.0,0.0,0.10746672906103819,0.03476424476534036,0.0,0.0,0.36640896910345483,0.0,0.0,0.0988427231490585,0.03474830774748668,0.0,0.0
2024-09-12,1619042346.5812504,776824644.2612505,5858499.72,836359202.6,0.5165764838492617,Bull,0.5,0.0,0.0,0.0,0.37328282603364915,0.0,0.0,0.10750243831949419,0.03579121949611832,0.0,0.0,0.36640896910345483,0.0,0.0,0.0988427231490585,0.03474830774748668,0.0,0.0
2024-09-13,1616275773.5312505,777955452.2612505,4727691.72,833592629.55,0.5157490096685425,Bull,0.5,1130808.0,0.0,0.0,0.3721899686930925,0.0,0.0,0.10768644983135035,0.035872591144099686,0.0,0.0,0.36640896910345483,0.0,0.0,0.0988427231490585,0.03474830774748668,0.0,0.0
2024-09-16,1618941192.0312505,780623669.1112505,2059474.8699999999,836258048.0500001,0.5165462786210073,Bull,0.5,2668216.85,0.0,0.0,0.37272156704648995,0.0,0.0,0.10794091895379161,0.03588379262072579,0.0,0.0,0.36640896910345483,0.0,0.0,0.0988427231490585,0.03474830774748668,0.0,0.0
2024-09-18,1615513893.8312502,780623669.1112505,2059474.8699999999,832830749.8499999,0.515520635898037,Bull,0.5,0.0,0.0,0.0,0.371571858429775,0.0,0.0,0.10816991464281003,0.035778862825451924,0.0,0.0,0.36640896910345483,0.0,0.0,0.0988427231490585,0.03474830774748668,0.0,0.0
2024-09-19,1617291170.2812505,780623669.1112505,2059474.8699999999,834608026.3,0.5160530408107402,Bull,0.5,0.0,0.0,0.0,0.3718002591923079,0.0,0.0,0.10805104437045222,0.03620173724798006,0.0,0.0,0.36640896910345483,0.0,0.0,0.0988427231490585,0.03474830774748668,0.0,0.0
2024-09-20,1621241377.2812505,780623669.1112505,2059474.8699999999,838558233.3,0.5172321932137118,Bull,0.5,0.0,0.0,0.0,0.3720075195165542,0.0,0.0,0.1086500767056614,0.03657459699149621,0.0,0.0,0.36640896910345483,0.0,0.0,0.0988427231490585,0.03474830774748668,0.0,0.0
2024-09-23,1624359879.1312504,780623669.1112505,2059474.8699999999,841676735.15,0.5181590274195583,Bull,0.5,0.0,0.0,0.0,0.3726227746241282,0.0,0.0,0.10887180991849069,0.03666444287693945,0.0,0.0,0.36640896910345483,0.0,0.0,0.0988427231490585,0.03474830774748668,0.0,0.0
2024-09-24,1628170213.2312503,780623669.1112505,2059474.8699999999,845487069.25,0.5192866583476274,Bull,0.5,0.0,0.0,0.0,0.37374167903633804,0.0,0.0,0.10861702207967017,0.03692795723161925,0.0,0.0,0.36640896910345483,0.0,0.0,0.0988427231490585,0.03474830774748668,0.0,0.0
2024-09-25,1631528284.3812504,780623669.1112505,2059474.8699999999,848845140.4,0.5202760801182926,Bull,0.5,0.0,0.0,0.0,0.37448286753527604,0.0,0.0,0.10839346255469204,0.03739975002832457,0.0,0.0,0.36640896910345483,0.0,0.0,0.0988427231490585,0.03474830774748668,0.0,0.0
2024-09-26,1634594565.7812505,780623669.1112505,2059474.8699999999,851911421.8,0.5211759782113499,Bull,0.5,0.0,0.0,0.0,0.3749204448793045,0.0,0.0,0.10861775985113613,0.0376377734809093,0.0,0.0,0.36640896910345483,0.0,0.0,0.0988427231490585,0.03474830774748668,0.0,0.0
2024-09-27,1633089929.2812505,780623669.1112505,2059474.8699999999,850406785.3000001,0.5207348168966286,Bull,0.5,0.0,0.0,0.0,0.3748521586740939,0.0,0.0,0.10828981112989489,0.037592847092639804,0.0,0.0,0.36640896910345483,0.0,0.0,0.0988427231490585,0.03474830774748668,0.0,0.0
2024-09-30,1623269279.7812505,780623669.1112505,2059474.8699999999,840586135.8,0.5178353008154483,Sideways,0.5,0.0,0.0,0.0,0.37292234464116547,0.0,0.0,0.10808373089130552,0.03682922528297731,0.0,0.0,0.36640896910345483,0.0,0.0,0.0988427231490585,0.03474830774748668,0.0,0.0
2024-10-01,1621986493.8312504,780623669.1112505,2059474.8699999999,839303349.85,0.5174539695873203,Sideways,0.5,0.0,0.0,0.0,0.3720655826328884,0.0,0.0,0.10860016447111441,0.03678822248331742,0.0,0.0,0.36640896910345483,0.0,0.0,0.0988427231490585,0.03474830774748668,0.0,0.0
2024-10-04,1617442712.2812505,780623669.1112505,2059474.8699999999,834759568.3,0.5160983829360177,Sideways,0.5,0.0,0.0,0.0,0.37159805644818894,0.0,0.0,0.1076087571315076,0.03689156935632118,0.0,0.0,0.36640896910345483,0.0,0.0,0.0988427231490585,0.03474830774748668,0.0,0.0
2024-10-07,1618439247.0312505,780623669.1112505,2059474.8699999999,835756103.05,0.5163963396111725,Bull,1.0,0.0,0.0,0.0,0.3715031961520334,0.0,0.0,0.1071106007333822,0.037782542725756874,0.0,0.0,0.7496134536551823,0.0,0.0,0.1720666952114064,0.07831985113341135,0.0,0.0
2024-10-08,1609258830.7704687,459318502.75046885,2059474.8699999999,1147880853.15,0.7132978432067553,Bull,1.0,0.0,0.0,0.0,0.5256401189018244,0.0,0.0,0.13308586282385756,0.0545718614810733,0.0,0.0,0.7496134536551823,0.0,0.0,0.1720666952114064,0.07831985113341135,0.0,0.0
2024-10-09,1604427453.9055638,136472951.33556378,2059474.8699999999,1465895027.7,0.9136561607267799,Bull,1.0,0.0,0.0,0.0,0.680943114654722,0.0,0.0,0.1607378378949002,0.07197520817715768,0.0,0.0,0.7496134536551823,0.0,0.0,0.1720666952114064,0.07831985113341135,0.0,0.0
2024-10-11,1607859726.228556,32152193.508556165,2059474.8699999999,1573648057.85,0.9787222306644847,Bull,1.0,0.0,0.0,0.0,0.7324768377727174,0.0,0.0,0.16844653521814784,0.07779885767361935,0.0,0.0,0.7496134536551823,0.0,0.0,0.1720666952114064,0.07831985113341135,0.0,0.0
2024-10-14,1611665110.1977699,6718266.327769914,2059474.8699999999,1602887369.0,0.9945536196432938,Bull,1.0,0.0,0.0,0.0,0.7459118903755887,0.0,0.0,0.17060802412373305,0.07803370514397205,0.0,0.0,0.7496134536551823,0.0,0.0,0.1720666952114064,0.07831985113341135,0.0,0.0
2024-10-15,1630917181.84777,6718266.327769914,2059474.8699999999,1622139440.65,0.9946179111389182,Bull,1.0,0.0,0.0,0.0,0.746163970920498,0.0,0.0,0.16969727407398974,0.07875666614443033,0.0,0.0,0.7496134536551823,0.0,0.0,0.1720666952114064,0.07831985113341135,0.0,0.0
2024-10-16,1614595186.64777,6718266.327769914,2059474.8699999999,1605817445.45,0.9945635034277575,Bull,1.0,0.0,0.0,0.0,0.7459918470032952,0.0,0.0,0.17039602389203617,0.0781756325324261,0.0,0.0,0.7496134536551823,0.0,0.0,0.1720666952114064,0.07831985113341135,0.0,0.0
2024-10-17,1623184195.7477698,6718266.327769914,2059474.8699999999,1614406454.55,0.9945922704146795,Bull,1.0,0.0,0.0,0.0,0.7467595838632446,0.0,0.0,0.16994984347596892,0.07788284307546597,0.0,0.0,0.7496134536551823,0.0,0.0,0.1720666952114064,0.07831985113341135,0.0,0.0
2024-10-18,1645074448.9977698,6718266.327769914,2059474.8699999999,1636296707.8,0.9946642285988226,Bull,1.0,0.0,0.0,0.0,0.7463309691230056,0.0,0.0,0.16957852586547478,0.0787547336103423,0.0,0.0,0.7622100902413866,0.0,0.0,0.14368586232820804,0.09410404743040529,0.0,0.0
2024-10-21,1628010300.92832,5341343.008320042,2059474.8699999999,1620609483.05,0.9954540718359707,Bull,1.0,0.0,0.0,0.0,0.7543321638381147,0.0,0.0,0.1500048862471862,0.09111702175066967,0.0,0.0,0.77165756768104,0.0,0.0,0.1170804655734968,0.11126196674546321,0.0,0.0
2024-10-22,1636491723.5468605,66406.47686054558,2059474.8699999999,1634365842.2,0.9987009519716649,Bull,1.0,0.0,0.0,0.0,0.7553696266308084,0.0,0.0,0.13808001393997243,0.105251311400884,0.0,0.0,0.77165756768104,0.0,0.0,0.1170804655734968,0.11126196674546321,0.0,0.0
2024-10-23,1617781668.4968605,66406.47686054558,2059474.8699999999,1615655787.15,0.9986859281519517,Bull,1.0,0.0,0.0,0.0,0.7542993043578107,0.0,0.0,0.13861957046921206,0.10576705332492897,0.0,0.0,0.77165756768104,0.0,0.0,0.1170804655734968,0.11126196674546321,0.0,0.0
2024-10-24,1618164346.2968605,66406.47686054558,2059474.8699999999,1616038464.95,0.9986862389152712,Bull,1.0,0.0,0.0,0.0,0.7548343700349455,0.0,0.0,0.13875722853110525,0.10509464034922048,0.0,0.0,0.77165756768104,0.0,0.0,0.1170804655734968,0.11126196674546321,0.0,0.0
2024-10-25,1621563248.0968604,66406.47686054558,2059474.8699999999,1619437366.75,0.9986889926437619,Bull,1.0,0.0,0.0,0.0,0.7545840522631965,0.0,0.0,0.13836919421017704,0.10573574617038829,0.0,0.0,0.77165756768104,0.0,0.0,0.1170804655734968,0.11126196674546321,0.0,0.0
2024-10-28,1625009243.4968605,66406.47686054558,2059474.8699999999,1622883362.15,0.9986917727666055,Bull,1.0,0.0,0.0,0.0,0.7546206995790354,0.0,0.0,0.13874757999211074,0.10532349319545926,0.0,0.0,0.77165756768104,0.0,0.0,0.1170804655734968,0.11126196674546321,0.0,0.0
2024-10-29,1611080822.8468604,66406.47686054558,2059474.8699999999,1608954941.5,0.9986804626330889,Bull,1.0,0.0,0.0,0.0,0.7549403631723393,0.0,0.0,0.13997156244558887,0.1037685370151607,0.0,0.0,0.77165756768104,0.0,0.0,0.1170804655734968,0.11126196674546321,0.0,0.0
2024-10-30,1612739502.4968603,66406.47686054558,2059474.8699999999,1610613621.1499999,0.9986818197585109,Bull,1.0,0.0,0.0,0.0,0.755633640314067,0.0,0.0,0.1392239724099132,0.10382420703453066,0.0,0.0,0.77165756768104,0.0,0.0,0.1170804655734968,0.11126196674546321,0.0,0.0
2024-11-01,1602205714.7468603,66406.47686054558,2059474.8699999999,1600079833.3999999,0.9986731533115295,Bull,1.0,0.0,0.0,0.0,0.7547353765312549,0.0,0.0,0.14013930791369997,0.10379846886657468,0.0,0.0,0.77165756768104,0.0,0.0,0.1170804655734968,0.11126196674546321,0.0,0.0
2024-11-04,1614347157.0468605,66406.47686054558,2059474.8699999999,1612221275.7,0.9986831324739659,Bull,1.0,0.0,0.0,0.0,0.7548717265555456,0.0,0.0,0.1394687004075818,0.10434270551083856,0.0,0.0,0.77165756768104,0.0,0.0,0.1170804655734968,0.11126196674546321,0.0,0.0
2024-11-05,1618734918.2468605,66406.47686054558,2059474.8699999999,1616609036.9,0.9986867019899942,Bull,1.0,0.0,0.0,0.0,0.7540948015268821,0.0,0.0,0.1401545104406041,0.10443739002250801,0.0,0.0,0.77165756768104,0.0,0.0,0.1170804655734968,0.11126196674546321,0.0,0.0
2024-11-06,1610410744.282201,1345049.8122012932,2059474.8699999999,1607006219.6,0.9978859277396844,Bull,1.0,0.0,0.0,0.0,0.7559208257410125,0.0,0.0,0.12293559311059057,0.11902950888808138,0.0,0.0,0.77165756768104,0.0,0.0,0.1170804655734968,0.11126196674546321,0.0,0.0
2024-11-07,1612906276.006068,793897.6360681686,2059474.8699999999,1610052903.5,0.9982309123918015,Bull,1.0,0.0,0.0,0.0,0.7564703675909125,0.0,0.0,0.12325917690164166,0.11850136789924731,0.0,0.0,0.77165756768104,0.0,0.0,0.1170804655734968,0.11126196674546321,0.0,0.0
2024-11-08,1614910479.514816,2358714.1448161704,2059474.8699999999,1610492290.5,0.997264127596631,Bull,1.0,0.0,0.0,0.0,0.7559088296131157,0.0,0.0,0.1230577190010592,0.1182975789824561,0.0,0.0,0.77165756768104,0.0,0.0,0.1170804655734968,0.11126196674546321,0.0,0.0
2024-11-11,1614591155.299874,1332135.8798742946,2059474.8699999999,1611199544.55,0.9978993996475571,Bull,1.0,0.0,0.0,0.0,0.755820345320391,0.0,0.0,0.12308205662323901,0.11899699770392702,0.0,0.0,0.77165756768104,0.0,0.0,0.1170804655734968,0.11126196674546321,0.0,0.0
2024-11-12,1600750515.0925221,1493568.022522293,2059474.8699999999,1597197472.2,0.9977803893492317,Bull,1.0,0.0,0.0,0.0,0.7572890096055562,0.0,0.0,0.12366118151057325,0.11683019823310231,0.0,0.0,0.77165756768104,0.0,0.0,0.1170804655734968,0.11126196674546321,0.0,0.0
2024-11-13,1603837877.7925222,1493568.022522293,2059474.8699999999,1600284834.9,0.9977846620648388,Bull,1.0,0.0,0.0,0.0,0.7574850000251468,0.0,0.0,0.1244456829232086,0.11585397911648344,0.0,0.0,0.77165756768104,0.0,0.0,0.1170804655734968,0.11126196674546321,0.0,0.0
2024-11-14,1589123173.7925222,1493568.022522293,2059474.8699999999,1585570130.9,0.9977641488393612,Bull,1.0,0.0,0.0,0.0,0.7573165823438721,0.0,0.0,0.12458241328613844,0.11586515320935056,0.0,0.0,0.77165756768104,0.0,0.0,0.1170804655734968,0.11126196674546321,0.0,0.0
2024-11-15,1613783056.5925221,1493568.022522293,2059474.8699999999,1610230013.7,0.9977983144153066,Bull,1.0,0.0,0.0,0.0,0.7602670685430254,0.0,0.0,0.1226301758415159,0.11490107003076538,0.0,0.0,0.77165756768104,0.0,0.0,0.1170804655734968,0.11126196674546321,0.0,0.0
2024-11-18,1620229314.942522,1493568.022522293,2059474.8699999999,1616676272.05,0.9978070740605949,Bull,1.0,0.0,0.0,0.0,0.7628434201573785,0.0,0.0,0.12212616953361294,0.11283748436960336,0.0,0.0,0.77165756768104,0.0,0.0,0.1170804655734968,0.11126196674546321,0.0,0.0
2024-11-19,1637865653.542522,1493568.022522293,2059474.8699999999,1634312610.6499999,0.9978306872209957,Bull,1.0,0.0,0.0,0.0,0.7628973768070777,0.0,0.0,0.12178056214109484,0.11315274827282318,0.0,0.0,0.77165756768104,0.0,0.0,0.1170804655734968,0.11126196674546321,0.0,0.0
2024-11-20,1622835829.4925222,1493568.022522293,2059474.8699999999,1619282786.6000001,0.9978105962242446,Bull,1.0,0.0,0.0,0.0,0.7621282844037054,0.0,0.0,0.121956821758052,0.1137254900624872,0.0,0.0,0.77165756768104,0.0,0.0,0.1170804655734968,0.11126196674546321,0.0,0.0
2024-11-21,1621655552.7925222,1493568.022522293,2059474.8699999999,1618102509.9,0.9978090027278581,Bull,1.0,0.0,0.0,0.0,0.7627085836878981,0.0,0.0,0.12254051093513842,0.11255990810482162,0.0,0.0,0.77165756768104,0.0,0.0,0.1170804655734968,0.11126196674546321,0.0,0.0
2024-11-22,1627111163.142522,1493568.022522293,2059474.8699999999,1623558120.25,0.9978163490159702,Bull,1.0,0.0,0.0,0.0,0.7612746739796669,0.0,0.0,0.12216706793166318,0.11437460710464015,0.0,0.0,0.77165756768104,0.0,0.0,0.1170804655734968,0.11126196674546321,0.0,0.0
2024-11-25,1635026762.0425222,1493568.022522293,2059474.8699999999,1631473719.15,0.9978269206504708,Bull,1.0,0.0,0.0,0.0,0.7622724276347879,0.0,0.0,0.12214631872478554,0.1134081742908974,0.0,0.0,0.77165756768104,0.0,0.0,0.1170804655734968,0.11126196674546321,0.0,0.0
2024-11-26,1628065666.442522,1493568.022522293,2059474.8699999999,1624512623.55,0.9978176292481581,Bull,1.0,0.0,0.0,0.0,0.7622967237321906,0.0,0.0,0.12310811789180126,0.1124127876241663,0.0,0.0,0.77165756768104,0.0,0.0,0.1170804655734968,0.11126196674546321,0.0,0.0
2024-11-27,1627086847.192522,1493568.022522293,2059474.8699999999,1623533804.3,0.9978163163824643,Bull,1.0,0.0,0.0,0.0,0.7641853945568017,0.0,0.0,0.1227798014252906,0.11085112040037204,0.0,0.0,0.77165756768104,0.0,0.0,0.1170804655734968,0.11126196674546321,0.0,0.0
2024-11-28,1624206923.742522,1493568.022522293,2059474.8699999999,1620653880.85,0.9978124444363683,Bull,1.0,0.0,0.0,0.0,0.7639988862938211,0.0,0.0,0.12294394087415882,0.11086961726838845,0.0,0.0,0.77165756768104,0.0,0.0,0.1170804655734968,0.11126196674546321,0.0,0.0
2024-11-29,1615315383.192522,1493568.022522293,2059474.8699999999,1611762340.3,0.9978004029866292,Bull,1.0,0.0,0.0,0.0,0.7629550570268507,0.0,0.0,0.12309688997513939,0.1117484559846391,0.0,0.0,0.77165756768104,0.0,0.0,0.1170804655734968,0.11126196674546321,0.0,0.0
2024-12-02,1625935867.7925222,1493568.022522293,2059474.8699999999,1622382824.9,0.997814770580499,Bull,1.0,0.0,0.0,0.0,0.7617794461854214,0.0,0.0,0.12237844305024631,0.11365688134483129,0.0,0.0,0.77165756768104,0.0,0.0,0.1170804655734968,0.11126196674546321,0.0,0.0
2024-12-03,1648189334.3425221,1493568.022522293,2059474.8699999999,1644636291.45,0.9978442750365574,Bull,1.0,0.0,0.0,0.0,0.7631465422337246,0.0,0.0,0.12105472098543266,0.11364301181740007,0.0,0.0,0.77165756768104,0.0,0.0,0.1170804655734968,0.11126196674546321,0.0,0.0
2024-12-04,1653905473.642522,1493568.022522293,2059474.8699999999,1650352430.75,0.9978517255374354,Bull,1.0,0.0,0.0,0.0,0.7623558606243088,0.0,0.0,0.12157532773451628,0.1139205371786103,0.0,0.0,0.77165756768104,0.0,0.0,0.1170804655734968,0.11126196674546321,0.0,0.0
2024-12-05,1657294506.992522,1493568.022522293,2059474.8699999999,1653741464.1,0.9978561185851211,Bull,1.0,0.0,0.0,0.0,0.7626681068253267,0.0,0.0,0.12088967842147323,0.11429833333832122,0.0,0.0,0.77165756768104,0.0,0.0,0.1170804655734968,0.11126196674546321,0.0,0.0
2024-12-06,1656678198.0925221,1493568.022522293,2059474.8699999999,1653125155.2,0.997855321029387,Bull,1.0,0.0,0.0,0.0,0.7625475222976572,0.0,0.0,0.12140336018882497,0.11390443854290483,0.0,0.0,0.77165756768104,0.0,0.0,0.1170804655734968,0.11126196674546321,0.0,0.0
2024-12-09,1661749242.4925222,1493568.022522293,2059474.8699999999,1658196199.6000001,0.9978618657967957,Bull,1.0,0.0,0.0,0.0,0.7630956989021804,0.0,0.0,0.12106429469361127,0.11370187220100401,0.0,0.0,0.77165756768104,0.0,0.0,0.1170804655734968,0.11126196674546321,0.0,0.0
2024-12-10,1655607734.4925222,1493568.022522293,2059474.8699999999,1652054691.6000001,0.9978539343477933,Bull,1.0,0.0,0.0,0.0,0.7630373217525616,0.0,0.0,0.1215081301016407,0.11330848249359111,0.0,0.0,0.77165756768104,0.0,0.0,0.1170804655734968,0.11126196674546321,0.0,0.0
2024-12-11,1640001368.292522,1493568.022522293,2059474.8699999999,1636448325.3999999,0.9978335122389432,Bull,1.0,0.0,0.0,0.0,0.7627232815679497,0.0,0.0,0.1217227642973487,0.11338746637364493,0.0,0.0,0.77165756768104,0.0,0.0,0.1170804655734968,0.11126196674546321,0.0,0.0
2024-12-12,1648244116.242522,1493568.022522293,2059474.8699999999,1644691073.35,0.9978443466853552,Bull,1.0,0.0,0.0,0.0,0.7626044958773883,0.0,0.0,0.12110348099105833,0.11413636981690849,0.0,0.0,0.77165756768104,0.0,0.0,0.1170804655734968,0.11126196674546321,0.0,0.0
2024-12-13,1642597169.0425222,1493568.022522293,2059474.8699999999,1639044126.15,0.9978369359454131,Bull,1.0,0.0,0.0,0.0,0.7616897494589627,0.0,0.0,0.12153040548362973,0.11461678100282069,0.0,0.0,0.77165756768104,0.0,0.0,0.1170804655734968,0.11126196674546321,0.0,0.0
2024-12-16,1645162734.492522,1493568.022522293,2059474.8699999999,1641609691.6,0.997840309157247,Bull,1.0,0.0,0.0,0.0,0.7620381651707651,0.0,0.0,0.12089533505106516,0.11490680893541676,0.0,0.0,0.77165756768104,0.0,0.0,0.1170804655734968,0.11126196674546321,0.0,0.0
2024-12-17,1639070374.0425222,1493568.022522293,2059474.8699999999,1635517331.15,0.9978322816708846,Bull,1.0,0.0,0.0,0.0,0.7600387090625809,0.0,0.0,0.12187152129858321,0.11592205130972048,0.0,0.0,0.77165756768104,0.0,0.0,0.1170804655734968,0.11126196674546321,0.0,0.0
2024-12-18,1626971660.0925221,1493568.022522293,2059474.8699999999,1623418617.2,0.997816161781011,Bull,1.0,0.0,0.0,0.0,0.7577716609580584,0.0,0.0,0.12326041376073857,0.11678408706221403,0.0,0.0,0.77165756768104,0.0,0.0,0.1170804655734968,0.11126196674546321,0.0,0.0
2024-12-19,1613321549.442522,1493568.022522293,2059474.8699999999,1609768506.55,0.9977976846005994,Bull,1.0,0.0,0.0,0.0,0.7578545684042262,0.0,0.0,0.12378425123559962,0.11615886496077363,0.0,0.0,0.77165756768104,0.0,0.0,0.1170804655734968,0.11126196674546321,0.0,0.0
2024-12-20,1600054321.5925221,1493568.022522293,2059474.8699999999,1596501278.7,0.9977794235829532,Bull,1.0,0.0,0.0,0.0,0.7574926440582819,0.0,0.0,0.12424921911534251,0.11603756040932886,0.0,0.0,0.77165756768104,0.0,0.0,0.1170804655734968,0.11126196674546321,0.0,0.0
2024-12-23,1625806988.742522,1493568.022522293,2059474.8699999999,1622253945.85,0.9978145973555753,Bull,1.0,0.0,0.0,0.0,0.757042289996529,0.0,0.0,0.12381561980841,0.11695668755063629,0.0,0.0,0.77165756768104,0.0,0.0,0.1170804655734968,0.11126196674546321,0.0,0.0
2024-12-24,1630212971.2925222,1493568.022522293,2059474.8699999999,1626659928.4,0.9978205038512821,Bull,1.0,0.0,0.0,0.0,0.758347682278481,0.0,0.0,0.12250699970915885,0.1169658218636422,0.0,0.0,0.77165756768104,0.0,0.0,0.1170804655734968,0.11126196674546321,0.0,0.0
2024-12-25,1622925020.3425221,1493568.022522293,2059474.8699999999,1619371977.45,0.9978107165469836,Bull,1.0,0.0,0.0,0.0,0.7564008577493716,0.0,0.0,0.12356239350951478,0.11784746528809731,0.0,0.0,0.77165756768104,0.0,0.0,0.1170804655734968,0.11126196674546321,0.0,0.0
2024-12-26,1628205785.505969,2423885.0859692954,2059474.8699999999,1623722425.55,0.9972464414536054,Bull,1.0,0.0,0.0,0.0,0.7606441928746357,0.0,0.0,0.11837348922090132,0.11822875935806844,0.0,0.0,0.77165756768104,0.0,0.0,0.1170804655734968,0.11126196674546321,0.0,0.0
2024-12-27,1624188869.6559691,2423885.0859692954,2059474.8699999999,1619705509.7,0.9972396314001839,Bull,1.0,0.0,0.0,0.0,0.7592140500021978,0.0,0.0,0.11911582674555547,0.11890975465243067,0.0,0.0,0.77165756768104,0.0,0.0,0.1170804655734968,0.11126196674546321,0.0,0.0
2024-12-30,1622008637.205969,2423885.0859692954,2059474.8699999999,1617525277.25,0.9972359210344947,Bull,1.0,0.0,0.0,0.0,0.7600397735079726,0.0,0.0,0.11878506413621147,0.11841108339031056,0.0,0.0,0.77165756768104,0.0,0.0,0.1170804655734968,0.11126196674546321,0.0,0.0
2024-12-31,1611313062.1559691,2423885.0859692954,2059474.8699999999,1606829702.2,0.9972175736290685,Bull,1.0,0.0,0.0,0.0,0.760160071290627,0.0,0.0,0.11909578871236429,0.11796171362607723,0.0,0.0,0.77165756768104,0.0,0.0,0.1170804655734968,0.11126196674546321,0.0,0.0
2025-01-02,1611305828.955969,2423885.0859692954,2059474.8699999999,1606822469.0,0.9972175611386734,Bull,1.0,0.0,0.0,0.0,0.7616721152155262,0.0,0.0,0.11860765136301285,0.1169377945601343,0.0,0.0,0.77165756768104,0.0,0.0,0.1170804655734968,0.11126196674546321,0.0,0.0
2025-01-03,1614750320.4059691,2423885.0859692954,2059474.8699999999,1610266960.45,0.997223496475392,Bull,1.0,0.0,0.0,0.0,0.7614791865412747,0.0,0.0,0.11788336413033997,0.11786094580377733,0.0,0.0,0.77165756768104,0.0,0.0,0.1170804655734968,0.11126196674546321,0.0,0.0
2025-01-06,1640030633.305969,2423885.0859692954,2059474.8699999999,1635547273.35,0.9972662949917396,Bull,1.0,0.0,0.0,0.0,0.7605625151254668,0.0,0.0,0.1170184239870817,0.11968535587919106,0.0,0.0,0.77165756768104,0.0,0.0,0.1170804655734968,0.11126196674546321,0.0,0.0
2025-01-07,1632872608.4059691,2423885.0859692954,2059474.8699999999,1628389248.45,0.9972543112470079,Bull,1.0,0.0,0.0,0.0,0.7586786881429515,0.0,0.0,0.1170276229855712,0.12154800011848521,0.0,0.0,0.77165756768104,0.0,0.0,0.1170804655734968,0.11126196674546321,0.0,0.0
2025-01-08,1638839739.555969,2423885.0859692954,2059474.8699999999,1634356379.6,0.9972643084935298,Bull,1.0,0.0,0.0,0.0,0.7609430620335593,0.0,0.0,0.11702291283952011,0.11929833362045038,0.0,0.0,0.77165756768104,0.0,0.0,0.1170804655734968,0.11126196674546321,0.0,0.0
2025-01-09,1633755113.0559692,2423885.0859692954,2059474.8699999999,1629271753.1000001,0.9972557943842741,Bull,1.0,0.0,0.0,0.0,0.7620183668599485,0.0,0.0,0.11693478323238475,0.11830264429194089,0.0,0.0,0.77165756768104,0.0,0.0,0.1170804655734968,0.11126196674546321,0.0,0.0
2025-01-10,1626139376.955969,2423885.0859692954,2059474.8699999999,1621656017.0,0.9972429423827361,Bull,1.0,0.0,0.0,0.0,0.7609499127414004,0.0,0.0,0.11746619183256649,0.11882683780876924,0.0,0.0,0.77165756768104,0.0,0.0,0.1170804655734968,0.11126196674546321,0.0,0.0
2025-01-13,1616809724.505969,2423885.0859692954,2059474.8699999999,1612326364.55,0.9972270330342434,Bull,1.0,0.0,0.0,0.0,0.7623058829180426,0.0,0.0,0.11817123382182788,0.1167499162943729,0.0,0.0,0.77165756768104,0.0,0.0,0.1170804655734968,0.11126196674546321,0.0,0.0
2025-01-14,1631312184.455969,2423885.0859692954,2059474.8699999999,1626828824.5,0.997251684871425,Bull,1.0,0.0,0.0,0.0,0.763200469145766,0.0,0.0,0.11762494133763342,0.11642627438802555,0.0,0.0,0.77165756768104,0.0,0.0,0.1170804655734968,0.11126196674546321,0.0,0.0
2025-01-15,1631835008.8559692,2423885.0859692954,2059474.8699999999,1627351648.9,0.9972525654054253,Bull,1.0,0.0,0.0,0.0,0.7641931580903272,0.0,0.0,0.1175629882671139,0.11549641904798419,0.0,0.0,0.77165756768104,0.0,0.0,0.1170804655734968,0.11126196674546321,0.0,0.0
2025-01-16,1644490886.005969,2423885.0859692954,2059474.8699999999,1640007526.05,0.9972737094537155,Bull,1.0,0.0,0.0,0.0,0.7631941208857781,0.0,0.0,0.11713971882681555,0.1169398697411218,0.0,0.0,0.77165756768104,0.0,0.0,0.1170804655734968,0.11126196674546321,0.0,0.0
2025-01-17,1637882198.605969,2423885.0859692954,4681174.87,1630777138.6499999,0.9956620445829276,Bull,1.0,0.0,0.0,0.0,0.7616673773680352,0.0,0.0,0.11762042481685589,0.11637424239803651,0.0,0.0,0.77165756768104,0.0,0.0,0.1170804655734968,0.11126196674546321,0.0,0.0
2025-01-20,1635695518.255969,2423885.0859692954,4681174.87,1628590458.3,0.9956562453851162,Bull,1.0,0.0,0.0,0.0,0.7606617151012418,0.0,0.0,0.11727745039280629,0.11771707989106814,0.0,0.0,0.77165756768104,0.0,0.0,0.1170804655734968,0.11126196674546321,0.0,0.0
2025-01-21,1647881055.805969,2423885.0859692954,4681174.87,1640775995.85,0.9956883660195401,Bull,1.0,0.0,0.0,0.0,0.7621958462503798,0.0,0.0,0.1164102222815936,0.11708229748756672,0.0,0.0,0.77165756768104,0.0,0.0,0.1170804655734968,0.11126196674546321,0.0,0.0
2025-01-22,1650445605.6059692,2423885.0859692954,4681174.87,1643340545.65,0.9956950656647903,Bull,1.0,0.0,0.0,0.0,0.7601055384005821,0.0,0.0,0.11715951094856286,0.11843001631564529,0.0,0.0,0.77165756768104,0.0,0.0,0.1170804655734968,0.11126196674546321,0.0,0.0
2025-02-03,1652133260.005969,2423885.0859692954,4681174.87,1645028200.05,0.99569946315593,Bull,1.0,0.0,0.0,0.0,0.7644385175354662,0.0,0.0,0.11800634048084936,0.11325460513961445,0.0,0.0,0.77165756768104,0.0,0.0,0.1170804655734968,0.11126196674546321,0.0,0.0
2025-02-04,1639850898.205969,2423885.0859692954,4681174.87,1632745838.25,0.9956672524534138,Bull,1.0,0.0,0.0,0.0,0.7624492504884789,0.0,0.0,0.11843418216404587,0.11478381980088904,0.0,0.0,0.77165756768104,0.0,0.0,0.1170804655734968,0.11126196674546321,0.0,0.0
2025-02-05,1648747013.3559692,2423885.0859692954,4681174.87,1641641953.4,0.9956906305828528,Bull,1.0,0.0,0.0,0.0,0.7610598492281158,0.0,0.0,0.11872894896200559,0.11590183239273139,0.0,0.0,0.77165756768104,0.0,0.0,0.1170804655734968,0.11126196674546321,0.0,0.0
2025-02-07,1649190959.455969,2423885.0859692954,4681174.87,1642085899.5,0.9956917906230138,Bull,1.0,0.0,0.0,0.0,0.7601044877868602,0.0,0.0,0.11868631638907906,0.11690098644707447,0.0,0.0,0.77165756768104,0.0,0.0,0.1170804655734968,0.11126196674546321,0.0,0.0
2025-02-10,1644325430.255969,2423885.0859692954,4681174.87,1637220370.3,0.9956790427094088,Bull,1.0,0.0,0.0,0.0,0.7611941330282521,0.0,0.0,0.11856667567906591,0.11591823400209077,0.0,0.0,0.77165756768104,0.0,0.0,0.1170804655734968,0.11126196674546321,0.0,0.0
2025-02-11,1640352939.205969,2423885.0859692954,4681174.87,1633247879.25,0.9956685785198103,Bull,1.0,0.0,0.0,0.0,0.7599322983829381,0.0,0.0,0.11882698859573007,0.11690929154114212,0.0,0.0,0.77165756768104,0.0,0.0,0.1170804655734968,0.11126196674546321,0.0,0.0
2025-02-12,1647269576.5559692,2423885.0859692954,4681174.87,1640164516.6000001,0.9956867655075473,Bull,1.0,0.0,0.0,0.0,0.7606257861081965,0.0,0.0,0.11881941048727294,0.11624156891207785,0.0,0.0,0.77165756768104,0.0,0.0,0.1170804655734968,0.11126196674546321,0.0,0.0
2025-02-13,1648684982.505969,2423885.0859692954,4681174.87,1641579922.55,0.9956904684452396,Bull,1.0,0.0,0.0,0.0,0.7618175005396779,0.0,0.0,0.11823180417626826,0.11564116372929341,0.0,0.0,0.77874317576078,0.0,0.0,0.1378103491801226,0.08344647505909743,0.0,0.0
2025-02-14,1644932408.6274843,974992.2074845647,4681174.87,1639276241.55,0.9965614592746678,Bull,1.0,0.0,0.0,0.0,0.7724633759330075,0.0,0.0,0.12337905128231967,0.10071903205934063,0.0,0.0,0.77874317576078,0.0,0.0,0.1378103491801226,0.08344647505909743,0.0,0.0
2025-02-17,1649201678.8192255,1301746.7492256926,4681174.87,1643218757.2,0.9963722316705929,Bull,1.0,0.0,0.0,0.0,0.7802772842926837,0.0,0.0,0.12712599234685906,0.0889689550310501,0.0,0.0,0.77874317576078,0.0,0.0,0.1378103491801226,0.08344647505909743,0.0,0.0
2025-02-18,1657228871.4692254,1301746.7492256926,4681174.87,1651245949.85,0.996389803652213,Bull,1.0,0.0,0.0,0.0,0.7805209178520036,0.0,0.0,0.12701619168231398,0.08885269411789536,0.0,0.0,0.77874317576078,0.0,0.0,0.1378103491801226,0.08344647505909743,0.0,0.0
2025-02-19,1650515365.7692254,1301746.7492256926,4681174.87,1644532444.1499999,0.9963751191032159,Bull,1.0,0.0,0.0,0.0,0.7798154872373126,0.0,0.0,0.12750350851894132,0.08905612334696186,0.0,0.0,0.77874317576078,0.0,0.0,0.1378103491801226,0.08344647505909743,0.0,0.0
2025-02-20,1646211873.8192255,3923446.749225693,2059474.8699999999,1640228952.2,0.9963656430169313,Bull,1.0,2621700.0,0.0,0.0,0.7795819739913554,0.0,0.0,0.12783415266697873,0.0889495163585971,0.0,0.0,0.77874317576078,0.0,0.0,0.1378103491801226,0.08344647505909743,0.0,0.0
2025-02-21,1653272064.9764884,660580.156488318,2059474.8699999999,1650552009.95,0.9983547444585129,Bull,1.0,0.0,0.0,0.0,0.7813241917738266,0.0,0.0,0.1278300193156687,0.08920053336901768,0.0,0.0,0.77874317576078,0.0,0.0,0.1378103491801226,0.08344647505909743,0.0,0.0
2025-02-24,1645812003.8264883,660580.156488318,2059474.8699999999,1643091948.8,0.9983472869196699,Bull,1.0,0.0,0.0,0.0,0.7811171299097737,0.0,0.0,0.1284174617201795,0.08881269528971672,0.0,0.0,0.77874317576078,0.0,0.0,0.1378103491801226,0.08344647505909743,0.0,0.0
2025-02-25,1640122419.8264883,660580.156488318,2059474.8699999999,1637402364.8,0.9983415536586738,Bull,1.0,0.0,0.0,0.0,0.7820193171529778,0.0,0.0,0.12835974769631642,0.08796248880937955,0.0,0.0,0.77874317576078,0.0,0.0,0.1378103491801226,0.08344647505909743,0.0,0.0
2025-02-26,1657778062.9764884,660580.156488318,2059474.8699999999,1655058007.95,0.9983592164191119,Bull,1.0,0.0,0.0,0.0,0.7828786234628844,0.0,0.0,0.12798305438971724,0.08749753856651028,0.0,0.0,0.77874317576078,0.0,0.0,0.1378103491801226,0.08344647505909743,0.0,0.0
2025-02-27,1651218018.5764883,660580.156488318,2059474.8699999999,1648497963.55,0.998352697829186,Bull,1.0,0.0,0.0,0.0,0.7825168142629172,0.0,0.0,0.1289833308527055,0.0868525527135633,0.0,0.0,0.77874317576078,0.0,0.0,0.1378103491801226,0.08344647505909743,0.0,0.0
2025-03-03,1658492845.6264884,660580.156488318,2059474.8699999999,1655772790.6000001,0.9983599235693653,Bull,1.0,0.0,0.0,0.0,0.7849402811914116,0.0,0.0,0.128947013889117,0.08447262848883673,0.0,0.0,0.77874317576078,0.0,0.0,0.1378103491801226,0.08344647505909743,0.0,0.0
2025-03-04,1643277882.8264883,660580.156488318,2059474.8699999999,1640557827.8,0.9983447382485245,Bull,0.5,0.0,0.0,0.0,0.7850197713250731,0.0,0.0,0.12863691662204402,0.08468805030140747,0.0,0.0,0.38937158788039,0.0,0.0,0.0689051745900613,0.041723237529548714,0.0,0.0
2025-03-05,1641141718.5802429,1305891.8102429444,2059474.8699999999,1637776351.9,0.997949374729713,Bull,0.5,0.0,0.0,0.0,0.7972489134161429,0.0,0.0,0.1322027205473125,0.06849774076625763,0.0,0.0,0.38937158788039,0.0,0.0,0.0689051745900613,0.041723237529548714,0.0,0.0
2025-03-06,1642303660.1247294,300191725.6547296,2059474.8699999999,1340052459.6,0.815959004498733,Bull,0.5,0.0,0.0,0.0,0.6513713545025862,0.0,0.0,0.1072059962325288,0.057381653763618125,0.0,0.0,0.38937158788039,0.0,0.0,0.0689051745900613,0.041723237529548714,0.0,0.0
2025-03-07,1637022457.26865,601616867.3486502,2059474.8699999999,1033346115.0500001,0.6312351491952799,Bear,0.5,0.0,0.0,0.0,0.48500425973063094,0.0,0.0,0.09898947890450746,0.04724141056014151,0.0,0.0,0.37672247511388657,0.0,0.0,0.0919850967389519,0.03129242814716154,0.0,0.0
2025-03-10,1636427121.9807036,762101347.3607037,2059474.8699999999,872266299.75,0.5330309477480571,Bear,0.5,0.0,0.0,0.0,0.4041529200209618,0.0,0.0,0.09378480589727704,0.035093221829818326,0.0,0.0,0.36888803619890964,0.0,0.0,0.10764264269071921,0.02346932111037115,0.0,0.0
2025-03-11,1631518893.0545197,801951022.4345198,2059474.8699999999,827508395.75,0.5072012339377473,Bear,0.5,0.0,0.0,0.0,0.37723246624360934,0.0,0.0,0.10397703681040438,0.02599173088373359,0.0,0.0,0.3621045477760389,0.0,0.0,0.12029346139118272,0.017601990832778365,0.0,0.0
2025-03-12,1632892843.154285,810771826.4842852,2059474.8699999999,820061541.8,0.5022139359836216,Bear,0.5,0.0,0.0,0.0,0.36601449036024064,0.0,0.0,0.11638455076628909,0.019814894857091894,0.0,0.0,0.3621045477760389,0.0,0.0,0.12029346139118272,0.017601990832778365,0.0,0.0
2025-03-13,1637042357.7042851,810771826.4842852,2059474.8699999999,824211056.35,0.5034757057269041,Bear,0.5,0.0,0.0,0.0,0.3673810598238901,0.0,0.0,0.11651378420499908,0.019580861698014995,0.0,0.0,0.3621045477760389,0.0,0.0,0.12029346139118272,0.017601990832778365,0.0,0.0
2025-03-14,1635581027.554285,810771826.4842852,2059474.8699999999,822749726.2,0.5030320799393676,Bear,0.5,0.0,0.0,0.0,0.36687557271147436,0.0,0.0,0.11662308182018155,0.01953342540771165,0.0,0.0,0.3621045477760389,0.0,0.0,0.12029346139118272,0.017601990832778365,0.0,0.0
2025-03-17,1634530239.504285,810771826.4842852,2059474.8699999999,821698938.15,0.5027125949038435,Bear,0.5,0.0,0.0,0.0,0.36681829045379866,0.0,0.0,0.1161804752279116,0.01971382922213323,0.0,0.0,0.3621045477760389,0.0,0.0,0.12029346139118272,0.017601990832778365,0.0,0.0
2025-03-18,1640112489.804285,810771826.4842852,2059474.8699999999,827281188.45,0.5044051512275964,Bear,0.5,0.0,0.0,0.0,0.3679428040463322,0.0,0.0,0.11673467593850634,0.019727671242757868,0.0,0.0,0.3621045477760389,0.0,0.0,0.12029346139118272,0.017601990832778365,0.0,0.0
2025-03-19,1635744675.004285,810771826.4842852,2059474.8699999999,822913373.65,0.5030817989047369,Bear,0.5,0.0,0.0,0.0,0.3670239816910468,0.0,0.0,0.11652093564021579,0.019536881573474347,0.0,0.0,0.3621045477760389,0.0,0.0,0.12029346139118272,0.017601990832778365,0.0,0.0
2025-03-20,1640616799.9542851,810771826.4842852,2059474.8699999999,827785498.6,0.5045574924156975,Bear,0.5,0.0,0.0,0.0,0.3679517658339357,0.0,0.0,0.11670610712101401,0.019899619460747753,0.0,0.0,0.3621045477760389,0.0,0.0,0.12029346139118272,0.017601990832778365,0.0,0.0
2025-03-21,1637678079.754285,810771826.4842852,2059474.8699999999,824846778.4,0.5036684490054106,Bear,0.5,0.0,0.0,0.0,0.36607019157876797,0.0,0.0,0.1178250490041067,0.01977320842253599,0.0,0.0,0.3621045477760389,0.0,0.0,0.12029346139118272,0.017601990832778365,0.0,0.0
2025-03-24,1637495919.9542851,810771826.4842852,2059474.8699999999,824664618.6,0.5036132356427628,Bear,0.5,0.0,0.0,0.0,0.3668591544440434,0.0,0.0,0.11700029152154996,0.01975378967716942,0.0,0.0,0.3621045477760389,0.0,0.0,0.12029346139118272,0.017601990832778365,0.0,0.0
2025-03-25,1637672459.8542852,810771826.4842852,2059474.8699999999,824841158.5,0.5036667457749101,Bear,0.5,0.0,0.0,0.0,0.36681151037579873,0.0,0.0,0.1168982227478099,0.019957012651301488,0.0,0.0,0.3621045477760389,0.0,0.0,0.12029346139118272,0.017601990832778365,0.0,0.0
2025-03-26,1639095558.2042851,810771826.4842852,2059474.8699999999,826264256.85,0.5040976730821086,Bear,0.5,0.0,0.0,0.0,0.36733169938525306,0.0,0.0,0.1168424861146081,0.019923487582247434,0.0,0.0,0.3621045477760389,0.0,0.0,0.12029346139118272,0.017601990832778365,0.0,0.0
2025-03-27,1643504140.1042852,810771826.4842852,2059474.8699999999,830672838.75,0.5054278954826918,Bear,0.5,0.0,0.0,0.0,0.36852954852402614,0.0,0.0,0.11740524121086568,0.019493105747800037,0.0,0.0,0.3621045477760389,0.0,0.0,0.12029346139118272,0.017601990832778365,0.0,0.0
2025-03-28,1637135577.804285,810771826.4842852,2059474.8699999999,824304276.4499999,0.5035039783055422,Bear,0.5,0.0,0.0,0.0,0.36628541006619525,0.0,0.0,0.1178442412562754,0.019374326983071552,0.0,0.0,0.3621045477760389,0.0,0.0,0.12029346139118272,0.017601990832778365,0.0,0.0
2025-03-31,1626086276.004285,810771826.4842852,2059474.8699999999,813254974.65,0.5001302739288704,Crisis,0.5,0.0,0.0,0.0,0.36406630655828737,0.0,0.0,0.11726007581131416,0.018803891559268916,0.0,0.0,0.35290632273100947,0.0,0.0,0.13389218414440673,0.013201493124583774,0.0,0.0
2025-04-01,1632114401.72758,810870883.90758,2059474.8699999999,819184042.95,0.5019158228632137,Bear,0.5,0.0,0.0,0.0,0.3565421898943143,0.0,0.0,0.13046695732517763,0.014906675643721742,0.0,0.0,0.35290632273100947,0.0,0.0,0.13389218414440673,0.013201493124583774,0.0,0.0
2025-04-02,1630506099.87758,810870883.90758,2059474.8699999999,817575741.1,0.5014245216018416,Bear,1.0,0.0,0.0,0.0,0.3559174302651008,0.0,0.0,0.1306111029060176,0.014895988430723177,0.0,0.0,0.7058126454620189,0.0,0.0,0.26778436828881347,0.026402986249167548,0.0,0.0
2025-04-07,1563105538.559723,514496363.4897231,2059474.8699999999,1046549700.1999999,0.6695323344348917,Crisis,1.0,0.0,0.0,0.0,0.4661121608406113,0.0,0.0,0.18517956264598096,0.018240610948299457,0.0,0.0,0.7058126454620189,0.0,0.0,0.26778436828881347,0.026402986249167548,0.0,0.0
2025-04-08,1610205235.5697963,195382713.54979634,2059474.8699999999,1412763047.15,0.8773807313140873,Crisis,1.0,0.0,0.0,0.0,0.6240176251783438,0.0,0.0,0.23166338784633192,0.02169971828941146,0.0,0.0,0.7058126454620189,0.0,0.0,0.26778436828881347,0.026402986249167548,0.0,0.0
2025-04-09,1560353752.5996294,48139155.72962947,2059474.8699999999,1510155122.0,0.9678286859527874,Crisis,1.0,0.0,0.0,0.0,0.6774740152602053,0.0,0.0,0.2655250447597112,0.02482962593287078,0.0,0.0,0.7058126454620189,0.0,0.0,0.26778436828881347,0.026402986249167548,0.0,0.0
2025-04-10,1641929161.005046,7668975.585045984,2059474.8699999999,1632200710.55,0.9940749877119601,Crisis,1.0,0.0,0.0,0.0,0.7070845308815562,0.0,0.0,0.2598628553127261,0.02712760151767785,0.0,0.0,0.7058126454620189,0.0,0.0,0.26778436828881347,0.026402986249167548,0.0,0.0
2025-04-11,1635305511.655046,7668975.585045984,2059474.8699999999,1625577061.2,0.9940509890135452,Crisis,1.0,0.0,0.0,0.0,0.7055813136911834,0.0,0.0,0.26059699362763106,0.027872681694730807,0.0,0.0,0.7058126454620189,0.0,0.0,0.26778436828881347,0.026402986249167548,0.0,0.0
2025-04-14,1617586376.005046,7668975.585045984,2059474.8699999999,1607857925.55,0.9939858231997031,Crisis,1.0,0.0,0.0,0.0,0.7059069874030875,0.0,0.0,0.2600463914878372,0.028032444308778322,0.0,0.0,0.7058126454620189,0.0,0.0,0.26778436828881347,0.026402986249167548,0.0,0.0
2025-04-15,1626274012.205046,7668975.585045984,2059474.8699999999,1616545561.75,0.9940179512295992,Crisis,1.0,0.0,0.0,0.0,0.7048549648750535,0.0,0.0,0.26099925154954956,0.02816373480499616,0.0,0.0,0.7058126454620189,0.0,0.0,0.26778436828881347,0.026402986249167548,0.0,0.0
2025-04-16,1617968833.8050458,7668975.585045984,2059474.8699999999,1608240383.35,0.9939872448394651,Crisis,1.0,0.0,0.0,0.0,0.7030762951562932,0.0,0.0,0.26311625484084916,0.02779469484232271,0.0,0.0,0.7058126454620189,0.0,0.0,0.26778436828881347,0.026402986249167548,0.0,0.0
2025-04-17,1609305126.255046,7668975.585045984,2059474.8699999999,1599576675.8,0.9939548751219822,Crisis,0.5,0.0,0.0,0.0,0.7049471273604867,0.0,0.0,0.2613732431082419,0.02763450465325364,0.0,0.0,0.35290632273100947,0.0,0.0,0.13389218414440673,0.013201493124583774,0.0,0.0
2025-04-18,1607327195.946478,329441198.6264779,2059474.8699999999,1275826522.45,0.7937565703283749,Crisis,0.5,0.0,0.0,0.0,0.5623679638654601,0.0,0.0,0.20946581433392922,0.021922792128985638,0.0,0.0,0.35290632273100947,0.0,0.0,0.13389218414440673,0.013201493124583774,0.0,0.0
2025-04-21,1604217419.118421,648889877.4984212,2059474.8699999999,953268066.75,0.5942262285581323,Crisis,0.5,0.0,0.0,0.0,0.4207762356307959,0.0,0.0,0.15763168819034815,0.01581830473698826,0.0,0.0,0.35290632273100947,0.0,0.0,0.13389218414440673,0.013201493124583774,0.0,0.0
2025-04-22,1597932534.5126572,732788573.6926574,2059474.8699999999,863084485.9499999,0.540125735792235,Crisis,0.5,0.0,0.0,0.0,0.36805141847203654,0.0,0.0,0.15831344223625368,0.013760875083944808,0.0,0.0,0.35290632273100947,0.0,0.0,0.13389218414440673,0.013201493124583774,0.0,0.0
2025-04-23,1603709456.5646448,780605799.1446447,2059474.8699999999,821044182.5500001,0.5119656675896792,Crisis,0.5,0.0,0.0,0.0,0.3574811697987208,0.0,0.0,0.1405727197511931,0.01391177803976532,0.0,0.0,0.35290632273100947,0.0,0.0,0.13389218414440673,0.013201493124583774,0.0,0.0
2025-04-24,1600423085.4146447,780605799.1446447,2059474.8699999999,817757811.4,0.5109635188673448,Crisis,0.5,0.0,0.0,0.0,0.35684196048199174,0.0,0.0,0.14026253560435295,0.013859022781000081,0.0,0.0,0.35290632273100947,0.0,0.0,0.13389218414440673,0.013201493124583774,0.0,0.0
2025-04-25,1601409602.9646447,780605799.1446447,2059474.8699999999,818744328.95,0.5112647803749157,Crisis,0.5,0.0,0.0,0.0,0.357856901750234,0.0,0.0,0.1392280273499287,0.014179851274753054,0.0,0.0,0.35290632273100947,0.0,0.0,0.13389218414440673,0.013201493124583774,0.0,0.0
2025-04-28,1602701410.3646445,780605799.1446447,2059474.8699999999,820036136.35,0.5116587101295597,Crisis,0.5,0.0,0.0,0.0,0.357801074262192,0.0,0.0,0.1395695408723118,0.014288094995055832,0.0,0.0,0.35290632273100947,0.0,0.0,0.13389218414440673,0.013201493124583774,0.0,0.0
2025-04-29,1610340786.2146447,780605799.1446447,2059474.8699999999,827675512.2,0.5139753766937615,Crisis,0.5,0.0,0.0,0.0,0.35955154160941943,0.0,0.0,0.14014822324069107,0.014275611843650973,0.0,0.0,0.35290632273100947,0.0,0.0,0.13389218414440673,0.013201493124583774,0.0,0.0
2025-04-30,1615096267.1146445,780605799.1446447,2059474.8699999999,832430993.1,0.5154064250220396,Crisis,0.5,0.0,0.0,0.0,0.3613998775087055,0.0,0.0,0.1397051089735344,0.014301438539799694,0.0,0.0,0.35290632273100947,0.0,0.0,0.13389218414440673,0.013201493124583774,0.0,0.0
2025-05-02,1613302109.6646447,780605799.1446447,2059474.8699999999,830636835.65,0.514867507253594,Crisis,0.5,0.0,0.0,0.0,0.36031337972454086,0.0,0.0,0.13982068122807426,0.01473344630097889,0.0,0.0,0.35290632273100947,0.0,0.0,0.13389218414440673,0.013201493124583774,0.0,0.0
2025-05-05,1612935979.2646446,780605799.1446447,2059474.8699999999,830270705.25,0.514757384002637,Crisis,0.5,0.0,0.0,0.0,0.3590546448805939,0.0,0.0,0.14109760271065247,0.014605136411390591,0.0,0.0,0.35290632273100947,0.0,0.0,0.13389218414440673,0.013201493124583774,0.0,0.0
2025-05-06,1623197254.0146446,780605799.1446447,2059474.8699999999,840531980.0,0.51782491494556,Crisis,0.5,0.0,0.0,0.0,0.3622011918427603,0.0,0.0,0.14119109641983926,0.014432626682960517,0.0,0.0,0.35290632273100947,0.0,0.0,0.13389218414440673,0.013201493124583774,0.0,0.0
2025-05-07,1624309021.4146447,780605799.1446447,2059474.8699999999,841643747.4,0.518154942380973,Crisis,0.5,0.0,0.0,0.0,0.36281587409195354,0.0,0.0,0.1409711434099996,0.014367924879019936,0.0,0.0,0.35290632273100947,0.0,0.0,0.13389218414440673,0.013201493124583774,0.0,0.0
2025-05-08,1621447132.5646446,780605799.1446447,2059474.8699999999,838781858.55,0.5173044755540674,Crisis,0.5,0.0,0.0,0.0,0.36294174921336064,0.0,0.0,0.13977933381122065,0.014583392529486164,0.0,0.0,0.35290632273100947,0.0,0.0,0.13389218414440673,0.013201493124583774,0.0,0.0
2025-05-09,1632571045.9646444,780605799.1446447,2059474.8699999999,849905771.9499999,0.5205934369905552,Bear,0.5,0.0,0.0,0.0,0.36620147308611967,0.0,0.0,0.13972751787057,0.014664446033865573,0.0,0.0,0.35290632273100947,0.0,0.0,0.13389218414440673,0.013201493124583774,0.0,0.0
2025-05-12,1639886736.1146445,780605799.1446447,2059474.8699999999,857221462.1,0.5227321151038761,Bear,0.5,0.0,0.0,0.0,0.368797581431087,0.0,0.0,0.13917259953009622,0.014761934142692903,0.0,0.0,0.35290632273100947,0.0,0.0,0.13389218414440673,0.013201493124583774,0.0,0.0
2025-05-13,1637906679.36888,808029729.8488802,2059474.8699999999,827817474.65,0.5054118681346214,Bear,0.5,0.0,0.0,0.0,0.3571508877877005,0.0,0.0,0.13439330993192988,0.01386767041499102,0.0,0.0,0.35290632273100947,0.0,0.0,0.13389218414440673,0.013201493124583774,0.0,0.0
2025-05-14,1641431119.61888,808029729.8488802,2059474.8699999999,831341914.9,0.5064738355228864,Bear,0.5,0.0,0.0,0.0,0.35850777280050256,0.0,0.0,0.1338148140209499,0.01415124870143398,0.0,0.0,0.35290632273100947,0.0,0.0,0.13389218414440673,0.013201493124583774,0.0,0.0
2025-05-15,1645994192.36888,808029729.8488802,2059474.8699999999,835904987.65,0.5078420030431475,Bear,0.5,0.0,0.0,0.0,0.35722361012937726,0.0,0.0,0.13653723751999372,0.014081155393776591,0.0,0.0,0.35290632273100947,0.0,0.0,0.13389218414440673,0.013201493124583774,0.0,0.0
2025-05-16,1649021631.16888,808029729.8488802,2059474.8699999999,838932426.45,0.5087455559059814,Bear,0.5,0.0,0.0,0.0,0.3589824507216395,0.0,0.0,0.13566929370199884,0.014093811482343033,0.0,0.0,0.35290632273100947,0.0,0.0,0.13389218414440673,0.013201493124583774,0.0,0.0
2025-05-19,1653977572.31888,808029729.8488802,2059474.8699999999,843888367.6,0.5102175396591785,Bear,1.0,0.0,0.0,0.0,0.3612651269280934,0.0,0.0,0.13509663234836197,0.013855780382723152,0.0,0.0,0.7058126454620189,0.0,0.0,0.26778436828881347,0.026402986249167548,0.0,0.0
2025-05-20,1655980628.7726195,476410652.65261966,2059474.8699999999,1177510501.25,0.7110653837314195,Bear,1.0,0.0,0.0,0.0,0.5029961623810586,0.0,0.0,0.1891810776990774,0.018888143651283495,0.0,0.0,0.7058126454620189,0.0,0.0,0.26778436828881347,0.026402986249167548,0.0,0.0
2025-05-21,1667841465.8001287,144579638.58012882,2059474.8699999999,1521202352.35,0.9120785059869103,Bear,1.0,0.0,0.0,0.0,0.643379226595265,0.0,0.0,0.24448115025392034,0.024218129137724958,0.0,0.0,0.7058126454620189,0.0,0.0,0.26778436828881347,0.026402986249167548,0.0,0.0
2025-05-22,1651828794.9340413,35446917.31404135,2059474.8699999999,1614322402.75,0.977294019635044,Bear,1.0,0.0,0.0,0.0,0.6878715313806908,0.0,0.0,0.26369681975267484,0.025725668501678366,0.0,0.0,0.7058126454620189,0.0,0.0,0.26778436828881347,0.026402986249167548,0.0,0.0
2025-05-23,1654870964.1868637,7708370.6168638505,2059474.8699999999,1645103118.6999998,0.9940975183574731,Bear,1.0,0.0,0.0,0.0,0.7007777910163695,0.0,0.0,0.26731026743064507,0.026009459910458478,0.0,0.0,0.7058126454620189,0.0,0.0,0.26778436828881347,0.026402986249167548,0.0,0.0
2025-05-26,1662968658.186864,7708370.6168638505,2059474.8699999999,1653200812.7,0.9941262600237375,Bear,1.0,0.0,0.0,0.0,0.7014364984916792,0.0,0.0,0.26683557613395387,0.02585418539810435,0.0,0.0,0.7058126454620189,0.0,0.0,0.26778436828881347,0.026402986249167548,0.0,0.0
2025-05-27,1645047306.2368639,7708370.6168638505,2059474.8699999999,1635279460.75,0.9940622707627732,Bear,1.0,0.0,0.0,0.0,0.7019799104693506,0.0,0.0,0.26617799885746996,0.025904361435952646,0.0,0.0,0.7058126454620189,0.0,0.0,0.26778436828881347,0.026402986249167548,0.0,0.0
2025-05-28,1637584460.5868638,7708370.6168638505,2059474.8699999999,1627816615.1,0.9940352111772217,Bear,1.0,0.0,0.0,0.0,0.699764709961484,0.0,0.0,0.26820448689565635,0.02606601432008142,0.0,0.0,0.7058126454620189,0.0,0.0,0.26778436828881347,0.026402986249167548,0.0,0.0
2025-05-29,1623098698.036864,7708370.6168638505,2059474.8699999999,1613330852.5500002,0.9939819768824422,Bear,1.0,0.0,0.0,0.0,0.7023721686973518,0.0,0.0,0.2652525077622986,0.02635730042279189,0.0,0.0,0.7058126454620189,0.0,0.0,0.26778436828881347,0.026402986249167548,0.0,0.0
2025-06-02,1610835448.3868637,7708370.6168638505,2059474.8699999999,1601067602.8999999,0.9939361618241978,Bear,0.5,0.0,0.0,0.0,0.7000279290036983,0.0,0.0,0.26791911019352727,0.02598912262697223,0.0,0.0,0.35290632273100947,0.0,0.0,0.13389218414440673,0.013201493124583774,0.0,0.0
2025-06-03,1608665765.686983,329822055.46698326,2059474.8699999999,1276784235.35,0.7936914321072452,Bear,0.5,0.0,0.0,0.0,0.5602929487127415,0.0,0.0,0.21236512101325705,0.021033362381246694,0.0,0.0,0.35290632273100947,0.0,0.0,0.13389218414440673,0.013201493124583774,0.0,0.0
2025-06-04,1612492161.876571,646313700.306571,2059474.8699999999,964118986.7,0.5979061538990594,Bear,1.0,0.0,0.0,0.0,0.42131410171282585,0.0,0.0,0.16051389651332276,0.016078155672910807,0.0,0.0,0.7058126454620189,0.0,0.0,0.26778436828881347,0.026402986249167548,0.0,0.0
2025-06-05,1623086511.436898,324078875.5668981,2059474.8699999999,1296948161.0,0.7990628668658137,Bear,1.0,0.0,0.0,0.0,0.5629455697904264,0.0,0.0,0.21507701378835087,0.021040283287036412,0.0,0.0,0.7058126454620189,0.0,0.0,0.26778436828881347,0.026402986249167548,0.0,0.0
2025-06-06,1634342884.5457077,79044999.47570765,2059474.8699999999,1553238410.2,0.9503748723033405,Bear,1.0,0.0,0.0,0.0,0.6715020884403081,0.0,0.0,0.25404638397860513,0.024826399884427214,0.0,0.0,0.7058126454620189,0.0,0.0,0.26778436828881347,0.026402986249167548,0.0,0.0
2025-06-09,1639667152.9248412,18171101.004841402,2059474.8699999999,1619436577.05,0.9876617788928967,Bear,1.0,0.0,0.0,0.0,0.6970466384053917,0.0,0.0,0.2645110010445396,0.026104139442965323,0.0,0.0,0.7058126454620189,0.0,0.0,0.26778436828881347,0.026402986249167548,0.0,0.0
2025-06-10,1652667488.1248412,18171101.004841402,2059474.8699999999,1632436912.25,0.9877588347201074,Bull,1.0,0.0,0.0,0.0,0.6958317208471227,0.0,0.0,0.2653304449629712,0.026596668910013457,0.0,0.0,0.7293594840965143,0.0,0.0,0.20843384001341034,0.062206675890075405,0.0,0.0
2025-06-18,1654279712.0951047,36348537.275104806,2059474.8699999999,1615871699.95,0.9767826372624362,Bull,1.0,0.0,0.0,0.0,0.732335995595134,0.0,0.0,0.2310464773311724,0.013400164336129863,0.0,0.0,0.7444600109463541,0.0,0.0,0.1702768095652003,0.0852631794884456,0.0,0.0
2025-06-19,1648286447.430877,3920436.0608770708,2059474.8699999999,1642306536.5,0.996372043863979,Bear,1.0,0.0,0.0,0.0,0.742600801218643,0.0,0.0,0.1869054377533608,0.06686580489197523,0.0,0.0,0.7197253136446533,0.0,0.0,0.19764933333140605,0.08262535302394064,0.0,0.0
2025-06-20,1641484278.8675697,3836047.847569946,2059474.8699999999,1635588756.1499999,0.9964084196276086,Bear,1.0,0.0,0.0,0.0,0.724670824731041,0.0,0.0,0.19286167042574565,0.07887592447082191,0.0,0.0,0.7197253136446533,0.0,0.0,0.19764933333140605,0.08262535302394064,0.0,0.0
2025-06-23,1627128305.11757,3836047.847569946,2059474.8699999999,1621232782.4,0.9963767315097233,Bear,1.0,0.0,0.0,0.0,0.7239139400963771,0.0,0.0,0.19355080912149963,0.07891198229184657,0.0,0.0,0.7197253136446533,0.0,0.0,0.19764933333140605,0.08262535302394064,0.0,0.0
2025-06-24,1627855478.0675697,3836047.847569946,2059474.8699999999,1621959955.35,0.996378350045811,Bear,0.5,0.0,0.0,0.0,0.731564933985232,0.0,0.0,0.18449917947048455,0.08031423659009439,0.0,0.0,0.35986265682232665,0.0,0.0,0.09882466666570303,0.04131267651197032,0.0,0.0
2025-06-25,1649761510.2849493,266162752.51494944,2059474.8699999999,1381539282.9,0.8374175747750222,Bull,0.5,0.0,0.0,0.0,0.5853807213220753,0.0,0.0,0.18734950359377392,0.0646873498591729,0.0,0.0,0.36874041880553354,0.0,0.0,0.07786849999927728,0.05339108119518921,0.0,0.0
2025-06-26,1647678275.7040381,594622847.6340382,2059474.8699999999,1050995953.2,0.6378647874998041,Bull,0.5,0.0,0.0,0.0,0.45838427582428376,0.0,0.0,0.12133527700641397,0.05814523466910647,0.0,0.0,0.37550013297531804,0.0,0.0,0.06215137499945796,0.062348492025224043,0.0,0.0
2025-06-27,1656738221.2807255,680935048.3107256,2059474.8699999999,973743698.1,0.5877474700542955,Bull,0.5,0.0,0.0,0.0,0.40446476063188286,0.0,0.0,0.12227671058581428,0.06100599883659837,0.0,0.0,0.37550013297531804,0.0,0.0,0.06215137499945796,0.062348492025224043,0.0,0.0
2025-06-30,1656790966.9789042,788476556.4589044,2059474.8699999999,866254935.65,0.522851073499986,Bull,0.5,0.0,0.0,0.0,0.3835058425074636,0.0,0.0,0.07726031982985206,0.06208491116267036,0.0,0.0,0.37550013297531804,0.0,0.0,0.06215137499945796,0.062348492025224043,0.0,0.0
2025-07-01,1661451027.7766597,816674428.1066599,2059474.8699999999,842717124.8,0.507217553037189,Bull,0.5,0.0,0.0,0.0,0.3791136748959123,0.0,0.0,0.0656589921557798,0.0624448859854968,0.0,0.0,0.37550013297531804,0.0,0.0,0.06215137499945796,0.062348492025224043,0.0,0.0
2025-07-02,1661627729.4766598,816674428.1066599,2059474.8699999999,842893826.5,0.5072699567703259,Bull,0.5,0.0,0.0,0.0,0.3794746953931699,0.0,0.0,0.065344179128617,0.06245108224853901,0.0,0.0,0.37550013297531804,0.0,0.0,0.06215137499945796,0.062348492025224043,0.0,0.0
2025-07-03,1666883791.6766598,816674428.1066599,2059474.8699999999,848149888.7,0.5088236462164383,Bull,0.5,0.0,0.0,0.0,0.379453463917713,0.0,0.0,0.06625866815160927,0.06311151414711608,0.0,0.0,0.37550013297531804,0.0,0.0,0.06215137499945796,0.062348492025224043,0.0,0.0
2025-07-04,1671397465.6266599,816674428.1066599,2059474.8699999999,852663562.65,0.510150087089135,Bull,0.5,0.0,0.0,0.0,0.38142542139788155,0.0,0.0,0.06637062834028422,0.06235403735096919,0.0,0.0,0.37550013297531804,0.0,0.0,0.06215137499945796,0.062348492025224043,0.0,0.0
2025-07-07,1670466766.4766598,816674428.1066599,2059474.8699999999,851732863.5,0.5098771676233169,Bull,0.5,0.0,0.0,0.0,0.38348847541047487,0.0,0.0,0.06437021206162524,0.06201848015121678,0.0,0.0,0.37550013297531804,0.0,0.0,0.06215137499945796,0.062348492025224043,0.0,0.0
2025-07-08,1666761079.8266597,816674428.1066599,2059474.8699999999,848027176.85,0.5087874843695015,Bull,0.5,0.0,0.0,0.0,0.3826448400848956,0.0,0.0,0.06426781936325283,0.06187482492135309,0.0,0.0,0.37550013297531804,0.0,0.0,0.06215137499945796,0.062348492025224043,0.0,0.0
2025-07-09,1661353834.3766599,816674428.1066599,6394354.87,838285051.4,0.5045794785278385,Bull,0.5,0.0,0.0,0.0,0.38229718935117823,0.0,0.0,0.05956413254803647,0.06271815662862375,0.0,0.0,0.37550013297531804,0.0,0.0,0.06215137499945796,0.062348492025224043,0.0,0.0
2025-07-10,1670040263.9266596,816674428.1066599,6394354.87,846971480.9499999,0.5071563238592641,Bull,0.5,0.0,0.0,0.0,0.38370736609865425,0.0,0.0,0.0603417786844602,0.0631071790761497,0.0,0.0,0.37550013297531804,0.0,0.0,0.06215137499945796,0.062348492025224043,0.0,0.0
2025-07-11,1673400693.7766597,816674428.1066599,6394354.87,850331910.8,0.5081460250150281,Bull,0.5,0.0,0.0,0.0,0.38449389509209375,0.0,0.0,0.06040400268502019,0.06324812723791416,0.0,0.0,0.37550013297531804,0.0,0.0,0.06215137499945796,0.062348492025224043,0.0,0.0
2025-07-14,1675430215.4766598,816674428.1066599,6394354.87,852361432.5,0.5087418291889306,Bull,0.5,0.0,0.0,0.0,0.38508935588012144,0.0,0.0,0.06085016198122891,0.06280231132758023,0.0,0.0,0.37550013297531804,0.0,0.0,0.06215137499945796,0.062348492025224043,0.0,0.0
2025-07-15,1673804694.2266598,816674428.1066599,6394354.87,850735911.25,0.5082647421078369,Bull,0.5,0.0,0.0,0.0,0.38428044410950796,0.0,0.0,0.06026718669623939,0.06371711130208953,0.0,0.0,0.37550013297531804,0.0,0.0,0.06215137499945796,0.062348492025224043,0.0,0.0
2025-07-16,1675893936.0766597,816674428.1066599,6394354.87,852825153.1,0.5088777605440239,Bull,0.5,0.0,0.0,0.0,0.3845848709309477,0.0,0.0,0.06014610938683486,0.06414678022624132,0.0,0.0,0.37550013297531804,0.0,0.0,0.06215137499945796,0.062348492025224043,0.0,0.0
2025-07-17,1679963906.7766597,816674428.1066599,6394354.87,856895123.8,0.5100675796327799,Bull,0.5,0.0,0.0,0.0,0.38587759009883416,0.0,0.0,0.059817713698869186,0.06437227583507657,0.0,0.0,0.37550013297531804,0.0,0.0,0.06215137499945796,0.062348492025224043,0.0,0.0
2025-07-18,1679287709.8766599,816674428.1066599,6394354.87,856218926.9,0.509870299094184,Bull,0.5,0.0,0.0,0.0,0.38460168147567564,0.0,0.0,0.05991778502767121,0.06535083259083721,0.0,0.0,0.37550013297531804,0.0,0.0,0.06215137499945796,0.062348492025224043,0.0,0.0
2025-07-21,1677120162.7766597,816674428.1066599,7162234.87,853283499.8,0.5087789883745085,Bull,0.5,0.0,0.0,0.0,0.3840630588648982,0.0,0.0,0.05998013871197849,0.06473579079763178,0.0,0.0,0.37550013297531804,0.0,0.0,0.06215137499945796,0.062348492025224043,0.0,0.0
2025-07-22,1674832200.0266597,816674428.1066599,7162234.87,850995537.05,0.5081079388349794,Bull,0.5,0.0,0.0,0.0,0.38420200366326684,0.0,0.0,0.05952745594359424,0.0643784792281183,0.0,0.0,0.37550013297531804,0.0,0.0,0.06215137499945796,0.062348492025224043,0.0,0.0
2025-07-23,1676551640.4266596,816674428.1066599,7162234.87,852714977.4499999,0.508612414248687,Bull,1.0,0.0,0.0,0.0,0.3839406803396691,0.0,0.0,0.06016844191827492,0.064503291990743,0.0,0.0,0.7510002659506361,0.0,0.0,0.12430274999891593,0.12469698405044809,0.0,0.0
2025-07-24,1677323945.6833007,731587655.2633009,7162234.87,938574055.55,0.5595663604311377,Bull,1.0,0.0,0.0,0.0,0.3845343991003761,0.0,0.0,0.08554835240341409,0.08948360892734754,0.0,0.0,0.7510002659506361,0.0,0.0,0.12430274999891593,0.12469698405044809,0.0,0.0
2025-07-25,1676664036.8350859,675445661.8650858,7162234.87,994056140.1,0.5928773554279878,Bull,1.0,0.0,0.0,0.0,0.38480597539258843,0.0,0.0,0.10279018110588338,0.10528119892951598,0.0,0.0,0.7510002659506361,0.0,0.0,0.12430274999891593,0.12469698405044809,0.0,0.0
2025-07-28,1673295955.1309783,641740138.3109785,7162234.87,1024393581.9499999,0.6122010746567632,Bull,1.0,0.0,0.0,0.0,0.38349222083655293,0.0,0.0,0.11332514097015005,0.11538371285006019,0.0,0.0,0.7510002659506361,0.0,0.0,0.12430274999891593,0.12469698405044809,0.0,0.0
2025-07-29,1673514060.8186095,624407627.1486096,7162234.87,1041944198.8,0.6226085715051158,Bull,1.0,0.0,0.0,0.0,0.3849990053174911,0.0,0.0,0.11886389523533306,0.11874567095229165,0.0,0.0,0.7510002659506361,0.0,0.0,0.12430274999891593,0.12469698405044809,0.0,0.0
2025-07-30,1678421265.75629,614399179.7862899,7162234.87,1056859851.1,0.6296749646006082,Bull,1.0,0.0,0.0,0.0,0.38440316758574894,0.0,0.0,0.12242242409113731,0.12284937292372201,0.0,0.0,0.7510002659506361,0.0,0.0,0.12430274999891593,0.12469698405044809,0.0,0.0
2025-07-31,1675208876.2366095,611909671.9666095,6469234.87,1056829969.4,0.630864595091085,Bull,1.0,693000.0,0.0,0.0,0.38306651099033623,0.0,0.0,0.12240103482536631,0.12539704927538234,0.0,0.0,0.7510002659506361,0.0,0.0,0.12430274999891593,0.12469698405044809,0.0,0.0
2025-08-01,1681588941.0340285,610901649.2640285,6469234.87,1064218056.9,0.6328645669170493,Bull,1.0,0.0,0.0,0.0,0.38627338765714186,0.0,0.0,0.12312503665294397,0.12346614260696344,0.0,0.0,0.7510002659506361,0.0,0.0,0.12430274999891593,0.12469698405044809,0.0,0.0
2025-08-04,1689260221.245791,608880813.875791,6469234.87,1073910172.5,0.6357280891324225,Bull,1.0,0.0,0.0,0.0,0.3885491792472026,0.0,0.0,0.12433341965816642,0.12284549022705347,0.0,0.0,0.7510002659506361,0.0,0.0,0.12430274999891593,0.12469698405044809,0.0,0.0
2025-08-05,1696570980.0790315,607187271.5090315,6469234.87,1082914473.7,0.6382960020037326,Bull,0.5,0.0,0.0,0.0,0.38968418148305395,0.0,0.0,0.12372986598546054,0.12488195453521808,0.0,0.0,0.37550013297531804,0.0,0.0,0.06215137499945796,0.062348492025224043,0.0,0.0
2025-08-06,1701519267.7581038,744243462.838104,2827354.87,954448450.05,0.5609389609249426,Bull,0.5,3641880.0,0.0,0.0,0.3812107581388925,0.0,0.0,0.10263709809769107,0.07709110468835904,0.0,0.0,0.37550013297531804,0.0,0.0,0.06215137499945796,0.062348492025224043,0.0,0.0
2025-08-07,1690780548.488709,770262966.3687092,18995968.119999997,901521614.0,0.5331984773575837,Bull,0.5,2.0,425469.0,2.0,0.3615113235992387,0.0,0.0,0.10331648312144427,0.0683706706369008,0.0,0.0,0.37550013297531804,0.0,0.0,0.06215137499945796,0.062348492025224043,0.0,0.0
2025-08-08,1691097499.844777,778632658.9247774,18228088.119999997,894236752.8,0.5287907721950275,Bull,0.5,767880.0,0.0,0.0,0.3603885659200256,0.0,0.0,0.10454157729890041,0.0638606289761014,0.0,0.0,0.37550013297531804,0.0,0.0,0.06215137499945796,0.062348492025224043,0.0,0.0
2025-08-11,1689596718.1678843,761369109.6478844,18228088.119999997,909999520.4,0.5385897774391742,Bull,0.5,0.0,0.0,0.0,0.3712285089427337,0.0,0.0,0.10408252934504468,0.06327873915139583,0.0,0.0,0.37550013297531804,0.0,0.0,0.06215137499945796,0.062348492025224043,0.0,0.0
2025-08-12,1696224571.819058,757123555.6990582,18228088.119999997,920872928.0,0.5428956420625609,Bull,0.5,0.0,0.0,0.0,0.3763240072129393,0.0,0.0,0.10416663155074735,0.06240500329887432,0.0,0.0,0.37550013297531804,0.0,0.0,0.06215137499945796,0.062348492025224043,0.0,0.0
2025-08-13,1702038877.6210663,758154913.2510663,23321956.02,920562008.35,0.5408583907534863,Bull,0.5,10.0,40765.0,10.0,0.3745029075016886,0.0,0.0,0.10366596340420522,0.06268951984759256,0.0,0.0,0.37550013297531804,0.0,0.0,0.06215137499945796,0.062348492025224043,0.0,0.0
2025-08-14,1713251510.4100542,757336879.3400543,23321956.02,932592675.0500001,0.5443407867341036,Bull,0.5,0.0,0.0,0.0,0.3798705975716504,0.0,0.0,0.10267260757172697,0.06179758159072607,0.0,0.0,0.37550013297531804,0.0,0.0,0.06215137499945796,0.062348492025224043,0.0,0.0
2025-08-15,1707648816.9787903,762164759.8087903,23321956.02,922162101.15,0.5400185869489895,Bull,0.5,0.0,0.0,0.0,0.37397229734849624,0.0,0.0,0.10364133318296803,0.062404956417525276,0.0,0.0,0.37550013297531804,0.0,0.0,0.06215137499945796,0.062348492025224043,0.0,0.0
2025-08-18,1711754346.4283438,760315460.4583439,23321956.02,928116929.9499999,0.5422021751465447,Bull,0.5,0.0,0.0,0.0,0.3757208102272067,0.0,0.0,0.104081523363293,0.06239984155604499,0.0,0.0,0.37550013297531804,0.0,0.0,0.06215137499945796,0.062348492025224043,0.0,0.0
2025-08-19,1713325447.5733447,760573738.2533447,23321956.02,929429753.3,0.5424712243761923,Bull,0.5,0.0,0.0,0.0,0.3760923846737037,0.0,0.0,0.10418423438046708,0.06219460532202149,0.0,0.0,0.37550013297531804,0.0,0.0,0.06215137499945796,0.062348492025224043,0.0,0.0
2025-08-20,1708625640.5027437,761101228.1327438,23321956.02,924202456.35,0.5409040075496373,Bull,0.5,0.0,0.0,0.0,0.3757351763497483,0.0,0.0,0.10447080727846152,0.06069802392142754,0.0,0.0,0.37550013297531804,0.0,0.0,0.06215137499945796,0.062348492025224043,0.0,0.0
2025-08-21,1709856973.3846076,759257919.0146075,23321956.02,927277098.35,0.542312668710813,Bull,0.5,0.0,0.0,0.0,0.37529314342578024,0.0,0.0,0.10479677703410716,0.06222274825092558,0.0,0.0,0.37550013297531804,0.0,0.0,0.06215137499945796,0.062348492025224043,0.0,0.0
2025-08-22,1700550213.616675,813230215.196675,23321956.02,863998042.4,0.5080697032535587,Bull,0.5,0.0,0.0,0.0,0.37287337199613657,0.0,0.0,0.07284254178919669,0.06235378946822547,0.0,0.0,0.37550013297531804,0.0,0.0,0.06215137499945796,0.062348492025224043,0.0,0.0
2025-08-25,1697173339.166675,813230215.196675,23321956.02,860621167.95,0.50709090703285,Bull,0.5,0.0,0.0,0.0,0.37135456550328505,0.0,0.0,0.07211154993755226,0.0636247915920127,0.0,0.0,0.37550013297531804,0.0,0.0,0.06215137499945796,0.062348492025224043,0.0,0.0
2025-08-26,1689727772.416675,813230215.196675,23321956.02,853175601.2,0.5049189669054057,Bull,0.5,0.0,0.0,0.0,0.3683757593152153,0.0,0.0,0.07257743051983097,0.06396577707035939,0.0,0.0,0.37550013297531804,0.0,0.0,0.06215137499945796,0.062348492025224043,0.0,0.0
2025-08-27,1690313343.2666748,829398047.646675,7154123.57,853761172.05,0.5050904765385297,Bull,0.5,16167832.45,0.0,0.0,0.3688782168902452,0.0,0.0,0.07196559175526109,0.06424666789302333,0.0,0.0,0.37550013297531804,0.0,0.0,0.06215137499945796,0.062348492025224043,0.0,0.0
2025-08-28,1690635791.4166749,829398047.646675,7154123.57,854083620.2,0.5051848686370927,Bull,0.5,0.0,0.0,0.0,0.36975150021885106,0.0,0.0,0.07180493907459261,0.063628429343649,0.0,0.0,0.37550013297531804,0.0,0.0,0.06215137499945796,0.062348492025224043,0.0,0.0
2025-08-29,1692670492.316675,834491480.146675,2060691.0699999998,856118321.1,0.5057796688641231,Bull,0.5,5093432.5,0.0,0.0,0.3700210548615292,0.0,0.0,0.0722066702023739,0.06355194380021997,0.0,0.0,0.37550013297531804,0.0,0.0,0.06215137499945796,0.062348492025224043,0.0,0.0
2025-09-01,1696610954.816675,834491480.146675,2060691.0699999998,860058783.6,0.5069275199233477,Bull,0.5,0.0,0.0,0.0,0.3720392596829626,0.0,0.0,0.07208776982889133,0.06280049041149384,0.0,0.0,0.37550013297531804,0.0,0.0,0.06215137499945796,0.062348492025224043,0.0,0.0
2025-09-02,1704130535.0166748,834491480.146675,2060691.0699999998,867578363.8,0.5091032323949942,Bull,0.5,0.0,0.0,0.0,0.37447117499937044,0.0,0.0,0.07210867798856595,0.06252337940705782,0.0,0.0,0.37550013297531804,0.0,0.0,0.06215137499945796,0.062348492025224043,0.0,0.0
2025-09-03,1707885531.616675,834491480.146675,2060691.0699999998,871333360.4,0.5101825293731488,Bull,1.0,0.0,0.0,0.0,0.37619623710484446,0.0,0.0,0.07166036466398804,0.06232592760431622,0.0,0.0,0.7510002659506361,0.0,0.0,0.12430274999891593,0.12469698405044809,0.0,0.0
2025-09-04,1715950301.5163455,492469271.3463457,2060691.0699999998,1221420339.1,0.7118040295343397,Bull,1.0,0.0,0.0,0.0,0.5310314863401189,0.0,0.0,0.09281090475596328,0.08796163843825766,0.0,0.0,0.7510002659506361,0.0,0.0,0.12430274999891593,0.12469698405044809,0.0,0.0
2025-09-05,1714989303.099199,148381145.8791991,2059910.2699999998,1564548246.95,0.9122787204110642,Bull,1.0,780.8000000000001,0.0,0.0,0.6834091879360291,0.0,0.0,0.11417044972010207,0.11469908275493305,0.0,0.0,0.7510002659506361,0.0,0.0,0.12430274999891593,0.12469698405044809,0.0,0.0
2025-09-08,1718860380.3931036,35677491.02310383,2059910.2699999998,1681122979.1,0.9780451037655117,Bull,1.0,0.0,0.0,0.0,0.733078581293394,0.0,0.0,0.12190082591355113,0.12306569655856657,0.0,0.0,0.7510002659506361,0.0,0.0,0.12430274999891593,0.12469698405044809,0.0,0.0
2025-09-09,1734839427.5543687,7525384.534368833,2059910.2699999998,1725254132.75,0.9944748230573239,Bull,1.0,0.0,0.0,0.0,0.747535369644092,0.0,0.0,0.12253854542589229,0.12440090798733965,0.0,0.0,0.7510002659506361,0.0,0.0,0.12430274999891593,0.12469698405044809,0.0,0.0
2025-09-10,1747936098.0043688,7525384.534368833,2059910.2699999998,1738350803.2,0.9945162212650037,Bull,1.0,0.0,0.0,0.0,0.7471752569736881,0.0,0.0,0.1214669118867693,0.12587405240454624,0.0,0.0,0.7510002659506361,0.0,0.0,0.12430274999891593,0.12469698405044809,0.0,0.0
2025-09-11,1741485352.3043687,7525384.534368833,2059910.2699999998,1731900057.5,0.9944959084544207,Bull,1.0,0.0,0.0,0.0,0.7455743200951543,0.0,0.0,0.12143168457901563,0.1274899037802507,0.0,0.0,0.7510002659506361,0.0,0.0,0.12430274999891593,0.12469698405044809,0.0,0.0
2025-09-12,1751383988.7043688,7525384.534368833,2059910.2699999998,1741798693.9,0.9945270169955934,Bull,1.0,0.0,0.0,0.0,0.7445793739753783,0.0,0.0,0.12192089306352773,0.12802674995668736,0.0,0.0,0.7510002659506361,0.0,0.0,0.12430274999891593,0.12469698405044809,0.0,0.0
2025-09-15,1741320698.6543686,7525384.534368833,2059910.2699999998,1731735403.85,0.9944953880053364,Bull,1.0,0.0,0.0,0.0,0.7427780562474824,0.0,0.0,0.12295070067532438,0.12876663108252973,0.0,0.0,0.7510002659506361,0.0,0.0,0.12430274999891593,0.12469698405044809,0.0,0.0
2025-09-16,1743469125.7043688,7525819.934368833,2059474.8699999999,1733883830.9,0.9945021711809802,Bull,1.0,435.4,0.0,0.0,0.7417216122927066,0.0,0.0,0.12245017525833726,0.1303303836299363,0.0,0.0,0.7510002659506361,0.0,0.0,0.12430274999891593,0.12469698405044809,0.0,0.0
2025-09-17,1734813907.0543687,7525819.934368833,2059474.8699999999,1725228612.25,0.9944747417775524,Bull,1.0,0.0,0.0,0.0,0.741719447266152,0.0,0.0,0.12269788657702355,0.13005740793437676,0.0,0.0,0.7510002659506361,0.0,0.0,0.12430274999891593,0.12469698405044809,0.0,0.0
2025-09-18,1746551346.5543687,7525819.934368833,2059474.8699999999,1736966051.75,0.9945118734566385,Bull,1.0,0.0,0.0,0.0,0.7419896095849816,0.0,0.0,0.12196337681124625,0.13055888706041066,0.0,0.0,0.7510002659506361,0.0,0.0,0.12430274999891593,0.12469698405044809,0.0,0.0
2025-09-19,1744716187.0543687,7525819.934368833,2059474.8699999999,1735130892.25,0.9945061008343415,Bull,1.0,0.0,0.0,0.0,0.742859498792288,0.0,0.0,0.12083564167300886,0.1308109603690448,0.0,0.0,0.7510002659506361,0.0,0.0,0.12430274999891593,0.12469698405044809,0.0,0.0
2025-09-22,1750367619.8543687,7525819.934368833,2059474.8699999999,1740782325.05,0.9945238390520694,Bull,1.0,0.0,0.0,0.0,0.7417394553711069,0.0,0.0,0.12148076643333439,0.1313036172476282,0.0,0.0,0.7510002659506361,0.0,0.0,0.12430274999891593,0.12469698405044809,0.0,0.0
2025-09-23,1755376668.6543686,7525819.934368833,2059474.8699999999,1745791373.85,0.994539465531511,Bull,1.0,0.0,0.0,0.0,0.7398120284038605,0.0,0.0,0.12140345932896801,0.13332397779868232,0.0,0.0,0.7510002659506361,0.0,0.0,0.12430274999891593,0.12469698405044809,0.0,0.0
2025-09-24,1759795183.9543688,7525819.934368833,2059474.8699999999,1750209889.15,0.9945531759083293,Bull,1.0,0.0,0.0,0.0,0.7398302944689497,0.0,0.0,0.12184741835590797,0.13287546308347167,0.0,0.0,0.7510002659506361,0.0,0.0,0.12430274999891593,0.12469698405044809,0.0,0.0
2025-09-25,1750322836.0043688,7525819.934368833,2059474.8699999999,1740737541.2,0.994523698938734,Bull,1.0,0.0,0.0,0.0,0.7393625419149648,0.0,0.0,0.12202411784077695,0.13313703918299238,0.0,0.0,0.7510002659506361,0.0,0.0,0.12430274999891593,0.12469698405044809,0.0,0.0
2025-09-26,1743004993.0543687,7525819.934368833,2059474.8699999999,1733419698.25,0.9945007072024665,Bull,1.0,0.0,0.0,0.0,0.7393372384962543,0.0,0.0,0.1236497892196671,0.13151367948654508,0.0,0.0,0.7510002659506361,0.0,0.0,0.12430274999891593,0.12469698405044809,0.0,0.0
2025-09-30,1768468767.6043687,7525819.934368833,2059474.8699999999,1758883472.8,0.9945798902531068,Bull,1.0,0.0,0.0,0.0,0.7402276459613774,0.0,0.0,0.12348694192424398,0.13086530236748542,0.0,0.0,0.7510002659506361,0.0,0.0,0.12430274999891593,0.12469698405044809,0.0,0.0
2025-10-01,1770228822.0543687,7525819.934368833,2059474.8699999999,1760643527.25,0.9945852792108283,Bull,1.0,0.0,0.0,0.0,0.7396332106549484,0.0,0.0,0.12353832299838319,0.13141374555749674,0.0,0.0,0.7510002659506361,0.0,0.0,0.12430274999891593,0.12469698405044809,0.0,0.0
2025-10-02,1761695512.0543687,7525819.934368833,2059474.8699999999,1752110217.25,0.9945590513577508,Bull,1.0,0.0,0.0,0.0,0.735926786654599,0.0,0.0,0.12408188503874319,0.13455037966440858,0.0,0.0,0.7510002659506361,0.0,0.0,0.12430274999891593,0.12469698405044809,0.0,0.0
2025-10-03,1759196753.282235,499781.7122350903,2059474.8699999999,1756637496.7,0.9985452129914065,Bull,1.0,0.0,0.0,0.0,0.7448162033356066,0.0,0.0,0.12452842445921325,0.12920058519658664,0.0,0.0,0.7510002659506361,0.0,0.0,0.12430274999891593,0.12469698405044809,0.0,0.0
2025-10-07,1754713010.3822348,499781.7122350903,2059474.8699999999,1752153753.8,0.9985414956365558,Bull,1.0,0.0,0.0,0.0,0.7390857913098254,0.0,0.0,0.12636584939419726,0.13308985493253306,0.0,0.0,0.7510002659506361,0.0,0.0,0.12430274999891593,0.12469698405044809,0.0,0.0
2025-10-08,1760874585.782235,499781.7122350903,2059474.8699999999,1758315329.2,0.9985465991712874,Bull,1.0,0.0,0.0,0.0,0.7404953707255413,0.0,0.0,0.12660930074185936,0.1314419277038867,0.0,0.0,0.7510002659506361,0.0,0.0,0.12430274999891593,0.12469698405044809,0.0,0.0
2025-10-09,1756177312.8322349,499781.7122350903,2059474.8699999999,1753618056.25,0.9985427117389943,Bull,1.0,0.0,0.0,0.0,0.739029337622461,0.0,0.0,0.12675001457626975,0.1327633595402636,0.0,0.0,0.7510002659506361,0.0,0.0,0.12430274999891593,0.12469698405044809,0.0,0.0
2025-10-13,1752857688.032235,499781.7122350903,2059474.8699999999,1750298431.45,0.9985399518741833,Bull,1.0,0.0,0.0,0.0,0.7397590462153674,0.0,0.0,0.12706171272239883,0.13171919293641712,0.0,0.0,0.7510002659506361,0.0,0.0,0.12430274999891593,0.12469698405044809,0.0,0.0
2025-10-14,1763607266.8822348,499781.7122350903,2059474.8699999999,1761048010.3,0.9985488511924998,Bull,1.0,0.0,0.0,0.0,0.741720809878784,0.0,0.0,0.12655555700593732,0.13027248430777846,0.0,0.0,0.7510002659506361,0.0,0.0,0.12430274999891593,0.12469698405044809,0.0,0.0
2025-10-15,1766451330.032235,499781.7122350903,2059474.8699999999,1763892073.45,0.9985511876049321,Bull,1.0,0.0,0.0,0.0,0.7404278007626355,0.0,0.0,0.12570366147362122,0.13241972536867544,0.0,0.0,0.7510002659506361,0.0,0.0,0.12430274999891593,0.12469698405044809,0.0,0.0
2025-10-16,1777447600.782235,499781.7122350903,2059474.8699999999,1774888344.2,0.9985601507571258,Bull,1.0,0.0,0.0,0.0,0.7384485166383301,0.0,0.0,0.12595578058192713,0.1341558535368686,0.0,0.0,0.7510002659506361,0.0,0.0,0.12430274999891593,0.12469698405044809,0.0,0.0
2025-10-17,1767562339.7322347,499781.7122350903,2059474.8699999999,1765003083.1499999,0.9985520982628412,Bull,1.0,0.0,0.0,0.0,0.7383054072919953,0.0,0.0,0.12737485685178523,0.13287183411906053,0.0,0.0,0.7510002659506361,0.0,0.0,0.12430274999891593,0.12469698405044809,0.0,0.0
2025-10-20,1766072818.6822348,499781.7122350903,2059474.8699999999,1763513562.1,0.998550877090026,Bull,1.0,0.0,0.0,0.0,0.7356334055746309,0.0,0.0,0.12768324024615052,0.13523423126924458,0.0,0.0,0.7510002659506361,0.0,0.0,0.12430274999891593,0.12469698405044809,0.0,0.0
2025-10-21,1768980176.2573266,5770683.537326719,2059474.8699999999,1761150017.85,0.9955736313428378,Bull,1.0,0.0,0.0,0.0,0.7432403344573967,0.0,0.0,0.12500298362180934,0.1273303132636318,0.0,0.0,0.7510002659506361,0.0,0.0,0.12430274999891593,0.12469698405044809,0.0,0.0
2025-10-22,1775902387.8073268,5770683.537326719,2059474.8699999999,1768072229.4,0.9955908846898988,Bull,1.0,0.0,0.0,0.0,0.7441054409705368,0.0,0.0,0.12565487919385035,0.1258305645255116,0.0,0.0,0.7510002659506361,0.0,0.0,0.12430274999891593,0.12469698405044809,0.0,0.0
2025-10-23,1772534610.8573267,5770683.537326719,2059474.8699999999,1764704452.45,0.9955825074673496,Bull,1.0,0.0,0.0,0.0,0.7437864086683939,0.0,0.0,0.12643019697742772,0.12536590182152801,0.0,0.0,0.7510002659506361,0.0,0.0,0.12430274999891593,0.12469698405044809,0.0,0.0
2025-10-27,1768171050.7573266,5770683.537326719,2059474.8699999999,1760340892.35,0.9955716058104374,Bull,1.0,0.0,0.0,0.0,0.7425633915834313,0.0,0.0,0.12441024860450058,0.12859796562250544,0.0,0.0,0.7510002659506361,0.0,0.0,0.12430274999891593,0.12469698405044809,0.0,0.0
2025-10-28,1754108152.8573267,5770683.537326719,2059474.8699999999,1746277994.45,0.9955361028368908,Bull,1.0,0.0,0.0,0.0,0.7411330893892378,0.0,0.0,0.12568837311477474,0.1287146403328781,0.0,0.0,0.7510002659506361,0.0,0.0,0.12430274999891593,0.12469698405044809,0.0,0.0
2025-10-29,1757476928.1573267,5770683.537326719,2059474.8699999999,1749646769.75,0.9955446593455218,Bull,1.0,0.0,0.0,0.0,0.7397142169673042,0.0,0.0,0.12523322296513098,0.13059721941308672,0.0,0.0,0.7510002659506361,0.0,0.0,0.12430274999891593,0.12469698405044809,0.0,0.0
2025-10-30,1756512422.9073267,5770683.537326719,2059474.8699999999,1748682264.5,0.995542212907116,Bull,1.0,0.0,0.0,0.0,0.7403271092997038,0.0,0.0,0.12454617294303195,0.13066893066438026,0.0,0.0,0.7510002659506361,0.0,0.0,0.12430274999891593,0.12469698405044809,0.0,0.0
2025-10-31,1749958721.2073267,5770683.537326719,2059474.8699999999,1742128562.8,0.9955255182236958,Bull,1.0,0.0,0.0,0.0,0.7386554592031757,0.0,0.0,0.12499894846038737,0.13187111056013281,0.0,0.0,0.7510002659506361,0.0,0.0,0.12430274999891593,0.12469698405044809,0.0,0.0
2025-11-03,1751682541.8073268,5770683.537326719,2059474.8699999999,1743852383.4,0.9955299215351843,Bull,1.0,0.0,0.0,0.0,0.738581536620866,0.0,0.0,0.12642781709264717,0.13052056782167087,0.0,0.0,0.7510002659506361,0.0,0.0,0.12430274999891593,0.12469698405044809,0.0,0.0
2025-11-04,1753922192.4073267,5770683.537326719,2059474.8699999999,1746092034.0,0.9955356295500318,Bull,1.0,0.0,0.0,0.0,0.7394511225266496,0.0,0.0,0.12613700935977495,0.12994749766360725,0.0,0.0,0.7510002659506361,0.0,0.0,0.12430274999891593,0.12469698405044809,0.0,0.0
2025-11-05,1755281350.9073267,5770683.537326719,2059474.8699999999,1747451192.5,0.995539086424362,Bull,1.0,0.0,0.0,0.0,0.7415797426590016,0.0,0.0,0.12573682269564115,0.12822252106971926,0.0,0.0,0.7510002659506361,0.0,0.0,0.12430274999891593,0.12469698405044809,0.0,0.0
2025-11-06,1752854498.8073268,5770683.537326719,2059474.8699999999,1745024340.4,0.9955329102257748,Bull,1.0,0.0,0.0,0.0,0.7410961042595866,0.0,0.0,0.12573177074877404,0.12870503521741425,0.0,0.0,0.7510002659506361,0.0,0.0,0.12430274999891593,0.12469698405044809,0.0,0.0
2025-11-07,1750328783.5573268,5770683.537326719,2059474.8699999999,1742498625.15,0.9955264642386713,Bull,1.0,0.0,0.0,0.0,0.7403682881317121,0.0,0.0,0.127794561856769,0.1273636142501902,0.0,0.0,0.7510002659506361,0.0,0.0,0.12430274999891593,0.12469698405044809,0.0,0.0
2025-11-10,1750820359.4573267,5770683.537326719,2059474.8699999999,1742990201.05,0.9955277202683697,Bull,1.0,0.0,0.0,0.0,0.7399572971904183,0.0,0.0,0.12661407482644885,0.12895634825150262,0.0,0.0,0.7510002659506361,0.0,0.0,0.12430274999891593,0.12469698405044809,0.0,0.0
2025-11-11,1750411279.8073268,5770683.537326719,2059474.8699999999,1742581121.4,0.9955266750747924,Bull,1.0,0.0,0.0,0.0,0.7414195374374254,0.0,0.0,0.12603689346899313,0.1280702441683738,0.0,0.0,0.7510002659506361,0.0,0.0,0.12430274999891593,0.12469698405044809,0.0,0.0
2025-11-12,1746993872.2573266,5770683.537326719,2059474.8699999999,1739163713.85,0.9955179245149789,Bull,1.0,0.0,0.0,0.0,0.7394062648776887,0.0,0.0,0.1271788662389043,0.12893279339838587,0.0,0.0,0.7510002659506361,0.0,0.0,0.12430274999891593,0.12469698405044809,0.0,0.0
2025-11-13,1737980908.0073266,5770683.537326719,2059474.8699999999,1730150749.6,0.9954946809995143,Bull,1.0,0.0,0.0,0.0,0.7416176113682409,0.0,0.0,0.1248908425863358,0.1289862270449377,0.0,0.0,0.7510002659506361,0.0,0.0,0.12430274999891593,0.12469698405044809,0.0,0.0
2025-11-14,1726474632.6073267,5770683.537326719,2059474.8699999999,1718644474.2,0.9954646548177186,Bull,1.0,0.0,0.0,0.0,0.7424399119402157,0.0,0.0,0.12565605998645551,0.1273686828910473,0.0,0.0,0.7510002659506361,0.0,0.0,0.12430274999891593,0.12469698405044809,0.0,0.0
2025-11-17,1727486911.1573267,5770683.537326719,2059474.8699999999,1719656752.75,0.9954673124544365,Bull,1.0,0.0,0.0,0.0,0.742331906810732,0.0,0.0,0.12542873616034403,0.12770666948336046,0.0,0.0,0.7510002659506361,0.0,0.0,0.12430274999891593,0.12469698405044809,0.0,0.0
2025-11-18,1709046090.7573266,5770683.537326719,2059474.8699999999,1701215932.35,0.9954184041906927,Bull,1.0,0.0,0.0,0.0,0.7428068436629772,0.0,0.0,0.12655071221874406,0.12606084830897143,0.0,0.0,0.7510002659506361,0.0,0.0,0.12430274999891593,0.12469698405044809,0.0,0.0
2025-11-19,1702603558.5573268,5770683.537326719,2059474.8699999999,1694773400.15,0.9954010677541627,Bull,1.0,0.0,0.0,0.0,0.7430253471465447,0.0,0.0,0.1266751728057886,0.12570054780182935,0.0,0.0,0.7510002659506361,0.0,0.0,0.12430274999891593,0.12469698405044809,0.0,0.0
2025-11-20,1730731390.0073266,5770683.537326719,2059474.8699999999,1722901231.6,0.995475809560897,Bull,1.0,0.0,0.0,0.0,0.7420113479276316,0.0,0.0,0.1259971947461338,0.1274672668871315,0.0,0.0,0.7510002659506361,0.0,0.0,0.12430274999891593,0.12469698405044809,0.0,0.0
2025-11-21,1723438382.0073266,5770683.537326719,2059474.8699999999,1715608223.6,0.9954566647180001,Bull,1.0,0.0,0.0,0.0,0.7465345074312789,0.0,0.0,0.1251548081160717,0.1237673491706495,0.0,0.0,0.7510002659506361,0.0,0.0,0.12430274999891593,0.12469698405044809,0.0,0.0
2025-11-24,1741432320.7073267,5770683.537326719,2059474.8699999999,1733602162.3,0.9955036102671241,Bull,0.5,0.0,0.0,0.0,0.7484061521096796,0.0,0.0,0.12522295435025949,0.12187450380718495,0.0,0.0,0.37550013297531804,0.0,0.0,0.06215137499945796,0.062348492025224043,0.0,0.0
2025-11-25,1721981524.19919,345622869.92919,2059474.8699999999,1374299179.4,0.7980917100949269,Bull,0.5,0.0,0.0,0.0,0.598693403449517,0.0,0.0,0.09909426878395557,0.10030403786145412,0.0,0.0,0.37550013297531804,0.0,0.0,0.06215137499945796,0.062348492025224043,0.0,0.0
2025-11-26,1726210493.210413,648313734.3404131,2059474.8699999999,1075837284.0,0.6232364408810618,Bull,1.0,0.0,0.0,0.0,0.44781658264764906,0.0,0.0,0.09950582543415387,0.0759140327992588,0.0,0.0,0.7510002659506361,0.0,0.0,0.12430274999891593,0.12469698405044809,0.0,0.0
2025-11-27,1722084861.5691535,304170103.99915355,2059474.8699999999,1415855282.7,0.8221750938626109,Bull,1.0,0.0,0.0,0.0,0.6066717767601992,0.0,0.0,0.11255740313713701,0.10294591396527465,0.0,0.0,0.7510002659506361,0.0,0.0,0.12430274999891593,0.12469698405044809,0.0,0.0
2025-11-28,1717496693.8875003,74735793.36750041,2059474.8699999999,1640701425.65,0.9552865117523595,Bull,1.0,0.0,0.0,0.0,0.7140367606031206,0.0,0.0,0.12083324569915807,0.12041650545008084,0.0,0.0,0.7510002659506361,0.0,0.0,0.12430274999891593,0.12469698405044809,0.0,0.0
2025-12-01,1709580307.2028534,17662289.082853556,2059474.8699999999,1689858543.25,0.9884639733683401,Bull,1.0,0.0,0.0,0.0,0.7425593509128842,0.0,0.0,0.12341403273719685,0.12249058971825906,0.0,0.0,0.7510002659506361,0.0,0.0,0.12430274999891593,0.12469698405044809,0.0,0.0
2025-12-02,1721900932.1528535,17662289.082853556,2059474.8699999999,1702179168.2,0.9885465164780439,Bull,1.0,0.0,0.0,0.0,0.7444563994731651,0.0,0.0,0.12208048446618738,0.12200963253869149,0.0,0.0,0.7510002659506361,0.0,0.0,0.12430274999891593,0.12469698405044809,0.0,0.0
2025-12-03,1718532190.0028534,17662289.082853556,2059474.8699999999,1698810426.05,0.9885240648574521,Bull,1.0,0.0,0.0,0.0,0.7435593778711113,0.0,0.0,0.12152708061852087,0.12343760636782007,0.0,0.0,0.7510002659506361,0.0,0.0,0.12430274999891593,0.12469698405044809,0.0,0.0
2025-12-04,1728319368.1028535,17662289.082853556,2059474.8699999999,1708597604.15,0.9885890511228248,Bull,1.0,0.0,0.0,0.0,0.7457037905932336,0.0,0.0,0.12034367249399605,0.12254158803559514,0.0,0.0,0.7510002659506361,0.0,0.0,0.12430274999891593,0.12469698405044809,0.0,0.0
2025-12-05,1736391969.1528535,17662289.082853556,2059474.8699999999,1716670205.2,0.9886421013784835,Bull,1.0,0.0,0.0,0.0,0.7460632611840661,0.0,0.0,0.11952842658058255,0.12305041361383498,0.0,0.0,0.7510002659506361,0.0,0.0,0.12430274999891593,0.12469698405044809,0.0,0.0
2025-12-08,1739227087.5028534,17662289.082853556,2059474.8699999999,1719505323.55,0.9886606159169419,Bull,1.0,0.0,0.0,0.0,0.745193444181494,0.0,0.0,0.11875746501657515,0.1247097067188727,0.0,0.0,0.7510002659506361,0.0,0.0,0.12430274999891593,0.12469698405044809,0.0,0.0
2025-12-09,1738867542.6528535,17662289.082853556,2059474.8699999999,1719145778.7,0.9886582712776584,Bull,1.0,0.0,0.0,0.0,0.7453028174433695,0.0,0.0,0.11881577804644002,0.12453967578784896,0.0,0.0,0.7510002659506361,0.0,0.0,0.12430274999891593,0.12469698405044809,0.0,0.0
2025-12-10,1740431508.3028533,17662289.082853556,2059474.8699999999,1720709744.35,0.9886684630456474,Bull,1.0,0.0,0.0,0.0,0.7446010878151115,0.0,0.0,0.11875922667106378,0.12530814855947206,0.0,0.0,0.7510002659506361,0.0,0.0,0.12430274999891593,0.12469698405044809,0.0,0.0
2025-12-11,1750231284.9028535,17662289.082853556,2059474.8699999999,1730509520.95,0.9887319098207366,Bull,1.0,0.0,0.0,0.0,0.7460653813090067,0.0,0.0,0.11942181687810557,0.12324471163362435,0.0,0.0,0.7510002659506361,0.0,0.0,0.12430274999891593,0.12469698405044809,0.0,0.0
2025-12-12,1757015855.5028534,17662289.082853556,2059474.8699999999,1737294091.55,0.9887754206138287,Bull,1.0,0.0,0.0,0.0,0.7471525868355308,0.0,0.0,0.11866022685397526,0.12296260692432273,0.0,0.0,0.7510002659506361,0.0,0.0,0.12430274999891593,0.12469698405044809,0.0,0.0
2025-12-15,1763056057.1528535,17662289.082853556,2059474.8699999999,1743334293.2,0.9888138758419843,Bull,1.0,0.0,0.0,0.0,0.7491913191535483,0.0,0.0,0.11833656630119949,0.12128599038723646,0.0,0.0,0.7510002659506361,0.0,0.0,0.12430274999891593,0.12469698405044809,0.0,0.0
2025-12-16,1768012890.3028533,17662289.082853556,2059474.8699999999,1748291126.35,0.9888452374634694,Bull,1.0,0.0,0.0,0.0,0.7505745481995246,0.0,0.0,0.11838397850376929,0.11988671076017546,0.0,0.0,0.7510002659506361,0.0,0.0,0.12430274999891593,0.12469698405044809,0.0,0.0
2025-12-17,1778547592.1528535,17662289.082853556,2059474.8699999999,1758825828.2,0.9889113094078179,Bull,1.0,0.0,0.0,0.0,0.7534368122125767,0.0,0.0,0.11696796921143117,0.11850652798380998,0.0,0.0,0.7510002659506361,0.0,0.0,0.12430274999891593,0.12469698405044809,0.0,0.0
2025-12-18,1780945771.2528534,17662289.082853556,2059474.8699999999,1761224007.3,0.988926241174104,Bull,1.0,0.0,0.0,0.0,0.7537237960680265,0.0,0.0,0.11685549518646893,0.11834694991960851,0.0,0.0,0.7510002659506361,0.0,0.0,0.12430274999891593,0.12469698405044809,0.0,0.0
2025-12-19,1800331231.4528534,17662289.082853556,2059474.8699999999,1780609467.5,0.9890454802936801,Bull,1.0,0.0,0.0,0.0,0.7541384295179656,0.0,0.0,0.11669963633883779,0.11820741443687668,0.0,0.0,0.7510002659506361,0.0,0.0,0.12430274999891593,0.12469698405044809,0.0,0.0
2025-12-22,1810795174.2528534,17662289.082853556,2059474.8699999999,1791073410.3,0.989108782576146,Bull,1.0,0.0,0.0,0.0,0.753563423241959,0.0,0.0,0.11632867316808185,0.11921668616610509,0.0,0.0,0.7510002659506361,0.0,0.0,0.12430274999891593,0.12469698405044809,0.0,0.0
2025-12-23,1800250761.5528533,17662289.082853556,2059474.8699999999,1780528997.6,0.9890449906346147,Bull,1.0,0.0,0.0,0.0,0.7517972643058731,0.0,0.0,0.1167653443005243,0.1204823820282173,0.0,0.0,0.7510002659506361,0.0,0.0,0.12430274999891593,0.12469698405044809,0.0,0.0
2025-12-24,1790094145.5528533,17662289.082853556,2059474.8699999999,1770372381.6,0.9889828342258711,Bull,1.0,0.0,0.0,0.0,0.7494002675405049,0.0,0.0,0.11813127288603624,0.1214512937993299,0.0,0.0,0.7510002659506361,0.0,0.0,0.12430274999891593,0.12469698405044809,0.0,0.0
2025-12-26,1802208335.3028536,17662289.082853556,2059474.8699999999,1782486571.3500001,0.9890568900573089,Bull,1.0,0.0,0.0,0.0,0.74774610956593,0.0,0.0,0.11963672333352492,0.12167405715785384,0.0,0.0,0.7510002659506361,0.0,0.0,0.12430274999891593,0.12469698405044809,0.0,0.0
2025-12-29,1803845945.3028533,17662289.082853556,2059474.8699999999,1784124181.35,0.9890668246896537,Bull,1.0,0.0,0.0,0.0,0.7468848627889912,0.0,0.0,0.11901387729868265,0.12316808460197977,0.0,0.0,0.7510002659506361,0.0,0.0,0.12430274999891593,0.12469698405044809,0.0,0.0
2025-12-30,1801777691.9528534,17662289.082853556,2059474.8699999999,1782055928.0,0.9890542745417843,Bull,1.0,0.0,0.0,0.0,0.74656939310979,0.0,0.0,0.11936439271090032,0.12312048872109398,0.0,0.0,0.7510002659506361,0.0,0.0,0.12430274999891593,0.12469698405044809,0.0,0.0
2025-12-31,1786610174.9528534,17662289.082853556,2059474.8699999999,1766888411.0,0.9889613502546106,Bull,1.0,0.0,0.0,0.0,0.7450604108616626,0.0,0.0,0.11887758335732342,0.1250233560356245,0.0,0.0,0.7510002659506361,0.0,0.0,0.12430274999891593,0.12469698405044809,0.0,0.0
2026-01-02,1799255621.8528535,17662289.082853556,2059474.8699999999,1779533857.9,0.989038931592975,Bull,1.0,0.0,0.0,0.0,0.7439892873706833,0.0,0.0,0.11835016515369533,0.12669947906859638,0.0,0.0,0.7510002659506361,0.0,0.0,0.12430274999891593,0.12469698405044809,0.0,0.0
2026-01-05,1817233673.7528534,17662289.082853556,2059474.8699999999,1797511909.8,0.9891473704027699,Bull,1.0,0.0,0.0,0.0,0.7419099861911103,0.0,0.0,0.11701335005578345,0.13022403415587622,0.0,0.0,0.7510002659506361,0.0,0.0,0.12430274999891593,0.12469698405044809,0.0,0.0
2026-01-06,1824225645.1528535,17662289.082853556,2059474.8699999999,1804503881.2,0.9891889668335405,Bull,1.0,0.0,0.0,0.0,0.7413092151144978,0.0,0.0,0.11647495503890715,0.13140479668013566,0.0,0.0,0.7510002659506361,0.0,0.0,0.12430274999891593,0.12469698405044809,0.0,0.0
2026-01-07,1810942191.6028535,17662289.082853556,2059474.8699999999,1791220427.65,0.9891096667556253,Bull,1.0,0.0,0.0,0.0,0.7403089860441062,0.0,0.0,0.11746614606826239,0.1313345346432566,0.0,0.0,0.7510002659506361,0.0,0.0,0.12430274999891593,0.12469698405044809,0.0,0.0
2026-01-08,1809626359.0528533,17662289.082853556,2059474.8699999999,1789904595.1,0.9891017480740192,Bull,1.0,0.0,0.0,0.0,0.7396517454578627,0.0,0.0,0.11754956979701417,0.1319004328191423,0.0,0.0,0.7510002659506361,0.0,0.0,0.12430274999891593,0.12469698405044809,0.0,0.0
2026-01-09,1815192655.2028534,17662289.082853556,2059474.8699999999,1795470891.25,0.9891351676108179,Bull,1.0,0.0,0.0,0.0,0.7404455595374796,0.0,0.0,0.1176626069898524,0.13102700108348592,0.0,0.0,0.7510002659506361,0.0,0.0,0.12430274999891593,0.12469698405044809,0.0,0.0
2026-01-12,1808205139.6528535,17662289.082853556,2059474.8699999999,1788483375.7,0.9890931822278529,Bull,1.0,0.0,0.0,0.0,0.738779077885192,0.0,0.0,0.11783922925963339,0.13247487508302744,0.0,0.0,0.7510002659506361,0.0,0.0,0.12430274999891593,0.12469698405044809,0.0,0.0
2026-01-13,1809046371.1528535,17662289.082853556,2059474.8699999999,1789324607.2,0.9890982540484657,Bull,1.0,0.0,0.0,0.0,0.7385779206690694,0.0,0.0,0.11744828843972603,0.13307204493967031,0.0,0.0,0.7510002659506361,0.0,0.0,0.12430274999891593,0.12469698405044809,0.0,0.0
2026-01-14,1812520285.1528535,17662289.082853556,2059474.8699999999,1792798521.2,0.9891191485610379,Bull,1.0,0.0,0.0,0.0,0.7386013178258594,0.0,0.0,0.11760690445570565,0.13291092627947285,0.0,0.0,0.7510002659506361,0.0,0.0,0.12430274999891593,0.12469698405044809,0.0,0.0
2026-01-15,1828665764.8528535,17662289.082853556,2059474.8699999999,1808944000.9,0.9892152167269121,Bull,1.0,0.0,0.0,0.0,0.7399858284156626,0.0,0.0,0.11767814771624815,0.13155124059500142,0.0,0.0,0.7510002659506361,0.0,0.0,0.12430274999891593,0.12469698405044809,0.0,0.0
2026-01-16,1834686646.1028535,17662289.082853556,2059474.8699999999,1814964882.15,0.9892506090918874,Bull,1.0,0.0,0.0,0.0,0.7383773599854585,0.0,0.0,0.11724825078818424,0.13362499831824481,0.0,0.0,0.7510002659506361,0.0,0.0,0.12430274999891593,0.12469698405044809,0.0,0.0
2026-01-19,1836380819.2528534,17662289.082853556,2059474.8699999999,1816659055.3,0.9892605260596887,Bull,1.0,0.0,0.0,0.0,0.7372702552245394,0.0,0.0,0.11737603537358722,0.13461423546156212,0.0,0.0,0.7510002659506361,0.0,0.0,0.12430274999891593,0.12469698405044809,0.0,0.0
2026-01-20,1822366559.6028533,17662289.082853556,2059474.8699999999,1802644795.6499999,0.9891779379681158,Bull,1.0,0.0,0.0,0.0,0.7360971855971384,0.0,0.0,0.11743131417349836,0.13564943819747916,0.0,0.0,0.7510002659506361,0.0,0.0,0.12430274999891593,0.12469698405044809,0.0,0.0
2026-01-21,1814407665.9028535,17662289.082853556,2059474.8699999999,1794685901.95,0.9891304670259757,Bull,1.0,0.0,0.0,0.0,0.7365779901976869,0.0,0.0,0.11771549691602529,0.1348369799122635,0.0,0.0,0.7510002659506361,0.0,0.0,0.12430274999891593,0.12469698405044809,0.0,0.0
2026-01-22,1815183980.2028534,17662289.082853556,5464474.87,1792057216.25,0.9872592727761574,Bull,1.0,0.0,0.0,0.0,0.7351394298339249,0.0,0.0,0.11743432198877055,0.134685520953462,0.0,0.0,0.7510002659506361,0.0,0.0,0.12430274999891593,0.12469698405044809,0.0,0.0
2026-01-23,1815578931.928715,484256.4587153066,5464474.87,1809630200.6,0.9967235071832455,Bull,1.0,0.0,0.0,0.0,0.746079323117627,0.0,0.0,0.12266517091791423,0.12797901314770432,0.0,0.0,0.7510002659506361,0.0,0.0,0.12430274999891593,0.12469698405044809,0.0,0.0
2026-01-26,1814714553.328715,484256.4587153066,5464474.87,1808765822.0,0.9967219465354463,Bull,1.0,0.0,0.0,0.0,0.7453337052480218,0.0,0.0,0.12334826961596178,0.12803997167146283,0.0,0.0,0.7510002659506361,0.0,0.0,0.12430274999891593,0.12469698405044809,0.0,0.0
2026-01-27,1812207916.578715,484256.4587153066,5464474.87,1806259185.25,0.9967174123486086,Bull,1.0,0.0,0.0,0.0,0.7448825672268641,0.0,0.0,0.12219806456759906,0.12963678055414543,0.0,0.0,0.7510002659506361,0.0,0.0,0.12430274999891593,0.12469698405044809,0.0,0.0
2026-01-28,1818483264.0287151,484256.4587153066,5464474.87,1812534532.7,0.996728740128443,Bull,1.0,0.0,0.0,0.0,0.7439784899107197,0.0,0.0,0.12152704639711787,0.13122320382060548,0.0,0.0,0.7510002659506361,0.0,0.0,0.12430274999891593,0.12469698405044809,0.0,0.0
2026-01-29,1822145282.878715,484256.4587153066,5464474.87,1816196551.55,0.9967353144754094,Bull,1.0,0.0,0.0,0.0,0.745632395131269,0.0,0.0,0.12093766730381396,0.13016525204032653,0.0,0.0,0.7510002659506361,0.0,0.0,0.12430274999891593,0.12469698405044809,0.0,0.0
2026-01-30,1799737718.0287151,484256.4587153066,5464474.87,1793788986.7,0.9966946676345535,Bull,1.0,0.0,0.0,0.0,0.7446172702141581,0.0,0.0,0.12234649404424318,0.12973090337615223,0.0,0.0,0.7510002659506361,0.0,0.0,0.12430274999891593,0.12469698405044809,0.0,0.0
2026-02-02,1788377381.4787152,484256.4587153066,5464474.87,1782428650.15,0.9966736711220333,Bull,1.0,0.0,0.0,0.0,0.7446427493110461,0.0,0.0,0.1234540328492897,0.12857688896169744,0.0,0.0,0.7510002659506361,0.0,0.0,0.12430274999891593,0.12469698405044809,0.0,0.0
2026-02-03,1805302570.828715,484256.4587153066,5464474.87,1799353839.5,0.9967048563355314,Bull,1.0,0.0,0.0,0.0,0.7441150094210195,0.0,0.0,0.12263534300423128,0.12995450391028068,0.0,0.0,0.7510002659506361,0.0,0.0,0.12430274999891593,0.12469698405044809,0.0,0.0
2026-02-04,1804688287.4787152,484256.4587153066,5464474.87,1798739556.15,0.9967037347280477,Bull,1.0,0.0,0.0,0.0,0.7448043329565041,0.0,0.0,0.12198976495135952,0.1299096368201842,0.0,0.0,0.7510002659506361,0.0,0.0,0.12430274999891593,0.12469698405044809,0.0,0.0
2026-02-05,1817757627.7287152,484256.4587153066,5464474.87,1811808896.4,0.9967274342640784,Bull,1.0,0.0,0.0,0.0,0.7475502650471062,0.0,0.0,0.12179385008364868,0.1273833191333235,0.0,0.0,0.7510002659506361,0.0,0.0,0.12430274999891593,0.12469698405044809,0.0,0.0
2026-02-06,1818828723.7787151,484256.4587153066,5464474.87,1812879992.45,0.9967293614561155,Bull,1.0,0.0,0.0,0.0,0.7470019989717845,0.0,0.0,0.12259587562304664,0.1271314868612842,0.0,0.0,0.7510002659506361,0.0,0.0,0.12430274999891593,0.12469698405044809,0.0,0.0
2026-02-09,1823356851.078715,484256.4587153066,5464474.87,1817408119.75,0.99673748376507,Bull,1.0,0.0,0.0,0.0,0.7443128419689753,0.0,0.0,0.12199312486110668,0.1304315169349881,0.0,0.0,0.7510002659506361,0.0,0.0,0.12430274999891593,0.12469698405044809,0.0,0.0
2026-02-10,1837569705.678715,484256.4587153066,5464474.87,1831620974.35,0.9967627180017544,Bull,1.0,0.0,0.0,0.0,0.7434721905395116,0.0,0.0,0.1211551318635666,0.1321353955986762,0.0,0.0,0.7510002659506361,0.0,0.0,0.12430274999891593,0.12469698405044809,0.0,0.0
2026-02-11,1852842747.5287151,3889256.4587153066,2059474.8699999999,1846894016.2,0.9967894030204941,Bull,1.0,3405000.0,0.0,0.0,0.7420977943400405,0.0,0.0,0.1206947002373898,0.13399690844306378,0.0,0.0,0.7510002659506361,0.0,0.0,0.12430274999891593,0.12469698405044809,0.0,0.0
2026-02-23,1890827454.0287151,3889256.4587153066,2059474.8699999999,1884878722.7,0.996853900488889,Bull,1.0,0.0,0.0,0.0,0.7447491941687316,0.0,0.0,0.12045948429334631,0.13164522202681103,0.0,0.0,0.7510002659506361,0.0,0.0,0.12430274999891593,0.12469698405044809,0.0,0.0
2026-02-24,1902523447.2787151,3889256.4587153066,2059474.8699999999,1896574715.95,0.9968732415165638,Bull,1.0,0.0,0.0,0.0,0.7422397962925744,0.0,0.0,0.1204167550879272,0.13421669013606213,0.0,0.0,0.7510002659506361,0.0,0.0,0.12430274999891593,0.12469698405044809,0.0,0.0
2026-02-25,1901912113.328715,3889256.4587153066,2059474.8699999999,1895963382.0,0.9968722364787385,Bull,1.0,0.0,0.0,0.0,0.7395471494938103,0.0,0.0,0.12019067463633716,0.13713441234859092,0.0,0.0,0.7510002659506361,0.0,0.0,0.12430274999891593,0.12469698405044809,0.0,0.0
2026-02-26,1905516639.0287151,3889256.4587153066,2059474.8699999999,1899567907.7,0.9968781530389851,Bull,1.0,0.0,0.0,0.0,0.7418534053948492,0.0,0.0,0.11806535581587736,0.1369593918282585,0.0,0.0,0.7510002659506361,0.0,0.0,0.12430274999891593,0.12469698405044809,0.0,0.0
2026-03-02,1887729924.0287151,3889256.4587153066,2059474.8699999999,1881781192.7,0.9968487381309189,Bull,1.0,0.0,0.0,0.0,0.7388196134135048,0.0,0.0,0.12114217033332433,0.13688695438408977,0.0,0.0,0.7510002659506361,0.0,0.0,0.12430274999891593,0.12469698405044809,0.0,0.0
2026-03-03,1885020229.0287151,3889256.4587153066,2059474.8699999999,1879071497.7,0.996844208228057,Bull,1.0,0.0,0.0,0.0,0.7410813826755595,0.0,0.0,0.12140882971739914,0.13435399583509827,0.0,0.0,0.7510002659506361,0.0,0.0,0.12430274999891593,0.12469698405044809,0.0,0.0
2026-03-04,1823491491.5287151,3889256.4587153066,2059474.8699999999,1817542760.2,0.9967377246582445,Sideways,1.0,0.0,0.0,0.0,0.7393959700188534,0.0,0.0,0.12400984652274098,0.13333190811665013,0.0,0.0,0.7510002659506361,0.0,0.0,0.12430274999891593,0.12469698405044809,0.0,0.0
2026-03-05,1842929959.928715,3889256.4587153066,2059474.8699999999,1836981228.6,0.9967721337988639,Sideways,1.0,0.0,0.0,0.0,0.7392957726145494,0.0,0.0,0.12240969809223025,0.13506666309208423,0.0,0.0,0.7510002659506361,0.0,0.0,0.12430274999891593,0.12469698405044809,0.0,0.0
2026-03-06,1849388595.328715,3889256.4587153066,2059474.8699999999,1843439864.0,0.9967834065032407,Sideways,1.0,0.0,0.0,0.0,0.7403045349463998,0.0,0.0,0.12284032710800866,0.13363854444883227,0.0,0.0,0.7510002659506361,0.0,0.0,0.12430274999891593,0.12469698405044809,0.0,0.0
2026-03-09,1820499822.7287152,3889256.4587153066,2059474.8699999999,1814551091.4,0.996732363686914,Sideways,0.5,0.0,0.0,0.0,0.7429893562816138,0.0,0.0,0.12372508757643792,0.1300179198288622,0.0,0.0,0.37550013297531804,0.0,0.0,0.06215137499945796,0.062348492025224043,0.0,0.0
2026-03-10,1824267200.433198,372058239.913198,2059474.8699999999,1450149485.65,0.7949216459659209,Sideways,0.5,0.0,0.0,0.0,0.5920287803198646,0.0,0.0,0.09806523954249594,0.10482762610356032,0.0,0.0,0.37550013297531804,0.0,0.0,0.06215137499945796,0.062348492025224043,0.0,0.0
2026-03-11,1832773486.955155,735682165.0851549,2059474.8699999999,1095031847.0,0.5974725490050663,Crisis,1.0,0.0,0.0,0.0,0.4453343268054221,0.0,0.0,0.0734165465387335,0.07872167566091068,0.0,0.0,0.7132501994629771,0.0,0.0,0.1708271414457067,0.1159226590913163,0.0,0.0
2026-03-12,1820648175.9088883,371064020.5888884,2059474.8699999999,1447524680.45,0.7950600778359493,Crisis,1.0,0.0,0.0,0.0,0.5763621408766421,0.0,0.0,0.12285580649778081,0.09584213046152654,0.0,0.0,0.6849376495972328,0.0,0.0,0.20722005201638655,0.10784229838638072,0.0,0.0
2026-03-13,1819606726.9329886,92086048.0129888,2059474.8699999999,1725461204.05,0.9482605106424978,Crisis,1.0,0.0,0.0,0.0,0.657993365449947,0.0,0.0,0.18629333195056041,0.10397381324199041,0.0,0.0,0.6637032371979247,0.0,0.0,0.23546561076702383,0.10083115203505166,0.0,0.0
2026-03-16,1822150012.2854288,21270363.9154288,2059474.8699999999,1798820173.5,0.9871965323227326,Crisis,1.0,0.0,0.0,0.0,0.6604945615813962,0.0,0.0,0.22567516243310587,0.10102680830823058,0.0,0.0,0.6637032371979247,0.0,0.0,0.23546561076702383,0.10083115203505166,0.0,0.0
2026-03-17,1834725739.7854288,21270363.9154288,2059474.8699999999,1811395901.0,0.9872842908999809,Crisis,1.0,0.0,0.0,0.0,0.6602167423353767,0.0,0.0,0.2253396739549484,0.10172787460965577,0.0,0.0,0.6637032371979247,0.0,0.0,0.23546561076702383,0.10083115203505166,0.0,0.0
2026-03-18,1836605979.3854287,21270363.9154288,2059474.8699999999,1813276140.6,0.9872973087056836,Crisis,1.0,0.0,0.0,0.0,0.6576890493431785,0.0,0.0,0.22645984205015804,0.10314841731234702,0.0,0.0,0.6637032371979247,0.0,0.0,0.23546561076702383,0.10083115203505166,0.0,0.0
2026-03-19,1815872315.2854288,21270363.9154288,2059474.8699999999,1792542476.5,0.9871522691386142,Crisis,1.0,0.0,0.0,0.0,0.6584909447843241,0.0,0.0,0.22674887244771907,0.101912451906571,0.0,0.0,0.6637032371979247,0.0,0.0,0.23546561076702383,0.10083115203505166,0.0,0.0
2026-03-20,1819603576.9354289,21270363.9154288,2059474.8699999999,1796273738.15,0.987178614572345,Crisis,1.0,0.0,0.0,0.0,0.6592692789549126,0.0,0.0,0.22633968476454308,0.1015696508528893,0.0,0.0,0.6477774278984434,0.0,0.0,0.26147545990095633,0.09074711220060022,0.0,0.0
2026-03-23,1789696631.7592974,3535444.9892973024,2059474.8699999999,1784101711.9,0.9968738166234367,Crisis,1.0,0.0,0.0,0.0,0.647992537573247,0.0,0.0,0.25590784039738734,0.09297343865280233,0.0,0.0,0.6477774278984434,0.0,0.0,0.26147545990095633,0.09074711220060022,0.0,0.0
2026-03-24,1810344203.5592973,3535444.9892973024,2059474.8699999999,1804749283.7,0.9969094717743194,Crisis,0.5,0.0,0.0,0.0,0.6507989372317227,0.0,0.0,0.2540118056532545,0.09209872888934229,0.0,0.0,0.3238887139492217,0.0,0.0,0.13073772995047817,0.04537355610030011,0.0,0.0
2026-03-25,1828955155.4736705,370084657.45367044,2059474.8699999999,1456811023.15,0.7965263767075301,Crisis,0.5,0.0,0.0,0.0,0.5196454491000679,0.0,0.0,0.20255390018245484,0.0743270274250073,0.0,0.0,0.3238887139492217,0.0,0.0,0.13073772995047817,0.04537355610030011,0.0,0.0
2026-03-26,1825153835.2675257,734949324.1475258,2059474.8699999999,1088145036.25,0.5961936003550643,Crisis,0.5,0.0,0.0,0.0,0.38801301159701784,0.0,0.0,0.15352612726966536,0.05465446148838107,0.0,0.0,0.3238887139492217,0.0,0.0,0.13073772995047817,0.04537355610030011,0.0,0.0
2026-03-27,1819853981.196483,855653356.026483,2059474.8699999999,962141150.3,0.5286914006515125,Crisis,0.5,0.0,0.0,0.0,0.34406757727250675,0.0,0.0,0.13727112316767165,0.047352700211334156,0.0,0.0,0.3238887139492217,0.0,0.0,0.13073772995047817,0.04537355610030011,0.0,0.0
2026-03-30,1809737654.1906614,893851945.8206614,2059474.8699999999,913826233.5,0.5049495607188851,Crisis,0.5,0.0,0.0,0.0,0.3274063133559447,0.0,0.0,0.13209428418889202,0.04544896317404834,0.0,0.0,0.3238887139492217,0.0,0.0,0.13073772995047817,0.04537355610030011,0.0,0.0
2026-03-31,1810551227.8906612,893851945.8206614,2059474.8699999999,914639807.2,0.5051720123189107,Crisis,0.5,0.0,0.0,0.0,0.32842205624457993,0.0,0.0,0.13227424682095915,0.044475709253371604,0.0,0.0,0.3238887139492217,0.0,0.0,0.13073772995047817,0.04537355610030011,0.0,0.0
2026-04-01,1822338402.3906612,893851945.8206614,2059474.8699999999,926426981.7,0.5083726384104365,Crisis,0.5,0.0,0.0,0.0,0.3296600296146394,0.0,0.0,0.1326312388977391,0.04608136989805793,0.0,0.0,0.3238887139492217,0.0,0.0,0.13073772995047817,0.04537355610030011,0.0,0.0
2026-04-02,1818410864.7406611,893851945.8206614,2059474.8699999999,922499444.05,0.5073107854431816,Crisis,0.5,0.0,0.0,0.0,0.32959058135383257,0.0,0.0,0.13245741359687233,0.04526279049247674,0.0,0.0,0.3238887139492217,0.0,0.0,0.13073772995047817,0.04537355610030011,0.0,0.0
2026-04-07,1824164641.8906612,893851945.8206614,2059474.8699999999,928253221.2,0.5088648249633372,Crisis,0.5,0.0,0.0,0.0,0.3305144214258584,0.0,0.0,0.13240668876777692,0.04594371476970193,0.0,0.0,0.3238887139492217,0.0,0.0,0.13073772995047817,0.04537355610030011,0.0,0.0
2026-04-08,1832419536.8406613,893851945.8206614,2059474.8699999999,936508116.15,0.5110773473659129,Crisis,1.0,0.0,0.0,0.0,0.33116156204940467,0.0,0.0,0.1318102078394302,0.0481055774770781,0.0,0.0,0.6477774278984434,0.0,0.0,0.26147545990095633,0.09074711220060022,0.0,0.0
2026-04-09,1844107629.1627755,526848422.49277574,2059474.8699999999,1315199731.8,0.7131903317362774,Crisis,1.0,0.0,0.0,0.0,0.46259671524014967,0.0,0.0,0.18552615616873025,0.06506746032739753,0.0,0.0,0.6477774278984434,0.0,0.0,0.26147545990095633,0.09074711220060022,0.0,0.0
2026-04-10,1832802781.2985284,157939720.3285286,2059474.8699999999,1672803586.1,0.9127024484952112,Sideways,1.0,0.0,0.0,0.0,0.588043540252819,0.0,0.0,0.23949439867665942,0.08516450956573268,0.0,0.0,0.681524290194676,0.0,0.0,0.22477826617863358,0.09369744362669055,0.0,0.0
2026-04-13,1825390553.7085483,37590914.43854825,2059474.8699999999,1785740164.4,0.9782784077478692,Sideways,1.0,0.0,0.0,0.0,0.657701806312562,0.0,0.0,0.22882264792671364,0.09175395350859356,0.0,0.0,0.7096866057392561,0.0,0.0,0.19192646863380872,0.09838692562693527,0.0,0.0
2026-04-14,1838406200.1451077,7044357.4751078505,2059474.8699999999,1829302367.8,0.9950479756082257,Sideways,1.0,0.0,0.0,0.0,0.6961119733489741,0.0,0.0,0.19994318990601026,0.09899281235324128,0.0,0.0,0.732264954304442,0.0,0.0,0.1651636624916108,0.10257138320394713,0.0,0.0
2026-04-15,1852674889.1529267,9216627.632926608,2059474.8699999999,1841398786.65,0.9939136096845992,Sideways,1.0,0.0,0.0,0.0,0.7184333011921837,0.0,0.0,0.1733288996791133,0.10215140881330223,0.0,0.0,0.732264954304442,0.0,0.0,0.1651636624916108,0.10257138320394713,0.0,0.0
2026-04-16,1857174379.4529266,9216627.632926608,2059474.8699999999,1845898276.95,0.9939283555557943,Sideways,1.0,0.0,0.0,0.0,0.7175134934515587,0.0,0.0,0.1734816092471118,0.10293325285712375,0.0,0.0,0.732264954304442,0.0,0.0,0.1651636624916108,0.10257138320394713,0.0,0.0
2026-04-17,1859279058.4529266,9216627.632926608,2059474.8699999999,1848002955.95,0.9939352285760109,Sideways,1.0,0.0,0.0,0.0,0.7158434877750209,0.0,0.0,0.1763031743458424,0.10178856645514761,0.0,0.0,0.732264954304442,0.0,0.0,0.1651636624916108,0.10257138320394713,0.0,0.0
2026-04-20,1861464231.8834853,655788.3134853626,2059474.8699999999,1858748968.7,0.9985413293809369,Sideways,1.0,0.0,0.0,0.0,0.7270172563727823,0.0,0.0,0.16882666592095485,0.10269740708719981,0.0,0.0,0.732264954304442,0.0,0.0,0.1651636624916108,0.10257138320394713,0.0,0.0
2026-04-21,1853603777.0334852,655788.3134853626,2059474.8699999999,1850888513.85,0.9985351436929899,Sideways,1.0,0.0,0.0,0.0,0.7255693641293783,0.0,0.0,0.16806418063010473,0.10490159893350678,0.0,0.0,0.732264954304442,0.0,0.0,0.1651636624916108,0.10257138320394713,0.0,0.0
2026-04-22,1848351019.4334853,655788.3134853626,2059474.8699999999,1845635756.25,0.9985309807742484,Sideways,1.0,0.0,0.0,0.0,0.7249512090299253,0.0,0.0,0.16795191862157613,0.10562785312274707,0.0,0.0,0.732264954304442,0.0,0.0,0.1651636624916108,0.10257138320394713,0.0,0.0
2026-04-23,1834622985.8334854,655788.3134853626,2059474.8699999999,1831907722.65,0.9985199884638687,Sideways,1.0,0.0,0.0,0.0,0.7234357047189328,0.0,0.0,0.16866604331756987,0.10641824042736604,0.0,0.0,0.732264954304442,0.0,0.0,0.1651636624916108,0.10257138320394713,0.0,0.0
2026-04-24,1843521530.5834854,655788.3134853626,2059474.8699999999,1840806267.4,0.9985271323722344,Sideways,1.0,0.0,0.0,0.0,0.7193859119075484,0.0,0.0,0.1688214077442834,0.11031981272040257,0.0,0.0,0.732264954304442,0.0,0.0,0.1651636624916108,0.10257138320394713,0.0,0.0
2026-04-27,1851824923.8334854,655788.3134853626,2059474.8699999999,1849109660.65,0.9985337365597908,Sideways,1.0,0.0,0.0,0.0,0.7175730510739613,0.0,0.0,0.1674116143540341,0.11354907113179538,0.0,0.0,0.732264954304442,0.0,0.0,0.1651636624916108,0.10257138320394713,0.0,0.0
2026-04-28,1837410730.0334852,655788.3134853626,2059474.8699999999,1834695466.85,0.9985222339572188,Sideways,1.0,0.0,0.0,0.0,0.7182057039723234,0.0,0.0,0.16710722049304913,0.11320930949184627,0.0,0.0,0.732264954304442,0.0,0.0,0.1651636624916108,0.10257138320394713,0.0,0.0
2026-04-29,1844442619.6834853,655788.3134853626,2059474.8699999999,1841727356.5,0.9985278679019295,Sideways,1.0,0.0,0.0,0.0,0.7193290224055212,0.0,0.0,0.16795344929361897,0.11124539620278934,0.0,0.0,0.732264954304442,0.0,0.0,0.1651636624916108,0.10257138320394713,0.0,0.0
2026-04-30,1835949656.6334853,655788.3134853626,2059474.8699999999,1833234393.45,0.9985210579311504,Sideways,1.0,0.0,0.0,0.0,0.7196787170476172,0.0,0.0,0.1673902107770872,0.11145213010644596,0.0,0.0,0.732264954304442,0.0,0.0,0.1651636624916108,0.10257138320394713,0.0,0.0
2026-05-04,1828529931.8334854,655788.3134853626,2059474.8699999999,1825814668.65,0.9985150567479294,Sideways,1.0,0.0,0.0,0.0,0.7144194611789169,0.0,0.0,0.16712151913946804,0.11697407642954455,0.0,0.0,0.732264954304442,0.0,0.0,0.1651636624916108,0.10257138320394713,0.0,0.0
2026-05-05,1837269983.859755,7192259.739755115,2059474.8699999999,1828018249.25,0.9949644120401299,Sideways,1.0,0.0,0.0,0.0,0.7233354166370816,0.0,0.0,0.1659211779858205,0.10570781741722778,0.0,0.0,0.732264954304442,0.0,0.0,0.1651636624916108,0.10257138320394713,0.0,0.0
2026-05-06,1851006256.109755,7192259.739755115,2059474.8699999999,1841754521.5,0.995001781015479,Sideways,1.0,0.0,0.0,0.0,0.7248534504253149,0.0,0.0,0.1639494728871439,0.10619885770302018,0.0,0.0,0.732264954304442,0.0,0.0,0.1651636624916108,0.10257138320394713,0.0,0.0
2026-05-07,1867434616.709755,7192259.739755115,2059474.8699999999,1858182882.1,0.9950457517885923,Bull,1.0,0.0,0.0,0.0,0.7250873845777343,0.0,0.0,0.16255000163530722,0.10740836557555083,0.0,0.0,0.7491987157283315,0.0,0.0,0.13192334168726913,0.1188779425843993,0.0,0.0
2026-05-08,1878348976.0320096,4861484.662009623,2059474.8699999999,1871428016.5,0.9963154027178538,Bull,1.0,0.0,0.0,0.0,0.7424869575866467,0.0,0.0,0.13934013505461607,0.11448831007659105,0.0,0.0,0.7491987157283315,0.0,0.0,0.13192334168726913,0.1188779425843993,0.0,0.0
2026-05-11,1877695282.5820096,4861484.662009623,2059474.8699999999,1870774323.05,0.9963141199766489,Bull,1.0,0.0,0.0,0.0,0.7425650136015094,0.0,0.0,0.13933900906446617,0.11441009731067335,0.0,0.0,0.7618990367962486,0.0,0.0,0.1069036707402457,0.1311972924635056,0.0,0.0
2026-05-12,1861219495.9925845,2928896.3725846335,2059474.8699999999,1856231124.75,0.9973198372070973,Bull,1.0,0.0,0.0,0.0,0.7534931413353235,0.0,0.0,0.11581868794311129,0.12800800792866251,0.0,0.0,0.7618990367962486,0.0,0.0,0.1069036707402457,0.1311972924635056,0.0,0.0
2026-05-13,1867708071.3925846,2928896.3725846335,2059474.8699999999,1862719700.15,0.9973291483187385,Bull,1.0,0.0,0.0,0.0,0.7542241326288638,0.0,0.0,0.11731983352014012,0.12578518216973464,0.0,0.0,0.7618990367962486,0.0,0.0,0.1069036707402457,0.1311972924635056,0.0,0.0
2026-05-14,1869313411.4425845,2928896.3725846335,2059474.8699999999,1864325040.2,0.9973314420085743,Bull,1.0,0.0,0.0,0.0,0.7516151286347065,0.0,0.0,0.11931535858819817,0.12640095478566965,0.0,0.0,0.7618990367962486,0.0,0.0,0.1069036707402457,0.1311972924635056,0.0,0.0
2026-05-15,1863575977.6425846,2928896.3725846335,2059474.8699999999,1858587606.4,0.9973232262583173,Bull,1.0,0.0,0.0,0.0,0.75183342305817,0.0,0.0,0.11955772271858066,0.12593208048156654,0.0,0.0,0.7618990367962486,0.0,0.0,0.1069036707402457,0.1311972924635056,0.0,0.0
2026-05-18,1843538551.6925845,2928896.3725846335,2059474.8699999999,1838550180.45,0.9972941323966322,Bull,1.0,0.0,0.0,0.0,0.750813580317691,0.0,0.0,0.11984691060414711,0.12663364147479414,0.0,0.0,0.7618990367962486,0.0,0.0,0.1069036707402457,0.1311972924635056,0.0,0.0
2026-05-19,1859740935.0425844,2928896.3725846335,2059474.8699999999,1854752563.8,0.9973177063812545,Sideways,1.0,0.0,0.0,0.0,0.7527909062064835,0.0,0.0,0.12137738958508822,0.12314941058968289,0.0,0.0,0.7618990367962486,0.0,0.0,0.1069036707402457,0.1311972924635056,0.0,0.0
2026-05-20,1821803176.2925844,2928896.3725846335,2059474.8699999999,1816814805.05,0.9972618495194767,Sideways,1.0,0.0,0.0,0.0,0.7501304327677402,0.0,0.0,0.1222276933632034,0.12490372338853312,0.0,0.0,0.7618990367962486,0.0,0.0,0.1069036707402457,0.1311972924635056,0.0,0.0
2026-05-21,1825478791.3307443,4904172.210744385,2059474.8699999999,1818515144.25,0.996185303760408,Sideways,1.0,0.0,0.0,0.0,0.7530273979507114,0.0,0.0,0.10916062183047064,0.133997283979226,0.0,0.0,0.7618990367962486,0.0,0.0,0.1069036707402457,0.1311972924635056,0.0,0.0
2026-05-22,1821573509.6307442,4904172.210744385,2059474.8699999999,1814609862.55,0.996177125411669,Sideways,1.0,0.0,0.0,0.0,0.7513777266268274,0.0,0.0,0.10848340676630619,0.13631599201853536,0.0,0.0,0.7618990367962486,0.0,0.0,0.1069036707402457,0.1311972924635056,0.0,0.0
2026-05-25,1818888804.2307444,4904172.210744385,2059474.8699999999,1811925157.15,0.9961714827951292,Sideways,1.0,0.0,0.0,0.0,0.7468931877474235,0.0,0.0,0.10785040819631882,0.14142788685138682,0.0,0.0,0.7618990367962486,0.0,0.0,0.1069036707402457,0.1311972924635056,0.0,0.0
2026-05-26,1815947799.889332,151057.86933200806,2059474.8699999999,1813737267.15,0.9987827112984929,Sideways,1.0,0.0,0.0,0.0,0.7589474032425333,0.0,0.0,0.10676903819141492,0.13306626986454465,0.0,0.0,0.7618990367962486,0.0,0.0,0.1069036707402457,0.1311972924635056,0.0,0.0
2026-05-27,1818241233.689332,151057.86933200806,2059474.8699999999,1816030700.95,0.9987842467223963,Sideways,1.0,0.0,0.0,0.0,0.7565545624321912,0.0,0.0,0.10607849851069608,0.13615118577950908,0.0,0.0,0.7618990367962486,0.0,0.0,0.1069036707402457,0.1311972924635056,0.0,0.0
2026-05-29,1832237201.239332,151057.86933200806,2059474.8699999999,1830026668.5,0.9987935335349393,Sideways,1.0,0.0,0.0,0.0,0.7532659349818099,0.0,0.0,0.1066615173340062,0.13886608121912317,0.0,0.0,0.7618990367962486,0.0,0.0,0.1069036707402457,0.1311972924635056,0.0,0.0
2026-06-01,1867646539.389332,151057.86933200806,2059474.8699999999,1865436006.65,0.9988164073379459,Sideways,1.0,0.0,0.0,0.0,0.755288153780549,0.0,0.0,0.10716572744296823,0.1363625261144286,0.0,0.0,0.7618990367962486,0.0,0.0,0.1069036707402457,0.1311972924635056,0.0,0.0
2026-06-02,1892358376.989332,151057.86933200806,2059474.8699999999,1890147844.25,0.9988318635802755,Bull,1.0,0.0,0.0,0.0,0.7564775053483805,0.0,0.0,0.10751742506813074,0.13483693316376427,0.0,0.0,0.7618990367962486,0.0,0.0,0.1069036707402457,0.1311972924635056,0.0,0.0
2026-06-03,1936510539.139332,151057.86933200806,2059474.8699999999,1934300006.4,0.998858496922865,Bull,1.0,0.0,0.0,0.0,0.7591738215137196,0.0,0.0,0.10555351797405994,0.13413115743508547,0.0,0.0,0.7618990367962486,0.0,0.0,0.1069036707402457,0.1311972924635056,0.0,0.0
2026-06-04,1961597223.639332,151057.86933200806,2059474.8699999999,1959386690.9,0.9988730954995793,Bull,1.0,0.0,0.0,0.0,0.7635396669868985,0.0,0.0,0.1047636066790156,0.13056982183366525,0.0,0.0,0.7618990367962486,0.0,0.0,0.1069036707402457,0.1311972924635056,0.0,0.0
2026-06-05,1928658500.739332,151057.86933200806,2059474.8699999999,1926447968.0,0.998853849585873,Sideways,1.0,0.0,0.0,0.0,0.7621657060783474,0.0,0.0,0.10632908828669643,0.13035905522082908,0.0,0.0,0.7618990367962486,0.0,0.0,0.1069036707402457,0.1311972924635056,0.0,0.0
2026-06-08,1896615989.8393319,151057.86933200806,2059474.8699999999,1894405457.1,0.9988344858678961,Sideways,1.0,0.0,0.0,0.0,0.7631535138658271,0.0,0.0,0.10719249499590185,0.12848847700616717,0.0,0.0,0.7618990367962486,0.0,0.0,0.1069036707402457,0.1311972924635056,0.0,0.0
2026-06-09,1978307245.989332,151057.86933200806,2059474.8699999999,1976096713.25,0.9988826140409618,Sideways,1.0,0.0,0.0,0.0,0.7670017972820903,0.0,0.0,0.1055864807771757,0.1262943359816958,0.0,0.0,0.7618990367962486,0.0,0.0,0.1069036707402457,0.1311972924635056,0.0,0.0
2026-06-10,1971444603.489332,151057.86933200806,2059474.8699999999,1969234070.75,0.9988787243955932,Sideways,1.0,0.0,0.0,0.0,0.7691532737294109,0.0,0.0,0.10697105037937282,0.12275440028680955,0.0,0.0,0.7618990367962486,0.0,0.0,0.1069036707402457,0.1311972924635056,0.0,0.0
2026-06-11,1978127907.389332,151057.86933200806,2059474.8699999999,1975917374.65,0.99888251273789,Sideways,1.0,0.0,0.0,0.0,0.7690010686202827,0.0,0.0,0.10802992020977564,0.12185152390783155,0.0,0.0,0.7618990367962486,0.0,0.0,0.1069036707402457,0.1311972924635056,0.0,0.0
2026-06-12,1996658991.939332,151057.86933200806,2059474.8699999999,1994448459.2,0.9988928841889095,Sideways,1.0,0.0,0.0,0.0,0.7683691433507517,0.0,0.0,0.10726418525377693,0.12325955558438088,0.0,0.0,0.7618990367962486,0.0,0.0,0.1069036707402457,0.1311972924635056,0.0,0.0
2026-06-15,2021771565.8393319,151057.86933200806,2059474.8699999999,2019561033.1,0.9989066357561448,Sideways,1.0,0.0,0.0,0.0,0.7669276585440022,0.0,0.0,0.10631022991500548,0.125668747297137,0.0,0.0,0.7618990367962486,0.0,0.0,0.1069036707402457,0.1311972924635056,0.0,0.0
2026-06-16,2051494787.5893319,151057.86933200806,2059474.8699999999,2049284254.85,0.9989224770383504,Sideways,1.0,0.0,0.0,0.0,0.768170196864991,0.0,0.0,0.10613943614054558,0.12461284403281385,0.0,0.0,0.7618990367962486,0.0,0.0,0.1069036707402457,0.1311972924635056,0.0,0.0
2026-06-17,2074263264.8393319,151057.86933200806,2059474.8699999999,2072052732.1,0.998934304638759,Sideways,1.0,0.0,0.0,0.0,0.7723418040786113,0.0,0.0,0.1032311103559875,0.12336139020416015,0.0,0.0,0.7618990367962486,0.0,0.0,0.1069036707402457,0.1311972924635056,0.0,0.0
2026-06-18,2082813207.289332,151057.86933200806,2059474.8699999999,2080602674.55,0.9989386793152667,Sideways,1.0,0.0,0.0,0.0,0.772231023368275,0.0,0.0,0.10234595174159948,0.12436170420539214,0.0,0.0,0.7618990367962486,0.0,0.0,0.1069036707402457,0.1311972924635056,0.0,0.0
2026-06-22,2071163507.539332,151057.86933200806,2059474.8699999999,2068952974.8,0.998932709691299,Sideways,1.0,0.0,0.0,0.0,0.7668046820151113,0.0,0.0,0.10257954006364964,0.12954848761253804,0.0,0.0,0.7618990367962486,0.0,0.0,0.1069036707402457,0.1311972924635056,0.0,0.0
2026-06-23,2075672102.489332,151057.86933200806,2059474.8699999999,2073461569.75,0.9989350279667579,Sideways,1.0,0.0,0.0,0.0,0.7686730326223095,0.0,0.0,0.10221604835636146,0.12804594698808697,0.0,0.0,0.7618990367962486,0.0,0.0,0.1069036707402457,0.1311972924635056,0.0,0.0
2026-06-24,2050142322.1393318,151057.86933200806,2059474.8699999999,2047931789.3999999,0.9989217662035165,Sideways,1.0,0.0,0.0,0.0,0.7690830399299674,0.0,0.0,0.10367182692868443,0.12616689934486458,0.0,0.0,0.7618990367962486,0.0,0.0,0.1069036707402457,0.1311972924635056,0.0,0.0
2026-06-25,2099002479.939332,151057.86933200806,2059474.8699999999,2096791947.2,0.9989468651130913,Sideways,1.0,0.0,0.0,0.0,0.7736520860360946,0.0,0.0,0.10200726394862981,0.12328751512836689,0.0,0.0,0.7618990367962486,0.0,0.0,0.1069036707402457,0.1311972924635056,0.0,0.0
2026-06-26,2066720689.639332,151057.86933200806,2059474.8699999999,2064510156.9,0.9989304153432955,Sideways,1.0,0.0,0.0,0.0,0.7761710447578382,0.0,0.0,0.10233506688168345,0.12042430370377391,0.0,0.0,0.7618990367962486,0.0,0.0,0.1069036707402457,0.1311972924635056,0.0,0.0
2026-06-29,2081595791.239332,151057.86933200806,2059474.8699999999,2079385258.5,0.9989380586045402,Sideways,1.0,0.0,0.0,0.0,0.7768467659791092,0.0,0.0,0.10096196431819005,0.12112932830724094,0.0,0.0,0.7618990367962486,0.0,0.0,0.1069036707402457,0.1311972924635056,0.0,0.0
2026-06-30,2085268027.539332,151057.86933200806,2059474.8699999999,2083057494.8,0.9989399287237236,Sideways,1.0,0.0,0.0,0.0,0.7744089841081788,0.0,0.0,0.0997368190819188,0.12479412553362597,0.0,0.0,0.7618990367962486,0.0,0.0,0.1069036707402457,0.1311972924635056,0.0,0.0
2026-07-01,2092389119.0393322,151057.86933200806,2059474.8699999999,2090178586.3000002,0.9989435364965257,Crisis,1.0,0.0,0.0,0.0,0.773188491365687,0.0,0.0,0.09959739233191961,0.12615765279891897,0.0,0.0,0.7281447786926396,0.0,0.0,0.15796256240584317,0.11389265890151724,0.0,0.0
2026-07-02,2059324795.3315284,5061162.661528638,2059474.8699999999,2052204157.8,0.9965422464937678,Sideways,1.0,0.0,0.0,0.0,0.7475186824777567,0.0,0.0,0.13078364355664523,0.11823992045936596,0.0,0.0,0.7281447786926396,0.0,0.0,0.15796256240584317,0.11389265890151724,0.0,0.0
2026-07-03,2067992921.0796747,12946096.75967477,2059474.8699999999,2052987349.45,0.9927438960372067,Sideways,1.0,0.0,0.0,0.0,0.7355689586479942,0.0,0.0,0.14311364269345941,0.11406129469575307,0.0,0.0,0.7281447786926396,0.0,0.0,0.15796256240584317,0.11389265890151724,0.0,0.0
2026-07-06,2092567859.2796745,12946096.75967477,2059474.8699999999,2077562287.6499999,0.9928291111023563,Sideways,1.0,0.0,0.0,0.0,0.7386623238025252,0.0,0.0,0.14154905356424685,0.11261773373558429,0.0,0.0,0.7281447786926396,0.0,0.0,0.15796256240584317,0.11389265890151724,0.0,0.0
2026-07-07,2098978436.559933,1586092.9399331491,2059474.8699999999,2095332868.75,0.9982631704326093,Sideways,1.0,0.0,0.0,0.0,0.7346842358596894,0.0,0.0,0.15252062356804444,0.11105831100487533,0.0,0.0,0.7281447786926396,0.0,0.0,0.15796256240584317,0.11389265890151724,0.0,0.0
2026-07-08,2113084137.7049332,1586092.9399331491,4916436.265,2106581608.5,0.9969227305771196,Sideways,1.0,0.0,0.0,0.0,0.7414526617958921,0.0,0.0,0.14530893234260597,0.1101611364386215,0.0,0.0,0.7281447786926396,0.0,0.0,0.15796256240584317,0.11389265890151724,0.0,0.0
2026-07-09,2098009252.4549332,1586092.9399331491,14498706.865,2081924452.65,0.9923333036848566,Sideways,1.0,0.0,0.0,0.0,0.7392679278392823,0.0,0.0,0.1423742529497812,0.1106911228957931,0.0,0.0,0.7281447786926396,0.0,0.0,0.15796256240584317,0.11389265890151724,0.0,0.0
2026-07-13,2104682065.2178626,5698041.352862653,14498706.865,2084485317.0,0.9904038958892483,Sideways,1.0,0.0,0.0,0.0,0.7306411464293162,0.0,0.0,0.14684688253282926,0.11291586692710277,0.0,0.0,0.7281447786926396,0.0,0.0,0.15796256240584317,0.11389265890151724,0.0,0.0
2026-07-14,2098381464.4678626,5698041.352862653,14498706.865,2078184716.25,0.9903750826244625,Sideways,1.0,0.0,0.0,0.0,0.7323820488662808,0.0,0.0,0.1464476336660409,0.11154540009214077,0.0,0.0,0.7281447786926396,0.0,0.0,0.15796256240584317,0.11389265890151724,0.0,0.0
2026-07-15,2087718617.2678626,5698041.352862653,14498706.865,2067521869.05,0.9903259241687017,Sideways,1.0,0.0,0.0,0.0,0.728543711048801,0.0,0.0,0.14762669521208582,0.11415551790781488,0.0,0.0,0.7281447786926396,0.0,0.0,0.15796256240584317,0.11389265890151724,0.0,0.0
2026-07-16,2122651931.2178626,5698041.352862653,14498706.865,2102455183.0,0.9904851342225125,Sideways,1.0,0.0,0.0,0.0,0.7293672882636631,0.0,0.0,0.14873540751396802,0.11238243844488137,0.0,0.0,0.7281447786926396,0.0,0.0,0.15796256240584317,0.11389265890151724,0.0,0.0
2026-07-17,2122988578.9678626,5698041.352862653,14498706.865,2102791830.75,0.9904866430192094,Crisis,0.5,0.0,0.0,0.0,0.7343810259723499,0.0,0.0,0.15034136460365366,0.1057642524432059,0.0,0.0,0.35639319873458414,0.0,0.0,0.09901701750583479,0.04458978375958108,0.0,0.0
2026-07-20,2124196954.3069248,354477637.1419249,14498706.865,1755220610.3,0.8262984309158314,Sideways,0.5,0.0,0.0,0.0,0.5864285831755366,0.0,0.0,0.1598260459378031,0.0800438018024917,0.0,0.0,0.35639319873458414,0.0,0.0,0.09901701750583479,0.04458978375958108,0.0,0.0
2026-07-21,2140221050.2253845,777797996.1603845,15527106.865,1346895947.2,0.6293256236584346,Crisis,0.5,0.0,0.0,0.0,0.4479305757220935,0.0,0.0,0.12157762861579101,0.05981741932055013,0.0,0.0,0.3514624187957957,0.0,0.0,0.11403744680006242,0.034500134404141895,0.0,0.0
2026-07-22,2137823969.592086,979116046.8770862,15527106.865,1143180815.85,0.534740386538059,Crisis,0.5,0.0,0.0,0.0,0.37506748790125843,0.0,0.0,0.11823634854661595,0.041436550090184716,0.0,0.0,0.3514624187957957,0.0,0.0,0.11403744680006242,0.034500134404141895,0.0,0.0
2026-07-23,2132861951.225295,1028019680.910295,15527106.865,1089315163.45,0.5107293338062531,Crisis,0.5,0.0,0.0,0.0,0.35636988273589004,0.0,0.0,0.11801888999679142,0.036340561073571635,0.0,0.0,0.3514624187957957,0.0,0.0,0.11403744680006242,0.034500134404141895,0.0,0.0
2026-07-24,2137100444.475295,1028019680.910295,15527106.865,1093553656.7,0.5116997001834845,Crisis,0.5,0.0,0.0,0.0,0.3570873136416223,0.0,0.0,0.1191118558128879,0.03550053072897437,0.0,0.0,0.3514624187957957,0.0,0.0,0.11403744680006242,0.034500134404141895,0.0,0.0
2026-07-27,2148919615.175295,1028019680.910295,15527106.865,1105372827.4,0.514385377467845,Crisis,0.5,0.0,0.0,0.0,0.3602697010780678,0.0,0.0,0.11889718824087235,0.035218488148904714,0.0,0.0,0.3514624187957957,0.0,0.0,0.11403744680006242,0.034500134404141895,0.0,0.0
2026-07-28,2146824389.575295,1028019680.910295,15527106.865,1103277601.8,0.5139114345623121,Crisis,0.5,0.0,0.0,0.0,0.36065022624098747,0.0,0.0,0.11950255514413703,0.03375865317718767,0.0,0.0,0.346654549391992,0.0,0.0,0.12747034980490166,0.025875100803106423,0.0,0.0
2026-07-29,2144575902.375295,1028019680.910295,15527106.865,1101029114.6,0.5134017935110243,Crisis,0.5,0.0,0.0,0.0,0.3616698358593545,0.0,0.0,0.11913800752727478,0.03259395012439511,0.0,0.0,0.346654549391992,0.0,0.0,0.12747034980490166,0.025875100803106423,0.0,0.0
2026-07-30,2162604771.839849,1049458206.5248489,15527106.865,1097619458.45,0.5075451015102467,Crisis,0.5,0.0,0.0,0.0,0.3557143073329758,0.0,0.0,0.124549572583643,0.027281221593627888,0.0,0.0,0.346654549391992,0.0,0.0,0.12747034980490166,0.025875100803106423,0.0,0.0
2026-07-31,2190699854.289849,1056076477.124849,8908836.265,1125714540.9,0.5138606910004652,Crisis,0.5,6618270.6,0.0,0.0,0.36263054902038255,0.0,0.0,0.12160565925009312,0.029624482729989438,0.0,0.0,0.346654549391992,0.0,0.0,0.12747034980490166,0.025875100803106423,0.0,0.0
2026-08-03,2170947192.1472344,1078324457.4322343,8908836.265,1083713898.45,0.4991894332437093,Crisis,0.5,0.0,0.0,0.0,0.345800626180817,0.0,0.0,0.12651390185513678,0.02687490520775555,0.0,0.0,0.346654549391992,0.0,0.0,0.12747034980490166,0.025875100803106423,0.0,0.0
2026-08-04,2153847421.547234,1078324457.4322343,8908836.265,1066614127.85,0.49521341074558983,Crisis,0.5,0.0,0.0,0.0,0.34254670060147535,0.0,0.0,0.1259369615908754,0.026729748553239126,0.0,0.0,0.346654549391992,0.0,0.0,0.12747034980490166,0.025875100803106423,0.0,0.0
2026-08-05,2165612412.697234,1081181418.8272343,6051874.87,1078379119.0,0.4979557342197244,Crisis,0.5,2856961.395,0.0,0.0,0.34547711059162584,0.0,0.0,0.12506208332204666,0.02741654030605189,0.0,0.0,0.346654549391992,0.0,0.0,0.12747034980490166,0.025875100803106423,0.0,0.0
2026-08-06,2155794080.7472343,1081181418.8272343,6051874.87,1068560787.05,0.4956692276841297,Crisis,0.5,0.0,0.0,0.0,0.3426111954041497,0.0,0.0,0.12564929202612457,0.027408740253855438,0.0,0.0,0.346654549391992,0.0,0.0,0.12747034980490166,0.025875100803106423,0.0,0.0
2026-08-07,2159288372.0972342,1084145418.8272343,3087874.87,1072055078.4,0.4964853663148076,Crisis,0.5,2964000.0,0.0,0.0,0.34290087788545653,0.0,0.0,0.1263393086005631,0.02724517982878798,0.0,0.0,0.346654549391992,0.0,0.0,0.12747034980490166,0.025875100803106423,0.0,0.0
2026-08-10,2147743215.697234,1085173818.8272343,2059474.8699999999,1060509922.0,0.4937787321356853,Crisis,0.5,1028400.0,0.0,0.0,0.34006808479797385,0.0,0.0,0.12594615502588657,0.027764492311824925,0.0,0.0,0.346654549391992,0.0,0.0,0.12747034980490166,0.025875100803106423,0.0,0.0
2026-08-11,2126024136.3472342,1085173818.8272343,26675798.87,1014174518.6500001,0.47702869469416004,Crisis,1.0,0.0,113766.0,0.0,0.3225519912620592,0.0,0.0,0.12633440768996632,0.028142295742134525,0.0,0.0,0.693309098783984,0.0,0.0,0.2549406996098033,0.051750201606212846,0.0,0.0
2026-08-12,2133225596.0035703,961225543.3335705,26675798.87,1145324253.8,0.5368978583163799,Crisis,1.0,0.0,0.0,0.0,0.3247787084019408,0.0,0.0,0.1748863320873896,0.037232817827049486,0.0,0.0,0.693309098783984,0.0,0.0,0.2549406996098033,0.051750201606212846,0.0,0.0
2026-08-13,2129504534.8723326,532681177.7523323,28311818.419999998,1568511538.7,0.7365617273945063,Crisis,1.0,9.0,4.0,9.0,0.48405444638407313,0.0,0.0,0.20831418423187106,0.04419309677856217,0.0,0.0,0.693309098783984,0.0,0.0,0.2549406996098033,0.051750201606212846,0.0,0.0
2026-08-14,2133323663.2598562,112557000.68985614,28311818.419999998,1992454844.15,0.933967441726775,Crisis,1.0,0.0,0.0,0.0,0.6429562788677153,0.0,0.0,0.24138531291267756,0.049625849946382194,0.0,0.0,0.693309098783984,0.0,0.0,0.2549406996098033,0.051750201606212846,0.0,0.0
2026-08-17,2157622289.005405,7555921.985405035,28311818.419999998,2121754548.6,0.9833762653509022,Crisis,1.0,0.0,0.0,0.0,0.6795234068868702,0.0,0.0,0.2532333869483081,0.05061947151572386,0.0,0.0,0.693309098783984,0.0,0.0,0.2549406996098033,0.051750201606212846,0.0,0.0
2026-08-18,2168022426.205405,7555921.985405035,28311818.419999998,2132154685.8000002,0.9834560104305827,Crisis,1.0,0.0,0.0,0.0,0.6807200275981724,0.0,0.0,0.253092861663975,0.04964312116843529,0.0,0.0,0.693309098783984,0.0,0.0,0.2549406996098033,0.051750201606212846,0.0,0.0
2026-08-19,2166042236.905405,7555921.985405035,28311818.419999998,2130174496.5,0.9834408859650637,Crisis,1.0,0.0,0.0,0.0,0.6791806140409288,0.0,0.0,0.2554243821165902,0.048835889807544705,0.0,0.0,0.693309098783984,0.0,0.0,0.2549406996098033,0.051750201606212846,0.0,0.0
2026-08-20,2161433828.005405,7555921.985405035,28311818.419999998,2125566087.6,0.9834055801567129,Crisis,1.0,0.0,0.0,0.0,0.6759794210069827,0.0,0.0,0.25815386655390343,0.04927229259582667,0.0,0.0,0.693309098783984,0.0,0.0,0.2549406996098033,0.051750201606212846,0.0,0.0
2026-08-21,2178313826.496543,995768.9765427867,28311818.419999998,2149006239.1,0.986545746053644,Crisis,1.0,0.0,0.0,0.0,0.6814340160927935,0.0,0.0,0.25399531200233977,0.05111641795851068,0.0,0.0,0.693309098783984,0.0,0.0,0.2549406996098033,0.051750201606212846,0.0,0.0
2026-08-24,2172456059.4465427,995768.9765427867,28311818.419999998,2143148472.05,0.9865094682725094,Crisis,1.0,0.0,0.0,0.0,0.6814277166218685,0.0,0.0,0.25424380741708213,0.05083794423355869,0.0,0.0,0.693309098783984,0.0,0.0,0.2549406996098033,0.051750201606212846,0.0,0.0
2026-08-25,2183435736.296543,995768.9765427867,28311818.419999998,2154128148.9,0.9865773070810624,Crisis,1.0,0.0,0.0,0.0,0.6817702596664954,0.0,0.0,0.2539323648427719,0.05087468257179494,0.0,0.0,0.693309098783984,0.0,0.0,0.2549406996098033,0.051750201606212846,0.0,0.0
2026-08-26,2170485075.3965425,995768.9765427867,28311818.419999998,2141177488.0,0.9864972177285356,Sideways,1.0,0.0,0.0,0.0,0.6801094394672618,0.0,0.0,0.2544742215742212,0.05191355668705258,0.0,0.0,0.7199818240879879,0.0,0.0,0.22220079581018118,0.05781738010183084,0.0,0.0
2026-08-27,2168761255.0393124,3500734.169312289,28311818.419999998,2136948702.45,0.9853314639795445,Sideways,1.0,0.0,0.0,0.0,0.6985038113024296,0.0,0.0,0.23039834321963784,0.056429309457477206,0.0,0.0,0.7199818240879879,0.0,0.0,0.22220079581018118,0.05781738010183084,0.0,0.0
2026-08-28,2206014366.4561534,21966142.236153662,7335340.87,2176712883.35,0.9867174559006954,Bull,1.0,20976477.55,0.0,0.0,0.7096953479342255,0.0,0.0,0.22005681711848848,0.05696529084798131,0.0,0.0,0.739986368065991,0.0,0.0,0.1825496531412985,0.0774639787927105,0.0,0.0
2026-08-31,2239552488.823835,7906009.3038348,7335340.87,2224311138.65,0.9931944661936282,Bull,1.0,0.0,0.0,0.0,0.7325508764974741,0.0,0.0,0.1898593590111862,0.07078423068496775,0.0,0.0,0.7549897760494932,0.0,0.0,0.15266401674117458,0.09234620720933219,0.0,0.0
2026-09-01,2260882745.0211425,5449527.401142431,7335340.87,2248097876.75,0.9943451873834249,Bull,1.0,0.0,0.0,0.0,0.7461541207588032,0.0,0.0,0.16031370967741654,0.08787735694720518,0.0,0.0,0.7549897760494932,0.0,0.0,0.15266401674117458,0.09234620720933219,0.0,0.0
2026-09-02,2288195629.0711427,5449527.401142431,7335340.87,2275410760.8,0.9944126856512123,Bull,1.0,0.0,0.0,0.0,0.74882918183685,0.0,0.0,0.16007612956969414,0.08550737424466813,0.0,0.0,0.7549897760494932,0.0,0.0,0.15266401674117458,0.09234620720933219,0.0,0.0
2026-09-03,2318825492.3211427,5449527.401142431,7335340.87,2306040624.05,0.994486489684765,Bull,1.0,0.0,0.0,0.0,0.751325285071826,0.0,0.0,0.15925734869782762,0.08390385591511122,0.0,0.0,0.7549897760494932,0.0,0.0,0.15266401674117458,0.09234620720933219,0.0,0.0
2026-09-04,2331858738.571142,7084881.401142431,5699986.87,2319073870.2999997,0.9945173058471902,Bull,1.0,1635354.0,0.0,0.0,0.7514724375515762,0.0,0.0,0.15827438167465993,0.08477048662095414,0.0,0.0,0.7549897760494932,0.0,0.0,0.15266401674117458,0.09234620720933219,0.0,0.0
2026-09-07,2332941468.821142,7084881.401142431,5699986.87,2320156600.5499997,0.9945198503940166,Bull,1.0,0.0,0.0,0.0,0.7508267240991339,0.0,0.0,0.15739143262155741,0.08630169367332538,0.0,0.0,0.7549897760494932,0.0,0.0,0.15266401674117458,0.09234620720933219,0.0,0.0
2026-09-08,2360846785.7211423,7084881.401142431,5699986.87,2348061917.45,0.994584626012807,Bull,1.0,0.0,0.0,0.0,0.7522885975455171,0.0,0.0,0.15720842294585008,0.08508760552143994,0.0,0.0,0.7549897760494932,0.0,0.0,0.15266401674117458,0.09234620720933219,0.0,0.0
2026-09-09,2359047729.7211423,7084881.401142431,5699986.87,2346262861.45,0.9945804961425457,Bull,1.0,0.0,0.0,0.0,0.7513726997204613,0.0,0.0,0.15805530142625598,0.08515249499582843,0.0,0.0,0.7549897760494932,0.0,0.0,0.15266401674117458,0.09234620720933219,0.0,0.0
2026-09-10,2364185856.1711426,7084881.401142431,5699986.87,2351400987.9,0.9945922744450185,Bull,1.0,0.0,0.0,0.0,0.7519555551267576,0.0,0.0,0.15805673611683674,0.08457998320142424,0.0,0.0,0.7549897760494932,0.0,0.0,0.15266401674117458,0.09234620720933219,0.0,0.0
2026-09-11,2402571514.5211425,10725393.401142431,2059474.8699999999,2389786646.25,0.994678673165868,Bull,1.0,3640512.0,0.0,0.0,0.7557705297325589,0.0,0.0,0.15678513531160287,0.08212300812170631,0.0,0.0,0.7549897760494932,0.0,0.0,0.15266401674117458,0.09234620720933219,0.0,0.0
2026-09-14,2438853959.110929,457194.44092918374,2059474.8699999999,2436337289.7999997,0.9989680934762298,Bull,1.0,0.0,0.0,0.0,0.7627482091950013,0.0,0.0,0.1559195451533406,0.08030033912788805,0.0,0.0,0.7549897760494932,0.0,0.0,0.15266401674117458,0.09234620720933219,0.0,0.0
2026-09-15,2423267511.010929,457194.44092918374,2059474.8699999999,2420750841.7,0.9989614562571016,Bull,1.0,0.0,0.0,0.0,0.7602434866679031,0.0,0.0,0.15839254158113,0.08032542800806862,0.0,0.0,0.7549897760494932,0.0,0.0,0.15266401674117458,0.09234620720933219,0.0,0.0
2026-09-16,2441223345.5609293,457194.44092918374,2059474.8699999999,2438706676.25,0.9989690950172562,Bull,1.0,0.0,0.0,0.0,0.7619617761039367,0.0,0.0,0.1567849171588414,0.0802224017544781,0.0,0.0,0.7549897760494932,0.0,0.0,0.15266401674117458,0.09234620720933219,0.0,0.0
2026-09-17,2474726418.1109295,457194.44092918374,2059474.8699999999,2472209748.8,0.9989830515031838,Bull,1.0,0.0,0.0,0.0,0.7630593567758788,0.0,0.0,0.15593602475645535,0.07998766997084969,0.0,0.0,0.7549897760494932,0.0,0.0,0.15266401674117458,0.09234620720933219,0.0,0.0
2026-09-18,2445440273.9609294,457194.44092918374,2059474.8699999999,2442923604.65,0.9989708727145263,Bull,1.0,0.0,0.0,0.0,0.7583971378888116,0.0,0.0,0.15827967835545023,0.08229405647026458,0.0,0.0,0.7549897760494932,0.0,0.0,0.15266401674117458,0.09234620720933219,0.0,0.0
2026-09-21,2441126524.3609295,457194.44092918374,2059474.8699999999,2438609855.05,0.9989690541289792,Bull,1.0,0.0,0.0,0.0,0.757658661520708,0.0,0.0,0.15774520335475456,0.08356518925351648,0.0,0.0,0.7549897760494932,0.0,0.0,0.15266401674117458,0.09234620720933219,0.0,0.0
2026-09-22,2440725306.9609294,457194.44092918374,2059474.8699999999,2438208637.65,0.9989688846574616,Bull,1.0,0.0,0.0,0.0,0.7575745752201516,0.0,0.0,0.15744008508621216,0.08395422435109784,0.0,0.0,0.7549897760494932,0.0,0.0,0.15266401674117458,0.09234620720933219,0.0,0.0
2026-09-23,2432643306.410929,457194.44092918374,2059474.8699999999,2430126637.1,0.9989654589703731,Bull,1.0,0.0,0.0,0.0,0.7560334604967045,0.0,0.0,0.1582469978173494,0.08468500065631918,0.0,0.0,0.7549897760494932,0.0,0.0,0.15266401674117458,0.09234620720933219,0.0,0.0
2026-09-24,2414787830.5609293,457194.44092918374,2059474.8699999999,2412271161.25,0.998957809344954,Bull,1.0,0.0,0.0,0.0,0.7546948175677486,0.0,0.0,0.15898974441610383,0.08527324736110159,0.0,0.0,0.7549897760494932,0.0,0.0,0.15266401674117458,0.09234620720933219,0.0,0.0
