date,nav
2012-12-05,1.0
2012-12-06,0.9993466911804625
2012-12-07,1.00008361534895
2012-12-10,0.9965858719769346
2012-12-11,1.0017292178707011
2012-12-12,1.0075351470997653
2012-12-13,1.0106829344691797
2012-12-14,1.0084732076136
2012-12-17,1.0044499751649936
2012-12-18,1.0075943871993625
2012-12-19,1.0122420208348113
2012-12-20,0.9976502226488871
2012-12-21,0.9931181133636928
2012-12-22,0.9914548865579543
2012-12-24,0.988636503487277
2012-12-25,1.0014435614163266
2012-12-26,0.9989334092662728
2012-12-27,1.003431733420476
2012-12-28,1.0110921271222366
2013-01-02,1.0162982228730464
2013-01-03,1.0203325399803636
2013-01-04,1.0136135123295023
2013-01-07,1.006894104009983
2013-01-08,1.0067390693643454
2013-01-09,1.0059928853246811
2013-01-10,1.0193372997999328
2013-01-11,1.0186056316301249
2013-01-14,1.0189321121650379
2013-01-15,1.0171770354058343
2013-01-16,1.009300500817771
2013-01-17,1.0080567994955751
2013-01-18,1.0112939483186876
2013-01-21,1.0134864597136448
2013-01-22,1.0146737304628184
2013-01-23,1.0151041119888504
2013-01-24,1.0116387533601359
2013-01-25,1.0063499272631131
2013-01-28,1.010515068036192
2013-01-29,1.0158595463450109
2013-01-30,1.0180168188361847
2013-01-31,1.018512196944963
2013-02-01,1.0257342351726706
2013-02-04,1.0463871990196385
2013-02-05,1.0467509351564093
2013-02-06,1.047379161880632
2013-02-18,1.0475986511894821
2013-02-19,1.0466608045288737
2013-02-20,1.0618787477289722
2013-02-21,1.052905024349261
2013-02-22,1.052669286538758
2013-02-23,1.054546944672177
2013-02-25,1.048844035881016
2013-02-26,1.047490345114894
2013-02-27,1.0405182496572534
2013-03-01,1.0461205117990824
2013-03-04,1.0349844497082195
2013-03-05,1.040865685805856
2013-03-06,1.043985712163625
2013-03-07,1.0467404642315035
2013-03-08,1.0553526345014819
2013-03-11,1.0554155495526945
2013-03-12,1.0471197831744037
2013-03-13,1.0456356747437396
2013-03-14,1.0472130501398982
2013-03-15,1.0446131631607511
2013-03-18,1.0390545379716043
2013-03-19,1.0376190674354313
2013-03-20,1.0323865040937552
2013-03-21,1.0303726360513583
2013-03-22,1.025336161614123
2013-03-25,1.0406723234047608
2013-03-26,1.0430400832801026
2013-03-27,1.0477538432545688
2013-03-28,1.047188289643203
2013-03-29,1.0519190926054898
2013-04-01,1.048236359402657
2013-04-02,1.046263304410882
2013-04-03,1.0479678973252269
2013-04-08,1.0310780369561579
2013-04-09,1.0305184798128049
2013-04-10,1.0320229369612812
2013-04-11,1.0385068576323482
2013-04-12,1.038927307324823
2013-04-15,1.038314552399592
2013-04-16,1.0369232738956469
2013-04-17,1.030063366305634
2013-04-18,1.027471986626398
2013-04-19,1.037579397232627
2013-04-22,1.0426170031986803
2013-04-23,1.041685434380266
2013-04-24,1.0426039640295826
2013-04-25,1.0455370890823703
2013-04-26,1.048868093760928
2013-04-29,1.0472064751461885
2013-04-30,1.0531135216683014
2013-05-02,1.05561059518315
2013-05-03,1.0565408021604028
2013-05-06,1.0592884204194548
2013-05-07,1.0591539848117884
2013-05-08,1.0642553280156832
2013-05-09,1.0683376763603436
2013-05-10,1.0648154371241272
2013-05-13,1.059817144232779
2013-05-14,1.0621080173924802
2013-05-15,1.0716384146613394
2013-05-16,1.0841113505273163
2013-05-17,1.0819017999139313
2013-05-20,1.078834584512876
2013-05-21,1.0832562744089966
2013-05-22,1.0851342732062808
2013-05-23,1.0695659090104943
2013-05-24,1.0614145466529163
2013-05-27,1.0679787801778027
2013-05-28,1.0729952021118616
2013-05-29,1.0789414147214105
2013-05-30,1.0639566903024316
2013-05-31,1.0753716778277351
2013-06-03,1.0625863917607727
2013-06-04,1.0592592125740161
2013-06-05,1.0637423197169689
2013-06-06,1.0531788038544398
2013-06-07,1.0548643970399456
2013-06-10,1.0567548420634596
2013-06-11,1.055618230705636
2013-06-13,1.0377440723224567
2013-06-14,1.0399578320296936
2013-06-17,1.0417898752914152
2013-06-18,1.0503018381479965
2013-06-19,1.0474617898759138
2013-06-20,1.0333630512288159
2013-06-21,1.0195662560267
2013-06-24,1.021484633458694
2013-06-25,1.011714668013667
2013-06-26,1.023359930429886
2013-06-27,1.0254759114517773
2013-06-28,1.0452480776182485
2013-07-01,1.0410192980095803
2013-07-02,1.0413299111396481
2013-07-03,1.0353389811481848
2013-07-04,1.031594792769891
2013-07-05,1.043022523400139
2013-07-08,1.0328566248446014
2013-07-09,1.0423706600077292
2013-07-10,1.0444158666488916
2013-07-11,1.056837741775494
2013-07-12,1.064346698156517
2013-07-15,1.0681428141246163
2013-07-16,1.0698685637284886
2013-07-17,1.075222050688567
2013-07-18,1.075281210052471
2013-07-19,1.068083408742625
2013-07-22,1.0684405303784301
2013-07-23,1.0790081124490694
2013-07-24,1.0724322208866393
2013-07-25,1.068177981366011
2013-07-26,1.0715739392367938
2013-07-29,1.0678299626344332
2013-07-30,1.073708371740265
2013-07-31,1.0719718995462684
2013-08-01,1.068553475043642
2013-08-02,1.0623951215400327
2013-08-05,1.0627665298361055
2013-08-06,1.060790235257316
2013-08-07,1.0587893850568049
2013-08-08,1.051714564560945
2013-08-09,1.0465115418269804
2013-08-12,1.0542920778873472
2013-08-13,1.056209232867443
2013-08-14,1.0046519352609238
2013-08-15,1.000191484470818
2013-08-16,1.0002365772861146
2013-08-19,0.998736426685613
2013-08-20,0.9962981860764646
2013-08-22,0.98878293705181
2013-08-23,0.9937110856937602
2013-08-26,0.9966912578002413
2013-08-27,0.991640108427522
2013-08-28,0.9965383838351862
2013-08-29,1.0018196152989638
2013-08-30,1.0155611941401803
2013-09-02,1.0114203966464186
2013-09-03,1.0180024606989906
2013-09-04,1.0229453419001444
2013-09-05,1.0263570063803125
2013-09-06,1.0247688264712087
2013-09-09,1.0251512655221218
2013-09-10,1.0313465250645932
2013-09-11,1.0331926727193625
2013-09-12,1.0364475203476446
2013-09-13,1.0334534982382844
2013-09-14,1.0304500080609373
2013-09-16,1.0416720879222843
2013-09-17,1.0437099924391806
2013-09-18,1.0400248411058481
2013-09-23,1.0536716044810424
2013-09-24,1.0526109106394528
2013-09-25,1.0530872362577652
2013-09-26,1.0373746661029721
2013-09-27,1.0450982715468426
2013-09-30,1.0356896595586604
2013-10-01,1.0364194932047663
2013-10-02,1.0329734083559476
2013-10-03,1.0520904041931998
2013-10-04,1.0530609939839453
2013-10-07,1.0510298840433436
2013-10-08,1.0556509400167795
2013-10-09,1.0509968275424892
2013-10-11,1.0517613506272254
2013-10-14,1.0477708536147206
2013-10-15,1.0553847667869145
2013-10-16,1.0520884293760555
2013-10-17,1.0514324272544573
2013-10-18,1.0511511546236518
2013-10-21,1.0436206791416038
2013-10-22,1.0407584852526208
2013-10-23,1.0441671224829403
2013-10-24,1.0436660126878188
2013-10-25,1.0368560924205392
2013-10-28,1.0450354744381587
2013-10-29,1.0420989263209144
2013-10-30,1.050617320780281
2013-10-31,1.0551085997117302
2013-11-01,1.054348822755928
2013-11-04,1.0479666358972102
2013-11-05,1.0479602847056289
2013-11-06,1.0471652183107718
2013-11-07,1.048619688716206
2013-11-08,1.0486674563531815
2013-11-11,1.0467661347865367
2013-11-12,1.0431653114290298
2013-11-13,1.03322657747933
2013-11-14,1.0334885142821066
2013-11-15,1.0370921892709903
2013-11-18,1.0375670533020216
2013-11-19,1.0406544248960286
2013-11-20,1.0368937579326023
2013-11-21,1.0299179426954634
2013-11-22,1.0368436246172734
2013-11-25,1.04852012485182
2013-11-26,1.0496999428863785
2013-11-27,1.0521299931729662
2013-11-28,1.058403488785973
2013-11-29,1.0605753472485595
2013-12-02,1.0593237660011652
2013-12-03,1.0545370047573497
2013-12-04,1.0576373061657194
2013-12-05,1.053752188947401
2013-12-06,1.0497327332346715
2013-12-09,1.0617667167285654
2013-12-10,1.0655714454552245
2013-12-11,1.0688445623612026
2013-12-12,1.058155154000834
2013-12-13,1.0639640700964348
2013-12-16,1.056832639370415
2013-12-17,1.0555815661833217
2013-12-18,1.0564650752668119
2013-12-19,1.059864848537226
2013-12-20,1.060221727580133
2013-12-23,1.0613515328361622
2013-12-24,1.0610155373610357
2013-12-25,1.0643222989163246
2013-12-26,1.0660919977493588
2013-12-27,1.0699533978984241
2013-12-30,1.0807493318417791
2013-12-31,1.0760237620704718
2014-01-02,1.0767669332820355
2014-01-03,1.0674257578514597
2014-01-06,1.0659058877532757
2014-01-07,1.0633331959855274
2014-01-08,1.0636065434288984
2014-01-09,1.0669663363980375
2014-01-10,1.0688933115598989
2014-01-13,1.068395018274758
2014-01-14,1.0700823732814297
2014-01-15,1.0694248786342178
2014-01-16,1.0704804360405944
2014-01-17,1.0684419618027021
2014-01-20,1.072583564261864
2014-01-21,1.066774834685857
2014-01-22,1.070707019720454
2014-01-23,1.0671126462096827
2014-01-24,1.0713979853073605
2014-01-27,1.06261441081751
2014-02-05,1.042196850198187
2014-02-06,1.0408276421743337
2014-02-07,1.0439955515848998
2014-02-10,1.046698144105235
2014-02-11,1.0462281445738228
2014-02-12,1.056654988815538
2014-02-13,1.0529308319250026
2014-02-14,1.0580477386599885
2014-02-17,1.057424109155059
2014-02-18,1.063450403991621
2014-02-19,1.064983497931591
2014-02-20,1.0584096120634185
2014-02-21,1.0696730739224873
2014-02-24,1.0658504260118877
2014-02-25,1.0618244704493671
2014-02-26,1.060087087785495
2014-02-27,1.0728841828182707
2014-03-03,1.0628997917590526
2014-03-04,1.0591089390986537
2014-03-05,1.061201944900612
2014-03-06,1.0687227224224845
2014-03-07,1.0701479885214968
2014-03-10,1.0660971136857234
2014-03-11,1.0630629390257047
2014-03-12,1.0640890658662263
2014-03-13,1.0640335160360712
2014-03-14,1.0612541454878688
2014-03-17,1.0644009619061257
2014-03-18,1.06725398516414
2014-03-19,1.0628056781468864
2014-03-20,1.0555713421272108
2014-03-21,1.0614696300343354
2014-03-24,1.060190466605927
2014-03-25,1.0644625164524213
2014-03-26,1.0671687537392027
2014-03-27,1.0645994207678537
2014-03-28,1.0706097087253745
2014-03-31,1.078555179237547
2014-04-01,1.0824001579187688
2014-04-02,1.0795552599115839
2014-04-03,1.081434918503803
2014-04-07,1.080848024636783
2014-04-08,1.0844149662635694
2014-04-09,1.0856236497108687
2014-04-10,1.0891772513456603
2014-04-11,1.0871268416864146
2014-04-14,1.0841240514709376
2014-04-15,1.0855664709098005
2014-04-16,1.0830202258838986
2014-04-17,1.0876343171984573
2014-04-18,1.0913489172597557
2014-04-21,1.088083503627604
2014-04-22,1.088229998917277
2014-04-23,1.0834888359635186
2014-04-24,1.0839639613098246
2014-04-25,1.0748577855865828
2014-04-28,1.0747114079861444
2014-04-29,1.0801717536982116
2014-04-30,1.070139655864143
2014-05-02,1.0785649238366997
2014-05-05,1.07541648870454
2014-05-06,1.0811435769165358
2014-05-07,1.0803502509517675
2014-05-08,1.0846964999335036
2014-05-09,1.0835705640188824
2014-05-12,1.0770236407668776
2014-05-13,1.0755932144669906
2014-05-14,1.0838732829617344
2014-05-15,1.084224177106075
2014-05-16,1.0847530509258807
2014-05-19,1.0873662149480865
2014-05-20,1.0818472066131302
2014-05-21,1.0844818742405413
2014-05-22,1.094175647986707
2014-05-23,1.0944844563774643
2014-05-26,1.0947995842860858
2014-05-27,1.0969818701948757
2014-05-28,1.1069771906072103
2014-05-29,1.1037090934403497
2014-05-30,1.1100492027738342
2014-06-03,1.1110729185621264
2014-06-04,1.1057830121004542
2014-06-05,1.1047076381774397
2014-06-06,1.1065358289360507
2014-06-09,1.1091165972256545
2014-06-10,1.117024550880755
2014-06-11,1.1150395885028577
2014-06-12,1.1156559473814922
2014-06-13,1.1164341038637777
2014-06-16,1.1167254744330182
2014-06-17,1.120373516227624
2014-06-18,1.121655614160137
2014-06-19,1.1215635419062726
2014-06-20,1.1160445728232968
2014-06-23,1.119874019817356
2014-06-24,1.1244276018915795
2014-06-25,1.1269454534948515
2014-06-26,1.1327887344216072
2014-06-27,1.1324369481331855
2014-06-30,1.1339420827845497
2014-07-01,1.1352127294593808
2014-07-02,1.1377786030515487
2014-07-03,1.13205988588295
2014-07-04,1.1325681723336343
2014-07-07,1.1301554702367402
2014-07-08,1.139198084108245
2014-07-09,1.1416889446649423
2014-07-10,1.1511154647837631
2014-07-11,1.1445362786285567
2014-07-14,1.1495822072194208
2014-07-15,1.1593039721284681
2014-07-16,1.1530705848385248
2014-07-17,1.155136630325625
2014-07-18,1.1546618859270936
2014-07-21,1.1548438481548187
2014-07-22,1.1616743864554757
2014-07-24,1.167135106315692
2014-07-25,1.1695850085894597
2014-07-28,1.1834677617875298
2014-07-29,1.1753189960120054
2014-07-30,1.1831506851963378
2014-07-31,1.1731639110127607
2014-08-01,1.1487563839518897
2014-08-04,1.144989743142762
2014-08-05,1.1206721194072242
2014-08-06,1.1338409923916426
2014-08-07,1.1374265576324012
2014-08-08,1.133454924682404
2014-08-11,1.1395572578500317
2014-08-12,1.1367294869547275
2014-08-13,1.1410267950543365
2014-08-14,1.1266702640014667
2014-08-15,1.1233229202178499
2014-08-18,1.1187449733457964
2014-08-19,1.1147376057896077
2014-08-20,1.12596225197079
2014-08-21,1.1329310889621858
2014-08-22,1.1483428460678213
2014-08-25,1.145551150229989
2014-08-26,1.145076758648848
2014-08-27,1.1503969742208011
2014-08-28,1.1501835716263713
2014-08-29,1.1403054054995676
2014-09-01,1.1419922908413356
2014-09-02,1.1370100817389204
2014-09-03,1.1428474359615857
2014-09-04,1.1440341553696098
2014-09-05,1.143085741442884
2014-09-09,1.1437927300819266
2014-09-10,1.1387967273127055
2014-09-11,1.1423594200273106
2014-09-12,1.1384602264356456
2014-09-15,1.1281771465354484
2014-09-16,1.1210203767049398
2014-09-17,1.1282208003934056
2014-09-18,1.1318147354151997
2014-09-19,1.1309023738680195
2014-09-22,1.1222958842181996
2014-09-23,1.1194268260086437
2014-09-24,1.1218034342926093
2014-09-25,1.1164983213191642
2014-09-26,1.1141524140020758
2014-09-29,1.1119365968292145
2014-09-30,1.1145858278082845
2014-10-01,1.109981153552029
2014-10-02,1.1022699875852056
2014-10-03,1.1211242078750492
2014-10-06,1.1115363534106901
2014-10-07,1.108373127971647
2014-10-08,1.1122291943085298
2014-10-09,1.1191736424136816
2014-10-13,1.1009790667521597
2014-10-14,1.1075983385156167
2014-10-15,1.0977086162293075
2014-10-16,1.0953468255867282
2014-10-17,1.089928262658016
2014-10-20,1.0996976288427047
2014-10-21,1.0988113845745167
2014-10-22,1.1036449056109199
2014-10-23,1.1056302617561848
2014-10-24,1.0990264389604918
2014-10-27,1.102368945269913
2014-10-28,1.111063659443092
2014-10-29,1.1176515046350062
2014-10-30,1.1186044107345288
2014-10-31,1.1234010106247072
2014-11-03,1.1184426048527571
2014-11-04,1.118443403624565
2014-11-05,1.1227181222494222
2014-11-06,1.1220339067618241
2014-11-07,1.1159115609881307
2014-11-10,1.1274736752027499
2014-11-11,1.126712705559501
2014-11-12,1.1132113502653491
2014-11-13,1.1228198172339139
2014-11-14,1.1230865857197332
2014-11-17,1.1178217454144552
2014-11-18,1.1203765173487918
2014-11-19,1.1285773174952265
2014-11-20,1.1337589896689608
2014-11-21,1.1239021120820802
2014-11-24,1.1312159816619223
2014-11-25,1.1228299951949012
2014-11-26,1.1244649371428657
2014-11-27,1.127852934932326
2014-11-28,1.1308600380870857
2014-12-01,1.1181053932892437
2014-12-02,1.1163696350161094
2014-12-03,1.127525543828993
2014-12-04,1.131119369385561
2014-12-05,1.131322080802563
2014-12-08,1.1305566211080391
2014-12-09,1.1305102786491217
2014-12-10,1.1222400656226619
2014-12-11,1.113830331558972
2014-12-12,1.1133383520354296
2014-12-15,1.1096333802470173
2014-12-16,1.1129887127104598
2014-12-17,1.1015504207896023
2014-12-18,1.105438781784319
2014-12-19,1.120994620299776
2014-12-22,1.1231678930029056
2014-12-23,1.11998170664838
2014-12-24,1.125297459726555
2014-12-25,1.1252451850951624
2014-12-26,1.1286285834966712
2014-12-27,1.1281100856851067
2014-12-29,1.1286816740363836
2014-12-30,1.1285318535314761
2014-12-31,1.1357570317939079
2015-01-05,1.1228931077414512
2015-01-06,1.1104681634998161
2015-01-07,1.1105648291861325
2015-01-08,1.1258289616857429
2015-01-09,1.1283559344657605
2015-01-12,1.1258566093153795
2015-01-13,1.1352995410529239
2015-01-14,1.122628720448639
2015-01-15,1.12123259592069
2015-01-16,1.1268421293390796
2015-01-19,1.1290162450932082
2015-01-20,1.1269130749304943
2015-01-21,1.1358860229033534
2015-01-22,1.1348789933584922
2015-01-23,1.143267491463702
2015-01-26,1.1406280831465492
2015-01-27,1.1443545274868296
2015-01-28,1.1416228404078794
2015-01-29,1.1384953694467226
2015-01-30,1.1414963800056392
2015-02-02,1.1349097294659771
2015-02-03,1.1333405914512682
2015-02-04,1.1432100867975472
2015-02-05,1.1455865643012533
2015-02-06,1.1447867529261226
2015-02-09,1.1427566779045268
2015-02-10,1.1426354799772427
2015-02-11,1.1449813786196115
2015-02-12,1.1461329321712568
2015-02-13,1.1475459410943354
2015-02-24,1.1604178013804134
2015-02-25,1.1618169723539535
2015-02-26,1.160553358127637
2015-03-02,1.1597906276758703
2015-03-03,1.1598912450350536
2015-03-04,1.1586269454978622
2015-03-05,1.1528947222435004
2015-03-06,1.1588060517646581
2015-03-09,1.1497998833898577
2015-03-10,1.1491157241531553
2015-03-11,1.1477717179785591
2015-03-12,1.157356970194125
2015-03-13,1.1534088328479022
2015-03-16,1.1483150829796875
2015-03-17,1.1489529962064076
2015-03-18,1.1508608763671948
2015-03-19,1.1527514198258253
2015-03-20,1.1525016136041872
2015-03-23,1.153001825793707
2015-03-24,1.1523780574787124
2015-03-25,1.1517524158715788
2015-03-26,1.149618823351943
2015-03-27,1.1479703288487713
2015-03-30,1.1480981514690423
2015-03-31,1.1487368712100343
2015-04-01,1.1477180531840232
2015-04-02,1.1498937248111625
2015-04-07,1.1501470349951715
2015-04-08,1.1486290232703205
2015-04-09,1.1488838884153165
2015-04-10,1.1502839286999889
2015-04-13,1.150789629543432
2015-04-14,1.149906799052102
2015-04-15,1.147753638006957
2015-04-16,1.1504413156983466
2015-04-17,1.1487987422448969
2015-04-20,1.1503487358998838
2015-04-21,1.1503487358998838
2015-04-22,1.1521317634742005
2015-04-23,1.1568039215499666
2015-04-24,1.1585330072571087
2015-04-27,1.1598804138684264
2015-04-28,1.1595152933438462
2015-04-29,1.1464718252775141
2015-04-30,1.1397467287869565
2015-05-04,1.1401124885184664
2015-05-05,1.1391388602349979
2015-05-06,1.1393834257298383
2015-05-07,1.1373070889211798
2015-05-08,1.1374304747442903
2015-05-11,1.1382936565882984
2015-05-12,1.1379252696445177
2015-05-13,1.1389094004557236
2015-05-14,1.136460799095264
2015-05-15,1.135106168535471
2015-05-18,1.1357257165365888
2015-05-19,1.1383199731822045
2015-05-20,1.135547134166475
2015-05-21,1.1232429830826867
2015-05-22,1.1277629427581137
2015-05-25,1.1242878731717434
2015-05-26,1.1303587530961958
2015-05-27,1.1340345954204667
2015-05-28,1.13074266521764
2015-05-29,1.1310997605231459
2015-06-01,1.126349173618665
2015-06-02,1.126477167683067
2015-06-03,1.123515824840164
2015-06-04,1.106601428422003
2015-06-05,1.1054426444925383
2015-06-08,1.1136410887542296
2015-06-09,1.1060126897431644
2015-06-10,1.1134971474778084
2015-06-11,1.1121697250495528
2015-06-12,1.1142391316269145
2015-06-15,1.1105052283705896
2015-06-16,1.1083157821520342
2015-06-17,1.1041545373369237
2015-06-18,1.1117140699404489
2015-06-22,1.1193338459169038
2015-06-23,1.1198318946055703
2015-06-24,1.1236819591096148
2015-06-25,1.1286656880496235
2015-06-26,1.1264780754930566
2015-06-29,1.114405281927472
2015-06-30,1.1191626979369238
2015-07-01,1.1240502632879765
2015-07-02,1.1238455085678374
2015-07-03,1.1253513247858125
2015-07-06,1.1165673764211497
2015-07-07,1.1206746744906215
2015-07-08,1.107532583225847
2015-07-09,1.100258067008762
2015-07-13,1.1075405137110597
2015-07-14,1.1085124826219301
2015-07-15,1.1112942539485038
2015-07-16,1.1127613741984932
2015-07-17,1.1144830681524536
2015-07-20,1.1121923913859841
2015-07-21,1.1121121144983872
2015-07-22,1.1103445301934467
2015-07-23,1.1094857954826969
2015-07-24,1.1099846255302281
2015-07-27,1.0983014761107743
2015-07-28,1.0975199038944787
2015-07-29,1.096654222579072
2015-07-30,1.102604951679999
2015-07-31,1.093813116930783
2015-08-03,1.0914385689260027
2015-08-04,1.1005454388527263
2015-08-05,1.0995622141113373
2015-08-06,1.0940520107163108
2015-08-07,1.0927734648536012
2015-08-10,1.0897080862727062
2015-08-11,1.090205352032418
2015-08-12,1.0732680230717817
2015-08-13,1.037608900468288
2015-08-14,1.0366803104915687
2015-08-17,1.0277533872627578
2015-08-18,1.013725616792674
2015-08-19,0.9931103758211658
2015-08-20,0.9930685273719534
2015-08-21,0.9814824094983916
2015-08-24,0.954367883627717
2015-08-25,0.9750109643624233
2015-08-26,0.9785577475851577
2015-08-27,0.9850618206656359
2015-08-28,1.0016244023418064
2015-08-31,1.0118966070584015
2015-09-01,0.9979074650228095
2015-09-02,0.9980950404073962
2015-09-03,1.0023301046458417
2015-09-04,0.9969994746431403
2015-09-07,1.000060579049791
2015-09-08,0.9949317186295419
2015-09-09,1.0152444571191266
2015-09-10,1.0183825409474352
2015-09-11,1.0162844008454268
2015-09-14,1.014054732773339
2015-09-15,1.0134101718156046
2015-09-16,1.0175037019323523
2015-09-17,1.0296394518031509
2015-09-18,1.0293756204505795
2015-09-21,1.0126640555991764
2015-09-22,1.0158959976446442
2015-09-23,0.9970766611054206
2015-09-24,0.9925552474758313
2015-09-25,0.9877977509558267
2015-09-30,0.9954630206860449
2015-10-01,0.9979090857168903
2015-10-02,1.0040996148047168
2015-10-05,1.0040629797305713
2015-10-06,1.0097102637788353
2015-10-07,1.0145806580543586
2015-10-08,1.0102062247434636
2015-10-12,1.0220040971125424
2015-10-13,1.0264113473839167
2015-10-14,1.018900456501036
2015-10-15,1.0272291605174535
2015-10-16,1.034774890923793
2015-10-19,1.0350677509238184
2015-10-20,1.0396225869427538
2015-10-21,1.0323705804117054
2015-10-22,1.0374948405321924
2015-10-23,1.0424743182065577
2015-10-26,1.0474741304961754
2015-10-27,1.0454814614015813
2015-10-28,1.0450632947058909
2015-10-29,1.0333005876773536
2015-10-30,1.0295203645321993
2015-11-02,1.027502151999656
2015-11-03,1.0384755512932788
2015-11-04,1.044870000862226
2015-11-05,1.0447268126879816
2015-11-06,1.0299519709008023
2015-11-09,1.024375789955308
2015-11-10,1.0104629684648654
2015-11-11,1.0056078493251193
2015-11-12,1.0062895294897443
2015-11-13,0.9979303580742562
2015-11-16,0.9932374182666548
2015-11-17,1.0074708805675963
2015-11-18,0.992946121770376
2015-11-19,1.0085361839289029
2015-11-20,1.002772189733222
2015-11-23,1.0013040858555262
2015-11-24,0.9991197925908336
2015-11-25,1.003191206679699
2015-11-26,1.0103776464359413
2015-11-27,1.0011183208220247
2015-11-30,0.9955964253659793
2015-12-01,1.010798018875744
2015-12-02,0.9974225305675405
2015-12-03,0.994556719319496
2015-12-04,0.9933851544770411
2015-12-07,0.9952379954367964
2015-12-08,0.9872257992437362
2015-12-09,0.978147150507144
2015-12-10,0.9707455528905327
2015-12-11,0.9704821822058274
2015-12-14,0.9666285564928613
2015-12-15,0.9671866230183471
2015-12-16,0.9784762591235533
2015-12-17,0.9878479486649406
2015-12-18,0.9805868642392062
2015-12-21,0.9751757832640036
2015-12-22,0.9849460282480909
2015-12-23,0.98970383989718
2015-12-24,0.9927208754379548
2015-12-25,0.9939167139229742
2015-12-28,0.9980801011482279
2015-12-29,0.9936302331760348
2015-12-30,0.9860145452889408
2015-12-31,0.9865025935795735
2016-01-04,0.9703238694911785
2016-01-05,0.9703627292101089
2016-01-06,0.9686792173178259
2016-01-07,0.958094389774913
2016-01-08,0.9587781778645735
2016-01-11,0.9505542780887449
2016-01-12,0.9548996374094507
2016-01-13,0.9598474107992022
2016-01-14,0.9542361732557674
2016-01-15,0.9441520399880142
2016-01-18,0.9406718964927181
2016-01-19,0.9511253156963875
2016-01-20,0.9478314222070371
2016-01-21,0.9363436993155418
2016-01-22,0.9404385125298034
2016-01-25,0.9598233730870447
2016-01-26,0.9515662528354817
2016-01-27,0.9568778138133252
2016-01-28,0.970473607932342
2016-01-29,0.9965565739480577
2016-01-30,0.9993198266474617
2016-02-01,1.000342512031972
2016-02-02,0.99295075471356
2016-02-03,0.9851243382111956
2016-02-15,0.9908011512639896
2016-02-16,1.008666035511193
2016-02-17,1.0067265521443565
2016-02-18,1.004611156418657
2016-02-19,1.012446179657646
2016-02-22,1.0079000319326894
2016-02-23,1.0103121407423428
2016-02-24,1.0068367047469433
2016-02-25,1.0143195371127631
2016-02-26,1.0215689729860724
2016-03-01,1.023160501442099
2016-03-02,1.0309516689647553
2016-03-03,1.0401882549285777
2016-03-04,1.0383712391615887
2016-03-07,1.0406429095539
2016-03-08,1.0383626231241907
2016-03-09,1.0304789501910878
2016-03-10,1.0410932028057833
2016-03-11,1.0441206917698065
2016-03-14,1.0452187193477143
2016-03-15,1.0382151605652867
2016-03-16,1.0406254219986135
2016-03-17,1.0502977072460589
2016-03-18,1.0546132217144752
2016-03-21,1.051046452650514
2016-03-22,1.052464224748995
2016-03-23,1.0547244107286347
2016-03-24,1.054281680994127
2016-03-25,1.0521381838876145
2016-03-28,1.047976908594955
2016-03-29,1.0483120653667304
2016-03-30,1.0561334249329248
2016-03-31,1.0517354211801322
2016-04-01,1.0475231957575613
2016-04-06,1.036813111477894
2016-04-07,1.0333440289162683
2016-04-08,1.0357502677613364
2016-04-11,1.0382501748287254
2016-04-12,1.0381282965568779
2016-04-13,1.048892045841137
2016-04-14,1.048427910986043
2016-04-15,1.0503744178814551
2016-04-18,1.0527007723051507
2016-04-19,1.0468744009356388
2016-04-20,1.0364602937022587
2016-04-21,1.0390864379047116
2016-04-22,1.045389795351504
2016-04-25,1.0497859698781697
2016-04-26,1.047746601275094
2016-04-27,1.0427358274274385
2016-04-28,1.0336591592486304
2016-04-29,1.0363855909254882
2016-05-03,1.0330206727536242
2016-05-04,1.031434740284461
2016-05-05,1.0316809900845318
2016-05-06,1.030451492882155
2016-05-09,1.030451492882155
2016-05-10,1.0311944830726396
2016-05-11,1.0308245789317152
2016-05-12,1.0307010128662037
2016-05-13,1.0290935036221323
2016-05-16,1.0302168694402822
2016-05-17,1.0313329704849055
2016-05-18,1.031086539964785
2016-05-19,1.0303461921678976
2016-05-20,1.0312136519929793
2016-05-23,1.0361457988875
2016-05-24,1.0345871397813358
2016-05-25,1.0361599432882236
2016-05-26,1.0365196387613116
2016-05-27,1.0375964944815685
2016-05-30,1.0389045478263284
2016-05-31,1.0389045478263284
2016-06-01,1.0402028434272828
2016-06-02,1.0402028434272828
2016-06-03,1.0405543055007753
2016-06-04,1.0407881420818081
2016-06-06,1.0410216654738234
2016-06-07,1.0430039599155212
2016-06-08,1.0438110423742868
2016-06-13,1.0403680089917362
2016-06-14,1.0413046548025944
2016-06-15,1.0415375656699055
2016-06-16,1.0394441622974266
2016-06-17,1.0410921774059478
2016-06-20,1.0421416984873055
2016-06-21,1.0427212815306168
2016-06-22,1.043183414618029
2016-06-23,1.0428377289447344
2016-06-24,1.0389121903259204
2016-06-27,1.0404477667763128
2016-06-28,1.041033215286927
2016-06-29,1.0426669865616904
2016-06-30,1.0444012345891056
2016-07-01,1.0462329429011687
2016-07-04,1.0463462406069948
2016-07-05,1.0458933425170414
2016-07-06,1.0431689116712437
2016-07-07,1.0450139633269746
2016-07-11,1.047980902753394
2016-07-12,1.0485556098062094
2016-07-13,1.0533893440326059
2016-07-14,1.055227942927698
2016-07-15,1.066696223554908
2016-07-18,1.0738645654021786
2016-07-19,1.0756900353792942
2016-07-20,1.0731828015278564
2016-07-21,1.073325504879352
2016-07-22,1.0685296197895797
2016-07-25,1.0677870887231364
2016-07-26,1.0675729358434454
2016-07-27,1.069400883134557
2016-07-28,1.0701748985866384
2016-07-29,1.0666741789315033
2016-08-01,1.072923174147547
2016-08-02,1.0709130721271822
2016-08-03,1.0667252935080256
2016-08-04,1.066111479229116
2016-08-05,1.0638163285520303
2016-08-08,1.0744758675268278
2016-08-09,1.0778865924235665
2016-08-10,1.0661044336457688
2016-08-11,1.0632085529344257
2016-08-12,1.0630764333058655
2016-08-15,1.056017567460382
2016-08-16,1.056076481741768
2016-08-17,1.057700159785332
2016-08-18,1.0549815352851772
2016-08-19,1.0426143822305027
2016-08-22,1.037021495467218
2016-08-23,1.0415169840718845
2016-08-24,1.036937425049218
2016-08-25,1.0479948873388012
2016-08-26,1.0506350614856972
2016-08-29,1.049575671247146
2016-08-30,1.049387746385198
2016-08-31,1.0363988899002379
2016-09-01,1.0384630423227748
2016-09-02,1.0360485799719057
2016-09-05,1.047383441805496
2016-09-06,1.0517830746792682
2016-09-07,1.057845722622366
2016-09-08,1.0612060782999784
2016-09-09,1.0498477756337243
2016-09-10,1.0409509684939684
2016-09-12,1.0335805248917405
2016-09-13,1.0308191644514817
2016-09-14,1.0266254778302757
2016-09-19,1.0463146633695095
2016-09-20,1.041511090451539
2016-09-21,1.0452164773553956
2016-09-22,1.043739934375581
2016-09-23,1.0504551740205599
2016-09-26,1.0442274739488213
2016-09-29,1.0486788951372752
2016-09-30,1.0371986807005353
2016-10-03,1.0392313963867266
2016-10-04,1.0453768692049714
2016-10-05,1.0450601975406144
2016-10-06,1.0424602244784058
2016-10-07,1.0359319558872349
2016-10-11,1.039968861139854
2016-10-12,1.0419085308173381
2016-10-13,1.038895509843865
2016-10-14,1.032061344818005
2016-10-17,1.0364239961008395
2016-10-18,1.0407588067095905
2016-10-19,1.0418530636670738
2016-10-20,1.0433490232945637
2016-10-21,1.0435928180316658
2016-10-24,1.0435882918487107
2016-10-25,1.0441672980936423
2016-10-26,1.043923284337743
2016-10-27,1.0393091283824565
2016-10-28,1.0445957038670177
2016-10-31,1.039523153509904
2016-11-01,1.0379889407055325
2016-11-02,1.0355701047450132
2016-11-03,1.0323557595770971
2016-11-04,1.026508760652127
2016-11-07,1.032580138157993
2016-11-08,1.0426801287588814
2016-11-09,1.0220102945783387
2016-11-10,1.0334171567204964
2016-11-11,1.0195503876287655
2016-11-14,1.0208946183616463
2016-11-15,1.0198929768246363
2016-11-16,1.0214364923802273
2016-11-17,1.0242449518462822
2016-11-18,1.0239216120726993
2016-11-21,1.0295773012572675
2016-11-22,1.0280191226155253
2016-11-23,1.0321400109929648
2016-11-24,1.0344082188043515
2016-11-25,1.0357915450491264
2016-11-28,1.0436878194996246
2016-11-29,1.0378814563291094
2016-11-30,1.0421280743885755
2016-12-01,1.0409985892847318
2016-12-02,1.0405979599280264
2016-12-05,1.0348035757546232
2016-12-06,1.043837790325488
2016-12-07,1.0462904760287526
2016-12-08,1.0605460546034522
2016-12-09,1.0635642976366397
2016-12-12,1.061955823736093
2016-12-13,1.0638333089486076
2016-12-14,1.056613801575441
2016-12-15,1.0561373270592622
2016-12-16,1.0512016564526045
2016-12-19,1.0448135639364107
2016-12-20,1.0430787686245442
2016-12-21,1.0393552154265848
2016-12-22,1.0342501624908615
2016-12-23,1.0305096927758466
2016-12-26,1.036632765338947
2016-12-27,1.034611641958291
2016-12-28,1.0444351445634024
2016-12-29,1.0377426434570909
2016-12-30,1.0466275948860908
2017-01-03,1.047276117972861
2017-01-04,1.0508530531856712
2017-01-05,1.059701253118155
2017-01-06,1.06009480316854
2017-01-09,1.0572874307304274
2017-01-10,1.0601013612823842
2017-01-11,1.0631626392346945
2017-01-12,1.0696329985636077
2017-01-13,1.0675158293989253
2017-01-16,1.058757773958627
2017-01-17,1.0597891236801202
2017-01-18,1.056017828990848
2017-01-19,1.0541187071239124
2017-01-20,1.0555739074686126
2017-01-23,1.0631073097179267
2017-01-24,1.0626660750040344
2017-02-02,1.0551313679746008
2017-02-03,1.0581592582495059
2017-02-06,1.0717635113330348
2017-02-07,1.0795362940123556
2017-02-08,1.0773973561323615
2017-02-09,1.078860262150784
2017-02-10,1.084253886601471
2017-02-13,1.085218289308385
2017-02-14,1.0892462232384297
2017-02-15,1.0986101897913627
2017-02-16,1.097599955694718
2017-02-17,1.0944931492936727
2017-02-18,1.0983657276947478
2017-02-20,1.092568717752816
2017-02-21,1.0937381077409032
2017-02-22,1.0956250022029925
2017-02-23,1.0885542183048071
2017-02-24,1.0868011298512152
2017-03-01,1.0848411971793988
2017-03-02,1.0901345613483429
2017-03-03,1.0892200216932746
2017-03-06,1.089450086593559
2017-03-07,1.093311728815159
2017-03-08,1.0912630226057314
2017-03-09,1.089421877687165
2017-03-10,1.0874365383335602
2017-03-13,1.0941384837535784
2017-03-14,1.0960320903546563
2017-03-15,1.0984005436957596
2017-03-16,1.1035212018730014
2017-03-17,1.104448985051037
2017-03-20,1.1032400499878603
2017-03-21,1.1085507534947006
2017-03-22,1.105570132001298
2017-03-23,1.106110477398912
2017-03-24,1.1057156274219375
2017-03-27,1.1071874036842257
2017-03-28,1.1127857434993078
2017-03-29,1.1197829835465412
2017-03-30,1.1176751073641797
2017-03-31,1.114033642043503
2017-04-05,1.125260772206441
2017-04-06,1.126685153837348
2017-04-07,1.1283069014476212
2017-04-10,1.1283379738413826
2017-04-11,1.132715550729498
2017-04-12,1.1278526442550985
2017-04-13,1.1334442110683027
2017-04-14,1.1182409128188886
2017-04-17,1.1189596415667113
2017-04-18,1.1210145475612563
2017-04-19,1.1082258061412265
2017-04-20,1.1032980278999216
2017-04-21,1.115570626094069
2017-04-24,1.1179400566040927
2017-04-25,1.1248541881114216
2017-04-26,1.1324942483254887
2017-04-27,1.126489732618006
2017-04-28,1.1259115382406066
2017-05-02,1.1353103092413102
2017-05-03,1.1398999629434934
2017-05-04,1.146703009136706
2017-05-05,1.1405180504776482
2017-05-08,1.1459323201665528
2017-05-09,1.1473541695728997
2017-05-10,1.145408230888715
2017-05-11,1.1477079096255318
2017-05-12,1.1482519537745728
2017-05-15,1.1515000284733208
2017-05-16,1.1512812714488052
2017-05-17,1.1524127842788612
2017-05-18,1.1490693156754521
2017-05-19,1.148296165970546
2017-05-22,1.1500141925740408
2017-05-23,1.1502448574529907
2017-05-24,1.1471951190594802
2017-05-25,1.1534526768255426
2017-05-26,1.1537255128740587
2017-05-31,1.1447837545363295
2017-06-01,1.1506113043901667
2017-06-02,1.1518789561118776
2017-06-03,1.152568666471634
2017-06-05,1.1592357092217156
2017-06-06,1.1610399403529421
2017-06-07,1.158511019652251
2017-06-08,1.1630516742291455
2017-06-09,1.1595671547215338
2017-06-12,1.1590191528172642
2017-06-13,1.1584480774934949
2017-06-14,1.1543831475726614
2017-06-15,1.1539332000830438
2017-06-16,1.1568945965213167
2017-06-19,1.1602722183931564
2017-06-20,1.1613619477968713
2017-06-21,1.1662690238529252
2017-06-22,1.1659894128974733
2017-06-23,1.1654572403972692
2017-06-26,1.1811924320558271
2017-06-27,1.1844115040485552
2017-06-28,1.1830108359542268
2017-06-29,1.1908949560085669
2017-06-30,1.1904659497110297
2017-07-03,1.1965307416423896
2017-07-04,1.1922029990041476
2017-07-05,1.1995995022725408
2017-07-06,1.198546495816235
2017-07-07,1.195738595026291
2017-07-10,1.1898813719414003
2017-07-11,1.1910923815067733
2017-07-12,1.1952323220627012
2017-07-13,1.1996575125627182
2017-07-14,1.1987162477428266
2017-07-17,1.2076825494494772
2017-07-18,1.2122236058474036
2017-07-19,1.2078440013670972
2017-07-20,1.2041362773187338
2017-07-21,1.1997001122531012
2017-07-24,1.2048532248093076
2017-07-25,1.203358827204591
2017-07-26,1.1987021889011042
2017-07-27,1.2090987410462266
2017-07-28,1.1998572310678806
2017-07-31,1.2027091107442454
2017-08-01,1.2066332859037485
2017-08-02,1.2135937108346917
2017-08-03,1.210102066759333
2017-08-04,1.2108897224482624
2017-08-07,1.2198972182887375
2017-08-08,1.2189285756122796
2017-08-09,1.2112339023598495
2017-08-10,1.1961035510435862
2017-08-11,1.1958314925232505
2017-08-14,1.1873064281332526
2017-08-15,1.1893284697767892
2017-08-16,1.1446281157914366
2017-08-17,1.1584691780572336
2017-08-18,1.1511947916379546
2017-08-21,1.1561545884912225
2017-08-22,1.158003819691503
2017-08-23,1.1605395768918145
2017-08-24,1.1679513205323209
2017-08-25,1.1677335752612066
2017-08-28,1.173816696509803
2017-08-29,1.1701508634013789
2017-08-30,1.171161933781343
2017-08-31,1.1753490320476738
2017-09-01,1.1781243794444551
2017-09-04,1.1695503376995187
2017-09-05,1.1718907722216036
2017-09-06,1.1681521210317563
2017-09-07,1.1647847996369909
2017-09-08,1.1712162279711942
2017-09-11,1.167790463442113
2017-09-12,1.1712218564043975
2017-09-13,1.1649345658413546
2017-09-14,1.171135846295234
2017-09-15,1.1714898014935222
2017-09-18,1.1729021381879776
2017-09-19,1.166237177282502
2017-09-20,1.157903781761096
2017-09-21,1.1601473447841828
2017-09-22,1.1530625253716351
2017-09-25,1.150639110340672
2017-09-26,1.1555617685013644
2017-09-27,1.1607153386853009
2017-09-28,1.1540814669369897
2017-09-29,1.1564567646107684
2017-09-30,1.1589663144858402
2017-10-02,1.1597598434492706
2017-10-03,1.1607774992876596
2017-10-05,1.1662205097736635
2017-10-06,1.1706189484458702
2017-10-11,1.179204957213769
2017-10-12,1.1869601129073057
2017-10-13,1.1929425097281923
2017-10-16,1.1905425601435833
2017-10-17,1.1948425312292044
2017-10-18,1.1907289934226035
2017-10-19,1.1941488424875593
2017-10-20,1.1887270716924407
2017-10-23,1.1885727899896186
2017-10-24,1.1959999079528993
2017-10-25,1.1996602129554605
2017-10-26,1.1914636538471088
2017-10-27,1.1925263269015083
2017-10-30,1.1932359876505834
2017-10-31,1.1940555522072969
2017-11-01,1.1953750973019617
2017-11-02,1.191497248016781
2017-11-03,1.193397651617157
2017-11-06,1.1936354663474975
2017-11-07,1.193728870901156
2017-11-08,1.1924861711215484
2017-11-09,1.1924851283843267
2017-11-10,1.1919354984816124
2017-11-13,1.1883696448649395
2017-11-14,1.1905050972611178
2017-11-15,1.1900056241927954
2017-11-16,1.1853445997836998
2017-11-17,1.1880319349503246
2017-11-20,1.1882099829899522
2017-11-21,1.1962992641968118
2017-11-22,1.2081074148697608
2017-11-23,1.208274026407383
2017-11-24,1.2024852130377706
2017-11-27,1.1954867351685976
2017-11-28,1.2004821616951518
2017-11-29,1.1978540314954644
2017-11-30,1.1887854181912383
2017-12-01,1.1959197384146947
2017-12-04,1.2015595494050864
2017-12-05,1.199827599872216
2017-12-06,1.192045097640324
2017-12-07,1.188785445245516
2017-12-08,1.1878310319057734
2017-12-11,1.1879825210769726
2017-12-12,1.191432831005201
2017-12-13,1.1922710433473482
2017-12-14,1.1921550051382084
2017-12-15,1.1917073445817825
2017-12-18,1.1933924307124064
2017-12-19,1.193507001660434
2017-12-20,1.1904347296775375
2017-12-21,1.1924286217283013
2017-12-22,1.1945228767789107
2017-12-25,1.1923204132462295
2017-12-26,1.1900301678679797
2017-12-27,1.194799404900916
2017-12-28,1.1999887273938434
2017-12-29,1.2031512758363876
2018-01-02,1.2075036586178627
2018-01-03,1.2151844339525482
2018-01-04,1.2183941833961074
2018-01-05,1.2252235799381814
2018-01-08,1.2460776494887926
2018-01-09,1.2487457666141175
2018-01-10,1.2481013894135564
2018-01-11,1.241819813610857
2018-01-12,1.2475199201944986
2018-01-15,1.2544506137067917
2018-01-16,1.2541010025056152
2018-01-17,1.2549802971211517
2018-01-18,1.2580892763112475
2018-01-19,1.2590439161899063
2018-01-22,1.2582965272314712
2018-01-23,1.2587773852495532
2018-01-24,1.2517925320214884
2018-01-25,1.2606368252624818
2018-01-26,1.2588739880634763
2018-01-29,1.2544417822918692
2018-01-30,1.243663361268992
2018-01-31,1.2528496397313795
2018-02-01,1.250717359866989
2018-02-02,1.2492859178228906
2018-02-05,1.2337417105681572
2018-02-06,1.1920773093371462
2018-02-07,1.205426470945768
2018-02-08,1.2022393588902118
2018-02-09,1.1907142973036051
2018-02-12,1.1968613855013828
2018-02-21,1.2156465942728063
2018-02-22,1.216178273416595
2018-02-23,1.2292456610981888
2018-02-26,1.2327810284174192
2018-02-27,1.2293724922512947
2018-03-01,1.2230733748452483
2018-03-02,1.2178781968863386
2018-03-05,1.2114652391517715
2018-03-06,1.2244215549346085
2018-03-07,1.2206581878057905
2018-03-08,1.2275878214085723
2018-03-09,1.2295008559003422
2018-03-12,1.2363745905846233
2018-03-13,1.2414221420113023
2018-03-14,1.2376163462323349
2018-03-15,1.2351827320093154
2018-03-16,1.2372035682178195
2018-03-19,1.239105378905267
2018-03-20,1.2355596429751212
2018-03-21,1.2396321351342512
2018-03-22,1.2445984070986194
2018-03-23,1.2336062413893794
2018-03-26,1.2401466984149219
2018-03-27,1.2484958834141857
2018-03-28,1.2446530535704887
2018-03-29,1.2455473403427415
2018-03-30,1.250401584879092
2018-03-31,1.253716187077085
2018-04-02,1.252051585422802
2018-04-03,1.2464960251800212
2018-04-09,1.2518173958991785
2018-04-10,1.2559584727229984
2018-04-11,1.2554416854609918
2018-04-12,1.2536468349929057
2018-04-13,1.249997484033436
2018-04-16,1.2549041603786268
2018-04-17,1.2467860372521364
2018-04-18,1.2488845867393399
2018-04-19,1.2572412704679066
2018-04-20,1.2505049243648485
2018-04-23,1.2505362987259208
2018-04-24,1.2474103760537651
2018-04-25,1.2466475801973824
2018-04-26,1.2476545801314756
2018-04-27,1.2496652476237413
2018-04-30,1.2577336139410795
2018-05-02,1.2611189136039003
2018-05-03,1.25187997015587
2018-05-04,1.2465401611718185
2018-05-07,1.246750045013817
2018-05-08,1.2524980232007177
2018-05-09,1.24857543102586
2018-05-10,1.247465493253092
2018-05-11,1.2553760943889076
2018-05-14,1.2609665194484976
2018-05-15,1.258618533198224
2018-05-16,1.2615319720796083
2018-05-17,1.259406649238689
2018-05-18,1.2725145464642478
2018-05-21,1.2822887847934747
2018-05-22,1.2799455364467074
2018-05-23,1.2863043065360973
2018-05-24,1.2888168009012095
2018-05-25,1.2972004524679708
2018-05-28,1.2996225947658606
2018-05-29,1.2958534693707064
2018-05-30,1.277775363473858
2018-05-31,1.2773739552739285
2018-06-01,1.2887811336700277
2018-06-04,1.2938683385987901
2018-06-05,1.2964758585813907
2018-06-06,1.300254506830426
2018-06-07,1.3117611488890966
2018-06-08,1.3069681380774407
2018-06-11,1.303198305126397
2018-06-12,1.3007518998159362
2018-06-13,1.3021631291905003
2018-06-14,1.2887817254805622
2018-06-15,1.287732716215363
2018-06-19,1.2734427891265976
2018-06-20,1.2820835109601714
2018-06-21,1.2825485618247177
2018-06-22,1.2827070002352863
2018-06-25,1.2813080761420996
2018-06-26,1.2793532291267473
2018-06-27,1.2773066631735612
2018-06-28,1.2754966282621214
2018-06-29,1.290229534053546
2018-07-02,1.2771221477071175
2018-07-03,1.2766041436391746
2018-07-04,1.2818313121565008
2018-07-05,1.27884592633716
2018-07-06,1.2790244593409565
2018-07-09,1.2852299883324998
2018-07-10,1.286133057399414
2018-07-11,1.2775948686339513
2018-07-12,1.2837960685035135
2018-07-13,1.2870182719465537
2018-07-16,1.2852440600944026
2018-07-17,1.2884262181801502
2018-07-18,1.294509974791327
2018-07-19,1.2918379949320873
2018-07-20,1.2961169513407054
2018-07-23,1.2945869507565702
2018-07-24,1.2973701285267776
2018-07-25,1.297561835121146
2018-07-26,1.3052412353597609
2018-07-27,1.3100874776858669
2018-07-30,1.313765957906799
2018-07-31,1.3207549250718236
2018-08-01,1.3233399787273044
2018-08-02,1.314472221272377
2018-08-03,1.3193535619607404
2018-08-06,1.32302009604942
2018-08-07,1.3201292152962272
2018-08-08,1.3293480875316828
2018-08-09,1.322448557031836
2018-08-10,1.327082785743677
2018-08-13,1.3144170987816608
2018-08-14,1.314832723429141
2018-08-15,1.306231214863201
2018-08-16,1.2891049343010905
2018-08-17,1.2927020204161774
2018-08-20,1.3014588109306822
2018-08-21,1.2904519377020047
2018-08-22,1.294306498307321
2018-08-23,1.2964889776748212
2018-08-24,1.2907615901415908
2018-08-27,1.287917721394937
2018-08-28,1.2962460713850739
2018-08-29,1.2992099904782035
2018-08-30,1.2953118626297107
2018-08-31,1.3012529015769971
2018-09-03,1.2948984997722013
2018-09-04,1.3012717352410919
2018-09-05,1.2899664882451638
2018-09-06,1.292549299915414
2018-09-07,1.2940800788063962
2018-09-10,1.2903622755356667
2018-09-11,1.2939148706823913
2018-09-12,1.2965250586498305
2018-09-13,1.2980022250084056
2018-09-14,1.2981653488377323
2018-09-17,1.2982327092244155
2018-09-18,1.3028161133559466
2018-09-19,1.3107635972641634
2018-09-20,1.3127490379066282
2018-09-21,1.3268438370763709
2018-09-25,1.3278224456689698
2018-09-26,1.3221685170231459
2018-09-27,1.3301090957970587
2018-09-28,1.3293741249477817
2018-10-01,1.3332347241499283
2018-10-02,1.3185073771304985
2018-10-03,1.317935836178343
2018-10-04,1.3065120908868215
2018-10-05,1.2973829524022107
2018-10-08,1.2955235492061943
2018-10-09,1.3026278546304724
2018-10-11,1.2569882968784685
2018-10-12,1.2762723680327006
2018-10-15,1.256285964027043
2018-10-16,1.2591877789039263
2018-10-17,1.2588809273970087
2018-10-18,1.2603367720936105
2018-10-19,1.2624966973255012
2018-10-22,1.263158999541146
2018-10-23,1.2510327979806652
2018-10-24,1.2509464515004467
2018-10-25,1.2387580060190113
2018-10-26,1.2399087295257702
2018-10-29,1.2369627112619583
2018-10-30,1.2440137907947484
2018-10-31,1.2553731544803874
2018-11-01,1.2499911269441146
2018-11-02,1.2575017274542122
2018-11-05,1.2610399781502508
2018-11-06,1.2622071323495334
2018-11-07,1.2723458574358129
2018-11-08,1.2814005909503996
2018-11-09,1.2781825308062797
2018-11-12,1.2768393302485688
2018-11-13,1.2682105086594089
2018-11-14,1.2821638802905635
2018-11-15,1.2795029480546662
2018-11-16,1.283098601523074
2018-11-19,1.2842763616537878
2018-11-20,1.2789728817638117
2018-11-21,1.277283492508447
2018-11-22,1.2758221680963082
2018-11-23,1.2738097217986706
2018-11-26,1.275175572051282
2018-11-27,1.2763348130830732
2018-11-28,1.2777845461983772
2018-11-29,1.2739256892994664
2018-11-30,1.2637413330858054
2018-12-03,1.2755650224187343
2018-12-04,1.2751118961526358
2018-12-05,1.2697471095336206
2018-12-06,1.263371730460688
2018-12-07,1.264814205231534
2018-12-10,1.2580239190390077
2018-12-11,1.2606383583093925
2018-12-12,1.263101488153337
2018-12-13,1.2680743466052589
2018-12-14,1.2667289122378687
2018-12-17,1.2651587229854546
2018-12-18,1.259004980110626
2018-12-19,1.2671043395588406
2018-12-20,1.2646127125107833
2018-12-21,1.2581151601644462
2018-12-22,1.256903665174214
2018-12-24,1.260023639822631
2018-12-25,1.249370490045694
2018-12-26,1.2484370148206516
2018-12-27,1.2585136241817894
2018-12-28,1.2765514925128434
2019-01-02,1.2566290971185463
2019-01-03,1.259101696206683
2019-01-04,1.2543977891606606
2019-01-07,1.2704009946046284
2019-01-08,1.2651624522582006
2019-01-09,1.2809078315787579
2019-01-10,1.279417983102769
2019-01-11,1.2820406206149384
2019-01-14,1.280063536077544
2019-01-15,1.2795718413841095
2019-01-16,1.2747961320791474
2019-01-17,1.2770044662097908
2019-01-18,1.2847694100821234
2019-01-21,1.2855630853403142
2019-01-22,1.2856963390563954
2019-01-23,1.2844485455480805
2019-01-24,1.2876523761580716
2019-01-25,1.2920904280829437
2019-01-28,1.2904767531612646
2019-01-29,1.290152648532246
2019-01-30,1.2920868115229807
2019-02-11,1.2945205850373058
2019-02-12,1.298601400225716
2019-02-13,1.2938933011046043
2019-02-14,1.2922182105374806
2019-02-15,1.2906708479146185
2019-02-18,1.2997303627107313
2019-02-19,1.2988065715129762
2019-02-20,1.3054737004655603
2019-02-21,1.3093544088678386
2019-02-22,1.3126235708430176
2019-02-25,1.3166370638142975
2019-02-26,1.3167138838588321
2019-02-27,1.3232180194739345
2019-03-04,1.3174366094340235
2019-03-05,1.3155902805173953
2019-03-06,1.3189037620444548
2019-03-07,1.3153473797926143
2019-03-08,1.312470794820564
2019-03-11,1.313676501373003
2019-03-12,1.3225579713067195
2019-03-13,1.326003416811196
2019-03-14,1.3206536109100253
2019-03-15,1.325071574178161
2019-03-18,1.3353128296944574
2019-03-19,1.3395872798424011
2019-03-20,1.3471237461924068
2019-03-21,1.3502037555599202
2019-03-22,1.3477846509597273
2019-03-25,1.3368941365231906
2019-03-26,1.3452380925910246
2019-03-27,1.3437774563914544
2019-03-28,1.3436393919115608
2019-03-29,1.3526399006911003
2019-04-01,1.3499880445206467
2019-04-02,1.3483501610740112
2019-04-03,1.349933707673917
2019-04-08,1.3522096226065077
2019-04-09,1.3565775509693947
2019-04-10,1.3585209707534593
2019-04-11,1.3560954961191172
2019-04-12,1.3565494431081186
2019-04-15,1.3579958288012652
2019-04-16,1.362875543081083
2019-04-17,1.365917257771264
2019-04-18,1.3698569353987424
2019-04-19,1.3734218780693406
2019-04-22,1.3767121847024508
2019-04-23,1.3832874904120689
2019-04-24,1.3940626275085477
2019-04-25,1.3944214728672424
2019-04-26,1.394731694619178
2019-04-29,1.4061192529819055
2019-04-30,1.413220511084379
2019-05-02,1.4183648338973824
2019-05-03,1.4179219212065373
2019-05-06,1.4041018430986625
2019-05-07,1.4140762059174024
2019-05-08,1.4131981822002733
2019-05-09,1.3963680624316346
2019-05-10,1.3952440623950626
2019-05-13,1.3891588236664918
2019-05-14,1.3849357249694065
2019-05-15,1.3890996934661801
2019-05-16,1.3802326151613067
2019-05-17,1.3822441768206268
2019-05-20,1.3917572021796392
2019-05-21,1.411731235257359
2019-05-22,1.4040791218233521
2019-05-23,1.3991984150408625
2019-05-24,1.4023089912008748
2019-05-27,1.4090061723374026
2019-05-28,1.4075175316398818
2019-05-29,1.4098722081891337
2019-05-30,1.4207243167572197
2019-05-31,1.4310110055349774
2019-06-03,1.420914239957502
2019-06-04,1.4200850510047491
2019-06-05,1.42511122115537
2019-06-06,1.4350840917503005
2019-06-10,1.444750770281073
2019-06-11,1.4243025811644774
2019-06-12,1.4171355309606488
2019-06-13,1.4156888052165009
2019-06-14,1.423076112471573
2019-06-17,1.4254536668664897
2019-06-18,1.4315655869498911
2019-06-19,1.4489955628142748
2019-06-20,1.4476610304052013
2019-06-21,1.4421810664001464
2019-06-24,1.4500492284249964
2019-06-25,1.448675821266474
2019-06-26,1.4424008106285178
2019-06-27,1.452253455766508
2019-06-28,1.4454485497312872
2019-07-01,1.4443336841553902
2019-07-02,1.4440073464524008
2019-07-03,1.4399302583840998
2019-07-04,1.445429354754279
2019-07-05,1.4470086687647548
2019-07-08,1.4457121014540761
2019-07-09,1.4362682598052552
2019-07-10,1.4386156838566964
2019-07-11,1.4431821258413475
2019-07-12,1.4410564278106388
2019-07-15,1.4408284077537958
2019-07-16,1.438366415356827
2019-07-17,1.4425832394780334
2019-07-18,1.443138883773835
2019-07-19,1.4466570002298582
2019-07-22,1.4477354692475735
2019-07-23,1.4465368642761973
2019-07-24,1.443926072987862
2019-07-25,1.451958135266332
2019-07-26,1.4504283389536716
2019-07-29,1.4460967236244582
2019-07-30,1.4480945517017176
2019-07-31,1.447686365803639
2019-08-01,1.4385289002109292
2019-08-02,1.4256438785942773
2019-08-05,1.4256265577636555
2019-08-06,1.4223737622891919
2019-08-07,1.4206304914822903
2019-08-08,1.4308801667866973
2019-08-12,1.4324137580896457
2019-08-13,1.4231416330316264
2019-08-14,1.3921514878253918
2019-08-15,1.3834589761235296
2019-08-16,1.3976094116151905
2019-08-19,1.4002025548744148
2019-08-20,1.3992168171019705
2019-08-21,1.3927150255053315
2019-08-22,1.3991714072689299
2019-08-23,1.4013618085372543
2019-08-26,1.385312958948365
2019-08-27,1.3895012215331484
2019-08-28,1.3899710578927362
2019-08-29,1.3942634742034028
2019-08-30,1.4168432497523145
2019-09-02,1.4148860806429322
2019-09-03,1.407643982811159
2019-09-04,1.4196196805395964
2019-09-05,1.4255747712809963
2019-09-06,1.431884066951616
2019-09-09,1.4406572349057007
2019-09-10,1.4506858432009826
2019-09-11,1.4500116847352897
2019-09-12,1.4470148946260735
2019-09-16,1.4515410996808877
2019-09-17,1.4556419790719917
2019-09-18,1.4654387103695665
2019-09-19,1.4620648442962614
2019-09-20,1.4640805253791567
2019-09-23,1.4562871387298562
2019-09-24,1.4543715979658447
2019-09-25,1.4479502498931225
2019-09-26,1.4419095411062344
2019-09-27,1.439552659053391
2019-10-01,1.452342691103321
2019-10-02,1.4494027051805305
2019-10-03,1.4373101144314588
2019-10-04,1.4434575042061921
2019-10-07,1.4424180801138389
2019-10-08,1.4481488728760636
2019-10-09,1.4393802822036057
2019-10-14,1.4538963198631656
2019-10-15,1.452946687918542
2019-10-16,1.4563264519244672
2019-10-17,1.4572946092758368
2019-10-18,1.4597216936472879
2019-10-21,1.4628820338984505
2019-10-22,1.4670744917501535
2019-10-23,1.458604410245235
2019-10-24,1.4681770383736963
2019-10-25,1.4706309443422425
2019-10-28,1.473806215779281
2019-10-29,1.4753564271388981
2019-10-30,1.4810922113470133
2019-10-31,1.4829164090175826
2019-11-01,1.483862391606974
2019-11-04,1.496179532551467
2019-11-05,1.502388443674092
2019-11-06,1.5082257875805976
2019-11-07,1.5068413772168987
2019-11-08,1.5097684252026196
2019-11-11,1.5029361363850036
2019-11-12,1.505603625084051
2019-11-13,1.493256145035045
2019-11-14,1.4873700786414688
2019-11-15,1.49281282536941
2019-11-18,1.5027980728408552
2019-11-19,1.5070687782020307
2019-11-20,1.5069051420420558
2019-11-21,1.4926800070591715
2019-11-22,1.498805981515849
2019-11-25,1.4989816896665742
2019-11-26,1.5047081223423895
2019-11-27,1.5110424393717297
2019-11-28,1.5064423494621593
2019-11-29,1.4947653226350628
2019-12-02,1.4960223148020815
2019-12-03,1.4960638733901626
2019-12-04,1.4968678536731466
2019-12-05,1.4947211473469548
2019-12-06,1.4943995943355846
2019-12-09,1.5007963192328089
2019-12-10,1.4956844008366246
2019-12-11,1.4959807501907911
2019-12-12,1.5057704176171236
2019-12-13,1.5117722059527674
2019-12-16,1.5082582759725096
2019-12-17,1.5233978046351853
2019-12-18,1.5319470747551192
2019-12-19,1.5272008833161308
2019-12-20,1.5229756725787102
2019-12-23,1.53142570237804
2019-12-24,1.5266803339484665
2019-12-25,1.5287272467806712
2019-12-26,1.5301469113800477
2019-12-27,1.532696591593988
2019-12-30,1.5283511509456607
2019-12-31,1.5184485906981207
2020-01-02,1.5230204697630279
2020-01-03,1.5281026512552711
2020-01-06,1.5167370730795273
2020-01-07,1.5140934021164805
2020-01-08,1.5060502791982027
2020-01-09,1.515699019971859
2020-01-10,1.521712672379041
2020-01-13,1.5371758493230003
2020-01-14,1.54300759710391
2020-01-15,1.5411457031494915
2020-01-16,1.5408648966872227
2020-01-17,1.5507710617092245
2020-01-20,1.5625662620867729
2020-01-30,1.498632467055265
2020-01-31,1.5023938070167873
2020-02-03,1.4942439672142716
2020-02-04,1.5051031176501963
2020-02-05,1.5134862891223468
2020-02-06,1.5290510182335908
2020-02-07,1.5221478168763167
2020-02-10,1.5227000217609088
2020-02-11,1.527076950349658
2020-02-12,1.5232984655583868
2020-02-13,1.529095906054339
2020-02-14,1.5347826235248228
2020-02-17,1.5361591772089684
2020-02-18,1.538534220754339
2020-02-19,1.551987871804124
2020-02-20,1.5435165739406504
2020-02-21,1.534300461437634
2020-02-24,1.5171412549888315
2020-02-25,1.5141084436904957
2020-02-26,1.503234202202405
2020-02-27,1.5031963468568614
2020-03-02,1.4783207507478677
2020-03-03,1.4907898049352823
2020-03-04,1.5009446892597988
2020-03-05,1.5122472712358592
2020-03-06,1.4909059466646537
2020-03-09,1.4609103921463469
2020-03-10,1.4611929890427628
2020-03-11,1.4587226329228649
2020-03-12,1.4100048519274244
2020-03-13,1.3730711109071876
2020-03-16,1.3202137479145153
2020-03-17,1.2885355258690459
2020-03-18,1.2730492268358726
2020-03-19,1.2075580206929206
2020-03-20,1.280584651360243
2020-03-23,1.2270803078635952
2020-03-24,1.2759157661787621
2020-03-25,1.323492943722657
2020-03-26,1.326962356515284
2020-03-27,1.3413614211466094
2020-03-30,1.3235130916891404
2020-03-31,1.3300319173626385
2020-04-01,1.313810666137827
2020-04-06,1.329985854430367
2020-04-07,1.3449606673018815
2020-04-08,1.351702547691127
2020-04-09,1.3571137164008884
2020-04-10,1.3771309632083817
2020-04-13,1.3658571631760852
2020-04-14,1.3982445831495067
2020-04-15,1.4164261851546622
2020-04-16,1.4027320081119579
2020-04-17,1.411948457236833
2020-04-20,1.407158263592729
2020-04-21,1.3686025333122571
2020-04-22,1.3654491734921692
2020-04-23,1.36315820860296
2020-04-24,1.3706755308920515
2020-04-27,1.3984076034334987
2020-04-28,1.4168341078954083
2020-04-29,1.4342608087294602
2020-04-30,1.4479153789977108
2020-05-04,1.4200576148330293
2020-05-05,1.4293550217713344
2020-05-06,1.4222209508879677
2020-05-07,1.426675921311157
2020-05-08,1.4344988054317465
2020-05-11,1.4503927287622493
2020-05-12,1.4409682404933013
2020-05-13,1.443542452786238
2020-05-14,1.4369300527681181
2020-05-15,1.4341641170041903
2020-05-18,1.4348421074534452
2020-05-19,1.446118919452183
2020-05-20,1.4453565119063203
2020-05-21,1.4516460786867558
2020-05-22,1.4348734523989342
2020-05-25,1.439248829613511
2020-05-26,1.4507644537267246
2020-05-27,1.4549127296945579
2020-05-28,1.452467415046562
2020-05-29,1.4598366023810176
2020-06-01,1.4711599353715992
2020-06-02,1.4836883161896264
2020-06-03,1.5012041425771148
2020-06-04,1.5047116786909671
2020-06-05,1.5054200833162992
2020-06-08,1.5138199287934735
2020-06-09,1.5128128557484803
2020-06-10,1.5221930956486214
2020-06-11,1.498092205177207
2020-06-12,1.4872699776308311
2020-06-15,1.4738763546509752
2020-06-16,1.49283316703176
2020-06-17,1.494618141136029
2020-06-18,1.4846446116286856
2020-06-19,1.4796231655140766
2020-06-22,1.4850727295876744
2020-06-23,1.4883275074964049
2020-06-24,1.490424168064517
2020-06-29,1.484740160211035
2020-06-30,1.4923527928056268
2020-07-01,1.5009232701566617
2020-07-02,1.511017668501703
2020-07-03,1.51366658368937
2020-07-06,1.532222200030361
2020-07-07,1.5288738149443757
2020-07-08,1.5291065478168828
2020-07-09,1.526110452327346
2020-07-10,1.520630436816517
2020-07-13,1.525282866047513
2020-07-14,1.518944509522704
2020-07-15,1.5258768269090914
2020-07-16,1.5197360089857153
2020-07-17,1.52392525257388
2020-07-20,1.5216576341904084
2020-07-21,1.5273015698050443
2020-07-22,1.5330967044341701
2020-07-23,1.5288393425385551
2020-07-24,1.5179364201015306
2020-07-27,1.518171537727748
2020-07-28,1.5265236906930715
2020-07-29,1.534872378850345
2020-07-30,1.5492044451355724
2020-07-31,1.5436059127380968
2020-08-03,1.5277458175941772
2020-08-04,1.5341074363370246
2020-08-05,1.5452673600988769
2020-08-06,1.559106379081438
2020-08-07,1.535629988087563
2020-08-10,1.5420715345472689
2020-08-11,1.5345603033174378
2020-08-12,1.4977076330036683
2020-08-13,1.484551592985375
2020-08-14,1.4761550153035232
2020-08-17,1.4818014241353583
2020-08-18,1.4851726114106816
2020-08-19,1.4787195207697437
2020-08-20,1.4489612358512747
2020-08-21,1.4685900513062855
2020-08-24,1.457112957357589
2020-08-25,1.4592249847580168
2020-08-26,1.461105500501206
2020-08-27,1.4530359044021066
2020-08-28,1.4562183375870608
2020-08-31,1.4402074632224406
2020-09-01,1.4411967216748998
2020-09-02,1.4352019406067154
2020-09-03,1.4338282087670617
2020-09-04,1.4225384176684823
2020-09-07,1.4300297544223288
2020-09-08,1.4374505489770317
2020-09-09,1.4318884685307147
2020-09-10,1.4381091996403899
2020-09-11,1.4406525587633927
2020-09-14,1.4419624475549568
2020-09-15,1.4438003504285302
2020-09-16,1.4527028366302956
2020-09-17,1.4409180575358778
2020-09-18,1.4458383078249224
2020-09-21,1.4334310432058615
2020-09-22,1.4170697437939912
2020-09-23,1.4086409348924156
2020-09-24,1.376633981598428
2020-09-25,1.3898210074823434
2020-09-28,1.417727933890655
2020-09-29,1.4168618193333777
2020-09-30,1.4111693588085807
2020-10-05,1.4183567829500123
2020-10-06,1.433034612482152
2020-10-07,1.4295228911583575
2020-10-08,1.4325936342400798
2020-10-12,1.4350621929696288
2020-10-13,1.4268541074498071
2020-10-14,1.422054989480573
2020-10-15,1.4115130697575369
2020-10-16,1.4066609868837454
2020-10-19,1.4106789862962987
2020-10-20,1.4084102771850628
2020-10-21,1.4057071783111745
2020-10-22,1.4143639079117905
2020-10-23,1.4102383911773493
2020-10-26,1.416893469616722
2020-10-27,1.4128000193647379
2020-10-28,1.4108129119254822
2020-10-29,1.396291617121473
2020-10-30,1.3891309265823202
2020-11-02,1.407905490459671
2020-11-03,1.4178634819600173
2020-11-04,1.4186687888727254
2020-11-05,1.4268339669979768
2020-11-06,1.4353607463173224
2020-11-09,1.4482266456301645
2020-11-10,1.457929229744014
2020-11-11,1.4813855511875422
2020-11-12,1.4608473115363712
2020-11-13,1.4676294590633356
2020-11-16,1.4872653573331498
2020-11-17,1.4895308050107534
2020-11-18,1.4976174052085627
2020-11-19,1.4913273913974716
2020-11-20,1.4822989384706842
2020-11-23,1.488967477189358
2020-11-24,1.4776750855706617
2020-11-25,1.4779649903347216
2020-11-26,1.4847492902553958
2020-11-27,1.4776129680830428
2020-11-30,1.473466637729374
2020-12-01,1.4749151085291201
2020-12-02,1.4750315667582516
2020-12-03,1.471239159170929
2020-12-04,1.4834196267463668
2020-12-07,1.4817259377771448
2020-12-08,1.4672253699628361
2020-12-09,1.4593653337500303
2020-12-10,1.4584466051889007
2020-12-11,1.4667353460841472
2020-12-14,1.4616895539356112
2020-12-15,1.4545170270676229
2020-12-16,1.471026956083695
2020-12-17,1.4671740620100215
2020-12-18,1.462278609290795
2020-12-21,1.473255664681383
2020-12-22,1.4637133823494144
2020-12-23,1.4606215678926868
2020-12-24,1.4630965367631232
2020-12-25,1.468340288140713
2020-12-28,1.4740046905998792
2020-12-29,1.4753376884529774
2020-12-30,1.499850513599311
2020-12-31,1.4978074926410625
2021-01-04,1.4952819154006471
2021-01-05,1.5013214855516863
2021-01-06,1.492981187565978
2021-01-07,1.505324527923573
2021-01-08,1.5233325174920618
2021-01-11,1.5272078057605403
2021-01-12,1.5128356732473232
2021-01-13,1.5239109346595021
2021-01-14,1.5219065261613056
2021-01-15,1.5116731110487445
2021-01-18,1.5046704892716978
2021-01-19,1.5113848330964412
2021-01-20,1.4916835354296107
2021-01-21,1.5035473061082996
2021-01-22,1.4846706139744326
2021-01-25,1.4895565738135434
2021-01-26,1.476673700728028
2021-01-27,1.4750612672847179
2021-01-28,1.465225660761206
2021-01-29,1.4469208367027948
2021-02-01,1.4599538684018152
2021-02-02,1.47180319371026
2021-02-03,1.4792565620684668
2021-02-04,1.4754517979128656
2021-02-05,1.484048531490567
2021-02-17,1.5111079004685077
2021-02-18,1.512178706274982
2021-02-19,1.510621222604066
2021-02-22,1.5084577497316407
2021-02-23,1.5239792983676412
2021-02-24,1.5203775947801765
2021-02-25,1.5367136041936782
2021-02-26,1.5088133158547932
2021-03-02,1.515973746301832
2021-03-03,1.5309023783186246
2021-03-04,1.5189682022649853
2021-03-05,1.5189377916236622
2021-03-08,1.5183239893297453
2021-03-09,1.5362693214451413
2021-03-10,1.541412720045091
2021-03-11,1.548075397979454
2021-03-12,1.5530828487332127
2021-03-15,1.5549635989112482
2021-03-16,1.5667606912590193
2021-03-17,1.5567003434329532
2021-03-18,1.558874008139128
2021-03-19,1.5436585515145476
2021-03-22,1.5472832903513647
2021-03-23,1.5506969589066366
2021-03-24,1.54833382597277
2021-03-25,1.556060309829366
2021-03-26,1.5636322729046732
2021-03-29,1.5746192924279023
2021-03-30,1.5800558719775548
2021-03-31,1.5788906306821322
2021-04-01,1.5770251028677575
2021-04-06,1.5846507347152592
2021-04-07,1.5882352110137443
2021-04-08,1.5820439051974737
2021-04-09,1.5795226884687499
2021-04-12,1.5811278987405373
2021-04-13,1.5879985069085707
2021-04-14,1.593565989483592
2021-04-15,1.606341334575358
2021-04-16,1.613098473773304
2021-04-19,1.6286198962959113
2021-04-20,1.630675106854098
2021-04-21,1.620112399944849
2021-04-22,1.622682457362769
2021-04-23,1.6231126948057484
2021-04-26,1.6401307891102932
2021-04-27,1.6332310425263583
2021-04-28,1.628745510091646
2021-04-29,1.6249782159003863
2021-05-03,1.6041554342528952
2021-05-04,1.5924556292356742
2021-05-05,1.5898169867468201
2021-05-06,1.607531180670127
2021-05-07,1.619952700217499
2021-05-10,1.6315976046895924
2021-05-11,1.5972839787631234
2021-05-12,1.5423305624991477
2021-05-13,1.5317168756697812
2021-05-14,1.5536229267732737
2021-05-17,1.5172324664301249
2021-05-18,1.5644948965343095
2021-05-19,1.5544555787200034
2021-05-20,1.5492299350240577
2021-05-21,1.5665502430682916
2021-05-24,1.5588323685168646
2021-05-25,1.5705865543370885
2021-05-26,1.576249082862207
2021-05-27,1.5762265089275185
2021-05-28,1.588887593608438
2021-05-31,1.597745071042768
2021-06-01,1.6026131969492543
2021-06-02,1.6092461603548776
2021-06-03,1.6083643838699717
2021-06-04,1.6040202481865569
2021-06-07,1.6010959693842897
2021-06-08,1.6052139645625831
2021-06-09,1.5969926378342802
2021-06-10,1.608388576123399
2021-06-11,1.6103305662876475
2021-06-15,1.6126029902802799
2021-06-16,1.6160043802298498
2021-06-17,1.6112369603682435
2021-06-18,1.5977605996908741
2021-06-21,1.5938196409034198
2021-06-22,1.597018066029931
2021-06-23,1.6076170560914194
2021-06-24,1.6069479830745874
2021-06-25,1.6160546966196752
2021-06-28,1.6218070712204589
2021-06-29,1.6169605606734805
2021-06-30,1.623719115603477
2021-07-01,1.615863545200092
2021-07-02,1.6134369523384384
2021-07-05,1.6253718314465773
2021-07-06,1.6305753515989465
2021-07-07,1.6277249428390168
2021-07-08,1.6272759386925006
2021-07-09,1.629927481103035
2021-07-12,1.6331837737991988
2021-07-13,1.6489084184047453
2021-07-14,1.6461083123840115
2021-07-15,1.6522044114610823
2021-07-16,1.6541966105353945
2021-07-19,1.6568743990936259
2021-07-20,1.6449678761893416
2021-07-21,1.6502797049118785
2021-07-22,1.6707836892442565
2021-07-23,1.6652228521642254
2021-07-26,1.6554326245257567
2021-07-27,1.6580553991285025
2021-07-28,1.6500241634347668
2021-07-29,1.6616458055340164
2021-07-30,1.6509509886589966
2021-08-02,1.6695488105895622
2021-08-03,1.6712439065373526
2021-08-04,1.676346752426699
2021-08-05,1.6858594169901673
2021-08-06,1.6843707279265423
2021-08-09,1.6860085921486558
2021-08-10,1.6789492095026237
2021-08-11,1.6874801028227893
2021-08-12,1.6867527874743673
2021-08-13,1.677191708125934
2021-08-16,1.6695115627071382
2021-08-17,1.676314392570662
2021-08-18,1.6777153194372734
2021-08-19,1.6536244146133356
2021-08-20,1.655958690071709
2021-08-23,1.6557291840318036
2021-08-24,1.6760806290536774
2021-08-25,1.6833384377136162
2021-08-26,1.6893469603737916
2021-08-27,1.7222294229266162
2021-08-30,1.741130028548852
2021-08-31,1.756310566170799
2021-09-01,1.7367924333458258
2021-09-02,1.7370175243830737
2021-09-03,1.7595850364803183
2021-09-06,1.7608819001047218
2021-09-07,1.7565737509670922
2021-09-08,1.7545550101569212
2021-09-09,1.7463557341426914
2021-09-10,1.7598154945957922
2021-09-13,1.765273201213073
2021-09-14,1.7712240057642232
2021-09-15,1.7668064387061768
2021-09-16,1.7325362370634527
2021-09-17,1.7300462760731885
2021-09-22,1.7016774186279089
2021-09-23,1.722429145599101
2021-09-24,1.7327064051299659
2021-09-27,1.733279799865168
2021-09-28,1.725366735756659
2021-09-29,1.7126742827601584
2021-09-30,1.7174891461572661
2021-10-01,1.701086193108117
2021-10-04,1.6964051632851096
2021-10-05,1.6903605700762832
2021-10-06,1.6967734738899218
2021-10-07,1.7083466184048326
2021-10-08,1.6971345940043787
2021-10-12,1.6912774088929536
2021-10-13,1.6899056139984618
2021-10-14,1.6863661344116063
2021-10-15,1.7036772047576338
2021-10-18,1.707857126041438
2021-10-19,1.7072456265389908
2021-10-20,1.7124160119990044
2021-10-21,1.710274000129812
2021-10-22,1.709818307259968
2021-10-25,1.712156668299906
2021-10-26,1.7228424049356392
2021-10-27,1.713929225052924
2021-10-28,1.7156931945550506
2021-10-29,1.7094597838726382
2021-11-01,1.7121420531401466
2021-11-02,1.7168103843416147
2021-11-03,1.7150070565455318
2021-11-04,1.7089133159661876
2021-11-05,1.717230079046711
2021-11-08,1.7235503005227413
2021-11-09,1.7303741501716796
2021-11-10,1.7396811020101706
2021-11-11,1.7332324862575665
2021-11-12,1.7486383725777546
2021-11-15,1.759820088904748
2021-11-16,1.7648225920069793
2021-11-17,1.775268786237125
2021-11-18,1.7842183626878787
2021-11-19,1.7676531150076102
2021-11-22,1.761899637840118
2021-11-23,1.7513836065125614
2021-11-24,1.7528340426080284
2021-11-25,1.758428294705387
2021-11-26,1.7343514072956814
2021-11-29,1.7294758679877091
2021-11-30,1.7255283461721997
2021-12-01,1.7477016323437915
2021-12-02,1.754410479811345
2021-12-03,1.756342672957326
2021-12-06,1.762792636260808
2021-12-07,1.7736998476310737
2021-12-08,1.783179263841482
2021-12-09,1.7938251151522928
2021-12-10,1.7939180373898513
2021-12-13,1.7905441686569568
2021-12-14,1.7789243456673784
2021-12-15,1.774784723730618
2021-12-16,1.7868733360798117
2021-12-17,1.7980769218481563
2021-12-20,1.7849943085160405
2021-12-21,1.793903281864918
2021-12-22,1.7919010097098191
2021-12-23,1.7962321033795434
2021-12-24,1.7986958872161956
2021-12-27,1.8020949159878352
2021-12-28,1.815695916911755
2021-12-29,1.8242811361420572
2021-12-30,1.8204103601380675
2022-01-03,1.8157114986484244
2022-01-04,1.8249971886451097
2022-01-05,1.8305024870989648
2022-01-06,1.8368122980152446
2022-01-07,1.8459652912119577
2022-01-10,1.8636050220295743
2022-01-11,1.8891323683652663
2022-01-12,1.8995510260036572
2022-01-13,1.918598050551929
2022-01-14,1.9077196723642493
2022-01-17,1.9021007248390724
2022-01-18,1.9027536168709531
2022-01-19,1.8942549807678473
2022-01-20,1.890972949366175
2022-01-21,1.8608776318207079
2022-01-24,1.860380495290515
2022-01-25,1.8494311985621292
2022-01-26,1.8569326771619517
2022-02-07,1.8908758630618878
2022-02-08,1.9242264321585552
2022-02-09,1.9353031194708543
2022-02-10,1.941947440594288
2022-02-11,1.9424882652728177
2022-02-14,1.9229316349208754
2022-02-15,1.914981420820654
2022-02-16,1.9271135714936023
2022-02-17,1.9351120958866819
2022-02-18,1.9257889669094903
2022-02-21,1.924824510570231
2022-02-22,1.9079087935399621
2022-02-23,1.9166249020422
2022-02-24,1.8857068723005506
2022-02-25,1.8757727879169361
2022-03-01,1.9011827286214797
2022-03-02,1.912488042012404
2022-03-03,1.9101513287695444
2022-03-04,1.9026593925175788
2022-03-07,1.861669193889353
2022-03-08,1.8420939616985974
2022-03-09,1.8471349534432975
2022-03-10,1.8864387977534802
2022-03-11,1.8761072082687198
2022-03-14,1.884481273958315
2022-03-15,1.8856000002746602
2022-03-16,1.9097892062584552
2022-03-17,1.9270585754942056
2022-03-18,1.943687175245712
2022-03-21,1.9441892859729273
2022-03-22,1.9479261237132786
2022-03-23,1.9738102035889329
2022-03-24,1.9791371123339183
2022-03-25,1.9786671686742
2022-03-28,1.9715231391162582
2022-03-29,1.9633580242965303
2022-03-30,1.9896231518224603
2022-03-31,2.0114687739354724
2022-04-01,2.0125435218906658
2022-04-06,2.0586273607970145
2022-04-07,2.0271448475067957
2022-04-08,2.052360747252609
2022-04-11,2.0542651512582712
2022-04-12,2.042602732796733
2022-04-13,2.055094240686128
2022-04-14,2.0157406818910544
2022-04-15,2.001118203759363
2022-04-18,1.9703858078108014
2022-04-19,1.9698684307280074
2022-04-20,1.9935069151551186
2022-04-21,1.9727114044593284
2022-04-22,1.9852850142221405
2022-04-25,1.9566462573866024
2022-04-26,1.9895734565580847
2022-04-27,1.963466419105021
2022-04-28,1.9647172705007927
2022-04-29,1.9811066145536993
2022-05-03,1.9544722271660813
2022-05-04,1.9419473056576608
2022-05-05,1.9350748105865654
2022-05-06,1.915684219873188
2022-05-09,1.8692696255143075
2022-05-10,1.8745817751933767
2022-05-11,1.8767363105536712
2022-05-12,1.8371193189979749
2022-05-13,1.8464503331060986
2022-05-16,1.8508811208551756
2022-05-17,1.8564182232138877
2022-05-18,1.9113925599609716
2022-05-19,1.8811533720795657
2022-05-20,1.900528195398766
2022-05-23,1.900579184685052
2022-05-24,1.9011039164126424
2022-05-25,1.9140942721377017
2022-05-26,1.9179321865755403
2022-05-27,1.934417350511299
2022-05-30,1.9571041117428967
2022-05-31,1.9576815403070607
2022-06-01,1.9327047110646463
2022-06-02,1.922924239141213
2022-06-06,1.9274922572860895
2022-06-07,1.9184941773966357
2022-06-08,1.930286191612007
2022-06-09,1.9251718009377765
2022-06-10,1.9094925214171818
2022-06-13,1.89024283011599
2022-06-14,1.8973969514722975
2022-06-15,1.9020501852721987
2022-06-16,1.8953948497854867
2022-06-17,1.8777565290026241
2022-06-20,1.855404949958777
2022-06-21,1.9051672393321952
2022-06-22,1.886708740952875
2022-06-23,1.8924240878555196
2022-06-24,1.9128729581463257
2022-06-27,1.913413088228279
2022-06-28,1.9170759868390566
2022-06-29,1.9074708792114692
2022-06-30,1.8696613947926792
2022-07-01,1.858417356273585
2022-07-04,1.8694534027753595
2022-07-05,1.873641753788393
2022-07-06,1.84813263434862
2022-07-07,1.853084480525029
2022-07-08,1.8443114428785132
2022-07-11,1.8201938322448805
2022-07-12,1.7845719083695637
2022-07-13,1.8344659349743375
2022-07-14,1.8220664770755526
2022-07-15,1.7989010224049868
2022-07-18,1.8052820380460826
2022-07-19,1.8009038145131027
2022-07-20,1.797897269937286
2022-07-21,1.8215346214877988
2022-07-22,1.8297204915656953
2022-07-25,1.8378117408175747
2022-07-26,1.8362932408865777
2022-07-27,1.8675568118163544
2022-07-28,1.8811805175413985
2022-07-29,1.8810222298011254
2022-08-01,1.8857655406201115
2022-08-02,1.8808151855012627
2022-08-03,1.8780882861763053
2022-08-04,1.8790935194611746
2022-08-05,1.8976620613186073
2022-08-08,1.90862046811088
2022-08-09,1.92994373801406
2022-08-10,1.9431745296555394
2022-08-11,1.9320199142729042
2022-08-12,1.9325746057494957
2022-08-15,1.9322299538098844
2022-08-16,1.9271734238180855
2022-08-17,1.9298932520394914
2022-08-18,1.928737564482729
2022-08-19,1.9193808862315327
2022-08-22,1.915537724436323
2022-08-23,1.890747258630687
2022-08-24,1.8910225453901741
2022-08-25,1.908187753362497
2022-08-26,1.9171351245453245
2022-08-29,1.898347809946958
2022-08-30,1.8991191180644265
2022-08-31,1.912339951513323
2022-09-01,1.8771453702349459
2022-09-02,1.8685446426978478
2022-09-05,1.8792208407662727
2022-09-06,1.8844090791980506
2022-09-07,1.8633342947353777
2022-09-08,1.8725592402510596
2022-09-12,1.8920160285631704
2022-09-13,1.8802750550145628
2022-09-14,1.859784253149872
2022-09-15,1.8592657754809445
2022-09-16,1.853002737015918
2022-09-19,1.8452801241319277
2022-09-20,1.848147518420904
2022-09-21,1.842346082339267
2022-09-22,1.8118927159296139
2022-09-23,1.8135932869622968
2022-09-26,1.7962372926366152
2022-09-27,1.7997489568933303
2022-09-28,1.7946992091057425
2022-09-29,1.7938991513963176
2022-09-30,1.790575050161469
2022-10-03,1.7876746644966661
2022-10-04,1.793771361904607
2022-10-05,1.7993929056037838
2022-10-06,1.8010797447443303
2022-10-07,1.7970556759663898
2022-10-11,1.7845794449300219
2022-10-12,1.783391598974263
2022-10-13,1.780528450009609
2022-10-14,1.7873998034211944
2022-10-17,1.7829299016777969
2022-10-18,1.7856799037034368
2022-10-19,1.782483438897036
2022-10-20,1.7811659135113078
2022-10-21,1.7804438129856655
2022-10-24,1.7797198156980814
2022-10-25,1.775122418517136
2022-10-26,1.7773371855350246
2022-10-27,1.7807548683016399
2022-10-28,1.7777407335660362
2022-10-31,1.7809101456761762
2022-11-01,1.78223581107487
2022-11-02,1.7831953211116447
2022-11-03,1.7800877149674286
2022-11-04,1.7804503745961189
2022-11-07,1.7845551162102389
2022-11-08,1.787053279907932
2022-11-09,1.793891223188337
2022-11-10,1.7915899746917188
2022-11-11,1.8043527365707601
2022-11-14,1.8065718456376316
2022-11-15,1.8169195524166992
2022-11-16,1.8164948487803452
2022-11-17,1.8166011852876436
2022-11-18,1.8159634074002333
2022-11-21,1.8151111032979093
2022-11-22,1.8171414840466875
2022-11-23,1.8245264755200348
2022-11-24,1.84340160893946
2022-11-25,1.8519395292378835
2022-11-28,1.8350326122695992
2022-11-29,1.8575179527873131
2022-11-30,1.8749753289926412
2022-12-01,1.8704423101900851
2022-12-02,1.8556240244285498
2022-12-05,1.8518816956447588
2022-12-06,1.8381358933711875
2022-12-07,1.8538867726208406
2022-12-08,1.851847824755513
2022-12-09,1.8590267339590394
2022-12-12,1.8635831156057356
2022-12-13,1.8422524054333667
2022-12-14,1.8638482956864222
2022-12-15,1.8628989962183462
2022-12-16,1.8446931308650512
2022-12-19,1.8460235198749273
2022-12-20,1.8416735683295573
2022-12-21,1.8426438907391298
2022-12-22,1.8554384694755959
2022-12-23,1.8422610312098087
2022-12-26,1.8431204880513605
2022-12-27,1.84419144055154
2022-12-28,1.8407777643303798
2022-12-29,1.8396974771666366
2022-12-30,1.8412158935132668
2023-01-03,1.8424023350616536
2023-01-04,1.8434746211391428
2023-01-05,1.8568108166167625
2023-01-06,1.8607628985274893
2023-01-09,1.904823149112963
2023-01-10,1.908588550893568
2023-01-11,1.8871305373843357
2023-01-12,1.8790835610323962
2023-01-13,1.8887225273915436
2023-01-16,1.9096630978832674
2023-01-17,1.9050830810108432
2023-01-30,1.9386068643621845
2023-01-31,1.8971678301930623
2023-02-01,1.9173555293860332
2023-02-02,1.929027953931702
2023-02-03,1.921557982486725
2023-02-06,1.903775064524176
2023-02-07,1.9092915292400898
2023-02-08,1.9106584965754294
2023-02-09,1.9102094240292662
2023-02-10,1.9283601663444156
2023-02-13,1.9533628951584827
2023-02-14,1.9631892642210944
2023-02-15,1.9474597401953428
2023-02-16,1.9519860467923131
2023-02-17,1.9527770462990255
2023-02-20,1.9741767534405807
2023-02-21,1.9594209144386199
2023-02-22,1.9627723702420627
2023-02-23,1.9664934256622508
2023-02-24,1.9513071141210183
2023-03-01,1.9584621286395705
2023-03-02,1.9422024879891961
2023-03-03,1.941894550970338
2023-03-06,1.9541195075661575
2023-03-07,1.9644922039427424
2023-03-08,1.9669627320398777
2023-03-09,1.955581049812009
2023-03-10,1.9350351226272766
2023-03-13,1.9337237026585616
2023-03-14,1.9116413192993245
2023-03-15,1.9079586249356624
2023-03-16,1.8945715482431722
2023-03-17,1.9014845160121951
2023-03-20,1.9077955438462117
2023-03-21,1.9161084204686922
2023-03-22,1.9443322533316036
2023-03-23,1.9636419279386899
2023-03-24,1.96790537957735
2023-03-27,1.965066971706394
2023-03-28,1.9574155075041104
2023-03-29,1.9626039328046632
2023-03-30,1.9590785524916292
2023-03-31,1.9683529721468376
2023-04-06,1.9719865042554174
2023-04-07,1.965967336598689
2023-04-10,1.9765885924708295
2023-04-11,1.9856986108973216
2023-04-12,1.983965185627681
2023-04-13,1.9896153780843286
2023-04-14,2.001827498834059
2023-04-17,1.9998843985417212
2023-04-18,2.0217367745743036
2023-04-19,2.012769448822642
2023-04-20,2.0049724136216374
2023-04-21,2.010083294557064
2023-04-24,2.012901457751949
2023-04-25,2.0042854385118773
2023-04-26,2.01090015989026
2023-04-27,2.0032089749506166
2023-04-28,2.0129181479650193
2023-05-02,2.0129685848271692
2023-05-03,2.0134246619370577
2023-05-04,2.025471086316402
2023-05-05,2.024523089681421
2023-05-08,2.029036561214701
2023-05-09,2.0345670332265424
2023-05-10,2.0409715706345217
2023-05-11,2.0385189062553746
2023-05-12,2.0198608047116844
2023-05-15,2.02761272370987
2023-05-16,2.053385378195679
2023-05-17,2.079181064379013
2023-05-18,2.0943561293141992
2023-05-19,2.099946866931117
2023-05-22,2.1020190730243633
2023-05-23,2.101513830712423
2023-05-24,2.0924756580965207
2023-05-26,2.103829357612959
2023-05-29,2.105659721166161
2023-05-30,2.1062524964406824
2023-05-31,2.0914039361729864
2023-06-01,2.0917780711384664
2023-06-02,2.1067689309201287
2023-06-05,2.1219178251989312
2023-06-06,2.1202020446148877
2023-06-07,2.1388566310686588
2023-06-08,2.1452983291499117
2023-06-09,2.15561641522461
2023-06-12,2.1544340706535485
2023-06-13,2.1688721783239124
2023-06-14,2.159315078334115
2023-06-15,2.1597224586122747
2023-06-16,2.1350513316294712
2023-06-19,2.148941571311486
2023-06-20,2.1529400397307814
2023-06-21,2.1602954067995332
2023-06-26,2.154102042834369
2023-06-27,2.147652917179643
2023-06-28,2.1586691069766677
2023-06-29,2.1758424893230304
2023-06-30,2.1636734372370725
2023-07-03,2.1679735394648767
2023-07-04,2.172585737887612
2023-07-05,2.151557951226624
2023-07-06,2.1121420900598897
2023-07-07,2.1048922042942917
2023-07-10,2.0934090002588066
2023-07-11,2.1297809709875555
2023-07-12,2.1467437866511925
2023-07-13,2.1452316029894987
2023-07-14,2.181135469080539
2023-07-17,2.181346820645102
2023-07-18,2.187872474988356
2023-07-19,2.1702323036024636
2023-07-20,2.1905902079278197
2023-07-21,2.1835012254623525
2023-07-24,2.169834604134356
2023-07-25,2.182999255361585
2023-07-26,2.2042379727349672
2023-07-27,2.2236255874000777
2023-07-28,2.2216103840560217
2023-07-31,2.2261169007564687
2023-08-01,2.241740093448463
2023-08-02,2.198324073857327
2023-08-04,2.2006231327517907
2023-08-07,2.2154250946111453
2023-08-08,2.2039280249030466
2023-08-09,2.1987131341298167
2023-08-10,2.1461677774392354
2023-08-11,2.12753960361581
2023-08-14,2.0965174753605402
2023-08-15,2.0787465632647106
2023-08-16,2.0485533825793283
2023-08-17,2.0366392757954066
2023-08-18,2.0393971749452104
2023-08-21,2.0359720896260645
2023-08-22,2.0301656646398913
2023-08-23,2.02902904795079
2023-08-24,2.0508878057796136
2023-08-25,2.033798350755822
2023-08-28,2.055705131324162
2023-08-29,2.0693422016388126
2023-08-30,2.0705235118741805
2023-08-31,2.0685977579880115
2023-09-01,2.069028366470132
2023-09-04,2.070855925666999
2023-09-05,2.0622301245721033
2023-09-06,2.045130111868357
2023-09-07,2.052197735665472
2023-09-08,2.05854815945533
2023-09-11,2.0631013046902336
2023-09-12,2.0801840551184365
2023-09-13,2.0825388128483397
2023-09-14,2.1197386330835886
2023-09-15,2.1204388446712628
2023-09-18,2.1239896142218595
2023-09-19,2.120007732311817
2023-09-20,2.118584615558505
2023-09-21,2.089551484204986
2023-09-22,2.1024232984431603
2023-09-25,2.113693317993398
2023-09-26,2.100356988973918
2023-09-27,2.094616172310164
2023-09-28,2.0974648162130234
2023-10-02,2.0987243533736186
2023-10-03,2.0962776668361305
2023-10-04,2.060712237972671
2023-10-05,2.08780917270036
2023-10-06,2.0961918962526767
2023-10-11,2.142176367570457
2023-10-12,2.1612460430238323
2023-10-13,2.1410005471619846
2023-10-16,2.1529135268668917
2023-10-17,2.149113163227942
2023-10-18,2.1469530848410896
2023-10-19,2.128230667170999
2023-10-20,2.099350446448264
2023-10-23,2.08333645716227
2023-10-24,2.087208696376944
2023-10-25,2.0763026643685927
2023-10-26,2.0545891295778462
2023-10-27,2.0766708060900116
2023-10-30,2.0610852726404407
2023-10-31,2.0660404787285254
2023-11-01,2.072505929011183
2023-11-02,2.1106162008464553
2023-11-03,2.1281521896999602
2023-11-06,2.1419478111304695
2023-11-07,2.142029879018456
2023-11-08,2.144759169036736
2023-11-09,2.1411258688767414
2023-11-10,2.137894770949102
2023-11-13,2.144430997111296
2023-11-14,2.148699145671028
2023-11-15,2.176028711446993
2023-11-16,2.183442520875987
2023-11-17,2.1856901765719905
2023-11-20,2.186324670413836
2023-11-21,2.2140758896141213
2023-11-22,2.206843784641004
2023-11-23,2.203469189747577
2023-11-24,2.203273490312785
2023-11-27,2.202068362728998
2023-11-28,2.214559935149275
2023-11-29,2.204036756783408
2023-11-30,2.2201223495171574
2023-12-01,2.192638507620932
2023-12-04,2.201538817569196
2023-12-05,2.202072331197244
2023-12-06,2.2203491856767523
2023-12-07,2.2017372037718737
2023-12-08,2.21020799995063
2023-12-11,2.2012617233283978
2023-12-12,2.210121633698255
2023-12-13,2.1990614171854235
2023-12-14,2.2250620726013173
2023-12-15,2.2145725275644605
2023-12-18,2.2111989657356976
2023-12-19,2.208370689015497
2023-12-20,2.1883627154360057
2023-12-21,2.1725442194117073
2023-12-22,2.1745740668498716
2023-12-25,2.1872019419026283
2023-12-26,2.19896462439288
2023-12-27,2.210518034951034
2023-12-28,2.223175283833459
2023-12-29,2.2196699000308717
2024-01-02,2.2220400581641724
2024-01-03,2.1894453263485048
2024-01-04,2.191556085729883
2024-01-05,2.1964756461225594
2024-01-08,2.2142969898229756
2024-01-09,2.2068340180099737
2024-01-10,2.2009581539264436
2024-01-11,2.2033362418921745
2024-01-12,2.195156377842535
2024-01-15,2.190221710277438
2024-01-16,2.1627476589372074
2024-01-17,2.112099427964262
2024-01-18,2.1267401648491333
2024-01-19,2.1437660423680764
2024-01-22,2.149858013441121
2024-01-23,2.1490313386467292
2024-01-24,2.1533511187085295
2024-01-25,2.156405229387153
2024-01-26,2.175213201054677
2024-01-29,2.179942956503912
2024-01-30,2.1592946489017306
2024-01-31,2.15283376178318
2024-02-01,2.170330325365435
2024-02-02,2.1736838010894868
2024-02-05,2.163900344735715
2024-02-15,2.1807502321467744
2024-02-16,2.182803917898224
2024-02-19,2.201163623697701
2024-02-20,2.208348210186635
2024-02-21,2.2001716705752323
2024-02-22,2.2036973359734
2024-02-23,2.199587476297894
2024-02-26,2.1927861949781353
2024-02-27,2.194250766110278
2024-02-29,2.2111254224169166
2024-03-01,2.2021825781676525
2024-03-04,2.213382347815055
2024-03-05,2.2178000070764003
2024-03-06,2.2326003055942465
2024-03-07,2.236280117252074
2024-03-08,2.258330923211674
2024-03-11,2.254857456466517
2024-03-12,2.2625357451408963
2024-03-13,2.275679664048473
2024-03-14,2.3074166923076356
2024-03-15,2.304254637917871
2024-03-18,2.300006449491214
2024-03-19,2.284799625317008
2024-03-20,2.274001826116414
2024-03-21,2.3083576784136146
2024-03-22,2.2979085461267013
2024-03-25,2.296502839672441
2024-03-26,2.3161779276739356
2024-03-27,2.31627843505674
2024-03-28,2.3031581770873357
2024-03-29,2.320394154466081
2024-04-01,2.3251520602788562
2024-04-02,2.3220071428572266
2024-04-03,2.291976867280067
2024-04-08,2.310745602494433
2024-04-09,2.3282104378457915
2024-04-10,2.329460868171244
2024-04-11,2.3215215475597497
2024-04-12,2.3099374852457393
2024-04-15,2.3023850852780883
2024-04-16,2.2579896690209194
2024-04-17,2.2593955620276387
2024-04-18,2.2731337329438595
2024-04-19,2.231125217329358
2024-04-22,2.2697840072286612
2024-04-23,2.286667473792729
2024-04-24,2.2800308998925454
2024-04-25,2.2539528723611206
2024-04-26,2.2621429068674574
2024-04-29,2.3168504246586337
2024-04-30,2.3145631867228293
2024-05-02,2.322922006300167
2024-05-03,2.3271757991501043
2024-05-06,2.3865503512712984
2024-05-07,2.3872309203179793
2024-05-08,2.394214841891943
2024-05-09,2.3705964809999167
2024-05-10,2.405260029393023
2024-05-13,2.4100646773582723
2024-05-14,2.392419043714514
2024-05-15,2.4048904270082314
2024-05-16,2.4107113047516635
2024-05-17,2.411083528909067
2024-05-20,2.4175115643713054
2024-05-21,2.4019013335141
2024-05-22,2.408040881422789
2024-05-23,2.400257244025133
2024-05-24,2.398760967819275
2024-05-27,2.39904663498619
2024-05-28,2.3987011755989847
2024-05-29,2.361111148802804
2024-05-30,2.344332067957149
2024-05-31,2.3516028544353302
2024-06-03,2.359466326713218
2024-06-04,2.3428626552330623
2024-06-05,2.350598149348021
2024-06-06,2.3717775892479853
2024-06-07,2.3805842925461587
2024-06-11,2.374940831385864
2024-06-12,2.3817414952851688
2024-06-13,2.395767848593441
2024-06-14,2.4116980002679806
2024-06-17,2.4178223292170973
2024-06-18,2.440076394302421
2024-06-19,2.451488110448538
2024-06-20,2.4571905257296707
2024-06-21,2.4528016088397533
2024-06-24,2.458252359090776
2024-06-25,2.4600575597062027
2024-06-26,2.448129521161197
2024-06-27,2.44876877179649
2024-06-28,2.4562977630948115
2024-07-01,2.4704337561835463
2024-07-02,2.464154009518123
2024-07-03,2.5289876821511945
2024-07-04,2.5204876346840877
2024-07-05,2.523455602258706
2024-07-08,2.5444849378101084
2024-07-09,2.5232726085424146
2024-07-10,2.5177354872930553
2024-07-11,2.5384529439509063
2024-07-12,2.5319736439160394
2024-07-15,2.5369530481971903
2024-07-16,2.5316213555406466
2024-07-17,2.523126720950796
2024-07-18,2.5495612474782896
2024-07-19,2.5235939076852043
2024-07-22,2.5087394642042646
2024-07-23,2.545266299244433
2024-07-26,2.524603772760115
2024-07-29,2.5443263900910624
2024-07-30,2.5297471864562024
2024-07-31,2.5396668774224773
2024-08-01,2.5646051015836964
2024-08-02,2.5251720852045527
2024-08-05,2.410302597404557
2024-08-06,2.456414879885064
2024-08-07,2.470661986664614
2024-08-08,2.3907280572125966
2024-08-09,2.4311659224133964
2024-08-12,2.4468277174557835
2024-08-13,2.41683280119001
2024-08-14,2.425075736868137
2024-08-15,2.4017674493664103
2024-08-16,2.4319451774087213
2024-08-19,2.432871684733329
2024-08-20,2.4405123265538324
2024-08-21,2.4446508705473216
2024-08-22,2.4485523286507327
2024-08-23,2.451189768097213
2024-08-26,2.4613234260930796
2024-08-27,2.462607446775277
2024-08-28,2.4587477524120818
2024-08-29,2.4387698632799433
2024-08-30,2.4536236285046815
2024-09-02,2.452353632754177
2024-09-03,2.4414651596311607
2024-09-04,2.39464018333538
2024-09-05,2.4172879639892897
2024-09-06,2.442460852521157
2024-09-09,2.4367688827541314
2024-09-10,2.4461631269507977
2024-09-11,2.428409100716466
2024-09-12,2.4578852735437824
2024-09-13,2.46044503965381
2024-09-16,2.4663962253865916
2024-09-18,2.4644293504527743
2024-09-19,2.4639244812918752
2024-09-20,2.47792792366513
2024-09-23,2.4921319435386846
2024-09-24,2.502425401469673
2024-09-25,2.509124346852747
2024-09-26,2.517393517647014
2024-09-27,2.5005298624202585
2024-09-30,2.4792237604678378
2024-10-01,2.4850587162646223
2024-10-04,2.456445745159567
2024-10-07,2.4734986013859745
2024-10-08,2.450431702372629
2024-10-09,2.44667725404221
2024-10-11,2.4547303072771336
2024-10-14,2.45809843469435
2024-10-15,2.4808609554560483
2024-10-16,2.4627079006787387
2024-10-17,2.481798175073843
2024-10-18,2.511911823963393
2024-10-21,2.489034032918701
2024-10-22,2.495370780180824
2024-10-23,2.4686704650700277
2024-10-24,2.468099762647895
2024-10-25,2.474421661830009
2024-10-28,2.479006773757912
2024-10-29,2.459675083474173
2024-10-30,2.4617716198477377
2024-11-01,2.4412126468337014
2024-11-04,2.468602609482667
2024-11-05,2.4793805585109827
2024-11-06,2.4633608481635516
2024-11-07,2.473010587054607
2024-11-08,2.4727382616105986
2024-11-11,2.476995698607976
2024-11-12,2.4581753325255993
2024-11-13,2.460532536234022
2024-11-14,2.4445917354878013
2024-11-15,2.4568940858291457
2024-11-18,2.4619230977388797
2024-11-19,2.4878477135712345
2024-11-20,2.474010651497712
2024-11-21,2.459910215600506
2024-11-22,2.4761999902759686
2024-11-25,2.4926047358708114
2024-11-26,2.47818730814197
2024-11-27,2.479398835246375
2024-11-28,2.4704399017356757
2024-11-29,2.4607130321321393
2024-12-02,2.4755523436254108
2024-12-03,2.501162381811932
2024-12-04,2.5074366196265343
2024-12-05,2.5119471657721872
2024-12-06,2.5044810259292736
2024-12-09,2.507942730762251
2024-12-10,2.495282548211731
2024-12-11,2.4747924222350823
2024-12-12,2.486713319351169
2024-12-13,2.480219152464766
2024-12-16,2.486911453390547
2024-12-17,2.4796251952945854
2024-12-18,2.4628057076421324
2024-12-19,2.4409883267718686
2024-12-20,2.4176068737073604
2024-12-23,2.4584970530540016
2024-12-24,2.466537575125363
2024-12-25,2.4585350018384986
2024-12-26,2.4635991777057424
2024-12-27,2.456796156343403
2024-12-30,2.4514521274779777
2024-12-31,2.435589999916658
2025-01-02,2.431799144875699
2025-01-03,2.438985707395482
2025-01-06,2.479127275454624
2025-01-07,2.468809481873394
2025-01-08,2.4720448416903866
2025-01-09,2.464902878926044
2025-01-10,2.4519704450551405
2025-01-13,2.4421035824231465
2025-01-14,2.4447278502841527
2025-01-15,2.442648656964499
2025-01-16,2.463332232439064
2025-01-17,2.450321880290622
2025-01-20,2.446779438277032
2025-01-21,2.4641679149556297
2025-01-22,2.468082311010422
2025-02-03,2.465556833540566
2025-02-04,2.4514108520433773
2025-02-05,2.4647376569857986
2025-02-06,2.466587094620068
2025-02-07,2.4685383643369825
2025-02-10,2.463678460604099
2025-02-11,2.4571895307080855
2025-02-12,2.4683293300739297
2025-02-13,2.46855660261291
2025-02-14,2.4619408026364735
2025-02-17,2.469734837831621
2025-02-18,2.4821077787656454
2025-02-19,2.471687913058835
2025-02-20,2.465371966194036
2025-02-21,2.4797577345414723
2025-02-24,2.4680176644296825
2025-02-25,2.4583180236811546
2025-02-26,2.482061559484173
2025-02-27,2.4703932456163615
2025-03-03,2.4786030429386985
2025-03-04,2.4562648848131428
2025-03-05,2.4596182655892393
2025-03-06,2.461444424765082
2025-03-07,2.452783984051885
2025-03-10,2.45206006626081
2025-03-11,2.4376246473868357
2025-03-12,2.4380229165505054
2025-03-13,2.4439408957526796
2025-03-14,2.4407115093500034
2025-03-17,2.439682763803417
2025-03-18,2.456757791627852
2025-03-19,2.43916612381421
2025-03-20,2.4649929815784124
2025-03-21,2.4514264420471976
2025-03-24,2.4650280304789978
2025-03-25,2.463813505914123
2025-03-26,2.4715712265979732
2025-03-27,2.4723327330067373
2025-03-28,2.4526312928855307
2025-03-31,2.417960916898965
2025-04-01,2.4354429340393535
2025-04-02,2.438502289708589
2025-04-07,2.2288054751622046
2025-04-08,2.2924881213084176
2025-04-09,2.225645514732907
2025-04-10,2.3615768235659376
2025-04-11,2.3658764004770996
2025-04-14,2.347204786296663
2025-04-15,2.355404515796346
2025-04-16,2.3447363658844287
2025-04-17,2.329577373903147
2025-04-18,2.325896846409568
2025-04-21,2.3277075572480665
2025-04-22,2.313069643561505
2025-04-23,2.338730512502095
2025-04-24,2.3278779679067108
2025-04-25,2.329768431599855
2025-04-28,2.3363951144501205
2025-04-29,2.3538794332123287
2025-04-30,2.3695774612274585
2025-05-02,2.3836023534785764
2025-05-05,2.3857646460713138
2025-05-06,2.4088192869174163
2025-05-07,2.411859864239953
2025-05-08,2.40922081996985
2025-05-09,2.4313327671020386
2025-05-12,2.460096626866525
2025-05-13,2.453385395979478
2025-05-14,2.4751513925238764
2025-05-15,2.502043276677602
2025-05-16,2.5070763913277085
2025-05-19,2.5126629094705177
2025-05-20,2.519533081166299
2025-05-21,2.540934695263937
2025-05-22,2.5124057286805224
2025-05-23,2.521214445996851
2025-05-26,2.5315978307100164
2025-05-27,2.501735019762425
2025-05-28,2.4963143514687465
2025-05-29,2.473262637025179
2025-06-02,2.448329698260611
2025-06-03,2.450647994353215
2025-06-04,2.4722506161709226
2025-06-05,2.4849951340391963
2025-06-06,2.500921189554658
2025-06-09,2.5125629910908533
2025-06-10,2.539217306878307
2025-06-11,2.539217306878307
2025-06-12,2.5429875178668997
2025-06-13,2.551421294001416
2025-06-16,2.551600686399857
2025-06-17,2.5624472131839267
2025-06-18,2.57726291130707
2025-06-19,2.5673967180884842
2025-06-20,2.566786202275425
2025-06-23,2.5633805043333404
2025-06-24,2.5708553161504386
2025-06-25,2.576831877193112
2025-06-26,2.577345326227741
2025-06-27,2.577772753391861
2025-06-30,2.578370630969318
2025-07-01,2.5807592334961535
2025-07-02,2.589702286332748
2025-07-03,2.5953902331733723
2025-07-04,2.591529665584365
2025-07-07,2.5890765701146896
2025-07-08,2.5872062618091
2025-07-09,2.591473219239749
2025-07-10,2.5962110976883968
2025-07-11,2.597970876860877
2025-07-14,2.59554935024532
2025-07-15,2.6011715556522788
2025-07-16,2.604490291708971
2025-07-17,2.6069627398533606
2025-07-18,2.613113118567861
2025-07-21,2.608658102741922
2025-07-22,2.605797344514303
2025-07-23,2.614355442609863
2025-07-24,2.6083062641547055
2025-07-25,2.5969340542131825
2025-07-28,2.5858839368837803
2025-07-29,2.5809749272320768
2025-07-30,2.602000413475728
2025-07-31,2.602680443250892
2025-08-01,2.612696990870288
2025-08-04,2.661661145791904
2025-08-05,2.6603493018950015
2025-08-06,2.678880487276659
2025-08-07,2.6651734658197435
2025-08-08,2.6811700076345146
2025-08-11,2.6602984118968647
2025-08-12,2.6654142913491627
2025-08-13,2.5641314338501924
2025-08-14,2.5814318398205307
2025-08-15,2.563492960843685
2025-08-18,2.5923394593215767
2025-08-19,2.5889061763143495
2025-08-20,2.579293159254401
2025-08-21,2.5831332514417937
2025-08-22,2.569150387888861
2025-08-25,2.582712021267944
2025-08-26,2.548517312969762
2025-08-27,2.5641065119359263
2025-08-28,2.5559899881180783
2025-08-29,2.5602320788380246
2025-09-01,2.5824300080069578
2025-09-02,2.611267077890985
2025-09-03,2.6176873667568223
2025-09-04,2.6225135436719555
2025-09-05,2.6301965457812857
2025-09-08,2.6296155015040417
2025-09-09,2.652846310894312
2025-09-10,2.6742911630448054
2025-09-11,2.672419570630259
2025-09-12,2.6828507976453846
2025-09-15,2.6705796257235335
2025-09-16,2.6770535145938803
2025-09-17,2.665351711304273
2025-09-18,2.6854799774563367
2025-09-19,2.6731871010374917
2025-09-22,2.6810587745532484
2025-09-23,2.690603158706108
2025-09-24,2.69722196875818
2025-09-25,2.6862259544617104
2025-09-26,2.6797209516678744
2025-09-30,2.718692769160067
2025-10-01,2.7230708284101244
2025-10-02,2.716730532902298
2025-10-03,2.7109435841712703
2025-10-07,2.7137745795810555
2025-10-08,2.7130692317330047
2025-10-09,2.7174625157929024
2025-10-13,2.702040961041513
2025-10-14,2.711660426310189
2025-10-15,2.7227369869996023
2025-10-16,2.7453939202234885
2025-10-17,2.739697294973912
2025-10-20,2.7406482228345017
2025-10-21,2.743293305524585
2025-10-22,2.7500083268596196
2025-10-23,2.751563040669647
2025-10-27,2.745118891901075
2025-10-28,2.732403424137602
2025-10-29,2.7373938224399685
2025-10-30,2.7384169927896864
2025-10-31,2.7256832916249247
2025-11-03,2.7363113464882116
2025-11-04,2.736755065674004
2025-11-05,2.732285115614502
2025-11-06,2.7274861628568394
2025-11-07,2.7313639566849695
2025-11-10,2.7383626198049167
2025-11-11,2.7387128745891753
2025-11-12,2.7311012106040273
2025-11-13,2.7232065098420692
2025-11-14,2.7111109641747446
2025-11-17,2.7107722399018814
2025-11-18,2.6795617014085025
2025-11-19,2.6652783636868467
2025-11-20,2.707281094809044
2025-11-21,2.693475826024917
2025-11-24,2.7174468441349307
2025-11-25,2.6810053945643384
2025-11-26,2.699942157561738
2025-11-27,2.697277519798158
2025-11-28,2.6964477821713837
2025-12-01,2.686030466551428
2025-12-02,2.6904904262423375
2025-12-03,2.688682262351202
2025-12-04,2.696740452089539
2025-12-05,2.7069330255438886
2025-12-08,2.7180232826604516
2025-12-09,2.720892460272677
2025-12-10,2.7307905284295497
2025-12-11,2.7406276182878497
2025-12-12,2.749435607101618
2025-12-15,2.756994639002257
2025-12-16,2.750727616970546
2025-12-17,2.7579321171089184
2025-12-18,2.756292273648803
2025-12-19,2.7718236604250817
2025-12-22,2.790216786209172
2025-12-23,2.784463086661991
2025-12-24,2.7668582583151418
2025-12-26,2.7844280013288065
2025-12-29,2.7914442668715864
2025-12-30,2.782218345456168
2025-12-31,2.7730012845944
2026-01-02,2.797964722559278
2026-01-05,2.8322721392813266
2026-01-06,2.8423293610678084
2026-01-07,2.822329409740901
2026-01-08,2.8224561051495827
2026-01-09,2.831689727655047
2026-01-12,2.826633999511279
2026-01-13,2.8290636536134244
2026-01-14,2.836198049996399
2026-01-15,2.8588876658432993
2026-01-16,2.87321489299484
2026-01-19,2.8786525421812525
2026-01-20,2.85925493688675
2026-01-21,2.848069740614687
2026-01-22,2.8438435012574828
2026-01-23,2.8451737607063166
2026-01-26,2.847225285589786
2026-01-27,2.8453485417968776
2026-01-28,2.861453895321672
2026-01-29,2.8664403509720673
2026-01-30,2.828325542094309
2026-02-02,2.807529679481303
2026-02-03,2.8368996367732935
2026-02-04,2.837167040847319
2026-02-05,2.8533636239184297
2026-02-06,2.85618911832911
2026-02-09,2.8730424128275027
2026-02-10,2.8978253279359962
2026-02-11,2.9259212825868683
2026-02-23,2.9919061604169
2026-02-24,3.017673576320409
2026-02-25,3.0217950525674127
2026-02-26,3.0326441123479277
2026-03-02,2.9999298609919665
2026-03-03,2.988586359709405
2026-03-04,2.8879085260354094
2026-03-05,2.920474704404097
2026-03-06,2.9231246707577094
2026-03-09,2.8677172216128675
2026-03-10,2.872305733228735
2026-03-11,2.9067287742945553
2026-03-12,2.8764060538616603
2026-03-13,2.8694318661391387
2026-03-16,2.8700400512196884
2026-03-17,2.888688296482655
2026-03-18,2.8985345349919647
2026-03-19,2.86207613063387
2026-03-20,2.8674472458422726
2026-03-23,2.8181431355021287
2026-03-24,2.8476053285607406
2026-03-25,2.8881916562160503
2026-03-26,2.874338851612575
2026-03-27,2.8600300922049384
2026-03-30,2.8286049859387687
2026-03-31,2.8251581905812166
2026-04-01,2.8778074881248203
2026-04-02,2.860043130751884
2026-04-07,2.8814624831946953
2026-04-08,2.9206588165978107
2026-04-09,2.9482287262181384
2026-04-10,2.940499102454199
2026-04-13,2.931155292772207
2026-04-14,2.968679906471212
2026-04-15,2.999433610618705
2026-04-16,3.01031861973125
2026-04-17,3.0089867668032544
2026-04-20,3.0108738653756886
2026-04-21,3.002996823735485
2026-04-22,2.9987343178262083
2026-04-23,2.9849561122063473
2026-04-24,3.011789244855521
2026-04-27,3.040671466608491
2026-04-28,3.004745639163922
2026-04-29,2.9944691866258317
2026-04-30,2.9923927123988703
2026-05-04,3.026517282391437
2026-05-05,3.026517282391437
2026-05-06,3.0357783954008304
2026-05-07,3.05134089008927
2026-05-08,3.0458377885422157
2026-05-11,3.0434345206289097
2026-05-12,3.017429337770833
2026-05-13,3.021374526322008
2026-05-14,3.02420749109293
2026-05-15,3.0150263530818084
2026-05-18,2.985897037488122
2026-05-19,3.002137936844733
2026-05-20,2.957027455578662
2026-05-21,2.976743016982421
2026-05-22,2.9789931557391403
2026-05-25,2.981875738470706
2026-05-26,2.9763429203009166
2026-05-27,2.9958070200898312
2026-05-28,2.9798058633663893
2026-05-29,3.0186242371103096
2026-06-01,3.019389459718042
2026-06-02,3.0584990574764084
2026-06-03,3.132989224029416
2026-06-04,3.1642717104371036
2026-06-05,3.099215834847201
2026-06-08,3.0353574682997224
2026-06-09,3.160322855727368
2026-06-10,3.136789095616369
2026-06-11,3.1466017555538954
2026-06-12,3.1796574246190747
2026-06-15,3.2303276544477257
2026-06-16,3.2754286041738383
2026-06-17,3.302735959634427
2026-06-18,3.319154037663417
2026-06-22,3.3185727548304573
2026-06-23,3.31755149823241
2026-06-24,3.2700332750945127
2026-06-25,3.3373207069721835
2026-06-26,3.270349205001712
2026-06-29,3.2806725345635086
2026-06-30,3.3061618459308844
2026-07-01,3.310385699725818
2026-07-02,3.273456221738741
2026-07-03,3.290059935529397
2026-07-06,3.318848244580496
2026-07-07,3.3204972700821207
2026-07-08,3.329129809117026
2026-07-09,3.297449250243399
2026-07-13,3.308332648348125
2026-07-14,3.294338298325873
2026-07-15,3.291615091737072
2026-07-16,3.338478119225312
2026-07-17,3.315100401368309
2026-07-20,3.314724792916975
2026-07-21,3.361903612572087
2026-07-22,3.373970418154492
2026-07-23,3.3662620431935126
2026-07-24,3.362047078106041
2026-07-27,3.3971969165368865
2026-07-28,3.36166483636197
2026-07-29,3.3446458056089976
2026-07-30,3.3900387957702476
2026-07-31,3.5152810132110432
2026-08-03,3.4584532518372026
2026-08-04,3.4117570798171406
2026-08-05,3.45849557537755
2026-08-06,3.4384896351792364
2026-08-07,3.448987889853776
2026-08-10,3.431523600627702
2026-08-11,3.32831887687315
2026-08-12,3.3391385706999235
2026-08-13,3.31294019427059
2026-08-14,3.314152283250418
2026-08-17,3.3454829884230897
2026-08-18,3.3509201789301746
2026-08-19,3.3308913194005787
2026-08-20,3.3284231771271524
2026-08-21,3.3591349146841396
2026-08-24,3.343165609244168
2026-08-25,3.363656985569776
2026-08-26,3.3562273234941933
2026-08-27,3.353353710501257
2026-08-28,3.406651703922352
2026-08-31,3.4452639863749197
2026-09-01,3.483571880897951
2026-09-02,3.514655767189892
2026-09-03,3.551980278820457
2026-09-04,3.576320225348115
2026-09-07,3.5910702363208666
2026-09-08,3.627606157619703
2026-09-09,3.618701989139984
2026-09-10,3.6237566343092342
2026-09-11,3.6690481294127855
2026-09-14,3.7055873865146403
2026-09-15,3.689911527001381
2026-09-16,3.7112002256382572
2026-09-17,3.7589260612626516
2026-09-18,3.737422850873598
2026-09-21,3.732788622894337
2026-09-22,3.7302763431116395
2026-09-23,3.7167202088396096
2026-09-24,3.6968134963763113
2026-09-29,3.6405491541140025
2026-09-30,3.6494588253431344
2026-10-01,3.6599180069436463
2026-10-02,3.657314365039858
2026-10-05,3.657661110639593
2026-10-06,3.6874102626710723
2026-10-07,3.726975502930509
2026-10-08,3.698741733086518
