date,nav,cash,regime,dividend_credit,w_def,tgt_def
2019-02-19,3000000.0,3000000.0,Bear,0.0,0.0,0.2818972832899638
2019-02-20,3000318.006461857,2398583.136461857,Bear,0.0,0.05633486838260882,0.2818972832899638
2019-02-21,3000977.406138669,1798912.156138669,Bear,0.0,0.11213211712679279,0.2786410122122369
2019-02-22,3002646.1810377035,1199385.4010377035,Bear,0.0,0.16690395730435453,0.27188235853958154
2019-02-25,3008940.4582789703,597067.8082789703,Bear,0.0,0.22007115434206664,0.27188235853958154
2019-02-26,3009682.853620312,148702.0536203119,Bear,0.0,0.2595292387902012,0.26818031536693265
2019-02-27,3020334.722512244,36855.97251224388,Bear,0.0,0.26473483022932026,0.26818031536693265
2019-03-04,3006492.762512244,36855.97251224388,Bear,0.0,0.2638423913374611,0.26818031536693265
2019-03-05,3007156.072512244,36855.97251224388,Bear,0.0,0.2655545574436588,0.26818031536693265
2019-03-06,3016605.472512244,36855.97251224388,Bear,0.0,0.26540149426078136,0.26818031536693265
2019-03-07,3011552.1525122435,36855.97251224388,Bear,0.0,0.2657108492484414,0.26818031536693265
2019-03-08,3008379.8125122436,36855.97251224388,Bear,0.0,0.2670800530764863,0.28024827624159815
2019-03-11,3010470.4625122435,36855.97251224388,Bear,0.0,0.2665544970437445,0.28024827624159815
2019-03-12,3025621.1025122437,36855.97251224388,Bear,0.0,0.2651520639295758,0.28024827624159815
2019-03-13,3036417.390945119,8892.39094511891,Bear,0.0,0.27738528389136846,0.28024827624159815
2019-03-14,3026245.1909451187,8892.39094511891,Bear,0.0,0.27740052343142213,0.28024827624159815
2019-03-15,3027871.340945119,8892.39094511891,Bull,0.0,0.2764054035858618,0.21570741686936348
2019-03-18,3049902.5171034303,138227.39710343018,Bull,0.0,0.23027061227746876,0.16454179597298269
2019-03-19,3055928.3521959344,149794.51219593475,Bull,0.0,0.18035384880799146,0.12666628395854732
2019-03-20,3068029.2300568856,123058.6500568856,Bull,0.0,0.1396830498880397,0.09793763863843216
2019-03-21,3075805.8716930347,96231.27169303436,Bull,0.0,0.10876525176013682,0.07676381197540172
2019-03-22,3070042.989647264,73845.74964726399,Bull,0.0,0.08516188238459803,0.060615854746924415
2019-03-25,3050898.6045777244,57184.90457772447,Bull,0.0,0.06817279987211758,0.07495459207162695
2019-03-26,3068909.7045777244,57184.90457772447,Bull,0.0,0.06768861582670228,0.07495459207162695
2019-03-27,3066117.1345777246,57184.90457772447,Bull,0.0,0.06796908625889848,0.0838349736773296
2019-03-28,3063648.2495470364,13845.169547036152,Bull,0.0,0.08059870451397554,0.0838349736773296
2019-03-29,3082747.589547036,13845.169547036152,Bull,0.0,0.07952889845127531,0.0838349736773296
2019-04-01,3075405.1495470363,13845.169547036152,Bull,0.0,0.07989623091975057,0.0848139485588618
2019-04-02,3072622.9295470365,13845.169547036152,Bull,0.0,0.07971201335664921,0.07828968872616604
2019-04-03,3078027.079172666,3280.1191726662432,Bull,0.0,0.07856748942735148,0.07828968872616604
2019-04-08,3083534.2991726664,3280.1191726662432,Bull,0.0,0.07879582531810671,0.07206358510819263
2019-04-09,3092340.397505257,15581.647505257015,Bull,0.0,0.07352360050123283,0.07206358510819263
2019-04-10,3097110.497505257,15581.647505257015,Bull,0.0,0.07371774438913525,0.07206358510819263
2019-04-11,3094419.597505257,15581.647505257015,Bull,0.0,0.07421617940409578,0.07206358510819263
2019-04-12,3096185.4475052566,15581.647505257015,Bull,0.0,0.07422811194503226,0.07206358510819263
2019-04-15,3098952.7975052567,15581.647505257015,Bull,0.0,0.0742341090787814,0.06848939424112889
2019-04-16,3102143.3218391556,13428.971839155523,Bull,0.0,0.0700410095401987,0.06848939424112889
2019-04-17,3108846.4218391557,13428.971839155523,Bull,0.0,0.06972031441545881,0.06848939424112889
2019-04-18,3113503.8218391556,13428.971839155523,Bull,0.0,0.06959907949366076,0.06848939424112889
2019-04-19,3124166.2718391553,13428.971839155523,Bull,0.0,0.06941219868952116,0.06848939424112889
2019-04-22,3123177.021839156,13428.971839155523,Bull,0.0,0.06943418464070913,0.06848939424112889
2019-04-23,3133463.1218391554,13428.971839155523,Bull,0.0,0.0684992105073888,0.05220548815537289
2019-04-24,3159099.423265867,38261.913265867086,Bull,0.0,0.055891612242284366,0.039154116116529664
2019-04-25,3166024.4620577903,39880.702057789815,Bull,0.0,0.04358862720545872,0.029365587087397248
2019-04-26,3165961.005587779,33759.305587778596,Bull,0.0,0.032920793975682545,0.022040883238247953
2019-04-29,3196634.845587779,33759.305587778596,Bull,0.0,0.03273198067787465,0.022040883238247953
2019-04-30,3217708.405587779,33759.305587778596,Bull,0.0,0.03243081312737468,0.019929824509817617
2019-05-02,3230124.324955553,30173.124955552856,Bull,0.0,0.02302823127435615,0.01870466750927676
2019-05-03,3229103.3990786383,33454.83907863845,Bull,0.0,0.019673869848245415,0.01870466750927676
2019-05-06,3201705.529078638,33454.83907863845,Bull,0.0,0.02000208620635676,0.023611073266003493
2019-05-07,3226458.111450489,26591.011450488957,Bull,0.0,0.022501454378827154,0.022936103009322164
2019-05-08,3225578.7200051476,33430.520005148086,Bull,0.0,0.02282176514355307,0.02681077790177743
2019-05-09,3186560.7543527903,29196.674352790415,Bull,0.0,0.026002667574065816,0.02681077790177743
2019-05-10,3179439.8743527904,29196.674352790415,Bull,0.0,0.026086292956517477,0.02681077790177743
2019-05-13,3165507.07435279,29196.674352790415,Bull,0.0,0.026169235466623298,0.02736334569720808
2019-05-14,3154641.7536242832,40840.76362428344,Bull,0.0,0.027203545347552264,0.03221213818359826
2019-05-15,3166401.954073615,44800.2040736151,Bull,0.0,0.030940086388578054,0.035391473833497396
2019-05-16,3151424.245041627,37998.445041626546,Bull,0.0,0.03460497271085744,0.04698113884221451
2019-05-17,3163147.162818791,9443.872818790922,Bull,0.0,0.04386272053063765,0.056864527937746406
2019-05-20,3191718.972818791,9443.872818790922,Bull,0.0,0.04353278004212576,0.06347467578053186
2019-05-21,3235573.849265636,2108.979265635826,Bull,0.0,0.05770850201499157,0.06347467578053186
2019-05-22,3215465.3792656357,2108.979265635826,Bull,0.0,0.05812514767075025,0.07160907265917119
2019-05-23,3211661.769265636,2108.979265635826,Bear,0.0,0.05836145069624145,0.1252971494919974
2019-05-24,3217603.889297071,16.53929707102361,Bear,0.0,0.10818932720647892,0.16580312509320205
2019-05-27,3226935.9618093194,0.061809319333406165,Bear,0.0,0.15068765099613501,0.19492239247489304
2019-05-28,3224396.5034110416,8.593411042093066,Bear,0.0,0.18397180972391716,0.2185383176487469
2019-05-29,3236153.3385411007,32.03854110080283,Bear,0.0,0.20965531574775934,0.23755023774053274
2019-05-30,3253324.3606439526,31.910643953058752,Bull,0.0,0.22862949326478266,0.20548198750695162
2019-05-31,3282013.6928402483,93568.62284024862,Bull,0.0,0.2126266631740002,0.1829251454901104
2019-06-03,3273670.241005602,117870.5610056016,Bull,0.0,0.19020843095324286,0.16316458253344807
2019-06-04,3277933.146224026,97537.31622402588,Bull,0.0,0.16999159383158371,0.14955850505992652
2019-06-05,3278044.5268140007,73722.47681400103,Bull,0.0,0.15354257572858127,0.13398191266330445
2019-06-06,3312079.940066445,61604.34006644521,Bull,0.0,0.13745247948057285,0.12091733469305643
2019-06-10,3331332.6735421927,53305.8735421927,Bull,0.0,0.12571727024629012,0.11224420243629339
2019-06-11,3269740.083781753,46434.74378175323,Bull,0.0,0.11752597458925414,0.11224420243629339
2019-06-12,3232252.095053258,19061.36505325779,Bull,0.0,0.11566789006716995,0.11224420243629339
2019-06-13,3235613.405053258,19061.36505325779,Bull,0.0,0.11573644410520549,0.11224420243629339
2019-06-14,3243834.1650532577,19061.36505325779,Bull,0.0,0.11563137352733374,0.11224420243629339
2019-06-17,3250818.865053258,19061.36505325779,Bull,0.0,0.11524876209731917,0.11224420243629339
2019-06-18,3259995.235053258,19061.36505325779,Bull,0.0,0.11543275154322498,0.11224420243629339
2019-06-19,3305012.075053258,19061.36505325779,Bull,0.0,0.11433554595830356,0.12050730669800866
2019-06-20,3307382.155053258,19061.36505325779,Bull,0.0,0.11454373043078224,0.12474821803492368
2019-06-21,3277622.0305419974,21339.730541997746,Bull,0.0,0.1238065421267922,0.12155056084397843
2019-06-24,3294654.784403056,5568.474403055856,Bull,0.0,0.121374009165714,0.11837654695981947
2019-06-25,3302282.6244030558,5568.474403055856,Bull,0.0,0.12270563912537572,0.11837654695981947
2019-06-26,3293176.0844030557,5568.474403055856,Bull,0.0,0.12198590348770216,0.11837654695981947
2019-06-27,3298240.014403056,5568.474403055856,Bull,0.0,0.12113076618297845,0.10692349972147104
2019-06-28,3294589.7665982423,35288.526598242155,Bull,0.0,0.11139008677821582,0.10692349972147104
2019-07-01,3287751.0919484594,11005.841948459265,Bull,0.0,0.10802788595213028,0.10692349972147104
2019-07-02,3298540.7419484593,11005.841948459265,Bull,0.0,0.10868381749568265,0.10692349972147104
2019-07-03,3302033.9919484593,11005.841948459265,Bull,0.0,0.10974920333456598,0.10692349972147104
2019-07-04,3311749.9919484593,11005.841948459265,Bull,0.0,0.10977048415001783,0.10692349972147104
2019-07-05,3320005.7419484593,11005.841948459265,Bull,0.0,0.10961981041225859,0.10692349972147104
2019-07-08,3314361.2419484593,11005.841948459265,Bull,0.0,0.10902251553834068,0.10692349972147104
2019-07-09,3311267.8017584593,14185.401758459266,Bull,3179.5598099999997,0.10895270983772773,0.11362251738876254
2019-07-10,3318556.1517584594,14185.401758459266,Bull,0.0,0.10741659435568456,0.10164035247502752
2019-07-11,3334684.550810937,41033.59081093682,Bull,0.0,0.10240526646424647,0.09026477867768413
2019-07-12,3328155.640071471,29932.93007147058,Bull,0.0,0.09251350997316578,0.07668387997421701
2019-07-15,3325744.5931105088,39556.39311050917,Bull,0.0,0.08077770029500078,0.06748818019720206
2019-07-16,3335785.496903119,34872.03690311902,Bull,1590.0,0.07106313047408895,0.06748818019720206
2019-07-17,3343317.7169031193,34872.03690311902,Bull,0.0,0.07100042535588866,0.06748818019720206
2019-07-18,3343359.326903119,34872.03690311902,Bull,0.0,0.07145404266830173,0.06748818019720206
2019-07-19,3347161.326903119,36273.43690311902,Bull,1401.3999999999999,0.07048112324429598,0.06748818019720206
2019-07-22,3352046.066903119,36273.43690311902,Bull,0.0,0.07049174602135004,0.06748818019720206
2019-07-23,3357114.106903119,36273.43690311902,Bull,0.0,0.07049848842294057,0.06748818019720206
2019-07-24,3360978.0069031194,36273.43690311902,Bull,0.0,0.07033670542159376,0.06748818019720206
2019-07-25,3379926.279903119,38454.70990311902,Bull,2181.273,0.07042408629303677,0.06748818019720206
2019-07-26,3378366.239903119,38454.70990311902,Bull,0.0,0.0703441584257647,0.06748818019720206
2019-07-29,3372415.0099031194,38454.70990311902,Bull,0.0,0.07080623212113499,0.06748818019720206
2019-07-30,3381535.5699031195,38454.70990311902,Bull,0.0,0.07042266895534167,0.06748818019720206
2019-07-31,3387570.1599031193,38454.70990311902,Bull,0.0,0.07032925924899915,0.06748818019720206
2019-08-01,3349091.939903119,38454.70990311902,Bull,0.0,0.07152618808277014,0.06748818019720206
2019-08-02,3324124.3299031192,38454.70990311902,Bull,0.0,0.07332053371394304,0.06748818019720206
2019-08-05,3324151.299903119,38454.70990311902,Bull,0.0,0.07464234254536832,0.08084422069248247
2019-08-06,3311386.589903119,38454.70990311902,Bull,0.0,0.07447118399039443,0.09130296559317419
2019-08-07,3305551.5199680077,9044.299968007872,Bull,0.0,0.08796526638399339,0.10179887495209175
2019-08-08,3314263.289968008,9044.299968007872,Bull,0.0,0.08604905979052523,0.10179887495209175
2019-08-12,3229391.244983511,926.7349835114219,Bull,0.0,0.10141461196711464,0.10179887495209175
2019-08-13,3196428.224983511,926.7349835114219,Bull,0.0,0.10379256678028846,0.10179887495209175
2019-08-14,3196524.454983511,14485.984983511422,Bull,13559.25,0.10320242333378354,0.10179887495209175
2019-08-15,3135119.4799835114,36832.619983511424,Bull,22346.635000000002,0.107226490775327,0.11190357168864604
2019-08-16,3163049.2499835114,36832.619983511424,Bull,0.0,0.10618841296946321,0.11190357168864604
2019-08-19,3168430.2399835116,36832.619983511424,Bull,0.0,0.10491473531755267,0.11190357168864604
2019-08-20,3173320.6799835116,36832.619983511424,Bull,0.0,0.10548081765305208,0.1177340588771021
2019-08-21,3155466.549983511,36832.619983511424,Bull,0.0,0.10644358755815526,0.1177340588771021
2019-08-22,3168376.7199835116,36832.619983511424,Bull,0.0,0.10637431397417728,0.1177340588771021
2019-08-23,3172735.9199835113,36832.619983511424,Bull,0.0,0.1057732217441356,0.1177340588771021
2019-08-26,3145065.9099835115,36832.619983511424,Bull,0.0,0.10904440473293547,0.1177340588771021
2019-08-27,3150996.6399835115,36832.619983511424,Bull,0.0,0.10778558621432781,0.1177340588771021
2019-08-28,3150966.9199835113,36832.619983511424,Bull,0.0,0.10879438239287954,0.12338031552087224
2019-08-29,3154184.8099835115,36832.619983511424,Bull,0.0,0.10861474854474075,0.12338031552087224
2019-08-30,3200440.6799835116,36832.619983511424,Bull,0.0,0.10661649257681538,0.12338031552087224
2019-09-02,3194415.7945946,9224.52459459973,Bull,0.0,0.11931205719835515,0.1252914088479008
2019-09-03,3179735.130897901,2268.300897900959,Bull,0.0,0.12420650266189776,0.12718359703049775
2019-09-04,3195694.910897901,2268.300897900959,Bull,0.0,0.12340283443678185,0.12718359703049775
2019-09-05,3206216.220897901,2268.300897900959,Bull,0.0,0.12197964611709013,0.10864109373494713
2019-09-06,3220737.9393090084,31932.93930900834,Bull,0.0,0.11085816565274544,0.10182472642139767
2019-09-09,3245961.8232274884,21834.833227488292,Bull,0.0,0.10368397976577591,0.08847249070527259
2019-09-10,3274547.806486409,36450.28648640937,Bull,0.0,0.09050325037642111,0.06635436802895445
2019-09-11,3272931.258473921,58501.748473921514,Bull,0.0,0.07138092478878792,0.049765776021715835
2019-09-12,3266619.352711142,52825.39271114215,Bull,0.0,0.05493598752210316,0.037324332016286876
2019-09-16,3268139.375098331,42759.865098330774,Bull,0.0,0.041246576271229005,0.037324332016286876
2019-09-17,3278606.2050983305,42759.865098330774,Bull,0.0,0.041289737629816976,0.037324332016286876
2019-09-18,3300287.775098331,42759.865098330774,Bull,0.0,0.04121045474464654,0.037324332016286876
2019-09-19,3295139.2050983305,42759.865098330774,Bull,0.0,0.04144880731857406,0.037324332016286876
2019-09-20,3298706.056318338,10377.28631833791,Bull,0.0,0.03843468251957663,0.037324332016286876
2019-09-23,3288819.316318338,10377.28631833791,Bull,0.0,0.03900016013758561,0.037324332016286876
2019-09-24,3281468.136318338,10377.28631833791,Bull,0.0,0.03901095323254461,0.037324332016286876
2019-09-25,3268009.186318338,10377.28631833791,Bull,0.0,0.039470635682428284,0.027993249012215157
2019-09-26,3260835.356318338,10377.28631833791,Bull,0.0,0.0391807331677887,0.027993249012215157
2019-09-27,3248943.7108575646,28554.260857564565,Bull,0.0,0.030969696293519807,0.027993249012215157
2019-10-01,3280544.560857564,28554.260857564565,Bull,0.0,0.03065798928629971,0.027993249012215157
2019-10-02,3273753.2608575644,28554.260857564565,Bull,0.0,0.03081545613293219,0.027993249012215157
2019-10-03,3252780.3608575645,28554.260857564565,Bull,0.0,0.030993900237832453,0.027993249012215157
2019-10-04,3266412.9608575646,28554.260857564565,Bull,0.0,0.030965343700278855,0.027993249012215157
2019-10-07,3267510.310857564,28554.260857564565,Bull,0.0,0.031008685623216306,0.027993249012215157
2019-10-08,3285332.2108575646,28554.260857564565,Bull,0.0,0.03057990594314228,0.020994936759161368
2019-10-09,3265863.5108575644,28554.260857564565,Bull,0.0,0.030775643154054504,0.020994936759161368
2019-10-14,3290837.1108575645,28554.260857564565,Bull,0.0,0.029848408380931096,0.015746202569371027
2019-10-15,3291104.2768569207,34960.8168569207,Bull,0.0,0.01937570330068647,0.011809651927028271
2019-10-16,3297617.770486838,18611.160486838435,Bull,0.0,0.013678028546450066,0.011809651927028271
2019-10-17,3302092.3604868385,18611.160486838435,Bull,0.0,0.01368379350641125,0.011809651927028271
2019-10-18,3294126.6504868385,18611.160486838435,Bull,0.0,0.013726017484275429,0.011809651927028271
2019-10-21,3304484.250486838,18611.160486838435,Bull,0.0,0.013652641858817566,0.011809651927028271
2019-10-22,3312397.9104868383,18611.160486838435,Bull,0.0,0.013565519969005107,0.011809651927028271
2019-10-23,3300332.8204868385,18611.160486838435,Bull,0.0,0.01357560356394325,0.008857238945271203
2019-10-24,3323431.6804868383,18611.160486838435,Bull,0.0,0.013457105275426805,0.008857238945271203
2019-10-25,3329061.0504868384,18611.160486838435,Bull,0.0,0.013476529663954075,0.008857238945271203
2019-10-28,3338582.5904868385,18611.160486838435,Bull,0.0,0.013402043767764143,0.008857238945271203
2019-10-29,3344410.6104868385,18611.160486838435,Bull,0.0,0.01336069496367717,0.008857238945271203
2019-10-30,3362416.1904868386,18611.160486838435,Bull,0.0,0.013262302306944161,0.008857238945271203
2019-10-31,3369766.3904868383,18611.160486838435,Bull,0.0,0.013292903664318553,0.008857238945271203
2019-11-01,3374051.9104868383,18611.160486838435,Bull,0.0,0.013362227729772766,0.008857238945271203
2019-11-04,3406803.460486838,18611.160486838435,Bull,0.0,0.01323376899281337,0.008857238945271203
2019-11-05,3424007.8404868385,18611.160486838435,Bull,0.0,0.013067677436637573,0.008857238945271203
2019-11-06,3443902.270486838,18611.160486838435,Bull,0.0,0.012907729810148191,0.008857238945271203
2019-11-07,3434402.170486838,18611.160486838435,Bull,0.0,0.012972639134363355,0.008857238945271203
2019-11-08,3433014.0904868385,18611.160486838435,Bull,0.0,0.012887313839637041,0.008857238945271203
2019-11-11,3408405.7204868384,18611.160486838435,Bull,0.0,0.012953874515177601,0.006642929208953402
2019-11-12,3418108.46921885,16131.769218849999,Bull,0.0,0.00819985680747145,0.006642929208953402
2019-11-13,3394237.75921885,16131.769218849999,Bull,0.0,0.008261277491195342,0.006642929208953402
2019-11-14,3381121.52921885,16131.769218849999,Bull,0.0,0.008379988638428511,0.006642929208953402
2019-11-15,3399779.48921885,16131.769218849999,Bull,0.0,0.008377093305702531,0.006642929208953402
2019-11-18,3420211.96921885,16131.769218849999,Bull,0.0,0.008334498053496519,0.006642929208953402
2019-11-19,3427283.68921885,16131.769218849999,Bull,0.0,0.008319159598515322,0.006642929208953402
2019-11-20,3424661.55921885,16131.769218849999,Bull,0.0,0.008373890238234597,0.006642929208953402
2019-11-21,3392959.3192188498,16131.769218849999,Bull,0.0,0.008467151326357229,0.006642929208953402
2019-11-22,3404320.18921885,16131.769218849999,Bull,0.0,0.00840334293190097,0.006642929208953402
2019-11-25,3407823.66921885,16131.769218849999,Bull,0.0,0.008420872904664685,0.006642929208953402
2019-11-26,3410481.39921885,16131.769218849999,Bull,0.0,0.0084497983207299,0.006642929208953402
2019-11-27,3430457.58921885,16131.769218849999,Bull,0.0,0.008441445272784742,0.006642929208953402
2019-11-28,3422982.22921885,16131.769218849999,Bull,0.0,0.00846360222168356,0.006642929208953402
2019-11-29,3393135.08921885,16131.769218849999,Bull,0.0,0.008543682829519735,0.006642929208953402
2019-12-02,3395218.12921885,16131.769218849999,Bull,0.0,0.008504670068618957,0.019868883099375997
2019-12-03,3393024.66921885,16131.769218849999,Bull,0.0,0.008476375153093515,0.030291115993881183
2019-12-04,3394633.042701822,6933.742701821946,Bull,0.0,0.02503843535687457,0.039376758657796426
2019-12-05,3392957.3857358145,14884.295735814449,Bull,0.0,0.03574123580502944,0.039376758657796426
2019-12-06,3387239.035735815,14884.295735814449,Bull,0.0,0.03576220595063071,0.04785441996981711
2019-12-09,3402427.6457358147,14884.295735814449,Bull,0.0,0.03562607720752452,0.052748180243665045
2019-12-10,3394452.0620931145,3060.4620931141835,Bull,0.0,0.048790849589395925,0.062300510804276024
2019-12-11,3397519.7920931145,3060.4620931141835,Bull,0.0,0.04865068936012542,0.062300510804276024
2019-12-12,3414453.1220931145,3060.4620931141835,Bull,0.0,0.048420040951873224,0.062300510804276024
2019-12-13,3430798.9720931146,3060.4620931141835,Bull,0.0,0.04755485859915081,0.051735164254341486
2019-12-16,3426460.8520931145,3060.4620931141835,Bull,0.0,0.04804918167952439,0.051735164254341486
2019-12-17,3460016.5820931145,3060.4620931141835,Bull,0.0,0.047593679421149185,0.051735164254341486
2019-12-18,3480977.9620931144,3060.4620931141835,Bull,0.0,0.04726539546980302,0.051735164254341486
2019-12-19,3474822.6020931145,3060.4620931141835,Bull,0.0,0.04727603645177335,0.051735164254341486
2019-12-20,3454246.032093114,3060.4620931141835,Bull,0.0,0.04746312754701327,0.051735164254341486
2019-12-23,3476575.1420931146,3060.4620931141835,Bull,0.0,0.047335689083055736,0.051735164254341486
2019-12-24,3466100.7120931144,3060.4620931141835,Bull,0.0,0.04746826871647463,0.051735164254341486
2019-12-25,3468109.012093114,3060.4620931141835,Bull,0.0,0.04754539128528779,0.051735164254341486
2019-12-26,3471303.5420931145,3060.4620931141835,Bull,0.0,0.04751208818245602,0.04214675695224445
2019-12-27,3483252.4540483356,13928.954048335538,Bull,0.0,0.04333290566538577,0.032298037019596985
2019-12-30,3474979.8040483356,13928.954048335538,Bull,0.0,0.04348384984107326,0.032298037019596985
2019-12-31,3455149.4140483355,13928.954048335538,Bull,0.0,0.04364691419330044,0.032298037019596985
2020-01-02,3459278.6840483355,13928.954048335538,Bull,0.0,0.043278004946625495,0.032298037019596985
2020-01-03,3473674.0640483354,13928.954048335538,Bull,0.0,0.04360536055114822,0.032298037019596985
2020-01-06,3449262.8140483354,13928.954048335538,Bull,0.0,0.04415466962381074,0.032298037019596985
2020-01-07,3446367.0540483356,13928.954048335538,Bull,0.0,0.04389304668587352,0.032298037019596985
2020-01-08,3428241.444048336,13928.954048335538,Bull,0.0,0.0439701206756296,0.032298037019596985
2020-01-09,3451610.3740483355,13928.954048335538,Bull,0.0,0.043364532429668715,0.032298037019596985
2020-01-10,3463593.5340483356,13928.954048335538,Bull,0.0,0.0433679150060175,0.032298037019596985
2020-01-13,3506913.3040483356,13928.954048335538,Bull,0.0,0.0431352408470931,0.032298037019596985
2020-01-14,3524465.0240483354,13928.954048335538,Bull,0.0,0.04275082004557115,0.032298037019596985
2020-01-15,3513929.8340483354,13928.954048335538,Bull,0.0,0.043077462313926736,0.039652360123381
2020-01-16,3515091.554048335,13928.954048335538,Bull,0.0,0.04322383860102176,0.04799169901666711
2020-01-17,3534277.5840483354,13928.954048335538,Bull,0.0,0.04292341967838067,0.04799169901666711
2020-01-20,3558867.2840483356,13928.954048335538,Bull,0.0,0.04276681816211633,0.04799169901666711
2020-01-30,3421561.2840483356,13928.954048335538,Bull,0.0,0.04579335776637416,0.07203594624153375
2020-01-31,3441869.4515450043,15311.781545004416,Bull,12536.699999999999,0.06406318516846189,0.08471934927093897
2020-02-03,3423857.651069975,2375.0410699749045,Bull,0.0,0.08035011616619848,0.09751499538072778
2020-02-04,3446561.7668565116,649.8168565115557,Bull,0.0,0.09220388941116871,0.09751499538072778
2020-02-05,3466910.6668565115,649.8168565115557,Bull,0.0,0.09130757334656803,0.09751499538072778
2020-02-06,3498250.0668565114,649.8168565115557,Bull,0.0,0.08986390166283514,0.09751499538072778
2020-02-07,3482676.4168565115,649.8168565115557,Sideways,0.0,0.0912281136605779,0.11567929122354301
2020-02-10,3480088.7139866976,23.273986697655346,Bull,0.0,0.10959405674549072,0.11567929122354301
2020-02-11,3485147.0239866977,23.273986697655346,Sideways,0.0,0.10901210117827446,0.129078496192737
2020-02-12,3481995.9210000797,76.26100007966306,Sideways,0.0,0.12382089749150806,0.129078496192737
2020-02-13,3493602.5710000796,76.26100007966306,Bull,0.0,0.12380960661938731,0.129078496192737
2020-02-14,3498161.3110000794,76.26100007966306,Bull,0.0,0.12372817075043976,0.129078496192737
2020-02-17,3506908.4410000797,76.26100007966306,Bull,0.0,0.12384468750947641,0.129078496192737
2020-02-18,3524160.2010000795,76.26100007966306,Bull,0.0,0.12368791857881554,0.129078496192737
2020-02-19,3559706.75100008,76.26100007966306,Bull,0.0,0.12245279470774874,0.129078496192737
2020-02-20,3557510.4610000798,76.26100007966306,Bull,0.0,0.12297366509416154,0.129078496192737
2020-02-21,3536852.6810000795,76.26100007966306,Bull,0.0,0.12498284770939547,0.129078496192737
2020-02-24,3503854.73100008,76.26100007966306,Bull,0.0,0.12722363060775818,0.129078496192737
2020-02-25,3495089.02100008,76.26100007966306,Bull,0.0,0.12668957996191477,0.129078496192737
2020-02-26,3473265.0310000796,76.26100007966306,Bull,0.0,0.12713686288225837,0.129078496192737
2020-02-27,3468382.0310000796,76.26100007966306,Bull,0.0,0.1274501816838613,0.129078496192737
2020-03-02,3415327.8210000796,76.26100007966306,Bull,0.0,0.1273292295181962,0.129078496192737
2020-03-03,3443208.4510000795,76.26100007966306,Bull,0.0,0.12591934126848192,0.129078496192737
2020-03-04,3455694.9010000797,76.26100007966306,Bull,0.0,0.12613846201348722,0.129078496192737
2020-03-05,3485886.9410000793,76.26100007966306,Bull,0.0,0.12566075360847168,0.129078496192737
2020-03-06,3451403.5410000794,76.26100007966306,Bull,0.0,0.128806085616747,0.129078496192737
2020-03-09,3391343.81100008,76.26100007966306,Bear,0.0,0.13119710793014303,0.18822584086226934
2020-03-10,3347018.116307871,3.9763078706746455,Bear,0.0,0.16811568400493296,0.21499719040355153
2020-03-11,3334960.3511926364,23.041192636592314,Bear,0.0,0.203074846079596,0.2328154617076671
2020-03-12,3231114.675135975,9.675135974568548,Bear,0.0,0.22641044145832243,0.24538362822717313
2020-03-13,3135389.9236784517,27.523678451580054,Crisis,0.0,0.23237377734033932,0.2618438685405563
2020-03-16,3054673.691438909,15.941438909125281,Crisis,0.0,0.26211442886485237,0.28848168047306577
2020-03-17,2982646.109207801,28.459207801024604,Crisis,0.0,0.2841892296183721,0.30766914249084
2020-03-18,2923272.741846433,31.941846433044702,Crisis,0.0,0.29528548179694486,0.31479772761493363
2020-03-19,2718712.9401203343,1138.840120334382,Crisis,0.0,0.29574269800047814,0.3111120861445529
2020-03-20,2823241.46916351,1304.5191635101473,Crisis,0.0,0.30005084908695023,0.3017805427819616
2020-03-23,2717780.190820469,30.45082046927655,Crisis,0.0,0.29721790699936695,0.2946224516869209
2020-03-24,2804476.6578663196,7827.367866319408,Crisis,0.0,0.3023054720822755,0.2896082597440879
2020-03-25,2895181.6190268123,27901.969026812538,Crisis,0.0,0.29641344237618705,0.2896082597440879
2020-03-26,2945463.454661135,15472.824661135293,Crisis,0.0,0.3025745841761027,0.2959260896185574
2020-03-27,2975844.0497989696,16207.469798969672,Crisis,0.0,0.2977278597848071,0.2959260896185574
2020-03-30,2985456.5797989694,16207.469798969672,Crisis,0.0,0.3072209343810858,0.30991091076082805
2020-03-31,2991715.549798969,16207.469798969672,Crisis,0.0,0.3075330407203397,0.3212271714109227
2020-04-01,2971972.2659224835,3605.4959224834347,Crisis,0.0,0.32250047585908365,0.3348377017681144
2020-04-06,2990057.2959224833,3605.4959224834347,Crisis,0.0,0.3174362582597837,0.3348377017681144
2020-04-07,2998365.869364235,29.21936423529405,Crisis,0.0,0.32718615497314657,0.3348377017681144
2020-04-08,3020461.3193642353,29.21936423529405,Crisis,0.0,0.32815316774479614,0.3348377017681144
2020-04-09,3031153.719364235,29.21936423529405,Crisis,0.0,0.3302663416918267,0.3348377017681144
2020-04-10,3123087.0693642353,29.21936423529405,Crisis,0.0,0.3408004408332647,0.35082752910756976
2020-04-13,3083838.019364235,29.21936423529405,Crisis,0.0,0.3403921812392758,0.3610626734614443
2020-04-14,3133314.3417812074,34.02178120727331,Crisis,0.0,0.35456738418668904,0.37394620696934255
2020-04-15,3157340.280761317,29.460761317161086,Crisis,0.0,0.3655074263081117,0.38490461265914333
2020-04-16,3143801.5580406175,8.878040617957595,Crisis,0.0,0.38329330199550443,0.3917245805758992
2020-04-17,3153860.121007761,20674.12100776111,Crisis,0.0,0.3887073468585778,0.3960730905896669
2020-04-20,3151859.511049417,5896.931049416744,Bear,0.0,0.3948204149447222,0.37766451114922733
2020-04-21,3111919.8491238113,94646.74912381126,Crisis,0.0,0.3856844514610273,0.3891672917372896
2020-04-22,3112301.763416788,24211.76341678805,Crisis,0.0,0.38815117936178833,0.3891672917372896
2020-04-23,3095362.013416788,24211.76341678805,Bear,0.0,0.38591906045955393,0.37131326014027943
2020-04-24,3107773.337110767,63391.68711076706,Crisis,0.0,0.3748798170342484,0.3826893086805888
2020-04-27,3135481.3871107674,63391.68711076706,Bear,0.0,0.37074769596102636,0.3654444604382453
2020-04-28,3154070.5219206745,26723.921920674184,Bear,0.0,0.3610718727070499,0.3428959069643736
2020-04-29,3176682.6117519396,42982.90175193989,Bear,0.0,0.34535907236730573,0.3172024582423642
2020-04-30,3191079.582256202,66966.30225620202,Bear,0.0,0.3222086925431775,0.29021041764618083
2020-05-04,3156344.3110869536,76347.35108695376,Bear,0.0,0.30068635309091735,0.27163769343946553
2020-05-05,3158380.9475166765,68034.83751667684,Bear,0.0,0.27542293803537676,0.2597063898658561
2020-05-06,3144117.063830744,37085.263830744276,Bear,0.0,0.26466027921560725,0.2597063898658561
2020-05-07,3133793.283830744,37085.263830744276,Bear,0.0,0.2614979980422538,0.24718740516587387
2020-05-08,3150281.9698998304,33598.81989983054,Bear,0.0,0.24945889209561395,0.23083950790176086
2020-05-11,3163831.454921644,43440.50492164462,Bear,0.0,0.23109713978683094,0.21957990415356646
2020-05-12,3143212.2049216446,43440.50492164462,Bear,0.0,0.23071091059793003,0.2125497025442527
2020-05-13,3155229.798403845,43199.448403845,Bear,0.0,0.21897089725430188,0.2125497025442527
2020-05-14,3148107.548403845,43199.448403845,Bear,0.0,0.22069179318611853,0.2125497025442527
2020-05-15,3147594.548403845,43199.448403845,Bear,0.0,0.22159596456084266,0.2125497025442527
2020-05-18,3153552.248403845,43199.448403845,Bear,0.0,0.22331824384912302,0.2125497025442527
2020-05-19,3184245.448403845,43199.448403845,Bear,0.0,0.22237725121188398,0.2125497025442527
2020-05-20,3198426.198403845,43199.448403845,Bear,0.0,0.22350218690578014,0.2125497025442527
2020-05-21,3217860.498403845,43199.448403845,Bear,0.0,0.22574914305959834,0.2125497025442527
2020-05-22,3185186.698403845,43199.448403845,Bear,0.0,0.22816582474245167,0.21478587922668793
2020-05-25,3191217.6730546504,31976.733054650325,Bear,0.0,0.2179735170914139,0.21478587922668793
2020-05-26,3208072.0330546503,31976.733054650325,Bear,0.0,0.21582228917121238,0.21478587922668793
2020-05-27,3216262.1530546504,31976.733054650325,Bear,0.0,0.21613283896643493,0.21478587922668793
2020-05-28,3211810.9330546507,31976.733054650325,Bear,0.0,0.2170065936406539,0.22229877524446476
2020-05-29,3220493.3630546504,31976.733054650325,Bear,0.0,0.2160397652054386,0.22229877524446476
2020-06-01,3234092.2430546503,31976.733054650325,Bull,0.0,0.21617683029957593,0.17417560809342175
2020-06-02,3253239.537513181,159109.9875131813,Bull,0.0,0.18351587490430255,0.1391965517456578
2020-06-03,3287067.330228701,172957.75022870075,Bull,0.0,0.14879782823492388,0.10439741380924333
2020-06-04,3287364.5762427584,146337.08624275879,Bull,0.0,0.11574443028003903,0.0782980603569325
2020-06-05,3284911.601388355,123034.44138835455,Bull,0.0,0.08709167695078486,0.05872354526769938
2020-06-08,3309638.7901465613,87241.75014656154,Bull,0.0,0.06613475181994323,0.05279285990301847
2020-06-09,3309701.7177572097,49000.167757209514,Bull,0.0,0.05661584214512765,0.05811548350600059
2020-06-10,3332228.474838814,12001.474838814149,Bull,0.0,0.05737973894759686,0.06866681048326251
2020-06-11,3287198.019371611,2452.5693716106543,Bull,0.0,0.06686192882350765,0.0739250505318576
2020-06-12,3257459.219371611,2452.5693716106543,Bull,0.0,0.06677314598644754,0.0739250505318576
2020-06-15,3233242.319371611,2452.5693716106543,Bull,0.0,0.06734665344919767,0.0739250505318576
2020-06-16,3271649.8693716107,2452.5693716106543,Bull,0.0,0.06664305738861896,0.0739250505318576
2020-06-17,3284113.719371611,2452.5693716106543,Bull,0.0,0.06738706966649903,0.08692911870323924
2020-06-18,3265434.7063198816,349.2963198815705,Bull,0.0,0.08205255474299872,0.08692911870323924
2020-06-19,3246378.6263198815,349.2963198815705,Bull,0.0,0.08255199434448013,0.08692911870323924
2020-06-22,3253737.306319881,349.2963198815705,Bull,0.0,0.08252508875822619,0.08692911870323924
2020-06-23,3258110.456319881,349.2963198815705,Bull,0.0,0.08250297637349617,0.09020147645253898
2020-06-24,3261449.786319881,349.2963198815705,Bull,0.0,0.08186940087809512,0.08392686146260668
2020-06-29,3245596.2253584657,35.045358465920344,Bull,0.0,0.08281673422587033,0.07144003595839685
2020-06-30,3256587.097974928,27610.937974928172,Bull,0.0,0.07401471317929287,0.060359567641624125
2020-07-01,3275031.3952246234,33372.68522462355,Bull,0.0,0.06341229592571772,0.04637350806236265
2020-07-02,3298474.8128788527,45256.762878852554,Bull,3228.6639999999998,0.05052765579693432,0.04637350806236265
2020-07-03,3307580.0628788522,45256.762878852554,Bull,0.0,0.05080158206472855,0.04637350806236265
2020-07-06,3351164.2128788526,45256.762878852554,Bull,0.0,0.05006577993260079,0.04637350806236265
2020-07-07,3345995.5128788524,45256.762878852554,Bull,0.0,0.05031502563347746,0.04637350806236265
2020-07-08,3351300.9128788523,45256.762878852554,Bull,0.0,0.05056791508895643,0.04637350806236265
2020-07-09,3349070.8628788525,45256.762878852554,Bull,0.0,0.050547915207288276,0.04637350806236265
2020-07-10,3335370.0628788522,45256.762878852554,Bull,0.0,0.051272916280957696,0.04637350806236265
2020-07-13,3338510.6628788523,45256.762878852554,Bull,0.0,0.051052390485111614,0.04637350806236265
2020-07-14,3344303.7128788526,45549.262878852554,Bull,292.5,0.05107145303288642,0.04637350806236265
2020-07-15,3356698.2128788526,45549.262878852554,Bull,0.0,0.0513112705036067,0.04637350806236265
2020-07-16,3341106.712878852,45549.262878852554,Bull,0.0,0.05131400004050591,0.04637350806236265
2020-07-17,3353697.912878853,48057.262878852554,Bull,2508.0,0.05124997971342591,0.04637350806236265
2020-07-20,3356897.9628788526,48057.262878852554,Bull,0.0,0.05129750796843465,0.04637350806236265
2020-07-21,3380384.212878852,51481.662878852556,Bull,3424.3999999999996,0.05104745174899569,0.04637350806236265
2020-07-22,3394079.8628788525,51481.662878852556,Bull,0.0,0.05118041030792338,0.04637350806236265
2020-07-23,3388516.8128788522,51481.662878852556,Bull,0.0,0.05148723162207829,0.04637350806236265
2020-07-24,3360075.4128788523,51481.662878852556,Bull,0.0,0.052265419200676684,0.05411766180546562
2020-07-27,3352401.8128788522,51481.662878852556,Bull,0.0,0.05221347552299678,0.05411766180546562
2020-07-28,3363013.0628788522,51481.662878852556,Bull,0.0,0.05156768551221275,0.05411766180546562
2020-07-29,3386296.9128788523,51481.662878852556,Bull,0.0,0.05128742531095747,0.05411766180546562
2020-07-30,3411403.2628788524,51481.662878852556,Bull,0.0,0.050909973584722934,0.05411766180546562
2020-07-31,3404378.6128788525,51481.662878852556,Bull,0.0,0.051183980929973255,0.05411766180546562
2020-08-03,3375466.8628788525,51481.662878852556,Bull,0.0,0.05166498652908241,0.05411766180546562
2020-08-04,3389121.6128788525,51481.662878852556,Bull,0.0,0.05147804355471396,0.05411766180546562
2020-08-05,3406938.6128788525,51481.662878852556,Bull,0.0,0.05157815269571708,0.05411766180546562
2020-08-06,3437804.212878852,51481.662878852556,Bull,0.0,0.05123009895101505,0.05411766180546562
2020-08-07,3418007.462878852,73809.91287885256,Bull,22328.25,0.051800281866814485,0.05411766180546562
2020-08-10,3419682.962878852,73809.91287885256,Bull,0.0,0.051680287885874684,0.05411766180546562
2020-08-11,3403336.5128788524,73809.91287885256,Bull,0.0,0.05190738539415436,0.05411766180546562
2020-08-12,3386266.068541488,24097.118541488308,Bull,4767.65,0.05317714153440975,0.05411766180546562
2020-08-13,3354974.713541488,101728.69354148832,Bull,77631.575,0.053485178077715786,0.05411766180546562
2020-08-14,3329454.9619727153,25452.911972715454,Bull,0.0,0.05348370890546358,0.05411766180546562
2020-08-17,3336811.6419727155,25452.911972715454,Bull,0.0,0.05306308806070984,0.04577571844579425
2020-08-18,3338219.5648415857,21192.53484158583,Bull,0.0,0.04758209486065895,0.03802341453423583
2020-08-19,3326148.114841586,21192.53484158583,Bull,0.0,0.04775478256402452,0.03802341453423583
2020-08-20,3262084.974841586,21192.53484158583,Bull,0.0,0.048651473282883155,0.03802341453423583
2020-08-21,3294702.364841586,21192.53484158583,Bull,0.0,0.048312430797570194,0.03802341453423583
2020-08-24,3280397.3148415857,21192.53484158583,Bull,0.0,0.04883002411789724,0.03058476339281514
2020-08-25,3284198.3709889967,60955.66098899659,Bull,0.0,0.035023998859533376,0.03058476339281514
2020-08-26,3289304.9960815045,16973.366081504766,Bull,0.0,0.031342542002889856,0.03058476339281514
2020-08-27,3275882.8060815046,16973.366081504766,Bull,0.0,0.031424228549596894,0.03058476339281514
2020-08-28,3275951.7460815045,16973.366081504766,Bull,0.0,0.030936224906616364,0.03058476339281514
2020-08-31,3236806.3060815046,16973.366081504766,Bull,0.0,0.031330632855436115,0.03058476339281514
2020-09-01,3236158.706081505,16973.366081504766,Bull,0.0,0.03143827273019954,0.03058476339281514
2020-09-02,3222815.4560815045,16973.366081504766,Bull,0.0,0.031907734526329445,0.03058476339281514
2020-09-03,3223953.8360815044,16973.366081504766,Bull,0.0,0.032228864085190705,0.034251063349003186
2020-09-04,3195880.3460815046,16973.366081504766,Bull,0.0,0.03249828490210667,0.034251063349003186
2020-09-07,3213685.6960815047,16973.366081504766,Bull,0.0,0.03170575458708948,0.02650005462389095
2020-09-08,3225048.030868929,21893.6908689284,Bull,0.0,0.02773178543201512,0.02650005462389095
2020-09-09,3211174.910868929,21893.6908689284,Bull,0.0,0.02785756692892003,0.02650005462389095
2020-09-10,3219166.4908689284,21893.6908689284,Bull,0.0,0.027764578270033674,0.02650005462389095
2020-09-11,3219764.7408689284,21893.6908689284,Bull,0.0,0.027848773813145555,0.02650005462389095
2020-09-14,3226007.0408689287,21893.6908689284,Bull,0.0,0.027884068094213066,0.02650005462389095
2020-09-15,3232673.500868928,21893.6908689284,Bull,0.0,0.0278384315569792,0.03235908511742651
2020-09-16,3245783.2408689284,21893.6908689284,Bull,0.0,0.027714173536714168,0.03235908511742651
2020-09-17,3220165.0708689285,21893.6908689284,Bull,0.0,0.027910830041935546,0.03235908511742651
2020-09-18,3226338.4908689284,21893.6908689284,Bull,0.0,0.027821755297543153,0.03235908511742651
2020-09-21,3196463.4008689285,21893.6908689284,Bull,0.0,0.027853771132119662,0.03235908511742651
2020-09-22,3163308.6908689286,21893.6908689284,Bull,0.0,0.02825484602814674,0.03235908511742651
2020-09-23,3139285.2808689284,21893.6908689284,Bull,0.0,0.028550492223883416,0.043584747139323095
2020-09-24,3075700.25339697,5262.053396970041,Bull,0.0,0.040468101487630685,0.05987226529795087
2020-09-25,3109404.7672316697,847.9872316699693,Bull,0.0,0.05400084343135943,0.07094003230432229
2020-09-28,3157295.094507614,37.56450761419546,Bull,0.0,0.06484759069754614,0.07094003230432229
2020-09-29,3152712.5445076143,37.56450761419546,Bull,0.0,0.06480073178758737,0.07094003230432229
2020-09-30,3147926.864507614,37.56450761419546,Bull,0.0,0.06472964867685131,0.061043967563875215
2020-10-05,3155619.2945076143,37.56450761419546,Bull,0.0,0.06431808182731664,0.04765382857159539
2020-10-06,3179105.59522035,39231.545220350454,Bull,0.0,0.0510949841503271,0.035740371428696543
2020-10-07,3172924.3852351275,36855.03523512763,Bull,0.0,0.03992430471695994,0.035740371428696543
2020-10-08,3183168.7852351274,36855.03523512763,Bull,0.0,0.039577637410984544,0.035740371428696543
2020-10-12,3193880.5552351275,36855.03523512763,Bull,0.0,0.03952318122638967,0.035740371428696543
2020-10-13,3175675.945235127,36855.03523512763,Bull,0.0,0.039863469126925365,0.035740371428696543
2020-10-14,3168641.6552351275,36855.03523512763,Bull,0.0,0.040320185713937924,0.035740371428696543
2020-10-15,3148168.0852351272,36855.03523512763,Bull,0.0,0.04067946708456488,0.04055948068353724
2020-10-16,3135169.385235127,36855.03523512763,Bull,0.0,0.04075952023575158,0.04055948068353724
2020-10-19,3146548.735235127,36855.03523512763,Bull,0.0,0.04065625889326663,0.04055948068353724
2020-10-20,3137355.8752351273,36855.03523512763,Bull,0.0,0.040580586029456536,0.04055948068353724
2020-10-21,3127695.5352351274,36855.03523512763,Bull,0.0,0.03996872412666032,0.03115975563248047
2020-10-22,3146879.0065064332,20580.756506433205,Bull,0.0,0.03312458146133904,0.03115975563248047
2020-10-23,3139142.466506433,20580.756506433205,Bull,0.0,0.033014146731396084,0.03115975563248047
2020-10-26,3150595.516506433,20580.756506433205,Bull,0.0,0.03300454134947274,0.03115975563248047
2020-10-27,3141865.5265064333,20580.756506433205,Bull,0.0,0.033236486131891806,0.023369816724360355
2020-10-28,3135964.3165064333,20580.756506433205,Bull,0.0,0.03345432199205471,0.023369816724360355
2020-10-29,3108204.0465064333,20580.756506433205,Bull,0.0,0.033544207021153884,0.023369816724360355
2020-10-30,3098940.746506433,20580.756506433205,Bull,0.0,0.03345739673044271,0.017527362543270267
2020-11-02,3138658.768551914,36785.728551913984,Bull,0.0,0.021110940973863956,0.0131455219074527
2020-11-03,3158879.75336127,23108.20336126936,Bull,0.0,0.01511064165997742,0.0131455219074527
2020-11-04,3162250.2533612694,23108.20336126936,Bull,0.0,0.01522988256505261,0.0131455219074527
2020-11-05,3187773.9033612693,23108.20336126936,Bull,0.0,0.015363040631068811,0.009859141430589524
2020-11-06,3201113.338206067,19911.75820606713,Bull,0.0,0.011266386469218594,0.014488544728254425
2020-11-09,3233295.9009438967,26725.60094389676,Bull,0.0,0.013486238604784172,0.01086640854619082
2020-11-10,3255532.506044777,34124.70604477707,Bull,0.0,0.011386094266045138,0.008149806409643114
2020-11-11,3315446.856044777,34124.70604477707,Bull,0.0,0.011131350192723937,0.006112354807232335
2020-11-12,3273688.3695319686,39510.50953196863,Bull,0.0,0.007480785351447867,0.006112354807232335
2020-11-13,3283441.799531969,39510.50953196863,Bull,0.0,0.007492972771287416,0.006112354807232335
2020-11-16,3316249.2595319687,39510.50953196863,Bull,0.0,0.007413978285658171,0.004584266105424251
2020-11-17,3319897.2542908,18075.614290799986,Bull,0.0,0.0052871033816827,0.0034381995790681882
2020-11-18,3339633.5042908,18075.614290799986,Bull,0.0,0.0053076003631015636,0.002578649684301141
2020-11-19,3330846.1351946085,25076.015194608488,Bull,0.0,0.00328190482427112,0.002578649684301141
2020-11-20,3316313.605194608,25076.015194608488,Bull,0.0,0.003329733346901614,0.008079677373757688
2020-11-23,3329527.7434421894,46.4934421895432,Bull,0.0,0.00515676736252374,0.013279415768133965
2020-11-24,3300965.8434421895,46.4934421895432,Bull,0.0,0.005177060536373068,0.017862614341232846
2020-11-25,3294399.8567732563,23.296773256428423,Bull,0.0,0.00974487354168483,0.017862614341232846
2020-11-26,3307251.7767732562,23.296773256428423,Bull,0.0,0.009688309860479293,0.017862614341232846
2020-11-27,3291046.9367732564,23.296773256428423,Bull,0.0,0.00974227673320145,0.017862614341232846
2020-11-30,3254734.8567732563,23.296773256428423,Bull,0.0,0.009916402232530144,0.02849052864835032
2020-12-01,3284500.5169762233,26.026976223460224,Bull,0.0,0.02027543903732078,0.02849052864835032
2020-12-02,3287092.8169762236,26.026976223460224,Bull,0.0,0.02019496974869881,0.02849052864835032
2020-12-03,3280706.0269762236,26.026976223460224,Bull,0.0,0.020156758775777762,0.02849052864835032
2020-12-04,3298994.5569762234,26.026976223460224,Bull,0.0,0.01998505267630097,0.02849052864835032
2020-12-07,3292694.576976224,26.026976223460224,Bull,0.0,0.019890259624427024,0.02849052864835032
2020-12-08,3264060.2969762236,26.026976223460224,Bull,0.0,0.020103709499726192,0.02849052864835032
2020-12-09,3252269.4369762233,26.026976223460224,Bull,0.0,0.020081011510756162,0.02849052864835032
2020-12-10,3247080.1369762234,26.026976223460224,Bull,0.0,0.01998255579254745,0.02849052864835032
2020-12-11,3273904.5369762233,26.026976223460224,Bull,0.0,0.019948309201562497,0.02849052864835032
2020-12-14,3266283.4469762235,26.026976223460224,Bull,0.0,0.019981875749460972,0.02849052864835032
2020-12-15,3246129.7869762233,26.026976223460224,Bull,0.0,0.02014075662110268,0.035654051363198075
2020-12-16,3283330.271489852,25.371489852339437,Bull,0.0,0.030424322788176975,0.035654051363198075
2020-12-17,3279156.2214898523,25.371489852339437,Bull,0.0,0.030502663869596165,0.035654051363198075
2020-12-18,3270040.371489852,25.371489852339437,Bull,0.0,0.030594316471517752,0.035654051363198075
2020-12-21,3297771.771489852,25.371489852339437,Bull,0.0,0.030343609847443297,0.035654051363198075
2020-12-22,3277327.621489852,25.371489852339437,Bull,0.0,0.030532894954978747,0.035654051363198075
2020-12-23,3268437.7214898523,25.371489852339437,Bull,0.0,0.03070867752506803,0.035654051363198075
2020-12-24,3273584.5714898524,25.371489852339437,Bull,0.0,0.030561193033259056,0.035654051363198075
2020-12-25,3282758.771489852,25.371489852339437,Bull,0.0,0.030535140404028882,0.035654051363198075
2020-12-28,3297885.821489852,25.371489852339437,Bull,0.0,0.030395078976601996,0.035654051363198075
2020-12-29,3299374.4714898523,25.371489852339437,Bull,0.0,0.030381364972717467,0.035654051363198075
2020-12-30,3353476.4714898523,25.371489852339437,Bull,0.0,0.029923499047368716,0.035654051363198075
2020-12-31,3347040.4214898525,25.371489852339437,Bull,0.0,0.03004572318706456,0.035654051363198075
2021-01-04,3347690.271489852,25.371489852339437,Bull,0.0,0.03005929218034143,0.035654051363198075
2021-01-05,3354333.821489852,25.371489852339437,Bull,0.0,0.02978676402446496,0.035654051363198075
2021-01-06,3328937.671489852,25.371489852339437,Bull,0.0,0.02955225050998672,0.035654051363198075
2021-01-07,3361746.9214898525,25.371489852339437,Bull,0.0,0.028954707856729968,0.035654051363198075
2021-01-08,3399806.9714898523,25.371489852339437,Bull,0.0,0.028713350733915743,0.035654051363198075
2021-01-11,3407609.7214898523,25.371489852339437,Bull,0.0,0.02860948229639869,0.035654051363198075
2021-01-12,3377370.4214898525,25.371489852339437,Bull,0.0,0.028814354913747026,0.035654051363198075
2021-01-13,3397920.955690059,24617.85569005897,Bull,0.0,0.033733127254786936,0.035654051363198075
2021-01-14,3394119.805690059,24617.85569005897,Bull,0.0,0.03414655540611857,0.035654051363198075
2021-01-15,3363697.305690059,24617.85569005897,Bull,0.0,0.03444022736648541,0.035654051363198075
2021-01-18,3352520.055690059,24617.85569005897,Bull,0.0,0.034669143828902835,0.035654051363198075
2021-01-19,3363372.5530962492,19538.95309624957,Bull,0.0,0.034917452094888175,0.035654051363198075
2021-01-20,3322471.42309625,19538.95309624957,Bull,0.0,0.03552756516713627,0.035654051363198075
2021-01-21,3342482.31309625,19538.95309624957,Bull,0.0,0.03528370502901864,0.035654051363198075
2021-01-22,3315703.5855617397,43831.41556173982,Bull,12187.8,0.035517384760450015,0.035654051363198075
2021-01-25,3327918.2355617397,43831.41556173982,Bull,0.0,0.03534759921171676,0.035654051363198075
2021-01-26,3302802.01556174,43831.41556173982,Bull,0.0,0.0357911856184618,0.035654051363198075
2021-01-27,3299902.3855617396,43831.41556173982,Bull,0.0,0.03584649064698427,0.035654051363198075
2021-01-28,3277726.0255617397,43831.41556173982,Bull,0.0,0.03609702552235825,0.035654051363198075
2021-01-29,3240837.7855617395,43831.41556173982,Bull,0.0,0.03641882988584759,0.035654051363198075
2021-02-01,3273676.03556174,43831.41556173982,Bull,0.0,0.035813048917005125,0.035654051363198075
2021-02-02,3295624.8655617395,43831.41556173982,Bull,0.0,0.03559045849716498,0.035654051363198075
2021-02-03,3306832.41556174,43831.41556173982,Bull,0.0,0.03527145780085944,0.035654051363198075
2021-02-04,3301816.47556174,43831.41556173982,Bull,0.0,0.035237621733717236,0.035654051363198075
2021-02-05,3315859.32556174,43831.41556173982,Bull,0.0,0.035127955852067766,0.035654051363198075
2021-02-17,3381529.69556174,43831.41556173982,Bull,0.0,0.03411984823064921,0.035654051363198075
2021-02-18,3382773.55556174,43831.41556173982,Bull,0.0,0.03413833001329086,0.035654051363198075
2021-02-19,3375806.2755617397,43831.41556173982,Bull,0.0,0.03423210651528588,0.035654051363198075
2021-02-22,3369745.5655617397,43831.41556173982,Bull,0.0,0.03387318056488698,0.026740538522398556
2021-02-23,3406183.3980324264,18034.298032426275,Bull,0.0,0.027918725707761993,0.026740538522398556
2021-02-24,3391407.3980324264,18034.298032426275,Bull,0.0,0.027831837618435697,0.02005540389179892
2021-02-25,3421588.4980324265,18034.298032426275,Bull,0.0,0.02745070018034351,0.01504155291884919
2021-02-26,3364062.448032426,18034.298032426275,Sideways,0.0,0.02769018157034584,0.01527108513778517
2021-03-02,3380295.517512424,91620.53751242401,Bull,0.0,0.018591948447823546,0.011453313853338878
2021-03-03,3405276.0574027877,61145.6074027876,Sideways,0.0,0.013109774140910288,0.013888438133698864
2021-03-04,3382162.808540798,54242.548540798154,Sideways,0.0,0.01361587617358619,0.014575029308379669
2021-03-05,3378762.2856084523,39158.73560845234,Sideways,0.0,0.014185372023403203,0.014575029308379669
2021-03-08,3381594.672733932,9659.452733931596,Sideways,0.0,0.01444706557941869,0.014575029308379669
2021-03-09,3434366.3527339315,9659.452733931596,Bull,0.0,0.014320545611230034,0.014575029308379669
2021-03-10,3440064.1027339315,9659.452733931596,Bull,0.0,0.014381926767202041,0.014575029308379669
2021-03-11,3452370.7027339316,9659.452733931596,Bull,0.0,0.014330659787148859,0.014575029308379669
2021-03-12,3457711.9327339316,9659.452733931596,Bull,0.0,0.014301749527439664,0.014575029308379669
2021-03-15,3471146.4527339316,9659.452733931596,Bull,0.0,0.014016997168666993,0.014575029308379669
2021-03-16,3502380.3427339317,9659.452733931596,Bull,0.0,0.013988954712370034,0.014575029308379669
2021-03-17,3487558.2927339314,9659.452733931596,Bull,0.0,0.01408198397782215,0.014575029308379669
2021-03-18,3487001.3827339318,9659.452733931596,Bull,0.0,0.013996920173783635,0.014575029308379669
2021-03-19,3451882.652733932,9659.452733931596,Bull,0.0,0.0142139536409617,0.014575029308379669
2021-03-22,3464950.2827339317,9659.452733931596,Bull,0.0,0.014238077309748316,0.014575029308379669
2021-03-23,3470541.6327339313,9659.452733931596,Bull,0.0,0.014265750202511885,0.014575029308379669
2021-03-24,3471469.2927339314,9659.452733931596,Bull,0.0,0.014366507606559572,0.01093127198128475
2021-03-25,3490788.5927339317,9659.452733931596,Bull,0.0,0.014354088959812057,0.008198453985963562
2021-03-26,3498224.326056544,47511.17605654425,Bull,0.0,0.009726648959175414,0.006148840489472672
2021-03-29,3519436.1193590094,40331.8293590096,Bull,0.0,0.007003121853647662,0.006148840489472672
2021-03-30,3529355.7669941285,9959.936994128575,Bull,0.0,0.006305479376184696,0.006148840489472672
2021-03-31,3531715.656994128,9959.936994128575,Bull,0.0,0.006325005229614707,0.006148840489472672
2021-04-01,3529297.186994128,9959.936994128575,Bull,0.0,0.006384273923724261,0.004611630367104503
2021-04-06,3542164.736994128,9959.936994128575,Bull,0.0,0.006405461542495619,0.0034587227753283775
2021-04-07,3548013.1118160007,14314.961816000712,Bull,0.0,0.004198180652262612,0.002594042081496283
2021-04-08,3529257.009727984,4240.35972798432,Bull,0.0,0.003018142337222695,0.0019455315611222124
2021-04-09,3516284.910335936,2945.9203359358194,Bull,0.0,0.002233490800735396,0.0014591486708416593
2021-04-12,3520578.720307928,2045.5003079276973,Bull,0.0,0.001653029363164186,0.0075361551960512725
2021-04-13,3543514.480307928,2045.5003079276973,Bull,0.0,0.0016400610276312401,0.011144812575467154
2021-04-14,3560504.390307928,2045.5003079276973,Bull,0.0,0.001629976925684421,0.021854166955880532
2021-04-15,3583611.6596952975,37.00969529759459,Bull,0.0,0.015740265786722017,0.021854166955880532
2021-04-16,3598573.0096952976,37.00969529759459,Bull,0.0,0.01575068779966181,0.021854166955880532
2021-04-19,3637895.059695298,37.00969529759459,Bull,0.0,0.015526836006295099,0.021854166955880532
2021-04-20,3646962.509695297,37.00969529759459,Bull,0.0,0.015156722848960217,0.021854166955880532
2021-04-21,3620635.0096952976,37.00969529759459,Bull,0.0,0.015281297300568347,0.0163906252169104
2021-04-22,3626104.1596952975,37.00969529759459,Bull,0.0,0.01529051498748427,0.0163906252169104
2021-04-23,3619362.7096952973,37.00969529759459,Bull,0.0,0.015347729546751197,0.012292968912682799
2021-04-26,3665042.6096952977,37.00969529759459,Bull,0.0,0.015113876126151022,0.012292968912682799
2021-04-27,3631839.5596952974,37.00969529759459,Bull,0.0,0.01525205039747057,0.012292968912682799
2021-04-28,3621049.6096952977,37.00969529759459,Bull,0.0,0.015214925488037162,0.012292968912682799
2021-04-29,3613679.2596952976,37.00969529759459,Bull,0.0,0.015174008554545473,0.012292968912682799
2021-05-03,3567598.8096952974,37.00969529759459,Bull,0.0,0.015421016469253397,0.012292968912682799
2021-05-04,3537939.7596952976,37.00969529759459,Bull,0.0,0.015564990853530726,0.012292968912682799
2021-05-05,3532896.1096952977,37.00969529759459,Bull,0.0,0.015620329125602156,0.009219726684512099
2021-05-06,3570430.0781946476,57080.498194647604,Bull,0.0,0.010732468963340094,0.009219726684512099
2021-05-07,3592239.2859324133,14051.48593241361,Bull,0.0,0.009558271948770734,0.009219726684512099
2021-05-10,3625371.635932414,14051.48593241361,Bull,0.0,0.009404222083629605,0.009219726684512099
2021-05-11,3557688.2659324137,14051.48593241361,Bull,0.0,0.009555946856150396,0.006914795013384075
2021-05-12,3433427.164999002,47587.964999001735,Sideways,0.0,0.00781667957706853,0.025230232785713333
2021-05-13,3417056.0134726446,14753.093472644818,Sideways,0.0,0.02080417169625338,0.04173538791263731
2021-05-14,3458566.6666530557,3516.2166530562026,Sideways,0.0,0.036216462503877216,0.052119834595392794
2021-05-17,3388841.6962345853,28.336234584909107,Sideways,0.0,0.04909151117470311,0.06745109893451318
2021-05-18,3468446.5895932014,441.659593201206,Sideways,0.0,0.0614522595329913,0.07600919907062378
2021-05-19,3456962.0845887624,33.594588762833155,Sideways,0.0,0.07202881718317167,0.089111551575872
2021-05-20,3452654.8281030757,16.998103075820836,Sideways,0.0,0.08457210307363011,0.0963882082866754
2021-05-21,3486764.238103076,16.998103075820836,Sideways,0.0,0.08442725687703856,0.0963882082866754
2021-05-24,3475332.118103076,16.998103075820836,Sideways,0.0,0.08484595427988803,0.0963882082866754
2021-05-25,3492179.618103076,16.998103075820836,Sideways,0.0,0.0848374661097559,0.0963882082866754
2021-05-26,3498074.6881030756,16.998103075820836,Sideways,0.0,0.08495460117266748,0.10902489259763792
2021-05-27,3505662.9524328527,16.802432852658967,Sideways,0.0,0.10239387096551616,0.11802004093602102
2021-05-28,3511455.8266084394,1.8266084393835627,Sideways,0.0,0.11356961889655273,0.11802004093602102
2021-05-31,3521068.3266084394,1.8266084393835627,Sideways,0.0,0.11275072312567161,0.105816755768917
2021-06-01,3523516.9266084395,1.8266084393835627,Sideways,0.0,0.11235121279268151,0.08350372214483279
2021-06-02,3539899.7256617644,76052.37566176438,Sideways,0.0,0.09043606452444147,0.06668811183865356
2021-06-03,3534609.8643183247,63157.68431832464,Sideways,0.0,0.07298482432367454,0.05632112882374242
2021-06-04,3529110.6212953776,44131.191295377284,Sideways,0.0,0.06042679102014787,0.05632112882374242
2021-06-07,3525222.3212953773,44131.191295377284,Sideways,0.0,0.060924818472464275,0.06662167013312112
2021-06-08,3535228.862724717,10931.582724716525,Sideways,0.0,0.0650837863500201,0.06662167013312112
2021-06-09,3522730.8427247168,10931.582724716525,Sideways,0.0,0.06573041493596009,0.06662167013312112
2021-06-10,3538480.4827247164,10931.582724716525,Bull,0.0,0.06560646614651976,0.06098197156547482
2021-06-11,3533098.007748806,12360.227748806354,Bull,0.0,0.062474485427773965,0.061089822933047176
2021-06-15,3532470.9754324644,3660.4554324643564,Bull,0.0,0.06149476429127792,0.051847339929274795
2021-06-16,3543670.391615859,25448.471615859013,Bull,0.0,0.05395589850917678,0.0466013071527897
2021-06-17,3532882.683412221,19488.123412220644,Bull,0.0,0.04872280667801486,0.03838376616335789
2021-06-18,3511993.513574284,27950.53357428418,Bull,0.0,0.041982119109879555,0.0602589439042503
2021-06-21,3504352.1474288623,6467.077428861921,Bull,0.0,0.05680069000658007,0.08496059863643082
2021-06-22,3506067.9403830427,14410.94038304266,Bull,0.0,0.0767919231966125,0.09521830531147303
2021-06-23,3526238.7471048273,3306.817104826958,Bull,0.0,0.09010815851901086,0.09521830531147303
2021-06-24,3522009.987104827,3306.817104826958,Bull,0.0,0.09027791549829482,0.10202860759487754
2021-06-25,3544609.4999004267,10888.16990042671,Bull,0.0,0.09849641547533165,0.10599868119210996
2021-06-28,3544851.5152587965,20743.755258796067,Bull,0.0,0.10316749754560611,0.10911918773656998
2021-06-29,3532322.6304704244,31661.7304704247,Bull,0.0,0.10884470084455361,0.10911918773656998
2021-06-30,3550153.5004704245,31661.7304704247,Bull,0.0,0.10851979215798686,0.11163848164779294
2021-07-01,3532341.3804704244,31661.7304704247,Bull,0.0,0.10921560473541272,0.11973337636077544
2021-07-02,3527104.0304704243,31661.7304704247,Bull,0.0,0.10974981079545051,0.11973337636077544
2021-07-05,3548026.3304704246,31661.7304704247,Bull,0.0,0.10959574810946893,0.11973337636077544
2021-07-06,3561828.840470425,31661.7304704247,Bull,0.0,0.10922017239565619,0.12236562712961528
2021-07-07,3560387.8604704244,31661.7304704247,Bull,0.0,0.11009976872244655,0.12236562712961528
2021-07-08,3564398.5204704246,31661.7304704247,Bull,0.0,0.11088396477839338,0.12236562712961528
2021-07-09,3571723.6642674995,16397.324267499698,Bull,0.0,0.11895514041317491,0.1265173853579727
2021-07-12,3574431.2942674994,16397.324267499698,Bull,0.0,0.11817932286947662,0.1265173853579727
2021-07-13,3596762.8742675,16397.324267499698,Bull,0.0,0.11741936145457176,0.1265173853579727
2021-07-14,3594923.3842674997,16397.324267499698,Bull,0.0,0.11703365135436042,0.12327901924949461
2021-07-15,3597399.6142674997,16397.324267499698,Bull,0.0,0.1177130386962097,0.12216842115542022
2021-07-16,3605410.077934049,2.917934049073665,Bull,0.0,0.11921057541567733,0.1110732226212233
2021-07-19,3614382.2272666357,42064.867266636,Bull,0.0,0.11313625241822933,0.09743032897482518
2021-07-20,3591669.9403889133,51895.52038891326,Bull,0.0,0.10307320164277496,0.10752938011459962
2021-07-21,3602328.771570242,20969.771570242017,Bull,437.5,0.1056691446389203,0.11178068433948578
2021-07-22,3628796.941570242,20969.771570242017,Bull,0.0,0.10438556527114175,0.10638274168665711
2021-07-23,3632055.0473848237,53227.347384823704,Bull,0.0,0.10611447100106813,0.10638274168665711
2021-07-26,3619382.6874300754,13873.55743007488,Bull,0.0,0.10718332751805616,0.10638274168665711
2021-07-27,3624401.0274300748,13873.55743007488,Bull,0.0,0.10653686418188436,0.10638274168665711
2021-07-28,3617866.5674300753,13873.55743007488,Bull,0.0,0.10718072454381489,0.10638274168665711
2021-07-29,3631687.427430075,13873.55743007488,Bull,0.0,0.10667815657091251,0.10638274168665711
2021-07-30,3616635.497430075,13873.55743007488,Bull,0.0,0.10716967199913235,0.10638274168665711
2021-08-02,3634338.827430075,13873.55743007488,Bull,0.0,0.10660033045789373,0.10638274168665711
2021-08-03,3642113.367430075,13873.55743007488,Bull,0.0,0.10682121086047425,0.10638274168665711
2021-08-04,3647152.917430075,13873.55743007488,Bull,0.0,0.10632007178718314,0.10638274168665711
2021-08-05,3659104.107430075,13873.55743007488,Bull,0.0,0.10571440129690055,0.08625075580167364
2021-08-06,3655721.743428998,53296.543428998084,Bull,0.0,0.09084832580514765,0.06696844680187314
2021-08-09,3655376.882915861,64818.382915861104,Bull,0.0,0.07215767578789256,0.05274232796049638
2021-08-10,3640690.7009585043,52807.10095850412,Bull,0.0,0.05756325302361592,0.03955674597037229
2021-08-11,3652176.5318611157,54121.43186111575,Bull,5111.9,0.04370555437490282,0.030556409778244406
2021-08-12,3623766.541861116,110322.03186111576,Bull,56200.600000000006,0.04400806678845704,0.02706875584315739
2021-08-13,3626872.9267793824,58446.976779382865,Bull,0.0,0.031348947783776636,0.02706875584315739
2021-08-16,3617605.256779383,58446.976779382865,Bull,0.0,0.03181541982346225,0.040905652206400446
2021-08-17,3645658.8367793825,58446.976779382865,Bull,0.0,0.031634463114459305,0.040905652206400446
2021-08-18,3645025.9382975157,14609.138297516016,Bull,0.0,0.03843100224011799,0.040905652206400446
2021-08-19,3614962.6882975157,14609.138297516016,Bull,0.0,0.03892515971341034,0.05694946118808397
2021-08-20,3625970.861028412,3369.061028411903,Bull,0.0,0.05254523748322728,0.0708003728104781
2021-08-23,3607986.4803861887,2242.7203861883536,Bull,1754.20824,0.06663610335210178,0.0813545330668615
2021-08-24,3641740.2003861885,2242.7203861883536,Bull,0.0,0.06595964203446669,0.0813545330668615
2021-08-25,3647671.058722023,5523.978722023027,Bull,5520.292,0.07716366839794304,0.0794886938151948
2021-08-26,3648400.128722023,29457.67872202303,Bull,23933.7,0.07668246084017064,0.0794886938151948
2021-08-27,3712913.918722023,29457.67872202303,Bull,0.0,0.07553653172129937,0.07302332584157473
2021-08-30,3759081.738722023,29457.67872202303,Bull,0.0,0.07491019870606312,0.07302332584157473
2021-08-31,3790042.9087220225,29457.67872202303,Bull,0.0,0.07426503783169806,0.06334333863329938
2021-09-01,3755859.886382069,30839.786382068934,Bull,0.0,0.06624528271198925,0.05915385056003375
2021-09-02,3734728.13914043,20057.729140429812,Bull,0.0,0.0613889422357709,0.05915385056003375
2021-09-03,3778964.1691404297,20057.729140429812,Bull,0.0,0.0607112239574861,0.0556882619775832
2021-09-06,3772666.387076691,14188.017076690634,Bull,0.0,0.05668784304188531,0.05158439607125133
2021-09-07,3763884.7856205506,14427.585620550264,Bull,0.0,0.05291479716937289,0.05158439607125133
2021-09-08,3761288.5056205504,14427.585620550264,Bull,0.0,0.05285548282268778,0.05158439607125133
2021-09-09,3741297.3856205503,14427.585620550264,Bull,0.0,0.05335470010141702,0.05158439607125133
2021-09-10,3764768.3056205506,14427.585620550264,Bull,0.0,0.05334522703566391,0.05158439607125133
2021-09-13,3768156.8856205503,14427.585620550264,Bull,0.0,0.05333312972368562,0.042806028174857
2021-09-14,3785750.286689125,29780.47668912478,Bull,0.0,0.04536930515567949,0.042806028174857
2021-09-15,3775079.706689125,29780.47668912478,Bull,0.0,0.0457314397081727,0.042806028174857
2021-09-16,3759483.741689125,46248.901689124774,Bull,16468.425,0.04585988445385241,0.042806028174857
2021-09-17,3741376.2916891244,46248.901689124774,Bull,0.0,0.04603053170100907,0.042806028174857
2021-09-22,3704398.621689125,46248.901689124774,Bull,0.0,0.04661437324508627,0.042806028174857
2021-09-23,3744870.251689125,46248.901689124774,Bull,0.0,0.04633613138445384,0.042806028174857
2021-09-24,3755529.7416891246,46248.901689124774,Bull,0.0,0.04570372272509303,0.03678447530454475
2021-09-27,3752581.6600402216,24997.210040221344,Bull,0.0,0.03895952526678207,0.03678447530454475
2021-09-28,3745573.1200402216,24997.210040221344,Bull,0.0,0.03900616950135287,0.03277553381507518
2021-09-29,3719582.1182301147,24336.54823011472,Bull,0.0,0.03423242610398059,0.0332805532634985
2021-09-30,3723732.3448325293,45888.26483252947,Bull,0.0,0.03352890821308885,0.03694084861417012
2021-10-01,3705097.5007163365,35334.660716336475,Bull,0.0,0.03610528197277844,0.03987506329732026
2021-10-04,3705645.871195628,23661.591195628254,Bear,0.0,0.039084530749634055,0.08757726496916587
2021-10-05,3692690.9266752275,4148.226675227401,Bear,0.0,0.07575036891913745,0.12519984122315247
2021-10-06,3704029.12541483,1580.0854148300714,Bear,0.0,0.11139573314067547,0.15065600089568298
2021-10-07,3721253.664569246,13.474569246187457,Bull,0.0,0.14063488737217786,0.12279166443002529
2021-10-08,3701953.5005915253,66307.15059152519,Bull,0.0,0.12748631227393553,0.10370060773385473
2021-10-12,3706001.2757218643,90794.80572186431,Bear,0.0,0.10923242866967145,0.13283832181155325
2021-10-13,3708089.8660063115,21816.736006311694,Bear,0.0,0.12761127618237572,0.1573433663637547
2021-10-14,3697589.867641164,8.817641164197994,Bear,0.0,0.1452705057152997,0.17869704682941837
2021-10-15,3721476.055673772,39.60567377159168,Bull,0.0,0.1620387692890376,0.1448338454406895
2021-10-18,3739333.7346593332,93140.8746593334,Bull,0.0,0.1477969470543526,0.11511630564113595
2021-10-19,3728085.6145502212,145886.7145502215,Bull,0.0,0.12288344404216969,0.08730402642257132
2021-10-20,3732783.392453217,136002.2924532171,Bull,0.0,0.09488281605518821,0.0654780198169285
2021-10-21,3731091.179040416,96941.12904041586,Bull,0.0,0.07263290737100062,0.04910851486269637
2021-10-22,3732735.7152612763,65538.07526127607,Bull,0.0,0.05485350574455767,0.03683138614702228
2021-10-25,3737662.820096827,50655.82009682687,Bull,0.0,0.041454434885591446,0.027623539610266708
2021-10-26,3763016.990103037,38795.22010303722,Bull,0.0,0.030825829462126295,0.020717654707700033
2021-10-27,3749469.128613275,28616.71861327492,Bull,0.0,0.023524239558847,0.015538241030775024
2021-10-28,3754877.439797483,31553.289797483198,Bull,0.0,0.01776420164691116,0.016668033227805888
2021-10-29,3749996.46521421,23602.06521421015,Bull,0.0,0.016867962566569167,0.016565669937075096
2021-11-01,3746570.3953702636,37612.86537026313,Bull,0.0,0.01671653629607311,0.01287774195399226
2021-11-02,3754477.422251376,18330.322251375885,Bull,0.0,0.013762407970219099,0.01287774195399226
2021-11-03,3755757.0122513757,18330.322251375885,Bull,0.0,0.013829552825320956,0.01287774195399226
2021-11-04,3750590.292251376,18330.322251375885,Bull,0.0,0.013757906350529635,0.01287774195399226
2021-11-05,3768222.9322513756,18330.322251375885,Bull,0.0,0.013796253813714639,0.01287774195399226
2021-11-08,3770258.9122513756,18330.322251375885,Bull,0.0,0.013947474490180037,0.019077917413434592
2021-11-09,3780659.1022513756,18330.322251375885,Bull,0.0,0.013871874871968542,0.01711904753785517
2021-11-10,3804456.2123578056,11.252357805382417,Bull,0.0,0.014971537802165957,0.01406969869693116
2021-11-11,3788704.7664304967,2580.8564304968368,Bull,0.0,0.01421094102582345,0.01406969869693116
2021-11-12,3816923.676430497,2580.8564304968368,Bull,0.0,0.01410905078677452,0.01406969869693116
2021-11-15,3834229.646430497,2580.8564304968368,Bull,0.0,0.013925350050356682,0.010552274022698371
2021-11-16,3851043.757722078,9685.217722077841,Bull,0.0,0.011255738113357533,0.007914205517023779
2021-11-17,3868389.381385617,9625.821385616593,Bull,0.0,0.008671880385522125,0.005935654137767834
2021-11-18,3900484.319722131,8035.019722131165,Bull,0.0,0.00659900101888723,0.005935654137767834
2021-11-19,3873765.479722131,8035.019722131165,Bull,0.0,0.0066658036309033926,0.005935654137767834
2021-11-22,3848229.769722131,8035.019722131165,Bull,0.0,0.006757483714876436,0.004451740603325875
2021-11-23,3831383.8116330807,6585.271633080675,Bull,0.0,0.005008292288999638,0.004451740603325875
2021-11-24,3844707.971633081,6585.271633080675,Bull,0.0,0.00496124806896527,0.004451740603325875
2021-11-25,3855896.1316330805,6585.271633080675,Bull,0.0,0.0049514067153862765,0.004451740603325875
2021-11-26,3799032.1216330808,6585.271633080675,Bull,0.0,0.0050728973546334604,0.0033388054524944068
2021-11-29,3787089.5816330807,6585.271633080675,Bull,0.0,0.0051051234947716555,0.002504104089370805
2021-11-30,3775639.304989092,58815.22498909178,Bull,0.0,0.003165471867031146,0.0018780780670281038
2021-12-01,3819848.0772078773,21831.27720787703,Bull,0.0,0.0021905583234913123,0.0018780780670281038
2021-12-02,3827610.627207877,21831.27720787703,Bull,0.0,0.002195547253491204,0.0018780780670281038
2021-12-03,3827339.577207877,21831.27720787703,Bull,0.0,0.0021957027408920616,0.0018780780670281038
2021-12-06,3852513.5772078773,21831.27720787703,Bull,0.0,0.0022074938425430787,0.00689522346640661
2021-12-07,3884634.0772078773,21831.27720787703,Bull,0.0,0.0021755459670153516,0.005171417599804958
2021-12-08,3896732.0731137968,54813.01311379658,Bull,0.0,0.004413996055483413,0.005171417599804958
2021-12-09,3907788.9302535797,13588.930253579756,Bull,0.0,0.004893457743317555,0.005171417599804958
2021-12-10,3922872.28025358,13588.930253579756,Bull,0.0,0.004877969159567705,0.005171417599804958
2021-12-13,3918813.9802535796,13588.930253579756,Bull,0.0,0.004877470606237648,0.005171417599804958
2021-12-14,3901168.78025358,13588.930253579756,Bull,0.0,0.004944133690813108,0.018051175153317472
2021-12-15,3883158.13025358,13588.930253579756,Bull,0.0,0.004952502410388357,0.029963355945327994
2021-12-16,3903825.0443014028,41.70430140302051,Bull,0.0,0.02321225694585809,0.029963355945327994
2021-12-17,3935100.2943014028,41.70430140302051,Bull,0.0,0.023080095348909955,0.029963355945327994
2021-12-20,3918310.894301403,41.70430140302051,Bull,0.0,0.023257812475405384,0.026858034730163342
2021-12-21,3921005.334301403,41.70430140302051,Bull,0.0,0.023037033183759645,0.026858034730163342
2021-12-22,3913632.034301403,41.70430140302051,Bull,0.0,0.023080435055802054,0.026858034730163342
2021-12-23,3917665.334301403,41.70430140302051,Bull,0.0,0.02316178699735228,0.020143526047622505
2021-12-24,3919223.554301403,41.70430140302051,Bull,0.0,0.023063267187398786,0.015107644535716879
2021-12-27,3926939.534301403,41.70430140302051,Bull,0.0,0.02310708611818301,0.01133073340178766
2021-12-28,3945352.9249797207,34748.114979720674,Bull,0.0,0.014227715762662355,0.008498050051340744
2021-12-29,3958527.4418406524,16999.60184065247,Bull,0.0,0.009877066806898212,0.006373537538505558
2021-12-30,3950251.803133792,10327.633133791687,Bull,0.0,0.007214456551197925,0.006373537538505558
2022-01-03,3931217.423133792,10327.633133791687,Bull,0.0,0.007275924203957858,0.004780153153879169
2022-01-04,3951903.7431337917,10327.633133791687,Bull,0.0,0.007123999426583925,0.0035851148654093765
2022-01-05,3960623.4953178247,10441.545317825035,Bull,0.0,0.004463741635856077,0.0035851148654093765
2022-01-06,3983591.845317825,10441.545317825035,Bull,0.0,0.004401982100804541,0.0035851148654093765
2022-01-07,4012248.045317825,10441.545317825035,Bull,0.0,0.004375651704905824,0.0035851148654093765
2022-01-10,4043735.433205622,2406.583205621922,Bull,0.0,0.003731957802203878,0.0035851148654093765
2022-01-11,4099048.033205622,2406.583205621922,Bull,0.0,0.0036815987218862096,0.0035851148654093765
2022-01-12,4115856.1332056215,2406.583205621922,Bull,0.0,0.0036760517156890922,0.0035851148654093765
2022-01-13,4173025.3332056217,2406.583205621922,Bull,0.0,0.0036214373969282957,0.0035851148654093765
2022-01-14,4144853.7332056216,2406.583205621922,Bull,0.0,0.0036443384911239384,0.0035851148654093765
2022-01-17,4127187.3332056217,2406.583205621922,Bull,0.0,0.003612629812085432,0.0035851148654093765
2022-01-18,4136850.783205622,2406.583205621922,Bull,0.0,0.0035707234256473737,0.0035851148654093765
2022-01-19,4111441.0832056217,2406.583205621922,Bull,0.0,0.0035418481513655,0.0035851148654093765
2022-01-20,4107026.3832056215,2406.583205621922,Bull,0.0,0.003562942780167522,0.0035851148654093765
2022-01-21,4064117.0832056217,12134.583205621922,Bull,9728.0,0.0036049281307722475,0.0035851148654093765
2022-01-24,4062462.6832056222,12134.583205621922,Bull,0.0,0.0036151347459052207,0.0035851148654093765
2022-01-25,4044120.6332056224,12134.583205621922,Bull,0.0,0.0036139747860129885,0.0026888361490570323
2022-01-26,4057267.8832056215,12134.583205621922,Bull,0.0,0.0035987640994667885,0.0026888361490570323
2022-02-07,4140374.283205622,12134.583205621922,Bull,0.0,0.003454506530488388,0.0026888361490570323
2022-02-08,4227061.3832056215,12134.583205621922,Bull,0.0,0.003365186523317645,0.0026888361490570323
2022-02-09,4248383.452182235,2132.5521822346113,Bull,0.0,0.0028505430680414324,0.0026888361490570323
2022-02-10,4259851.172182235,2132.5521822346113,Bull,0.0,0.002854212391127138,0.0026888361490570323
2022-02-11,4261925.592182235,2132.5521822346113,Bull,0.0,0.002814558757666619,0.0026888361490570323
2022-02-14,4216210.052182235,2132.5521822346113,Bull,0.0,0.0028364810699623784,0.0020166271117927743
2022-02-15,4193824.9521822347,2132.5521822346113,Bull,0.0,0.00283361850709014,0.0020166271117927743
2022-02-16,4216792.1921822345,2132.5521822346113,Bull,0.0,0.0027838080381962283,0.0020166271117927743
2022-02-17,4237599.552182235,2132.5521822346113,Bull,0.0,0.0027651503771671374,0.0015124703338445806
2022-02-18,4210471.638526964,35651.53852696366,Bull,0.0,0.0018401738962219069,0.0015124703338445806
2022-02-21,4209356.8098829435,10059.29988294341,Bull,0.0,0.0016055089423953907,0.0011343527503834354
2022-02-22,4173017.921591645,18832.891591645362,Bull,0.0,0.0012687412562035233,0.0008507645627875766
2022-02-23,4196932.027612331,24221.187612331494,Bull,0.0,0.0009529556289419684,0.0008507645627875766
2022-02-24,4137224.857612332,24221.187612331494,Bull,0.0,0.0009644677621662626,0.0006380734220906825
2022-02-25,4118136.343635437,33189.04363543732,Bull,0.0,0.0007236040168037232,0.0006380734220906825
2022-03-01,4184620.5736354375,33189.04363543732,Bull,0.0,0.0007275641713329784,0.0006380734220906825
2022-03-02,4201058.013635438,33189.04363543732,Bull,0.0,0.0007278333196246455,0.0006380734220906825
2022-03-03,4193471.2236354374,33189.04363543732,Bull,0.0,0.000718683839539328,0.0006380734220906825
2022-03-04,4178969.6036354373,33189.04363543732,Bull,0.0,0.0007237573581221614,0.0006380734220906825
2022-03-07,4100840.9336354374,33189.04363543732,Bear,0.0,0.0007401750151057773,0.04444511381607086
2022-03-08,4066953.766198721,14.91619872082083,Bear,0.0,0.022648093707269196,0.08086239562149153
2022-03-09,4070573.4578781244,38.017878124912386,Bear,0.0,0.051768784467495374,0.1079707847285189
2022-03-10,4146856.5470207725,35.07702077284921,Bear,0.0,0.0795782700120364,0.12650473292627254
2022-03-11,4122500.401219084,9.091219083871692,Bear,0.0,0.10291630532638309,0.1400342292197673
2022-03-14,4149230.469912545,27.65991254475375,Bear,0.0,0.12134514186448944,0.1515038506055757
2022-03-15,4150212.5216114596,3.1216114593844395,Bear,0.0,0.1348401671205769,0.1583228886472514
2022-03-16,4214554.995713814,3.4157138145019417,Bear,0.0,0.14650151217101987,0.1583228886472514
2022-03-17,4250767.375713814,3.4157138145019417,Bear,0.0,0.14821860485701116,0.1583228886472514
2022-03-18,4278471.25913952,31.609139519605378,Bear,0.0,0.15327624291015832,0.1583228886472514
2022-03-21,4285828.10913952,31.609139519605378,Bull,0.0,0.15380084856747617,0.11874216648543853
2022-03-22,4297548.400037898,186183.10003789762,Bull,0.0,0.1254406814813874,0.08905662486407889
2022-03-23,4358039.5479931915,198785.3379931912,Bull,0.0,0.09639204862044916,0.06679246864805917
2022-03-24,4366997.7554471195,161971.4654471199,Bull,0.0,0.0749094706064273,0.05009435148604438
2022-03-25,4359109.397788334,143788.44778833317,Bull,0.0,0.056343607738914114,0.037570763614533285
2022-03-28,4360121.326860866,104760.18686086629,Bull,0.0,0.041927603911796736,0.028178072710899962
2022-03-29,4332367.476199555,75700.44619955472,Bull,0.0,0.032072921044521224,0.021133554533174972
2022-03-30,4379993.116360547,59771.44636054736,Bull,0.0,0.024024220405039133,0.015850165899881228
2022-03-31,4439956.464053772,45076.934053771736,Bull,0.0,0.0176682993707503,0.011887624424910922
2022-04-01,4451063.957019794,41361.72701979424,Bull,0.0,0.013296692784353269,0.011887624424910922
2022-04-06,4560360.307019794,41361.72701979424,Bull,0.0,0.012829902915771088,0.011887624424910922
2022-04-07,4509019.347019794,41361.72701979424,Bear,0.0,0.012922725656192267,0.05381102977678788
2022-04-08,4560932.966799045,22.646799044989166,Bear,0.0,0.036670637612413994,0.08511841476120469
2022-04-11,4571949.188665215,5.738665214521461,Bear,0.0,0.060416681944937205,0.10735266312527453
2022-04-12,4547115.585353158,37.58535315853078,Bear,0.0,0.08377723038910025,0.12362388274327203
2022-04-13,4572320.344729343,14.024729343538638,Bear,0.0,0.10295278644302094,0.13489115846693187
2022-04-14,4467128.688603343,23.23860334364872,Bear,0.0,0.12258021610100568,0.14609225705055667
2022-04-15,4444274.958256929,0.4782569298768067,Bear,0.0,0.1351728089829113,0.15431805287332614
2022-04-18,4370792.075039794,7.915039793479082,Bear,0.0,0.14658111138681126,0.15989430699725143
2022-04-19,4354831.057218896,26.827218895585247,Bear,0.0,0.1523504520112664,0.16261783759987541
2022-04-20,4381921.1720310785,7.7920310787394556,Bear,0.0,0.1509989121263241,0.16277527108027146
2022-04-21,4332093.71231598,13.382315980732528,Bear,0.0,0.15842092197795515,0.16458610909809215
2022-04-22,4361503.737774952,4.3377749529818175,Bear,0.0,0.15699427105141486,0.16740784162135314
2022-04-25,4332371.701973983,3.211973983407006,Bear,0.0,0.1619842636494569,0.17190553397651367
2022-04-26,4398374.74760456,0.10760455953641213,Bear,0.0,0.16440292869401757,0.17190553397651367
2022-04-27,4371132.327604559,0.10760455953641213,Bear,0.0,0.16670041430645066,0.17916306970894708
2022-04-28,4352514.312189056,15.562189055570343,Bear,0.0,0.17216606224624198,0.17916306970894708
2022-04-29,4383052.962189056,15.562189055570343,Bear,0.0,0.17096650587259724,0.17916306970894708
2022-05-03,4304864.362189055,15.562189055570343,Bear,0.0,0.17038439269826822,0.17916306970894708
2022-05-04,4283137.762189056,15.562189055570343,Bear,0.0,0.17225942544115472,0.17916306970894708
2022-05-05,4250000.262189056,15.562189055570343,Bear,0.0,0.17452415393921808,0.18581824607432817
2022-05-06,4216935.9087589225,9.698758922295383,Bear,0.0,0.1784258229861123,0.19153648914218158
2022-05-09,4125247.4936492643,12.14364926430062,Bear,0.0,0.18695474663939562,0.19979601028432817
2022-05-10,4153605.392150915,26.4221509152012,Bear,0.0,0.19347916908973453,0.20895447183483273
2022-05-11,4165219.4687209344,28.368720934260637,Bear,0.0,0.2019089525331194,0.20895447183483273
2022-05-12,4101266.0687209344,28.368720934260637,Crisis,0.0,0.20800084308259637,0.24612703723732274
2022-05-13,4102314.3349886257,34.534988625498954,Bear,0.0,0.2185884300361606,0.24612703723732274
2022-05-16,4097998.4907462564,13.050746256711136,Bear,0.0,0.2281849156634793,0.24612703723732274
2022-05-17,4081069.4119546753,17.101954675461457,Bear,0.0,0.23395505286019966,0.24612703723732274
2022-05-18,4155974.0119546754,17.101954675461457,Bear,0.0,0.22779091189618456,0.24612703723732274
2022-05-19,4109886.059332724,8.40933272451366,Bear,0.0,0.2377253860314143,0.24612703723732274
2022-05-20,4145919.2593327244,8.40933272451366,Bear,0.0,0.23733059870499382,0.24612703723732274
2022-05-23,4147318.9493327243,8.40933272451366,Bear,0.0,0.2383866305144121,0.24612703723732274
2022-05-24,4139789.4693327243,8.40933272451366,Bear,0.0,0.23687858217535476,0.24612703723732274
2022-05-25,4193362.3593327245,8.40933272451366,Bear,0.0,0.23795034020355407,0.24612703723732274
2022-05-26,4209056.499332724,8.40933272451366,Bear,0.0,0.23982884053944917,0.24612703723732274
2022-05-27,4232043.329332724,8.40933272451366,Bear,0.0,0.23878815535646644,0.25667166147527587
2022-05-30,4267044.515018771,25.91501877130213,Bear,0.0,0.24786083113907884,0.25970275988065805
2022-05-31,4251785.364354206,36.01435420596681,Bear,0.0,0.25426498690725957,0.2581084055051828
2022-06-01,4224583.800970673,8375.65097067271,Bear,0.0,0.26074130657484074,0.2581084055051828
2022-06-02,4219044.950970672,8375.65097067271,Bear,0.0,0.26180285179134566,0.2581084055051828
2022-06-06,4223411.550970672,8375.65097067271,Bear,0.0,0.26095737692119914,0.2581084055051828
2022-06-07,4189613.8009706726,8375.65097067271,Bear,0.0,0.2596583603357323,0.248468512519685
2022-06-08,4212236.536760073,76203.33676007322,Bear,0.0,0.2518053748272719,0.24230915524597427
2022-06-09,4189868.4046926727,43896.25469267259,Bear,0.0,0.24476852276586572,0.2357724954983601
2022-06-10,4165430.269609753,29665.359609753043,Bear,0.0,0.23875664592344123,0.22564145407806707
2022-06-13,4112115.948268653,40478.138268652794,Bear,0.0,0.2291079511988628,0.21886007923584788
2022-06-14,4116318.2370943977,52404.627094397554,Bear,0.0,0.216703036213656,0.20886711927092805
2022-06-15,4095019.939946009,48011.589946008535,Bear,0.0,0.21045945139191752,0.20289716876229297
2022-06-16,4089477.6256256434,48945.17562564353,Bear,0.0,0.2068526416917574,0.2084664178785309
2022-06-17,4053741.830027899,15612.38002789921,Crisis,0.0,0.20995382431498913,0.2303062857137309
2022-06-20,4015906.942451491,6.412451490556123,Crisis,0.0,0.22460114064530398,0.25619924338514344
2022-06-21,4091629.756965163,30.426965162929264,Crisis,0.0,0.23406723894547973,0.26669634811400583
2022-06-22,4068107.0572023294,23.647202329328138,Crisis,0.0,0.23885643773304277,0.278068178034968
2022-06-23,4087178.3062185217,25.57621852169541,Crisis,0.0,0.2479359117898539,0.28755782667040075
2022-06-24,4141336.3742205836,3.1542205838486552,Crisis,0.0,0.2583648183375043,0.28755782667040075
2022-06-27,4122444.7854129667,6.565412967109296,Crisis,0.0,0.2669938052038071,0.290074986815694
2022-06-28,4137239.014588559,12.654588559085823,Crisis,0.0,0.2720813460452068,0.290074986815694
2022-06-29,4124381.049604454,7.139604453837819,Crisis,0.0,0.2791080640113018,0.2982774225601467
2022-06-30,4069607.442647135,19993.442647134987,Crisis,19984.895999999997,0.2901966139593578,0.2982774225601467
2022-07-01,4084987.342647135,19993.442647134987,Crisis,0.0,0.2903523194839077,0.3103688315954034
2022-07-04,4123587.4315006356,19.27150063597219,Crisis,0.0,0.2993759027805422,0.3103688315954034
2022-07-05,4128122.901500636,19.27150063597219,Crisis,0.0,0.2992173342394879,0.3216980915579917
2022-07-06,4109850.806966865,1.0969668650068343,Crisis,0.0,0.3127979020116203,0.33348425511695284
2022-07-07,4099939.4886014066,24.808601406264643,Crisis,0.0,0.32337045063371506,0.33348425511695284
2022-07-08,4078713.6986014065,14305.108601406264,Crisis,14280.3,0.32533000304851123,0.33348425511695284
2022-07-11,4045459.5586014064,14305.108601406264,Crisis,0.0,0.3278182566873773,0.34509433620704016
2022-07-12,4022089.1687616915,13.188761691570107,Crisis,0.0,0.3421670485798077,0.3594031803688681
2022-07-13,4078633.6638357434,29.21383574303036,Crisis,0.0,0.34674737094921293,0.37034225081418337
2022-07-14,4072830.6938780607,11986.033878061033,Crisis,11976.25,0.35935783242843033,0.37034225081418337
2022-07-15,4044143.6138780606,11986.033878061033,Crisis,0.0,0.36231050869999587,0.38229008046352886
2022-07-18,4063450.7852512947,44.9852512944024,Crisis,19.8,0.3766402451716546,0.3944652860826384
2022-07-19,4003212.737508308,18.317508308333345,Crisis,0.0,0.3829962009349292,0.4054569973898406
2022-07-20,3989829.0351942847,28.64519428442145,Crisis,0.0,0.3967144271190368,0.416398655341015
2022-07-21,4015627.481285701,27.5112857009226,Crisis,0.0,0.4079640797446381,0.42491442766441734
2022-07-22,4045598.454691772,30.464691772140213,Crisis,0.0,0.42196859355139893,0.43206429491652987
2022-07-25,4066712.405836885,7.965836884886812,Crisis,0.0,0.43001548068411455,0.4397230581980301
2022-07-26,4058982.575836885,7.965836884886812,Crisis,0.0,0.42835085579087995,0.4397230581980301
2022-07-27,4093857.625836885,7.965836884886812,Crisis,0.0,0.4235292280457737,0.4397230581980301
2022-07-28,4104815.996092278,560.2960922779603,Crisis,0.0,0.43366449353506714,0.4397230581980301
2022-07-29,4116402.966092278,560.2960922779603,Crisis,0.0,0.43580258900235785,0.4397230581980301
2022-08-01,4136835.2360922783,560.2960922779603,Crisis,0.0,0.43639549002326533,0.4397230581980301
2022-08-02,4167848.346092278,560.2960922779603,Crisis,0.0,0.4407307194183908,0.4406671795563287
2022-08-03,4134456.6360922777,560.2960922779603,Crisis,0.0,0.43843804629023614,0.4370178246649169
2022-08-04,4144351.853474769,70978.20347476906,Crisis,0.0,0.43930864568690137,0.4370178246649169
2022-08-05,4160613.315052176,21223.85505217612,Crisis,0.0,0.4348246335353836,0.42620151292797426
2022-08-08,4153065.854552072,55711.45455207206,Crisis,0.0,0.4236724534650498,0.41151660994426664
2022-08-09,4198238.976634326,62339.71663432644,Crisis,0.0,0.4133638698650851,0.39805138460353134
2022-08-10,4216125.174084216,56333.17408421595,Crisis,537.0,0.39853937694460784,0.3794673083666807
2022-08-11,4226145.2398973685,121737.93989736846,Crisis,60108.32,0.3844822309134506,0.3691193070815061
2022-08-12,4220080.017465516,58756.81746551556,Crisis,0.0,0.3709538192453935,0.356473317577211
2022-08-15,4228082.881823109,72481.1418231092,Crisis,0.0,0.36217753596630314,0.3475512951815042
2022-08-16,4229346.175380187,63668.70538018661,Crisis,0.0,0.3525428418887862,0.3475512951815042
2022-08-17,4222369.560677635,17034.11067763474,Crisis,0.0,0.3475809445169615,0.3475512951815042
2022-08-18,4206223.960677634,17034.11067763474,Crisis,0.0,0.3457726130602168,0.3475512951815042
2022-08-19,4183707.7106776345,17034.11067763474,Crisis,0.0,0.3461974163021547,0.3475512951815042
2022-08-22,4162168.2106776345,17034.11067763474,Crisis,0.0,0.34317721622487024,0.33477717074878777
2022-08-23,4120459.8106776346,17034.11067763474,Crisis,0.0,0.3448039576355797,0.33477717074878777
2022-08-24,4121366.660677635,17034.11067763474,Crisis,0.0,0.34589435189093565,0.33477717074878777
2022-08-25,4140130.360677635,17034.11067763474,Crisis,0.0,0.34277873553907157,0.33477717074878777
2022-08-26,4160899.960677635,17034.11067763474,Crisis,0.0,0.3436668782027433,0.33477717074878777
2022-08-29,4141497.560677635,17034.11067763474,Crisis,0.0,0.345276914702813,0.33477717074878777
2022-08-30,4148947.6606776346,17034.11067763474,Crisis,0.0,0.34629813810795007,0.33477717074878777
2022-08-31,4158540.4106776346,17034.11067763474,Crisis,0.0,0.3434765948967292,0.33477717074878777
2022-09-01,4096452.460677635,17034.11067763474,Crisis,0.0,0.3438912970485119,0.33477717074878777
2022-09-02,4076849.210677635,17034.11067763474,Crisis,0.0,0.3430886274470552,0.33477717074878777
2022-09-05,4108953.210677635,17034.11067763474,Crisis,0.0,0.3432349987181801,0.33477717074878777
2022-09-06,4115858.060677635,17034.11067763474,Crisis,0.0,0.34110208109772794,0.33477717074878777
2022-09-07,4062718.310677635,17034.11067763474,Crisis,0.0,0.3409298391078888,0.33477717074878777
2022-09-08,4099950.560677635,17034.11067763474,Crisis,0.0,0.34291401303327657,0.33477717074878777
2022-09-12,4117968.4106776346,17034.11067763474,Crisis,0.0,0.3399545869196299,0.33477717074878777
2022-09-13,4110135.860677635,17034.11067763474,Crisis,0.0,0.3420642401266525,0.33477717074878777
2022-09-14,4076532.110677635,17034.11067763474,Crisis,0.0,0.34399963300347797,0.33477717074878777
2022-09-15,4088795.110677635,17034.11067763474,Crisis,0.0,0.3448292129674191,0.33477717074878777
2022-09-16,4103887.5106776347,17034.11067763474,Crisis,0.0,0.34502511248564877,0.33477717074878777
2022-09-19,4078414.360677635,17034.11067763474,Crisis,0.0,0.345314054790157,0.3431726417035438
2022-09-20,4084810.9106776346,17034.11067763474,Crisis,0.0,0.34575389923390726,0.3550291467634613
2022-09-21,4066818.760677635,17034.11067763474,Crisis,0.0,0.34501823970296713,0.3550291467634613
2022-09-22,4042468.960677635,17034.11067763474,Crisis,0.0,0.3503662770888857,0.3678599874408365
2022-09-23,4021417.721551124,4856.881551123974,Crisis,0.0,0.3591810500707858,0.3678599874408365
2022-09-26,3997681.051551124,4856.881551123974,Crisis,0.0,0.36048216488927937,0.3678599874408365
2022-09-27,3957361.691551124,4856.881551123974,Crisis,0.0,0.3595347281593352,0.3678599874408365
2022-09-28,3903939.611551124,4856.881551123974,Crisis,0.0,0.3535976519502375,0.3531215148243618
2022-09-29,3915290.421551124,4856.881551123974,Crisis,0.0,0.3561810465767489,0.3451991636323411
2022-09-30,3867424.442776712,37576.39277671248,Crisis,0.0,0.34952982792585763,0.3451991636323411
2022-10-03,3847357.572776712,37576.39277671248,Crisis,0.0,0.35525681045901697,0.3451991636323411
2022-10-04,3885986.3777179313,30866.92771793096,Crisis,0.0,0.3512180479648268,0.3451991636323411
2022-10-05,3873668.707717931,30866.92771793096,Crisis,0.0,0.3508988590820342,0.35702577031402477
2022-10-06,3879903.427717931,30866.92771793096,Crisis,0.0,0.34767240348387035,0.363512154879336
2022-10-07,3855342.329972155,7072.6299721545365,Crisis,0.0,0.36215673745632965,0.363512154879336
2022-10-11,3775919.079972155,7072.6299721545365,Crisis,0.0,0.3624833771623341,0.363512154879336
2022-10-12,3787073.579972155,7072.6299721545365,Crisis,0.0,0.3604392075239363,0.3606160727747052
2022-10-13,3725412.829972155,7072.6299721545365,Crisis,0.0,0.36397845336516305,0.3597707802510975
2022-10-14,3717643.9843213055,15639.684321305642,Crisis,0.0,0.3632225424744422,0.36429017940471964
2022-10-17,3692605.8278220543,3432.207822054143,Crisis,0.0,0.3647155512383326,0.3654752763095319
2022-10-18,3707846.977822054,3432.207822054143,Crisis,0.0,0.3637668782092686,0.3654752763095319
2022-10-19,3657003.6578220543,3432.207822054143,Crisis,0.0,0.3644707729917332,0.3654752763095319
2022-10-20,3651688.427822054,3432.207822054143,Crisis,0.0,0.35985884227909143,0.35906223515936486
2022-10-21,3667503.684929265,6409.504929265153,Crisis,0.0,0.35316274809004883,0.34597417438569433
2022-10-24,3665892.279218254,21933.679218253892,Crisis,0.0,0.3486921607725442,0.34597417438569433
2022-10-25,3708962.249218254,21933.679218253892,Crisis,0.0,0.3455086716695755,0.34597417438569433
2022-10-26,3735675.929218254,21933.679218253892,Crisis,0.0,0.3496988830809464,0.34597417438569433
2022-10-27,3726468.0598314437,10882.829831443893,Crisis,0.0,0.34798150934873556,0.34597417438569433
2022-10-28,3732623.8998314436,10882.829831443893,Crisis,0.0,0.35018090626784687,0.34597417438569433
2022-10-31,3748363.659831444,10882.829831443893,Crisis,0.0,0.34913532911020934,0.34597417438569433
2022-11-01,3755712.929831444,10882.829831443893,Crisis,0.0,0.349300205982164,0.34597417438569433
2022-11-02,3733911.609831444,10882.829831443893,Crisis,0.0,0.35315235543551765,0.34597417438569433
2022-11-03,3711066.679831444,10882.829831443893,Crisis,0.0,0.35457533197968993,0.34597417438569433
2022-11-04,3736082.289831444,10882.829831443893,Crisis,0.0,0.3499633194800398,0.34597417438569433
2022-11-07,3740165.7098314436,10882.829831443893,Crisis,0.0,0.3483038402752237,0.34597417438569433
2022-11-08,3751452.189831444,10882.829831443893,Crisis,0.0,0.34481496618996516,0.34597417438569433
2022-11-09,3770987.3798314435,10882.829831443893,Crisis,0.0,0.3436621684101012,0.34597417438569433
2022-11-10,3735342.589831444,10882.829831443893,Crisis,0.0,0.34470325787656925,0.3394032017662353
2022-11-11,3824712.219831444,10882.829831443893,Crisis,0.0,0.3457052097002662,0.3325061775787348
2022-11-14,3821154.330368697,39618.03036869739,Crisis,0.0,0.33298173535880987,0.3226377436460373
2022-11-15,3823883.871278788,33072.81127878772,Crisis,0.0,0.3266712986192901,0.31450982503475283
2022-11-16,3814794.074328456,35222.5343284561,Crisis,0.0,0.32351040867579506,0.32467544772525175
2022-11-17,3829037.1771498686,8623.227149868771,Crisis,0.0,0.3293299181123735,0.33998193371785995
2022-11-18,3803942.78093871,1433.7509387102327,Crisis,0.0,0.33785757410442685,0.3533094863229674
2022-11-21,3817745.8743800805,4.714380080353294,Crisis,0.0,0.3481805242513277,0.3674040457473136
2022-11-22,3831838.3347190944,2.604719094488246,Crisis,0.0,0.35801958750970364,0.3741766374208376
2022-11-23,3862153.554654354,3.0946543542231666,Crisis,0.0,0.3691055624347333,0.3741766374208376
2022-11-24,3908301.4246543543,3.0946543542231666,Crisis,0.0,0.36758048418106665,0.3741766374208376
2022-11-25,3909351.274654354,3.0946543542231666,Crisis,0.0,0.3680062953992795,0.3783386294120065
2022-11-28,3892124.4246543543,3.0946543542231666,Crisis,0.0,0.3733230419860068,0.3783386294120065
2022-11-29,3904870.3146543545,3.0946543542231666,Crisis,0.0,0.3667481899784334,0.3783386294120065
2022-11-30,3928029.8497503935,28.449750393676368,Crisis,0.0,0.367059341489378,0.3783386294120065
2022-12-01,3932458.0997503935,28.449750393676368,Crisis,0.0,0.3698222620839393,0.3783386294120065
2022-12-02,3920701.899750394,28.449750393676368,Crisis,0.0,0.37464791702055045,0.3783386294120065
2022-12-05,3938316.8497503935,28.449750393676368,Crisis,0.0,0.3788924195102723,0.3783386294120065
2022-12-06,3919212.8997503933,28.449750393676368,Crisis,0.0,0.3809517722538339,0.3915246691940313
2022-12-07,3959937.6997503936,28.449750393676368,Crisis,0.0,0.3809241872908962,0.4065349982713998
2022-12-08,3987352.962317509,19.622317509049026,Crisis,0.0,0.3989948231408452,0.4187632624707878
2022-12-09,4014440.3038728535,26.723872853552166,Crisis,0.0,0.4102483049532879,0.4187632624707878
2022-12-12,3990515.4938728535,26.723872853552166,Crisis,0.0,0.4063059202475209,0.42750987867881046
2022-12-13,3956624.4705305086,35.66053050856135,Crisis,0.0,0.4203847174247958,0.42750987867881046
2022-12-14,4000232.0605305084,35.66053050856135,Crisis,0.0,0.419881815500786,0.4315263245102613
2022-12-15,3995925.3405305087,35.66053050856135,Crisis,0.0,0.41942675029496185,0.4346514203447829
2022-12-16,3977214.1293838215,24715.009383821474,Crisis,0.0,0.43310474718314196,0.4346514203447829
2022-12-19,3979902.6093838215,24715.009383821474,Crisis,0.0,0.43175910786069227,0.4366179642134696
2022-12-20,3918373.3858398665,30903.475839866107,Crisis,0.0,0.4279779247328048,0.42612650789449313
2022-12-21,3907815.2058398663,30903.475839866107,Crisis,0.0,0.4281728643410589,0.41628535420331697
2022-12-22,3942540.006708971,82407.03670897134,Crisis,0.0,0.41965441496714057,0.41628535420331697
2022-12-23,3911307.842131792,22093.382131792314,Crisis,0.0,0.4174280895032108,0.41628535420331697
2022-12-26,3920561.362131792,22093.382131792314,Crisis,0.0,0.4163262679078383,0.4042271342417745
2022-12-27,3918875.869933372,51206.869933372094,Crisis,0.0,0.4061744369634914,0.4042271342417745
2022-12-28,3882635.5676023033,12909.627602303595,Crisis,0.0,0.40241702132370716,0.4042271342417745
2022-12-29,3866213.4876023033,12909.627602303595,Crisis,0.0,0.4036653860436112,0.4042271342417745
2022-12-30,3878909.827602303,12909.627602303595,Crisis,0.0,0.4031481188018817,0.39752981007044713
2023-01-03,3881950.537602303,12909.627602303595,Crisis,0.0,0.3997336248798368,0.37830527935231517
2023-01-04,3891567.849920591,62403.169920591354,Crisis,0.0,0.3854631186837997,0.3610746470577219
2023-01-05,3914639.2197691235,71109.90976912394,Crisis,0.0,0.3665697601846007,0.3453169339069059
2023-01-06,3889935.369530235,61130.55953023494,Crisis,0.0,0.3456469021392437,0.3233514639856287
2023-01-09,3957715.442688048,65694.36268804758,Crisis,0.0,0.32639099468016464,0.30529828002019027
2023-01-10,3975813.0919086025,63025.99190860233,Crisis,0.0,0.31217523845020123,0.2929889934083132
2023-01-11,3937345.323426658,56905.28342665787,Crisis,0.0,0.29967126149177314,0.28580635848539304
2023-01-12,3932673.557192064,41118.36719206383,Crisis,0.0,0.2938363871790757,0.28580635848539304
2023-01-13,3951078.777192064,41118.36719206383,Crisis,0.0,0.2950165323781237,0.2849471909870837
2023-01-16,3982034.2539392794,29792.053939279616,Crisis,0.0,0.28459946040868006,0.2849471909870837
2023-01-17,3961221.9139392795,29792.053939279616,Crisis,0.0,0.2849759454343218,0.2840604407489331
2023-01-30,4020929.9097345956,13561.709734595359,Crisis,7282.6,0.2816410197199256,0.2908065102588137
2023-01-31,3926683.9597345954,13561.709734595359,Crisis,0.0,0.2809213604434205,0.2942260740581292
2023-02-01,3950335.9514061133,2702.2914061137926,Crisis,0.0,0.2893999330849496,0.2942260740581292
2023-02-02,3958465.761406114,2702.2914061137926,Crisis,0.0,0.2893012315946392,0.2942260740581292
2023-02-03,3961145.011406114,2702.2914061137926,Crisis,0.0,0.29116941356069737,0.2976449767983622
2023-02-06,3928467.051406114,2702.2914061137926,Crisis,0.0,0.2910109579742575,0.2976449767983622
2023-02-07,3928882.881406114,2702.2914061137926,Crisis,0.0,0.28998136986772516,0.2976449767983622
2023-02-08,3927219.011406114,2702.2914061137926,Bull,0.0,0.28868867937010495,0.22332088818447426
2023-02-09,3921153.4788306826,241654.08883068245,Bull,0.0,0.23941369422753392,0.16831667187562127
2023-02-10,3934561.106697775,240591.20669777493,Crisis,0.0,0.187069200360633,0.2009102575380244
2023-02-13,3951094.7994782333,60612.98947823343,Crisis,0.0,0.1949563852787642,0.2236658666912847
2023-02-14,3975010.60080784,14624.130807839625,Bull,0.0,0.2154996818941592,0.1677494000184635
2023-02-15,3945384.1679473678,179728.75794736738,Crisis,0.0,0.1817343076055972,0.2034478139288156
2023-02-16,3954196.609163987,45104.80916398739,Crisis,0.0,0.19688019513136815,0.22845164549626815
2023-02-17,3949740.7772314376,11144.127231437786,Crisis,0.0,0.21995943506170332,0.2457637851020317
2023-02-20,3981451.57252637,2061.6725263703993,Crisis,0.0,0.2393615073899503,0.25341626417187296
2023-02-21,3959239.7939255266,8.543925526781095,Crisis,0.0,0.24601040873916852,0.2524441571830153
2023-02-22,3956997.1971798157,12671.277179815668,Crisis,0.0,0.24906141472690432,0.2504135162694905
2023-02-23,3953601.0773126394,50946.9873126397,Bull,0.0,0.24799643940466948,0.18781013720211787
2023-02-24,3945979.3316602036,213105.80166020335,Crisis,0.0,0.20542977087995662,0.2012667701628626
2023-03-01,3949151.006355261,54464.11635526083,Bull,0.0,0.2012523296072976,0.15095007762214696
2023-03-02,3929478.8153071874,196688.40530718732,Bull,0.0,0.16332732409700698,0.11321255821661022
2023-03-03,3929273.0882689073,209983.8682689075,Bull,0.0,0.12560289369386393,0.08490941866245766
2023-03-06,3955909.2787035485,167022.86870354848,Bull,0.0,0.09582749079732075,0.06368206399684324
2023-03-07,3975806.9818930123,129184.0818930124,Bull,0.0,0.07132136979773293,0.047761547997632436
2023-03-08,3969833.1990161757,89842.59901617625,Bull,0.0,0.05365522663591693,0.03582116099822433
2023-03-09,3948156.8277798616,70518.37777986124,Bull,0.0,0.040429473033308815,0.026865870748668245
2023-03-10,3913222.361002853,49720.31100285287,Bull,0.0,0.030798083748329097,0.020149403061501182
2023-03-13,3908998.2038461114,61211.803846111594,Bull,0.0,0.022776961092588192,0.015112052296125887
2023-03-14,3857680.5179223577,46898.697922357605,Bull,0.0,0.017182558195798756,0.015112052296125887
2023-03-15,3845028.817922358,46898.697922357605,Bull,0.0,0.017188302904765,0.015112052296125887
2023-03-16,3804291.4479252575,13483.44792525761,Bull,0.0,0.01597495902506206,0.015112052296125887
2023-03-17,3817251.7679252573,13483.44792525761,Bull,0.0,0.01594865198872888,0.015112052296125887
2023-03-20,3813088.5579252574,13483.44792525761,Bull,0.0,0.016045289552176004,0.015112052296125887
2023-03-21,3841136.6579252575,13483.44792525761,Bull,0.0,0.01592812634608183,0.015112052296125887
2023-03-22,3893755.997925258,13483.44792525761,Bull,0.0,0.015722004674309103,0.012246119532127932
2023-03-23,3916833.9579252577,13483.44792525761,Bull,0.0,0.015665665345819823,0.012246119532127932
2023-03-24,3918622.6779252575,13483.44792525761,Bull,0.0,0.01564037546795645,0.010337964749638613
2023-03-27,3916526.3393769525,15587.259376952514,Bull,0.0,0.011707588824053301,0.010337964749638613
2023-03-28,3905867.0393769527,15587.259376952514,Bull,0.0,0.011603743686889476,0.010337964749638613
2023-03-29,3919011.089376952,15587.259376952514,Bull,0.0,0.01154790812474963,0.010337964749638613
2023-03-30,3910695.3593769525,15587.259376952514,Bull,0.0,0.011630105600259823,0.010337964749638613
2023-03-31,3931634.9293769524,15587.259376952514,Bull,0.0,0.011625499523996559,0.010337964749638613
2023-04-06,3946893.1993769524,15587.259376952514,Bull,0.0,0.011906438210037777,0.010337964749638613
2023-04-07,3937237.0993769523,15587.259376952514,Bull,0.0,0.0119356388284151,0.010337964749638613
2023-04-10,3955312.6293769525,15587.259376952514,Bull,0.0,0.01182410200716978,0.010337964749638613
2023-04-11,3974505.439376952,15587.259376952514,Bull,0.0,0.01175365859036869,0.010337964749638613
2023-04-12,3967308.0093769524,15587.259376952514,Bull,0.0,0.011798378116689495,0.010337964749638613
2023-04-13,3982929.789376952,15587.259376952514,Bull,0.0,0.011728798264181202,0.00775347356222896
2023-04-14,4003001.0993769527,15587.259376952514,Bull,0.0,0.011607051521227846,0.00775347356222896
2023-04-17,3997698.159376953,15587.259376952514,Bull,0.0,0.011592596077144237,0.00775347356222896
2023-04-18,4025949.9993769526,15587.259376952514,Bull,0.0,0.011425611348158496,0.00775347356222896
2023-04-19,4017906.1193769523,15587.259376952514,Bull,0.0,0.01148808823018434,0.0058151051716717195
2023-04-20,4008363.7993769525,15587.259376952514,Bull,0.0,0.011525361048111664,0.0058151051716717195
2023-04-21,4019153.209376952,15587.259376952514,Bull,0.0,0.011349256329312992,0.0058151051716717195
2023-04-24,4024284.9093769523,15587.259376952514,Bull,0.0,0.011318308973072148,0.0058151051716717195
2023-04-25,4009317.2193769524,15587.259376952514,Bull,0.0,0.011479625452822701,0.00436132887875379
2023-04-26,4028028.5512164235,58170.601216423616,Bull,0.0,0.006148119280962218,0.003270996659065342
2023-04-27,4008974.9566183477,48678.68661834754,Bull,0.0,0.003981022623663988,0.003270996659065342
2023-04-28,3960139.7306622043,13007.630662204017,Bull,0.0,0.0034897758513407436,0.003270996659065342
2023-05-02,3958597.4306622045,13007.630662204017,Bull,0.0,0.0034648635634832795,0.0024532474942990067
2023-05-03,3953085.252619598,43289.76261959806,Bull,0.0,0.002734039189475592,0.001839935620724255
2023-05-04,3972657.9626633627,41287.58266336307,Bull,0.0,0.0020605801146071803,0.001839935620724255
2023-05-05,3975306.4387811287,12846.808781128728,Bull,0.0,0.0018787683704429025,0.001839935620724255
2023-05-08,3981066.0087811286,12846.808781128728,Bull,0.0,0.0018755026878557075,0.001839935620724255
2023-05-09,3993662.278781129,12846.808781128728,Bull,0.0,0.001852665419234738,0.001839935620724255
2023-05-10,4011722.998781129,12846.808781128728,Bull,0.0,0.0018437813384043044,0.0013799517155431912
2023-05-11,4004074.148781129,12846.808781128728,Bull,0.0,0.0018581923619633508,0.0013799517155431912
2023-05-12,3963534.2187811285,12846.808781128728,Bull,0.0,0.0018931487873737863,0.0013799517155431912
2023-05-15,3978802.1487811287,12846.808781128728,Bull,0.0,0.001872734486755674,0.0010349637866573934
2023-05-16,4019474.887168219,48200.13716821863,Bull,0.0,0.0012243639127366534,0.0010349637866573934
2023-05-17,4066463.9373756447,16740.357375644555,Bull,0.0,0.001074454382797195,0.0010349637866573934
2023-05-18,4096343.097375645,16740.357375644555,Bull,0.0,0.001066302283809761,0.000776222839993045
2023-05-19,4117458.7273756447,16740.357375644555,Bull,0.0,0.0010583275482587357,0.000776222839993045
2023-05-22,4109906.6773756444,16740.357375644555,Bull,0.0,0.0010587028712725935,0.000776222839993045
2023-05-23,4114629.5573756443,16740.357375644555,Bull,0.0,0.0010565471178826497,0.0005821671299947838
2023-05-24,4093459.449594297,1520.3195942972588,Bull,0.0,0.000710738688345465,0.0005821671299947838
2023-05-25,4093449.989594297,1520.3195942972588,Bull,0.0,0.0007084293218120913,0.00043662534749608784
2023-05-26,4085405.515153232,842.0751532320638,Bull,0.0,0.0005117337782615652,0.0003274690106220659
2023-05-29,4084639.6426171577,651.5226171576013,Bull,0.0,0.00038087080773744855,0.0002456017579665494
2023-05-30,4087872.0248088315,467.31480883148157,Bull,0.0,0.0002818728162249368,0.0002456017579665494
2023-05-31,4072205.1948088314,467.31480883148157,Bull,0.0,0.00028404266108066295,0.0002456017579665494
2023-06-01,4059769.4248088314,467.31480883148157,Bull,0.0,0.0002854989726552213,0.0002456017579665494
2023-06-02,4082995.6248088316,467.31480883148157,Bull,0.0,0.0002847076281289004,0.0002456017579665494
2023-06-05,4111431.4248088314,467.31480883148157,Bull,0.0,0.00028067110472447087,0.0002456017579665494
2023-06-06,4103148.8148088316,467.31480883148157,Bull,0.0,0.0002809062142323737,0.0002456017579665494
2023-06-07,4129967.7048088317,467.31480883148157,Bull,0.0,0.0002808109125525673,0.00018420131847491207
2023-06-08,4133676.3542126766,334.43421267677576,Bull,0.0,0.0002120920761265029,0.00018420131847491207
2023-06-09,4143652.9342126767,334.43421267677576,Bull,0.0,0.00021271086502505843,0.00018420131847491207
2023-06-12,4148660.1242126767,334.43421267677576,Bull,0.0,0.00021239146462189904,0.00018420131847491207
2023-06-13,4173323.534212677,334.43421267677576,Bull,0.0,0.00021182158362585996,0.00013815098885618405
2023-06-14,4162806.4821443358,287.63214433545625,Bull,0.0,0.00016296697982716318,0.00013815098885618405
2023-06-15,4155474.7321443358,287.63214433545625,Bull,0.0,0.00016349515850609239,0.00013815098885618405
2023-06-16,4116080.2821443356,287.63214433545625,Bull,0.0,0.00016666341591438,0.00010361324164213803
2023-06-19,4135467.5905467765,271.39054677633715,Bull,0.0,0.0001252820844695578,0.00010361324164213803
2023-06-20,4143490.7905467763,271.39054677633715,Bull,0.0,0.00012474988509188643,0.00010361324164213803
2023-06-21,4163056.4905467764,271.39054677633715,Bull,0.0,0.00012553276689535424,0.00010361324164213803
2023-06-26,4146218.8905467764,271.39054677633715,Bull,0.0,0.00012618725972062797,0.00010361324164213803
2023-06-27,4126680.340546776,271.39054677633715,Bull,0.0,0.0001263848800876338,0.012209568485628364
2023-06-28,4137009.494769093,9.444769093213836,Bull,0.0,0.002525012333959616,0.023789964715464483
2023-06-29,4160161.796444095,9800.746444095586,Bull,9784.862,0.009652989947247993,0.03405557438585974
2023-06-30,4148075.8028174853,20.302817485331616,Bull,0.0,0.020638352351673935,0.03405557438585974
2023-07-03,4149628.002817485,20.302817485331616,Bull,0.0,0.020832602329968964,0.03405557438585974
2023-07-04,4156701.2528174855,20.302817485331616,Bull,0.0,0.02083866381816287,0.03405557438585974
2023-07-05,4141946.6528174854,20.302817485331616,Bull,0.0,0.02091884740742893,0.03975576797642216
2023-07-06,4066814.1917607165,33.391760716342105,Bull,0.0,0.027944687079691076,0.03975576797642216
2023-07-07,4042057.781760716,33.391760716342105,Bull,0.0,0.027825403809791004,0.03975576797642216
2023-07-10,4024490.351760716,33.391760716342105,Bull,0.0,0.02788204224440683,0.03975576797642216
2023-07-11,4097353.371760716,33.391760716342105,Bull,0.0,0.027561310864303697,0.04953941427296391
2023-07-12,4122971.773882433,31.43388243260415,Bull,0.0,0.03643814419290369,0.04953941427296391
2023-07-13,4125726.5438824324,31.43388243260415,Bull,0.0,0.03658161984191379,0.060146258982954795
2023-07-14,4179128.8819167987,21.181916798232123,Bull,0.0,0.04703104535743606,0.060146258982954795
2023-07-17,4190134.531916798,21.181916798232123,Bull,0.0,0.04698820491329979,0.060146258982954795
2023-07-18,4195009.481916798,7662.981916798231,Bull,7641.799999999999,0.04614107568394741,0.060146258982954795
2023-07-19,4170352.6819167985,7662.981916798231,Bull,0.0,0.04671114528147393,0.060146258982954795
2023-07-20,4205163.681916798,7662.981916798231,Bull,0.0,0.046605867172967205,0.060146258982954795
2023-07-21,4184086.631916798,7662.981916798231,Bull,0.0,0.046679028706087214,0.060146258982954795
2023-07-24,4157679.281916798,7662.981916798231,Bull,0.0,0.04721946708440913,0.060146258982954795
2023-07-25,4187369.881916798,7662.981916798231,Bull,0.0,0.04685774257663218,0.060146258982954795
2023-07-26,4215340.931916798,7662.981916798231,Bull,0.0,0.04643987358597449,0.060146258982954795
2023-07-27,4242717.631916799,7662.981916798231,Bull,0.0,0.04621990361196998,0.060146258982954795
2023-07-28,4233421.481916798,7662.981916798231,Bull,0.0,0.046015250508862175,0.060146258982954795
2023-07-31,4243612.081916798,7662.981916798231,Bull,0.0,0.04602425863388078,0.05418018626832489
2023-08-01,4284637.931916798,7662.981916798231,Bull,0.0,0.045964969066101334,0.05418018626832489
2023-08-02,4207044.231916798,7662.981916798231,Bull,0.0,0.04638412130767901,0.048028636346787154
2023-08-04,4208484.41161085,28161.671610850113,Bull,0.0,0.04694835971232057,0.03720810868948395
2023-08-07,4227788.043504976,43725.49350497547,Bull,0.0,0.039527963152442114,0.03720810868948395
2023-08-08,4201106.400736272,17092.10073627185,Bull,0.0,0.037972663575490916,0.03720810868948395
2023-08-09,4229595.800736272,17494.60073627185,Bull,402.5,0.03798187996404645,0.03117129435834789
2023-08-10,4205739.027591411,89039.35759141145,Bull,46110.64,0.03302228671081789,0.02681841273822328
2023-08-11,4175476.9567225035,59140.776722503346,Bull,8396.800000000001,0.028454552912503605,0.02681841273822328
2023-08-14,4128968.9690098423,17499.249009842653,Bull,0.0,0.02751638989121431,0.02681841273822328
2023-08-15,4089121.5090098423,17499.249009842653,Bull,0.0,0.027752014644211166,0.03541441061449524
2023-08-16,4029267.6990098427,17499.249009842653,Bull,0.0,0.028048769265882408,0.05192467002691478
2023-08-17,4009281.8233511955,48375.953351195625,Bull,44509.009999999995,0.04587141241327753,0.0569858597587843
2023-08-18,4006659.3533511953,48375.953351195625,Bull,0.0,0.045670366223409954,0.0569858597587843
2023-08-21,4007174.0533511955,48375.953351195625,Bull,0.0,0.045528593859661466,0.0569858597587843
2023-08-22,3997300.5833511953,48375.953351195625,Bull,0.0,0.045409439749418114,0.04830374061869975
2023-08-23,3994474.443351195,48375.953351195625,Bull,0.0,0.04586421633137301,0.04830374061869975
2023-08-24,4019398.0333511955,48375.953351195625,Bull,0.0,0.046040496229657876,0.05291292854998729
2023-08-25,3992021.8801831002,12502.48018310031,Bull,0.0,0.05141868109966001,0.06610987864558776
2023-08-28,4035400.7301831003,12502.48018310031,Bull,0.0,0.05112103203456568,0.06610987864558776
2023-08-29,4048680.7801831,12502.48018310031,Bull,0.0,0.051147771642948564,0.06610987864558776
2023-08-30,4056797.4301831005,12502.48018310031,Bull,0.0,0.05138872561122449,0.06610987864558776
2023-08-31,4001528.7801831006,12502.48018310031,Bull,0.0,0.052204422728265705,0.08124445571224434
2023-09-01,4015002.069851774,9.499851773580303,Bull,0.0,0.07040805087565902,0.09585023690819189
2023-09-04,4031613.777681849,17.377681848898646,Bull,0.0,0.08459843100251332,0.09585023690819189
2023-09-05,4018451.197681849,17.377681848898646,Bull,0.0,0.0847759754296689,0.09585023690819189
2023-09-06,3986145.147681849,17.377681848898646,Bull,0.0,0.08508667081459483,0.09585023690819189
2023-09-07,3993786.997681849,17.377681848898646,Bull,0.0,0.08492386303948264,0.09585023690819189
2023-09-08,4008111.647681849,17.377681848898646,Bull,0.0,0.08536898421926399,0.10947564684929577
2023-09-11,4023865.873135192,15.373135192028712,Bull,0.0,0.1001394461704668,0.10947564684929577
2023-09-12,4053284.0931351916,15.373135192028712,Bull,0.0,0.09950023505212724,0.10527092267175411
2023-09-13,4054656.173135192,15.373135192028712,Bull,0.0,0.09937900596104741,0.0883214776819708
2023-09-14,4118879.2058401383,65168.585840138156,Bull,0.0,0.0898281186482457,0.07289465982039872
2023-09-15,4105204.491569203,64680.55156920301,Bull,0.0,0.07727625765086744,0.05831321226666866
2023-09-18,4107774.6381830713,58088.68818307091,Bull,0.0,0.06272009121560718,0.0437349092000015
2023-09-19,4098948.284235054,58650.934235053915,Bull,0.0,0.04886100924236863,0.04631409363893861
2023-09-20,4100885.4321555747,58487.292155575175,Bull,0.0,0.04679661092095577,0.04005009902286481
2023-09-21,4049465.3553587217,86241.28535872168,Bull,0.0,0.04230798512037726,0.050530748544499224
2023-09-22,4072497.5305635864,31324.880563586696,Bull,0.0,0.04770436287363801,0.04312712573130312
2023-09-25,4088450.5339877885,52473.4839877887,Bull,0.0,0.04432319738090324,0.03871672424264269
2023-09-26,4058705.5441538645,49541.46415386459,Bull,0.0,0.04005424346049507,0.034803911393299046
2023-09-27,4048219.6257180413,42151.35571804124,Bull,0.0,0.036138693926234526,0.030310955573097022
2023-09-28,4047520.06268706,34871.79268705999,Bull,0.0,0.03156039204786433,0.022733216679822768
2023-10-02,4048254.9337296337,26665.693729633695,Bull,0.0,0.02480910704590215,0.017049912509867076
2023-10-03,4037741.2137296335,26665.693729633695,Bull,0.0,0.024602931377130058,0.017049912509867076
2023-10-04,3975766.8437296334,26665.693729633695,Bull,0.0,0.02444408935933288,0.012787434382400306
2023-10-05,4014608.5976191442,35103.70761914391,Bull,0.0,0.015765033741404894,0.012787434382400306
2023-10-06,4038675.5676191445,35103.70761914391,Bull,0.0,0.015559979737873835,0.00959057578680023
2023-10-11,4123485.4934572265,18283.893457226415,Bull,0.0,0.010995988726514076,0.00959057578680023
2023-10-12,4160100.8434572266,18283.893457226415,Bull,0.0,0.011026175019805533,0.007192931840100172
2023-10-13,4116946.377284785,11864.477284784773,Bull,0.0,0.0081402080398488,0.005394698880075129
2023-10-16,4133799.8214251264,8587.401425126658,Bull,0.0,0.006073327467352964,0.005394698880075129
2023-10-17,4126420.0714251264,8587.401425126658,Bull,0.0,0.006019047884143821,0.005394698880075129
2023-10-18,4115188.6614251263,8587.401425126658,Bull,0.0,0.006013080331396179,0.005394698880075129
2023-10-19,4088030.4014251265,8587.401425126658,Bull,0.0,0.005870797827636842,0.004046024160056347
2023-10-20,4032920.751499113,5530.701499113296,Bull,0.0,0.0045347903236635225,0.0030345181200422604
2023-10-23,4012520.315022565,4585.715022564878,Bull,0.0,0.0034004563039634777,0.0030345181200422604
2023-10-24,4012142.1850225646,4585.715022564878,Bull,0.0,0.0034604007933287935,0.0030345181200422604
2023-10-25,3997545.715022565,4585.715022564878,Bull,0.0,0.003501848633623689,0.002275888590031695
2023-10-26,3960156.401493786,3688.9414937861666,Bear,0.0,0.0025746104361317862,0.03554750497893586
2023-10-27,3999530.224739933,22.94473993295105,Bull,0.0,0.015532269168947068,0.026660628734201892
2023-10-30,3971432.4426514716,17.342651471648423,Bull,0.0,0.020042113557107097,0.026660628734201892
2023-10-31,3978441.5826514717,17.342651471648423,Bear,0.0,0.019994019856133322,0.05433623075414889
2023-11-01,3991803.235574063,7.335574062904925,Bear,0.0,0.03580241599244236,0.07560693072401103
2023-11-02,4058519.5626732334,19.112673233816167,Bull,0.0,0.05541348181943142,0.056705198043008276
2023-11-03,4096242.6126732337,19.112673233816167,Bull,0.0,0.055800674328426,0.04252889853225621
2023-11-06,4119442.2961926255,52744.21619262615,Bull,0.0,0.0455758004362688,0.03189667389919215
2023-11-07,4117929.012951044,57723.00295104366,Bull,0.0,0.03523602751374699,0.023922505424394114
2023-11-08,4122113.690582592,42630.62058259196,Bull,0.0,0.027023179941516005,0.023922505424394114
2023-11-09,4113795.479677658,15565.259677658363,Bull,0.0,0.025082851228200885,0.023922505424394114
2023-11-10,4111803.4696776583,15565.259677658363,Bull,0.0,0.024836683161806344,0.017941879068295585
2023-11-13,4121576.4848370994,34678.314837099744,Bull,0.0,0.019616358036164287,0.013456409301221689
2023-11-14,4128813.951740173,20353.141740173007,Bull,0.0,0.015067029109844188,0.013456409301221689
2023-11-15,4185137.731740173,20353.141740173007,Bull,0.0,0.015085773526920018,0.010092306975916267
2023-11-16,4197936.68939378,22696.38939378084,Bull,0.0,0.011220107277702146,0.010034678502781953
2023-11-17,4206057.487365106,50766.297365106,Bull,0.0,0.010345101114454391,0.011147520453573062
2023-11-20,4207633.133021176,66626.82302117563,Bull,0.0,0.010920940240577943,0.009687949235529698
2023-11-21,4258562.869195971,64078.669195970644,Bull,0.0,0.009936779448788428,0.007265961926647273
2023-11-22,4249092.590747588,54446.0607475884,Bull,0.0,0.007939525740968735,0.005449471444985455
2023-11-23,4244438.664399893,38011.73439989241,Bull,0.0,0.006157629327810121,0.005449471444985455
2023-11-24,4244948.742981624,14906.192981624165,Bull,0.0,0.005604802658533065,0.005449471444985455
2023-11-27,4239139.592981624,14906.192981624165,Bull,0.0,0.005584010500430485,0.005449471444985455
2023-11-28,4267319.442981624,14906.192981624165,Bull,0.0,0.0055870670847508585,0.005449471444985455
2023-11-29,4244877.242981624,14906.192981624165,Bull,0.0,0.005618277899421282,0.005449471444985455
2023-11-30,4274376.192981624,14906.192981624165,Bull,0.0,0.005639302417877665,0.005449471444985455
2023-12-01,4220005.742981624,14906.192981624165,Bull,0.0,0.005718688899922923,0.009286596522029435
2023-12-04,4230841.192981624,14906.192981624165,Bull,0.0,0.005766134649645772,0.0193194000389686
2023-12-05,4234870.392981624,14906.192981624165,Bull,0.0,0.005790826571845551,0.027962014620747273
2023-12-06,4270333.046171707,29.406171707698377,Bull,0.0,0.02161444763254389,0.03364548297686098
2023-12-07,4233708.038526738,11500.508526737955,Bull,0.0,0.031097486837050475,0.03364548297686098
2023-12-08,4252351.928526738,11500.508526737955,Bull,0.0,0.030846440324012625,0.03364548297686098
2023-12-11,4244604.618526738,11500.508526737955,Bull,0.0,0.030920420579845165,0.03364548297686098
2023-12-12,4260775.868526738,11500.508526737955,Bull,0.0,0.03084709547170944,0.043665703955373225
2023-12-13,4244261.008526738,11500.508526737955,Bull,0.0,0.031117407655813355,0.05732174782814175
2023-12-14,4292242.910922482,1.400922481843736,Bull,0.0,0.04838898084529937,0.07480936441413158
2023-12-15,4273944.129333293,13.429333292704541,Bull,0.0,0.06545564039547698,0.08770606321334934
2023-12-18,4272541.988033832,27.03803383167542,Bull,0.0,0.07646457329500515,0.09805797245928935
2023-12-19,4259308.866587239,13.736587239232904,Bull,0.0,0.08519717432249932,0.09609199769244989
2023-12-20,4222655.673037427,18.11303742736891,Bull,0.0,0.08828073820469803,0.09909617449943509
2023-12-21,4197090.463037427,18.11303742736891,Bull,0.0,0.08884287896195267,0.09909617449943509
2023-12-22,4199416.923037427,18.11303742736891,Bull,0.0,0.08803745062126214,0.09909617449943509
2023-12-25,4221318.173037427,18.11303742736891,Bull,0.0,0.0872166808821913,0.09774197402951004
2023-12-26,4244415.948114955,12.898114954838604,Bull,0.0,0.08678687586300235,0.09774197402951004
2023-12-27,4263058.398114955,12.898114954838604,Bull,0.0,0.08640735490812929,0.09774197402951004
2023-12-28,4283835.248114956,12.898114954838604,Bull,0.0,0.08622766250465468,0.09774197402951004
2023-12-29,4278582.798114955,12.898114954838604,Bull,0.0,0.08628558039420253,0.09774197402951004
2024-01-02,4277765.748114955,12.898114954838604,Bull,0.0,0.08567876821247362,0.09774197402951004
2024-01-03,4216096.598114955,12.898114954838604,Bull,0.0,0.0866401163966026,0.09774197402951004
2024-01-04,4216233.948114955,12.898114954838604,Bull,0.0,0.08629677681018466,0.09774197402951004
2024-01-05,4223845.348114955,12.898114954838604,Bull,0.0,0.08551001995401895,0.09774197402951004
2024-01-08,4255088.248114956,12.898114954838604,Bull,0.0,0.08423144929104116,0.09774197402951004
2024-01-09,4242026.448114955,12.898114954838604,Bull,0.0,0.0857962472538873,0.09774197402951004
2024-01-10,4237105.648114955,12.898114954838604,Bull,0.0,0.08637994432893832,0.1008510055223975
2024-01-11,4247624.448114955,12.898114954838604,Bull,0.0,0.08647989116905533,0.09893889699822794
2024-01-12,4234007.998114955,12.898114954838604,Bull,0.0,0.08704865464687138,0.09767262800785115
2024-01-15,4223172.567492899,33153.317492898736,Bull,0.0,0.09607617105754993,0.09714325609522154
2024-01-16,4173963.7303130594,45406.160313059074,Bull,0.0,0.09793542694951506,0.10507196488062742
2024-01-17,4083096.373844874,17819.293844874228,Bull,9294.0,0.1033056390003361,0.10507196488062742
2024-01-18,4107100.6938448744,17819.293844874228,Bull,0.0,0.10258594356632876,0.0966968541646955
2024-01-19,4129142.8938448736,17819.293844874228,Bull,0.0,0.10088534369226167,0.08205602581408242
2024-01-22,4145215.939387476,58484.84938747605,Bull,0.0,0.0870199876856842,0.07288969292760719
2024-01-23,4145958.9977296726,43860.34772967201,Bull,0.0,0.07652200616883331,0.06796552823192936
2024-01-24,4148772.1236794326,26409.09367943219,Bull,0.0,0.06966792134721095,0.06185379864629068
2024-01-25,4152585.1171521912,24155.06715219154,Bull,0.0,0.06355657802410007,0.06185379864629068
2024-01-26,4192214.5671521914,24155.06715219154,Bull,0.0,0.06340571212235621,0.06185379864629068
2024-01-29,4203318.317152192,24155.06715219154,Bull,0.0,0.06305871456806039,0.054405341085238666
2024-01-30,4166613.8851531283,27349.32515312847,Bull,0.0,0.05741267767872581,0.054405341085238666
2024-01-31,4157889.3251531282,27349.32515312847,Bull,0.0,0.05795642480000962,0.054405341085238666
2024-02-01,4189213.9751531286,27349.32515312847,Bull,0.0,0.05768463999052874,0.054405341085238666
2024-02-02,4197365.335153128,27349.32515312847,Bull,0.0,0.057556488585043905,0.054405341085238666
2024-02-05,4179312.515153128,27349.32515312847,Bull,0.0,0.05743258948205396,0.054405341085238666
2024-02-15,4208701.555153129,27349.32515312847,Bull,0.0,0.056002208023378,0.04766420494864689
2024-02-16,4210196.965153129,27349.32515312847,Bull,0.0,0.0559662390976594,0.04766420494864689
2024-02-19,4239015.175153128,27349.32515312847,Bull,0.0,0.05548995233108665,0.03845691637565516
2024-02-20,4246537.561558567,53973.28155856686,Bull,0.0,0.04261778622619254,0.03845691637565516
2024-02-21,4231781.271558567,53973.28155856686,Bull,0.0,0.042901848736887724,0.03845691637565516
2024-02-22,4238008.031558567,53973.28155856686,Bull,0.0,0.042851110391410395,0.03845691637565516
2024-02-23,4236934.111558567,53973.28155856686,Bull,0.0,0.0429603636042958,0.03845691637565516
2024-02-26,4222540.321558567,53973.28155856686,Bull,0.0,0.043551079680897574,0.03845691637565516
2024-02-27,4236400.861558567,53973.28155856686,Bull,0.0,0.04308877652641287,0.03409219017448775
2024-02-29,4265126.008147109,28618.85814710866,Bull,0.0,0.03605545292360702,0.029272835741480676
2024-03-01,4246660.858147109,28618.85814710866,Bull,0.0,0.036160481170846644,0.029272835741480676
2024-03-04,4268584.158147109,28618.85814710866,Bull,0.0,0.036015946811444294,0.029272835741480676
2024-03-05,4278561.658147109,28618.85814710866,Bull,0.0,0.03597304708859897,0.029272835741480676
2024-03-06,4304732.108147109,28618.85814710866,Bull,0.0,0.03593812486198809,0.029272835741480676
2024-03-07,4320339.308147109,28618.85814710866,Bull,0.0,0.03601175484217369,0.029272835741480676
2024-03-08,4363122.188214265,21810.188214264435,Bull,0.0,0.03066075031347036,0.029272835741480676
2024-03-11,4354205.538214264,21810.188214264435,Bull,0.0,0.030810327813560013,0.029272835741480676
2024-03-12,4371013.408214265,21810.188214264435,Bull,0.0,0.030674561589774815,0.029272835741480676
2024-03-13,4397915.098214265,21810.188214264435,Bull,0.0,0.030366629872920187,0.029272835741480676
2024-03-14,4467713.0782142645,21810.188214264435,Bull,0.0,0.02982455177118463,0.022415891990033895
2024-03-15,4472648.178214265,21810.188214264435,Bull,0.0,0.029664906496842697,0.022415891990033895
2024-03-18,4464845.738214265,21810.188214264435,Bull,0.0,0.029708282833765077,0.022415891990033895
2024-03-19,4436952.648214265,21810.188214264435,Bull,0.0,0.02997169916914067,0.022415891990033895
2024-03-20,4411658.607099616,25103.90709961611,Bull,0.0,0.024538571462847457,0.022415891990033895
2024-03-21,4484866.207099616,25103.90709961611,Bull,0.0,0.024090183521856004,0.022415891990033895
2024-03-22,4463851.107099616,25103.90709961611,Bull,0.0,0.024498845811874774,0.022415891990033895
2024-03-25,4459086.307099616,25103.90709961611,Bull,0.0,0.024538771502534983,0.022415891990033895
2024-03-26,4493407.357099616,25103.90709961611,Bull,0.0,0.024276310009518173,0.022415891990033895
2024-03-27,4490443.007099615,25103.90709961611,Bull,0.0,0.024305987143682,0.022415891990033895
2024-03-28,4467391.657099616,25103.90709961611,Bull,0.0,0.02456862044445381,0.022415891990033895
2024-03-29,4504159.157099616,25103.90709961611,Bull,0.0,0.024476943676873208,0.022415891990033895
2024-04-01,4510426.507099615,25103.90709961611,Bull,0.0,0.024442932353839396,0.022415891990033895
2024-04-02,4507067.557099616,25103.90709961611,Bull,0.0,0.024202732401507915,0.022415891990033895
2024-04-03,4449242.357099616,25103.90709961611,Bull,0.0,0.02439328795537897,0.022415891990033895
2024-04-08,4485189.675540663,14187.565540662636,Bull,0.0,0.02262021616460849,0.01681191899252542
2024-04-09,4525372.2955406625,14187.565540662636,Bull,0.0,0.02253387640625417,0.01681191899252542
2024-04-10,4525101.535540663,14187.565540662636,Bull,0.0,0.022605209893434626,0.01681191899252542
2024-04-11,4512848.205540663,14187.565540662636,Bull,0.0,0.022430543946884787,0.01681191899252542
2024-04-12,4485829.895540663,14187.565540662636,Bull,0.0,0.022507882008715986,0.01681191899252542
2024-04-15,4466636.995540663,14187.565540662636,Bull,0.0,0.02260459717250395,0.014249294456136112
2024-04-16,4372342.922824002,64816.56282400145,Bull,0.0,0.01654388991824091,0.016641878801878528
2024-04-17,4377698.699023515,26300.699023514604,Bull,0.0,0.016451886014006635,0.016641878801878528
2024-04-18,4408204.549023515,26300.699023514604,Bull,0.0,0.01619580017352302,0.016641878801878528
2024-04-19,4316286.249023515,26300.699023514604,Bull,0.0,0.016632701321938875,0.013743312572472886
2024-04-22,4393897.440737521,51800.840737521285,Bull,0.0,0.014150444073533894,0.012513234467842837
2024-04-23,4433096.412569084,61850.142569083415,Bull,0.0,0.01289654333659477,0.009384925850882127
2024-04-24,4414527.616632939,65263.46663293874,Bull,0.0,0.010286649885007578,0.009384925850882127
2024-04-25,4359854.763989598,28792.683989597244,Bull,0.0,0.009689882412812593,0.009384925850882127
2024-04-26,4376164.203989598,28792.683989597244,Bull,0.0,0.009622701077260603,0.009384925850882127
2024-04-29,4496310.7239895975,28792.683989597244,Sideways,0.0,0.009439792444401848,0.009384925850882127
2024-04-30,4507802.383989598,28792.683989597244,Sideways,0.0,0.009459598351394457,0.009384925850882127
2024-05-02,4542069.9739895975,28792.683989597244,Sideways,0.0,0.00937190317273115,0.012589934855894637
2024-05-03,4552617.093989598,28792.683989597244,Sideways,0.0,0.009342046370679724,0.016552200310954765
2024-05-06,4699934.946446354,51993.406446353256,Sideways,0.0,0.014400239741865653,0.016552200310954765
2024-05-07,4705242.510636135,12995.380636135309,Sideways,0.0,0.016143350704729276,0.022255577928368166
2024-05-08,4716599.730636135,12995.380636135309,Bull,0.0,0.016095281417861852,0.016691683446276126
2024-05-09,4664152.274516153,53358.90451615305,Bull,0.0,0.01664526915730978,0.016691683446276126
2024-05-10,4765306.086131577,19293.08613157715,Bull,0.0,0.01640083524276724,0.012518762584707094
2024-05-13,4771099.826131578,19293.08613157715,Bull,0.0,0.01632475589242723,0.009389071938530322
2024-05-14,4738640.670671132,45035.69067113199,Bull,0.0,0.011190230212684575,0.007041803953897741
2024-05-15,4755331.020671132,45035.69067113199,Bull,0.0,0.011150954532817411,0.005281352965423306
2024-05-16,4756580.770800431,21222.160800431,Bull,0.0,0.006828867534301107,0.005281352965423306
2024-05-17,4756571.830800431,21222.160800431,Bull,0.0,0.0068250036275678515,0.005281352965423306
2024-05-20,4753003.880800431,21222.160800431,Bull,0.0,0.006810728712165175,0.003961014724067479
2024-05-21,4713565.333093564,10142.183093563239,Bull,0.0,0.00471369301789605,0.0029707610430506097
2024-05-22,4727736.569937652,6158.899937651747,Bull,0.0,0.0034041913634397453,0.002228070782287957
2024-05-23,4708641.513870836,4250.513870835986,Bull,0.0,0.00253376689749146,0.002228070782287957
2024-05-24,4690077.313870836,4250.513870835986,Bull,0.0,0.0025350968021009136,0.0016710530867159678
2024-05-27,4699985.37048756,3159.680487560086,Bull,0.0,0.0018893335404316029,0.0016710530867159678
2024-05-28,4698072.09048756,3159.680487560086,Bull,0.0,0.0018863184364376804,0.0032258828064774146
2024-05-29,4617353.608014819,24.55801481896924,Bull,0.0,0.0019033413392348947,0.0032258828064774146
2024-05-30,4577003.368014819,24.55801481896924,Bull,0.0,0.0019167912484637688,0.005684228763002976
2024-05-31,4598036.408014819,24.55801481896924,Bull,0.0,0.0019251478706367544,0.008691402719563195
2024-06-03,4599068.080839769,31.78083976948983,Bull,0.0,0.006828513831059796,0.013274648331414961
2024-06-04,4557128.660839769,31.78083976948983,Bull,0.0,0.006946409100103534,0.018714026022634576
2024-06-05,4583583.771884,2.991884000999562,Bull,0.0,0.01535587293762268,0.02450214406996315
2024-06-06,4631801.181884001,2.991884000999562,Bull,0.0,0.01520029406170725,0.02450214406996315
2024-06-07,4653443.091884,2.991884000999562,Bull,0.0,0.015133858652494619,0.02450214406996315
2024-06-11,4641369.781884001,2.991884000999562,Bull,0.0,0.015019572513290056,0.02450214406996315
2024-06-12,4653927.941884001,2.991884000999562,Bull,0.0,0.015047149606629097,0.02450214406996315
2024-06-13,4688855.271884001,2.991884000999562,Bull,0.0,0.015032236209687754,0.02450214406996315
2024-06-14,4724925.961884,2.991884000999562,Bull,0.0,0.015018101991952883,0.02450214406996315
2024-06-17,4740540.731884001,2.991884000999562,Bull,0.0,0.014976991869824804,0.02450214406996315
2024-06-18,4793341.541884,2.991884000999562,Bull,0.0,0.014774818230908753,0.02450214406996315
2024-06-19,4832493.001884,2.991884000999562,Bull,0.0,0.01474120293029448,0.027991344789785655
2024-06-20,4844214.991884001,2.991884000999562,Bull,0.0,0.014660548740917777,0.027991344789785655
2024-06-21,4843787.361884001,2.991884000999562,Bull,0.0,0.014608675962290226,0.027991344789785655
2024-06-24,4854169.4118840005,2.991884000999562,Bull,0.0,0.014597836207883333,0.02930878083007398
2024-06-25,4841431.771884001,2.991884000999562,Bull,0.0,0.0147221696717753,0.02930878083007398
2024-06-26,4823615.101884001,2.991884000999562,Bull,0.0,0.014747799834239494,0.02930878083007398
2024-06-27,4827292.971884001,2.991884000999562,Bull,0.0,0.014621658642038621,0.02930878083007398
2024-06-28,4845328.211884,2.991884000999562,Bull,0.0,0.01456314555264421,0.02930878083007398
2024-07-01,4876775.551884001,2.991884000999562,Bull,0.0,0.01434331132442156,0.021981585622555484
2024-07-02,4857747.2236343,59299.183634299814,Bull,0.0,0.02012629218834796,0.021981585622555484
2024-07-03,4979860.934747788,14595.504747788718,Bull,0.0,0.02112832695102736,0.016486189216916615
2024-07-04,4982788.006747789,23868.846747788717,Bull,9273.342,0.021181326569999142,0.016486189216916615
2024-07-05,4984755.236747789,23868.846747788717,Bull,0.0,0.02114919088159314,0.016486189216916615
2024-07-08,5043499.67674779,24199.946747788716,Bull,331.1000000000001,0.021008602516323423,0.016486189216916615
2024-07-09,5002111.397155648,44311.09715564827,Bull,0.0,0.017869544059100177,0.016486189216916615
2024-07-10,4999992.497155649,44629.59715564827,Bull,318.5,0.01784232677364013,0.016486189216916615
2024-07-11,5049753.947155648,44629.59715564827,Bull,0.0,0.01769110949461602,0.016486189216916615
2024-07-12,5035261.486267908,25519.05626790755,Bull,0.0,0.016945501287807432,0.016486189216916615
2024-07-15,5047097.056267908,25519.05626790755,Bull,0.0,0.016919785581287435,0.016486189216916615
2024-07-16,5031312.6562679075,29584.05626790755,Bull,4065.0,0.016761878213817243,0.016486189216916615
2024-07-17,5007092.236267908,29584.05626790755,Bull,0.0,0.016946608130240137,0.016486189216916615
2024-07-18,5056656.746267908,29584.05626790755,Bull,0.0,0.01675250946438512,0.017820974682461528
2024-07-19,5004018.236938928,42242.876938929,Bull,0.0,0.01770778118790486,0.02167282311316502
2024-07-22,4978099.429043173,58952.22904317251,Bull,0.0,0.02079963477545519,0.027129290714549656
2024-07-23,5051905.645773519,43125.015773519015,Bull,0.0,0.02507918573380259,0.027129290714549656
2024-07-26,4990346.091523039,18405.741523038523,Bull,0.0,0.026740109313595474,0.024260878727596306
2024-07-29,5056262.141523039,18405.741523038523,Sideways,0.0,0.02660716478585825,0.03755849719909824
2024-07-30,5003060.8820174085,73926.48201740866,Bull,0.0,0.03524498385254438,0.03755849719909824
2024-07-31,5051313.88388823,23497.843888229872,Bull,0.0,0.036707091315670605,0.04139688780357927
2024-08-01,5117401.71388823,23497.843888229872,Sideways,0.0,0.0364246995685575,0.057868635068363164
2024-08-02,5050331.153268392,3355.043268392503,Sideways,0.0,0.053424350168679184,0.07188925523947937
2024-08-05,4804418.273248847,7.773248846890056,Crisis,0.0,0.07026104531313687,0.1531660980017358
2024-08-06,4903659.6806226205,35.44062262051739,Crisis,0.0,0.11101117847780216,0.2077787909894179
2024-08-07,4901983.520593512,21.82059351154021,Crisis,0.0,0.13495408485581833,0.24974847261013242
2024-08-08,4791502.813846566,48078.303846566094,Crisis,48057.0,0.16116199655950525,0.28050969363191436
2024-08-09,4848584.69755034,0.42755033911089413,Crisis,0.0,0.19525395121555902,0.29527248872121564
2024-08-12,4880159.100846812,10.700846811872907,Crisis,0.0,0.22386704560726856,0.30756559439457853
2024-08-13,4790292.769842823,68882.04984282197,Crisis,68858.4,0.25195702600857983,0.3181218525029138
2024-08-14,4824377.599506848,29.289506848173914,Crisis,0.0,0.2811717640299674,0.32474238694594615
2024-08-15,4815246.487075445,15.4270754455938,Crisis,0.0,0.2967266917353162,0.33843993676174833
2024-08-16,4856744.580847749,3.520847748237429,Crisis,0.0,0.30813161678326967,0.33843993676174833
2024-08-19,4849220.830687406,19.270687406155048,Crisis,0.0,0.31722309907299867,0.34368710475244135
2024-08-20,4866230.071586339,24.071586338388443,Crisis,0.0,0.3235291543637954,0.34368710475244135
2024-08-21,4872600.592203515,8.572203515144793,Crisis,0.0,0.33045740965849046,0.3411631386962086
2024-08-22,4888020.305411441,18.295411441257954,Crisis,0.0,0.3299188749716656,0.3411631386962086
2024-08-23,4880880.785411442,18.295411441257954,Crisis,0.0,0.32958722220960657,0.3449662885127196
2024-08-26,4891150.011833662,31.26183366193618,Crisis,0.0,0.3327808380568954,0.3449662885127196
2024-08-27,4892099.111035678,26.01103567714199,Crisis,0.0,0.33540473378770713,0.3449662885127196
2024-08-28,4879875.941035677,26.01103567714199,Crisis,0.0,0.33652160420526434,0.3449662885127196
2024-08-29,4848576.151035678,26.01103567714199,Crisis,0.0,0.3373941934789595,0.3449662885127196
2024-08-30,4865454.721035677,26.01103567714199,Crisis,0.0,0.3359461866807936,0.334588353947752
2024-09-02,4864287.233887625,5086.233887624848,Bull,0.0,0.3339044595649638,0.25094126546081397
2024-09-03,4858557.814015771,363598.11401577084,Bull,0.0,0.2729554840686095,0.1900721474336356
2024-09-04,4801385.462405276,315809.5524052754,Bull,0.0,0.22553663280713193,0.16126259474584675
2024-09-05,4855272.266158823,351009.556158823,Bull,0.0,0.17657618625747232,0.1388316325035835
2024-09-06,4894751.603608699,232865.95360869938,Bull,0.0,0.1477984703997318,0.1261717010199471
2024-09-09,4882682.919221999,168428.50922199895,Bull,0.0,0.13173001823810548,0.11656244944349863
2024-09-10,4910299.763632073,127574.93363207259,Bull,0.0,0.12081879081882718,0.11067654794043566
2024-09-11,4890057.576784444,105995.08678444392,Bull,0.0,0.11423939927663247,0.10856380815788266
2024-09-12,4919420.882934929,75669.84293492917,Bull,0.0,0.1091573078983295,0.10138083835792028
2024-09-13,4923723.87072008,59803.22072008012,Bull,0.0,0.10343431381856087,0.10138083835792028
2024-09-16,4927935.1229758505,17984.8629758505,Bull,0.0,0.10164746440442429,0.10138083835792028
2024-09-18,4929785.97297585,17984.8629758505,Bull,0.0,0.1025655602031705,0.10138083835792028
2024-09-19,4946018.432975851,17984.8629758505,Bull,0.0,0.1016570756485199,0.10138083835792028
2024-09-20,4958217.072975851,17984.8629758505,Bull,0.0,0.10129830997870196,0.10138083835792028
2024-09-23,4988728.63297585,17984.8629758505,Bull,0.0,0.1005167662729486,0.09301286107803484
2024-09-24,4995880.822975851,17984.8629758505,Bull,0.0,0.1002650238765356,0.09301286107803484
2024-09-25,4995521.302975851,17984.8629758505,Bull,0.0,0.10019135334321273,0.08210091598336712
2024-09-26,5000791.195028565,67427.25502856442,Bull,0.0,0.08591059359308961,0.06672440635789559
2024-09-27,4960317.080016061,71656.6700160603,Bull,0.0,0.07185527744505517,0.05697052852819426
2024-09-30,4931495.792039457,55250.69203945689,Sideways,0.0,0.0609662691967262,0.07534197517264843
2024-10-01,4931064.883056453,13629.213056453511,Sideways,0.0,0.07220098060833485,0.0991473974752106
2024-10-04,4890659.875145302,2901.6751453023753,Sideways,0.0,0.09306750246795216,0.11999702766449563
2024-10-07,4914132.839084614,575.2690846142359,Bull,0.0,0.11277800949785383,0.10912181264453302
2024-10-08,4862424.403822402,52917.243822400924,Bull,0.0,0.1106411668995995,0.10002201658429802
2024-10-09,4852987.188506824,50381.80850682381,Bull,0.0,0.10268301988930735,0.09293585590215717
2024-10-11,4863508.766885872,35513.97688587236,Bull,0.0,0.09499013205147597,0.08624657961225947
2024-10-14,4888426.486885872,35513.97688587236,Bull,0.0,0.09404102961009357,0.07599161778319341
2024-10-15,4949513.202586856,66182.27258685649,Bull,0.0,0.07986343582100253,0.0653252705141348
2024-10-16,4895179.294583699,54207.46458369901,Bull,0.0,0.07020741413501738,0.0653252705141348
2024-10-17,4914757.574583698,54207.46458369901,Bull,0.0,0.06911109141100842,0.05718754685416656
2024-10-18,4969671.403508585,43605.803508585166,Bull,0.0,0.058871497981424756,0.042890660140624925
2024-10-21,4919604.879773451,59267.35977345127,Bull,0.0,0.046959334264795385,0.03218289273341561
2024-10-22,4942448.688828661,53709.13882866111,Bull,0.0,0.03512522049897974,0.024137169550061708
2024-10-23,4877878.115246557,40647.26524655725,Bull,0.0,0.027204308280116298,0.024137169550061708
2024-10-24,4878220.985246557,40647.26524655725,Bull,0.0,0.02721791825371544,0.018102877162546282
2024-10-25,4876266.510275806,33514.590275806004,Bull,0.0,0.020570926504656202,0.018102877162546282
2024-10-28,4895010.580275807,33514.590275806004,Bull,0.0,0.020271997041201258,0.018102877162546282
2024-10-29,4855830.540275807,33514.590275806004,Bull,0.0,0.02047060727830796,0.018102877162546282
2024-10-30,4871055.070275806,33514.590275806004,Bull,0.0,0.020453203374347993,0.018102877162546282
2024-11-01,4817878.920275806,33514.590275806004,Bull,0.0,0.020649518521794797,0.018102877162546282
2024-11-04,4868439.270275807,33514.590275806004,Bull,0.0,0.02026030818587413,0.018102877162546282
2024-11-05,4882729.110275806,33514.590275806004,Bull,0.0,0.020369452769904327,0.018102877162546282
2024-11-06,4860670.170275806,33514.590275806004,Bull,0.0,0.020467729040408198,0.018102877162546282
2024-11-07,4871210.200275807,33514.590275806004,Bull,0.0,0.020470017901168425,0.018102877162546282
2024-11-08,4892126.930275806,33514.590275806004,Bull,0.0,0.020573799787800193,0.018102877162546282
2024-11-11,4892861.140275806,33514.590275806004,Bull,0.0,0.020779375724173713,0.018102877162546282
2024-11-12,4858189.490275807,33514.590275806004,Bull,0.0,0.021131987586217364,0.018102877162546282
2024-11-13,4869624.240275806,33514.590275806004,Bull,0.0,0.020791172994954882,0.01357715787190971
2024-11-14,4828001.530275807,33514.590275806004,Bull,0.0,0.020788319840127814,0.01357715787190971
2024-11-15,4855275.660275807,33514.590275806004,Bull,0.0,0.020659860946865758,0.01357715787190971
2024-11-18,4868400.430275806,33514.590275806004,Bull,0.0,0.02061581446255727,0.015824194475991978
2024-11-19,4912903.890275806,33514.590275806004,Bull,0.0,0.020463701762819544,0.012941117058273041
2024-11-20,4883385.659518226,124602.85951822638,Bull,0.0,0.014913669547693478,0.024479103887331304
2024-11-21,4892072.972775551,31170.522775550206,Bull,0.0,0.022081947796193734,0.029754344789266682
2024-11-22,4906006.10277555,31170.522775550206,Bull,0.0,0.022025437338707606,0.029754344789266682
2024-11-25,4929129.472775551,31170.522775550206,Bull,0.0,0.022008541386297605,0.029754344789266682
2024-11-26,4917062.832775551,31170.522775550206,Bull,0.0,0.022291531291685516,0.029754344789266682
2024-11-27,4957764.23277555,31170.522775550206,Bull,0.0,0.022108526112512752,0.03325593067410461
2024-11-28,4944135.041875107,26365.21187510735,Bull,0.0,0.030666411559522686,0.03325593067410461
2024-11-29,4928225.491875107,26365.21187510735,Bull,0.0,0.03089303244159639,0.04678278274139183
2024-12-02,4962281.152069509,6229.90206950868,Bull,0.0,0.04291101077801593,0.060417302917532965
2024-12-03,5047806.189725604,1145.9897256037657,Bull,0.0,0.055311473837543916,0.06789309809899075
2024-12-04,5050593.659725604,1145.9897256037657,Bull,0.0,0.05461997907291309,0.06789309809899075
2024-12-05,5060067.919725603,1145.9897256037657,Bull,0.0,0.05493753926035733,0.06789309809899075
2024-12-06,5058926.849725604,1145.9897256037657,Bull,0.0,0.05500991974515197,0.06789309809899075
2024-12-09,5093776.029725604,1145.9897256037657,Bull,0.0,0.05484209324669669,0.06789309809899075
2024-12-10,5056236.799725604,1145.9897256037657,Bull,0.0,0.05488913415112625,0.05632981873512423
2024-12-11,5016572.179725604,1145.9897256037657,Bull,0.0,0.05523238380179264,0.05632981873512423
2024-12-12,5037287.269725604,1145.9897256037657,Bull,0.0,0.05465883029041505,0.05632981873512423
2024-12-13,5020178.059725604,1145.9897256037657,Bull,0.0,0.05442194813602551,0.044476958865608804
2024-12-16,5016527.039725604,1145.9897256037657,Bull,0.0,0.05414395215038189,0.0333577191492066
2024-12-17,4973677.011829675,78074.04182967587,Bull,0.0,0.03882504222544254,0.02501828936190495
2024-12-18,4928258.542625773,51617.49262577287,Bull,0.0,0.02878087640353948,0.019258987146316957
2024-12-19,4869762.74109672,35003.78109671976,Bull,0.0,0.02164927032487353,0.014444240359737718
2024-12-20,4842808.132748902,26159.442748901252,Bull,0.0,0.016201599949710044,0.014444240359737718
2024-12-23,4941025.792748901,26159.442748901252,Bull,0.0,0.015929323849210645,0.014444240359737718
2024-12-24,4957139.2727489015,26159.442748901252,Bull,0.0,0.01582341662886203,0.014444240359737718
2024-12-25,4916903.992748901,26159.442748901252,Bull,0.0,0.0160302092772681,0.011094210691253565
2024-12-26,4938321.10637955,18156.656379549375,Bull,0.0,0.012235656349268586,0.011094210691253565
2024-12-27,4934976.20637955,18156.656379549375,Bull,0.0,0.012285773520371242,0.011094210691253565
2024-12-30,4949766.10637955,18156.656379549375,Bull,0.0,0.012186515221851699,0.011094210691253565
2024-12-31,4905459.00637955,18156.656379549375,Bull,0.0,0.012422813017242226,0.011094210691253565
2025-01-02,4898692.60637955,18156.656379549375,Bull,0.0,0.012355704850958837,0.011094210691253565
2025-01-03,4908493.00637955,18156.656379549375,Bull,0.0,0.01238710127955278,0.011094210691253565
2025-01-06,5002776.056379549,18156.656379549375,Bull,0.0,0.012064261785820984,0.011094210691253565
2025-01-07,4976772.556379549,18156.656379549375,Bull,0.0,0.012037439790815146,0.011094210691253565
2025-01-08,4981683.80637955,18156.656379549375,Bull,0.0,0.011932351050437398,0.011094210691253565
2025-01-09,4991316.70637955,18156.656379549375,Bull,0.0,0.011967904165177528,0.011094210691253565
2025-01-10,4968135.90637955,18156.656379549375,Bull,0.0,0.012002972769610919,0.011094210691253565
2025-01-13,4942269.75637955,18156.656379549375,Bull,0.0,0.012024030036663233,0.011094210691253565
2025-01-14,5014701.556379549,18156.656379549375,Bull,0.0,0.011891515243641468,0.008320658018440175
2025-01-15,5008645.65637955,18156.656379549375,Bull,0.0,0.011881854713399243,0.006240493513830131
2025-01-16,5042978.976676033,82978.61667603263,Bull,0.0,0.0077052789987262825,0.006240493513830131
2025-01-17,5023339.448334579,34869.42833457983,Bull,8210.7,0.006554130044091561,0.006240493513830131
2025-01-20,5011171.45833458,34869.42833457983,Bull,0.0,0.006552964765431003,0.004680370135372598
2025-01-21,5057556.38833458,34869.42833457983,Bull,0.0,0.006526711214952903,0.004680370135372598
2025-01-22,5083682.16833458,34869.42833457983,Bull,0.0,0.006508135029778775,0.004680370135372598
2025-02-03,5084778.25833458,34869.42833457983,Bull,0.0,0.006589024790822145,0.01107530621670819
2025-02-04,5045633.539088499,53653.94908849935,Bull,0.0,0.009972472160372139,0.008306479662531143
2025-02-05,5061821.069882066,65689.10988206558,Bull,0.0,0.008711402357220692,0.008306479662531143
2025-02-06,5061667.017443848,21697.437443847306,Bull,0.0,0.008495201255201302,0.008306479662531143
2025-02-07,5070025.437443848,21697.437443847306,Bull,0.0,0.008452462522871636,0.006229859746898357
2025-02-10,5061102.577443847,21697.437443847306,Bull,0.0,0.008433782826341772,0.006229859746898357
2025-02-11,5031406.8674438475,21697.437443847306,Bull,0.0,0.008461843997448325,0.006229859746898357
2025-02-12,5054031.517443848,21697.437443847306,Bull,0.0,0.008387933445543854,0.004672394810173768
2025-02-13,5065472.477443848,21697.437443847306,Bull,0.0,0.00831865935263432,0.003504296107630326
2025-02-14,5041797.694879795,115520.69487979532,Bull,0.0,0.0047897201477410225,0.006580062874908136
2025-02-17,5070615.5066569755,60929.25665697514,Bull,0.0,0.006091568165531104,0.006580062874908136
2025-02-18,5091727.206656976,60929.25665697514,Bull,0.0,0.006068039143889172,0.006580062874908136
2025-02-19,5083335.156656975,60929.25665697514,Bull,0.0,0.006059014220155303,0.004935047156181102
2025-02-20,5080517.352003432,15338.052003432276,Bull,0.0,0.005229369010918409,0.004613985492352442
2025-02-21,5092021.553828002,2468.4838280015847,Bull,0.0,0.004771409496830396,0.0034604891192643317
2025-02-24,5060186.521855636,5018.021855635815,Bull,0.0,0.003825945924400518,0.0025953668394482488
2025-02-25,5045497.29906093,4690.129060929943,Bull,0.0,0.00294020968017584,0.015100692921999366
2025-02-26,5099023.5090609295,4690.129060929943,Bull,0.0,0.002927380109833817,0.01854706550433326
2025-02-27,5085061.924594108,39038.27459410782,Bull,0.0,0.014759289289479139,0.02816865964082827
2025-03-03,5109955.074594107,39038.27459410782,Bull,0.0,0.014666939122934108,0.03035246053700615
2025-03-04,5051026.002476425,51773.02247642404,Bull,0.0,0.0268636470953573,0.03035246053700615
2025-03-05,5049699.992476424,51773.02247642404,Bull,0.0,0.026564928649199602,0.03035246053700615
2025-03-06,5057012.802476425,51773.02247642404,Bull,0.0,0.02645949006387231,0.028716438327204986
2025-03-07,5038643.011880112,58039.46188011156,Bear,0.0,0.028343722637875594,0.07724964955440508
2025-03-10,5040303.507164033,19.877164033416193,Bear,0.0,0.05681496750998738,0.11628039601302069
2025-03-11,5001661.885157944,3.145157943596132,Bear,0.0,0.08613783776117746,0.15140544846543025
2025-03-12,5020768.813044875,17.183044874691404,Bear,0.0,0.11848544558641538,0.17256032438813917
2025-03-13,5022945.665505151,28.125505151198013,Bear,0.0,0.14573299986640065,0.18824098391734456
2025-03-14,5046169.334469435,0.03446943484595977,Bear,0.0,0.16696070705454907,0.20035716805253997
2025-03-17,5037650.687919955,34.13791995521751,Bear,0.0,0.18516553802287405,0.20994308810871928
2025-03-18,5070537.847328006,6.597328006057069,Bear,0.0,0.19793009740157405,0.20994308810871928
2025-03-19,5070186.957328007,6.597328006057069,Bear,0.0,0.19799947584754418,0.22171301170947444
2025-03-20,5098451.676048433,13.976048433061806,Bear,0.0,0.21245851070604715,0.22171301170947444
2025-03-21,5095646.566048433,13.976048433061806,Bear,0.0,0.2119250277668759,0.2319509649122123
2025-03-24,5088330.022438636,33.37243863544427,Bear,0.0,0.22269996148105892,0.2319509649122123
2025-03-25,5082500.882438635,33.37243863544427,Bear,0.0,0.2220798158442086,0.2319509649122123
2025-03-26,5089616.9624386355,33.37243863544427,Bear,0.0,0.22164440827772827,0.2319509649122123
2025-03-27,5102955.622438636,33.37243863544427,Bear,0.0,0.21988155159848105,0.2319509649122123
2025-03-28,5090009.242438636,33.37243863544427,Bear,0.0,0.2205657134449761,0.2319509649122123
2025-03-31,5056166.452438636,33.37243863544427,Crisis,0.0,0.2239908813630469,0.26521716441913246
2025-04-01,5064666.063384776,7.813384776149178,Bear,0.0,0.24284073907491513,0.26521716441913246
2025-04-02,5071910.760638401,24.41063840068091,Bear,0.0,0.2504380814145319,0.26521716441913246
2025-04-07,4723048.838556781,32.37855678165579,Crisis,0.0,0.26706799000313486,0.30031418268367166
2025-04-08,4819244.416859492,24.536859491418,Crisis,0.0,0.269918013589292,0.32001502978518304
2025-04-09,4670284.104446153,20.374446153917233,Crisis,0.0,0.28043592225002734,0.3286750234432088
2025-04-10,4889291.209211022,23.189211022428935,Crisis,0.0,0.2979661995291724,0.3326572330016157
2025-04-11,4838985.640185434,28.090185434259183,Crisis,0.0,0.2990540802564864,0.3326572330016157
2025-04-14,4810708.647450419,10.757450419732777,Crisis,0.0,0.3130483366100631,0.3326572330016157
2025-04-15,4847124.586509613,30.48650961335079,Crisis,0.0,0.3213743678748148,0.33587631874556145
2025-04-16,4847400.237260148,14.437260148475616,Crisis,0.0,0.32399243370250186,0.33587631874556145
2025-04-17,4843243.437260148,14.437260148475616,Crisis,0.0,0.3267775036505953,0.33587631874556145
2025-04-18,4834970.387260148,14.437260148475616,Crisis,0.0,0.3268537081765936,0.33587631874556145
2025-04-21,4825630.287260148,14.437260148475616,Crisis,0.0,0.32284114349019827,0.33587631874556145
2025-04-22,4807857.118907445,31.158907445003933,Crisis,0.0,0.3237283516348945,0.33587631874556145
2025-04-23,4816855.248907445,31.158907445003933,Crisis,0.0,0.32449319301312335,0.33587631874556145
2025-04-24,4792592.888907446,31.158907445003933,Crisis,0.0,0.32731580093747753,0.33587631874556145
2025-04-25,4800191.298907445,31.158907445003933,Crisis,0.0,0.3300371883846762,0.33587631874556145
2025-04-28,4817071.668907445,31.158907445003933,Crisis,0.0,0.33142404135375864,0.3493785517736133
2025-04-29,4840079.760546546,22.820546546128753,Crisis,0.0,0.33459581662289134,0.3493785517736133
2025-04-30,4843069.620546546,22.820546546128753,Crisis,0.0,0.33171176048852763,0.3493785517736133
2025-05-02,4779335.486339878,30.15633987813635,Crisis,0.0,0.33226052754378077,0.3331426320513168
2025-05-05,4702626.246339878,30.15633987813635,Crisis,0.0,0.3145358598615486,0.31361852343289687
2025-05-06,4774114.366339878,30.15633987813635,Crisis,0.0,0.3135229270067806,0.29831001776452365
2025-05-07,4794983.178949207,54687.22894920699,Crisis,0.0,0.3064155274726072,0.28800711958916575
2025-05-08,4789806.004857995,66307.85485799538,Crisis,0.0,0.2934006614411233,0.28257654549940375
2025-05-09,4802137.46094116,38831.78094116028,Bear,0.0,0.2826335128969833,0.2473591982053734
2025-05-12,4820137.661392972,135824.3113929719,Bear,0.0,0.2553045237393423,0.22076378752523806
2025-05-13,4806997.642123148,159025.94212314763,Bear,0.0,0.2318874447185434,0.2006116929224849
2025-05-14,4818727.718530671,140309.2185306709,Bear,0.0,0.20792326492053959,0.18429642201122456
2025-05-15,4826494.969647577,101040.50964757672,Bear,0.0,0.18734590332868928,0.1700535493378029
2025-05-16,4846656.829335968,74389.04933596749,Bear,0.0,0.17500947763949937,0.15985863877768286
2025-05-19,4842417.8923241915,54827.29232419088,Bear,0.0,0.1623665630441137,0.15985863877768286
2025-05-20,4848706.142324191,54827.29232419088,Bear,0.0,0.16400166903470642,0.15985863877768286
2025-05-21,4861899.652324191,54827.29232419088,Bear,0.0,0.16218927094125463,0.1520517355829269
2025-05-22,4780291.249639694,36366.1096396943,Bear,0.0,0.1541703217467238,0.1520517355829269
2025-05-23,4803419.789639694,36366.1096396943,Bear,0.0,0.15413830404682097,0.1520517355829269
2025-05-26,4796133.5896396935,36366.1096396943,Bear,0.0,0.15284805276974617,0.1418818771685249
2025-05-27,4761041.40016605,39664.35016604976,Bear,0.0,0.14806512709076922,0.1418818771685249
2025-05-28,4762138.05016605,39664.35016604976,Bear,0.0,0.148805807923878,0.1418818771685249
2025-05-29,4700327.60016605,39664.35016604976,Bear,0.0,0.15149854660659048,0.13329757312156762
2025-06-02,4674993.310737754,64140.24073775347,Bear,0.0,0.13909392522689681,0.13329757312156762
2025-06-03,4682263.170737754,64140.24073775347,Bear,0.0,0.13919165929695293,0.1514928549957272
2025-06-04,4722780.230737754,64140.24073775347,Bear,0.0,0.13830852974032254,0.16022155405544614
2025-06-05,4718319.261930557,15080.781930556113,Bear,0.0,0.15613120670825056,0.16555461479151334
2025-06-06,4736601.108996577,3358.738996576474,Bear,0.0,0.16235712113045403,0.16555461479151334
2025-06-09,4742494.918996576,3358.738996576474,Bear,0.0,0.16096531320301685,0.16555461479151334
2025-06-10,4779261.668996576,3358.738996576474,Bull,0.0,0.16101057721779058,0.12416596109363501
2025-06-11,4778207.515687674,178615.95568767493,Bull,0.0,0.13328113270700967,0.09312447082022626
2025-06-12,4777909.233892958,169679.253892957,Bull,0.0,0.1029743672211046,0.0698433531151697
2025-06-13,4781804.078867864,128236.77886786408,Bull,0.0,0.07864123954008434,0.05394895626899608
2025-06-16,4777115.821012576,113782.27101257668,Bull,0.0,0.05932310637172931,0.04046171720174706
2025-06-17,4776854.626064962,70113.66606496192,Bull,0.0,0.045051184690809425,0.030346287901310293
2025-06-18,4341588.620576189,64662.44057618937,Bull,0.0,0.037595109593395355,0.030346287901310293
2025-06-19,4317159.0428535845,23586.812853584193,Bear,0.0,0.03243553888333066,0.0716496728707853
2025-06-20,4298683.83664411,22.536644110892667,Bear,0.0,0.04879731517164994,0.10717492901522856
2025-06-23,4275880.790519534,28.690519533411134,Bear,0.0,0.07910700661954172,0.136064057284255
2025-06-24,4312774.711461356,3.9614613556768745,Bear,0.0,0.10934933344575323,0.15925706773382953
2025-06-25,4370738.571223278,20.261223277280806,Bull,0.0,0.13658738912698587,0.11944280080037215
2025-06-26,4377128.250038657,80141.93003865749,Bull,0.0,0.12256880524240107,0.0895821006002791
2025-06-27,4398386.722498693,123632.06249869282,Bull,0.0,0.09660708955546515,0.06718657545020933
2025-06-30,4374998.579587629,106207.88958762938,Bull,0.0,0.07528766787189367,0.05038993158765699
2025-07-01,4424930.612234968,97506.67223496822,Bull,0.0,0.05692100104430415,0.03779244869074275
2025-07-02,4440228.097062569,63371.79706256895,Bull,0.0,0.04233765605968845,0.02834433651805706
2025-07-03,4453345.959015232,55879.89901523091,Bull,9515.0,0.03159141492593812,0.021258252388542793
2025-07-04,4442828.4122611275,34302.55226112675,Bull,0.0,0.023763208974858507,0.021258252388542793
2025-07-07,4496772.554338782,9922.764338781753,Bull,0.0,0.02172386946850244,0.021258252388542793
2025-07-08,4497268.414338782,9922.764338781753,Bull,0.0,0.021533560169821078,0.015943689291407097
2025-07-09,4461759.684820661,28651.28482066118,Bull,0.0,0.017430981382657335,0.015943689291407097
2025-07-10,4507693.42357627,23182.513576270238,Bull,0.0,0.01632950449003723,0.015943689291407097
2025-07-11,4518261.23357627,23182.513576270238,Bull,0.0,0.016280864739149938,0.015943689291407097
2025-07-14,4542353.29357627,23182.513576270238,Bull,0.0,0.016033451229563,0.015943689291407097
2025-07-15,4517307.81357627,23182.513576270238,Bull,0.0,0.01615369220151284,0.015943689291407097
2025-07-16,4538283.06357627,23182.513576270238,Bull,0.0,0.016053031285049466,0.015943689291407097
2025-07-17,4571427.86357627,23182.513576270238,Bull,0.0,0.015941802468471593,0.015943689291407097
2025-07-18,4574024.41357627,23182.513576270238,Bull,0.0,0.016030784571757363,0.015943689291407097
2025-07-21,4571185.825821256,29124.135821255488,Bull,5254.2,0.0157584142812786,0.015943689291407097
2025-07-22,4585863.445821255,29124.135821255488,Bull,0.0,0.015769497032428366,0.015943689291407097
2025-07-23,4596961.425821256,29124.135821255488,Bull,0.0,0.015695626592539848,0.015943689291407097
2025-07-24,4592094.005821256,29124.135821255488,Bull,0.0,0.015702023936921695,0.015943689291407097
2025-07-25,4576566.685821256,29124.135821255488,Bull,0.0,0.01587344946268686,0.015943689291407097
2025-07-28,4564442.035821256,29124.135821255488,Bull,0.0,0.015967121376071303,0.015943689291407097
2025-07-29,4552890.755821256,29124.135821255488,Bull,0.0,0.016095415842408357,0.015943689291407097
2025-07-30,4583201.065821256,29124.135821255488,Bull,0.0,0.016147988913669527,0.015943689291407097
2025-07-31,4582338.215821256,29124.135821255488,Bull,0.0,0.01622798809202971,0.015943689291407097
2025-08-01,4594197.845821256,29124.135821255488,Bull,0.0,0.016150275301593263,0.015943689291407097
2025-08-04,4657067.435821256,29124.135821255488,Bull,0.0,0.015927201188771212,0.015943689291407097
2025-08-05,4659635.165821256,29124.135821255488,Bull,0.0,0.016084924534384693,0.015943689291407097
2025-08-06,4681614.235821256,29124.135821255488,Bull,0.0,0.016044562028469503,0.015943689291407097
2025-08-07,4642444.645821256,82188.58582125549,Bull,53064.450000000004,0.01608371573524517,0.015943689291407097
2025-08-08,4658797.817543711,12530.087543710115,Bull,0.0,0.015985171049827655,0.015943689291407097
2025-08-11,4646940.35754371,12530.087543710115,Bull,0.0,0.015995798155518038,0.023900894890777513
2025-08-12,4674028.26754371,12530.087543710115,Bull,0.0,0.015933082929157436,0.023900894890777513
2025-08-13,4669104.93754371,105620.18754371013,Bull,93090.1,0.015984905243801088,0.023900894890777513
2025-08-14,4719323.326456413,12359.766456413428,Bull,0.0,0.02179981172793463,0.023900894890777513
2025-08-15,4679863.4164564125,12359.766456413428,Bull,0.0,0.022004157137981956,0.03659955745876561
2025-08-18,4728900.9164564125,12359.766456413428,Bull,0.0,0.021708247183348697,0.04865051753825875
2025-08-19,4708858.914000688,1.9040006886789342,Bull,0.0,0.0386938668852998,0.04865051753825875
2025-08-20,4675287.964000688,1.9040006886789342,Bull,0.0,0.03921558659311129,0.06434838646411306
2025-08-21,4674291.097166287,30.14716628633323,Bull,0.0,0.05502250387356448,0.07483445469304313
2025-08-22,4640704.47681604,9337.976816040566,Bull,0.0,0.07049111867266344,0.07483445469304313
2025-08-25,4660213.346816041,9337.976816040566,Bull,0.0,0.07034744884029472,0.07483445469304313
2025-08-26,4584854.376816041,9337.976816040566,Bull,0.0,0.07123986350616109,0.07640576104181349
2025-08-27,4614338.336816041,9337.976816040566,Bull,0.0,0.07102498474919823,0.07640576104181349
2025-08-28,4607430.866816041,9337.976816040566,Bull,0.0,0.07119710517255978,0.07640576104181349
2025-08-29,4605401.10681604,9337.976816040566,Bull,0.0,0.07131604226913199,0.07640576104181349
2025-09-01,4660668.74681604,9337.976816040566,Bull,0.0,0.07001612595251025,0.07640576104181349
2025-09-02,4717328.15681604,9337.976816040566,Bull,0.0,0.06919653862289687,0.07640576104181349
2025-09-03,4730321.40681604,9337.976816040566,Bull,0.0,0.06879335504160494,0.07640576104181349
2025-09-04,4734328.10681604,9337.976816040566,Bull,0.0,0.06958687116038559,0.08464233148377787
2025-09-05,4750328.479895292,21.17989529233455,Bull,0.0,0.08057606997494139,0.08464233148377787
2025-09-08,4742592.679895292,21.17989529233455,Bull,0.0,0.08117302622929437,0.08464233148377787
2025-09-09,4788620.779895292,21.17989529233455,Bull,0.0,0.08061118592239844,0.08464233148377787
2025-09-10,4822010.179895292,21.17989529233455,Bull,0.0,0.07949875377665093,0.08464233148377787
2025-09-11,4819554.529895292,21.17989529233455,Bull,0.0,0.080334893525608,0.08464233148377787
2025-09-12,4831049.979895292,21.17989529233455,Bull,0.0,0.08048047559392606,0.08464233148377787
2025-09-15,4807315.179895292,21.17989529233455,Bull,0.0,0.08092616885761869,0.08464233148377787
2025-09-16,4811468.929895292,21.17989529233455,Bull,0.0,0.08080800388925327,0.0823966331708102
2025-09-17,4802632.229895292,21.17989529233455,Bull,0.0,0.08090829807479798,0.0823966331708102
2025-09-18,4838030.879895292,21.17989529233455,Bull,0.0,0.08026827642084101,0.0775450031491261
2025-09-19,4824078.729895292,21.17989529233455,Bull,0.0,0.08006685247617916,0.0775450031491261
2025-09-22,4823899.529895292,21.17989529233455,Bull,0.0,0.08011800362027627,0.0775450031491261
2025-09-23,4837537.229895292,21.17989529233455,Bull,0.0,0.07969997576811315,0.06487067948107303
2025-09-24,4856800.129895292,21.17989529233455,Bull,0.0,0.08000592769057953,0.06487067948107303
2025-09-25,4839653.076694401,54773.27669440121,Bull,0.0,0.06871695031230435,0.06487067948107303
2025-09-26,4833703.236694401,54773.27669440121,Bull,0.0,0.06865712348260605,0.06487067948107303
2025-09-30,4885985.483474685,13767.633474683887,Bull,0.0,0.06564448484032459,0.06487067948107303
2025-10-01,4872753.3334746845,13767.633474683887,Bull,0.0,0.06564617129344824,0.06487067948107303
2025-10-02,4874748.283474684,13767.633474683887,Bull,0.0,0.06579580756760231,0.06487067948107303
2025-10-03,4851566.233474685,13767.633474683887,Bull,0.0,0.06630724688047868,0.06487067948107303
2025-10-07,4861215.183474684,13767.633474683887,Bull,0.0,0.0658609808280805,0.058616360410473495
2025-10-08,4876328.983474684,13767.633474683887,Bull,0.0,0.06602934319877837,0.058616360410473495
2025-10-09,4884267.5834746845,13767.633474683887,Bull,0.0,0.06580458472165641,0.058616360410473495
2025-10-13,4867239.233474684,13767.633474683887,Bull,0.0,0.06630978764723558,0.058616360410473495
2025-10-14,4899945.0834746845,13767.633474683887,Bull,0.0,0.06625739563794794,0.058616360410473495
2025-10-15,4920162.933474684,13767.633474683887,Bull,0.0,0.06610171337767415,0.058616360410473495
2025-10-16,4943019.283474685,13767.633474683887,Bull,0.0,0.06598946540437273,0.058616360410473495
2025-10-17,4919897.533474685,13767.633474683887,Bull,0.0,0.0666299242554513,0.058616360410473495
2025-10-20,4931370.383474684,13767.633474683887,Bull,0.0,0.06599025720933674,0.058616360410473495
2025-10-21,4933645.733474684,13767.633474683887,Bull,0.0,0.06650238337419603,0.058616360410473495
2025-10-22,4940421.483474685,13767.633474683887,Bull,0.0,0.0667014345035666,0.058616360410473495
2025-10-23,4929446.983474685,13767.633474683887,Bull,0.0,0.06601600566776258,0.052258739118755095
2025-10-27,4923837.233474684,13767.633474683887,Bull,0.0,0.06576115022622321,0.052258739118755095
2025-10-28,4887491.133474684,13767.633474683887,Bull,0.0,0.06650446847336129,0.052258739118755095
2025-10-29,4899210.783474685,13767.633474683887,Bull,0.0,0.06624781303445158,0.052258739118755095
2025-10-30,4886608.233474685,13767.633474683887,Bull,0.0,0.06612521089504975,0.052258739118755095
2025-10-31,4861663.833474684,13767.633474683887,Bull,0.0,0.06583523891474893,0.052258739118755095
2025-11-03,4867801.133474684,13767.633474683887,Bull,0.0,0.06537908827282521,0.052258739118755095
2025-11-04,4886349.533474685,13767.633474683887,Bull,0.0,0.06483744108553577,0.04194031240055106
2025-11-05,4892857.293085078,84092.45308507759,Bull,0.0,0.04794634830890026,0.04194031240055106
2025-11-06,4873705.7409787895,21923.000978788845,Bull,0.0,0.04335309746410058,0.04194031240055106
2025-11-07,4872885.350978789,21923.000978788845,Bull,0.0,0.04358255626870883,0.04194031240055106
2025-11-10,4878590.130978789,21923.000978788845,Bull,0.0,0.043218322166715485,0.031636822790100994
2025-11-11,4877647.300978789,21923.000978788845,Bull,0.0,0.0434094527411835,0.031636822790100994
2025-11-12,4840350.290978789,21923.000978788845,Bull,0.0,0.04404653117716563,0.031636822790100994
2025-11-13,4824525.390978789,21923.000978788845,Bull,0.0,0.04419100796912716,0.031636822790100994
2025-11-14,4789100.260978789,21923.000978788845,Bull,0.0,0.04423865620986179,0.03408491312431022
2025-11-17,4776256.261616444,62488.88161644433,Bull,0.0,0.0365245226479871,0.03408491312431022
2025-11-18,4721826.915808518,18574.195808518412,Bull,0.0,0.035254557815890646,0.046243478411880784
2025-11-19,4686353.529285703,30014.779285703167,Bull,0.0,0.0437674193204248,0.05331766009066624
2025-11-20,4767673.802790419,39072.2527904193,Bull,0.0,0.050136452258981785,0.04343679051850343
2025-11-21,4773117.28279042,39072.2527904193,Bull,0.0,0.0503353187792493,0.05820442477608863
2025-11-24,4825775.092790419,39072.2527904193,Bull,0.0,0.05014360084072594,0.062440154596993626
2025-11-25,4765062.8669594955,24512.866959495346,Bull,0.0,0.06054965234574155,0.07488996850088159
2025-11-26,4812197.499615376,29730.709615375425,Bull,0.0,0.07064262013917152,0.08189341215469739
2025-11-27,4816307.629615376,29730.709615375425,Bull,0.0,0.0708736538964102,0.08189341215469739
2025-11-28,4828756.759615376,29730.709615375425,Bull,0.0,0.07067017805783646,0.08189341215469739
2025-12-01,4826040.969615376,29730.709615375425,Bull,0.0,0.07056458122591132,0.09228697918592296
2025-12-02,4881856.535850357,7670.3858503566735,Bull,0.0,0.08557941982357474,0.09228697918592296
2025-12-03,4884864.135850357,7670.3858503566735,Bull,0.0,0.08547622582492045,0.09682882018462237
2025-12-04,4936638.435850357,7670.3858503566735,Bull,0.0,0.08440486485176947,0.09682882018462237
2025-12-05,4955877.835850357,7670.3858503566735,Bull,0.0,0.08407719354698427,0.09682882018462237
2025-12-08,4930089.685850357,7670.3858503566735,Bull,0.0,0.08384144637091015,0.09177962310529279
2025-12-09,4944751.880595313,1128.1305953130468,Bull,0.0,0.08946918079673956,0.08730761583777863
2025-12-10,4935368.030595313,1128.1305953130468,Bull,0.0,0.08977312274451736,0.08730761583777863
2025-12-11,4958495.030595313,1128.1305953130468,Bull,0.0,0.08991387452222033,0.08730761583777863
2025-12-12,4981003.225713229,9651.305713229227,Bull,0.0,0.0870180966281017,0.07770443644244715
2025-12-15,5003056.075713229,9651.305713229227,Bull,0.0,0.08624707847962429,0.07770443644244715
2025-12-16,4978055.2012010105,32067.591201009855,Bull,0.0,0.0805534980615029,0.06841203959309813
2025-12-17,5010670.77120101,32067.591201009855,Bull,0.0,0.08024403285702726,0.06841203959309813
2025-12-18,5006661.34120101,32067.591201009855,Bull,0.0,0.08040387047697421,0.06841203959309813
2025-12-19,5038220.111201011,32067.591201009855,Bull,0.0,0.07999520884448315,0.06841203959309813
2025-12-22,5065237.67120101,32067.591201009855,Bull,0.0,0.07949766746177626,0.06841203959309813
2025-12-23,5065203.41120101,32067.591201009855,Bull,0.0,0.0795690591830421,0.05617246907063294
2025-12-24,5055965.33100689,88862.98100689023,Bull,0.0,0.062099466559726715,0.05617246907063294
2025-12-26,5086964.423112681,22486.21311268127,Bull,0.0,0.05739135085622617,0.04383071675645069
2025-12-29,5087927.553112681,22486.21311268127,Bull,0.0,0.057397503590895245,0.04383071675645069
2025-12-30,5022885.333112681,22486.21311268127,Bull,0.0,0.05798561995432001,0.04383071675645069
2025-12-31,4974523.0331126815,22486.21311268127,Bull,0.0,0.05863637941937191,0.03971920999079761
2026-01-02,5036713.187806706,70184.80780670572,Bull,0.0,0.04368429803242629,0.03971920999079761
2026-01-05,5088819.124224562,14967.624224562367,Bull,0.0,0.040275159127655356,0.03971920999079761
2026-01-06,5092350.394224563,14967.624224562367,Bull,0.0,0.04029528687435234,0.03971920999079761
2026-01-07,5067582.254224562,14967.624224562367,Bull,0.0,0.04063710654687963,0.03971920999079761
2026-01-08,5078658.794224562,14967.624224562367,Bull,0.0,0.0408255463501083,0.03971920999079761
2026-01-09,5109380.774224563,14967.624224562367,Bull,0.0,0.04053217193064461,0.03971920999079761
2026-01-12,5120579.604224562,14967.624224562367,Bull,0.0,0.040515214298951815,0.03971920999079761
2026-01-13,5120614.424224562,14967.624224562367,Bull,0.0,0.0406224688615371,0.03971920999079761
2026-01-14,5154458.144224562,14967.624224562367,Bull,0.0,0.04040322264200483,0.03971920999079761
2026-01-15,5200494.914224562,14967.624224562367,Bull,0.0,0.0402102575714528,0.03971920999079761
2026-01-16,5241288.424224562,14967.624224562367,Bull,0.0,0.039862278716499125,0.03971920999079761
2026-01-19,5246552.854224562,14967.624224562367,Bull,0.0,0.039425806953120326,0.03971920999079761
2026-01-20,5206620.464224562,14967.624224562367,Bull,0.0,0.039810437773261154,0.03971920999079761
2026-01-21,5212844.9442245625,14967.624224562367,Bull,0.0,0.03965727394770069,0.03971920999079761
2026-01-22,5212490.614224562,25697.624224562365,Bull,10730.0,0.03947217467184029,0.03971920999079761
2026-01-23,5198407.804224562,25697.624224562365,Bull,0.0,0.03967325915300409,0.03971920999079761
2026-01-26,5206733.314224563,25697.624224562365,Bull,0.0,0.03939831898814102,0.03971920999079761
2026-01-27,5199405.374224562,25697.624224562365,Bull,0.0,0.039477379666826275,0.03971920999079761
2026-01-28,5242951.784224562,25697.624224562365,Bull,0.0,0.038764415231039434,0.03971920999079761
2026-01-29,5255799.114224562,25697.624224562365,Bull,0.0,0.03856489481331797,0.03971920999079761
2026-01-30,5173581.484224562,25697.624224562365,Bull,0.0,0.039225063066812144,0.03971920999079761
2026-02-02,5135822.864224562,25697.624224562365,Bull,0.0,0.0400018547039626,0.03971920999079761
2026-02-03,5182906.224224563,25697.624224562365,Bull,0.0,0.039425988269848035,0.03971920999079761
2026-02-04,5193513.874224562,25697.624224562365,Bull,0.0,0.039345461463797464,0.03971920999079761
2026-02-05,5238129.584224562,25697.624224562365,Bull,0.0,0.03909209512813408,0.03971920999079761
2026-02-06,5260317.424224562,25697.624224562365,Bull,0.0,0.03907840219933171,0.03971920999079761
2026-02-09,5287534.644224563,25697.624224562365,Bull,0.0,0.038807825159903615,0.03971920999079761
2026-02-10,5321716.964224562,25697.624224562365,Bull,0.0,0.03854705941316269,0.03971920999079761
2026-02-11,5384587.814224563,25697.624224562365,Bull,0.0,0.03815379135563153,0.03971920999079761
2026-02-23,5583424.594224563,25697.624224562365,Bull,0.0,0.037079952725456874,0.03971920999079761
2026-02-24,5650187.824224562,25697.624224562365,Bull,0.0,0.03659850016196229,0.03971920999079761
2026-02-25,5648042.674224562,25697.624224562365,Bull,0.0,0.0365040797125894,0.03971920999079761
2026-02-26,5714449.274224563,25697.624224562365,Bull,0.0,0.036026341318417976,0.03971920999079761
2026-03-02,5591580.524224563,25697.624224562365,Bull,0.0,0.03698210176963825,0.03971920999079761
2026-03-03,5566010.064224563,25697.624224562365,Bull,0.0,0.03707505692926723,0.03971920999079761
2026-03-04,5358879.624224562,25697.624224562365,Sideways,0.0,0.03864507406806453,0.051004347817764174
2026-03-05,5425721.269821996,8050.519821995411,Sideways,0.0,0.04722345422075211,0.05953267863762031
2026-03-06,5407164.669821996,8050.519821995411,Sideways,0.0,0.04744162896160601,0.061963839679874094
2026-03-09,5316205.78452158,6.584521579949069,Sideways,0.0,0.05857927864769921,0.07250364745903973
2026-03-10,5302582.833205936,53943.41320593596,Sideways,0.0,0.07018809167286152,0.0882858841708187
2026-03-11,5325289.247276503,18.07727650232846,Crisis,0.0,0.08203164179737522,0.14929813654951335
2026-03-12,5267832.590780348,22.270780348102562,Crisis,0.0,0.11396207257054651,0.1899824003518958
2026-03-13,5259934.954561646,7.374561646225629,Crisis,0.0,0.13389465574839857,0.22032140151014795
2026-03-16,5248525.80593973,16.215939730245736,Crisis,0.0,0.155433605580593,0.2423485882946491
2026-03-17,5257710.200074108,23.83007410855498,Crisis,0.0,0.17782456324557822,0.258830459922119
2026-03-18,5281546.361445616,12.941445616394049,Crisis,0.0,0.20245107149023178,0.2728076297947691
2026-03-19,5239823.032483819,4.592483818792971,Crisis,0.0,0.22473915296368105,0.2846627126116812
2026-03-20,5255200.111013186,29.611013186367927,Crisis,0.0,0.24347872069010723,0.29801921851421953
2026-03-23,5165727.707718742,30.42771874195023,Crisis,0.0,0.2613862279234012,0.31023520657482456
2026-03-24,5215496.2229735805,23.782973579960526,Crisis,0.0,0.28005497992044065,0.3203675850602671
2026-03-25,5286741.495411808,8.675411807489581,Crisis,0.0,0.2940647885562829,0.33063204614094355
2026-03-26,5245713.408652667,2.8786526679905364,Crisis,0.0,0.31033202792108316,0.3410562665589823
2026-03-27,5225493.3247754285,27.404775428265566,Crisis,0.0,0.32498174133118457,0.3410562665589823
2026-03-30,5190164.787663464,14.087663464604702,Crisis,0.0,0.33435476925988544,0.3490288768268729
2026-03-31,5203449.127663464,14.087663464604702,Crisis,0.0,0.3367302239364416,0.3490288768268729
2026-04-01,5261040.697663465,14.087663464604702,Crisis,0.0,0.334141942825254,0.3385132133898116
2026-04-02,5254863.757663464,14.087663464604702,Crisis,0.0,0.3333356678268764,0.3419795163200816
2026-04-07,5283560.217663464,14.087663464604702,Crisis,0.0,0.3338109262204948,0.3419795163200816
2026-04-08,5306710.537663464,14.087663464604702,Crisis,0.0,0.3344325241416716,0.3396847198084479
2026-04-09,5346976.457663464,14.087663464604702,Crisis,0.0,0.3305392559690298,0.3283457323217215
2026-04-10,5329641.343180174,8815.733180174766,Sideways,0.0,0.3299659858444904,0.2608437752852159
2026-04-13,5302300.5215281965,316736.7815281967,Sideways,0.0,0.27765124478001,0.21244204866638214
2026-04-14,5373691.205307735,328319.445307735,Sideways,0.0,0.22692119130246308,0.1768088749021538
2026-04-15,5447171.5957252225,268025.70572522306,Sideways,0.0,0.1873948382314725,0.14929546480140593
2026-04-16,5454272.54814254,211783.73814254004,Sideways,0.0,0.1581961485026712,0.12795277878767475
2026-04-17,5454423.387493339,176816.7674933392,Sideways,0.0,0.13450716379704505,0.10744611544677843
2026-04-20,5449854.79432201,139665.52432201034,Sideways,0.0,0.11451510976956956,0.09205589314133392
2026-04-21,5407660.83850912,106183.87850912023,Sideways,0.0,0.09881671132084605,0.0837835206339675
2026-04-22,5406796.766044404,85367.14604440455,Sideways,0.0,0.08740073660022586,0.07908252655627121
2026-04-23,5399334.262996308,54915.39299630714,Sideways,0.0,0.07996821440730559,0.07908252655627121
2026-04-24,5406910.302996308,54915.39299630714,Sideways,0.0,0.0797108396196552,0.07908252655627121
2026-04-27,5454471.077938953,29298.967938952825,Sideways,0.0,0.07826478569601425,0.07908252655627121
2026-04-28,5304574.427938953,29298.967938952825,Sideways,0.0,0.08047639180092825,0.07908252655627121
2026-04-29,5289827.896020781,40121.74602078223,Sideways,0.0,0.07994466139779656,0.07908252655627121
2026-04-30,5202877.096020781,40121.74602078223,Sideways,0.0,0.08083613974307881,0.07908252655627121
2026-05-04,5221886.046020782,40121.74602078223,Sideways,0.0,0.08073874004226445,0.07908252655627121
2026-05-05,5267763.2441304745,40712.01413047514,Sideways,0.0,0.07844828266730745,0.07908252655627121
2026-05-06,5296535.2841304755,40712.01413047514,Sideways,0.0,0.07845213856027697,0.07908252655627121
2026-05-07,5357201.614130475,40712.01413047514,Bull,0.0,0.07758734502424812,0.06365815842463322
2026-05-08,5370886.1099391,66256.75993910097,Bull,0.0,0.06670854541804137,0.051182923705618534
2026-05-11,5362978.504342604,64533.384342604026,Bull,0.0,0.05524885467284198,0.0415640689742257
2026-05-12,5285154.750752124,60163.200752123994,Bull,0.0,0.04559306422687214,0.0356304584437189
2026-05-13,5304120.432310472,57631.44231047228,Bull,0.0,0.038009136966782806,0.0356304584437189
2026-05-14,5293725.302310471,57631.44231047228,Bull,0.0,0.03811864962315441,0.0356304584437189
2026-05-15,5273582.222310472,57631.44231047228,Bull,0.0,0.03806586709708109,0.0356304584437189
2026-05-18,5223463.512310472,57631.44231047228,Bull,0.0,0.038266165644485775,0.0356304584437189
2026-05-19,5278023.98306067,16180.64306067044,Sideways,0.0,0.03590877771837919,0.042282038861254805
2026-05-20,5226674.99306067,16180.64306067044,Sideways,0.0,0.03607170911723294,0.04809157503952193
2026-05-21,5248867.333310931,23767.183310931192,Sideways,0.0,0.04512757419048458,0.04809157503952193
2026-05-22,5242482.583310932,23767.183310931192,Sideways,0.0,0.045419092236567905,0.04809157503952193
2026-05-25,5160570.333310932,23767.183310931192,Sideways,0.0,0.046323784884184524,0.060353649183103375
2026-05-26,5124648.175566766,30921.235566765958,Sideways,0.0,0.057419012958378715,0.07260858286915217
2026-05-27,5129872.363381626,5658.893381626745,Sideways,0.0,0.06878220255901343,0.07260858286915217
2026-05-28,5129014.123381627,5658.893381626745,Sideways,0.0,0.06862638150973373,0.07260858286915217
2026-05-29,5207283.123381627,5658.893381626745,Sideways,0.0,0.06810992826709943,0.07260858286915217
2026-06-01,5429421.273381626,5658.893381626745,Bull,0.0,0.06512570349505578,0.059482437084661374
2026-06-02,5536979.833381627,5658.893381626745,Bull,0.0,0.06438373458591382,0.048736422659626154
2026-06-03,5724763.576579067,64845.64657906725,Bull,0.0,0.05073991722354722,0.03698033032420522
2026-06-04,5826798.532248055,58893.42224805392,Bull,0.0,0.03969006457320819,0.02773524774315391
2026-06-05,5593579.900406891,52181.5204068911,Bull,0.0,0.032096972457109275,0.02773524774315391
2026-06-08,5442203.830406891,52181.5204068911,Sideways,0.0,0.03287044469016614,0.04030405241057826
2026-06-09,5699639.913926408,13360.093926407455,Sideways,0.0,0.03657148927789114,0.040285970354091705
2026-06-10,5669502.201795263,46150.201795263485,Sideways,0.0,0.039722482148201246,0.04166885166165436
2026-06-11,5694053.771361345,60132.521361345105,Sideways,0.0,0.041114750474867505,0.044102028462665394
2026-06-12,5741475.845011861,67958.95501186112,Sideways,0.0,0.043317092453863,0.044102028462665394
2026-06-15,5835832.145011862,67958.95501186112,Sideways,0.0,0.042744279444914185,0.044102028462665394
2026-06-16,5918938.584966368,27798.744966367838,Sideways,0.0,0.04292731481373256,0.044102028462665394
2026-06-17,5987585.834966368,27798.744966367838,Sideways,0.0,0.04249879617824791,0.044102028462665394
2026-06-18,6022747.914966368,27798.744966367838,Sideways,0.0,0.04247844565505588,0.0465996751382588
2026-06-22,5965071.164966368,27798.744966367838,Sideways,0.0,0.042761412721794095,0.0465996751382588
2026-06-23,5968369.014966369,27798.744966367838,Sideways,0.0,0.04261009487889934,0.0465996751382588
2026-06-24,5888077.164966368,27798.744966367838,Sideways,0.0,0.04345000291813623,0.051838524688384124
2026-06-25,6037104.184966369,27798.744966367838,Sideways,0.0,0.042718268908164735,0.05682986241299963
2026-06-26,5913802.967727545,34363.08772754443,Sideways,0.0,0.054460696739066276,0.06332670231410603
2026-06-29,5950624.249628989,31522.699628989634,Sideways,0.0,0.060749861667461005,0.06332670231410603
2026-06-30,6006463.649628989,31522.699628989634,Sideways,0.0,0.06034497520390198,0.06961570516853445
2026-07-01,5923081.999628989,31522.699628989634,Crisis,0.0,0.06049191958214375,0.13356300687952133
2026-07-02,5891489.822024225,1.9420242250780575,Sideways,0.0,0.107829886699478,0.1220556206969994
2026-07-03,5954348.112024225,1.9420242250780575,Sideways,0.0,0.10704115849607666,0.11321852075633418
2026-07-06,6029358.238832196,58644.06883219642,Sideways,0.0,0.11064460653597043,0.10487876353346148
2026-07-07,6084579.637298243,71949.43729824308,Sideways,0.0,0.10507815463220654,0.09707291482331891
2026-07-08,6132063.324066114,62233.994066113606,Sideways,742.8099627,0.09716945969254896,0.09509932838680454
2026-07-09,6057165.764291356,64929.42429135573,Sideways,15131.80784,0.09686180184448699,0.09281859461731343
2026-07-13,6074836.33320265,27840.333202650007,Sideways,0.0,0.09291134263405539,0.09281859461731343
2026-07-14,6082529.77320265,27840.333202650007,Sideways,0.0,0.09256954934780898,0.09281859461731343
2026-07-15,6026463.16320265,27840.333202650007,Sideways,0.0,0.0936288275095238,0.09281859461731343
2026-07-16,6106445.25320265,27840.333202650007,Sideways,0.0,0.09287719720446963,0.09281859461731343
2026-07-17,6173518.34320265,27840.333202650007,Crisis,0.0,0.0920614677731984,0.15404329748085743
2026-07-20,6170679.953582251,31.233582251996268,Sideways,0.0,0.12602959898260974,0.13608566562801008
2026-07-21,6245652.021081888,30657.121081887486,Crisis,1675.2,0.12935701465161842,0.18146451733041424
2026-07-22,6265201.546038216,15.426038215722656,Crisis,0.0,0.15613913021179493,0.21380720530553343
2026-07-23,6254016.228256039,0.14825603883946314,Crisis,0.0,0.18501891229064907,0.23558914230060304
2026-07-24,6222892.70384534,20.20384534020559,Crisis,0.0,0.21031591934587976,0.2494985843034081
2026-07-27,6305191.549514874,32.049514873709995,Crisis,0.0,0.22815170462357837,0.25859579165075874
2026-07-28,6299760.077413007,13.917413006856805,Crisis,0.0,0.24277465192421366,0.2681214707752095
2026-07-29,6330454.487986457,21.687986456541694,Crisis,0.0,0.24865167311244202,0.2790450690108663
2026-07-30,6388163.304971406,29.164971406804398,Crisis,0.0,0.2500995299786174,0.28743414684629043
2026-07-31,6483098.107548161,15.447548161071609,Crisis,0.0,0.25899117708015135,0.28743414684629043
2026-08-03,6403290.812378323,27.532378322357545,Crisis,0.0,0.2694873668183551,0.28743414684629043
2026-08-04,6380903.91698236,31.31698236016382,Crisis,0.0,0.27755207146851263,0.28743414684629043
2026-08-05,6436729.976982361,31.31698236016382,Crisis,0.0,0.27735621447289,0.28743414684629043
2026-08-06,6438121.76698236,31.31698236016382,Crisis,0.0,0.27721122162567047,0.28743414684629043
2026-08-07,6463249.92698236,31.31698236016382,Crisis,0.0,0.2741005809792562,0.28743414684629043
2026-08-10,6434595.154185139,0.9441851387418865,Crisis,0.0,0.27970177872486807,0.28743414684629043
2026-08-11,6368296.974185139,0.9441851387418865,Crisis,0.0,0.2805221611431817,0.28743414684629043
2026-08-12,6331892.944185139,0.9441851387418865,Crisis,0.0,0.282222617430872,0.28743414684629043
2026-08-13,6149997.344185139,105661.44418513874,Crisis,105660.5,0.2905697840161871,0.2881791654683132
2026-08-14,6154368.958028687,25504.45802868652,Crisis,0.0,0.2879466866685278,0.2920428038857332
2026-08-17,6158275.433630254,4969.393630253966,Crisis,0.0,0.288568911727357,0.2908859201587386
2026-08-18,6174577.094458277,14.694458276590787,Crisis,0.0,0.28474780913789116,0.2908859201587386
2026-08-19,6145979.944458277,14.694458276590787,Crisis,0.0,0.2877960660439327,0.28920443690963965
2026-08-20,6154217.994458277,14.694458276590787,Crisis,0.0,0.29076228720063607,0.2871182554996743
2026-08-21,6196552.945257303,75109.0152573039,Crisis,0.0,0.2837494483680217,0.2871182554996743
2026-08-24,6169165.448762887,998.2187628865559,Crisis,0.0,0.2872723295750462,0.2871182554996743
2026-08-25,6212424.688762886,998.2187628865559,Crisis,0.0,0.2859893936764651,0.2871182554996743
2026-08-26,6204748.308762887,998.2187628865559,Sideways,0.0,0.28849819540172533,0.23125055493320817
2026-08-27,6181531.362290021,330800.67229002144,Sideways,0.0,0.24641056572035486,0.19146483421739524
2026-08-28,6263544.459267362,336874.6992673625,Bull,0.0,0.20132044534852636,0.14884985016681787
2026-08-31,6346305.5869986545,286195.5569986541,Bull,0.0,0.16000885335246548,0.11245810655459285
2026-09-01,6390168.823555228,262873.56355522876,Bull,0.0,0.12260664493119063,0.08434357991594463
2026-09-02,6474812.65729038,210341.92729038117,Bull,0.0,0.09262526373249218,0.06325768493695846
2026-09-03,6551576.370493866,158846.1804938656,Bull,0.0,0.06995028586768255,0.04744326370271885
2026-09-04,6576847.032610974,150223.17261097417,Bull,0.0,0.05292006310534898,0.03558244777703914
